{"type":"FeatureCollection","features":[{"type":"Feature","properties":{"zcta5":"18814","AFFGEOID10":"8600000US18814","GEOID10":"18814","ALAND10":1511365,"AWATER10":37247,"county_name":"Bradford","state_code":"PA","county_state":"Bradford County, PA","county_fips":"42015","risk_level_county":"Medium Risk (70–79% vaccinated)","mean_vaccination_rate_county":72.76,"risk_level_zcta":"Lower Risk (80–84% vaccinated)","mean_vaccination_rate_zips":82.38,"cases":134},"geometry":{"type":"Polygon","coordinates":[[[-76.615382,41.785652],[-76.612173,41.775845],[-76.609629,41.776181],[-76.606881,41.775161],[-76.602969,41.776488],[-76.598219,41.779653],[-76.59542,41.78039],[-76.595619,41.781388],[-76.59754,41.787282],[-76.615382,41.785652]]]}},{"type":"Feature","properties":{"zcta5":"18848","AFFGEOID10":"8600000US18848","GEOID10":"18848","ALAND10":274437417,"AWATER10":6616832,"county_name":"Bradford","state_code":"PA","county_state":"Bradford County, PA","county_fips":"42015","risk_level_county":"Medium Risk (70–79% vaccinated)","mean_vaccination_rate_county":72.76,"risk_level_zcta":"Medium Risk (70–79% vaccinated)","mean_vaccination_rate_zips":72.35,"cases":134},"geometry":{"type":"Polygon","coordinates":[[[-76.611791,41.774139],[-76.608718,41.75804],[-76.610681,41.754322],[-76.614628,41.751804],[-76.617377,41.751172],[-76.620059,41.749642],[-76.625484,41.750046],[-76.630188,41.749021],[-76.630015,41.745928],[-76.617205,41.750136],[-76.617045,41.748066],[-76.613587,41.745109],[-76.60402,41.745601],[-76.603682,41.74416],[-76.594144,41.744722],[-76.592674,41.729351],[-76.590019,41.727413],[-76.585665,41.725314],[-76.585229,41.724187],[-76.588374,41.719709],[-76.560922,41.721228],[-76.560159,41.719895],[-76.562417,41.71913],[-76.567547,41.714881],[-76.565837,41.711722],[-76.557578,41.713587],[-76.556688,41.709442],[-76.555608,41.708244],[-76.55388,41.704003],[-76.552539,41.703998],[-76.550959,41.705813],[-76.550711,41.707808],[-76.548988,41.709521],[-76.544853,41.712241],[-76.542192,41.715422],[-76.537065,41.719693],[-76.53209,41.722762],[-76.499801,41.72452],[-76.484683,41.724639],[-76.481083,41.723131],[-76.478926,41.722555],[-76.476695,41.71964],[-76.475683,41.722033],[-76.47314,41.7213],[-76.470916,41.720678],[-76.470335,41.712698],[-76.470373,41.712519],[-76.468781,41.711251],[-76.468721,41.709699],[-76.469635,41.70898],[-76.468886,41.707505],[-76.467537,41.706868],[-76.466041,41.703805],[-76.463923,41.700342],[-76.465064,41.698047],[-76.464807,41.696614],[-76.46118,41.693013],[-76.460733,41.691718],[-76.462175,41.690416],[-76.462665,41.687359],[-76.460863,41.686063],[-76.459858,41.68356],[-76.459762,41.681622],[-76.46089,41.680562],[-76.461599,41.678196],[-76.459392,41.677034],[-76.45846,41.669376],[-76.457864,41.667244],[-76.45448,41.664257],[-76.454433,41.663464],[-76.451731,41.661048],[-76.447653,41.657979],[-76.446547,41.65507],[-76.446679,41.653983],[-76.445332,41.651908],[-76.445471,41.650486],[-76.444058,41.648345],[-76.443609,41.649876],[-76.442312,41.647843],[-76.421776,41.665247],[-76.397988,41.654997],[-76.396178,41.654315],[-76.391703,41.652391],[-76.362383,41.673757],[-76.364707,41.677429],[-76.364563,41.680009],[-76.362597,41.681886],[-76.361592,41.680541],[-76.355854,41.681618],[-76.355084,41.683306],[-76.346992,41.684116],[-76.341415,41.688067],[-76.341308,41.684951],[-76.335624,41.685186],[-76.33344,41.691241],[-76.330744,41.694212],[-76.331953,41.694764],[-76.327885,41.697644],[-76.329012,41.700376],[-76.329543,41.703405],[-76.330289,41.70376],[-76.330421,41.706143],[-76.328227,41.709732],[-76.325379,41.712778],[-76.32147,41.715545],[-76.316972,41.718105],[-76.312201,41.720119],[-76.306375,41.723544],[-76.302641,41.726864],[-76.301478,41.730351],[-76.301657,41.732176],[-76.302754,41.735455],[-76.304029,41.737669],[-76.30794,41.740798],[-76.311949,41.742966],[-76.314629,41.743513],[-76.320797,41.743142],[-76.326087,41.741772],[-76.33267,41.738724],[-76.337172,41.735427],[-76.340992,41.733456],[-76.345681,41.732284],[-76.351341,41.732357],[-76.354973,41.732793],[-76.3575,41.733538],[-76.362989,41.736467],[-76.365946,41.73849],[-76.367356,41.738835],[-76.369679,41.740769],[-76.371726,41.743541],[-76.371726,41.746778],[-76.372628,41.750554],[-76.373445,41.758565],[-76.372908,41.761857],[-76.372216,41.76299],[-76.370978,41.767429],[-76.371099,41.768961],[-76.373171,41.771592],[-76.375266,41.772296],[-76.378975,41.772517],[-76.383197,41.772255],[-76.390354,41.772795],[-76.393165,41.771297],[-76.395774,41.767712],[-76.396628,41.768431],[-76.397659,41.767308],[-76.400958,41.769681],[-76.406517,41.769134],[-76.408578,41.76696],[-76.410236,41.766252],[-76.412017,41.767515],[-76.414371,41.76718],[-76.415247,41.771001],[-76.405772,41.773049],[-76.399452,41.774125],[-76.400396,41.778208],[-76.404045,41.781532],[-76.402697,41.785233],[-76.403409,41.788822],[-76.405148,41.794952],[-76.40234,41.797729],[-76.401253,41.800097],[-76.399849,41.801571],[-76.397998,41.799985],[-76.393407,41.798525],[-76.394668,41.800403],[-76.39383,41.804836],[-76.394716,41.80608],[-76.397194,41.806888],[-76.394356,41.806273],[-76.392875,41.805131],[-76.391805,41.80344],[-76.389076,41.802758],[-76.389016,41.803905],[-76.387283,41.806622],[-76.387795,41.808039],[-76.387361,41.809883],[-76.38532,41.810689],[-76.384129,41.813818],[-76.382892,41.818321],[-76.38336,41.822163],[-76.38562,41.825089],[-76.386634,41.827298],[-76.387295,41.830654],[-76.389251,41.833543],[-76.389453,41.84062],[-76.390417,41.841774],[-76.390604,41.843604],[-76.394473,41.847404],[-76.394645,41.851331],[-76.390353,41.851494],[-76.390723,41.854907],[-76.392453,41.857935],[-76.399585,41.857725],[-76.399273,41.859194],[-76.397642,41.862084],[-76.397769,41.864349],[-76.398833,41.865614],[-76.399109,41.867444],[-76.400543,41.868589],[-76.402611,41.872295],[-76.406614,41.872912],[-76.411822,41.871917],[-76.410773,41.856902],[-76.4152,41.856659],[-76.414744,41.84895],[-76.413926,41.847713],[-76.412866,41.843269],[-76.412054,41.841776],[-76.412843,41.838888],[-76.414158,41.837565],[-76.420925,41.83212],[-76.423565,41.832777],[-76.423273,41.836548],[-76.424444,41.840068],[-76.427121,41.842916],[-76.431512,41.842671],[-76.433132,41.844345],[-76.432832,41.841716],[-76.436196,41.841081],[-76.43745,41.83843],[-76.441816,41.83762],[-76.452665,41.840356],[-76.455387,41.843532],[-76.455563,41.844557],[-76.461851,41.849142],[-76.461853,41.84509],[-76.46255,41.843525],[-76.465368,41.841713],[-76.465873,41.838095],[-76.470035,41.83894],[-76.480264,41.839993],[-76.481556,41.838728],[-76.487123,41.837734],[-76.488047,41.838003],[-76.489096,41.842422],[-76.48911,41.844538],[-76.488306,41.845947],[-76.489061,41.847349],[-76.489071,41.850197],[-76.495903,41.849171],[-76.496043,41.844589],[-76.496747,41.837568],[-76.499901,41.830871],[-76.50029,41.827421],[-76.499617,41.821686],[-76.498474,41.817875],[-76.494186,41.809516],[-76.49576,41.808731],[-76.490326,41.80617],[-76.491683,41.804428],[-76.497601,41.805315],[-76.499966,41.804157],[-76.502576,41.805071],[-76.505119,41.803772],[-76.509568,41.804945],[-76.51212,41.806917],[-76.516411,41.809537],[-76.519536,41.809587],[-76.52358,41.809117],[-76.527049,41.81195],[-76.528002,41.813224],[-76.528023,41.81602],[-76.528785,41.814208],[-76.535402,41.81099],[-76.530183,41.807788],[-76.528306,41.806082],[-76.515437,41.80323],[-76.509955,41.801188],[-76.520683,41.795542],[-76.5311,41.79551],[-76.533218,41.798349],[-76.533584,41.800622],[-76.532945,41.802504],[-76.533538,41.805172],[-76.536231,41.80654],[-76.535804,41.808297],[-76.536866,41.810226],[-76.538578,41.808744],[-76.541588,41.805196],[-76.544734,41.805828],[-76.549378,41.805681],[-76.548672,41.794537],[-76.549105,41.79293],[-76.552149,41.790097],[-76.552916,41.78874],[-76.553666,41.783484],[-76.556531,41.782919],[-76.55941,41.783504],[-76.563252,41.783445],[-76.565974,41.782107],[-76.567382,41.782734],[-76.568813,41.784491],[-76.56941,41.787148],[-76.570748,41.787235],[-76.574714,41.786059],[-76.577095,41.786396],[-76.581532,41.785028],[-76.584077,41.787091],[-76.585738,41.78731],[-76.584549,41.784015],[-76.590445,41.78195],[-76.595619,41.781388],[-76.59542,41.78039],[-76.598219,41.779653],[-76.602969,41.776488],[-76.604524,41.77528],[-76.611791,41.774139]]]}},{"type":"Feature","properties":{"zcta5":"18850","AFFGEOID10":"8600000US18850","GEOID10":"18850","ALAND10":155896925,"AWATER10":2053331,"county_name":"Bradford","state_code":"PA","county_state":"Bradford County, PA","county_fips":"42015","risk_level_county":"Medium Risk (70–79% vaccinated)","mean_vaccination_rate_county":72.76,"risk_level_zcta":"Medium Risk (70–79% vaccinated)","mean_vaccination_rate_zips":77.45,"cases":134},"geometry":{"type":"MultiPolygon","coordinates":[[[[-76.360113,41.920667],[-76.362803,41.920421],[-76.362511,41.919713],[-76.362108,41.917311],[-76.361723,41.916642],[-76.362093,41.916406],[-76.362151,41.914968],[-76.362459,41.914529],[-76.361356,41.91319],[-76.360618,41.909962],[-76.358601,41.909071],[-76.355619,41.905099],[-76.354993,41.902436],[-76.357008,41.901035],[-76.353926,41.894956],[-76.353399,41.892647],[-76.354753,41.886593],[-76.35452,41.882745],[-76.349799,41.881375],[-76.344469,41.881929],[-76.340828,41.881667],[-76.335222,41.882234],[-76.333213,41.881996],[-76.333225,41.880835],[-76.334353,41.878303],[-76.333687,41.877295],[-76.334452,41.872034],[-76.33356,41.868851],[-76.332262,41.866772],[-76.326391,41.86813],[-76.324308,41.870169],[-76.321583,41.870093],[-76.31902,41.870977],[-76.315998,41.872911],[-76.320838,41.916197],[-76.321985,41.916891],[-76.323619,41.919469],[-76.32495,41.920594],[-76.327813,41.920764],[-76.33316,41.92052],[-76.338778,41.921081],[-76.342115,41.9218],[-76.344356,41.9218],[-76.345987,41.920807],[-76.34972,41.919712],[-76.349211,41.921661],[-76.356534,41.920993],[-76.356863,41.92024],[-76.359719,41.919823],[-76.360113,41.920667]]],[[[-76.416194,41.916091],[-76.415952,41.91755],[-76.415668,41.919564],[-76.418002,41.920554],[-76.421549,41.922804],[-76.420667,41.920913],[-76.41786,41.920023],[-76.416926,41.919057],[-76.417552,41.917191],[-76.416339,41.916098],[-76.416194,41.916091]]],[[[-76.416194,41.916091],[-76.416272,41.914066],[-76.42376,41.914014],[-76.439933,41.912952],[-76.445664,41.912771],[-76.444544,41.910932],[-76.444357,41.908482],[-76.44748,41.908053],[-76.448341,41.905811],[-76.455268,41.905798],[-76.45954,41.903507],[-76.4596,41.904566],[-76.457687,41.909182],[-76.45791,41.909918],[-76.463957,41.909821],[-76.468263,41.908832],[-76.47241,41.906049],[-76.477271,41.903635],[-76.478473,41.902619],[-76.478256,41.901325],[-76.483371,41.897329],[-76.484188,41.895395],[-76.485679,41.894039],[-76.488897,41.888424],[-76.490651,41.887034],[-76.491597,41.883879],[-76.492661,41.883208],[-76.497112,41.882619],[-76.500691,41.883057],[-76.5039,41.88392],[-76.507801,41.883082],[-76.507958,41.880184],[-76.508958,41.878856],[-76.509114,41.876984],[-76.507678,41.873927],[-76.505132,41.87162],[-76.507006,41.871066],[-76.506449,41.869608],[-76.500813,41.861922],[-76.499767,41.859222],[-76.497833,41.856556],[-76.496256,41.853395],[-76.495903,41.849171],[-76.489071,41.850197],[-76.489061,41.847349],[-76.488306,41.845947],[-76.48911,41.844538],[-76.489096,41.842422],[-76.488047,41.838003],[-76.487123,41.837734],[-76.481556,41.838728],[-76.480264,41.839993],[-76.470035,41.83894],[-76.465873,41.838095],[-76.465368,41.841713],[-76.46255,41.843525],[-76.461853,41.84509],[-76.461851,41.849142],[-76.455563,41.844557],[-76.455387,41.843532],[-76.452665,41.840356],[-76.441816,41.83762],[-76.43745,41.83843],[-76.436196,41.841081],[-76.432832,41.841716],[-76.433132,41.844345],[-76.431512,41.842671],[-76.427121,41.842916],[-76.424444,41.840068],[-76.423273,41.836548],[-76.423565,41.832777],[-76.420925,41.83212],[-76.414158,41.837565],[-76.412843,41.838888],[-76.412054,41.841776],[-76.412866,41.843269],[-76.413926,41.847713],[-76.414744,41.84895],[-76.4152,41.856659],[-76.410773,41.856902],[-76.411822,41.871917],[-76.412785,41.885756],[-76.409237,41.884845],[-76.406426,41.882063],[-76.405348,41.887909],[-76.405525,41.890744],[-76.401535,41.892428],[-76.399903,41.893724],[-76.398814,41.896034],[-76.394815,41.89908],[-76.391965,41.899716],[-76.402413,41.898281],[-76.40578,41.897159],[-76.410407,41.903015],[-76.410981,41.904165],[-76.410749,41.908952],[-76.411182,41.909746],[-76.414411,41.909634],[-76.414715,41.913824],[-76.391356,41.91453],[-76.391507,41.916878],[-76.392997,41.917462],[-76.396366,41.920766],[-76.405062,41.925465],[-76.406832,41.923776],[-76.408935,41.923541],[-76.41142,41.922597],[-76.412428,41.919869],[-76.41234,41.918041],[-76.415435,41.915829],[-76.416194,41.916091]]],[[[-76.633344,41.810116],[-76.630997,41.804322],[-76.628722,41.795268],[-76.626475,41.792261],[-76.623275,41.789975],[-76.616099,41.787642],[-76.615382,41.785652],[-76.59754,41.787282],[-76.595619,41.781388],[-76.590445,41.78195],[-76.584549,41.784015],[-76.585738,41.78731],[-76.584077,41.787091],[-76.581532,41.785028],[-76.577095,41.786396],[-76.574714,41.786059],[-76.570748,41.787235],[-76.56941,41.787148],[-76.568813,41.784491],[-76.567382,41.782734],[-76.565974,41.782107],[-76.563252,41.783445],[-76.55941,41.783504],[-76.556531,41.782919],[-76.553666,41.783484],[-76.552916,41.78874],[-76.552149,41.790097],[-76.549105,41.79293],[-76.548672,41.794537],[-76.549378,41.805681],[-76.544734,41.805828],[-76.541588,41.805196],[-76.538578,41.808744],[-76.536866,41.810226],[-76.535804,41.808297],[-76.536231,41.80654],[-76.533538,41.805172],[-76.532945,41.802504],[-76.533584,41.800622],[-76.533218,41.798349],[-76.5311,41.79551],[-76.520683,41.795542],[-76.509955,41.801188],[-76.515437,41.80323],[-76.528306,41.806082],[-76.530183,41.807788],[-76.535402,41.81099],[-76.528785,41.814208],[-76.528023,41.81602],[-76.528002,41.813224],[-76.527049,41.81195],[-76.52358,41.809117],[-76.519536,41.809587],[-76.516411,41.809537],[-76.51212,41.806917],[-76.509568,41.804945],[-76.505119,41.803772],[-76.502576,41.805071],[-76.499966,41.804157],[-76.497601,41.805315],[-76.491683,41.804428],[-76.490326,41.80617],[-76.49576,41.808731],[-76.494186,41.809516],[-76.498474,41.817875],[-76.499617,41.821686],[-76.50029,41.827421],[-76.499901,41.830871],[-76.496747,41.837568],[-76.496043,41.844589],[-76.495903,41.849171],[-76.499362,41.84884],[-76.501222,41.849161],[-76.501196,41.850551],[-76.502947,41.85509],[-76.502848,41.858972],[-76.503924,41.862868],[-76.506146,41.866505],[-76.509088,41.870471],[-76.515126,41.877925],[-76.516189,41.880566],[-76.516768,41.882487],[-76.518042,41.882353],[-76.525637,41.887437],[-76.526936,41.887831],[-76.527892,41.886595],[-76.530025,41.885472],[-76.533934,41.882613],[-76.536502,41.881463],[-76.539074,41.880955],[-76.545918,41.881297],[-76.546973,41.882079],[-76.547533,41.884158],[-76.548699,41.883621],[-76.553001,41.883907],[-76.554753,41.884709],[-76.553571,41.862389],[-76.556636,41.865872],[-76.560436,41.871545],[-76.561597,41.867301],[-76.562699,41.865901],[-76.563484,41.862909],[-76.564527,41.861476],[-76.564424,41.859939],[-76.562214,41.859407],[-76.560414,41.858293],[-76.561413,41.856788],[-76.560451,41.854878],[-76.560595,41.853159],[-76.563154,41.853026],[-76.56499,41.852412],[-76.574991,41.852166],[-76.595185,41.848433],[-76.599636,41.863298],[-76.602152,41.864457],[-76.603989,41.868779],[-76.610694,41.866902],[-76.613765,41.868028],[-76.615029,41.867982],[-76.617639,41.866755],[-76.618831,41.861813],[-76.623825,41.861498],[-76.622454,41.857627],[-76.621336,41.843676],[-76.619494,41.844061],[-76.618717,41.841391],[-76.618774,41.839454],[-76.616981,41.837226],[-76.616377,41.83548],[-76.617507,41.834206],[-76.617248,41.832203],[-76.616279,41.831577],[-76.6171,41.830776],[-76.617472,41.828014],[-76.618858,41.826443],[-76.620487,41.826838],[-76.623874,41.822538],[-76.625492,41.821003],[-76.625465,41.81878],[-76.628204,41.817085],[-76.630437,41.814385],[-76.630328,41.812409],[-76.633344,41.810116]]]]}},{"type":"Feature","properties":{"zcta5":"18853","AFFGEOID10":"8600000US18853","GEOID10":"18853","ALAND10":265109785,"AWATER10":6187581,"county_name":"Bradford","state_code":"PA","county_state":"Bradford County, PA","county_fips":"42015","risk_level_county":"Medium Risk (70–79% vaccinated)","mean_vaccination_rate_county":72.76,"risk_level_zcta":"Medium Risk (70–79% vaccinated)","mean_vaccination_rate_zips":79.17,"cases":134},"geometry":{"type":"Polygon","coordinates":[[[-76.396178,41.654315],[-76.395944,41.652953],[-76.396797,41.651129],[-76.398953,41.65055],[-76.401387,41.648438],[-76.400537,41.640347],[-76.409201,41.6378],[-76.410666,41.636815],[-76.406637,41.636711],[-76.403895,41.635699],[-76.394451,41.633316],[-76.389847,41.633489],[-76.386386,41.632122],[-76.381653,41.631283],[-76.381016,41.629907],[-76.375031,41.630075],[-76.375552,41.628159],[-76.37739,41.627193],[-76.378569,41.624684],[-76.378559,41.622018],[-76.372085,41.621733],[-76.370744,41.62304],[-76.368432,41.623768],[-76.366559,41.627211],[-76.36688,41.629883],[-76.365259,41.634188],[-76.363476,41.634274],[-76.3614,41.635712],[-76.359626,41.63855],[-76.356317,41.637734],[-76.354771,41.635901],[-76.353826,41.63348],[-76.354314,41.630257],[-76.350464,41.627805],[-76.350305,41.626759],[-76.348989,41.627091],[-76.342734,41.626495],[-76.3365,41.626621],[-76.333984,41.627351],[-76.330798,41.627322],[-76.328095,41.628102],[-76.32478,41.627944],[-76.318094,41.628245],[-76.314255,41.627789],[-76.307441,41.628518],[-76.30727,41.626894],[-76.305701,41.623506],[-76.306805,41.621903],[-76.309483,41.619602],[-76.311202,41.61975],[-76.311787,41.618422],[-76.310441,41.618202],[-76.308205,41.614999],[-76.3324,41.594441],[-76.331958,41.593913],[-76.328549,41.594626],[-76.326406,41.594143],[-76.322845,41.594896],[-76.320717,41.595873],[-76.318274,41.596077],[-76.31586,41.597362],[-76.314076,41.597268],[-76.311575,41.598778],[-76.307157,41.597219],[-76.304507,41.59525],[-76.302948,41.595305],[-76.299503,41.595361],[-76.298179,41.594697],[-76.29426,41.59542],[-76.291275,41.59699],[-76.289764,41.596898],[-76.286737,41.59785],[-76.283072,41.598027],[-76.282204,41.596667],[-76.280782,41.596714],[-76.27744,41.598354],[-76.274604,41.59852],[-76.272712,41.599082],[-76.269495,41.598683],[-76.267498,41.599021],[-76.261447,41.601415],[-76.262853,41.603563],[-76.269111,41.604971],[-76.27058,41.605903],[-76.277721,41.607147],[-76.278257,41.612517],[-76.281538,41.612821],[-76.282689,41.61754],[-76.280481,41.621639],[-76.277692,41.624735],[-76.274269,41.626344],[-76.273256,41.624724],[-76.267721,41.625387],[-76.263532,41.625017],[-76.261791,41.623919],[-76.262911,41.623129],[-76.262584,41.620652],[-76.261217,41.619016],[-76.255568,41.619337],[-76.252787,41.620522],[-76.248851,41.623121],[-76.247993,41.621167],[-76.244978,41.620263],[-76.242417,41.62038],[-76.239907,41.619826],[-76.238574,41.618878],[-76.236555,41.620203],[-76.237978,41.620687],[-76.241611,41.620703],[-76.244301,41.621959],[-76.244906,41.623172],[-76.243249,41.625785],[-76.246159,41.62816],[-76.252839,41.629529],[-76.255796,41.630952],[-76.258999,41.629393],[-76.26235,41.62867],[-76.263884,41.627464],[-76.270489,41.625806],[-76.27236,41.626064],[-76.27334,41.628525],[-76.270812,41.641257],[-76.272614,41.642151],[-76.269257,41.643192],[-76.267747,41.642726],[-76.265166,41.643295],[-76.262444,41.644627],[-76.265095,41.651622],[-76.261849,41.65382],[-76.258523,41.651063],[-76.25452,41.64973],[-76.250097,41.647517],[-76.242034,41.645156],[-76.239685,41.645003],[-76.237773,41.645706],[-76.23433,41.646236],[-76.230854,41.647633],[-76.228987,41.648798],[-76.225314,41.654429],[-76.223478,41.658002],[-76.219617,41.663914],[-76.218221,41.665256],[-76.212858,41.669379],[-76.209995,41.671089],[-76.203942,41.673377],[-76.204072,41.6758],[-76.196023,41.675882],[-76.194394,41.675385],[-76.183573,41.670098],[-76.181916,41.66882],[-76.182959,41.669802],[-76.185662,41.671201],[-76.185248,41.672068],[-76.182131,41.673079],[-76.181971,41.675634],[-76.175224,41.681911],[-76.17542,41.683376],[-76.173688,41.684495],[-76.180336,41.69493],[-76.18189,41.699519],[-76.170591,41.695418],[-76.1698,41.697047],[-76.170273,41.699274],[-76.170008,41.70152],[-76.171219,41.706203],[-76.173396,41.708165],[-76.1738,41.712843],[-76.175017,41.712875],[-76.175912,41.718877],[-76.171886,41.721075],[-76.171877,41.722631],[-76.174544,41.724871],[-76.176516,41.725031],[-76.179285,41.728285],[-76.187506,41.728169],[-76.191712,41.733967],[-76.189675,41.736741],[-76.191126,41.739325],[-76.189673,41.743825],[-76.187605,41.746911],[-76.17801,41.747284],[-76.17461,41.753039],[-76.173074,41.757606],[-76.173652,41.758158],[-76.178047,41.758433],[-76.178753,41.759312],[-76.183062,41.758223],[-76.185903,41.756095],[-76.185813,41.756839],[-76.187491,41.758015],[-76.188256,41.760144],[-76.187699,41.761892],[-76.189339,41.763177],[-76.189553,41.767048],[-76.18872,41.769101],[-76.186071,41.772555],[-76.182839,41.773557],[-76.180809,41.775227],[-76.181901,41.776582],[-76.191363,41.771508],[-76.196338,41.774014],[-76.199268,41.773382],[-76.201534,41.771751],[-76.20555,41.764414],[-76.204981,41.761973],[-76.203685,41.760131],[-76.203349,41.756608],[-76.203834,41.752645],[-76.204944,41.751166],[-76.203905,41.748153],[-76.207673,41.747659],[-76.205217,41.752502],[-76.206112,41.754313],[-76.205431,41.757959],[-76.206247,41.763641],[-76.207816,41.76475],[-76.210742,41.765194],[-76.211854,41.784365],[-76.211586,41.785172],[-76.208932,41.787857],[-76.207054,41.789033],[-76.205228,41.791465],[-76.204524,41.793194],[-76.203204,41.793908],[-76.201803,41.796868],[-76.206616,41.798908],[-76.208559,41.800619],[-76.209531,41.804194],[-76.20827,41.806652],[-76.206976,41.811173],[-76.207561,41.820449],[-76.206512,41.822307],[-76.198703,41.820443],[-76.196576,41.820133],[-76.191966,41.816929],[-76.18824,41.811871],[-76.187155,41.813685],[-76.185382,41.817455],[-76.185101,41.819945],[-76.186487,41.828201],[-76.186619,41.832427],[-76.198303,41.837999],[-76.204019,41.841329],[-76.207698,41.841867],[-76.210671,41.843832],[-76.212439,41.846309],[-76.216284,41.849455],[-76.219916,41.85102],[-76.223176,41.852991],[-76.222593,41.838136],[-76.222693,41.840414],[-76.224483,41.842209],[-76.228405,41.842653],[-76.240512,41.846239],[-76.247097,41.847729],[-76.247172,41.852032],[-76.244341,41.854839],[-76.24242,41.857842],[-76.246731,41.856688],[-76.25041,41.854816],[-76.252527,41.85294],[-76.254722,41.852672],[-76.254731,41.8517],[-76.259301,41.846491],[-76.259502,41.844154],[-76.26149,41.839414],[-76.26389,41.837517],[-76.263937,41.835793],[-76.27084,41.835519],[-76.276809,41.83602],[-76.283114,41.835987],[-76.289077,41.836641],[-76.291718,41.835533],[-76.29324,41.831222],[-76.293567,41.827683],[-76.292951,41.824854],[-76.29155,41.8223],[-76.311672,41.821462],[-76.314878,41.807514],[-76.311374,41.807638],[-76.31262,41.804581],[-76.30622,41.805008],[-76.303105,41.804956],[-76.302833,41.800386],[-76.3035,41.798949],[-76.302765,41.790057],[-76.302243,41.786182],[-76.302365,41.784049],[-76.304306,41.784866],[-76.306178,41.787125],[-76.309198,41.789355],[-76.314259,41.790457],[-76.318867,41.790967],[-76.319452,41.791615],[-76.322976,41.791289],[-76.322389,41.783728],[-76.321096,41.778888],[-76.321239,41.775465],[-76.322479,41.77291],[-76.326081,41.768029],[-76.325784,41.763588],[-76.326012,41.760633],[-76.323922,41.758994],[-76.322809,41.757269],[-76.322229,41.751255],[-76.320612,41.750766],[-76.32172,41.74902],[-76.320727,41.745175],[-76.315172,41.745256],[-76.308779,41.744476],[-76.307849,41.744088],[-76.30568,41.742484],[-76.302578,41.739234],[-76.300684,41.735665],[-76.299936,41.732546],[-76.301478,41.730351],[-76.302641,41.726864],[-76.306375,41.723544],[-76.312201,41.720119],[-76.316972,41.718105],[-76.32147,41.715545],[-76.325379,41.712778],[-76.328227,41.709732],[-76.330421,41.706143],[-76.330289,41.70376],[-76.329543,41.703405],[-76.329012,41.700376],[-76.327885,41.697644],[-76.331953,41.694764],[-76.330744,41.694212],[-76.33344,41.691241],[-76.335624,41.685186],[-76.341308,41.684951],[-76.341415,41.688067],[-76.346992,41.684116],[-76.355084,41.683306],[-76.355854,41.681618],[-76.361592,41.680541],[-76.362597,41.681886],[-76.364563,41.680009],[-76.364707,41.677429],[-76.362383,41.673757],[-76.391703,41.652391],[-76.396178,41.654315]],[[-76.234716,41.807873],[-76.234746,41.812572],[-76.23377,41.81581],[-76.230272,41.820591],[-76.228244,41.82017],[-76.219886,41.820939],[-76.216228,41.822957],[-76.213867,41.822833],[-76.212858,41.804994],[-76.221464,41.805952],[-76.226523,41.80785],[-76.231045,41.807319],[-76.234716,41.807873]]]}},{"type":"Feature","properties":{"zcta5":"18614","AFFGEOID10":"8600000US18614","GEOID10":"18614","ALAND10":357037461,"AWATER10":1844593,"county_name":"Bradford","state_code":"PA","county_state":"Bradford County, PA","county_fips":"42015","risk_level_county":"Medium Risk (70–79% vaccinated)","mean_vaccination_rate_county":72.76,"risk_level_zcta":"Medium Risk (70–79% vaccinated)","mean_vaccination_rate_zips":76.29,"cases":134},"geometry":{"type":"Polygon","coordinates":[[[-76.554363,41.548294],[-76.554339,41.547253],[-76.560557,41.541771],[-76.562271,41.53935],[-76.563214,41.537028],[-76.564233,41.536024],[-76.567421,41.529015],[-76.56871,41.527536],[-76.576638,41.520214],[-76.578112,41.519333],[-76.58424,41.51664],[-76.584593,41.514647],[-76.584576,41.509234],[-76.584225,41.508362],[-76.581632,41.506413],[-76.585787,41.505199],[-76.589707,41.501965],[-76.593299,41.500262],[-76.596166,41.499305],[-76.596521,41.497025],[-76.580773,41.490087],[-76.587936,41.487166],[-76.587245,41.484569],[-76.585684,41.482315],[-76.583525,41.480314],[-76.5808,41.480051],[-76.579318,41.482372],[-76.579094,41.48433],[-76.577894,41.484782],[-76.576631,41.48365],[-76.577213,41.480185],[-76.575619,41.478906],[-76.573754,41.479871],[-76.571902,41.480085],[-76.569164,41.481641],[-76.56718,41.481702],[-76.565958,41.478455],[-76.564716,41.478481],[-76.563853,41.480456],[-76.564546,41.482042],[-76.564736,41.486559],[-76.564125,41.488738],[-76.564451,41.491024],[-76.563706,41.493227],[-76.560177,41.494122],[-76.5587,41.495018],[-76.555242,41.494103],[-76.554344,41.492612],[-76.551228,41.491663],[-76.549274,41.492346],[-76.547422,41.492096],[-76.546602,41.4913],[-76.546951,41.48819],[-76.547649,41.486264],[-76.547397,41.484413],[-76.549849,41.481914],[-76.548739,41.482179],[-76.546093,41.484638],[-76.545113,41.484962],[-76.543111,41.487051],[-76.542922,41.487929],[-76.540907,41.489738],[-76.537189,41.492228],[-76.533199,41.493231],[-76.531562,41.492957],[-76.531216,41.492015],[-76.532141,41.49037],[-76.533686,41.489781],[-76.533919,41.488185],[-76.53515,41.485555],[-76.534213,41.481969],[-76.534174,41.477089],[-76.530799,41.476188],[-76.52829,41.472978],[-76.527848,41.469268],[-76.526679,41.467299],[-76.525487,41.466705],[-76.521399,41.467168],[-76.517876,41.468943],[-76.516461,41.469241],[-76.51505,41.471522],[-76.513914,41.47157],[-76.513507,41.470836],[-76.513453,41.467323],[-76.514704,41.465907],[-76.515591,41.463619],[-76.515135,41.462563],[-76.512749,41.461792],[-76.509867,41.462773],[-76.510951,41.461661],[-76.5096,41.460786],[-76.509763,41.458191],[-76.507947,41.456999],[-76.508243,41.453535],[-76.507343,41.452142],[-76.508017,41.449842],[-76.506542,41.447939],[-76.504495,41.447015],[-76.502815,41.445348],[-76.50218,41.443391],[-76.50122,41.443129],[-76.501092,41.44144],[-76.49926,41.439141],[-76.500656,41.437886],[-76.499462,41.436934],[-76.500206,41.436145],[-76.496673,41.434658],[-76.496162,41.433648],[-76.493586,41.432606],[-76.491176,41.430488],[-76.490076,41.430151],[-76.489236,41.431447],[-76.484162,41.435566],[-76.478674,41.437507],[-76.47778,41.436103],[-76.472258,41.435496],[-76.470329,41.435946],[-76.465439,41.431554],[-76.462855,41.432785],[-76.462482,41.434789],[-76.46854,41.437117],[-76.466367,41.438261],[-76.458968,41.43876],[-76.455211,41.439516],[-76.454012,41.438347],[-76.452079,41.43874],[-76.449467,41.437888],[-76.448462,41.435105],[-76.446419,41.433275],[-76.441863,41.43167],[-76.437359,41.425852],[-76.42711,41.420765],[-76.425502,41.420577],[-76.424647,41.419371],[-76.421382,41.417902],[-76.418113,41.417453],[-76.416972,41.418903],[-76.41567,41.422624],[-76.415575,41.424058],[-76.414287,41.424507],[-76.411603,41.423735],[-76.403834,41.425137],[-76.39915,41.424356],[-76.39717,41.423743],[-76.395752,41.424199],[-76.394777,41.425932],[-76.394989,41.42765],[-76.393537,41.431442],[-76.390251,41.434735],[-76.389328,41.43505],[-76.386896,41.433868],[-76.384702,41.434873],[-76.385136,41.437472],[-76.384748,41.439786],[-76.393823,41.443219],[-76.392655,41.468601],[-76.395363,41.469576],[-76.398678,41.470007],[-76.405146,41.471343],[-76.408194,41.470687],[-76.412303,41.471288],[-76.409661,41.472727],[-76.408923,41.475582],[-76.407842,41.476328],[-76.407681,41.478343],[-76.406051,41.481318],[-76.406247,41.485172],[-76.402749,41.485424],[-76.401165,41.486428],[-76.399025,41.486532],[-76.397482,41.487547],[-76.394274,41.487748],[-76.390212,41.487304],[-76.382744,41.489234],[-76.383358,41.491098],[-76.379118,41.492579],[-76.376427,41.494805],[-76.374031,41.498972],[-76.370373,41.497225],[-76.372622,41.492857],[-76.372489,41.491402],[-76.373459,41.490139],[-76.372473,41.489475],[-76.37263,41.486044],[-76.37148,41.482037],[-76.366025,41.480563],[-76.366312,41.479638],[-76.369239,41.47996],[-76.37443,41.476974],[-76.371126,41.476099],[-76.367499,41.475882],[-76.374392,41.474149],[-76.376997,41.47464],[-76.37564,41.471349],[-76.373872,41.47102],[-76.368298,41.461484],[-76.367811,41.461072],[-76.363827,41.461463],[-76.362275,41.460252],[-76.362881,41.457826],[-76.361999,41.457163],[-76.357042,41.456685],[-76.353181,41.457693],[-76.352057,41.459226],[-76.348884,41.460155],[-76.342181,41.469541],[-76.340368,41.468678],[-76.338671,41.470563],[-76.318073,41.472688],[-76.315141,41.472859],[-76.276125,41.476659],[-76.276983,41.471678],[-76.27513,41.469558],[-76.278409,41.466172],[-76.279162,41.46363],[-76.280578,41.462823],[-76.280827,41.461012],[-76.283492,41.459047],[-76.285112,41.459239],[-76.289047,41.456797],[-76.288653,41.454019],[-76.287041,41.453557],[-76.282471,41.456258],[-76.280423,41.455348],[-76.282914,41.453422],[-76.281183,41.449023],[-76.278842,41.450356],[-76.277508,41.447454],[-76.272306,41.445618],[-76.269709,41.445241],[-76.266071,41.441664],[-76.262159,41.438601],[-76.261039,41.440145],[-76.257608,41.438734],[-76.276784,41.391568],[-76.2831,41.376517],[-76.206499,41.37862],[-76.206064,41.381869],[-76.203579,41.386549],[-76.20233,41.388059],[-76.201824,41.392448],[-76.198856,41.39363],[-76.196692,41.397376],[-76.19437,41.39756],[-76.1886,41.39497],[-76.18447,41.39466],[-76.184892,41.396049],[-76.187911,41.398784],[-76.189267,41.401161],[-76.191805,41.403703],[-76.196487,41.405959],[-76.199835,41.40944],[-76.200703,41.410829],[-76.203096,41.413167],[-76.205678,41.414199],[-76.211872,41.417332],[-76.21533,41.420775],[-76.2146,41.42101],[-76.21315,41.42551],[-76.21174,41.42675],[-76.20957,41.42745],[-76.20899,41.42938],[-76.20496,41.43051],[-76.20462,41.43176],[-76.201081,41.431936],[-76.200716,41.434025],[-76.198148,41.435041],[-76.197054,41.436068],[-76.197455,41.43794],[-76.196515,41.439324],[-76.191838,41.441762],[-76.190882,41.444908],[-76.191897,41.447175],[-76.190026,41.447387],[-76.18739,41.448746],[-76.188774,41.449174],[-76.189248,41.448037],[-76.191335,41.449009],[-76.194509,41.449058],[-76.195984,41.450381],[-76.198239,41.451451],[-76.201165,41.45222],[-76.203048,41.452049],[-76.206361,41.452609],[-76.20804,41.453651],[-76.20612,41.4555],[-76.20227,41.45586],[-76.20083,41.45699],[-76.1993,41.45702],[-76.19603,41.45509],[-76.19352,41.45893],[-76.19322,41.46325],[-76.19462,41.46556],[-76.19489,41.46697],[-76.19676,41.46892],[-76.20215,41.46954],[-76.203424,41.47078],[-76.20993,41.472276],[-76.212005,41.474103],[-76.211523,41.474881],[-76.210099,41.474931],[-76.206653,41.473905],[-76.201171,41.473703],[-76.198543,41.47271],[-76.193827,41.474297],[-76.190695,41.474061],[-76.188184,41.474588],[-76.186928,41.47556],[-76.184548,41.476252],[-76.185753,41.478777],[-76.237192,41.476298],[-76.23866,41.47743],[-76.241897,41.477353],[-76.228131,41.511137],[-76.223866,41.524544],[-76.220139,41.541285],[-76.276682,41.546298],[-76.505544,41.564407],[-76.506281,41.563713],[-76.503554,41.562238],[-76.495329,41.559176],[-76.492685,41.560576],[-76.492316,41.557829],[-76.49471,41.554118],[-76.49531,41.55211],[-76.494828,41.549278],[-76.497955,41.549689],[-76.509846,41.554163],[-76.511326,41.556492],[-76.517059,41.558669],[-76.520178,41.555553],[-76.522213,41.552184],[-76.520872,41.551031],[-76.521387,41.548988],[-76.524565,41.544981],[-76.530845,41.54713],[-76.535543,41.544847],[-76.539342,41.546184],[-76.541544,41.545628],[-76.546962,41.547065],[-76.548842,41.548145],[-76.554363,41.548294]]]}},{"type":"Feature","properties":{"zcta5":"18830","AFFGEOID10":"8600000US18830","GEOID10":"18830","ALAND10":62508577,"AWATER10":692793,"county_name":"Bradford","state_code":"PA","county_state":"Bradford County, PA","county_fips":"42015","risk_level_county":"Medium Risk (70–79% vaccinated)","mean_vaccination_rate_county":72.76,"risk_level_zcta":"Higher Risk (60–69% vaccinated)","mean_vaccination_rate_zips":69.43,"cases":134},"geometry":{"type":"MultiPolygon","coordinates":[[[[-76.1455192032297,41.9989130371419],[-76.135671,41.891812],[-76.135117,41.884586],[-76.133414,41.887852],[-76.131016,41.891249],[-76.131948,41.893132],[-76.131337,41.894285],[-76.131775,41.897019],[-76.130509,41.899632],[-76.12945,41.90022],[-76.12253,41.89922],[-76.11587,41.89744],[-76.11254,41.89591],[-76.10997,41.89545],[-76.10783,41.89712],[-76.10615,41.90036],[-76.103,41.90132],[-76.09934,41.903],[-76.09275,41.90285],[-76.09022,41.9055],[-76.09052,41.90691],[-76.08806,41.90793],[-76.08584,41.90815],[-76.08767,41.89897],[-76.08952,41.89486],[-76.08934,41.89061],[-76.08748,41.88778],[-76.08673,41.88469],[-76.084627,41.884818],[-76.085819,41.888958],[-76.085504,41.890221],[-76.086731,41.891753],[-76.085939,41.893515],[-76.086263,41.896353],[-76.087432,41.897391],[-76.084876,41.901048],[-76.085398,41.903562],[-76.083805,41.905879],[-76.084055,41.907905],[-76.085438,41.908804],[-76.082735,41.914211],[-76.08235,41.91835],[-76.08339,41.92187],[-76.08513,41.92583],[-76.09038,41.93242],[-76.09052,41.93585],[-76.08995,41.93719],[-76.087217,41.940282],[-76.086767,41.943913],[-76.08156,41.94303],[-76.0799,41.94233],[-76.07837,41.94062],[-76.07205,41.93853],[-76.06969,41.93659],[-76.06454,41.9427],[-76.06249,41.94414],[-76.05729,41.94385],[-76.055615,41.944322],[-76.058514,41.979669],[-76.059155,41.987446],[-76.06377,41.98664],[-76.07381,41.98603],[-76.07633,41.98408],[-76.07822,41.98346],[-76.08111,41.98322],[-76.08716,41.98196],[-76.08801,41.98201],[-76.08992,41.98386],[-76.08992,41.98622],[-76.09361,41.98888],[-76.09255,41.99024],[-76.09172,41.99273],[-76.09162,41.99714],[-76.0909731448147,41.998879435942],[-76.10584,41.998858],[-76.123696,41.998954],[-76.131201,41.998954],[-76.1455192032297,41.9989130371419]]],[[[-76.17086,41.931443],[-76.167706,41.929334],[-76.16455,41.933906],[-76.160756,41.93536],[-76.159072,41.934575],[-76.152756,41.936385],[-76.150917,41.93751],[-76.150164,41.939328],[-76.152841,41.939069],[-76.152099,41.942268],[-76.152671,41.949227],[-76.15716,41.948777],[-76.161679,41.946557],[-76.163596,41.944845],[-76.164511,41.941062],[-76.163979,41.937001],[-76.17086,41.931443]]]]}},{"type":"Feature","properties":{"zcta5":"18832","AFFGEOID10":"8600000US18832","GEOID10":"18832","ALAND10":154353808,"AWATER10":1043482,"county_name":"Bradford","state_code":"PA","county_state":"Bradford County, PA","county_fips":"42015","risk_level_county":"Medium Risk (70–79% vaccinated)","mean_vaccination_rate_county":72.76,"risk_level_zcta":"Higher Risk (60–69% vaccinated)","mean_vaccination_rate_zips":69.04,"cases":134},"geometry":{"type":"Polygon","coordinates":[[[-76.682046,41.606051],[-76.680162,41.605637],[-76.677142,41.603073],[-76.675755,41.603571],[-76.674986,41.605223],[-76.67312,41.607036],[-76.671182,41.611328],[-76.672784,41.614425],[-76.673235,41.616421],[-76.669647,41.620339],[-76.666618,41.619157],[-76.66403,41.620467],[-76.661635,41.620917],[-76.659382,41.624554],[-76.656588,41.625884],[-76.653187,41.625986],[-76.651977,41.628614],[-76.646958,41.630668],[-76.642068,41.630582],[-76.639556,41.629485],[-76.638334,41.630629],[-76.635431,41.630345],[-76.633066,41.633081],[-76.63075,41.633684],[-76.629397,41.633389],[-76.625295,41.631244],[-76.624346,41.627924],[-76.622984,41.626942],[-76.62022,41.628794],[-76.617909,41.629086],[-76.613512,41.630844],[-76.610599,41.629836],[-76.608223,41.631928],[-76.606277,41.632434],[-76.603492,41.637222],[-76.60225,41.638005],[-76.596908,41.63889],[-76.59638,41.639827],[-76.592809,41.640382],[-76.58945,41.63929],[-76.588579,41.640213],[-76.589158,41.642222],[-76.5861,41.643557],[-76.581013,41.643684],[-76.579126,41.645117],[-76.578269,41.644985],[-76.575114,41.642554],[-76.573965,41.642636],[-76.573424,41.644086],[-76.571478,41.645118],[-76.570131,41.647264],[-76.567804,41.647989],[-76.564286,41.651225],[-76.560839,41.65129],[-76.55793,41.65353],[-76.554648,41.654976],[-76.54969,41.65598],[-76.548724,41.658481],[-76.548443,41.66176],[-76.546294,41.663012],[-76.544224,41.665896],[-76.541749,41.66774],[-76.539954,41.670056],[-76.538064,41.674442],[-76.536848,41.675602],[-76.537665,41.679448],[-76.502991,41.620829],[-76.49488,41.606618],[-76.492327,41.610051],[-76.489008,41.615245],[-76.489347,41.617927],[-76.487109,41.61714],[-76.483236,41.613123],[-76.442312,41.647843],[-76.443609,41.649876],[-76.444058,41.648345],[-76.445471,41.650486],[-76.445332,41.651908],[-76.446679,41.653983],[-76.446547,41.65507],[-76.447653,41.657979],[-76.451731,41.661048],[-76.454433,41.663464],[-76.45448,41.664257],[-76.457864,41.667244],[-76.45846,41.669376],[-76.459392,41.677034],[-76.461599,41.678196],[-76.46089,41.680562],[-76.459762,41.681622],[-76.459858,41.68356],[-76.460863,41.686063],[-76.462665,41.687359],[-76.462175,41.690416],[-76.460733,41.691718],[-76.46118,41.693013],[-76.464807,41.696614],[-76.465064,41.698047],[-76.463923,41.700342],[-76.466041,41.703805],[-76.467537,41.706868],[-76.468886,41.707505],[-76.469635,41.70898],[-76.468721,41.709699],[-76.468781,41.711251],[-76.470373,41.712519],[-76.470335,41.712698],[-76.470916,41.720678],[-76.47314,41.7213],[-76.475683,41.722033],[-76.476695,41.71964],[-76.478926,41.722555],[-76.481083,41.723131],[-76.484683,41.724639],[-76.499801,41.72452],[-76.53209,41.722762],[-76.537065,41.719693],[-76.542192,41.715422],[-76.544853,41.712241],[-76.548988,41.709521],[-76.550711,41.707808],[-76.550959,41.705813],[-76.552539,41.703998],[-76.55388,41.704003],[-76.555608,41.708244],[-76.556688,41.709442],[-76.557578,41.713587],[-76.565837,41.711722],[-76.567547,41.714881],[-76.562417,41.71913],[-76.560159,41.719895],[-76.560922,41.721228],[-76.588374,41.719709],[-76.585229,41.724187],[-76.585665,41.725314],[-76.590019,41.727413],[-76.592674,41.729351],[-76.594144,41.744722],[-76.603682,41.74416],[-76.60402,41.745601],[-76.613587,41.745109],[-76.617045,41.748066],[-76.617205,41.750136],[-76.630015,41.745928],[-76.628177,41.722528],[-76.627405,41.718444],[-76.618919,41.718605],[-76.620794,41.716886],[-76.629466,41.712414],[-76.631187,41.712892],[-76.634288,41.711505],[-76.634121,41.709426],[-76.632811,41.707686],[-76.631371,41.703758],[-76.629421,41.701235],[-76.636549,41.699909],[-76.637821,41.700239],[-76.641403,41.692624],[-76.636566,41.692659],[-76.633371,41.692308],[-76.63134,41.692955],[-76.627955,41.696442],[-76.625253,41.696997],[-76.621386,41.697087],[-76.619711,41.696371],[-76.621959,41.695794],[-76.62574,41.692924],[-76.629109,41.6927],[-76.631952,41.691538],[-76.638852,41.68957],[-76.640383,41.689779],[-76.642888,41.689198],[-76.643801,41.687525],[-76.682046,41.606051]]]}},{"type":"Feature","properties":{"zcta5":"16936","AFFGEOID10":"8600000US16936","GEOID10":"16936","ALAND10":124997104,"AWATER10":146778,"county_name":"Bradford","state_code":"PA","county_state":"Bradford County, PA","county_fips":"42015","risk_level_county":"Medium Risk (70–79% vaccinated)","mean_vaccination_rate_county":72.76,"risk_level_zcta":"Medium Risk (70–79% vaccinated)","mean_vaccination_rate_zips":70.9,"cases":134},"geometry":{"type":"Polygon","coordinates":[[[-77.050831,41.961567],[-77.054742,41.960316],[-77.059148,41.95668],[-77.065012,41.953134],[-77.060985,41.950786],[-77.054883,41.948888],[-77.051574,41.946069],[-77.049904,41.942838],[-77.048975,41.926989],[-77.046437,41.926288],[-77.042787,41.925968],[-77.040364,41.924267],[-77.034894,41.924126],[-77.032298,41.924888],[-77.031788,41.927325],[-77.030113,41.929108],[-77.029567,41.93391],[-77.025274,41.93527],[-77.020504,41.934204],[-77.017888,41.932951],[-77.016331,41.930152],[-77.013673,41.927252],[-77.012377,41.923032],[-77.010736,41.924378],[-77.00994,41.922683],[-77.016242,41.914328],[-77.015082,41.914275],[-77.014761,41.911686],[-77.001729,41.912028],[-77.001117,41.91017],[-77.001644,41.906628],[-77.000934,41.901267],[-76.999862,41.89986],[-76.998664,41.8966],[-76.996996,41.894221],[-76.993818,41.892907],[-76.99634,41.888512],[-76.998776,41.8859],[-77.000908,41.882759],[-77.002614,41.878864],[-77.004447,41.876344],[-77.006025,41.873039],[-77.007138,41.869644],[-77.009279,41.866148],[-77.00941,41.863323],[-77.008248,41.861189],[-77.006664,41.863405],[-77.002336,41.865833],[-76.99638,41.868169],[-76.989181,41.868889],[-76.988446,41.871584],[-76.988201,41.875675],[-76.983143,41.883881],[-76.981102,41.88656],[-76.973118,41.891939],[-76.963181,41.897236],[-76.960644,41.897966],[-76.960324,41.896744],[-76.958696,41.895081],[-76.956109,41.893559],[-76.954499,41.893231],[-76.949366,41.893077],[-76.94799,41.895014],[-76.94655,41.89256],[-76.940885,41.888581],[-76.939967,41.886111],[-76.937337,41.883806],[-76.937036,41.881067],[-76.93755,41.877911],[-76.938292,41.876846],[-76.938208,41.871551],[-76.933643,41.872391],[-76.931929,41.874079],[-76.92964,41.875336],[-76.929295,41.877598],[-76.927437,41.878075],[-76.927784,41.879483],[-76.925894,41.882104],[-76.924251,41.882432],[-76.920106,41.886915],[-76.918984,41.889155],[-76.915028,41.890392],[-76.911196,41.892348],[-76.912203,41.89959],[-76.910488,41.899728],[-76.912505,41.916063],[-76.911869,41.917976],[-76.91344,41.91965],[-76.915577,41.922765],[-76.917991,41.93931],[-76.897519,41.936686],[-76.897308,41.937724],[-76.898453,41.943944],[-76.901092,41.948545],[-76.908481,41.948479],[-76.915961,41.947911],[-76.919172,41.947431],[-76.922047,41.967294],[-76.919753,41.971128],[-76.916972,41.97268],[-76.91489,41.973202],[-76.91411,41.97414],[-76.911331,41.974974],[-76.909454,41.976505],[-76.908075,41.975054],[-76.906943,41.976687],[-76.905178,41.973536],[-76.904519,41.971265],[-76.902721,41.968955],[-76.900951,41.96898],[-76.89485,41.971823],[-76.893271,41.971621],[-76.890112,41.970023],[-76.886634,41.969192],[-76.881579,41.969044],[-76.877622,41.969188],[-76.872063,41.970994],[-76.86711,41.972048],[-76.864776,41.97218],[-76.866527,41.975369],[-76.867047,41.977347],[-76.864546,41.980112],[-76.863424,41.981938],[-76.861066,41.988856],[-76.854581,41.988988],[-76.854024,41.991396],[-76.857732,41.994291],[-76.859325,41.996229],[-76.861681,41.998284],[-76.86474,42.000142],[-76.867454,42.000678],[-76.8684188883821,42.001773389007504],[-76.920784,42.001774],[-76.921884,42.001674],[-76.927084,42.001674],[-76.937084,42.001674],[-76.942585,42.001574],[-76.9555254279005,42.0014059497697],[-76.954386,42.000193],[-76.954701,41.994679],[-76.9552,41.993419],[-76.953121,41.991966],[-76.954796,41.990907],[-76.960034,41.989892],[-76.962223,41.989617],[-76.999102,41.989825],[-77.005268,41.990075],[-77.009291,41.989925],[-77.009043,41.987035],[-77.003745,41.985091],[-77.002662,41.983823],[-77.002945,41.982409],[-77.001151,41.981278],[-76.999341,41.977725],[-76.99993,41.976771],[-77.004711,41.97444],[-77.010014,41.973916],[-77.011611,41.973117],[-77.015479,41.972299],[-77.017371,41.972239],[-77.021196,41.973066],[-77.023317,41.972721],[-77.029421,41.966615],[-77.034247,41.966331],[-77.038193,41.964483],[-77.042461,41.963504],[-77.048131,41.962965],[-77.050831,41.961567]]]}},{"type":"Feature","properties":{"zcta5":"18616","AFFGEOID10":"8600000US18616","GEOID10":"18616","ALAND10":143221741,"AWATER10":541800,"county_name":"Bradford","state_code":"PA","county_state":"Bradford County, PA","county_fips":"42015","risk_level_county":"Medium Risk (70–79% vaccinated)","mean_vaccination_rate_county":72.76,"risk_level_zcta":"Medium Risk (70–79% vaccinated)","mean_vaccination_rate_zips":72.59,"cases":134},"geometry":{"type":"Polygon","coordinates":[[[-76.69373,41.535754],[-76.69176,41.534976],[-76.692065,41.526427],[-76.702197,41.514322],[-76.701704,41.506344],[-76.710351,41.492271],[-76.691504,41.486987],[-76.692404,41.484305],[-76.691572,41.480358],[-76.691469,41.477548],[-76.690461,41.473996],[-76.689213,41.472184],[-76.670055,41.463558],[-76.669172,41.465366],[-76.666806,41.467841],[-76.664704,41.468236],[-76.658915,41.465755],[-76.639976,41.472901],[-76.653403,41.448016],[-76.612732,41.449308],[-76.602555,41.449627],[-76.602075,41.450651],[-76.529196,41.453335],[-76.52755,41.453625],[-76.524607,41.457109],[-76.522066,41.458646],[-76.51821,41.458941],[-76.515448,41.458089],[-76.511124,41.457435],[-76.510618,41.454562],[-76.509164,41.451385],[-76.508017,41.449842],[-76.507343,41.452142],[-76.508243,41.453535],[-76.507947,41.456999],[-76.509763,41.458191],[-76.5096,41.460786],[-76.510951,41.461661],[-76.509867,41.462773],[-76.512749,41.461792],[-76.515135,41.462563],[-76.515591,41.463619],[-76.514704,41.465907],[-76.513453,41.467323],[-76.513507,41.470836],[-76.513914,41.47157],[-76.51505,41.471522],[-76.516461,41.469241],[-76.517876,41.468943],[-76.521399,41.467168],[-76.525487,41.466705],[-76.526679,41.467299],[-76.527848,41.469268],[-76.52829,41.472978],[-76.530799,41.476188],[-76.534174,41.477089],[-76.534213,41.481969],[-76.53515,41.485555],[-76.533919,41.488185],[-76.533686,41.489781],[-76.532141,41.49037],[-76.531216,41.492015],[-76.531562,41.492957],[-76.533199,41.493231],[-76.537189,41.492228],[-76.540907,41.489738],[-76.542922,41.487929],[-76.543111,41.487051],[-76.545113,41.484962],[-76.546093,41.484638],[-76.548739,41.482179],[-76.549849,41.481914],[-76.547397,41.484413],[-76.547649,41.486264],[-76.546951,41.48819],[-76.546602,41.4913],[-76.547422,41.492096],[-76.549274,41.492346],[-76.551228,41.491663],[-76.554344,41.492612],[-76.555242,41.494103],[-76.5587,41.495018],[-76.560177,41.494122],[-76.563706,41.493227],[-76.564451,41.491024],[-76.564125,41.488738],[-76.564736,41.486559],[-76.564546,41.482042],[-76.563853,41.480456],[-76.564716,41.478481],[-76.565958,41.478455],[-76.56718,41.481702],[-76.569164,41.481641],[-76.571902,41.480085],[-76.573754,41.479871],[-76.575619,41.478906],[-76.577213,41.480185],[-76.576631,41.48365],[-76.577894,41.484782],[-76.579094,41.48433],[-76.579318,41.482372],[-76.5808,41.480051],[-76.583525,41.480314],[-76.585684,41.482315],[-76.587245,41.484569],[-76.587936,41.487166],[-76.580773,41.490087],[-76.596521,41.497025],[-76.596166,41.499305],[-76.593299,41.500262],[-76.589707,41.501965],[-76.585787,41.505199],[-76.581632,41.506413],[-76.584225,41.508362],[-76.584576,41.509234],[-76.584593,41.514647],[-76.58424,41.51664],[-76.578112,41.519333],[-76.576638,41.520214],[-76.56871,41.527536],[-76.567421,41.529015],[-76.564233,41.536024],[-76.563214,41.537028],[-76.562271,41.53935],[-76.560557,41.541771],[-76.554339,41.547253],[-76.554363,41.548294],[-76.554925,41.550319],[-76.554546,41.553232],[-76.556312,41.549142],[-76.556682,41.550061],[-76.559293,41.552248],[-76.561905,41.555388],[-76.563903,41.556589],[-76.555174,41.568498],[-76.577261,41.570307],[-76.577689,41.566116],[-76.576621,41.564052],[-76.574442,41.562295],[-76.575436,41.560341],[-76.579499,41.556404],[-76.579248,41.555515],[-76.581447,41.553625],[-76.587756,41.552042],[-76.589992,41.551805],[-76.592178,41.550688],[-76.59421,41.548651],[-76.598077,41.550207],[-76.597893,41.552925],[-76.600548,41.556734],[-76.599621,41.559363],[-76.600324,41.560845],[-76.600439,41.563864],[-76.606932,41.566719],[-76.606008,41.569241],[-76.604046,41.572492],[-76.677861,41.578541],[-76.683117,41.572071],[-76.694596,41.554561],[-76.69174,41.554291],[-76.689094,41.555054],[-76.687127,41.556813],[-76.685644,41.556938],[-76.680828,41.554181],[-76.681236,41.55327],[-76.684722,41.552628],[-76.688152,41.550506],[-76.691823,41.546888],[-76.695712,41.541258],[-76.691306,41.539717],[-76.69373,41.535754]]]}},{"type":"Feature","properties":{"zcta5":"18833","AFFGEOID10":"8600000US18833","GEOID10":"18833","ALAND10":275443125,"AWATER10":1614719,"county_name":"Bradford","state_code":"PA","county_state":"Bradford County, PA","county_fips":"42015","risk_level_county":"Medium Risk (70–79% vaccinated)","mean_vaccination_rate_county":72.76,"risk_level_zcta":"Medium Risk (70–79% vaccinated)","mean_vaccination_rate_zips":76.18,"cases":134},"geometry":{"type":"Polygon","coordinates":[[[-76.682046,41.606051],[-76.694374,41.579883],[-76.677861,41.578541],[-76.604046,41.572492],[-76.606008,41.569241],[-76.606932,41.566719],[-76.600439,41.563864],[-76.600324,41.560845],[-76.599621,41.559363],[-76.600548,41.556734],[-76.597893,41.552925],[-76.598077,41.550207],[-76.59421,41.548651],[-76.592178,41.550688],[-76.589992,41.551805],[-76.587756,41.552042],[-76.581447,41.553625],[-76.579248,41.555515],[-76.579499,41.556404],[-76.575436,41.560341],[-76.574442,41.562295],[-76.576621,41.564052],[-76.577689,41.566116],[-76.577261,41.570307],[-76.555174,41.568498],[-76.563903,41.556589],[-76.561905,41.555388],[-76.559293,41.552248],[-76.556682,41.550061],[-76.556312,41.549142],[-76.554546,41.553232],[-76.554925,41.550319],[-76.554363,41.548294],[-76.548842,41.548145],[-76.546962,41.547065],[-76.541544,41.545628],[-76.539342,41.546184],[-76.535543,41.544847],[-76.530845,41.54713],[-76.524565,41.544981],[-76.521387,41.548988],[-76.520872,41.551031],[-76.522213,41.552184],[-76.520178,41.555553],[-76.517059,41.558669],[-76.511326,41.556492],[-76.509846,41.554163],[-76.497955,41.549689],[-76.494828,41.549278],[-76.49531,41.55211],[-76.49471,41.554118],[-76.492316,41.557829],[-76.492685,41.560576],[-76.495329,41.559176],[-76.503554,41.562238],[-76.506281,41.563713],[-76.505544,41.564407],[-76.276682,41.546298],[-76.27484,41.548421],[-76.272981,41.547882],[-76.272177,41.549255],[-76.268918,41.552699],[-76.267891,41.554382],[-76.264343,41.557195],[-76.264265,41.562151],[-76.289751,41.575448],[-76.288791,41.579602],[-76.290755,41.579656],[-76.295212,41.581925],[-76.296093,41.583216],[-76.298657,41.585458],[-76.300346,41.5859],[-76.304333,41.585868],[-76.303991,41.587357],[-76.305379,41.588782],[-76.305134,41.59112],[-76.302948,41.595305],[-76.304507,41.59525],[-76.307157,41.597219],[-76.311575,41.598778],[-76.314076,41.597268],[-76.31586,41.597362],[-76.318274,41.596077],[-76.320717,41.595873],[-76.322845,41.594896],[-76.326406,41.594143],[-76.328549,41.594626],[-76.331958,41.593913],[-76.3324,41.594441],[-76.308205,41.614999],[-76.310441,41.618202],[-76.311787,41.618422],[-76.311202,41.61975],[-76.309483,41.619602],[-76.306805,41.621903],[-76.305701,41.623506],[-76.30727,41.626894],[-76.307441,41.628518],[-76.314255,41.627789],[-76.318094,41.628245],[-76.32478,41.627944],[-76.328095,41.628102],[-76.330798,41.627322],[-76.333984,41.627351],[-76.3365,41.626621],[-76.342734,41.626495],[-76.348989,41.627091],[-76.350305,41.626759],[-76.350464,41.627805],[-76.354314,41.630257],[-76.353826,41.63348],[-76.354771,41.635901],[-76.356317,41.637734],[-76.359626,41.63855],[-76.3614,41.635712],[-76.363476,41.634274],[-76.365259,41.634188],[-76.36688,41.629883],[-76.366559,41.627211],[-76.368432,41.623768],[-76.370744,41.62304],[-76.372085,41.621733],[-76.378559,41.622018],[-76.378569,41.624684],[-76.37739,41.627193],[-76.375552,41.628159],[-76.375031,41.630075],[-76.381016,41.629907],[-76.381653,41.631283],[-76.386386,41.632122],[-76.389847,41.633489],[-76.394451,41.633316],[-76.403895,41.635699],[-76.406637,41.636711],[-76.410666,41.636815],[-76.409201,41.6378],[-76.400537,41.640347],[-76.401387,41.648438],[-76.398953,41.65055],[-76.396797,41.651129],[-76.395944,41.652953],[-76.396178,41.654315],[-76.397988,41.654997],[-76.421776,41.665247],[-76.442312,41.647843],[-76.483236,41.613123],[-76.487109,41.61714],[-76.489347,41.617927],[-76.489008,41.615245],[-76.492327,41.610051],[-76.49488,41.606618],[-76.502991,41.620829],[-76.537665,41.679448],[-76.536848,41.675602],[-76.538064,41.674442],[-76.539954,41.670056],[-76.541749,41.66774],[-76.544224,41.665896],[-76.546294,41.663012],[-76.548443,41.66176],[-76.548724,41.658481],[-76.54969,41.65598],[-76.554648,41.654976],[-76.55793,41.65353],[-76.560839,41.65129],[-76.564286,41.651225],[-76.567804,41.647989],[-76.570131,41.647264],[-76.571478,41.645118],[-76.573424,41.644086],[-76.573965,41.642636],[-76.575114,41.642554],[-76.578269,41.644985],[-76.579126,41.645117],[-76.581013,41.643684],[-76.5861,41.643557],[-76.589158,41.642222],[-76.588579,41.640213],[-76.58945,41.63929],[-76.592809,41.640382],[-76.59638,41.639827],[-76.596908,41.63889],[-76.60225,41.638005],[-76.603492,41.637222],[-76.606277,41.632434],[-76.608223,41.631928],[-76.610599,41.629836],[-76.613512,41.630844],[-76.617909,41.629086],[-76.62022,41.628794],[-76.622984,41.626942],[-76.624346,41.627924],[-76.625295,41.631244],[-76.629397,41.633389],[-76.63075,41.633684],[-76.633066,41.633081],[-76.635431,41.630345],[-76.638334,41.630629],[-76.639556,41.629485],[-76.642068,41.630582],[-76.646958,41.630668],[-76.651977,41.628614],[-76.653187,41.625986],[-76.656588,41.625884],[-76.659382,41.624554],[-76.661635,41.620917],[-76.66403,41.620467],[-76.666618,41.619157],[-76.669647,41.620339],[-76.673235,41.616421],[-76.672784,41.614425],[-76.671182,41.611328],[-76.67312,41.607036],[-76.674986,41.605223],[-76.675755,41.603571],[-76.677142,41.603073],[-76.680162,41.605637],[-76.682046,41.606051]]]}},{"type":"Feature","properties":{"zcta5":"18846","AFFGEOID10":"8600000US18846","GEOID10":"18846","ALAND10":69804614,"AWATER10":1711947,"county_name":"Bradford","state_code":"PA","county_state":"Bradford County, PA","county_fips":"42015","risk_level_county":"Medium Risk (70–79% vaccinated)","mean_vaccination_rate_county":72.76,"risk_level_zcta":"Medium Risk (70–79% vaccinated)","mean_vaccination_rate_zips":70.37,"cases":134},"geometry":{"type":"Polygon","coordinates":[[[-76.302948,41.595305],[-76.305134,41.59112],[-76.305379,41.588782],[-76.303991,41.587357],[-76.304333,41.585868],[-76.300346,41.5859],[-76.298657,41.585458],[-76.296093,41.583216],[-76.295212,41.581925],[-76.290755,41.579656],[-76.288791,41.579602],[-76.289751,41.575448],[-76.264265,41.562151],[-76.264343,41.557195],[-76.267891,41.554382],[-76.268918,41.552699],[-76.272177,41.549255],[-76.272981,41.547882],[-76.27484,41.548421],[-76.276682,41.546298],[-76.220139,41.541285],[-76.21424,41.568012],[-76.200825,41.633121],[-76.20161,41.634742],[-76.201854,41.639494],[-76.201598,41.641682],[-76.199513,41.646733],[-76.197206,41.651507],[-76.195832,41.653325],[-76.193374,41.658058],[-76.191692,41.662557],[-76.192322,41.666458],[-76.194732,41.669142],[-76.199835,41.672692],[-76.203942,41.673377],[-76.209995,41.671089],[-76.212858,41.669379],[-76.218221,41.665256],[-76.219617,41.663914],[-76.223478,41.658002],[-76.225314,41.654429],[-76.228987,41.648798],[-76.230854,41.647633],[-76.23433,41.646236],[-76.237773,41.645706],[-76.239685,41.645003],[-76.242034,41.645156],[-76.250097,41.647517],[-76.25452,41.64973],[-76.258523,41.651063],[-76.261849,41.65382],[-76.265095,41.651622],[-76.262444,41.644627],[-76.265166,41.643295],[-76.267747,41.642726],[-76.269257,41.643192],[-76.272614,41.642151],[-76.270812,41.641257],[-76.27334,41.628525],[-76.27236,41.626064],[-76.270489,41.625806],[-76.263884,41.627464],[-76.26235,41.62867],[-76.258999,41.629393],[-76.255796,41.630952],[-76.252839,41.629529],[-76.246159,41.62816],[-76.243249,41.625785],[-76.244906,41.623172],[-76.244301,41.621959],[-76.241611,41.620703],[-76.237978,41.620687],[-76.236555,41.620203],[-76.238574,41.618878],[-76.239907,41.619826],[-76.242417,41.62038],[-76.244978,41.620263],[-76.247993,41.621167],[-76.248851,41.623121],[-76.252787,41.620522],[-76.255568,41.619337],[-76.261217,41.619016],[-76.262584,41.620652],[-76.262911,41.623129],[-76.261791,41.623919],[-76.263532,41.625017],[-76.267721,41.625387],[-76.273256,41.624724],[-76.274269,41.626344],[-76.277692,41.624735],[-76.280481,41.621639],[-76.282689,41.61754],[-76.281538,41.612821],[-76.278257,41.612517],[-76.277721,41.607147],[-76.27058,41.605903],[-76.269111,41.604971],[-76.262853,41.603563],[-76.261447,41.601415],[-76.267498,41.599021],[-76.269495,41.598683],[-76.272712,41.599082],[-76.274604,41.59852],[-76.27744,41.598354],[-76.280782,41.596714],[-76.282204,41.596667],[-76.283072,41.598027],[-76.286737,41.59785],[-76.289764,41.596898],[-76.291275,41.59699],[-76.29426,41.59542],[-76.298179,41.594697],[-76.299503,41.595361],[-76.302948,41.595305]]]}},{"type":"Feature","properties":{"zcta5":"18817","AFFGEOID10":"8600000US18817","GEOID10":"18817","ALAND10":4768296,"AWATER10":13189,"county_name":"Bradford","state_code":"PA","county_state":"Bradford County, PA","county_fips":"42015","risk_level_county":"Medium Risk (70–79% vaccinated)","mean_vaccination_rate_county":72.76,"risk_level_zcta":"Medium Risk (70–79% vaccinated)","mean_vaccination_rate_zips":71.14,"cases":134},"geometry":{"type":"Polygon","coordinates":[[[-76.617639,41.866755],[-76.618581,41.869141],[-76.616189,41.871283],[-76.615882,41.873111],[-76.617453,41.875682],[-76.610379,41.884878],[-76.610706,41.885029],[-76.624315,41.882659],[-76.636172,41.879278],[-76.639135,41.877568],[-76.642441,41.877118],[-76.639459,41.872434],[-76.639988,41.871078],[-76.638558,41.868778],[-76.636641,41.868634],[-76.635834,41.867723],[-76.635813,41.865494],[-76.633575,41.86338],[-76.632351,41.860964],[-76.63023,41.859898],[-76.626658,41.854923],[-76.625704,41.85417],[-76.625409,41.847544],[-76.624103,41.845978],[-76.623528,41.844007],[-76.621283,41.843121],[-76.621336,41.843676],[-76.622454,41.857627],[-76.623825,41.861498],[-76.618831,41.861813],[-76.617639,41.866755]]]}},{"type":"Feature","properties":{"zcta5":"18854","AFFGEOID10":"8600000US18854","GEOID10":"18854","ALAND10":68708191,"AWATER10":1769328,"county_name":"Bradford","state_code":"PA","county_state":"Bradford County, PA","county_fips":"42015","risk_level_county":"Medium Risk (70–79% vaccinated)","mean_vaccination_rate_county":72.76,"risk_level_zcta":"Medium Risk (70–79% vaccinated)","mean_vaccination_rate_zips":72.78,"cases":134},"geometry":{"type":"Polygon","coordinates":[[[-76.392453,41.857935],[-76.390723,41.854907],[-76.390353,41.851494],[-76.394645,41.851331],[-76.394473,41.847404],[-76.390604,41.843604],[-76.390417,41.841774],[-76.389453,41.84062],[-76.389251,41.833543],[-76.387295,41.830654],[-76.386634,41.827298],[-76.38562,41.825089],[-76.38336,41.822163],[-76.382892,41.818321],[-76.384129,41.813818],[-76.38532,41.810689],[-76.387361,41.809883],[-76.387795,41.808039],[-76.387283,41.806622],[-76.389016,41.803905],[-76.389076,41.802758],[-76.391805,41.80344],[-76.392875,41.805131],[-76.394356,41.806273],[-76.397194,41.806888],[-76.394716,41.80608],[-76.39383,41.804836],[-76.394668,41.800403],[-76.393407,41.798525],[-76.397998,41.799985],[-76.399849,41.801571],[-76.401253,41.800097],[-76.40234,41.797729],[-76.405148,41.794952],[-76.403409,41.788822],[-76.402697,41.785233],[-76.404045,41.781532],[-76.400396,41.778208],[-76.399452,41.774125],[-76.405772,41.773049],[-76.415247,41.771001],[-76.414371,41.76718],[-76.412017,41.767515],[-76.410236,41.766252],[-76.408578,41.76696],[-76.406517,41.769134],[-76.400958,41.769681],[-76.397659,41.767308],[-76.396628,41.768431],[-76.395774,41.767712],[-76.393165,41.771297],[-76.390354,41.772795],[-76.383197,41.772255],[-76.378975,41.772517],[-76.375266,41.772296],[-76.373171,41.771592],[-76.371099,41.768961],[-76.370978,41.767429],[-76.372216,41.76299],[-76.372908,41.761857],[-76.373445,41.758565],[-76.372628,41.750554],[-76.371726,41.746778],[-76.371726,41.743541],[-76.369679,41.740769],[-76.367356,41.738835],[-76.365946,41.73849],[-76.362989,41.736467],[-76.3575,41.733538],[-76.354973,41.732793],[-76.351341,41.732357],[-76.345681,41.732284],[-76.340992,41.733456],[-76.337172,41.735427],[-76.33267,41.738724],[-76.326087,41.741772],[-76.320797,41.743142],[-76.314629,41.743513],[-76.311949,41.742966],[-76.30794,41.740798],[-76.304029,41.737669],[-76.302754,41.735455],[-76.301657,41.732176],[-76.301478,41.730351],[-76.299936,41.732546],[-76.300684,41.735665],[-76.302578,41.739234],[-76.30568,41.742484],[-76.307849,41.744088],[-76.308779,41.744476],[-76.315172,41.745256],[-76.320727,41.745175],[-76.32172,41.74902],[-76.320612,41.750766],[-76.322229,41.751255],[-76.322809,41.757269],[-76.323922,41.758994],[-76.326012,41.760633],[-76.325784,41.763588],[-76.326081,41.768029],[-76.322479,41.77291],[-76.321239,41.775465],[-76.321096,41.778888],[-76.322389,41.783728],[-76.322976,41.791289],[-76.319452,41.791615],[-76.318867,41.790967],[-76.314259,41.790457],[-76.309198,41.789355],[-76.306178,41.787125],[-76.304306,41.784866],[-76.302365,41.784049],[-76.302243,41.786182],[-76.302765,41.790057],[-76.3035,41.798949],[-76.302833,41.800386],[-76.303105,41.804956],[-76.30622,41.805008],[-76.31262,41.804581],[-76.311374,41.807638],[-76.314878,41.807514],[-76.311672,41.821462],[-76.311871,41.823997],[-76.318979,41.823748],[-76.321711,41.824288],[-76.326234,41.826359],[-76.327347,41.828269],[-76.329248,41.834048],[-76.330347,41.833863],[-76.335442,41.830992],[-76.336845,41.830678],[-76.341317,41.831067],[-76.346382,41.830265],[-76.349693,41.83042],[-76.349536,41.832316],[-76.347174,41.834837],[-76.345261,41.840712],[-76.345028,41.843973],[-76.345469,41.845817],[-76.347966,41.846104],[-76.346512,41.849801],[-76.350105,41.849805],[-76.351627,41.846535],[-76.355207,41.849058],[-76.355531,41.850079],[-76.357649,41.850555],[-76.36473,41.853785],[-76.370342,41.85705],[-76.373027,41.857883],[-76.376097,41.859969],[-76.382071,41.858042],[-76.384152,41.858145],[-76.386748,41.857349],[-76.387819,41.857925],[-76.392453,41.857935]]]}},{"type":"Feature","properties":{"zcta5":"16926","AFFGEOID10":"8600000US16926","GEOID10":"16926","ALAND10":62750791,"AWATER10":211285,"county_name":"Bradford","state_code":"PA","county_state":"Bradford County, PA","county_fips":"42015","risk_level_county":"Medium Risk (70–79% vaccinated)","mean_vaccination_rate_county":72.76,"risk_level_zcta":"Medium Risk (70–79% vaccinated)","mean_vaccination_rate_zips":70.59,"cases":134},"geometry":{"type":"Polygon","coordinates":[[[-76.611791,41.774139],[-76.616588,41.773328],[-76.622216,41.770733],[-76.627421,41.76767],[-76.633786,41.766296],[-76.63433,41.767134],[-76.641712,41.763785],[-76.646416,41.760306],[-76.648145,41.758126],[-76.651273,41.756051],[-76.655612,41.75568],[-76.654917,41.75385],[-76.652426,41.752476],[-76.651598,41.748768],[-76.653334,41.745939],[-76.655258,41.741684],[-76.672272,41.740499],[-76.664136,41.739552],[-76.671408,41.739217],[-76.669879,41.736256],[-76.66752,41.734943],[-76.665323,41.728971],[-76.662575,41.728235],[-76.660738,41.722443],[-76.659789,41.718134],[-76.660218,41.716571],[-76.669433,41.717575],[-76.67319,41.718524],[-76.67511,41.7185],[-76.675013,41.716004],[-76.678998,41.716236],[-76.681863,41.715144],[-76.683211,41.716703],[-76.686706,41.716066],[-76.68738,41.718213],[-76.689873,41.718932],[-76.691695,41.721974],[-76.694788,41.725272],[-76.698159,41.731005],[-76.699906,41.734696],[-76.702719,41.738201],[-76.711451,41.73722],[-76.720931,41.737031],[-76.722494,41.736685],[-76.733592,41.736173],[-76.735776,41.735741],[-76.735838,41.736963],[-76.750123,41.73634],[-76.750619,41.735135],[-76.750433,41.731235],[-76.752635,41.728857],[-76.755077,41.72801],[-76.755657,41.728923],[-76.758462,41.73045],[-76.759278,41.732257],[-76.761183,41.733612],[-76.761773,41.736021],[-76.78824,41.734946],[-76.787238,41.718046],[-76.784149,41.717632],[-76.782267,41.715677],[-76.784664,41.713321],[-76.785122,41.711273],[-76.780701,41.710491],[-76.77528,41.704537],[-76.775248,41.702337],[-76.777139,41.700394],[-76.775828,41.699043],[-76.773566,41.698033],[-76.770915,41.696052],[-76.769518,41.693146],[-76.770815,41.691939],[-76.769016,41.689727],[-76.765405,41.689291],[-76.766395,41.690448],[-76.769625,41.700889],[-76.765166,41.700917],[-76.761066,41.700293],[-76.753846,41.697358],[-76.752503,41.696513],[-76.750802,41.692853],[-76.749542,41.687051],[-76.747866,41.685236],[-76.729398,41.686134],[-76.729752,41.688004],[-76.680123,41.698814],[-76.679652,41.696928],[-76.68009,41.694997],[-76.669341,41.695672],[-76.659684,41.698082],[-76.654528,41.699896],[-76.652474,41.700141],[-76.648174,41.6994],[-76.643689,41.700724],[-76.640612,41.700828],[-76.637821,41.700239],[-76.636549,41.699909],[-76.629421,41.701235],[-76.631371,41.703758],[-76.632811,41.707686],[-76.634121,41.709426],[-76.634288,41.711505],[-76.631187,41.712892],[-76.629466,41.712414],[-76.620794,41.716886],[-76.618919,41.718605],[-76.627405,41.718444],[-76.628177,41.722528],[-76.630015,41.745928],[-76.630188,41.749021],[-76.625484,41.750046],[-76.620059,41.749642],[-76.617377,41.751172],[-76.614628,41.751804],[-76.610681,41.754322],[-76.608718,41.75804],[-76.611791,41.774139]]]}},{"type":"Feature","properties":{"zcta5":"18845","AFFGEOID10":"8600000US18845","GEOID10":"18845","ALAND10":25048664,"AWATER10":320764,"county_name":"Bradford","state_code":"PA","county_state":"Bradford County, PA","county_fips":"42015","risk_level_county":"Medium Risk (70–79% vaccinated)","mean_vaccination_rate_county":72.76,"risk_level_zcta":"Medium Risk (70–79% vaccinated)","mean_vaccination_rate_zips":72.1,"cases":134},"geometry":{"type":"MultiPolygon","coordinates":[[[[-76.187155,41.813685],[-76.18824,41.811871],[-76.191966,41.816929],[-76.196576,41.820133],[-76.198703,41.820443],[-76.206512,41.822307],[-76.207561,41.820449],[-76.206976,41.811173],[-76.20827,41.806652],[-76.209531,41.804194],[-76.208559,41.800619],[-76.206616,41.798908],[-76.201803,41.796868],[-76.203204,41.793908],[-76.204524,41.793194],[-76.205228,41.791465],[-76.207054,41.789033],[-76.208932,41.787857],[-76.211586,41.785172],[-76.211854,41.784365],[-76.210742,41.765194],[-76.207816,41.76475],[-76.206247,41.763641],[-76.205431,41.757959],[-76.206112,41.754313],[-76.205217,41.752502],[-76.207673,41.747659],[-76.203905,41.748153],[-76.204944,41.751166],[-76.203834,41.752645],[-76.203349,41.756608],[-76.203685,41.760131],[-76.204981,41.761973],[-76.20555,41.764414],[-76.201534,41.771751],[-76.199268,41.773382],[-76.196338,41.774014],[-76.191363,41.771508],[-76.181901,41.776582],[-76.180809,41.775227],[-76.182839,41.773557],[-76.186071,41.772555],[-76.18872,41.769101],[-76.189553,41.767048],[-76.189339,41.763177],[-76.187699,41.761892],[-76.188256,41.760144],[-76.187491,41.758015],[-76.185813,41.756839],[-76.185903,41.756095],[-76.183062,41.758223],[-76.178753,41.759312],[-76.178047,41.758433],[-76.175208,41.7595],[-76.171131,41.759129],[-76.169151,41.760425],[-76.167515,41.76029],[-76.162832,41.762689],[-76.156743,41.762513],[-76.150721,41.765081],[-76.150346,41.7677],[-76.146237,41.770312],[-76.14584,41.772837],[-76.144531,41.777025],[-76.143254,41.778233],[-76.141732,41.778357],[-76.138366,41.783286],[-76.139009,41.786168],[-76.138592,41.787146],[-76.13836,41.793574],[-76.136454,41.797206],[-76.136106,41.800209],[-76.156652,41.797723],[-76.155598,41.794844],[-76.156617,41.793782],[-76.15586,41.7881],[-76.156073,41.786037],[-76.158185,41.783299],[-76.158664,41.78169],[-76.158638,41.77808],[-76.157885,41.776832],[-76.158556,41.774773],[-76.160477,41.775575],[-76.161371,41.777228],[-76.163931,41.777756],[-76.166109,41.779019],[-76.167751,41.781297],[-76.169709,41.781913],[-76.171264,41.783609],[-76.176112,41.786421],[-76.176376,41.78899],[-76.179046,41.788622],[-76.181606,41.790067],[-76.182919,41.794365],[-76.181848,41.796309],[-76.177727,41.795165],[-76.167882,41.796373],[-76.167384,41.800579],[-76.167736,41.801543],[-76.172799,41.80321],[-76.176243,41.798076],[-76.176995,41.796085],[-76.178067,41.795415],[-76.179171,41.796081],[-76.179147,41.797668],[-76.180343,41.80002],[-76.183572,41.802331],[-76.183704,41.804308],[-76.184723,41.805658],[-76.1849,41.808414],[-76.187211,41.810122],[-76.187607,41.811686],[-76.186228,41.812609],[-76.187155,41.813685]]],[[[-76.234716,41.807873],[-76.231045,41.807319],[-76.226523,41.80785],[-76.221464,41.805952],[-76.212858,41.804994],[-76.213867,41.822833],[-76.216228,41.822957],[-76.219886,41.820939],[-76.228244,41.82017],[-76.230272,41.820591],[-76.23377,41.81581],[-76.234746,41.812572],[-76.234716,41.807873]]]]}},{"type":"Feature","properties":{"zcta5":"18851","AFFGEOID10":"8600000US18851","GEOID10":"18851","ALAND10":72576742,"AWATER10":629030,"county_name":"Bradford","state_code":"PA","county_state":"Bradford County, PA","county_fips":"42015","risk_level_county":"Medium Risk (70–79% vaccinated)","mean_vaccination_rate_county":72.76,"risk_level_zcta":"Higher Risk (60–69% vaccinated)","mean_vaccination_rate_zips":67.55,"cases":134},"geometry":{"type":"Polygon","coordinates":[[[-76.1566743436605,41.9988811234704],[-76.164983,41.993946],[-76.17506,41.993669],[-76.176901,41.994081],[-76.181071,41.993476],[-76.18633,41.989088],[-76.195636,41.993789],[-76.197185,41.989084],[-76.196772,41.982014],[-76.197315,41.977014],[-76.196515,41.967422],[-76.208158,41.968921],[-76.21372,41.970295],[-76.215107,41.970327],[-76.215076,41.966092],[-76.216531,41.963769],[-76.21876,41.962791],[-76.219281,41.961803],[-76.218471,41.959223],[-76.215874,41.957],[-76.213917,41.956984],[-76.213953,41.956046],[-76.21229,41.954377],[-76.21429,41.952164],[-76.213584,41.951033],[-76.214369,41.948006],[-76.212223,41.946248],[-76.213206,41.94573],[-76.212139,41.94399],[-76.212271,41.942365],[-76.211277,41.939994],[-76.213931,41.93839],[-76.214819,41.935321],[-76.218275,41.934349],[-76.223444,41.933672],[-76.2262,41.932378],[-76.228188,41.930507],[-76.229724,41.927115],[-76.231165,41.925656],[-76.234284,41.923705],[-76.230264,41.920834],[-76.228005,41.917079],[-76.226028,41.91702],[-76.223549,41.913737],[-76.223563,41.912135],[-76.221393,41.909549],[-76.21871,41.908957],[-76.217628,41.905137],[-76.215173,41.903457],[-76.212122,41.902541],[-76.208952,41.899493],[-76.20765,41.901487],[-76.201133,41.893145],[-76.193781,41.891563],[-76.191436,41.888955],[-76.163388,41.89041],[-76.162828,41.889195],[-76.169769,41.885833],[-76.173876,41.884115],[-76.178333,41.883222],[-76.178159,41.879458],[-76.176557,41.878075],[-76.17776,41.874038],[-76.177623,41.870822],[-76.176753,41.870237],[-76.176643,41.868552],[-76.173023,41.86679],[-76.170034,41.865768],[-76.168403,41.866136],[-76.166676,41.868804],[-76.165508,41.869654],[-76.160044,41.868989],[-76.15701,41.869373],[-76.152096,41.869454],[-76.150855,41.869832],[-76.149222,41.868786],[-76.145965,41.87],[-76.142128,41.872109],[-76.139305,41.873294],[-76.138047,41.876778],[-76.143295,41.879516],[-76.146813,41.881038],[-76.147663,41.883043],[-76.151893,41.886354],[-76.152458,41.888139],[-76.153455,41.888839],[-76.153778,41.890898],[-76.135671,41.891812],[-76.1455192032297,41.9989130371419],[-76.1566743436605,41.9988811234704]],[[-76.17086,41.931443],[-76.163979,41.937001],[-76.164511,41.941062],[-76.163596,41.944845],[-76.161679,41.946557],[-76.15716,41.948777],[-76.152671,41.949227],[-76.152099,41.942268],[-76.152841,41.939069],[-76.150164,41.939328],[-76.150917,41.93751],[-76.152756,41.936385],[-76.159072,41.934575],[-76.160756,41.93536],[-76.16455,41.933906],[-76.167706,41.929334],[-76.17086,41.931443]]]}},{"type":"Feature","properties":{"zcta5":"18810","AFFGEOID10":"8600000US18810","GEOID10":"18810","ALAND10":119060618,"AWATER10":3413766,"county_name":"Bradford","state_code":"PA","county_state":"Bradford County, PA","county_fips":"42015","risk_level_county":"Medium Risk (70–79% vaccinated)","mean_vaccination_rate_county":72.76,"risk_level_zcta":"Medium Risk (70–79% vaccinated)","mean_vaccination_rate_zips":76.39,"cases":134},"geometry":{"type":"Polygon","coordinates":[[[-76.380364,41.960418],[-76.386595,41.960216],[-76.386226,41.957568],[-76.383945,41.95577],[-76.3813,41.951063],[-76.38114,41.943258],[-76.380133,41.9407],[-76.38496,41.940386],[-76.388585,41.93964],[-76.39095,41.940075],[-76.393223,41.939599],[-76.396806,41.936076],[-76.398849,41.936735],[-76.399508,41.938328],[-76.401198,41.933855],[-76.404407,41.928716],[-76.406559,41.926234],[-76.407866,41.926946],[-76.40621,41.930127],[-76.408144,41.934602],[-76.408863,41.937789],[-76.410299,41.941483],[-76.417332,41.941354],[-76.423788,41.941472],[-76.429571,41.941313],[-76.4324,41.939841],[-76.432936,41.94332],[-76.433826,41.94467],[-76.431232,41.948353],[-76.42897,41.948917],[-76.42927,41.952304],[-76.430452,41.952344],[-76.431228,41.954445],[-76.433772,41.954879],[-76.437479,41.953243],[-76.439847,41.953226],[-76.441575,41.954148],[-76.444554,41.954143],[-76.448306,41.951078],[-76.448732,41.951991],[-76.44529,41.95513],[-76.441397,41.958127],[-76.438482,41.959926],[-76.440907,41.963628],[-76.44513,41.964655],[-76.448782,41.965162],[-76.455766,41.964834],[-76.462124,41.963992],[-76.469441,41.961532],[-76.473416,41.959756],[-76.476727,41.962108],[-76.478401,41.962537],[-76.48108,41.962004],[-76.481094,41.962327],[-76.481913,41.982223],[-76.487198,41.982198],[-76.490266,41.979864],[-76.492885,41.981069],[-76.500641,41.981331],[-76.503572,41.983117],[-76.505544,41.980857],[-76.507804,41.981189],[-76.510423,41.977585],[-76.511901,41.972472],[-76.529608,41.972943],[-76.53068,41.971385],[-76.529537,41.967785],[-76.530021,41.966008],[-76.53342,41.965442],[-76.53595,41.965366],[-76.541876,41.965195],[-76.553622,41.970739],[-76.554711,41.972578],[-76.558249,41.973956],[-76.562611,41.976201],[-76.562991,41.97811],[-76.566962,41.978511],[-76.570302,41.977082],[-76.573442,41.976275],[-76.574844,41.975038],[-76.573176,41.971391],[-76.578731,41.97394],[-76.583881,41.975233],[-76.58551,41.973534],[-76.586224,41.971126],[-76.588646,41.968248],[-76.587,41.969026],[-76.586478,41.960965],[-76.589615,41.956721],[-76.589562,41.955948],[-76.586279,41.956084],[-76.611385,41.946449],[-76.608727,41.942487],[-76.60994,41.942039],[-76.623552,41.941809],[-76.623323,41.945137],[-76.628384,41.947119],[-76.631181,41.949297],[-76.635773,41.950788],[-76.635026,41.935215],[-76.637895,41.935146],[-76.63812,41.932275],[-76.637756,41.925344],[-76.637463,41.919164],[-76.636698,41.916828],[-76.634096,41.915215],[-76.633817,41.908883],[-76.630291,41.90704],[-76.618703,41.907368],[-76.618936,41.911092],[-76.617651,41.914098],[-76.617701,41.915973],[-76.616439,41.916354],[-76.61796,41.91702],[-76.617778,41.919685],[-76.615271,41.918319],[-76.613411,41.918611],[-76.611097,41.919704],[-76.607805,41.920496],[-76.604408,41.91924],[-76.600211,41.918682],[-76.596059,41.919699],[-76.593788,41.919639],[-76.592135,41.921023],[-76.58929,41.920222],[-76.586821,41.920678],[-76.582263,41.919378],[-76.579661,41.91922],[-76.577949,41.920246],[-76.575876,41.920581],[-76.572503,41.91966],[-76.571202,41.919978],[-76.566894,41.917695],[-76.566799,41.916965],[-76.561294,41.915247],[-76.555502,41.915444],[-76.551831,41.916384],[-76.54929,41.915739],[-76.549931,41.916536],[-76.549937,41.920015],[-76.548607,41.921175],[-76.542609,41.922804],[-76.54144,41.923929],[-76.537544,41.923363],[-76.533266,41.923543],[-76.531634,41.924504],[-76.525064,41.924019],[-76.523916,41.924051],[-76.523931,41.924501],[-76.522982,41.924677],[-76.522695,41.925484],[-76.521857,41.926104],[-76.521922,41.926768],[-76.520974,41.926806],[-76.520298,41.926493],[-76.519261,41.927104],[-76.51672,41.923368],[-76.515295,41.922478],[-76.514875,41.923625],[-76.514155,41.928083],[-76.513545,41.927527],[-76.514443,41.924319],[-76.514223,41.922814],[-76.516875,41.917307],[-76.517025,41.914254],[-76.516403,41.910134],[-76.522678,41.90987],[-76.522224,41.902368],[-76.521246,41.89683],[-76.517683,41.887858],[-76.516189,41.880566],[-76.515126,41.877925],[-76.509088,41.870471],[-76.506146,41.866505],[-76.503924,41.862868],[-76.502848,41.858972],[-76.502947,41.85509],[-76.501196,41.850551],[-76.501222,41.849161],[-76.499362,41.84884],[-76.495903,41.849171],[-76.496256,41.853395],[-76.497833,41.856556],[-76.499767,41.859222],[-76.500813,41.861922],[-76.506449,41.869608],[-76.507006,41.871066],[-76.505132,41.87162],[-76.507678,41.873927],[-76.509114,41.876984],[-76.508958,41.878856],[-76.507958,41.880184],[-76.507801,41.883082],[-76.5039,41.88392],[-76.500691,41.883057],[-76.497112,41.882619],[-76.492661,41.883208],[-76.491597,41.883879],[-76.490651,41.887034],[-76.488897,41.888424],[-76.485679,41.894039],[-76.484188,41.895395],[-76.483371,41.897329],[-76.478256,41.901325],[-76.478473,41.902619],[-76.477271,41.903635],[-76.47241,41.906049],[-76.468263,41.908832],[-76.463957,41.909821],[-76.45791,41.909918],[-76.457687,41.909182],[-76.4596,41.904566],[-76.45954,41.903507],[-76.455268,41.905798],[-76.448341,41.905811],[-76.44748,41.908053],[-76.444357,41.908482],[-76.444544,41.910932],[-76.445664,41.912771],[-76.439933,41.912952],[-76.42376,41.914014],[-76.416272,41.914066],[-76.416194,41.916091],[-76.415435,41.915829],[-76.41234,41.918041],[-76.412428,41.919869],[-76.41142,41.922597],[-76.408935,41.923541],[-76.406832,41.923776],[-76.405062,41.925465],[-76.396366,41.920766],[-76.392997,41.917462],[-76.391507,41.916878],[-76.391356,41.91453],[-76.378927,41.914908],[-76.378988,41.918976],[-76.37722,41.918423],[-76.373076,41.918097],[-76.368622,41.918758],[-76.365717,41.916679],[-76.362798,41.915604],[-76.362459,41.914529],[-76.362151,41.914968],[-76.362093,41.916406],[-76.361723,41.916642],[-76.362108,41.917311],[-76.362511,41.919713],[-76.362803,41.920421],[-76.360113,41.920667],[-76.361517,41.921962],[-76.361739,41.923785],[-76.360249,41.926459],[-76.359993,41.928798],[-76.361244,41.929747],[-76.359319,41.931905],[-76.360012,41.933919],[-76.358912,41.937472],[-76.360244,41.939299],[-76.35941,41.941459],[-76.364583,41.941269],[-76.365586,41.94621],[-76.36611,41.950954],[-76.366123,41.954413],[-76.364356,41.960999],[-76.380364,41.960418]],[[-76.416194,41.916091],[-76.416339,41.916098],[-76.417552,41.917191],[-76.416926,41.919057],[-76.41786,41.920023],[-76.420667,41.920913],[-76.421549,41.922804],[-76.418002,41.920554],[-76.415668,41.919564],[-76.415952,41.91755],[-76.416194,41.916091]]]}},{"type":"Feature","properties":{"zcta5":"18623","AFFGEOID10":"8600000US18623","GEOID10":"18623","ALAND10":146069515,"AWATER10":3301666,"county_name":"Bradford","state_code":"PA","county_state":"Bradford County, PA","county_fips":"42015","risk_level_county":"Medium Risk (70–79% vaccinated)","mean_vaccination_rate_county":72.76,"risk_level_zcta":"Medium Risk (70–79% vaccinated)","mean_vaccination_rate_zips":75.08,"cases":134},"geometry":{"type":"Polygon","coordinates":[[[-76.21424,41.568012],[-76.21343,41.56796],[-76.20522,41.56933],[-76.20603,41.56591],[-76.20611,41.56062],[-76.20205,41.55415],[-76.20089,41.55108],[-76.19978,41.54927],[-76.198085,41.545158],[-76.19643,41.54574],[-76.19443,41.54748],[-76.19368,41.54948],[-76.18999,41.55335],[-76.18792,41.5549],[-76.18208,41.56139],[-76.17682,41.5655],[-76.17351,41.57029],[-76.183242,41.573008],[-76.182035,41.57628],[-76.180719,41.57869],[-76.179308,41.582512],[-76.17813,41.583917],[-76.1744,41.586585],[-76.169221,41.586334],[-76.168213,41.588638],[-76.169148,41.589197],[-76.168198,41.590123],[-76.1693,41.59127],[-76.167323,41.592171],[-76.16299,41.592572],[-76.163151,41.593981],[-76.15734,41.59477],[-76.15359,41.59455],[-76.15172,41.59484],[-76.14951,41.59659],[-76.14452,41.59815],[-76.14258,41.60024],[-76.13863,41.60273],[-76.13512,41.6062],[-76.13258,41.60719],[-76.12815,41.60832],[-76.12792,41.60939],[-76.12871,41.61014],[-76.13646,41.61286],[-76.14058,41.61518],[-76.14379,41.61793],[-76.145162,41.620087],[-76.142998,41.621008],[-76.1452,41.622601],[-76.1457,41.63084],[-76.146599,41.632817],[-76.1485,41.635371],[-76.151119,41.63754],[-76.153049,41.64039],[-76.154834,41.6415],[-76.156972,41.64166],[-76.160513,41.640609],[-76.160898,41.642773],[-76.155151,41.643405],[-76.152752,41.642679],[-76.151206,41.639343],[-76.146718,41.635051],[-76.144758,41.632203],[-76.143873,41.624618],[-76.143389,41.623461],[-76.138161,41.617787],[-76.133914,41.615564],[-76.128124,41.612109],[-76.122157,41.611102],[-76.121798,41.612113],[-76.119563,41.611497],[-76.118378,41.613648],[-76.120981,41.614422],[-76.11758,41.61406],[-76.116571,41.62106],[-76.114368,41.62421],[-76.11255,41.62569],[-76.110064,41.626446],[-76.109187,41.625597],[-76.10255,41.62572],[-76.09963,41.62632],[-76.0963,41.62779],[-76.09311,41.63114],[-76.09209,41.63309],[-76.091074,41.633362],[-76.089059,41.638687],[-76.088581,41.643052],[-76.08737,41.64346],[-76.087578,41.644726],[-76.100861,41.644061],[-76.10407,41.64797],[-76.10774,41.64903],[-76.10404,41.65131],[-76.10266,41.65279],[-76.09907,41.65424],[-76.10186,41.65518],[-76.10284,41.65662],[-76.102299,41.657537],[-76.098336,41.658647],[-76.096858,41.661058],[-76.096221,41.667449],[-76.10029,41.66725],[-76.10075,41.67334],[-76.09911,41.67783],[-76.09546,41.68118],[-76.08949,41.68196],[-76.08954,41.68632],[-76.08764,41.68643],[-76.08619,41.69631],[-76.07801,41.69638],[-76.07821,41.6991],[-76.07591,41.70096],[-76.072,41.7032],[-76.07097,41.70507],[-76.07005,41.70857],[-76.07697,41.70728],[-76.0824,41.70416],[-76.0852,41.7058],[-76.0862,41.70769],[-76.0938,41.70712],[-76.09375,41.71167],[-76.09301,41.713939],[-76.10074,41.71361],[-76.10029,41.71486],[-76.10202,41.71624],[-76.10371,41.72017],[-76.10672,41.72012],[-76.09206,41.73106],[-76.08655,41.73353],[-76.07887,41.73579],[-76.07593,41.7375],[-76.076119,41.739775],[-76.092931,41.739348],[-76.090448,41.741313],[-76.08943,41.74312],[-76.08822,41.74851],[-76.08656,41.75097],[-76.08669,41.753595],[-76.087284,41.754807],[-76.090053,41.756089],[-76.093118,41.756121],[-76.0971,41.756944],[-76.098061,41.757822],[-76.1004,41.757519],[-76.101699,41.75977],[-76.105138,41.76046],[-76.107076,41.762107],[-76.111477,41.764855],[-76.11323,41.765321],[-76.114713,41.766704],[-76.118879,41.767767],[-76.119804,41.769282],[-76.122055,41.768671],[-76.124648,41.769286],[-76.125747,41.770172],[-76.124618,41.766915],[-76.123848,41.758565],[-76.126801,41.75688],[-76.131131,41.755356],[-76.133135,41.754288],[-76.134487,41.752189],[-76.152502,41.764036],[-76.150721,41.765081],[-76.156743,41.762513],[-76.162832,41.762689],[-76.167515,41.76029],[-76.169151,41.760425],[-76.171131,41.759129],[-76.175208,41.7595],[-76.178047,41.758433],[-76.173652,41.758158],[-76.173074,41.757606],[-76.17461,41.753039],[-76.17801,41.747284],[-76.187605,41.746911],[-76.189673,41.743825],[-76.191126,41.739325],[-76.189675,41.736741],[-76.191712,41.733967],[-76.187506,41.728169],[-76.179285,41.728285],[-76.176516,41.725031],[-76.174544,41.724871],[-76.171877,41.722631],[-76.171886,41.721075],[-76.175912,41.718877],[-76.175017,41.712875],[-76.1738,41.712843],[-76.173396,41.708165],[-76.171219,41.706203],[-76.170008,41.70152],[-76.170273,41.699274],[-76.1698,41.697047],[-76.170591,41.695418],[-76.18189,41.699519],[-76.180336,41.69493],[-76.173688,41.684495],[-76.17542,41.683376],[-76.175224,41.681911],[-76.181971,41.675634],[-76.182131,41.673079],[-76.185248,41.672068],[-76.185662,41.671201],[-76.182959,41.669802],[-76.181916,41.66882],[-76.183573,41.670098],[-76.194394,41.675385],[-76.196023,41.675882],[-76.204072,41.6758],[-76.203942,41.673377],[-76.199835,41.672692],[-76.194732,41.669142],[-76.192322,41.666458],[-76.191692,41.662557],[-76.193374,41.658058],[-76.195832,41.653325],[-76.197206,41.651507],[-76.199513,41.646733],[-76.201598,41.641682],[-76.201854,41.639494],[-76.20161,41.634742],[-76.200825,41.633121],[-76.21424,41.568012]]]}},{"type":"Feature","properties":{"zcta5":"18829","AFFGEOID10":"8600000US18829","GEOID10":"18829","ALAND10":66842391,"AWATER10":347718,"county_name":"Bradford","state_code":"PA","county_state":"Bradford County, PA","county_fips":"42015","risk_level_county":"Medium Risk (70–79% vaccinated)","mean_vaccination_rate_county":72.76,"risk_level_zcta":"Medium Risk (70–79% vaccinated)","mean_vaccination_rate_zips":71.6,"cases":134},"geometry":{"type":"Polygon","coordinates":[[[-76.24242,41.857842],[-76.244341,41.854839],[-76.247172,41.852032],[-76.247097,41.847729],[-76.240512,41.846239],[-76.228405,41.842653],[-76.224483,41.842209],[-76.222693,41.840414],[-76.222593,41.838136],[-76.223176,41.852991],[-76.219916,41.85102],[-76.216284,41.849455],[-76.212439,41.846309],[-76.210671,41.843832],[-76.207698,41.841867],[-76.204019,41.841329],[-76.198303,41.837999],[-76.186619,41.832427],[-76.186487,41.828201],[-76.185101,41.819945],[-76.185382,41.817455],[-76.187155,41.813685],[-76.186228,41.812609],[-76.187607,41.811686],[-76.187211,41.810122],[-76.1849,41.808414],[-76.184723,41.805658],[-76.183704,41.804308],[-76.183572,41.802331],[-76.180343,41.80002],[-76.179147,41.797668],[-76.179171,41.796081],[-76.178067,41.795415],[-76.176995,41.796085],[-76.176243,41.798076],[-76.172799,41.80321],[-76.167736,41.801543],[-76.167384,41.800579],[-76.167882,41.796373],[-76.177727,41.795165],[-76.181848,41.796309],[-76.182919,41.794365],[-76.181606,41.790067],[-76.179046,41.788622],[-76.176376,41.78899],[-76.176112,41.786421],[-76.171264,41.783609],[-76.169709,41.781913],[-76.167751,41.781297],[-76.166109,41.779019],[-76.163931,41.777756],[-76.161371,41.777228],[-76.160477,41.775575],[-76.158556,41.774773],[-76.157885,41.776832],[-76.158638,41.77808],[-76.158664,41.78169],[-76.158185,41.783299],[-76.156073,41.786037],[-76.15586,41.7881],[-76.156617,41.793782],[-76.155598,41.794844],[-76.156652,41.797723],[-76.136106,41.800209],[-76.136454,41.797206],[-76.13836,41.793574],[-76.138592,41.787146],[-76.139009,41.786168],[-76.138366,41.783286],[-76.141732,41.778357],[-76.143254,41.778233],[-76.144531,41.777025],[-76.14584,41.772837],[-76.146237,41.770312],[-76.150346,41.7677],[-76.150721,41.765081],[-76.152502,41.764036],[-76.134487,41.752189],[-76.133135,41.754288],[-76.131131,41.755356],[-76.126801,41.75688],[-76.123848,41.758565],[-76.124618,41.766915],[-76.125747,41.770172],[-76.125611,41.780314],[-76.130696,41.836577],[-76.134046,41.873588],[-76.134507,41.87666],[-76.135117,41.884586],[-76.135671,41.891812],[-76.153778,41.890898],[-76.153455,41.888839],[-76.152458,41.888139],[-76.151893,41.886354],[-76.147663,41.883043],[-76.146813,41.881038],[-76.143295,41.879516],[-76.138047,41.876778],[-76.139305,41.873294],[-76.142128,41.872109],[-76.145965,41.87],[-76.149222,41.868786],[-76.150855,41.869832],[-76.152096,41.869454],[-76.15701,41.869373],[-76.160044,41.868989],[-76.165508,41.869654],[-76.166676,41.868804],[-76.168403,41.866136],[-76.170034,41.865768],[-76.173023,41.86679],[-76.176643,41.868552],[-76.176753,41.870237],[-76.177623,41.870822],[-76.17776,41.874038],[-76.176557,41.878075],[-76.178159,41.879458],[-76.178333,41.883222],[-76.180726,41.883011],[-76.192706,41.882916],[-76.224091,41.881648],[-76.223569,41.864189],[-76.231081,41.864743],[-76.232804,41.864565],[-76.237754,41.86491],[-76.244866,41.859603],[-76.241996,41.858926],[-76.24242,41.857842]]]}},{"type":"Feature","properties":{"zcta5":"18831","AFFGEOID10":"8600000US18831","GEOID10":"18831","ALAND10":75561115,"AWATER10":718698,"county_name":"Bradford","state_code":"PA","county_state":"Bradford County, PA","county_fips":"42015","risk_level_county":"Medium Risk (70–79% vaccinated)","mean_vaccination_rate_county":72.76,"risk_level_zcta":"Medium Risk (70–79% vaccinated)","mean_vaccination_rate_zips":71.67,"cases":134},"geometry":{"type":"Polygon","coordinates":[[[-76.679528,41.917631],[-76.677735,41.916682],[-76.677824,41.915563],[-76.67512,41.913153],[-76.673518,41.910891],[-76.672879,41.908898],[-76.67362,41.906224],[-76.672304,41.904944],[-76.67441,41.90105],[-76.676436,41.898505],[-76.676347,41.895326],[-76.677673,41.894496],[-76.675621,41.862468],[-76.673996,41.862733],[-76.668716,41.866399],[-76.667379,41.86142],[-76.661391,41.861821],[-76.659086,41.861209],[-76.654087,41.861591],[-76.651855,41.860444],[-76.650621,41.860548],[-76.649234,41.858577],[-76.647847,41.857769],[-76.64638,41.855579],[-76.643325,41.855166],[-76.637891,41.850562],[-76.635619,41.849143],[-76.629477,41.846112],[-76.625476,41.846545],[-76.624103,41.845978],[-76.625409,41.847544],[-76.625704,41.85417],[-76.626658,41.854923],[-76.63023,41.859898],[-76.632351,41.860964],[-76.633575,41.86338],[-76.635813,41.865494],[-76.635834,41.867723],[-76.636641,41.868634],[-76.638558,41.868778],[-76.639988,41.871078],[-76.639459,41.872434],[-76.642441,41.877118],[-76.639135,41.877568],[-76.636172,41.879278],[-76.624315,41.882659],[-76.610706,41.885029],[-76.610379,41.884878],[-76.617453,41.875682],[-76.615882,41.873111],[-76.616189,41.871283],[-76.618581,41.869141],[-76.617639,41.866755],[-76.615029,41.867982],[-76.613765,41.868028],[-76.610694,41.866902],[-76.603989,41.868779],[-76.602152,41.864457],[-76.599636,41.863298],[-76.595185,41.848433],[-76.574991,41.852166],[-76.56499,41.852412],[-76.563154,41.853026],[-76.560595,41.853159],[-76.560451,41.854878],[-76.561413,41.856788],[-76.560414,41.858293],[-76.562214,41.859407],[-76.564424,41.859939],[-76.564527,41.861476],[-76.563484,41.862909],[-76.562699,41.865901],[-76.561597,41.867301],[-76.560436,41.871545],[-76.556636,41.865872],[-76.553571,41.862389],[-76.554753,41.884709],[-76.553001,41.883907],[-76.548699,41.883621],[-76.547533,41.884158],[-76.546973,41.882079],[-76.545918,41.881297],[-76.539074,41.880955],[-76.536502,41.881463],[-76.533934,41.882613],[-76.530025,41.885472],[-76.527892,41.886595],[-76.526936,41.887831],[-76.525637,41.887437],[-76.518042,41.882353],[-76.516768,41.882487],[-76.516189,41.880566],[-76.517683,41.887858],[-76.521246,41.89683],[-76.522224,41.902368],[-76.522678,41.90987],[-76.516403,41.910134],[-76.517025,41.914254],[-76.516875,41.917307],[-76.514223,41.922814],[-76.514443,41.924319],[-76.513545,41.927527],[-76.514155,41.928083],[-76.514875,41.923625],[-76.515295,41.922478],[-76.51672,41.923368],[-76.519261,41.927104],[-76.520298,41.926493],[-76.520974,41.926806],[-76.521922,41.926768],[-76.521857,41.926104],[-76.522695,41.925484],[-76.522982,41.924677],[-76.523931,41.924501],[-76.523916,41.924051],[-76.525064,41.924019],[-76.531634,41.924504],[-76.533266,41.923543],[-76.537544,41.923363],[-76.54144,41.923929],[-76.542609,41.922804],[-76.548607,41.921175],[-76.549937,41.920015],[-76.549931,41.916536],[-76.54929,41.915739],[-76.551831,41.916384],[-76.555502,41.915444],[-76.561294,41.915247],[-76.566799,41.916965],[-76.566894,41.917695],[-76.571202,41.919978],[-76.572503,41.91966],[-76.575876,41.920581],[-76.577949,41.920246],[-76.579661,41.91922],[-76.582263,41.919378],[-76.586821,41.920678],[-76.58929,41.920222],[-76.592135,41.921023],[-76.593788,41.919639],[-76.596059,41.919699],[-76.600211,41.918682],[-76.604408,41.91924],[-76.607805,41.920496],[-76.611097,41.919704],[-76.613411,41.918611],[-76.615271,41.918319],[-76.617778,41.919685],[-76.61796,41.91702],[-76.616439,41.916354],[-76.617701,41.915973],[-76.617651,41.914098],[-76.618936,41.911092],[-76.618703,41.907368],[-76.630291,41.90704],[-76.633817,41.908883],[-76.634096,41.915215],[-76.636698,41.916828],[-76.637463,41.919164],[-76.637756,41.925344],[-76.641634,41.925193],[-76.643332,41.924343],[-76.646272,41.921545],[-76.649522,41.921654],[-76.65331,41.921363],[-76.658232,41.921673],[-76.66024,41.921492],[-76.665766,41.920257],[-76.670901,41.919641],[-76.679528,41.917631]]]}},{"type":"Feature","properties":{"zcta5":"17765","AFFGEOID10":"8600000US17765","GEOID10":"17765","ALAND10":214206023,"AWATER10":1110067,"county_name":"Bradford","state_code":"PA","county_state":"Bradford County, PA","county_fips":"42015","risk_level_county":"Medium Risk (70–79% vaccinated)","mean_vaccination_rate_county":72.76,"risk_level_zcta":"Medium Risk (70–79% vaccinated)","mean_vaccination_rate_zips":75.9,"cases":134},"geometry":{"type":"Polygon","coordinates":[[[-77.100619,41.521761],[-77.096914,41.522184],[-77.095974,41.517266],[-77.098854,41.515025],[-77.101572,41.514223],[-77.102506,41.513411],[-77.102583,41.511955],[-77.104048,41.510287],[-77.104139,41.508593],[-77.102136,41.507219],[-77.101554,41.505649],[-77.101752,41.503866],[-77.101464,41.492245],[-77.099769,41.492234],[-77.095648,41.495037],[-77.090497,41.495896],[-77.089238,41.496983],[-77.084796,41.495063],[-77.081543,41.494814],[-77.077198,41.493471],[-77.07411,41.493922],[-77.068629,41.493612],[-77.061982,41.492278],[-77.059153,41.492117],[-77.055137,41.490607],[-77.053468,41.490397],[-77.049492,41.490897],[-77.039839,41.501139],[-77.013013,41.542227],[-77.00863,41.544792],[-77.004906,41.544606],[-77.00245,41.545203],[-76.99974,41.547659],[-76.996055,41.547518],[-76.992458,41.548304],[-76.992099,41.550413],[-76.9641,41.551262],[-76.963333,41.543897],[-76.962539,41.543895],[-76.962146,41.540785],[-76.961452,41.539221],[-76.959672,41.537239],[-76.960499,41.538173],[-76.961126,41.543892],[-76.879129,41.545674],[-76.871333,41.545843],[-76.869894,41.546205],[-76.868052,41.545444],[-76.861915,41.545947],[-76.860308,41.545283],[-76.858388,41.545925],[-76.853849,41.543731],[-76.850396,41.543933],[-76.85006,41.541986],[-76.849073,41.540706],[-76.849393,41.539827],[-76.8477,41.539831],[-76.846392,41.541265],[-76.84113,41.543278],[-76.837581,41.54375],[-76.834073,41.545829],[-76.832562,41.547187],[-76.829138,41.54608],[-76.826288,41.546297],[-76.824288,41.545158],[-76.822027,41.544541],[-76.82057,41.545483],[-76.818545,41.545638],[-76.81736,41.544097],[-76.814454,41.54404],[-76.812778,41.545098],[-76.810227,41.545198],[-76.805958,41.543811],[-76.801367,41.543594],[-76.798073,41.544528],[-76.804615,41.564533],[-76.813731,41.590034],[-76.874714,41.596919],[-76.878699,41.620344],[-76.88896,41.620916],[-76.892293,41.618987],[-76.895972,41.617759],[-76.899211,41.618113],[-76.898996,41.621605],[-76.89783,41.622761],[-76.896759,41.626928],[-76.895513,41.628443],[-76.900681,41.631971],[-76.903645,41.632098],[-76.903882,41.631061],[-76.906026,41.628852],[-76.907567,41.624765],[-76.906687,41.622353],[-76.906992,41.619601],[-76.910031,41.619044],[-76.91931,41.619892],[-76.925685,41.621374],[-76.930005,41.620267],[-76.932563,41.620734],[-76.939792,41.620601],[-76.938805,41.619158],[-76.940238,41.614954],[-76.939753,41.61279],[-76.938102,41.6113],[-76.937713,41.608626],[-76.93955,41.603616],[-76.945279,41.607518],[-76.947901,41.608579],[-76.948114,41.609284],[-76.948241,41.617481],[-76.956626,41.6055],[-76.958294,41.606174],[-76.963152,41.610443],[-76.965187,41.613028],[-76.965561,41.614823],[-76.968996,41.616575],[-76.968359,41.616747],[-76.955049,41.617042],[-76.951565,41.617523],[-76.947636,41.618631],[-76.948309,41.620114],[-76.954637,41.627568],[-76.957434,41.627433],[-76.959869,41.628081],[-76.959197,41.629893],[-76.960447,41.631981],[-76.963706,41.63304],[-76.964007,41.633684],[-76.960004,41.639833],[-76.956776,41.64296],[-76.952815,41.647976],[-76.960608,41.645941],[-76.966055,41.6442],[-76.968138,41.645549],[-76.973226,41.646951],[-76.976636,41.64629],[-76.980049,41.646819],[-76.981691,41.645565],[-76.981444,41.643831],[-76.98342,41.641731],[-76.984147,41.639242],[-76.986214,41.636777],[-76.986181,41.63543],[-76.98925,41.635321],[-76.990775,41.635436],[-76.994423,41.637026],[-76.99826,41.63614],[-76.99979,41.636591],[-77.004535,41.64107],[-77.006995,41.641458],[-77.01228,41.644426],[-77.015906,41.645436],[-77.015618,41.639994],[-77.018164,41.640051],[-77.045692,41.639103],[-77.04538,41.636685],[-77.045626,41.634152],[-77.047523,41.631204],[-77.050179,41.628753],[-77.051535,41.626809],[-77.050584,41.62328],[-77.049569,41.620532],[-77.047737,41.618327],[-77.044661,41.615401],[-77.04037,41.614172],[-77.042332,41.61065],[-77.044008,41.609817],[-77.045617,41.608156],[-77.045628,41.606595],[-77.043695,41.605678],[-77.042378,41.603962],[-77.040935,41.60078],[-77.040155,41.594858],[-77.042574,41.590915],[-77.042258,41.588614],[-77.051629,41.593283],[-77.056504,41.596017],[-77.062327,41.597274],[-77.069198,41.597146],[-77.070931,41.596164],[-77.077114,41.59591],[-77.081996,41.587989],[-77.087858,41.579326],[-77.088667,41.574091],[-77.089411,41.572558],[-77.089278,41.568324],[-77.086917,41.56843],[-77.087973,41.566744],[-77.087828,41.563364],[-77.089789,41.560075],[-77.082714,41.559354],[-77.082018,41.558934],[-77.078906,41.551588],[-77.078739,41.548172],[-77.059096,41.548678],[-77.065828,41.547043],[-77.068763,41.546623],[-77.077173,41.546348],[-77.079763,41.54662],[-77.079476,41.54598],[-77.082971,41.546921],[-77.088833,41.546601],[-77.092904,41.547218],[-77.092073,41.542336],[-77.09141,41.540048],[-77.098267,41.539264],[-77.103892,41.53954],[-77.103023,41.537405],[-77.09811,41.533603],[-77.095944,41.533289],[-77.09553,41.529353],[-77.096194,41.528032],[-77.099461,41.526954],[-77.100685,41.525923],[-77.100619,41.521761]]]}},{"type":"Feature","properties":{"zcta5":"18837","AFFGEOID10":"8600000US18837","GEOID10":"18837","ALAND10":233451266,"AWATER10":1336941,"county_name":"Bradford","state_code":"PA","county_state":"Bradford County, PA","county_fips":"42015","risk_level_county":"Medium Risk (70–79% vaccinated)","mean_vaccination_rate_county":72.76,"risk_level_zcta":"Medium Risk (70–79% vaccinated)","mean_vaccination_rate_zips":71.18,"cases":134},"geometry":{"type":"Polygon","coordinates":[[[-76.391356,41.91453],[-76.414715,41.913824],[-76.414411,41.909634],[-76.411182,41.909746],[-76.410749,41.908952],[-76.410981,41.904165],[-76.410407,41.903015],[-76.40578,41.897159],[-76.402413,41.898281],[-76.391965,41.899716],[-76.394815,41.89908],[-76.398814,41.896034],[-76.399903,41.893724],[-76.401535,41.892428],[-76.405525,41.890744],[-76.405348,41.887909],[-76.406426,41.882063],[-76.409237,41.884845],[-76.412785,41.885756],[-76.411822,41.871917],[-76.406614,41.872912],[-76.402611,41.872295],[-76.400543,41.868589],[-76.399109,41.867444],[-76.398833,41.865614],[-76.397769,41.864349],[-76.397642,41.862084],[-76.399273,41.859194],[-76.399585,41.857725],[-76.392453,41.857935],[-76.387819,41.857925],[-76.386748,41.857349],[-76.384152,41.858145],[-76.382071,41.858042],[-76.376097,41.859969],[-76.373027,41.857883],[-76.370342,41.85705],[-76.36473,41.853785],[-76.357649,41.850555],[-76.355531,41.850079],[-76.355207,41.849058],[-76.351627,41.846535],[-76.350105,41.849805],[-76.346512,41.849801],[-76.347966,41.846104],[-76.345469,41.845817],[-76.345028,41.843973],[-76.345261,41.840712],[-76.347174,41.834837],[-76.349536,41.832316],[-76.349693,41.83042],[-76.346382,41.830265],[-76.341317,41.831067],[-76.336845,41.830678],[-76.335442,41.830992],[-76.330347,41.833863],[-76.329248,41.834048],[-76.327347,41.828269],[-76.326234,41.826359],[-76.321711,41.824288],[-76.318979,41.823748],[-76.311871,41.823997],[-76.311672,41.821462],[-76.29155,41.8223],[-76.292951,41.824854],[-76.293567,41.827683],[-76.29324,41.831222],[-76.291718,41.835533],[-76.289077,41.836641],[-76.283114,41.835987],[-76.276809,41.83602],[-76.27084,41.835519],[-76.263937,41.835793],[-76.26389,41.837517],[-76.26149,41.839414],[-76.259502,41.844154],[-76.259301,41.846491],[-76.254731,41.8517],[-76.254722,41.852672],[-76.252527,41.85294],[-76.25041,41.854816],[-76.246731,41.856688],[-76.24242,41.857842],[-76.241996,41.858926],[-76.244866,41.859603],[-76.237754,41.86491],[-76.232804,41.864565],[-76.231081,41.864743],[-76.223569,41.864189],[-76.224091,41.881648],[-76.192706,41.882916],[-76.180726,41.883011],[-76.178333,41.883222],[-76.173876,41.884115],[-76.169769,41.885833],[-76.162828,41.889195],[-76.163388,41.89041],[-76.191436,41.888955],[-76.193781,41.891563],[-76.201133,41.893145],[-76.20765,41.901487],[-76.208952,41.899493],[-76.212122,41.902541],[-76.215173,41.903457],[-76.217628,41.905137],[-76.21871,41.908957],[-76.221393,41.909549],[-76.223563,41.912135],[-76.223549,41.913737],[-76.226028,41.91702],[-76.228005,41.917079],[-76.230264,41.920834],[-76.234284,41.923705],[-76.231165,41.925656],[-76.229724,41.927115],[-76.228188,41.930507],[-76.2262,41.932378],[-76.223444,41.933672],[-76.218275,41.934349],[-76.214819,41.935321],[-76.213931,41.93839],[-76.211277,41.939994],[-76.212271,41.942365],[-76.212139,41.94399],[-76.213206,41.94573],[-76.212223,41.946248],[-76.214369,41.948006],[-76.213584,41.951033],[-76.21429,41.952164],[-76.21229,41.954377],[-76.213953,41.956046],[-76.213917,41.956984],[-76.215874,41.957],[-76.218471,41.959223],[-76.219281,41.961803],[-76.21876,41.962791],[-76.216531,41.963769],[-76.215076,41.966092],[-76.215107,41.970327],[-76.21372,41.970295],[-76.208158,41.968921],[-76.196515,41.967422],[-76.197315,41.977014],[-76.196772,41.982014],[-76.197185,41.989084],[-76.195636,41.993789],[-76.18633,41.989088],[-76.181071,41.993476],[-76.176901,41.994081],[-76.17506,41.993669],[-76.164983,41.993946],[-76.1566743436605,41.9988811234704],[-76.2049277590365,41.998743075576094],[-76.2926641453546,41.9984920710971],[-76.343722,41.998346],[-76.349898,41.99841],[-76.38153964198091,41.9985576987662],[-76.380364,41.960418],[-76.364356,41.960999],[-76.366123,41.954413],[-76.36611,41.950954],[-76.365586,41.94621],[-76.364583,41.941269],[-76.35941,41.941459],[-76.360244,41.939299],[-76.358912,41.937472],[-76.360012,41.933919],[-76.359319,41.931905],[-76.361244,41.929747],[-76.359993,41.928798],[-76.360249,41.926459],[-76.361739,41.923785],[-76.361517,41.921962],[-76.360113,41.920667],[-76.359719,41.919823],[-76.356863,41.92024],[-76.356534,41.920993],[-76.349211,41.921661],[-76.34972,41.919712],[-76.345987,41.920807],[-76.344356,41.9218],[-76.342115,41.9218],[-76.338778,41.921081],[-76.33316,41.92052],[-76.327813,41.920764],[-76.32495,41.920594],[-76.323619,41.919469],[-76.321985,41.916891],[-76.320838,41.916197],[-76.315998,41.872911],[-76.31902,41.870977],[-76.321583,41.870093],[-76.324308,41.870169],[-76.326391,41.86813],[-76.332262,41.866772],[-76.33356,41.868851],[-76.334452,41.872034],[-76.333687,41.877295],[-76.334353,41.878303],[-76.333225,41.880835],[-76.333213,41.881996],[-76.335222,41.882234],[-76.340828,41.881667],[-76.344469,41.881929],[-76.349799,41.881375],[-76.35452,41.882745],[-76.354753,41.886593],[-76.353399,41.892647],[-76.353926,41.894956],[-76.357008,41.901035],[-76.354993,41.902436],[-76.355619,41.905099],[-76.358601,41.909071],[-76.360618,41.909962],[-76.361356,41.91319],[-76.362459,41.914529],[-76.362798,41.915604],[-76.365717,41.916679],[-76.368622,41.918758],[-76.373076,41.918097],[-76.37722,41.918423],[-76.378988,41.918976],[-76.378927,41.914908],[-76.391356,41.91453]]]}},{"type":"Feature","properties":{"zcta5":"16925","AFFGEOID10":"8600000US16925","GEOID10":"16925","ALAND10":199813603,"AWATER10":610908,"county_name":"Bradford","state_code":"PA","county_state":"Bradford County, PA","county_fips":"42015","risk_level_county":"Medium Risk (70–79% vaccinated)","mean_vaccination_rate_county":72.76,"risk_level_zcta":"Medium Risk (70–79% vaccinated)","mean_vaccination_rate_zips":70.03,"cases":134},"geometry":{"type":"Polygon","coordinates":[[[-76.8684188883821,42.001773389007504],[-76.867454,42.000678],[-76.86474,42.000142],[-76.861681,41.998284],[-76.859325,41.996229],[-76.857732,41.994291],[-76.854024,41.991396],[-76.854581,41.988988],[-76.861066,41.988856],[-76.863424,41.981938],[-76.864546,41.980112],[-76.867047,41.977347],[-76.866527,41.975369],[-76.864776,41.97218],[-76.86711,41.972048],[-76.872063,41.970994],[-76.877622,41.969188],[-76.881579,41.969044],[-76.886634,41.969192],[-76.890112,41.970023],[-76.893271,41.971621],[-76.89485,41.971823],[-76.900951,41.96898],[-76.902721,41.968955],[-76.904519,41.971265],[-76.905178,41.973536],[-76.906943,41.976687],[-76.908075,41.975054],[-76.909454,41.976505],[-76.911331,41.974974],[-76.91411,41.97414],[-76.91489,41.973202],[-76.916972,41.97268],[-76.919753,41.971128],[-76.922047,41.967294],[-76.919172,41.947431],[-76.915961,41.947911],[-76.908481,41.948479],[-76.901092,41.948545],[-76.898453,41.943944],[-76.897308,41.937724],[-76.897519,41.936686],[-76.917991,41.93931],[-76.915577,41.922765],[-76.91344,41.91965],[-76.911869,41.917976],[-76.912505,41.916063],[-76.910488,41.899728],[-76.895654,41.900408],[-76.891719,41.901176],[-76.886536,41.901385],[-76.883364,41.902279],[-76.881559,41.899792],[-76.881014,41.897935],[-76.78755,41.901647],[-76.785992,41.89719],[-76.783592,41.894734],[-76.783377,41.890641],[-76.778443,41.890794],[-76.776077,41.89161],[-76.768613,41.892232],[-76.767432,41.890015],[-76.762219,41.8899],[-76.760108,41.890233],[-76.754632,41.89035],[-76.757321,41.89309],[-76.757407,41.894975],[-76.755222,41.902875],[-76.750666,41.903051],[-76.750478,41.907739],[-76.749021,41.908002],[-76.747849,41.90966],[-76.734724,41.910015],[-76.731782,41.91264],[-76.729955,41.915622],[-76.724661,41.915746],[-76.719009,41.917601],[-76.714981,41.916456],[-76.713158,41.918343],[-76.710941,41.921685],[-76.709565,41.924909],[-76.708591,41.925884],[-76.705798,41.926969],[-76.705264,41.929089],[-76.701206,41.931064],[-76.698904,41.927973],[-76.697331,41.927809],[-76.692863,41.928679],[-76.691818,41.930329],[-76.689231,41.932772],[-76.689437,41.937443],[-76.689114,41.940177],[-76.687566,41.942116],[-76.686955,41.9414],[-76.68124,41.945563],[-76.677015,41.946612],[-76.673704,41.948414],[-76.671912,41.950987],[-76.667181,41.953448],[-76.668622,41.954638],[-76.669241,41.96577],[-76.657846,41.966133],[-76.657919,41.966941],[-76.659866,41.967652],[-76.662174,41.969221],[-76.66411,41.96952],[-76.666281,41.970704],[-76.669474,41.970976],[-76.670033,41.980523],[-76.667579,41.983189],[-76.667254,41.984106],[-76.670021,41.984027],[-76.671132,41.985392],[-76.670809,41.987641],[-76.671835,41.994239],[-76.666872,41.994288],[-76.660586,41.993807],[-76.658618,41.994577],[-76.653022,41.99207],[-76.651354,41.990725],[-76.650261,41.988674],[-76.648319,41.98764],[-76.644898,41.987962],[-76.644629,41.988572],[-76.641488,41.990538],[-76.637771,41.993538],[-76.6381035393041,42.000795529019],[-76.70570765942209,42.001336906887],[-76.749675,42.001689],[-76.7877673119525,42.001679793816095],[-76.815878,42.001673],[-76.835079,42.001773],[-76.8684188883821,42.001773389007504]]]}},{"type":"Feature","properties":{"zcta5":"17724","AFFGEOID10":"8600000US17724","GEOID10":"17724","ALAND10":290308704,"AWATER10":1299474,"county_name":"Bradford","state_code":"PA","county_state":"Bradford County, PA","county_fips":"42015","risk_level_county":"Medium Risk (70–79% vaccinated)","mean_vaccination_rate_county":72.76,"risk_level_zcta":"Medium Risk (70–79% vaccinated)","mean_vaccination_rate_zips":78.65,"cases":134},"geometry":{"type":"MultiPolygon","coordinates":[[[[-76.853849,41.543731],[-76.853839,41.529574],[-76.850627,41.529922],[-76.847646,41.529154],[-76.846045,41.52789],[-76.846124,41.525654],[-76.845388,41.524669],[-76.841768,41.525005],[-76.839834,41.527728],[-76.838386,41.528451],[-76.832821,41.52843],[-76.830184,41.527051],[-76.82765,41.527456],[-76.822058,41.527474],[-76.820128,41.528513],[-76.821031,41.526124],[-76.819524,41.523705],[-76.819564,41.522082],[-76.820525,41.520327],[-76.821068,41.517985],[-76.820603,41.517271],[-76.819789,41.513093],[-76.820447,41.511585],[-76.819822,41.509631],[-76.82059,41.507307],[-76.817972,41.508266],[-76.813569,41.508105],[-76.809484,41.508945],[-76.807502,41.509828],[-76.805145,41.510137],[-76.800985,41.51234],[-76.79355,41.515631],[-76.78823,41.517128],[-76.79619,41.539614],[-76.798073,41.544528],[-76.801367,41.543594],[-76.805958,41.543811],[-76.810227,41.545198],[-76.812778,41.545098],[-76.814454,41.54404],[-76.81736,41.544097],[-76.818545,41.545638],[-76.82057,41.545483],[-76.822027,41.544541],[-76.824288,41.545158],[-76.826288,41.546297],[-76.829138,41.54608],[-76.832562,41.547187],[-76.834073,41.545829],[-76.837581,41.54375],[-76.84113,41.543278],[-76.846392,41.541265],[-76.8477,41.539831],[-76.849393,41.539827],[-76.849073,41.540706],[-76.85006,41.541986],[-76.850396,41.543933],[-76.853849,41.543731]]],[[[-77.009817,41.662141],[-77.016111,41.661854],[-77.016504,41.657127],[-77.016443,41.655943],[-77.015906,41.645436],[-77.01228,41.644426],[-77.006995,41.641458],[-77.004535,41.64107],[-76.99979,41.636591],[-76.99826,41.63614],[-76.994423,41.637026],[-76.990775,41.635436],[-76.98925,41.635321],[-76.986181,41.63543],[-76.986214,41.636777],[-76.984147,41.639242],[-76.98342,41.641731],[-76.981444,41.643831],[-76.981691,41.645565],[-76.980049,41.646819],[-76.976636,41.64629],[-76.973226,41.646951],[-76.968138,41.645549],[-76.966055,41.6442],[-76.960608,41.645941],[-76.952815,41.647976],[-76.956776,41.64296],[-76.960004,41.639833],[-76.964007,41.633684],[-76.963706,41.63304],[-76.960447,41.631981],[-76.959197,41.629893],[-76.959869,41.628081],[-76.957434,41.627433],[-76.954637,41.627568],[-76.948309,41.620114],[-76.947636,41.618631],[-76.951565,41.617523],[-76.955049,41.617042],[-76.968359,41.616747],[-76.968996,41.616575],[-76.965561,41.614823],[-76.965187,41.613028],[-76.963152,41.610443],[-76.958294,41.606174],[-76.956626,41.6055],[-76.948241,41.617481],[-76.948114,41.609284],[-76.947901,41.608579],[-76.945279,41.607518],[-76.93955,41.603616],[-76.937713,41.608626],[-76.938102,41.6113],[-76.939753,41.61279],[-76.940238,41.614954],[-76.938805,41.619158],[-76.939792,41.620601],[-76.932563,41.620734],[-76.930005,41.620267],[-76.925685,41.621374],[-76.91931,41.619892],[-76.910031,41.619044],[-76.906992,41.619601],[-76.906687,41.622353],[-76.907567,41.624765],[-76.906026,41.628852],[-76.903882,41.631061],[-76.903645,41.632098],[-76.900681,41.631971],[-76.895513,41.628443],[-76.896759,41.626928],[-76.89783,41.622761],[-76.898996,41.621605],[-76.899211,41.618113],[-76.895972,41.617759],[-76.892293,41.618987],[-76.88896,41.620916],[-76.878699,41.620344],[-76.874714,41.596919],[-76.813731,41.590034],[-76.792686,41.587821],[-76.694374,41.579883],[-76.682046,41.606051],[-76.643801,41.687525],[-76.642888,41.689198],[-76.640383,41.689779],[-76.638852,41.68957],[-76.631952,41.691538],[-76.629109,41.6927],[-76.62574,41.692924],[-76.621959,41.695794],[-76.619711,41.696371],[-76.621386,41.697087],[-76.625253,41.696997],[-76.627955,41.696442],[-76.63134,41.692955],[-76.633371,41.692308],[-76.636566,41.692659],[-76.641403,41.692624],[-76.637821,41.700239],[-76.640612,41.700828],[-76.643689,41.700724],[-76.648174,41.6994],[-76.652474,41.700141],[-76.654528,41.699896],[-76.659684,41.698082],[-76.669341,41.695672],[-76.68009,41.694997],[-76.679652,41.696928],[-76.680123,41.698814],[-76.729752,41.688004],[-76.729398,41.686134],[-76.747866,41.685236],[-76.749542,41.687051],[-76.750802,41.692853],[-76.752503,41.696513],[-76.753846,41.697358],[-76.761066,41.700293],[-76.765166,41.700917],[-76.769625,41.700889],[-76.766395,41.690448],[-76.765405,41.689291],[-76.769016,41.689727],[-76.770815,41.691939],[-76.769518,41.693146],[-76.770915,41.696052],[-76.773566,41.698033],[-76.775828,41.699043],[-76.777139,41.700394],[-76.775248,41.702337],[-76.77528,41.704537],[-76.780701,41.710491],[-76.785122,41.711273],[-76.784664,41.713321],[-76.782267,41.715677],[-76.784149,41.717632],[-76.787238,41.718046],[-76.786845,41.713002],[-76.824934,41.712692],[-76.828282,41.708135],[-76.830167,41.706346],[-76.831624,41.705963],[-76.832214,41.708178],[-76.834671,41.709344],[-76.834732,41.712645],[-76.846592,41.712541],[-76.850278,41.706473],[-76.855658,41.7009],[-76.860844,41.694827],[-76.863575,41.684685],[-76.883853,41.669039],[-76.887855,41.702956],[-76.891209,41.70179],[-76.893099,41.701862],[-76.896864,41.701029],[-76.899846,41.699054],[-76.902652,41.698752],[-76.905148,41.697459],[-76.903355,41.697064],[-76.90453,41.696217],[-76.905008,41.693224],[-76.905797,41.691896],[-76.905454,41.689756],[-76.90418,41.686123],[-76.903305,41.685841],[-76.906646,41.681079],[-76.908292,41.679882],[-76.912795,41.678906],[-76.914011,41.678078],[-76.918609,41.677705],[-76.919502,41.678106],[-76.921794,41.677508],[-76.925367,41.677739],[-76.927659,41.677311],[-76.929487,41.676217],[-76.934198,41.677476],[-76.940653,41.675713],[-76.946098,41.672112],[-76.948108,41.672187],[-76.951879,41.669634],[-76.953955,41.666852],[-76.95762,41.663888],[-77.009817,41.662141]]]]}},{"type":"Feature","properties":{"zcta5":"16914","AFFGEOID10":"8600000US16914","GEOID10":"16914","ALAND10":195871944,"AWATER10":966617,"county_name":"Bradford","state_code":"PA","county_state":"Bradford County, PA","county_fips":"42015","risk_level_county":"Medium Risk (70–79% vaccinated)","mean_vaccination_rate_county":72.76,"risk_level_zcta":"Higher Risk (60–69% vaccinated)","mean_vaccination_rate_zips":66.45,"cases":134},"geometry":{"type":"Polygon","coordinates":[[[-76.938208,41.871551],[-76.938641,41.869583],[-76.940639,41.86994],[-76.945551,41.868293],[-76.947585,41.86585],[-76.951631,41.864927],[-76.95135,41.858808],[-76.949648,41.857613],[-76.946716,41.85661],[-76.939129,41.855927],[-76.936002,41.854381],[-76.932235,41.851581],[-76.928468,41.849612],[-76.933819,41.84618],[-76.937722,41.843058],[-76.94122,41.838776],[-76.94511,41.836589],[-76.924419,41.837361],[-76.904024,41.838119],[-76.904071,41.83844],[-76.902737,41.838139],[-76.895977,41.839298],[-76.896052,41.842041],[-76.897527,41.846329],[-76.895088,41.846694],[-76.891059,41.845519],[-76.886851,41.842692],[-76.883803,41.842028],[-76.880087,41.841762],[-76.874671,41.839175],[-76.868261,41.839529],[-76.867696,41.837301],[-76.868239,41.835401],[-76.870772,41.832523],[-76.870346,41.830908],[-76.867507,41.82753],[-76.865251,41.823584],[-76.864689,41.820937],[-76.862029,41.815482],[-76.861031,41.810913],[-76.857788,41.808286],[-76.846155,41.808926],[-76.845896,41.805892],[-76.838909,41.808732],[-76.83611,41.809428],[-76.835972,41.810291],[-76.831476,41.818446],[-76.830055,41.819182],[-76.830191,41.820403],[-76.824697,41.824869],[-76.817243,41.829812],[-76.813047,41.830541],[-76.809765,41.831958],[-76.809146,41.827292],[-76.808232,41.823325],[-76.808593,41.822088],[-76.808126,41.812074],[-76.791603,41.822415],[-76.791711,41.824184],[-76.788912,41.825662],[-76.785954,41.826367],[-76.783603,41.827782],[-76.782987,41.830286],[-76.783418,41.833398],[-76.782206,41.839516],[-76.781081,41.843162],[-76.782068,41.843381],[-76.779726,41.843414],[-76.773895,41.845119],[-76.767703,41.846469],[-76.760789,41.847213],[-76.763234,41.841879],[-76.763251,41.840751],[-76.759381,41.833456],[-76.74458,41.823585],[-76.745343,41.821661],[-76.740999,41.817381],[-76.736608,41.817953],[-76.726725,41.821517],[-76.721349,41.82642],[-76.717471,41.827198],[-76.715447,41.828879],[-76.675823,41.830249],[-76.673784,41.834286],[-76.674279,41.841868],[-76.673931,41.839616],[-76.670489,41.838199],[-76.668859,41.838265],[-76.666092,41.839801],[-76.660755,41.840349],[-76.657445,41.838092],[-76.657565,41.831977],[-76.656986,41.830874],[-76.658066,41.826417],[-76.656878,41.825275],[-76.657232,41.821306],[-76.655963,41.81956],[-76.652632,41.819273],[-76.651576,41.816605],[-76.649706,41.815271],[-76.647182,41.81437],[-76.646874,41.813167],[-76.644233,41.812387],[-76.638447,41.809985],[-76.633344,41.810116],[-76.630328,41.812409],[-76.630437,41.814385],[-76.628204,41.817085],[-76.625465,41.81878],[-76.625492,41.821003],[-76.623874,41.822538],[-76.620487,41.826838],[-76.618858,41.826443],[-76.617472,41.828014],[-76.6171,41.830776],[-76.616279,41.831577],[-76.617248,41.832203],[-76.617507,41.834206],[-76.616377,41.83548],[-76.616981,41.837226],[-76.618774,41.839454],[-76.618717,41.841391],[-76.619494,41.844061],[-76.621336,41.843676],[-76.621283,41.843121],[-76.623528,41.844007],[-76.624103,41.845978],[-76.625476,41.846545],[-76.629477,41.846112],[-76.635619,41.849143],[-76.637891,41.850562],[-76.643325,41.855166],[-76.64638,41.855579],[-76.647847,41.857769],[-76.649234,41.858577],[-76.650621,41.860548],[-76.651855,41.860444],[-76.654087,41.861591],[-76.659086,41.861209],[-76.661391,41.861821],[-76.667379,41.86142],[-76.668716,41.866399],[-76.673996,41.862733],[-76.675621,41.862468],[-76.677673,41.894496],[-76.676347,41.895326],[-76.676436,41.898505],[-76.67441,41.90105],[-76.672304,41.904944],[-76.67362,41.906224],[-76.672879,41.908898],[-76.673518,41.910891],[-76.67512,41.913153],[-76.677824,41.915563],[-76.677735,41.916682],[-76.679528,41.917631],[-76.681866,41.918549],[-76.682314,41.920152],[-76.684967,41.923901],[-76.684798,41.926251],[-76.685541,41.927414],[-76.688738,41.928507],[-76.69222,41.928515],[-76.689962,41.929361],[-76.687454,41.931756],[-76.686334,41.934945],[-76.686072,41.937159],[-76.686955,41.9414],[-76.687566,41.942116],[-76.689114,41.940177],[-76.689437,41.937443],[-76.689231,41.932772],[-76.691818,41.930329],[-76.692863,41.928679],[-76.697331,41.927809],[-76.698904,41.927973],[-76.701206,41.931064],[-76.705264,41.929089],[-76.705798,41.926969],[-76.708591,41.925884],[-76.709565,41.924909],[-76.710941,41.921685],[-76.713158,41.918343],[-76.714981,41.916456],[-76.719009,41.917601],[-76.724661,41.915746],[-76.729955,41.915622],[-76.731782,41.91264],[-76.734724,41.910015],[-76.747849,41.90966],[-76.749021,41.908002],[-76.750478,41.907739],[-76.750666,41.903051],[-76.755222,41.902875],[-76.757407,41.894975],[-76.757321,41.89309],[-76.754632,41.89035],[-76.760108,41.890233],[-76.762219,41.8899],[-76.767432,41.890015],[-76.768613,41.892232],[-76.776077,41.89161],[-76.778443,41.890794],[-76.783377,41.890641],[-76.783592,41.894734],[-76.785992,41.89719],[-76.78755,41.901647],[-76.881014,41.897935],[-76.881559,41.899792],[-76.883364,41.902279],[-76.886536,41.901385],[-76.891719,41.901176],[-76.895654,41.900408],[-76.910488,41.899728],[-76.912203,41.89959],[-76.911196,41.892348],[-76.915028,41.890392],[-76.918984,41.889155],[-76.920106,41.886915],[-76.924251,41.882432],[-76.925894,41.882104],[-76.927784,41.879483],[-76.927437,41.878075],[-76.929295,41.877598],[-76.92964,41.875336],[-76.931929,41.874079],[-76.933643,41.872391],[-76.938208,41.871551]]]}},{"type":"Feature","properties":{"zcta5":"16947","AFFGEOID10":"8600000US16947","GEOID10":"16947","ALAND10":298543352,"AWATER10":1379156,"county_name":"Bradford","state_code":"PA","county_state":"Bradford County, PA","county_fips":"42015","risk_level_county":"Medium Risk (70–79% vaccinated)","mean_vaccination_rate_county":72.76,"risk_level_zcta":"Medium Risk (70–79% vaccinated)","mean_vaccination_rate_zips":74.22,"cases":134},"geometry":{"type":"Polygon","coordinates":[[[-76.952063,41.73691],[-76.952032,41.732107],[-76.950052,41.729004],[-76.946683,41.729495],[-76.947627,41.727546],[-76.951203,41.724817],[-76.951927,41.722726],[-76.953898,41.721754],[-76.953809,41.719322],[-76.954805,41.71683],[-76.954445,41.715217],[-76.954539,41.710869],[-76.950502,41.707022],[-76.950509,41.704711],[-76.952427,41.703053],[-76.952283,41.700702],[-76.953307,41.69917],[-76.95275,41.698077],[-76.951231,41.696042],[-76.948149,41.693959],[-76.946563,41.691956],[-76.940997,41.686265],[-76.937412,41.684955],[-76.937121,41.68424],[-76.937702,41.683152],[-76.941097,41.680348],[-76.940728,41.679012],[-76.946098,41.672112],[-76.940653,41.675713],[-76.934198,41.677476],[-76.929487,41.676217],[-76.927659,41.677311],[-76.925367,41.677739],[-76.921794,41.677508],[-76.919502,41.678106],[-76.918609,41.677705],[-76.914011,41.678078],[-76.912795,41.678906],[-76.908292,41.679882],[-76.906646,41.681079],[-76.903305,41.685841],[-76.90418,41.686123],[-76.905454,41.689756],[-76.905797,41.691896],[-76.905008,41.693224],[-76.90453,41.696217],[-76.903355,41.697064],[-76.905148,41.697459],[-76.902652,41.698752],[-76.899846,41.699054],[-76.896864,41.701029],[-76.893099,41.701862],[-76.891209,41.70179],[-76.887855,41.702956],[-76.883853,41.669039],[-76.863575,41.684685],[-76.860844,41.694827],[-76.855658,41.7009],[-76.850278,41.706473],[-76.846592,41.712541],[-76.834732,41.712645],[-76.834671,41.709344],[-76.832214,41.708178],[-76.831624,41.705963],[-76.830167,41.706346],[-76.828282,41.708135],[-76.824934,41.712692],[-76.786845,41.713002],[-76.787238,41.718046],[-76.78824,41.734946],[-76.761773,41.736021],[-76.761183,41.733612],[-76.759278,41.732257],[-76.758462,41.73045],[-76.755657,41.728923],[-76.755077,41.72801],[-76.752635,41.728857],[-76.750433,41.731235],[-76.750619,41.735135],[-76.750123,41.73634],[-76.735838,41.736963],[-76.735776,41.735741],[-76.733592,41.736173],[-76.722494,41.736685],[-76.720931,41.737031],[-76.711451,41.73722],[-76.702719,41.738201],[-76.699906,41.734696],[-76.698159,41.731005],[-76.694788,41.725272],[-76.691695,41.721974],[-76.689873,41.718932],[-76.68738,41.718213],[-76.686706,41.716066],[-76.683211,41.716703],[-76.681863,41.715144],[-76.678998,41.716236],[-76.675013,41.716004],[-76.67511,41.7185],[-76.67319,41.718524],[-76.669433,41.717575],[-76.660218,41.716571],[-76.659789,41.718134],[-76.660738,41.722443],[-76.662575,41.728235],[-76.665323,41.728971],[-76.66752,41.734943],[-76.669879,41.736256],[-76.671408,41.739217],[-76.664136,41.739552],[-76.672272,41.740499],[-76.655258,41.741684],[-76.653334,41.745939],[-76.651598,41.748768],[-76.652426,41.752476],[-76.654917,41.75385],[-76.655612,41.75568],[-76.651273,41.756051],[-76.648145,41.758126],[-76.646416,41.760306],[-76.641712,41.763785],[-76.63433,41.767134],[-76.633786,41.766296],[-76.627421,41.76767],[-76.622216,41.770733],[-76.616588,41.773328],[-76.611791,41.774139],[-76.604524,41.77528],[-76.602969,41.776488],[-76.606881,41.775161],[-76.609629,41.776181],[-76.612173,41.775845],[-76.615382,41.785652],[-76.616099,41.787642],[-76.623275,41.789975],[-76.626475,41.792261],[-76.628722,41.795268],[-76.630997,41.804322],[-76.633344,41.810116],[-76.638447,41.809985],[-76.644233,41.812387],[-76.646874,41.813167],[-76.647182,41.81437],[-76.649706,41.815271],[-76.651576,41.816605],[-76.652632,41.819273],[-76.655963,41.81956],[-76.657232,41.821306],[-76.656878,41.825275],[-76.658066,41.826417],[-76.656986,41.830874],[-76.657565,41.831977],[-76.657445,41.838092],[-76.660755,41.840349],[-76.666092,41.839801],[-76.668859,41.838265],[-76.670489,41.838199],[-76.673931,41.839616],[-76.674279,41.841868],[-76.673784,41.834286],[-76.675823,41.830249],[-76.715447,41.828879],[-76.717471,41.827198],[-76.721349,41.82642],[-76.726725,41.821517],[-76.736608,41.817953],[-76.740999,41.817381],[-76.745343,41.821661],[-76.74458,41.823585],[-76.759381,41.833456],[-76.763251,41.840751],[-76.763234,41.841879],[-76.760789,41.847213],[-76.767703,41.846469],[-76.773895,41.845119],[-76.779726,41.843414],[-76.782068,41.843381],[-76.781081,41.843162],[-76.782206,41.839516],[-76.783418,41.833398],[-76.782987,41.830286],[-76.783603,41.827782],[-76.785954,41.826367],[-76.788912,41.825662],[-76.791711,41.824184],[-76.791603,41.822415],[-76.808126,41.812074],[-76.808593,41.822088],[-76.808232,41.823325],[-76.809146,41.827292],[-76.809765,41.831958],[-76.813047,41.830541],[-76.817243,41.829812],[-76.824697,41.824869],[-76.830191,41.820403],[-76.830055,41.819182],[-76.831476,41.818446],[-76.835972,41.810291],[-76.83611,41.809428],[-76.838909,41.808732],[-76.845896,41.805892],[-76.846155,41.808926],[-76.857788,41.808286],[-76.861031,41.810913],[-76.862029,41.815482],[-76.864689,41.820937],[-76.865251,41.823584],[-76.867507,41.82753],[-76.870346,41.830908],[-76.870772,41.832523],[-76.868239,41.835401],[-76.867696,41.837301],[-76.868261,41.839529],[-76.874671,41.839175],[-76.880087,41.841762],[-76.883803,41.842028],[-76.886851,41.842692],[-76.891059,41.845519],[-76.895088,41.846694],[-76.897527,41.846329],[-76.896052,41.842041],[-76.895977,41.839298],[-76.902737,41.838139],[-76.904071,41.83844],[-76.904024,41.838119],[-76.924419,41.837361],[-76.922995,41.836638],[-76.926529,41.834276],[-76.934226,41.831676],[-76.939356,41.829295],[-76.944207,41.825419],[-76.94743,41.824169],[-76.949439,41.824036],[-76.946139,41.823842],[-76.945102,41.82107],[-76.939092,41.817787],[-76.934972,41.817717],[-76.930752,41.819013],[-76.926682,41.819359],[-76.920011,41.818569],[-76.920182,41.817697],[-76.919938,41.810505],[-76.919441,41.808788],[-76.917319,41.806264],[-76.917105,41.803023],[-76.907303,41.807043],[-76.902707,41.808262],[-76.899124,41.808058],[-76.898607,41.794465],[-76.893201,41.748463],[-76.92416,41.747537],[-76.924105,41.740987],[-76.952063,41.73691]]]}},{"type":"Feature","properties":{"zcta5":"18840","AFFGEOID10":"8600000US18840","GEOID10":"18840","ALAND10":116665384,"AWATER10":2014872,"county_name":"Bradford","state_code":"PA","county_state":"Bradford County, PA","county_fips":"42015","risk_level_county":"Medium Risk (70–79% vaccinated)","mean_vaccination_rate_county":72.76,"risk_level_zcta":"Medium Risk (70–79% vaccinated)","mean_vaccination_rate_zips":74.37,"cases":134},"geometry":{"type":"Polygon","coordinates":[[[-76.686955,41.9414],[-76.686072,41.937159],[-76.686334,41.934945],[-76.687454,41.931756],[-76.689962,41.929361],[-76.69222,41.928515],[-76.688738,41.928507],[-76.685541,41.927414],[-76.684798,41.926251],[-76.684967,41.923901],[-76.682314,41.920152],[-76.681866,41.918549],[-76.679528,41.917631],[-76.670901,41.919641],[-76.665766,41.920257],[-76.66024,41.921492],[-76.658232,41.921673],[-76.65331,41.921363],[-76.649522,41.921654],[-76.646272,41.921545],[-76.643332,41.924343],[-76.641634,41.925193],[-76.637756,41.925344],[-76.63812,41.932275],[-76.637895,41.935146],[-76.635026,41.935215],[-76.635773,41.950788],[-76.631181,41.949297],[-76.628384,41.947119],[-76.623323,41.945137],[-76.623552,41.941809],[-76.60994,41.942039],[-76.608727,41.942487],[-76.611385,41.946449],[-76.586279,41.956084],[-76.589562,41.955948],[-76.589615,41.956721],[-76.586478,41.960965],[-76.587,41.969026],[-76.588646,41.968248],[-76.586224,41.971126],[-76.58551,41.973534],[-76.583881,41.975233],[-76.578731,41.97394],[-76.573176,41.971391],[-76.574844,41.975038],[-76.573442,41.976275],[-76.570302,41.977082],[-76.566962,41.978511],[-76.562991,41.97811],[-76.562611,41.976201],[-76.558249,41.973956],[-76.554711,41.972578],[-76.553622,41.970739],[-76.541876,41.965195],[-76.53595,41.965366],[-76.53342,41.965442],[-76.530021,41.966008],[-76.529537,41.967785],[-76.53068,41.971385],[-76.529608,41.972943],[-76.511901,41.972472],[-76.510423,41.977585],[-76.507804,41.981189],[-76.505544,41.980857],[-76.503572,41.983117],[-76.500641,41.981331],[-76.492885,41.981069],[-76.490266,41.979864],[-76.487198,41.982198],[-76.481913,41.982223],[-76.481094,41.962327],[-76.48108,41.962004],[-76.478401,41.962537],[-76.476727,41.962108],[-76.473416,41.959756],[-76.469441,41.961532],[-76.462124,41.963992],[-76.455766,41.964834],[-76.448782,41.965162],[-76.44513,41.964655],[-76.440907,41.963628],[-76.438482,41.959926],[-76.441397,41.958127],[-76.44529,41.95513],[-76.448732,41.951991],[-76.448306,41.951078],[-76.444554,41.954143],[-76.441575,41.954148],[-76.439847,41.953226],[-76.437479,41.953243],[-76.433772,41.954879],[-76.431228,41.954445],[-76.430452,41.952344],[-76.42927,41.952304],[-76.42897,41.948917],[-76.431232,41.948353],[-76.433826,41.94467],[-76.432936,41.94332],[-76.4324,41.939841],[-76.429571,41.941313],[-76.423788,41.941472],[-76.417332,41.941354],[-76.410299,41.941483],[-76.408863,41.937789],[-76.408144,41.934602],[-76.40621,41.930127],[-76.407866,41.926946],[-76.406559,41.926234],[-76.404407,41.928716],[-76.401198,41.933855],[-76.399508,41.938328],[-76.398849,41.936735],[-76.396806,41.936076],[-76.393223,41.939599],[-76.39095,41.940075],[-76.388585,41.93964],[-76.38496,41.940386],[-76.380133,41.9407],[-76.38114,41.943258],[-76.3813,41.951063],[-76.383945,41.95577],[-76.386226,41.957568],[-76.386595,41.960216],[-76.380364,41.960418],[-76.38153964198091,41.9985576987662],[-76.462155,41.998934],[-76.46654,41.999025],[-76.47303045547619,41.9991050870808],[-76.50465850156259,41.999495352123496],[-76.5233737373808,41.999726283313],[-76.5487455351205,42.0000393512054],[-76.5487494269461,42.000039399227404],[-76.5523092616896,42.00008332476909],[-76.55762413688969,42.000148906120295],[-76.558118,42.000155],[-76.5961098646229,42.0004592411414],[-76.6055626691815,42.000534939770006],[-76.6211044101707,42.0006593989685],[-76.6381035393041,42.000795529019],[-76.637771,41.993538],[-76.641488,41.990538],[-76.644629,41.988572],[-76.644898,41.987962],[-76.648319,41.98764],[-76.650261,41.988674],[-76.651354,41.990725],[-76.653022,41.99207],[-76.658618,41.994577],[-76.660586,41.993807],[-76.666872,41.994288],[-76.671835,41.994239],[-76.670809,41.987641],[-76.671132,41.985392],[-76.670021,41.984027],[-76.667254,41.984106],[-76.667579,41.983189],[-76.670033,41.980523],[-76.669474,41.970976],[-76.666281,41.970704],[-76.66411,41.96952],[-76.662174,41.969221],[-76.659866,41.967652],[-76.657919,41.966941],[-76.657846,41.966133],[-76.669241,41.96577],[-76.668622,41.954638],[-76.667181,41.953448],[-76.671912,41.950987],[-76.673704,41.948414],[-76.677015,41.946612],[-76.68124,41.945563],[-76.686955,41.9414]]]}}]}