{"type":"FeatureCollection","features":[{"type":"Feature","properties":{"zcta5":"16049","AFFGEOID10":"8600000US16049","GEOID10":"16049","ALAND10":239135168,"AWATER10":5770397,"county_name":"Butler","state_code":"PA","county_state":"Butler County, PA","county_fips":"42019","risk_level_county":"Lower Risk (80–84% vaccinated)","mean_vaccination_rate_county":82.07,"risk_level_zcta":"Lower Risk (80–84% vaccinated)","mean_vaccination_rate_zips":80.17,"cases":16},"geometry":{"type":"MultiPolygon","coordinates":[[[[-79.803086,41.090473],[-79.799597,41.088199],[-79.798001,41.082754],[-79.794592,41.082327],[-79.790207,41.084707],[-79.787723,41.085429],[-79.775185,41.084844],[-79.767871,41.0842],[-79.76467,41.084338],[-79.765784,41.082694],[-79.770787,41.08033],[-79.768665,41.078262],[-79.765407,41.077566],[-79.765286,41.076154],[-79.762824,41.074686],[-79.76361,41.073912],[-79.762491,41.071999],[-79.762051,41.068471],[-79.762339,41.067544],[-79.759662,41.062921],[-79.75668,41.062018],[-79.753988,41.060611],[-79.754216,41.059946],[-79.750176,41.058866],[-79.74578,41.056522],[-79.745063,41.054069],[-79.743955,41.053345],[-79.738615,41.059649],[-79.738572,41.058332],[-79.736884,41.058331],[-79.736797,41.056428],[-79.735641,41.05661],[-79.735637,41.059655],[-79.727744,41.059608],[-79.727905,41.062429],[-79.726764,41.062431],[-79.726876,41.064582],[-79.722187,41.067773],[-79.723227,41.065116],[-79.725697,41.064628],[-79.726268,41.063816],[-79.723569,41.06143],[-79.723791,41.057104],[-79.725312,41.056061],[-79.72584,41.054633],[-79.724672,41.052746],[-79.722202,41.050183],[-79.719721,41.051153],[-79.718389,41.053151],[-79.715658,41.054944],[-79.713894,41.056728],[-79.717692,41.047395],[-79.712703,41.044837],[-79.706229,41.042597],[-79.701238,41.042467],[-79.696718,41.042864],[-79.690165,41.040617],[-79.690141,41.031719],[-79.686787,41.033702],[-79.686238,41.034677],[-79.680861,41.036597],[-79.677169,41.032463],[-79.676458,41.027878],[-79.675095,41.025874],[-79.67186,41.026604],[-79.667308,41.026519],[-79.664904,41.028144],[-79.661872,41.029462],[-79.661028,41.030664],[-79.65527,41.027729],[-79.65083,41.024648],[-79.649045,41.024239],[-79.648477,41.022438],[-79.647504,41.022379],[-79.642612,41.024393],[-79.623695,41.027914],[-79.623021,41.030929],[-79.619365,41.033348],[-79.614116,41.033302],[-79.610907,41.033965],[-79.60682,41.036376],[-79.602591,41.037216],[-79.600047,41.036077],[-79.599255,41.034969],[-79.598932,41.032211],[-79.600772,41.025252],[-79.602607,41.020819],[-79.604596,41.01776],[-79.608249,41.013958],[-79.609186,41.012244],[-79.609757,41.009165],[-79.609311,41.006985],[-79.606399,41.005162],[-79.601104,41.00542],[-79.595393,41.005092],[-79.590373,41.004089],[-79.586658,41.002427],[-79.581774,40.997982],[-79.581319,40.99482],[-79.578645,40.995156],[-79.580046,40.999346],[-79.584109,41.004182],[-79.587634,41.00622],[-79.585251,41.008176],[-79.584738,41.009846],[-79.580269,41.013141],[-79.574985,41.017626],[-79.574411,41.01845],[-79.572418,41.018541],[-79.570334,41.01996],[-79.569941,41.021744],[-79.566377,41.023735],[-79.566861,41.025656],[-79.565143,41.028284],[-79.566581,41.027844],[-79.568871,41.029282],[-79.570183,41.029348],[-79.573189,41.030809],[-79.575157,41.032914],[-79.57836,41.033084],[-79.581436,41.037773],[-79.579717,41.0385],[-79.579949,41.039544],[-79.577448,41.039494],[-79.568698,41.043082],[-79.568344,41.039468],[-79.562366,41.039548],[-79.562527,41.042516],[-79.560446,41.045086],[-79.55837,41.046511],[-79.559708,41.048058],[-79.559395,41.054913],[-79.562149,41.054763],[-79.565331,41.053627],[-79.569267,41.049722],[-79.570099,41.047638],[-79.571694,41.049036],[-79.577614,41.050005],[-79.570679,41.052239],[-79.568863,41.055788],[-79.568817,41.064381],[-79.567307,41.066024],[-79.563553,41.067936],[-79.563415,41.069561],[-79.564133,41.070808],[-79.570045,41.07094],[-79.570389,41.072084],[-79.572304,41.072315],[-79.574089,41.073963],[-79.571465,41.074007],[-79.56556,41.076623],[-79.563042,41.076519],[-79.560417,41.075401],[-79.558502,41.075237],[-79.55603,41.075936],[-79.552666,41.079037],[-79.55283,41.083577],[-79.55223,41.084403],[-79.556099,41.088407],[-79.558881,41.088613],[-79.560332,41.090878],[-79.562116,41.092365],[-79.562146,41.093829],[-79.564082,41.094996],[-79.548956,41.096404],[-79.548363,41.101669],[-79.549034,41.104916],[-79.548493,41.106369],[-79.54625,41.108786],[-79.540008,41.109617],[-79.542068,41.112949],[-79.542191,41.114504],[-79.538727,41.113645],[-79.537712,41.116785],[-79.536293,41.117803],[-79.537117,41.118484],[-79.535039,41.117923],[-79.533789,41.118552],[-79.538445,41.120613],[-79.544289,41.124754],[-79.546616,41.125649],[-79.549767,41.126085],[-79.550972,41.12791],[-79.553978,41.128263],[-79.55463,41.130119],[-79.556091,41.128871],[-79.558479,41.129004],[-79.559128,41.129598],[-79.558693,41.133637],[-79.56044,41.135033],[-79.562828,41.135405],[-79.567489,41.133887],[-79.574692,41.130616],[-79.578468,41.13019],[-79.581848,41.133627],[-79.585243,41.134854],[-79.59182,41.132092],[-79.595276,41.131229],[-79.59651,41.132617],[-79.596305,41.134807],[-79.594076,41.137197],[-79.591396,41.138521],[-79.588085,41.139341],[-79.585272,41.13962],[-79.582636,41.141491],[-79.583949,41.143492],[-79.585612,41.14356],[-79.592599,41.142023],[-79.595757,41.141511],[-79.598332,41.142169],[-79.599716,41.143926],[-79.599478,41.14526],[-79.597929,41.147026],[-79.596242,41.150309],[-79.596141,41.152173],[-79.596968,41.153657],[-79.59878,41.155078],[-79.602366,41.155526],[-79.60431,41.155081],[-79.605478,41.153823],[-79.606999,41.150956],[-79.607743,41.146009],[-79.608675,41.143784],[-79.613267,41.139607],[-79.615005,41.137301],[-79.616222,41.133386],[-79.617939,41.131535],[-79.619671,41.131022],[-79.621995,41.131855],[-79.623551,41.133732],[-79.62318,41.13656],[-79.621817,41.139994],[-79.622211,41.141867],[-79.62381,41.143018],[-79.626417,41.143488],[-79.630313,41.14316],[-79.632638,41.143587],[-79.634236,41.144976],[-79.633552,41.146785],[-79.631062,41.148866],[-79.63001,41.150271],[-79.62981,41.152039],[-79.632164,41.153737],[-79.634466,41.154083],[-79.636938,41.1533],[-79.644567,41.150902],[-79.658122,41.149897],[-79.659702,41.148997],[-79.66223,41.14794],[-79.667151,41.146456],[-79.669155,41.144662],[-79.667753,41.143164],[-79.661907,41.139119],[-79.658851,41.138591],[-79.656087,41.139421],[-79.653361,41.142288],[-79.651019,41.143433],[-79.648888,41.142293],[-79.647973,41.139481],[-79.649144,41.135995],[-79.649611,41.131771],[-79.651444,41.12811],[-79.652716,41.127177],[-79.654733,41.126737],[-79.657648,41.127209],[-79.659882,41.126546],[-79.665747,41.123551],[-79.669116,41.118783],[-79.670927,41.117768],[-79.679288,41.116242],[-79.679818,41.125531],[-79.678665,41.130668],[-79.678831,41.133741],[-79.679503,41.136775],[-79.680941,41.138778],[-79.686184,41.143793],[-79.686719,41.145077],[-79.68625,41.148549],[-79.684015,41.151224],[-79.681255,41.154136],[-79.679813,41.156872],[-79.679585,41.15953],[-79.681498,41.162923],[-79.688008,41.168106],[-79.690711,41.170691],[-79.691123,41.17117],[-79.694984,41.172865],[-79.698743,41.172894],[-79.700921,41.170708],[-79.703328,41.169832],[-79.705738,41.169792],[-79.715943,41.171394],[-79.722523,41.171145],[-79.724861,41.171446],[-79.729076,41.172662],[-79.740899,41.172681],[-79.742549,41.171206],[-79.746663,41.169184],[-79.747404,41.165857],[-79.747179,41.160304],[-79.750976,41.155934],[-79.753939,41.153281],[-79.756089,41.150067],[-79.756954,41.147488],[-79.755073,41.140832],[-79.761865,41.140411],[-79.766049,41.140349],[-79.768667,41.139452],[-79.776798,41.140284],[-79.782442,41.13898],[-79.783555,41.142084],[-79.783599,41.145202],[-79.786068,41.150947],[-79.787365,41.150888],[-79.787239,41.146319],[-79.786775,41.129302],[-79.786572,41.121599],[-79.784529,41.119494],[-79.781301,41.117388],[-79.77083,41.115001],[-79.771009,41.114346],[-79.777287,41.111931],[-79.783327,41.110223],[-79.786245,41.108264],[-79.786542,41.120202],[-79.790625,41.121858],[-79.796473,41.111733],[-79.794526,41.11002],[-79.788807,41.105831],[-79.786754,41.103543],[-79.786124,41.099884],[-79.787025,41.097702],[-79.788954,41.094982],[-79.791406,41.095402],[-79.795489,41.095112],[-79.803086,41.090473]],[[-79.563461,41.124049],[-79.564319,41.126525],[-79.561193,41.126609],[-79.560506,41.127785],[-79.552125,41.12761],[-79.552093,41.124029],[-79.560437,41.123965],[-79.563461,41.124049]]],[[[-79.814298,41.173134],[-79.815532,41.16726],[-79.817803,41.167274],[-79.818587,41.165799],[-79.823134,41.165745],[-79.828159,41.163015],[-79.830719,41.157465],[-79.831767,41.156317],[-79.832042,41.15352],[-79.837816,41.152623],[-79.83779,41.148417],[-79.832797,41.149136],[-79.827946,41.150708],[-79.825598,41.152123],[-79.82496,41.147043],[-79.824979,41.140777],[-79.830744,41.14159],[-79.830791,41.13834],[-79.829181,41.137336],[-79.828262,41.135921],[-79.828127,41.133053],[-79.82834,41.126952],[-79.831974,41.126911],[-79.833417,41.125056],[-79.833493,41.122397],[-79.83233,41.122369],[-79.828763,41.119866],[-79.827208,41.119473],[-79.821315,41.120392],[-79.817951,41.123963],[-79.817506,41.126943],[-79.815948,41.128227],[-79.815922,41.129842],[-79.813776,41.134157],[-79.813784,41.136607],[-79.810849,41.135757],[-79.804674,41.136171],[-79.803259,41.13843],[-79.801383,41.145956],[-79.797754,41.146174],[-79.79792,41.149519],[-79.798898,41.157114],[-79.798437,41.161726],[-79.797461,41.16294],[-79.797052,41.168662],[-79.79787,41.169406],[-79.80272,41.171118],[-79.803456,41.173124],[-79.80548,41.173046],[-79.814298,41.173134]]]]}},{"type":"Feature","properties":{"zcta5":"16030","AFFGEOID10":"8600000US16030","GEOID10":"16030","ALAND10":2806304,"AWATER10":0,"county_name":"Butler","state_code":"PA","county_state":"Butler County, PA","county_fips":"42019","risk_level_county":"Lower Risk (80–84% vaccinated)","mean_vaccination_rate_county":82.07,"risk_level_zcta":"Lowest Risk (85%+)","mean_vaccination_rate_zips":94.21,"cases":16},"geometry":{"type":"Polygon","coordinates":[[[-79.810849,41.135757],[-79.810843,41.129492],[-79.786775,41.129302],[-79.787239,41.146319],[-79.788241,41.144766],[-79.797671,41.144558],[-79.797754,41.146174],[-79.801383,41.145956],[-79.803259,41.13843],[-79.804674,41.136171],[-79.810849,41.135757]]]}},{"type":"Feature","properties":{"zcta5":"16048","AFFGEOID10":"8600000US16048","GEOID10":"16048","ALAND10":2861886,"AWATER10":0,"county_name":"Butler","state_code":"PA","county_state":"Butler County, PA","county_fips":"42019","risk_level_county":"Lower Risk (80–84% vaccinated)","mean_vaccination_rate_county":82.07,"risk_level_zcta":"Very High Risk (<60% vaccinated)","mean_vaccination_rate_zips":16.13,"cases":16},"geometry":{"type":"Polygon","coordinates":[[[-79.828942,41.059611],[-79.828859,41.058208],[-79.830746,41.050819],[-79.832697,41.047496],[-79.826495,41.047864],[-79.823917,41.046099],[-79.817298,41.047764],[-79.807899,41.047885],[-79.806956,41.045027],[-79.802467,41.047963],[-79.80061,41.051873],[-79.812363,41.054044],[-79.80982,41.059547],[-79.81524,41.059561],[-79.821547,41.060829],[-79.82555,41.061878],[-79.829228,41.062345],[-79.828942,41.059611]]]}},{"type":"Feature","properties":{"zcta5":"16027","AFFGEOID10":"8600000US16027","GEOID10":"16027","ALAND10":1373158,"AWATER10":0,"county_name":"Butler","state_code":"PA","county_state":"Butler County, PA","county_fips":"42019","risk_level_county":"Lower Risk (80–84% vaccinated)","mean_vaccination_rate_county":82.07,"risk_level_zcta":"Lower Risk (80–84% vaccinated)","mean_vaccination_rate_zips":84.32,"cases":16},"geometry":{"type":"Polygon","coordinates":[[[-80.029255,40.821447],[-80.028374,40.818151],[-80.028835,40.815776],[-80.026257,40.815623],[-80.023002,40.816207],[-80.019546,40.816288],[-80.014734,40.817019],[-80.014139,40.815572],[-80.011201,40.814877],[-80.010268,40.816467],[-80.01107,40.821034],[-80.011182,40.824043],[-80.017783,40.824821],[-80.018015,40.825912],[-80.02463,40.8252],[-80.024035,40.821683],[-80.029255,40.821447]]]}},{"type":"Feature","properties":{"zcta5":"16373","AFFGEOID10":"8600000US16373","GEOID10":"16373","ALAND10":207260048,"AWATER10":6676047,"county_name":"Butler","state_code":"PA","county_state":"Butler County, PA","county_fips":"42019","risk_level_county":"Lower Risk (80–84% vaccinated)","mean_vaccination_rate_county":82.07,"risk_level_zcta":"Medium Risk (70–79% vaccinated)","mean_vaccination_rate_zips":75.9,"cases":16},"geometry":{"type":"Polygon","coordinates":[[[-79.868936,41.189656],[-79.869123,41.189148],[-79.869183,41.189062],[-79.867204,41.178044],[-79.866317,41.175045],[-79.867372,41.172759],[-79.814298,41.173134],[-79.80548,41.173046],[-79.803456,41.173124],[-79.80272,41.171118],[-79.79787,41.169406],[-79.797052,41.168662],[-79.797461,41.16294],[-79.798437,41.161726],[-79.798898,41.157114],[-79.79792,41.149519],[-79.797754,41.146174],[-79.797671,41.144558],[-79.788241,41.144766],[-79.787239,41.146319],[-79.787365,41.150888],[-79.786068,41.150947],[-79.783599,41.145202],[-79.783555,41.142084],[-79.782442,41.13898],[-79.776798,41.140284],[-79.768667,41.139452],[-79.766049,41.140349],[-79.761865,41.140411],[-79.755073,41.140832],[-79.756954,41.147488],[-79.756089,41.150067],[-79.753939,41.153281],[-79.750976,41.155934],[-79.747179,41.160304],[-79.747404,41.165857],[-79.746663,41.169184],[-79.742549,41.171206],[-79.740899,41.172681],[-79.729076,41.172662],[-79.724861,41.171446],[-79.722523,41.171145],[-79.715943,41.171394],[-79.705738,41.169792],[-79.703328,41.169832],[-79.700921,41.170708],[-79.698743,41.172894],[-79.694984,41.172865],[-79.691123,41.17117],[-79.690711,41.170691],[-79.688008,41.168106],[-79.681498,41.162923],[-79.679585,41.15953],[-79.679813,41.156872],[-79.681255,41.154136],[-79.684015,41.151224],[-79.682618,41.151614],[-79.678522,41.154885],[-79.67779,41.156591],[-79.677321,41.159942],[-79.677684,41.16226],[-79.673729,41.164661],[-79.673943,41.162987],[-79.672157,41.162412],[-79.668717,41.162418],[-79.666229,41.161704],[-79.66127,41.162084],[-79.66144,41.164053],[-79.648575,41.164516],[-79.647507,41.165665],[-79.642257,41.168247],[-79.642181,41.169883],[-79.640023,41.165051],[-79.639757,41.163499],[-79.643837,41.163285],[-79.642547,41.16168],[-79.639205,41.160273],[-79.637153,41.15729],[-79.636938,41.1533],[-79.634466,41.154083],[-79.632164,41.153737],[-79.62981,41.152039],[-79.63001,41.150271],[-79.631062,41.148866],[-79.633552,41.146785],[-79.634236,41.144976],[-79.632638,41.143587],[-79.630313,41.14316],[-79.626417,41.143488],[-79.62381,41.143018],[-79.622211,41.141867],[-79.621817,41.139994],[-79.62318,41.13656],[-79.623551,41.133732],[-79.621995,41.131855],[-79.619671,41.131022],[-79.617939,41.131535],[-79.616222,41.133386],[-79.615005,41.137301],[-79.613267,41.139607],[-79.608675,41.143784],[-79.607743,41.146009],[-79.606999,41.150956],[-79.605478,41.153823],[-79.60431,41.155081],[-79.602366,41.155526],[-79.59878,41.155078],[-79.596968,41.153657],[-79.596141,41.152173],[-79.596242,41.150309],[-79.597929,41.147026],[-79.599478,41.14526],[-79.599716,41.143926],[-79.598332,41.142169],[-79.595757,41.141511],[-79.592599,41.142023],[-79.585612,41.14356],[-79.583949,41.143492],[-79.582636,41.141491],[-79.585272,41.13962],[-79.588085,41.139341],[-79.591396,41.138521],[-79.594076,41.137197],[-79.596305,41.134807],[-79.59651,41.132617],[-79.595276,41.131229],[-79.59182,41.132092],[-79.585243,41.134854],[-79.581848,41.133627],[-79.578468,41.13019],[-79.574692,41.130616],[-79.567489,41.133887],[-79.562828,41.135405],[-79.56044,41.135033],[-79.558693,41.133637],[-79.559128,41.129598],[-79.558479,41.129004],[-79.556091,41.128871],[-79.55463,41.130119],[-79.553695,41.133075],[-79.554123,41.137404],[-79.552216,41.141469],[-79.549492,41.144232],[-79.548439,41.146439],[-79.548477,41.152312],[-79.550331,41.155831],[-79.550179,41.157153],[-79.547119,41.160893],[-79.546402,41.161452],[-79.540757,41.163218],[-79.582901,41.167931],[-79.586754,41.172034],[-79.590927,41.17494],[-79.588669,41.178223],[-79.591454,41.18064],[-79.594589,41.18856],[-79.588272,41.192279],[-79.586777,41.192878],[-79.584153,41.191918],[-79.584152,41.194422],[-79.588028,41.193361],[-79.595413,41.189196],[-79.599297,41.187707],[-79.602219,41.18736],[-79.605652,41.187735],[-79.60566,41.195464],[-79.608749,41.194213],[-79.611099,41.194525],[-79.611763,41.190667],[-79.621498,41.196542],[-79.626366,41.198064],[-79.620716,41.19819],[-79.615777,41.19789],[-79.615021,41.198319],[-79.623116,41.20029],[-79.627213,41.202596],[-79.62722,41.204127],[-79.62912,41.210464],[-79.63092,41.21535],[-79.633553,41.220799],[-79.634018,41.222701],[-79.626763,41.225343],[-79.627119,41.237387],[-79.624443,41.242277],[-79.620194,41.247104],[-79.625649,41.253375],[-79.628509,41.252243],[-79.634392,41.250552],[-79.639549,41.251077],[-79.638774,41.253671],[-79.632875,41.253599],[-79.632716,41.266658],[-79.627735,41.266699],[-79.627561,41.277183],[-79.622056,41.277181],[-79.620907,41.280572],[-79.618065,41.280952],[-79.615644,41.282274],[-79.6153,41.284195],[-79.617897,41.285017],[-79.618762,41.286985],[-79.615895,41.290968],[-79.651413,41.290093],[-79.65146,41.287963],[-79.652904,41.287937],[-79.654,41.289332],[-79.655209,41.289101],[-79.658009,41.290871],[-79.660267,41.29138],[-79.666193,41.290952],[-79.669768,41.28954],[-79.675712,41.288719],[-79.675913,41.289564],[-79.677723,41.288985],[-79.680496,41.289507],[-79.681566,41.290017],[-79.683539,41.294047],[-79.686895,41.296101],[-79.687703,41.30024],[-79.690563,41.300153],[-79.693091,41.302913],[-79.692264,41.304574],[-79.698922,41.303393],[-79.703411,41.305824],[-79.707505,41.305224],[-79.70858,41.305703],[-79.708727,41.307058],[-79.710536,41.310049],[-79.709603,41.310826],[-79.709981,41.315231],[-79.711513,41.317931],[-79.71432,41.319361],[-79.717118,41.319743],[-79.720931,41.317249],[-79.723579,41.313835],[-79.722619,41.309118],[-79.723648,41.306476],[-79.721983,41.307736],[-79.722637,41.305237],[-79.723423,41.294907],[-79.727652,41.290291],[-79.727058,41.284635],[-79.719574,41.278576],[-79.719105,41.277342],[-79.718875,41.272238],[-79.718893,41.263777],[-79.721277,41.263792],[-79.723428,41.260926],[-79.727169,41.260844],[-79.727232,41.25615],[-79.725369,41.255619],[-79.720392,41.255451],[-79.718627,41.254999],[-79.71592,41.255372],[-79.715902,41.25686],[-79.712237,41.256915],[-79.707534,41.255697],[-79.688131,41.255343],[-79.685333,41.256095],[-79.689111,41.252231],[-79.68939,41.248774],[-79.690176,41.24739],[-79.687878,41.245677],[-79.686825,41.238473],[-79.687379,41.235109],[-79.686015,41.232482],[-79.689444,41.232012],[-79.701215,41.232129],[-79.701543,41.233949],[-79.712093,41.235794],[-79.712848,41.234059],[-79.714653,41.233349],[-79.716506,41.230256],[-79.719173,41.228387],[-79.720625,41.225325],[-79.723469,41.224676],[-79.724599,41.228708],[-79.726998,41.231799],[-79.730148,41.233042],[-79.733928,41.233061],[-79.738886,41.231808],[-79.741646,41.230158],[-79.745313,41.22562],[-79.746269,41.223932],[-79.746982,41.220397],[-79.745698,41.216477],[-79.745372,41.214097],[-79.746694,41.210918],[-79.747768,41.209992],[-79.752056,41.207632],[-79.754345,41.207035],[-79.757992,41.207185],[-79.759624,41.208164],[-79.761191,41.210815],[-79.759985,41.214252],[-79.757391,41.218553],[-79.754331,41.222098],[-79.751964,41.225568],[-79.751388,41.2288],[-79.752553,41.228635],[-79.753262,41.231468],[-79.756695,41.232684],[-79.759517,41.23294],[-79.761661,41.23248],[-79.770937,41.227635],[-79.773803,41.226904],[-79.775152,41.227306],[-79.778474,41.22993],[-79.780182,41.233494],[-79.781388,41.240167],[-79.784624,41.244243],[-79.787732,41.246568],[-79.793785,41.250017],[-79.796078,41.253528],[-79.797156,41.256861],[-79.796664,41.259849],[-79.795119,41.263249],[-79.794858,41.266137],[-79.795279,41.26941],[-79.796242,41.270264],[-79.795273,41.272146],[-79.796564,41.275316],[-79.797859,41.276781],[-79.800978,41.278092],[-79.799753,41.275963],[-79.798074,41.274639],[-79.797159,41.271237],[-79.797897,41.269538],[-79.797014,41.265044],[-79.797133,41.26285],[-79.799163,41.257667],[-79.797647,41.252702],[-79.796877,41.251246],[-79.794126,41.248338],[-79.791945,41.246822],[-79.788525,41.245386],[-79.784223,41.24087],[-79.78299,41.237958],[-79.782596,41.233874],[-79.781287,41.229706],[-79.779814,41.227279],[-79.77607,41.225931],[-79.77911,41.226079],[-79.781438,41.225155],[-79.787102,41.224961],[-79.791769,41.225266],[-79.795907,41.224995],[-79.80193,41.22342],[-79.802979,41.223447],[-79.800939,41.218668],[-79.808216,41.218494],[-79.813038,41.219429],[-79.818647,41.222333],[-79.824391,41.224701],[-79.827686,41.225546],[-79.825925,41.200778],[-79.838343,41.200338],[-79.841453,41.199946],[-79.844589,41.200095],[-79.844149,41.192619],[-79.85186,41.190443],[-79.857034,41.189737],[-79.860883,41.18975],[-79.860888,41.189438],[-79.868936,41.189656]]]}},{"type":"Feature","properties":{"zcta5":"15086","AFFGEOID10":"8600000US15086","GEOID10":"15086","ALAND10":4215975,"AWATER10":0,"county_name":"Butler","state_code":"PA","county_state":"Butler County, PA","county_fips":"42019","risk_level_county":"Lower Risk (80–84% vaccinated)","mean_vaccination_rate_county":82.07,"risk_level_zcta":"Medium Risk (70–79% vaccinated)","mean_vaccination_rate_zips":74.94,"cases":16},"geometry":{"type":"Polygon","coordinates":[[[-80.101623,40.674003],[-80.105166,40.680601],[-80.108119,40.684839],[-80.112219,40.684123],[-80.113148,40.682831],[-80.115049,40.6816],[-80.115672,40.679466],[-80.117537,40.678498],[-80.118113,40.675071],[-80.116498,40.673827],[-80.11326,40.673869],[-80.114969,40.671205],[-80.114406,40.668212],[-80.112789,40.667159],[-80.10978,40.667558],[-80.108441,40.666462],[-80.10718,40.667459],[-80.106268,40.669407],[-80.102147,40.667148],[-80.101029,40.665498],[-80.100748,40.663119],[-80.097719,40.66072],[-80.093457,40.657257],[-80.093345,40.656849],[-80.094968,40.651947],[-80.096724,40.648989],[-80.095092,40.649447],[-80.093515,40.650961],[-80.091543,40.654536],[-80.09041,40.655261],[-80.086772,40.655172],[-80.071183,40.645591],[-80.069887,40.645269],[-80.0703,40.653452],[-80.07205,40.652608],[-80.078044,40.653222],[-80.074444,40.653986],[-80.074173,40.655603],[-80.070397,40.655154],[-80.071204,40.670159],[-80.07259,40.66781],[-80.073243,40.664199],[-80.075781,40.662099],[-80.076025,40.658426],[-80.077973,40.656003],[-80.083477,40.657536],[-80.094196,40.66244],[-80.096454,40.664486],[-80.101623,40.674003]]]}},{"type":"Feature","properties":{"zcta5":"16066","AFFGEOID10":"8600000US16066","GEOID10":"16066","ALAND10":57897503,"AWATER10":13633,"county_name":"Butler","state_code":"PA","county_state":"Butler County, PA","county_fips":"42019","risk_level_county":"Lower Risk (80–84% vaccinated)","mean_vaccination_rate_county":82.07,"risk_level_zcta":"Lower Risk (80–84% vaccinated)","mean_vaccination_rate_zips":82.2,"cases":16},"geometry":{"type":"Polygon","coordinates":[[[-80.152562,40.744099],[-80.151947,40.733406],[-80.151953,40.729843],[-80.151581,40.72407],[-80.151505,40.722816],[-80.151062,40.713138],[-80.149949,40.696093],[-80.149806,40.692933],[-80.148699,40.67491],[-80.148451,40.67429],[-80.131782,40.673847],[-80.125105,40.673669],[-80.116498,40.673827],[-80.118113,40.675071],[-80.117537,40.678498],[-80.115672,40.679466],[-80.115049,40.6816],[-80.113148,40.682831],[-80.112219,40.684123],[-80.108119,40.684839],[-80.105166,40.680601],[-80.101623,40.674003],[-80.071434,40.674935],[-80.071393,40.674174],[-80.063746,40.674165],[-80.062965,40.676984],[-80.06025,40.676295],[-80.06057,40.678358],[-80.058412,40.679954],[-80.055906,40.679969],[-80.055892,40.681213],[-80.058586,40.681187],[-80.063568,40.677919],[-80.064727,40.674315],[-80.068346,40.674224],[-80.068393,40.675534],[-80.070175,40.678246],[-80.070205,40.680794],[-80.07175,40.68085],[-80.071883,40.682475],[-80.070646,40.682551],[-80.068188,40.684432],[-80.069068,40.685511],[-80.063355,40.687087],[-80.065276,40.690288],[-80.064834,40.690958],[-80.067967,40.690694],[-80.072411,40.691262],[-80.072508,40.694044],[-80.070169,40.694141],[-80.070248,40.696161],[-80.066661,40.696231],[-80.066671,40.6974],[-80.062635,40.697488],[-80.062647,40.698677],[-80.060021,40.698718],[-80.059726,40.692372],[-80.057209,40.692898],[-80.057475,40.698673],[-80.057317,40.701866],[-80.059342,40.702426],[-80.058914,40.705095],[-80.057461,40.705148],[-80.057617,40.710028],[-80.058709,40.710007],[-80.058859,40.714164],[-80.059513,40.716688],[-80.057962,40.716758],[-80.058202,40.722349],[-80.058624,40.731936],[-80.06034,40.731868],[-80.060585,40.735796],[-80.061555,40.735761],[-80.058752,40.736389],[-80.059405,40.744996],[-80.073367,40.745032],[-80.076146,40.745037],[-80.094667,40.745128],[-80.107945,40.744868],[-80.113614,40.744761],[-80.113807,40.745253],[-80.115772,40.744722],[-80.138381,40.744299],[-80.152562,40.744099]]]}},{"type":"Feature","properties":{"zcta5":"16127","AFFGEOID10":"8600000US16127","GEOID10":"16127","ALAND10":186044368,"AWATER10":1343332,"county_name":"Butler","state_code":"PA","county_state":"Butler County, PA","county_fips":"42019","risk_level_county":"Lower Risk (80–84% vaccinated)","mean_vaccination_rate_county":82.07,"risk_level_zcta":"Medium Risk (70–79% vaccinated)","mean_vaccination_rate_zips":71.13,"cases":16},"geometry":{"type":"Polygon","coordinates":[[[-80.123996,41.226191],[-80.124163,41.224775],[-80.12549,41.223133],[-80.125096,41.213708],[-80.126939,41.214931],[-80.135573,41.21465],[-80.137985,41.218146],[-80.139953,41.218124],[-80.125001,41.195528],[-80.12473,41.19553],[-80.12485,41.195222],[-80.130967,41.178796],[-80.128579,41.177544],[-80.130139,41.173632],[-80.131563,41.173633],[-80.131538,41.177269],[-80.146527,41.177424],[-80.146401,41.175853],[-80.152681,41.176152],[-80.152387,41.178994],[-80.147077,41.184445],[-80.154859,41.184828],[-80.160338,41.185314],[-80.165539,41.187187],[-80.168016,41.183392],[-80.1689,41.180536],[-80.167584,41.176121],[-80.179718,41.174733],[-80.181738,41.174639],[-80.173514,41.166595],[-80.170113,41.166682],[-80.170259,41.168526],[-80.164385,41.16895],[-80.159438,41.160025],[-80.156236,41.153357],[-80.154548,41.141231],[-80.153425,41.135832],[-80.152983,41.129485],[-80.151975,41.126595],[-80.148617,41.120725],[-80.144015,41.119353],[-80.145447,41.112267],[-80.126759,41.095628],[-80.127654,41.095287],[-80.12719,41.091598],[-80.12848,41.090649],[-80.128319,41.089027],[-80.126389,41.086842],[-80.127387,41.084827],[-80.126662,41.082939],[-80.12413,41.082203],[-80.124131,41.080647],[-80.127865,41.079239],[-80.126114,41.074886],[-80.123171,41.075428],[-80.119658,41.076678],[-80.115461,41.077555],[-80.114276,41.080358],[-80.111025,41.082118],[-80.096861,41.069804],[-80.087437,41.079149],[-80.082007,41.085033],[-80.074422,41.092292],[-80.057716,41.109735],[-80.062354,41.111094],[-80.065729,41.111584],[-80.06782,41.112431],[-80.0719,41.112204],[-80.073694,41.112881],[-80.069181,41.116802],[-80.06,41.119438],[-80.052945,41.120807],[-80.047064,41.12064],[-80.042096,41.126081],[-80.029499,41.139738],[-80.028954,41.139668],[-80.029002,41.140276],[-80.005246,41.166033],[-79.999716,41.166258],[-79.999872,41.168166],[-80.002557,41.168944],[-79.999779,41.171861],[-79.99948,41.182487],[-79.999199,41.183359],[-79.98545,41.183685],[-79.97752,41.183438],[-79.976111,41.188537],[-79.982933,41.189425],[-79.982531,41.1902],[-79.982299,41.194812],[-79.982501,41.197524],[-79.999204,41.197092],[-79.99938,41.202526],[-79.988797,41.20284],[-79.98617,41.202729],[-79.981259,41.201707],[-79.974677,41.201408],[-79.97429,41.207609],[-79.97909,41.207939],[-79.980822,41.208399],[-79.97791,41.211637],[-79.976606,41.210868],[-79.973604,41.210878],[-79.97223,41.214974],[-79.971137,41.216229],[-79.971822,41.218739],[-79.97036,41.22042],[-79.972238,41.22119],[-79.975565,41.221486],[-79.98368,41.221356],[-79.984041,41.235252],[-79.992101,41.235091],[-79.992809,41.250521],[-79.990864,41.250577],[-79.991252,41.258791],[-79.995427,41.260365],[-79.99978,41.262274],[-80.000025,41.262177],[-80.01941,41.261817],[-80.020756,41.259565],[-80.022248,41.25844],[-80.023748,41.256211],[-80.029242,41.255115],[-80.031921,41.253068],[-80.031357,41.249775],[-80.045011,41.249469],[-80.044672,41.239479],[-80.0448,41.237857],[-80.060693,41.237582],[-80.060461,41.229514],[-80.073619,41.229319],[-80.076226,41.229425],[-80.076401,41.23324],[-80.075624,41.235096],[-80.073038,41.237364],[-80.104877,41.236806],[-80.104748,41.226996],[-80.111612,41.225942],[-80.114075,41.226204],[-80.118494,41.226053],[-80.123996,41.226191]]]}},{"type":"Feature","properties":{"zcta5":"16041","AFFGEOID10":"8600000US16041","GEOID10":"16041","ALAND10":71989691,"AWATER10":0,"county_name":"Butler","state_code":"PA","county_state":"Butler County, PA","county_fips":"42019","risk_level_county":"Lower Risk (80–84% vaccinated)","mean_vaccination_rate_county":82.07,"risk_level_zcta":"Lower Risk (80–84% vaccinated)","mean_vaccination_rate_zips":81.03,"cases":16},"geometry":{"type":"Polygon","coordinates":[[[-79.837067,41.028241],[-79.837699,41.027739],[-79.837786,41.021353],[-79.839622,41.020828],[-79.840004,41.019689],[-79.842657,41.017834],[-79.840895,41.016598],[-79.839538,41.016505],[-79.836086,41.01362],[-79.832577,41.013273],[-79.832469,41.011912],[-79.832939,41.005605],[-79.835207,41.00086],[-79.83725,40.997528],[-79.832381,40.996933],[-79.832765,40.995563],[-79.830692,40.994895],[-79.830752,40.993612],[-79.828095,40.993587],[-79.826904,40.991527],[-79.826851,40.988394],[-79.824502,40.984929],[-79.820765,40.982638],[-79.818727,40.982498],[-79.818102,40.98516],[-79.817121,40.986449],[-79.814049,40.987599],[-79.810267,40.992166],[-79.807151,40.992704],[-79.808605,40.99518],[-79.80041,40.995591],[-79.799448,40.99478],[-79.793723,40.992596],[-79.791156,40.992108],[-79.78981,40.994691],[-79.787661,40.996885],[-79.784996,40.99672],[-79.785126,40.986621],[-79.781278,40.986961],[-79.775648,40.987936],[-79.774239,40.987616],[-79.762435,40.988013],[-79.762353,40.990503],[-79.758878,40.992876],[-79.748093,40.988929],[-79.747137,40.985871],[-79.746064,40.984082],[-79.742735,40.984992],[-79.740258,40.986377],[-79.737798,40.991825],[-79.734089,40.993594],[-79.736993,40.990288],[-79.737868,40.987341],[-79.737975,40.984769],[-79.737156,40.983692],[-79.737226,40.979738],[-79.734109,40.979328],[-79.733432,40.977813],[-79.731064,40.980923],[-79.727173,40.982876],[-79.724461,40.982416],[-79.725361,40.979175],[-79.723218,40.977605],[-79.723486,40.975712],[-79.72074,40.974261],[-79.718907,40.972002],[-79.717636,40.971526],[-79.703267,40.973093],[-79.700774,40.973807],[-79.696246,40.975774],[-79.691317,40.976952],[-79.689936,40.976887],[-79.689926,40.972889],[-79.688454,40.972465],[-79.685081,40.976066],[-79.68168,40.976285],[-79.679964,40.977026],[-79.674436,40.97826],[-79.673002,40.979725],[-79.670799,40.980926],[-79.667049,40.981235],[-79.6634,40.982931],[-79.661088,40.984753],[-79.656789,40.985239],[-79.655385,40.986476],[-79.651379,40.988128],[-79.64889,40.98811],[-79.646842,40.988904],[-79.64615,40.991213],[-79.647761,40.990368],[-79.652338,40.993296],[-79.653982,40.995033],[-79.65091,40.995178],[-79.650798,40.996686],[-79.64944,40.997004],[-79.647133,40.99632],[-79.646523,40.994971],[-79.645049,40.995414],[-79.641603,40.994],[-79.640693,40.995267],[-79.641766,40.997544],[-79.643431,40.999422],[-79.6433,41.00356],[-79.644045,41.004226],[-79.61674,41.005148],[-79.609224,41.005835],[-79.610133,41.006733],[-79.610985,41.009465],[-79.609757,41.009165],[-79.609186,41.012244],[-79.608249,41.013958],[-79.604596,41.01776],[-79.602607,41.020819],[-79.600772,41.025252],[-79.598932,41.032211],[-79.599255,41.034969],[-79.600047,41.036077],[-79.602591,41.037216],[-79.60682,41.036376],[-79.610907,41.033965],[-79.614116,41.033302],[-79.619365,41.033348],[-79.623021,41.030929],[-79.623695,41.027914],[-79.642612,41.024393],[-79.647504,41.022379],[-79.648477,41.022438],[-79.649045,41.024239],[-79.65083,41.024648],[-79.65527,41.027729],[-79.661028,41.030664],[-79.661872,41.029462],[-79.664904,41.028144],[-79.667308,41.026519],[-79.67186,41.026604],[-79.675095,41.025874],[-79.676458,41.027878],[-79.677169,41.032463],[-79.680861,41.036597],[-79.686238,41.034677],[-79.686787,41.033702],[-79.690141,41.031719],[-79.690165,41.040617],[-79.696718,41.042864],[-79.701238,41.042467],[-79.706229,41.042597],[-79.704309,41.038301],[-79.703485,41.034588],[-79.703113,41.03074],[-79.702287,41.028624],[-79.700045,41.027835],[-79.7002,41.020739],[-79.701739,41.02003],[-79.701329,41.018305],[-79.699438,41.016582],[-79.702577,41.016209],[-79.705708,41.017278],[-79.709119,41.016339],[-79.713638,41.015658],[-79.713562,41.013245],[-79.716935,41.013284],[-79.716116,41.010071],[-79.718035,41.010188],[-79.71957,41.007009],[-79.720709,41.001466],[-79.721351,40.99987],[-79.726773,40.995945],[-79.726668,40.998426],[-79.72885,41.001527],[-79.73096,41.001474],[-79.730672,41.004542],[-79.731687,41.00574],[-79.733998,41.006336],[-79.736823,41.007784],[-79.740434,41.008275],[-79.744116,41.010249],[-79.743691,41.011386],[-79.761223,41.009325],[-79.762141,41.008868],[-79.763831,41.010025],[-79.765866,41.013538],[-79.769266,41.014336],[-79.771675,41.015584],[-79.773393,41.012283],[-79.776277,41.010183],[-79.778128,41.008004],[-79.783523,41.007694],[-79.784872,41.006281],[-79.784801,41.011846],[-79.787285,41.013198],[-79.793736,41.014771],[-79.794344,41.013865],[-79.796373,41.014348],[-79.799294,41.015996],[-79.802621,41.01977],[-79.803447,41.02158],[-79.806155,41.021761],[-79.807932,41.022687],[-79.814299,41.022459],[-79.814205,41.028563],[-79.837067,41.028241]]]}},{"type":"Feature","properties":{"zcta5":"16001","AFFGEOID10":"8600000US16001","GEOID10":"16001","ALAND10":190180359,"AWATER10":3040108,"county_name":"Butler","state_code":"PA","county_state":"Butler County, PA","county_fips":"42019","risk_level_county":"Lower Risk (80–84% vaccinated)","mean_vaccination_rate_county":82.07,"risk_level_zcta":"Medium Risk (70–79% vaccinated)","mean_vaccination_rate_zips":78.3,"cases":16},"geometry":{"type":"Polygon","coordinates":[[[-80.035321,40.956419],[-80.036334,40.954081],[-80.037518,40.953334],[-80.031751,40.952778],[-80.033676,40.950102],[-80.035956,40.949287],[-80.035961,40.945514],[-80.034458,40.942595],[-80.030221,40.93919],[-80.03188,40.93695],[-80.031564,40.933727],[-80.027668,40.929763],[-80.025465,40.929703],[-80.024886,40.928399],[-80.022227,40.926086],[-80.019012,40.921808],[-80.018583,40.918136],[-80.017804,40.905357],[-80.019865,40.905558],[-80.021877,40.905507],[-80.021885,40.905298],[-80.016277,40.903003],[-80.016539,40.895192],[-80.016397,40.892132],[-80.026386,40.891854],[-80.025982,40.885764],[-80.015784,40.885926],[-80.017204,40.88134],[-80.018099,40.876992],[-80.017802,40.872709],[-80.017173,40.863019],[-80.017961,40.860754],[-80.017797,40.859447],[-80.016002,40.855991],[-80.016078,40.853744],[-80.014394,40.851926],[-80.012742,40.854494],[-80.013308,40.855619],[-80.01232,40.857382],[-80.008943,40.858056],[-80.007677,40.856014],[-80.004966,40.855212],[-80.000631,40.854262],[-79.998828,40.854475],[-79.994159,40.857909],[-79.985728,40.860587],[-79.984536,40.861276],[-79.980711,40.860571],[-79.981586,40.857988],[-79.981017,40.853703],[-79.978555,40.848955],[-79.978573,40.848333],[-79.971172,40.848729],[-79.970872,40.83977],[-79.969975,40.839959],[-79.969491,40.839988],[-79.968081,40.839994],[-79.966326,40.840048],[-79.961791,40.840021],[-79.961153,40.836209],[-79.955107,40.836412],[-79.947306,40.829692],[-79.94471,40.828166],[-79.943041,40.824928],[-79.943297,40.822835],[-79.945257,40.819616],[-79.944472,40.819441],[-79.940399,40.818427],[-79.937399,40.81839],[-79.93259,40.816328],[-79.9312,40.816322],[-79.931283,40.819811],[-79.929337,40.819865],[-79.929213,40.816357],[-79.927553,40.816395],[-79.927272,40.826183],[-79.925985,40.828853],[-79.922052,40.833703],[-79.922991,40.833707],[-79.920222,40.837784],[-79.91955,40.841619],[-79.919615,40.844165],[-79.918805,40.845168],[-79.911328,40.84801],[-79.911905,40.849511],[-79.914704,40.848248],[-79.920704,40.848037],[-79.921671,40.846767],[-79.924494,40.845049],[-79.92835,40.845039],[-79.923401,40.847668],[-79.921643,40.849365],[-79.924034,40.849969],[-79.923212,40.852257],[-79.918351,40.853598],[-79.92017,40.857208],[-79.925117,40.857595],[-79.927922,40.855936],[-79.92878,40.859748],[-79.924021,40.857888],[-79.920135,40.857481],[-79.919901,40.859022],[-79.918611,40.860685],[-79.916101,40.861045],[-79.913361,40.86037],[-79.910803,40.860412],[-79.912133,40.85013],[-79.904992,40.850364],[-79.9077,40.847973],[-79.906909,40.847565],[-79.912163,40.844911],[-79.911225,40.846009],[-79.908257,40.847587],[-79.911126,40.847197],[-79.918261,40.844786],[-79.919189,40.84328],[-79.918856,40.841513],[-79.915595,40.840678],[-79.910331,40.84161],[-79.906477,40.840692],[-79.9047,40.83861],[-79.896756,40.835527],[-79.891635,40.837886],[-79.88444,40.83958],[-79.878771,40.838891],[-79.87992,40.840096],[-79.880125,40.844202],[-79.877177,40.843269],[-79.874953,40.843043],[-79.875286,40.854024],[-79.877912,40.855011],[-79.878007,40.853838],[-79.881008,40.853996],[-79.881034,40.855956],[-79.883253,40.858143],[-79.88125,40.859222],[-79.881322,40.860613],[-79.877413,40.862644],[-79.876851,40.863722],[-79.875555,40.862849],[-79.875756,40.874071],[-79.871331,40.872888],[-79.868262,40.871623],[-79.864145,40.869368],[-79.866415,40.870714],[-79.864696,40.871165],[-79.856351,40.8754],[-79.861773,40.872755],[-79.862059,40.875805],[-79.860264,40.875921],[-79.860401,40.87902],[-79.859847,40.878762],[-79.858588,40.877288],[-79.854425,40.88536],[-79.851645,40.88621],[-79.844262,40.886056],[-79.842567,40.887477],[-79.842271,40.889636],[-79.843109,40.893654],[-79.841138,40.894415],[-79.840806,40.896732],[-79.837762,40.898278],[-79.835432,40.898203],[-79.835326,40.899478],[-79.832165,40.901603],[-79.832008,40.900465],[-79.830517,40.900222],[-79.830753,40.901998],[-79.829591,40.902369],[-79.829225,40.899979],[-79.817899,40.899757],[-79.814107,40.903221],[-79.813299,40.908817],[-79.814109,40.910573],[-79.813357,40.911664],[-79.819725,40.911888],[-79.823568,40.912252],[-79.826676,40.911793],[-79.828925,40.912285],[-79.832553,40.914098],[-79.834631,40.914773],[-79.838817,40.916881],[-79.839533,40.918045],[-79.841303,40.916219],[-79.843049,40.913079],[-79.84343,40.911626],[-79.842506,40.908917],[-79.843991,40.906772],[-79.844916,40.90439],[-79.844878,40.902888],[-79.84612,40.901551],[-79.848974,40.900495],[-79.849823,40.90101],[-79.856746,40.900549],[-79.860259,40.900718],[-79.863032,40.902598],[-79.86459,40.902031],[-79.864463,40.90504],[-79.86183,40.907795],[-79.855716,40.911937],[-79.853958,40.913369],[-79.856212,40.91764],[-79.854429,40.918216],[-79.855066,40.920312],[-79.855995,40.921178],[-79.855384,40.922878],[-79.856503,40.926544],[-79.855221,40.927194],[-79.8526,40.927219],[-79.850417,40.929265],[-79.846791,40.931711],[-79.845638,40.933654],[-79.845361,40.934651],[-79.84632,40.936215],[-79.846711,40.936676],[-79.848563,40.933666],[-79.852196,40.931677],[-79.854223,40.930112],[-79.857921,40.928749],[-79.863291,40.925414],[-79.86623,40.924874],[-79.868749,40.925125],[-79.87182,40.923674],[-79.87247,40.925117],[-79.870774,40.930626],[-79.871658,40.932229],[-79.870791,40.933959],[-79.872821,40.937857],[-79.873923,40.938636],[-79.874524,40.940859],[-79.87603,40.940154],[-79.888054,40.939543],[-79.890607,40.937946],[-79.892286,40.937883],[-79.892769,40.93993],[-79.894457,40.940343],[-79.893174,40.937819],[-79.892033,40.933223],[-79.890782,40.931883],[-79.891918,40.929746],[-79.898433,40.931564],[-79.901954,40.933666],[-79.900996,40.93765],[-79.90147,40.939274],[-79.902639,40.938226],[-79.910611,40.945918],[-79.918459,40.945314],[-79.917428,40.948681],[-79.916081,40.949242],[-79.91664,40.953674],[-79.915098,40.955412],[-79.915391,40.956843],[-79.929687,40.956672],[-79.930641,40.958565],[-79.930532,40.963979],[-79.931811,40.967448],[-79.930576,40.966963],[-79.926519,40.967655],[-79.925331,40.968363],[-79.919786,40.970145],[-79.91941,40.971248],[-79.923587,40.970734],[-79.929115,40.979725],[-79.925542,40.985429],[-79.925336,40.988976],[-79.923608,40.991814],[-79.929901,40.993437],[-79.930191,40.997433],[-79.928428,40.997875],[-79.928841,41.004004],[-79.934613,41.00308],[-79.937984,41.003706],[-79.941297,41.002557],[-79.941519,41.006746],[-79.944441,41.007048],[-79.947862,41.005456],[-79.949349,41.00407],[-79.953315,41.003856],[-79.962803,41.002605],[-79.967058,41.002651],[-79.970622,41.003375],[-79.969276,40.996541],[-79.974953,40.996184],[-79.978174,40.995569],[-79.977758,40.985422],[-79.976103,40.982418],[-79.971969,40.972307],[-79.974794,40.973361],[-79.977272,40.973649],[-79.977187,40.971894],[-79.979867,40.971316],[-79.982351,40.969591],[-79.984423,40.969338],[-79.987937,40.970846],[-79.991393,40.970219],[-79.997993,40.971023],[-79.999052,40.971884],[-80.006542,40.971969],[-80.010606,40.972743],[-80.012399,40.972024],[-80.021044,40.970226],[-80.022008,40.967671],[-80.023492,40.965687],[-80.027183,40.964125],[-80.030195,40.960998],[-80.031613,40.960545],[-80.033237,40.958192],[-80.035321,40.956419]]]}},{"type":"Feature","properties":{"zcta5":"16056","AFFGEOID10":"8600000US16056","GEOID10":"16056","ALAND10":54870521,"AWATER10":33892,"county_name":"Butler","state_code":"PA","county_state":"Butler County, PA","county_fips":"42019","risk_level_county":"Lower Risk (80–84% vaccinated)","mean_vaccination_rate_county":82.07,"risk_level_zcta":"Medium Risk (70–79% vaccinated)","mean_vaccination_rate_zips":77.63,"cases":16},"geometry":{"type":"Polygon","coordinates":[[[-79.88587,40.748982],[-79.884738,40.74808],[-79.884642,40.743898],[-79.876243,40.743552],[-79.876621,40.731098],[-79.87114,40.730055],[-79.870776,40.723267],[-79.87023,40.722702],[-79.869399,40.718959],[-79.869399,40.713083],[-79.876168,40.713181],[-79.876711,40.713928],[-79.876817,40.703109],[-79.876166,40.698339],[-79.876988,40.697013],[-79.876943,40.690524],[-79.877901,40.686557],[-79.879199,40.684511],[-79.876969,40.683724],[-79.87713,40.672309],[-79.866027,40.672264],[-79.83236,40.671394],[-79.828636,40.671073],[-79.825406,40.671201],[-79.824529,40.673546],[-79.824504,40.677568],[-79.827052,40.685453],[-79.826791,40.687858],[-79.827525,40.690148],[-79.82944,40.691504],[-79.832707,40.692633],[-79.835438,40.694287],[-79.833491,40.697065],[-79.832858,40.700184],[-79.82781,40.701864],[-79.823904,40.703591],[-79.823994,40.715428],[-79.818581,40.711755],[-79.816893,40.711491],[-79.801429,40.726218],[-79.796944,40.726135],[-79.786274,40.724405],[-79.784951,40.726546],[-79.784787,40.733263],[-79.784525,40.742523],[-79.790377,40.742692],[-79.791726,40.745248],[-79.791935,40.748032],[-79.794891,40.747863],[-79.79543,40.742868],[-79.797398,40.742907],[-79.796751,40.741352],[-79.804107,40.73922],[-79.806215,40.743041],[-79.806067,40.747556],[-79.806586,40.755143],[-79.803383,40.757688],[-79.814524,40.757315],[-79.814657,40.760569],[-79.816666,40.767011],[-79.815595,40.773533],[-79.81841,40.772183],[-79.820243,40.769858],[-79.83458,40.775244],[-79.836683,40.775816],[-79.840572,40.775553],[-79.842069,40.7749],[-79.848697,40.774845],[-79.848337,40.769507],[-79.846272,40.763777],[-79.848594,40.763255],[-79.845815,40.752262],[-79.848507,40.750409],[-79.845324,40.74911],[-79.843724,40.74908],[-79.842155,40.750216],[-79.842103,40.750268],[-79.84203,40.750309],[-79.841759,40.750365],[-79.841642,40.750427],[-79.84156,40.750503],[-79.841481,40.750623],[-79.840888,40.750249],[-79.844507,40.747881],[-79.847733,40.749199],[-79.851415,40.749599],[-79.853523,40.749258],[-79.855241,40.750065],[-79.855778,40.751686],[-79.854941,40.753128],[-79.858321,40.753211],[-79.861939,40.75429],[-79.865073,40.754417],[-79.870221,40.75375],[-79.875348,40.754056],[-79.879467,40.755299],[-79.88371,40.752936],[-79.88587,40.748982]]]}},{"type":"Feature","properties":{"zcta5":"16040","AFFGEOID10":"8600000US16040","GEOID10":"16040","ALAND10":50810948,"AWATER10":8983,"county_name":"Butler","state_code":"PA","county_state":"Butler County, PA","county_fips":"42019","risk_level_county":"Lower Risk (80–84% vaccinated)","mean_vaccination_rate_county":82.07,"risk_level_zcta":"Medium Risk (70–79% vaccinated)","mean_vaccination_rate_zips":76.7,"cases":16},"geometry":{"type":"Polygon","coordinates":[[[-79.833493,41.122397],[-79.837675,41.122312],[-79.841591,41.120482],[-79.849008,41.119647],[-79.850913,41.118487],[-79.851112,41.115341],[-79.853576,41.1144],[-79.854003,41.115295],[-79.8573,41.115949],[-79.860706,41.119751],[-79.860413,41.121496],[-79.862131,41.125504],[-79.862921,41.124908],[-79.868844,41.124466],[-79.871321,41.123244],[-79.873816,41.124072],[-79.87755,41.122672],[-79.882693,41.121425],[-79.881549,41.100273],[-79.896532,41.100111],[-79.895913,41.096165],[-79.893363,41.093104],[-79.893035,41.089675],[-79.89141,41.088752],[-79.886306,41.087575],[-79.881238,41.084924],[-79.880539,41.050413],[-79.878513,41.050316],[-79.875764,41.048849],[-79.87394,41.048471],[-79.870863,41.04895],[-79.867206,41.04903],[-79.860809,41.050221],[-79.858042,41.049393],[-79.856937,41.047714],[-79.854427,41.046376],[-79.847792,41.04617],[-79.845448,41.046347],[-79.843432,41.047033],[-79.84086,41.048543],[-79.837064,41.048648],[-79.837057,41.057894],[-79.835962,41.058981],[-79.828942,41.059611],[-79.829228,41.062345],[-79.82555,41.061878],[-79.821547,41.060829],[-79.821595,41.065406],[-79.824345,41.067434],[-79.825429,41.069069],[-79.829656,41.071162],[-79.832081,41.073811],[-79.831715,41.07705],[-79.83277,41.08035],[-79.834749,41.08254],[-79.833779,41.083523],[-79.831398,41.083697],[-79.828267,41.082808],[-79.825943,41.083904],[-79.822939,41.086563],[-79.825342,41.088503],[-79.803086,41.090473],[-79.795489,41.095112],[-79.791406,41.095402],[-79.788954,41.094982],[-79.787025,41.097702],[-79.786124,41.099884],[-79.786754,41.103543],[-79.788807,41.105831],[-79.794526,41.11002],[-79.796473,41.111733],[-79.790625,41.121858],[-79.786542,41.120202],[-79.786245,41.108264],[-79.783327,41.110223],[-79.777287,41.111931],[-79.771009,41.114346],[-79.77083,41.115001],[-79.781301,41.117388],[-79.784529,41.119494],[-79.786572,41.121599],[-79.786775,41.129302],[-79.810843,41.129492],[-79.810849,41.135757],[-79.813784,41.136607],[-79.813776,41.134157],[-79.815922,41.129842],[-79.815948,41.128227],[-79.817506,41.126943],[-79.817951,41.123963],[-79.821315,41.120392],[-79.827208,41.119473],[-79.828763,41.119866],[-79.83233,41.122369],[-79.833493,41.122397]]]}},{"type":"Feature","properties":{"zcta5":"16033","AFFGEOID10":"8600000US16033","GEOID10":"16033","ALAND10":80044193,"AWATER10":46584,"county_name":"Butler","state_code":"PA","county_state":"Butler County, PA","county_fips":"42019","risk_level_county":"Lower Risk (80–84% vaccinated)","mean_vaccination_rate_county":82.07,"risk_level_zcta":"Lower Risk (80–84% vaccinated)","mean_vaccination_rate_zips":83.18,"cases":16},"geometry":{"type":"Polygon","coordinates":[[[-80.066206,40.859526],[-80.065583,40.851079],[-80.068367,40.848802],[-80.071256,40.847353],[-80.072099,40.845018],[-80.071878,40.843688],[-80.073722,40.842291],[-80.074424,40.840339],[-80.076204,40.838636],[-80.07463,40.832953],[-80.07447,40.829704],[-80.074915,40.828997],[-80.072077,40.829579],[-80.071628,40.82895],[-80.073711,40.826842],[-80.0785,40.82694],[-80.081306,40.82616],[-80.080428,40.819959],[-80.075187,40.821561],[-80.069451,40.820946],[-80.069421,40.817276],[-80.08077,40.817306],[-80.100776,40.811459],[-80.10089,40.808485],[-80.096288,40.807969],[-80.096608,40.805856],[-80.094854,40.803031],[-80.093992,40.803122],[-80.091374,40.802415],[-80.085681,40.799272],[-80.091521,40.791788],[-80.087823,40.789251],[-80.083719,40.788585],[-80.080793,40.789369],[-80.07596,40.788615],[-80.075542,40.789712],[-80.072634,40.789907],[-80.068509,40.789191],[-80.07381,40.786445],[-80.073714,40.785151],[-80.071534,40.78563],[-80.068204,40.787788],[-80.067309,40.789492],[-80.066541,40.789441],[-80.063454,40.786705],[-80.061838,40.784713],[-80.061548,40.781625],[-80.063088,40.779442],[-80.061815,40.778086],[-80.061675,40.776545],[-80.062474,40.774581],[-80.066981,40.774626],[-80.0675,40.773294],[-80.071401,40.773313],[-80.071406,40.772696],[-80.071426,40.770608],[-80.074704,40.772936],[-80.077138,40.77137],[-80.080831,40.770737],[-80.083107,40.771061],[-80.087721,40.769938],[-80.093872,40.766871],[-80.095744,40.764766],[-80.095731,40.763373],[-80.093758,40.76193],[-80.092458,40.760307],[-80.089721,40.758385],[-80.088711,40.756832],[-80.086721,40.756966],[-80.086477,40.754221],[-80.092724,40.747652],[-80.092236,40.746895],[-80.094667,40.745128],[-80.076146,40.745037],[-80.073367,40.745032],[-80.059405,40.744996],[-80.058752,40.736389],[-80.061555,40.735761],[-80.060585,40.735796],[-80.06034,40.731868],[-80.058624,40.731936],[-80.058202,40.722349],[-80.049195,40.722699],[-80.048469,40.720156],[-80.047777,40.718754],[-80.045952,40.719442],[-80.041703,40.730821],[-80.040388,40.732221],[-80.034883,40.732431],[-80.032632,40.733852],[-80.029524,40.728327],[-80.028434,40.729082],[-80.027666,40.72961],[-80.027383,40.729701],[-80.026239,40.72967],[-80.025924,40.729693],[-80.022783,40.743911],[-80.020201,40.74476],[-79.978645,40.744806],[-79.978341,40.747198],[-79.980464,40.74792],[-79.984335,40.747074],[-79.985893,40.74788],[-79.989214,40.748604],[-79.991975,40.750064],[-79.992814,40.752125],[-80.004111,40.760575],[-80.005646,40.760285],[-80.008336,40.761926],[-80.011956,40.761984],[-80.006526,40.770053],[-80.003443,40.769534],[-80.000587,40.77084],[-79.996391,40.768353],[-79.993318,40.767889],[-79.991769,40.766661],[-79.992572,40.767762],[-79.994971,40.768744],[-79.99674,40.770954],[-79.998857,40.771301],[-80.001858,40.770605],[-80.005659,40.772496],[-80.006788,40.773613],[-80.007585,40.777318],[-80.00885,40.77811],[-80.009581,40.780316],[-80.012223,40.781402],[-80.012614,40.78212],[-80.011535,40.785164],[-80.006889,40.783837],[-80.004856,40.784134],[-80.003542,40.785391],[-80.003406,40.786877],[-80.005353,40.791931],[-80.004202,40.795285],[-80.000088,40.797816],[-79.997766,40.798524],[-79.998652,40.800277],[-79.995328,40.801143],[-79.997886,40.803238],[-80.001778,40.804306],[-80.007844,40.805008],[-80.010758,40.807894],[-80.014873,40.806558],[-80.014876,40.809348],[-80.012332,40.809364],[-80.011036,40.810997],[-80.009449,40.810793],[-80.006335,40.813571],[-79.999628,40.81631],[-79.999185,40.818766],[-80.000651,40.818706],[-80.000634,40.824669],[-80.011182,40.824043],[-80.01107,40.821034],[-80.010268,40.816467],[-80.011201,40.814877],[-80.014139,40.815572],[-80.014734,40.817019],[-80.019546,40.816288],[-80.023002,40.816207],[-80.026257,40.815623],[-80.028835,40.815776],[-80.028374,40.818151],[-80.029255,40.821447],[-80.029063,40.824159],[-80.029951,40.826813],[-80.029288,40.827717],[-80.029985,40.829477],[-80.028639,40.831306],[-80.02966,40.835286],[-80.028203,40.837562],[-80.027902,40.83959],[-80.028814,40.840096],[-80.027583,40.84105],[-80.02626,40.843414],[-80.024438,40.844863],[-80.023311,40.846685],[-80.023804,40.852528],[-80.025329,40.853437],[-80.026949,40.855521],[-80.026746,40.859636],[-80.029479,40.86326],[-80.028422,40.865716],[-80.039617,40.865421],[-80.046479,40.860352],[-80.055593,40.861987],[-80.059123,40.862005],[-80.061277,40.859117],[-80.063365,40.857402],[-80.066206,40.859526]],[[-80.044419,40.744356],[-80.047319,40.747694],[-80.042154,40.747713],[-80.039786,40.744484],[-80.03456,40.745012],[-80.032308,40.742092],[-80.032118,40.741578],[-80.033822,40.74125],[-80.034233,40.741199],[-80.033539,40.740256],[-80.032903,40.740061],[-80.032546,40.739658],[-80.033255,40.739172],[-80.033431,40.738731],[-80.034488,40.738253],[-80.034364,40.73733],[-80.033852,40.736729],[-80.034134,40.736778],[-80.034551,40.737156],[-80.034399,40.736443],[-80.036175,40.736888],[-80.039574,40.739884],[-80.04159,40.742973],[-80.040948,40.743975],[-80.04136,40.743938],[-80.041933,40.744229],[-80.04221,40.744265],[-80.042611,40.744163],[-80.042961,40.743961],[-80.043107,40.743666],[-80.043872,40.743625],[-80.044219,40.74404],[-80.044419,40.744356]]]}},{"type":"Feature","properties":{"zcta5":"16052","AFFGEOID10":"8600000US16052","GEOID10":"16052","ALAND10":52113451,"AWATER10":2309640,"county_name":"Butler","state_code":"PA","county_state":"Butler County, PA","county_fips":"42019","risk_level_county":"Lower Risk (80–84% vaccinated)","mean_vaccination_rate_county":82.07,"risk_level_zcta":"Medium Risk (70–79% vaccinated)","mean_vaccination_rate_zips":77.71,"cases":16},"geometry":{"type":"Polygon","coordinates":[[[-80.142256,40.919634],[-80.141757,40.916092],[-80.139896,40.911103],[-80.139792,40.90461],[-80.132915,40.902207],[-80.131763,40.901345],[-80.127592,40.900305],[-80.1249,40.891567],[-80.124715,40.889855],[-80.125512,40.886174],[-80.097833,40.885609],[-80.097429,40.883062],[-80.091851,40.883277],[-80.088791,40.882816],[-80.083402,40.882597],[-80.082745,40.881675],[-80.073658,40.881849],[-80.071053,40.878949],[-80.067524,40.877373],[-80.066206,40.859526],[-80.063365,40.857402],[-80.061277,40.859117],[-80.059123,40.862005],[-80.055593,40.861987],[-80.046479,40.860352],[-80.039617,40.865421],[-80.028422,40.865716],[-80.028226,40.867759],[-80.025307,40.869365],[-80.023536,40.871283],[-80.017802,40.872709],[-80.018099,40.876992],[-80.017204,40.88134],[-80.015784,40.885926],[-80.025982,40.885764],[-80.026386,40.891854],[-80.016397,40.892132],[-80.016539,40.895192],[-80.016277,40.903003],[-80.021885,40.905298],[-80.021877,40.905507],[-80.019865,40.905558],[-80.017804,40.905357],[-80.018583,40.918136],[-80.019012,40.921808],[-80.022227,40.926086],[-80.024886,40.928399],[-80.025465,40.929703],[-80.027668,40.929763],[-80.031564,40.933727],[-80.03188,40.93695],[-80.030221,40.93919],[-80.034458,40.942595],[-80.035961,40.945514],[-80.035956,40.949287],[-80.033676,40.950102],[-80.031751,40.952778],[-80.037518,40.953334],[-80.036334,40.954081],[-80.035321,40.956419],[-80.070113,40.954901],[-80.068892,40.913407],[-80.068821,40.910895],[-80.071831,40.91065],[-80.076351,40.912016],[-80.07828,40.912985],[-80.078188,40.910315],[-80.082289,40.907751],[-80.086637,40.907873],[-80.092848,40.907214],[-80.097735,40.905457],[-80.100145,40.90119],[-80.109967,40.909141],[-80.113983,40.911885],[-80.117183,40.912029],[-80.130563,40.913409],[-80.127408,40.910542],[-80.128742,40.91054],[-80.130824,40.912135],[-80.133069,40.915268],[-80.134155,40.920089],[-80.135022,40.9195],[-80.142256,40.919634]]]}},{"type":"Feature","properties":{"zcta5":"16055","AFFGEOID10":"8600000US16055","GEOID10":"16055","ALAND10":100862894,"AWATER10":224160,"county_name":"Butler","state_code":"PA","county_state":"Butler County, PA","county_fips":"42019","risk_level_county":"Lower Risk (80–84% vaccinated)","mean_vaccination_rate_county":82.07,"risk_level_zcta":"Lower Risk (80–84% vaccinated)","mean_vaccination_rate_zips":80.26,"cases":16},"geometry":{"type":"MultiPolygon","coordinates":[[[[-79.806067,40.747556],[-79.806215,40.743041],[-79.804107,40.73922],[-79.796751,40.741352],[-79.797398,40.742907],[-79.79543,40.742868],[-79.794891,40.747863],[-79.806067,40.747556]]],[[[-79.791935,40.748032],[-79.791726,40.745248],[-79.790377,40.742692],[-79.784525,40.742523],[-79.784787,40.733263],[-79.784951,40.726546],[-79.786274,40.724405],[-79.796944,40.726135],[-79.801429,40.726218],[-79.816893,40.711491],[-79.818581,40.711755],[-79.823994,40.715428],[-79.823904,40.703591],[-79.82781,40.701864],[-79.832858,40.700184],[-79.833491,40.697065],[-79.835438,40.694287],[-79.832707,40.692633],[-79.82944,40.691504],[-79.827525,40.690148],[-79.826791,40.687858],[-79.827052,40.685453],[-79.824504,40.677568],[-79.824529,40.673546],[-79.825406,40.671201],[-79.816142,40.671808],[-79.811838,40.672255],[-79.76414,40.670497],[-79.762701,40.67048],[-79.762496,40.67006],[-79.762509,40.669812],[-79.759906,40.66987],[-79.759681,40.669975],[-79.759415,40.670413],[-79.745508,40.669679],[-79.743643,40.669777],[-79.735158,40.669332],[-79.732744,40.66924],[-79.730806,40.669249],[-79.722739,40.669628],[-79.720348,40.669618],[-79.714599,40.669704],[-79.714286,40.669708],[-79.713647,40.672195],[-79.713708,40.676001],[-79.714443,40.676074],[-79.715113,40.680401],[-79.713499,40.68644],[-79.713593,40.689435],[-79.713698,40.692561],[-79.712676,40.692025],[-79.711627,40.691591],[-79.70995,40.690969],[-79.704974,40.688865],[-79.69792,40.684359],[-79.694015,40.683744],[-79.693294,40.683915],[-79.692586,40.683937],[-79.692634,40.684161],[-79.692615,40.688784],[-79.691247,40.690041],[-79.684954,40.69054],[-79.683274,40.691882],[-79.686463,40.704582],[-79.690474,40.704544],[-79.692396,40.705153],[-79.695597,40.706076],[-79.699796,40.704621],[-79.70191,40.705279],[-79.702626,40.710155],[-79.701313,40.712203],[-79.702749,40.714641],[-79.70101,40.715789],[-79.69917,40.716053],[-79.696789,40.718172],[-79.697583,40.721785],[-79.694646,40.724125],[-79.694661,40.726409],[-79.693528,40.728726],[-79.691033,40.730287],[-79.689947,40.741056],[-79.687751,40.739548],[-79.684412,40.73608],[-79.683371,40.733993],[-79.680963,40.733401],[-79.678186,40.734522],[-79.680167,40.732728],[-79.676833,40.730949],[-79.674833,40.732563],[-79.669808,40.735692],[-79.667332,40.736504],[-79.666826,40.738102],[-79.663534,40.739941],[-79.65917,40.740343],[-79.658883,40.742048],[-79.659921,40.745367],[-79.659559,40.746833],[-79.662995,40.750501],[-79.664416,40.753032],[-79.66639,40.753629],[-79.66772,40.755117],[-79.667588,40.757696],[-79.666962,40.759885],[-79.668448,40.76175],[-79.668432,40.763948],[-79.669576,40.766835],[-79.671811,40.769495],[-79.669929,40.773072],[-79.691926,40.773248],[-79.691925,40.772732],[-79.696921,40.77193],[-79.700206,40.774533],[-79.698937,40.77325],[-79.698727,40.771724],[-79.696827,40.769148],[-79.696979,40.7657],[-79.698712,40.765167],[-79.701875,40.765228],[-79.70316,40.763965],[-79.706576,40.762948],[-79.709566,40.763722],[-79.712202,40.766198],[-79.712454,40.765331],[-79.710629,40.76338],[-79.708294,40.761809],[-79.708581,40.757452],[-79.710098,40.756009],[-79.709927,40.751439],[-79.717441,40.751697],[-79.719831,40.752779],[-79.721216,40.7546],[-79.723949,40.756871],[-79.728118,40.756746],[-79.72866,40.754844],[-79.731284,40.750818],[-79.729382,40.749594],[-79.72986,40.747581],[-79.727844,40.745215],[-79.726622,40.742261],[-79.738401,40.742065],[-79.736754,40.745322],[-79.74391,40.745328],[-79.747311,40.74491],[-79.748046,40.742099],[-79.754972,40.742114],[-79.758391,40.745436],[-79.75885,40.746837],[-79.758358,40.750581],[-79.759899,40.753888],[-79.760137,40.757534],[-79.774362,40.75641],[-79.775677,40.759003],[-79.77847,40.760074],[-79.778889,40.760688],[-79.77936,40.76605],[-79.781616,40.767226],[-79.782309,40.768233],[-79.787132,40.768209],[-79.790337,40.77011],[-79.790833,40.769579],[-79.793055,40.767544],[-79.795989,40.763817],[-79.800857,40.76006],[-79.798142,40.759583],[-79.796213,40.756952],[-79.795992,40.754596],[-79.792327,40.750065],[-79.791935,40.748032]]]]}},{"type":"Feature","properties":{"zcta5":"16059","AFFGEOID10":"8600000US16059","GEOID10":"16059","ALAND10":66480640,"AWATER10":189233,"county_name":"Butler","state_code":"PA","county_state":"Butler County, PA","county_fips":"42019","risk_level_county":"Lower Risk (80–84% vaccinated)","mean_vaccination_rate_county":82.07,"risk_level_zcta":"Medium Risk (70–79% vaccinated)","mean_vaccination_rate_zips":75.44,"cases":16},"geometry":{"type":"Polygon","coordinates":[[[-80.010116,40.675779],[-80.010624,40.674314],[-80.010625,40.673874],[-79.996979,40.673635],[-79.997069,40.672995],[-79.995764,40.671529],[-79.994787,40.672662],[-79.994139,40.672988],[-79.993846,40.666503],[-79.980249,40.668215],[-79.984073,40.669313],[-79.986125,40.671873],[-79.985705,40.672406],[-79.986889,40.673531],[-79.964595,40.672514],[-79.96077,40.672306],[-79.957647,40.672006],[-79.955021,40.669984],[-79.952912,40.670041],[-79.950495,40.664322],[-79.939967,40.663763],[-79.937021,40.666802],[-79.933731,40.666865],[-79.932324,40.670962],[-79.932403,40.672876],[-79.924182,40.673021],[-79.916033,40.67309],[-79.914627,40.673232],[-79.87713,40.672309],[-79.876969,40.683724],[-79.879199,40.684511],[-79.877901,40.686557],[-79.876943,40.690524],[-79.876988,40.697013],[-79.876166,40.698339],[-79.876817,40.703109],[-79.876711,40.713928],[-79.876168,40.713181],[-79.869399,40.713083],[-79.869399,40.718959],[-79.87023,40.722702],[-79.870776,40.723267],[-79.87114,40.730055],[-79.876621,40.731098],[-79.876243,40.743552],[-79.884642,40.743898],[-79.884738,40.74808],[-79.88587,40.748982],[-79.894312,40.748573],[-79.89711,40.746762],[-79.901003,40.745941],[-79.902015,40.744908],[-79.899514,40.743984],[-79.907219,40.744126],[-79.906512,40.739874],[-79.907902,40.737855],[-79.910667,40.736607],[-79.912563,40.731602],[-79.914467,40.730687],[-79.92358,40.729955],[-79.925575,40.72566],[-79.927808,40.724475],[-79.931729,40.725652],[-79.936328,40.724018],[-79.939807,40.726364],[-79.941642,40.725836],[-79.943197,40.726539],[-79.941735,40.729575],[-79.939725,40.73214],[-79.939501,40.734625],[-79.938294,40.737178],[-79.944479,40.738336],[-79.942934,40.741813],[-79.942107,40.744719],[-79.971173,40.744819],[-79.971731,40.741899],[-79.974882,40.740719],[-79.976709,40.738773],[-79.977057,40.734215],[-79.978282,40.73227],[-79.978105,40.731292],[-79.975829,40.729581],[-79.974807,40.727965],[-79.975518,40.725485],[-79.974274,40.723702],[-79.966915,40.723913],[-79.966446,40.711764],[-79.966522,40.705847],[-79.964331,40.706989],[-79.961961,40.704781],[-79.960217,40.701986],[-79.959757,40.700135],[-79.957677,40.698925],[-79.959828,40.697528],[-79.966714,40.695569],[-79.97622,40.693952],[-79.97722,40.69341],[-79.977697,40.69314],[-79.981475,40.69292],[-79.981335,40.692363],[-80.002674,40.687426],[-79.998998,40.680979],[-80.005472,40.679235],[-80.010116,40.675779]]]}},{"type":"Feature","properties":{"zcta5":"16045","AFFGEOID10":"8600000US16045","GEOID10":"16045","ALAND10":1489046,"AWATER10":0,"county_name":"Butler","state_code":"PA","county_state":"Butler County, PA","county_fips":"42019","risk_level_county":"Lower Risk (80–84% vaccinated)","mean_vaccination_rate_county":82.07,"risk_level_zcta":"Medium Risk (70–79% vaccinated)","mean_vaccination_rate_zips":77.9,"cases":16},"geometry":{"type":"Polygon","coordinates":[[[-79.918856,40.841513],[-79.919189,40.84328],[-79.918261,40.844786],[-79.911126,40.847197],[-79.908257,40.847587],[-79.911225,40.846009],[-79.912163,40.844911],[-79.906909,40.847565],[-79.9077,40.847973],[-79.904992,40.850364],[-79.912133,40.85013],[-79.910803,40.860412],[-79.913361,40.86037],[-79.916101,40.861045],[-79.918611,40.860685],[-79.919901,40.859022],[-79.920135,40.857481],[-79.924021,40.857888],[-79.92878,40.859748],[-79.927922,40.855936],[-79.925117,40.857595],[-79.92017,40.857208],[-79.918351,40.853598],[-79.923212,40.852257],[-79.924034,40.849969],[-79.921643,40.849365],[-79.923401,40.847668],[-79.92835,40.845039],[-79.924494,40.845049],[-79.921671,40.846767],[-79.920704,40.848037],[-79.914704,40.848248],[-79.911905,40.849511],[-79.911328,40.84801],[-79.918805,40.845168],[-79.919615,40.844165],[-79.91955,40.841619],[-79.919094,40.841584],[-79.918856,40.841513]]]}},{"type":"Feature","properties":{"zcta5":"16229","AFFGEOID10":"8600000US16229","GEOID10":"16229","ALAND10":64386108,"AWATER10":2682418,"county_name":"Butler","state_code":"PA","county_state":"Butler County, PA","county_fips":"42019","risk_level_county":"Lower Risk (80–84% vaccinated)","mean_vaccination_rate_county":82.07,"risk_level_zcta":"Lower Risk (80–84% vaccinated)","mean_vaccination_rate_zips":80.68,"cases":16},"geometry":{"type":"MultiPolygon","coordinates":[[[[-79.69249,40.668975],[-79.692475,40.668069],[-79.694523,40.666256],[-79.695594,40.664193],[-79.695226,40.660321],[-79.690842,40.653329],[-79.688986,40.648705],[-79.688847,40.643842],[-79.686566,40.643864],[-79.686413,40.64385],[-79.685752,40.644751],[-79.685454,40.648868],[-79.68982,40.657169],[-79.687958,40.656833],[-79.687243,40.657142],[-79.686802,40.658423],[-79.687875,40.66087],[-79.68703,40.662118],[-79.687414,40.662822],[-79.688845,40.663487],[-79.688887,40.66426],[-79.691278,40.667348],[-79.69249,40.668975]]],[[[-79.667588,40.757696],[-79.66772,40.755117],[-79.66639,40.753629],[-79.664416,40.753032],[-79.662995,40.750501],[-79.659559,40.746833],[-79.659921,40.745367],[-79.658883,40.742048],[-79.65917,40.740343],[-79.663534,40.739941],[-79.666826,40.738102],[-79.667332,40.736504],[-79.669808,40.735692],[-79.674833,40.732563],[-79.676833,40.730949],[-79.680167,40.732728],[-79.678186,40.734522],[-79.680963,40.733401],[-79.683371,40.733993],[-79.684412,40.73608],[-79.687751,40.739548],[-79.689947,40.741056],[-79.691033,40.730287],[-79.693528,40.728726],[-79.694661,40.726409],[-79.694646,40.724125],[-79.697583,40.721785],[-79.696789,40.718172],[-79.69917,40.716053],[-79.70101,40.715789],[-79.702749,40.714641],[-79.701313,40.712203],[-79.702626,40.710155],[-79.70191,40.705279],[-79.699796,40.704621],[-79.695597,40.706076],[-79.692396,40.705153],[-79.690474,40.704544],[-79.686463,40.704582],[-79.683274,40.691882],[-79.684954,40.69054],[-79.691247,40.690041],[-79.692615,40.688784],[-79.692634,40.684161],[-79.692586,40.683937],[-79.693294,40.683915],[-79.694015,40.683744],[-79.69792,40.684359],[-79.704974,40.688865],[-79.70995,40.690969],[-79.711627,40.691591],[-79.712676,40.692025],[-79.713698,40.692561],[-79.713593,40.689435],[-79.713499,40.68644],[-79.715113,40.680401],[-79.714443,40.676074],[-79.713708,40.676001],[-79.713647,40.672195],[-79.714286,40.669708],[-79.707546,40.669851],[-79.694474,40.669649],[-79.69293,40.669744],[-79.692587,40.669732],[-79.686629,40.671088],[-79.680146,40.671944],[-79.677802,40.672932],[-79.673987,40.675743],[-79.671654,40.678375],[-79.668426,40.680007],[-79.666557,40.683816],[-79.66585,40.686097],[-79.664031,40.689096],[-79.660124,40.692616],[-79.656769,40.69412],[-79.65406,40.69476],[-79.649987,40.695241],[-79.648222,40.694825],[-79.64086,40.691113],[-79.636657,40.690682],[-79.63182,40.691319],[-79.618126,40.694344],[-79.61601,40.695035],[-79.605438,40.700936],[-79.601264,40.702378],[-79.597325,40.70292],[-79.591962,40.702825],[-79.587245,40.703435],[-79.585021,40.704137],[-79.582014,40.707402],[-79.580815,40.709321],[-79.578908,40.715211],[-79.580557,40.720776],[-79.581563,40.726841],[-79.582219,40.728009],[-79.585728,40.731991],[-79.587483,40.735352],[-79.588181,40.740785],[-79.588125,40.743111],[-79.58734,40.7458],[-79.591805,40.747453],[-79.589578,40.749131],[-79.590647,40.749721],[-79.591899,40.750075],[-79.593353,40.748115],[-79.606002,40.754272],[-79.623768,40.763166],[-79.630285,40.760809],[-79.636858,40.759093],[-79.641969,40.758648],[-79.642409,40.759167],[-79.640902,40.763954],[-79.642369,40.767027],[-79.642958,40.767122],[-79.653722,40.761391],[-79.657136,40.759154],[-79.666119,40.758352],[-79.667359,40.757635],[-79.667588,40.757696]]]]}},{"type":"Feature","properties":{"zcta5":"15044","AFFGEOID10":"8600000US15044","GEOID10":"15044","ALAND10":107044576,"AWATER10":33596,"county_name":"Butler","state_code":"PA","county_state":"Butler County, PA","county_fips":"42019","risk_level_county":"Lower Risk (80–84% vaccinated)","mean_vaccination_rate_county":82.07,"risk_level_zcta":"Medium Risk (70–79% vaccinated)","mean_vaccination_rate_zips":78.53,"cases":16},"geometry":{"type":"Polygon","coordinates":[[[-80.010116,40.675779],[-80.010674,40.675912],[-80.009045,40.679259],[-80.006693,40.679305],[-80.00466,40.680692],[-80.00125,40.681281],[-80.001876,40.682478],[-80.002675,40.682414],[-80.00807,40.686858],[-80.011181,40.687492],[-80.014348,40.686438],[-80.017404,40.684338],[-80.022628,40.684061],[-80.023249,40.685019],[-80.024973,40.683915],[-80.028459,40.683674],[-80.033527,40.682244],[-80.035446,40.678704],[-80.035238,40.677619],[-80.037336,40.677109],[-80.038211,40.675597],[-80.035847,40.675143],[-80.03623,40.67409],[-80.036206,40.673516],[-80.036668,40.668254],[-80.032861,40.668807],[-80.032874,40.662761],[-80.03501,40.658225],[-80.036801,40.6564],[-80.03811,40.652611],[-80.037706,40.651049],[-80.029834,40.645224],[-80.029362,40.643615],[-80.02607,40.643153],[-80.020991,40.64418],[-80.01817,40.644315],[-80.013248,40.639208],[-80.02529,40.641375],[-80.020902,40.629805],[-80.020335,40.627206],[-80.022559,40.62752],[-80.023901,40.628064],[-80.025415,40.62545],[-80.025411,40.621878],[-80.024423,40.61892],[-80.022382,40.615802],[-80.01978,40.613611],[-80.010149,40.613848],[-80.010558,40.612189],[-80.00818,40.608853],[-80.005196,40.608781],[-80.0036,40.608156],[-80.000089,40.602484],[-80.000722,40.60201],[-80.000775,40.599894],[-79.999778,40.598586],[-79.997925,40.597626],[-79.997023,40.590586],[-79.998162,40.587977],[-79.998908,40.587354],[-79.996556,40.586769],[-79.992169,40.583848],[-79.990762,40.583358],[-79.990525,40.593483],[-79.988695,40.592462],[-79.986067,40.593556],[-79.984862,40.594939],[-79.983276,40.594614],[-79.980488,40.595516],[-79.980477,40.594217],[-79.979136,40.592932],[-79.977922,40.593212],[-79.978694,40.595458],[-79.974771,40.592919],[-79.972506,40.593957],[-79.963188,40.593607],[-79.961379,40.596132],[-79.956984,40.597878],[-79.955544,40.59624],[-79.953603,40.595725],[-79.950795,40.599308],[-79.950266,40.600594],[-79.947531,40.5996],[-79.947307,40.602214],[-79.947122,40.604485],[-79.945688,40.604822],[-79.945167,40.606091],[-79.943074,40.607164],[-79.940685,40.606352],[-79.930598,40.599778],[-79.928628,40.603634],[-79.927299,40.604545],[-79.926925,40.604604],[-79.920091,40.604776],[-79.910149,40.605063],[-79.910068,40.607195],[-79.906396,40.609565],[-79.905169,40.610771],[-79.902009,40.612197],[-79.900837,40.61196],[-79.899995,40.61068],[-79.897582,40.609164],[-79.89617,40.608851],[-79.896121,40.611585],[-79.894697,40.611274],[-79.894305,40.610308],[-79.891628,40.607538],[-79.889296,40.607319],[-79.888313,40.605441],[-79.88332,40.60669],[-79.880608,40.605311],[-79.877995,40.605641],[-79.87714,40.604816],[-79.875502,40.604759],[-79.875319,40.603344],[-79.873445,40.601613],[-79.873399,40.600424],[-79.871911,40.60115],[-79.873077,40.603048],[-79.872244,40.60489],[-79.875506,40.606792],[-79.877132,40.608732],[-79.876615,40.613033],[-79.873338,40.617864],[-79.87375,40.620682],[-79.873201,40.622293],[-79.868405,40.625091],[-79.864364,40.625304],[-79.863805,40.624914],[-79.860156,40.625502],[-79.860557,40.627845],[-79.863072,40.630829],[-79.85809,40.634041],[-79.855835,40.634683],[-79.856436,40.636107],[-79.857716,40.637192],[-79.860296,40.640467],[-79.856919,40.641211],[-79.853078,40.641138],[-79.851428,40.641614],[-79.855926,40.64575],[-79.860107,40.648464],[-79.859443,40.650201],[-79.859371,40.652313],[-79.861476,40.656892],[-79.863402,40.659406],[-79.863331,40.660976],[-79.864104,40.662471],[-79.86329,40.665474],[-79.865233,40.668144],[-79.865041,40.670332],[-79.866027,40.672264],[-79.87713,40.672309],[-79.914627,40.673232],[-79.916033,40.67309],[-79.924182,40.673021],[-79.932403,40.672876],[-79.932324,40.670962],[-79.933731,40.666865],[-79.937021,40.666802],[-79.939967,40.663763],[-79.950495,40.664322],[-79.952912,40.670041],[-79.955021,40.669984],[-79.957647,40.672006],[-79.96077,40.672306],[-79.964595,40.672514],[-79.986889,40.673531],[-79.985705,40.672406],[-79.986125,40.671873],[-79.984073,40.669313],[-79.980249,40.668215],[-79.993846,40.666503],[-79.994139,40.672988],[-79.994787,40.672662],[-79.995764,40.671529],[-79.997069,40.672995],[-79.996979,40.673635],[-80.010625,40.673874],[-80.010624,40.674314],[-80.010116,40.675779]],[[-79.935215,40.64791],[-79.937255,40.648335],[-79.933965,40.660041],[-79.933827,40.661714],[-79.932662,40.661758],[-79.933565,40.660843],[-79.933444,40.660321],[-79.933643,40.659311],[-79.934394,40.657625],[-79.930706,40.657693],[-79.928644,40.657034],[-79.928644,40.655047],[-79.924725,40.654471],[-79.924386,40.651685],[-79.925203,40.651507],[-79.927025,40.651344],[-79.931327,40.650226],[-79.932788,40.648959],[-79.92843,40.646408],[-79.936929,40.645943],[-79.935215,40.64791]],[[-79.885051,40.632256],[-79.885396,40.632671],[-79.882617,40.63328],[-79.88392,40.634624],[-79.877465,40.635784],[-79.875194,40.638455],[-79.870991,40.637178],[-79.870748,40.636669],[-79.870774,40.633737],[-79.872648,40.633752],[-79.872613,40.632215],[-79.876792,40.628649],[-79.87864,40.630787],[-79.881114,40.629689],[-79.881538,40.630817],[-79.882216,40.63265],[-79.885051,40.632256]]]}},{"type":"Feature","properties":{"zcta5":"16063","AFFGEOID10":"8600000US16063","GEOID10":"16063","ALAND10":46041324,"AWATER10":163657,"county_name":"Butler","state_code":"PA","county_state":"Butler County, PA","county_fips":"42019","risk_level_county":"Lower Risk (80–84% vaccinated)","mean_vaccination_rate_county":82.07,"risk_level_zcta":"Medium Risk (70–79% vaccinated)","mean_vaccination_rate_zips":79.05,"cases":16},"geometry":{"type":"MultiPolygon","coordinates":[[[[-80.167206,40.811351],[-80.167072,40.81012],[-80.164124,40.809974],[-80.163708,40.808336],[-80.16578,40.806695],[-80.166882,40.804871],[-80.167238,40.801112],[-80.165013,40.798728],[-80.163036,40.795901],[-80.160073,40.795613],[-80.161385,40.794878],[-80.162981,40.795371],[-80.166871,40.800415],[-80.166774,40.799759],[-80.162145,40.79397],[-80.159247,40.794124],[-80.158443,40.792812],[-80.159134,40.791616],[-80.158306,40.789335],[-80.155115,40.788314],[-80.155139,40.787983],[-80.155014,40.787281],[-80.15482,40.783371],[-80.156924,40.786748],[-80.159338,40.786209],[-80.161982,40.782316],[-80.170917,40.77877],[-80.170789,40.772331],[-80.163789,40.772475],[-80.154487,40.772674],[-80.154278,40.771521],[-80.152562,40.744099],[-80.138381,40.744299],[-80.115772,40.744722],[-80.113807,40.745253],[-80.113614,40.744761],[-80.107945,40.744868],[-80.094667,40.745128],[-80.092236,40.746895],[-80.092724,40.747652],[-80.086477,40.754221],[-80.086721,40.756966],[-80.088711,40.756832],[-80.089721,40.758385],[-80.092458,40.760307],[-80.093758,40.76193],[-80.095731,40.763373],[-80.095744,40.764766],[-80.093872,40.766871],[-80.087721,40.769938],[-80.083107,40.771061],[-80.080831,40.770737],[-80.077138,40.77137],[-80.074704,40.772936],[-80.071426,40.770608],[-80.071406,40.772696],[-80.071401,40.773313],[-80.0675,40.773294],[-80.066981,40.774626],[-80.062474,40.774581],[-80.061675,40.776545],[-80.061815,40.778086],[-80.063088,40.779442],[-80.061548,40.781625],[-80.061838,40.784713],[-80.063454,40.786705],[-80.066541,40.789441],[-80.067309,40.789492],[-80.068204,40.787788],[-80.071534,40.78563],[-80.073714,40.785151],[-80.07381,40.786445],[-80.068509,40.789191],[-80.072634,40.789907],[-80.075542,40.789712],[-80.07596,40.788615],[-80.080793,40.789369],[-80.083719,40.788585],[-80.087823,40.789251],[-80.091521,40.791788],[-80.085681,40.799272],[-80.091374,40.802415],[-80.093992,40.803122],[-80.094854,40.803031],[-80.094338,40.800673],[-80.098104,40.797607],[-80.102091,40.797505],[-80.103054,40.796174],[-80.103662,40.794803],[-80.103554,40.794765],[-80.109071,40.791498],[-80.12125,40.795571],[-80.122885,40.7944],[-80.124792,40.79194],[-80.124933,40.789498],[-80.123814,40.785272],[-80.124545,40.785499],[-80.125137,40.788254],[-80.127299,40.789674],[-80.128585,40.789435],[-80.129204,40.792205],[-80.127677,40.792387],[-80.127416,40.791279],[-80.125327,40.79188],[-80.124944,40.792744],[-80.125998,40.795113],[-80.128138,40.79531],[-80.127202,40.795429],[-80.1273,40.798307],[-80.129467,40.800852],[-80.131569,40.799537],[-80.132057,40.798791],[-80.139876,40.799638],[-80.142917,40.799569],[-80.146043,40.800765],[-80.156003,40.800371],[-80.156563,40.810781],[-80.161039,40.811866],[-80.163166,40.810763],[-80.167206,40.811351]]],[[[-80.151953,40.729843],[-80.152193,40.729159],[-80.152183,40.728235],[-80.156698,40.728089],[-80.160626,40.728087],[-80.160792,40.728089],[-80.164788,40.728525],[-80.167374,40.72929],[-80.178879,40.720154],[-80.188794,40.719602],[-80.189556,40.718054],[-80.189405,40.712811],[-80.182126,40.713211],[-80.179331,40.712902],[-80.174672,40.713396],[-80.174486,40.706359],[-80.16859,40.706461],[-80.166378,40.702074],[-80.162667,40.699872],[-80.15942,40.697572],[-80.153342,40.696017],[-80.149806,40.692933],[-80.149949,40.696093],[-80.151062,40.713138],[-80.151505,40.722816],[-80.151581,40.72407],[-80.151953,40.729843]]]]}},{"type":"Feature","properties":{"zcta5":"16038","AFFGEOID10":"8600000US16038","GEOID10":"16038","ALAND10":123890136,"AWATER10":14263,"county_name":"Butler","state_code":"PA","county_state":"Butler County, PA","county_fips":"42019","risk_level_county":"Lower Risk (80–84% vaccinated)","mean_vaccination_rate_county":82.07,"risk_level_zcta":"Medium Risk (70–79% vaccinated)","mean_vaccination_rate_zips":77.11,"cases":16},"geometry":{"type":"Polygon","coordinates":[[[-80.028954,41.139668],[-80.02908,41.136904],[-80.029081,41.135604],[-80.028687,41.134726],[-80.028482,41.134474],[-80.030629,41.131288],[-80.031603,41.128088],[-80.031602,41.115283],[-80.024626,41.11231],[-80.02189,41.112214],[-80.013313,41.112708],[-80.011204,41.112445],[-80.008409,41.111167],[-79.998738,41.103377],[-79.996605,41.101189],[-79.99578,41.098996],[-79.989882,41.099074],[-79.986156,41.102233],[-79.984,41.105205],[-79.980902,41.105377],[-79.980846,41.09916],[-79.959477,41.099408],[-79.959404,41.097163],[-79.952789,41.097156],[-79.941953,41.095698],[-79.942705,41.097819],[-79.942879,41.100789],[-79.9424,41.103908],[-79.942609,41.107338],[-79.944714,41.110195],[-79.940588,41.11028],[-79.939999,41.112679],[-79.9388,41.112821],[-79.937941,41.1104],[-79.936411,41.11026],[-79.924888,41.106722],[-79.922138,41.105703],[-79.919346,41.10625],[-79.919053,41.108499],[-79.917617,41.110466],[-79.914801,41.112947],[-79.916342,41.11339],[-79.916933,41.115639],[-79.91495,41.119407],[-79.913672,41.120145],[-79.912938,41.122468],[-79.913594,41.124622],[-79.915405,41.124939],[-79.913012,41.128918],[-79.911865,41.131765],[-79.909426,41.134198],[-79.905354,41.137308],[-79.904662,41.138588],[-79.905028,41.140303],[-79.899961,41.142093],[-79.896464,41.142397],[-79.890589,41.142103],[-79.884264,41.143397],[-79.884443,41.145691],[-79.886671,41.147703],[-79.88665,41.149845],[-79.884418,41.152652],[-79.885546,41.172463],[-79.867372,41.172759],[-79.866317,41.175045],[-79.867204,41.178044],[-79.869183,41.189062],[-79.869123,41.189148],[-79.868936,41.189656],[-79.872286,41.190412],[-79.874908,41.19158],[-79.879195,41.194258],[-79.881242,41.195208],[-79.879279,41.196196],[-79.877586,41.198022],[-79.877188,41.199224],[-79.884945,41.198974],[-79.885302,41.208686],[-79.884511,41.208719],[-79.887452,41.208665],[-79.891135,41.211044],[-79.894055,41.211054],[-79.895803,41.212668],[-79.899772,41.210149],[-79.901992,41.210341],[-79.905421,41.209846],[-79.910077,41.210099],[-79.914403,41.209329],[-79.916152,41.207585],[-79.916221,41.20626],[-79.920306,41.206245],[-79.924712,41.206926],[-79.926421,41.209642],[-79.928259,41.212498],[-79.931227,41.215727],[-79.931361,41.217536],[-79.943964,41.217105],[-79.950265,41.226393],[-79.954897,41.230986],[-79.956396,41.232361],[-79.957753,41.231088],[-79.975047,41.23465],[-79.982439,41.235249],[-79.984041,41.235252],[-79.98368,41.221356],[-79.975565,41.221486],[-79.972238,41.22119],[-79.97036,41.22042],[-79.971822,41.218739],[-79.971137,41.216229],[-79.97223,41.214974],[-79.973604,41.210878],[-79.976606,41.210868],[-79.97791,41.211637],[-79.980822,41.208399],[-79.97909,41.207939],[-79.97429,41.207609],[-79.974677,41.201408],[-79.981259,41.201707],[-79.98617,41.202729],[-79.988797,41.20284],[-79.99938,41.202526],[-79.999204,41.197092],[-79.982501,41.197524],[-79.982299,41.194812],[-79.982531,41.1902],[-79.982933,41.189425],[-79.976111,41.188537],[-79.97752,41.183438],[-79.98545,41.183685],[-79.999199,41.183359],[-79.99948,41.182487],[-79.999779,41.171861],[-80.002557,41.168944],[-79.999872,41.168166],[-79.999716,41.166258],[-80.005246,41.166033],[-80.029002,41.140276],[-80.028954,41.139668]]]}},{"type":"Feature","properties":{"zcta5":"16023","AFFGEOID10":"8600000US16023","GEOID10":"16023","ALAND10":68123856,"AWATER10":0,"county_name":"Butler","state_code":"PA","county_state":"Butler County, PA","county_fips":"42019","risk_level_county":"Lower Risk (80–84% vaccinated)","mean_vaccination_rate_county":82.07,"risk_level_zcta":"Lower Risk (80–84% vaccinated)","mean_vaccination_rate_zips":83.97,"cases":16},"geometry":{"type":"Polygon","coordinates":[[[-79.767122,40.842005],[-79.767121,40.840959],[-79.769631,40.838941],[-79.77214,40.83547],[-79.773851,40.833854],[-79.775536,40.83119],[-79.768736,40.831383],[-79.765469,40.8305],[-79.755187,40.830783],[-79.753971,40.829464],[-79.752424,40.826307],[-79.754971,40.825719],[-79.755189,40.823384],[-79.760427,40.823131],[-79.760519,40.818872],[-79.761358,40.817114],[-79.761218,40.814427],[-79.767848,40.81441],[-79.766099,40.813116],[-79.764006,40.813291],[-79.761582,40.811802],[-79.760583,40.809917],[-79.767415,40.807931],[-79.770525,40.805478],[-79.771899,40.806026],[-79.773583,40.803063],[-79.779517,40.80381],[-79.786655,40.803782],[-79.790444,40.802439],[-79.790748,40.801528],[-79.793046,40.801251],[-79.795748,40.800032],[-79.796963,40.800601],[-79.799222,40.80023],[-79.800908,40.798876],[-79.805245,40.799326],[-79.809996,40.79925],[-79.810964,40.797046],[-79.813979,40.793613],[-79.815724,40.79457],[-79.817487,40.792938],[-79.819044,40.788461],[-79.818857,40.785331],[-79.816086,40.782671],[-79.814084,40.779518],[-79.815595,40.773533],[-79.816666,40.767011],[-79.814657,40.760569],[-79.814524,40.757315],[-79.803383,40.757688],[-79.806586,40.755143],[-79.806067,40.747556],[-79.794891,40.747863],[-79.791935,40.748032],[-79.792327,40.750065],[-79.795992,40.754596],[-79.796213,40.756952],[-79.798142,40.759583],[-79.800857,40.76006],[-79.795989,40.763817],[-79.793055,40.767544],[-79.790833,40.769579],[-79.790337,40.77011],[-79.787132,40.768209],[-79.782309,40.768233],[-79.781616,40.767226],[-79.77936,40.76605],[-79.778889,40.760688],[-79.77847,40.760074],[-79.775677,40.759003],[-79.774362,40.75641],[-79.760137,40.757534],[-79.759899,40.753888],[-79.758358,40.750581],[-79.75885,40.746837],[-79.758391,40.745436],[-79.754972,40.742114],[-79.748046,40.742099],[-79.747311,40.74491],[-79.74391,40.745328],[-79.736754,40.745322],[-79.738401,40.742065],[-79.726622,40.742261],[-79.727844,40.745215],[-79.72986,40.747581],[-79.729382,40.749594],[-79.731284,40.750818],[-79.72866,40.754844],[-79.728118,40.756746],[-79.723949,40.756871],[-79.721216,40.7546],[-79.719831,40.752779],[-79.717441,40.751697],[-79.709927,40.751439],[-79.710098,40.756009],[-79.708581,40.757452],[-79.708294,40.761809],[-79.710629,40.76338],[-79.712454,40.765331],[-79.712202,40.766198],[-79.709566,40.763722],[-79.706576,40.762948],[-79.70316,40.763965],[-79.701875,40.765228],[-79.698712,40.765167],[-79.696979,40.7657],[-79.696827,40.769148],[-79.698727,40.771724],[-79.698937,40.77325],[-79.700206,40.774533],[-79.696921,40.77193],[-79.691925,40.772732],[-79.691926,40.773248],[-79.691968,40.81336],[-79.730975,40.813784],[-79.729495,40.818373],[-79.728904,40.822266],[-79.729751,40.824407],[-79.732131,40.827092],[-79.732971,40.828958],[-79.736984,40.830269],[-79.738026,40.832234],[-79.741259,40.833869],[-79.745118,40.834284],[-79.746685,40.83194],[-79.75393,40.837327],[-79.755245,40.834596],[-79.758305,40.835313],[-79.760585,40.836373],[-79.760621,40.837474],[-79.767122,40.842005]]]}},{"type":"Feature","properties":{"zcta5":"16035","AFFGEOID10":"8600000US16035","GEOID10":"16035","ALAND10":1450105,"AWATER10":7077,"county_name":"Butler","state_code":"PA","county_state":"Butler County, PA","county_fips":"42019","risk_level_county":"Lower Risk (80–84% vaccinated)","mean_vaccination_rate_county":82.07,"risk_level_zcta":"Medium Risk (70–79% vaccinated)","mean_vaccination_rate_zips":73.83,"cases":16},"geometry":{"type":"Polygon","coordinates":[[[-80.02189,41.112214],[-80.021883,41.105666],[-80.013111,41.105618],[-80.010592,41.106034],[-80.005977,41.105963],[-80.004172,41.098932],[-79.99578,41.098996],[-79.996605,41.101189],[-79.998738,41.103377],[-80.008409,41.111167],[-80.011204,41.112445],[-80.013313,41.112708],[-80.02189,41.112214]]]}},{"type":"Feature","properties":{"zcta5":"16020","AFFGEOID10":"8600000US16020","GEOID10":"16020","ALAND10":66027855,"AWATER10":0,"county_name":"Butler","state_code":"PA","county_state":"Butler County, PA","county_fips":"42019","risk_level_county":"Lower Risk (80–84% vaccinated)","mean_vaccination_rate_county":82.07,"risk_level_zcta":"Medium Risk (70–79% vaccinated)","mean_vaccination_rate_zips":76.79,"cases":16},"geometry":{"type":"Polygon","coordinates":[[[-79.980846,41.09916],[-79.981089,41.076392],[-79.978391,41.07633],[-79.978062,41.079738],[-79.97731,41.082128],[-79.974089,41.082793],[-79.973518,41.083814],[-79.969321,41.083613],[-79.968819,41.085158],[-79.967333,41.08658],[-79.967678,41.084013],[-79.965454,41.081397],[-79.966184,41.080296],[-79.964839,41.075673],[-79.967119,41.075706],[-79.970853,41.076514],[-79.972452,41.074569],[-79.969563,41.067154],[-79.970869,41.065582],[-79.977143,41.062904],[-79.977165,41.061997],[-79.979706,41.06263],[-79.980886,41.061658],[-79.979243,41.060258],[-79.98099,41.05965],[-79.980778,41.054079],[-79.978314,41.056213],[-79.97439,41.056634],[-79.9697,41.057553],[-79.967997,41.058294],[-79.963738,41.056672],[-79.963663,41.057614],[-79.960622,41.057448],[-79.958591,41.056589],[-79.955267,41.056534],[-79.94904,41.053621],[-79.938861,41.052333],[-79.934391,41.052485],[-79.931565,41.05183],[-79.928965,41.052658],[-79.925165,41.052811],[-79.920619,41.051861],[-79.9191,41.052977],[-79.916879,41.052379],[-79.914246,41.052256],[-79.913877,41.053162],[-79.913475,41.068622],[-79.916391,41.069485],[-79.921965,41.070268],[-79.926824,41.071489],[-79.931624,41.071897],[-79.93186,41.073197],[-79.931527,41.078658],[-79.932176,41.084814],[-79.927983,41.086946],[-79.921071,41.089584],[-79.911649,41.091403],[-79.90833,41.091181],[-79.906038,41.091522],[-79.902763,41.089699],[-79.899042,41.089111],[-79.893035,41.089675],[-79.893363,41.093104],[-79.895913,41.096165],[-79.896532,41.100111],[-79.881549,41.100273],[-79.882693,41.121425],[-79.87755,41.122672],[-79.873816,41.124072],[-79.871321,41.123244],[-79.868844,41.124466],[-79.862921,41.124908],[-79.862131,41.125504],[-79.860413,41.121496],[-79.860706,41.119751],[-79.8573,41.115949],[-79.854003,41.115295],[-79.853576,41.1144],[-79.851112,41.115341],[-79.850913,41.118487],[-79.849008,41.119647],[-79.841591,41.120482],[-79.837675,41.122312],[-79.833493,41.122397],[-79.833417,41.125056],[-79.831974,41.126911],[-79.82834,41.126952],[-79.828127,41.133053],[-79.828262,41.135921],[-79.829181,41.137336],[-79.830791,41.13834],[-79.830744,41.14159],[-79.824979,41.140777],[-79.82496,41.147043],[-79.825598,41.152123],[-79.827946,41.150708],[-79.832797,41.149136],[-79.83779,41.148417],[-79.837816,41.152623],[-79.832042,41.15352],[-79.831767,41.156317],[-79.830719,41.157465],[-79.828159,41.163015],[-79.823134,41.165745],[-79.818587,41.165799],[-79.817803,41.167274],[-79.815532,41.16726],[-79.814298,41.173134],[-79.867372,41.172759],[-79.885546,41.172463],[-79.884418,41.152652],[-79.88665,41.149845],[-79.886671,41.147703],[-79.884443,41.145691],[-79.884264,41.143397],[-79.890589,41.142103],[-79.896464,41.142397],[-79.899961,41.142093],[-79.905028,41.140303],[-79.904662,41.138588],[-79.905354,41.137308],[-79.909426,41.134198],[-79.911865,41.131765],[-79.913012,41.128918],[-79.915405,41.124939],[-79.913594,41.124622],[-79.912938,41.122468],[-79.913672,41.120145],[-79.91495,41.119407],[-79.916933,41.115639],[-79.916342,41.11339],[-79.914801,41.112947],[-79.917617,41.110466],[-79.919053,41.108499],[-79.919346,41.10625],[-79.922138,41.105703],[-79.924888,41.106722],[-79.936411,41.11026],[-79.937941,41.1104],[-79.9388,41.112821],[-79.939999,41.112679],[-79.940588,41.11028],[-79.944714,41.110195],[-79.942609,41.107338],[-79.9424,41.103908],[-79.942879,41.100789],[-79.942705,41.097819],[-79.941953,41.095698],[-79.952789,41.097156],[-79.959404,41.097163],[-79.959477,41.099408],[-79.980846,41.09916]]]}},{"type":"Feature","properties":{"zcta5":"16061","AFFGEOID10":"8600000US16061","GEOID10":"16061","ALAND10":113835535,"AWATER10":773241,"county_name":"Butler","state_code":"PA","county_state":"Butler County, PA","county_fips":"42019","risk_level_county":"Lower Risk (80–84% vaccinated)","mean_vaccination_rate_county":82.07,"risk_level_zcta":"Lower Risk (80–84% vaccinated)","mean_vaccination_rate_zips":81.27,"cases":16},"geometry":{"type":"Polygon","coordinates":[[[-79.938861,41.052333],[-79.934586,41.048938],[-79.933272,41.046222],[-79.931527,41.044621],[-79.928018,41.044175],[-79.921578,41.039967],[-79.91791,41.039756],[-79.915487,41.036989],[-79.916377,41.03333],[-79.917762,41.031719],[-79.91791,41.03032],[-79.923229,41.029944],[-79.92703,41.030856],[-79.930804,41.030941],[-79.936072,41.030281],[-79.937592,41.030698],[-79.942511,41.03095],[-79.946734,41.028378],[-79.961051,41.027949],[-79.961226,41.025653],[-79.959634,41.020876],[-79.955074,41.020511],[-79.955032,41.019131],[-79.949803,41.014939],[-79.947064,41.011833],[-79.94953,41.008905],[-79.947862,41.005456],[-79.944441,41.007048],[-79.941519,41.006746],[-79.941297,41.002557],[-79.937984,41.003706],[-79.934613,41.00308],[-79.928841,41.004004],[-79.928428,40.997875],[-79.930191,40.997433],[-79.929901,40.993437],[-79.923608,40.991814],[-79.925336,40.988976],[-79.925542,40.985429],[-79.929115,40.979725],[-79.923587,40.970734],[-79.91941,40.971248],[-79.919786,40.970145],[-79.925331,40.968363],[-79.926519,40.967655],[-79.930576,40.966963],[-79.931811,40.967448],[-79.930532,40.963979],[-79.930641,40.958565],[-79.929687,40.956672],[-79.915391,40.956843],[-79.915098,40.955412],[-79.91664,40.953674],[-79.916081,40.949242],[-79.917428,40.948681],[-79.918459,40.945314],[-79.910611,40.945918],[-79.902639,40.938226],[-79.90147,40.939274],[-79.900996,40.93765],[-79.901954,40.933666],[-79.898433,40.931564],[-79.891918,40.929746],[-79.890782,40.931883],[-79.892033,40.933223],[-79.893174,40.937819],[-79.894457,40.940343],[-79.892769,40.93993],[-79.892286,40.937883],[-79.890607,40.937946],[-79.888054,40.939543],[-79.87603,40.940154],[-79.874524,40.940859],[-79.873923,40.938636],[-79.872821,40.937857],[-79.870791,40.933959],[-79.871658,40.932229],[-79.870774,40.930626],[-79.87247,40.925117],[-79.87182,40.923674],[-79.868749,40.925125],[-79.86623,40.924874],[-79.863291,40.925414],[-79.857921,40.928749],[-79.854223,40.930112],[-79.852196,40.931677],[-79.848563,40.933666],[-79.846711,40.936676],[-79.84632,40.936215],[-79.846033,40.936459],[-79.84682,40.937],[-79.846559,40.937943],[-79.84722,40.937996],[-79.847268,40.942999],[-79.84818,40.945041],[-79.848616,40.949815],[-79.848483,40.952216],[-79.850108,40.955879],[-79.852026,40.957728],[-79.835197,40.957355],[-79.838596,40.961085],[-79.841682,40.963346],[-79.846703,40.96619],[-79.841206,40.966101],[-79.838762,40.965381],[-79.835374,40.96516],[-79.839615,40.971481],[-79.840833,40.974244],[-79.840066,40.977897],[-79.833602,40.98717],[-79.832792,40.990013],[-79.832765,40.995563],[-79.832381,40.996933],[-79.83725,40.997528],[-79.835207,41.00086],[-79.832939,41.005605],[-79.832469,41.011912],[-79.832577,41.013273],[-79.836086,41.01362],[-79.839538,41.016505],[-79.840895,41.016598],[-79.842657,41.017834],[-79.840004,41.019689],[-79.839622,41.020828],[-79.837786,41.021353],[-79.837699,41.027739],[-79.837067,41.028241],[-79.836902,41.029894],[-79.83556,41.032033],[-79.83356,41.034036],[-79.833642,41.039348],[-79.833176,41.040621],[-79.828891,41.044385],[-79.823917,41.046099],[-79.826495,41.047864],[-79.832697,41.047496],[-79.830746,41.050819],[-79.828859,41.058208],[-79.828942,41.059611],[-79.835962,41.058981],[-79.837057,41.057894],[-79.837064,41.048648],[-79.84086,41.048543],[-79.843432,41.047033],[-79.845448,41.046347],[-79.847792,41.04617],[-79.854427,41.046376],[-79.856937,41.047714],[-79.858042,41.049393],[-79.860809,41.050221],[-79.867206,41.04903],[-79.870863,41.04895],[-79.87394,41.048471],[-79.875764,41.048849],[-79.878513,41.050316],[-79.880539,41.050413],[-79.881238,41.084924],[-79.886306,41.087575],[-79.89141,41.088752],[-79.893035,41.089675],[-79.899042,41.089111],[-79.902763,41.089699],[-79.906038,41.091522],[-79.90833,41.091181],[-79.911649,41.091403],[-79.921071,41.089584],[-79.927983,41.086946],[-79.932176,41.084814],[-79.931527,41.078658],[-79.93186,41.073197],[-79.931624,41.071897],[-79.926824,41.071489],[-79.921965,41.070268],[-79.916391,41.069485],[-79.913475,41.068622],[-79.913877,41.053162],[-79.914246,41.052256],[-79.916879,41.052379],[-79.9191,41.052977],[-79.920619,41.051861],[-79.925165,41.052811],[-79.928965,41.052658],[-79.931565,41.05183],[-79.934391,41.052485],[-79.938861,41.052333]]]}},{"type":"Feature","properties":{"zcta5":"16050","AFFGEOID10":"8600000US16050","GEOID10":"16050","ALAND10":63684740,"AWATER10":17634,"county_name":"Butler","state_code":"PA","county_state":"Butler County, PA","county_fips":"42019","risk_level_county":"Lower Risk (80–84% vaccinated)","mean_vaccination_rate_county":82.07,"risk_level_zcta":"Medium Risk (70–79% vaccinated)","mean_vaccination_rate_zips":76.99,"cases":16},"geometry":{"type":"Polygon","coordinates":[[[-79.823917,41.046099],[-79.828891,41.044385],[-79.833176,41.040621],[-79.833642,41.039348],[-79.83356,41.034036],[-79.83556,41.032033],[-79.836902,41.029894],[-79.837067,41.028241],[-79.814205,41.028563],[-79.814299,41.022459],[-79.807932,41.022687],[-79.806155,41.021761],[-79.803447,41.02158],[-79.802621,41.01977],[-79.799294,41.015996],[-79.796373,41.014348],[-79.794344,41.013865],[-79.793736,41.014771],[-79.787285,41.013198],[-79.784801,41.011846],[-79.784872,41.006281],[-79.783523,41.007694],[-79.778128,41.008004],[-79.776277,41.010183],[-79.773393,41.012283],[-79.771675,41.015584],[-79.769266,41.014336],[-79.765866,41.013538],[-79.763831,41.010025],[-79.762141,41.008868],[-79.761223,41.009325],[-79.743691,41.011386],[-79.744116,41.010249],[-79.740434,41.008275],[-79.736823,41.007784],[-79.733998,41.006336],[-79.731687,41.00574],[-79.730672,41.004542],[-79.73096,41.001474],[-79.72885,41.001527],[-79.726668,40.998426],[-79.726773,40.995945],[-79.721351,40.99987],[-79.720709,41.001466],[-79.71957,41.007009],[-79.718035,41.010188],[-79.716116,41.010071],[-79.716935,41.013284],[-79.713562,41.013245],[-79.713638,41.015658],[-79.709119,41.016339],[-79.705708,41.017278],[-79.702577,41.016209],[-79.699438,41.016582],[-79.701329,41.018305],[-79.701739,41.02003],[-79.7002,41.020739],[-79.700045,41.027835],[-79.702287,41.028624],[-79.703113,41.03074],[-79.703485,41.034588],[-79.704309,41.038301],[-79.706229,41.042597],[-79.712703,41.044837],[-79.717692,41.047395],[-79.713894,41.056728],[-79.715658,41.054944],[-79.718389,41.053151],[-79.719721,41.051153],[-79.722202,41.050183],[-79.724672,41.052746],[-79.72584,41.054633],[-79.726774,41.054727],[-79.726368,41.050796],[-79.727756,41.049743],[-79.731318,41.048499],[-79.734778,41.04543],[-79.744673,41.048728],[-79.745159,41.051916],[-79.743955,41.053345],[-79.745063,41.054069],[-79.74578,41.056522],[-79.750176,41.058866],[-79.754216,41.059946],[-79.753988,41.060611],[-79.75668,41.062018],[-79.759662,41.062921],[-79.762339,41.067544],[-79.762051,41.068471],[-79.762491,41.071999],[-79.76361,41.073912],[-79.762824,41.074686],[-79.765286,41.076154],[-79.765407,41.077566],[-79.768665,41.078262],[-79.770787,41.08033],[-79.765784,41.082694],[-79.76467,41.084338],[-79.767871,41.0842],[-79.775185,41.084844],[-79.787723,41.085429],[-79.790207,41.084707],[-79.794592,41.082327],[-79.798001,41.082754],[-79.799597,41.088199],[-79.803086,41.090473],[-79.825342,41.088503],[-79.822939,41.086563],[-79.825943,41.083904],[-79.828267,41.082808],[-79.831398,41.083697],[-79.833779,41.083523],[-79.834749,41.08254],[-79.83277,41.08035],[-79.831715,41.07705],[-79.832081,41.073811],[-79.829656,41.071162],[-79.825429,41.069069],[-79.824345,41.067434],[-79.821595,41.065406],[-79.821547,41.060829],[-79.81524,41.059561],[-79.80982,41.059547],[-79.812363,41.054044],[-79.80061,41.051873],[-79.802467,41.047963],[-79.806956,41.045027],[-79.807899,41.047885],[-79.817298,41.047764],[-79.823917,41.046099]]]}},{"type":"Feature","properties":{"zcta5":"16025","AFFGEOID10":"8600000US16025","GEOID10":"16025","ALAND10":137814420,"AWATER10":148853,"county_name":"Butler","state_code":"PA","county_state":"Butler County, PA","county_fips":"42019","risk_level_county":"Lower Risk (80–84% vaccinated)","mean_vaccination_rate_county":82.07,"risk_level_zcta":"Lower Risk (80–84% vaccinated)","mean_vaccination_rate_zips":80.42,"cases":16},"geometry":{"type":"Polygon","coordinates":[[[-79.84632,40.936215],[-79.845361,40.934651],[-79.845638,40.933654],[-79.846791,40.931711],[-79.850417,40.929265],[-79.8526,40.927219],[-79.855221,40.927194],[-79.856503,40.926544],[-79.855384,40.922878],[-79.855995,40.921178],[-79.855066,40.920312],[-79.854429,40.918216],[-79.856212,40.91764],[-79.853958,40.913369],[-79.855716,40.911937],[-79.86183,40.907795],[-79.864463,40.90504],[-79.86459,40.902031],[-79.863032,40.902598],[-79.860259,40.900718],[-79.856746,40.900549],[-79.849823,40.90101],[-79.848974,40.900495],[-79.84612,40.901551],[-79.844878,40.902888],[-79.844916,40.90439],[-79.843991,40.906772],[-79.842506,40.908917],[-79.84343,40.911626],[-79.843049,40.913079],[-79.841303,40.916219],[-79.839533,40.918045],[-79.838817,40.916881],[-79.834631,40.914773],[-79.832553,40.914098],[-79.828925,40.912285],[-79.826676,40.911793],[-79.823568,40.912252],[-79.819725,40.911888],[-79.813357,40.911664],[-79.810173,40.90808],[-79.808118,40.909121],[-79.799201,40.907607],[-79.798467,40.9057],[-79.797105,40.905868],[-79.796859,40.904075],[-79.797608,40.9016],[-79.795327,40.899358],[-79.793923,40.899467],[-79.793141,40.902493],[-79.78984,40.905939],[-79.78587,40.905091],[-79.783589,40.903691],[-79.78352,40.899333],[-79.780761,40.899633],[-79.777255,40.899265],[-79.777575,40.89605],[-79.769042,40.903834],[-79.755072,40.912652],[-79.752151,40.912763],[-79.749749,40.914297],[-79.745048,40.915362],[-79.745578,40.91405],[-79.744901,40.911401],[-79.746392,40.908631],[-79.74563,40.906727],[-79.744463,40.907594],[-79.741891,40.90758],[-79.738153,40.906456],[-79.732304,40.906255],[-79.725164,40.90322],[-79.723931,40.8997],[-79.72037,40.898043],[-79.719626,40.893899],[-79.720446,40.892889],[-79.718369,40.888486],[-79.717224,40.887633],[-79.721169,40.885339],[-79.697933,40.88499],[-79.692533,40.883428],[-79.691524,40.883527],[-79.691295,40.894816],[-79.691041,40.906283],[-79.688632,40.908314],[-79.688617,40.909274],[-79.684458,40.906341],[-79.681723,40.909036],[-79.681925,40.910659],[-79.683104,40.912181],[-79.681032,40.913622],[-79.681719,40.914798],[-79.68167,40.919751],[-79.678991,40.919867],[-79.677638,40.926425],[-79.678703,40.943095],[-79.673442,40.946475],[-79.673523,40.946946],[-79.671048,40.945665],[-79.664637,40.944824],[-79.662174,40.94729],[-79.661382,40.949515],[-79.659008,40.951624],[-79.657447,40.950965],[-79.657066,40.952489],[-79.654406,40.958031],[-79.654814,40.96158],[-79.651588,40.964494],[-79.650636,40.967097],[-79.648065,40.96973],[-79.646449,40.973163],[-79.643969,40.975122],[-79.642226,40.978306],[-79.639805,40.980717],[-79.639297,40.98519],[-79.642411,40.986297],[-79.645557,40.986207],[-79.64889,40.98811],[-79.651379,40.988128],[-79.655385,40.986476],[-79.656789,40.985239],[-79.661088,40.984753],[-79.6634,40.982931],[-79.667049,40.981235],[-79.670799,40.980926],[-79.673002,40.979725],[-79.674436,40.97826],[-79.679964,40.977026],[-79.68168,40.976285],[-79.685081,40.976066],[-79.688454,40.972465],[-79.689926,40.972889],[-79.689936,40.976887],[-79.691317,40.976952],[-79.696246,40.975774],[-79.700774,40.973807],[-79.703267,40.973093],[-79.717636,40.971526],[-79.718907,40.972002],[-79.72074,40.974261],[-79.723486,40.975712],[-79.723218,40.977605],[-79.725361,40.979175],[-79.724461,40.982416],[-79.727173,40.982876],[-79.731064,40.980923],[-79.733432,40.977813],[-79.734109,40.979328],[-79.737226,40.979738],[-79.737156,40.983692],[-79.737975,40.984769],[-79.737868,40.987341],[-79.736993,40.990288],[-79.734089,40.993594],[-79.737798,40.991825],[-79.740258,40.986377],[-79.742735,40.984992],[-79.746064,40.984082],[-79.747137,40.985871],[-79.748093,40.988929],[-79.758878,40.992876],[-79.762353,40.990503],[-79.762435,40.988013],[-79.774239,40.987616],[-79.775648,40.987936],[-79.781278,40.986961],[-79.785126,40.986621],[-79.784996,40.99672],[-79.787661,40.996885],[-79.78981,40.994691],[-79.791156,40.992108],[-79.793723,40.992596],[-79.799448,40.99478],[-79.80041,40.995591],[-79.808605,40.99518],[-79.807151,40.992704],[-79.810267,40.992166],[-79.814049,40.987599],[-79.817121,40.986449],[-79.818102,40.98516],[-79.818727,40.982498],[-79.820765,40.982638],[-79.824502,40.984929],[-79.826851,40.988394],[-79.826904,40.991527],[-79.828095,40.993587],[-79.830752,40.993612],[-79.830692,40.994895],[-79.832765,40.995563],[-79.832792,40.990013],[-79.833602,40.98717],[-79.840066,40.977897],[-79.840833,40.974244],[-79.839615,40.971481],[-79.835374,40.96516],[-79.838762,40.965381],[-79.841206,40.966101],[-79.846703,40.96619],[-79.841682,40.963346],[-79.838596,40.961085],[-79.835197,40.957355],[-79.852026,40.957728],[-79.850108,40.955879],[-79.848483,40.952216],[-79.848616,40.949815],[-79.84818,40.945041],[-79.847268,40.942999],[-79.84722,40.937996],[-79.846559,40.937943],[-79.84682,40.937],[-79.846033,40.936459],[-79.84632,40.936215]]]}},{"type":"Feature","properties":{"zcta5":"16029","AFFGEOID10":"8600000US16029","GEOID10":"16029","ALAND10":2241392,"AWATER10":0,"county_name":"Butler","state_code":"PA","county_state":"Butler County, PA","county_fips":"42019","risk_level_county":"Lower Risk (80–84% vaccinated)","mean_vaccination_rate_county":82.07,"risk_level_zcta":"Medium Risk (70–79% vaccinated)","mean_vaccination_rate_zips":78.98,"cases":16},"geometry":{"type":"Polygon","coordinates":[[[-79.844262,40.886056],[-79.851645,40.88621],[-79.854425,40.88536],[-79.858588,40.877288],[-79.859847,40.878762],[-79.860401,40.87902],[-79.860264,40.875921],[-79.862059,40.875805],[-79.861773,40.872755],[-79.856351,40.8754],[-79.856214,40.875257],[-79.854774,40.876022],[-79.852018,40.876962],[-79.851505,40.877011],[-79.850496,40.876965],[-79.848823,40.876702],[-79.847216,40.876392],[-79.840081,40.871523],[-79.839671,40.871528],[-79.837345,40.872928],[-79.835656,40.87157],[-79.834749,40.881338],[-79.8383,40.882893],[-79.840605,40.883903],[-79.843916,40.884851],[-79.844642,40.885057],[-79.844262,40.886056]]]}},{"type":"Feature","properties":{"zcta5":"16037","AFFGEOID10":"8600000US16037","GEOID10":"16037","ALAND10":90256698,"AWATER10":449729,"county_name":"Butler","state_code":"PA","county_state":"Butler County, PA","county_fips":"42019","risk_level_county":"Lower Risk (80–84% vaccinated)","mean_vaccination_rate_county":82.07,"risk_level_zcta":"Medium Risk (70–79% vaccinated)","mean_vaccination_rate_zips":70.82,"cases":16},"geometry":{"type":"Polygon","coordinates":[[[-80.142256,40.919634],[-80.148927,40.92018],[-80.149046,40.921744],[-80.150662,40.918881],[-80.15449,40.914533],[-80.158355,40.911378],[-80.159385,40.908092],[-80.161138,40.909053],[-80.161632,40.919397],[-80.170197,40.910899],[-80.173198,40.909222],[-80.17649,40.908521],[-80.179757,40.90715],[-80.179767,40.906076],[-80.181406,40.906335],[-80.183707,40.904936],[-80.184123,40.90344],[-80.185448,40.902528],[-80.187927,40.89919],[-80.191506,40.898684],[-80.193458,40.89593],[-80.190623,40.895801],[-80.188703,40.894686],[-80.188935,40.893208],[-80.184927,40.891887],[-80.181653,40.888582],[-80.17521,40.883197],[-80.174441,40.881933],[-80.175038,40.87865],[-80.174757,40.875936],[-80.178163,40.874707],[-80.178464,40.87295],[-80.181299,40.868788],[-80.183067,40.860934],[-80.183092,40.85466],[-80.18068,40.854792],[-80.179769,40.854777],[-80.180933,40.85309],[-80.182638,40.853019],[-80.181477,40.841794],[-80.177317,40.841837],[-80.174064,40.843585],[-80.171018,40.843704],[-80.168828,40.842525],[-80.168258,40.840228],[-80.166642,40.840281],[-80.163797,40.838118],[-80.163224,40.837056],[-80.163963,40.836005],[-80.164557,40.830944],[-80.164223,40.829628],[-80.163879,40.823438],[-80.164862,40.821005],[-80.164727,40.818446],[-80.165977,40.815838],[-80.16814,40.814678],[-80.167206,40.811351],[-80.163166,40.810763],[-80.161039,40.811866],[-80.156563,40.810781],[-80.156003,40.800371],[-80.146043,40.800765],[-80.142917,40.799569],[-80.139876,40.799638],[-80.132057,40.798791],[-80.131569,40.799537],[-80.129467,40.800852],[-80.1273,40.798307],[-80.127202,40.795429],[-80.128138,40.79531],[-80.125998,40.795113],[-80.124944,40.792744],[-80.125327,40.79188],[-80.127416,40.791279],[-80.127677,40.792387],[-80.129204,40.792205],[-80.128585,40.789435],[-80.127299,40.789674],[-80.125137,40.788254],[-80.124545,40.785499],[-80.123814,40.785272],[-80.124933,40.789498],[-80.124792,40.79194],[-80.122885,40.7944],[-80.12125,40.795571],[-80.109071,40.791498],[-80.103554,40.794765],[-80.103662,40.794803],[-80.103054,40.796174],[-80.102091,40.797505],[-80.098104,40.797607],[-80.094338,40.800673],[-80.094854,40.803031],[-80.096608,40.805856],[-80.096288,40.807969],[-80.10089,40.808485],[-80.100776,40.811459],[-80.08077,40.817306],[-80.069421,40.817276],[-80.069451,40.820946],[-80.075187,40.821561],[-80.080428,40.819959],[-80.081306,40.82616],[-80.0785,40.82694],[-80.073711,40.826842],[-80.071628,40.82895],[-80.072077,40.829579],[-80.074915,40.828997],[-80.07447,40.829704],[-80.07463,40.832953],[-80.076204,40.838636],[-80.074424,40.840339],[-80.073722,40.842291],[-80.071878,40.843688],[-80.072099,40.845018],[-80.071256,40.847353],[-80.068367,40.848802],[-80.065583,40.851079],[-80.066206,40.859526],[-80.067524,40.877373],[-80.071053,40.878949],[-80.073658,40.881849],[-80.082745,40.881675],[-80.083402,40.882597],[-80.088791,40.882816],[-80.091851,40.883277],[-80.097429,40.883062],[-80.097833,40.885609],[-80.125512,40.886174],[-80.124715,40.889855],[-80.1249,40.891567],[-80.127592,40.900305],[-80.131763,40.901345],[-80.132915,40.902207],[-80.139792,40.90461],[-80.139896,40.911103],[-80.141757,40.916092],[-80.142256,40.919634]],[[-80.169656,40.891045],[-80.169691,40.897182],[-80.165995,40.898035],[-80.165052,40.899469],[-80.160756,40.901324],[-80.159838,40.882543],[-80.161532,40.883398],[-80.164717,40.886526],[-80.167877,40.886867],[-80.169342,40.888506],[-80.169656,40.891045]]]}},{"type":"Feature","properties":{"zcta5":"16057","AFFGEOID10":"8600000US16057","GEOID10":"16057","ALAND10":225920069,"AWATER10":1640620,"county_name":"Butler","state_code":"PA","county_state":"Butler County, PA","county_fips":"42019","risk_level_county":"Lower Risk (80–84% vaccinated)","mean_vaccination_rate_county":82.07,"risk_level_zcta":"Medium Risk (70–79% vaccinated)","mean_vaccination_rate_zips":73.7,"cases":16},"geometry":{"type":"Polygon","coordinates":[[[-80.229054,41.051084],[-80.223571,41.047933],[-80.222813,41.04667],[-80.221181,41.045882],[-80.215349,41.041905],[-80.212606,41.040393],[-80.21026,41.040258],[-80.195808,41.040082],[-80.194639,41.036814],[-80.191112,41.028645],[-80.18764,41.024365],[-80.183957,41.018318],[-80.17772,41.011342],[-80.17515,41.007885],[-80.171136,41.000435],[-80.16529,41.00047],[-80.164584,40.988124],[-80.158469,40.988174],[-80.157983,40.985066],[-80.159076,40.98132],[-80.157306,40.979394],[-80.157496,40.974541],[-80.157068,40.974908],[-80.151492,40.972153],[-80.151287,40.968942],[-80.144241,40.969204],[-80.145532,40.965133],[-80.141716,40.964392],[-80.134931,40.962663],[-80.132988,40.96924],[-80.132757,40.976993],[-80.132967,40.984546],[-80.132398,40.986999],[-80.131399,40.988574],[-80.127179,40.991895],[-80.122025,40.994897],[-80.120975,40.996542],[-80.11875,41.002192],[-80.11745,41.004249],[-80.114249,41.00408],[-80.109704,41.005331],[-80.106509,41.006605],[-80.101476,41.006905],[-80.094092,41.007799],[-80.09244,41.007739],[-80.088258,41.006626],[-80.085558,41.00639],[-80.078555,41.003819],[-80.076816,41.00412],[-80.075959,41.00183],[-80.072289,41.001791],[-80.070113,40.954901],[-80.035321,40.956419],[-80.033237,40.958192],[-80.031613,40.960545],[-80.030195,40.960998],[-80.027183,40.964125],[-80.023492,40.965687],[-80.022008,40.967671],[-80.021044,40.970226],[-80.012399,40.972024],[-80.010606,40.972743],[-80.006542,40.971969],[-79.999052,40.971884],[-79.997993,40.971023],[-79.991393,40.970219],[-79.987937,40.970846],[-79.984423,40.969338],[-79.982351,40.969591],[-79.979867,40.971316],[-79.977187,40.971894],[-79.977272,40.973649],[-79.974794,40.973361],[-79.971969,40.972307],[-79.976103,40.982418],[-79.977758,40.985422],[-79.978174,40.995569],[-79.974953,40.996184],[-79.969276,40.996541],[-79.970622,41.003375],[-79.967058,41.002651],[-79.962803,41.002605],[-79.953315,41.003856],[-79.949349,41.00407],[-79.947862,41.005456],[-79.94953,41.008905],[-79.947064,41.011833],[-79.949803,41.014939],[-79.955032,41.019131],[-79.955074,41.020511],[-79.959634,41.020876],[-79.961226,41.025653],[-79.961051,41.027949],[-79.946734,41.028378],[-79.942511,41.03095],[-79.937592,41.030698],[-79.936072,41.030281],[-79.930804,41.030941],[-79.92703,41.030856],[-79.923229,41.029944],[-79.91791,41.03032],[-79.917762,41.031719],[-79.916377,41.03333],[-79.915487,41.036989],[-79.91791,41.039756],[-79.921578,41.039967],[-79.928018,41.044175],[-79.931527,41.044621],[-79.933272,41.046222],[-79.934586,41.048938],[-79.938861,41.052333],[-79.94904,41.053621],[-79.955267,41.056534],[-79.958591,41.056589],[-79.960622,41.057448],[-79.963663,41.057614],[-79.963738,41.056672],[-79.967997,41.058294],[-79.9697,41.057553],[-79.97439,41.056634],[-79.978314,41.056213],[-79.980778,41.054079],[-79.98099,41.05965],[-79.979243,41.060258],[-79.980886,41.061658],[-79.979706,41.06263],[-79.977165,41.061997],[-79.977143,41.062904],[-79.970869,41.065582],[-79.969563,41.067154],[-79.972452,41.074569],[-79.970853,41.076514],[-79.967119,41.075706],[-79.964839,41.075673],[-79.966184,41.080296],[-79.965454,41.081397],[-79.967678,41.084013],[-79.967333,41.08658],[-79.968819,41.085158],[-79.969321,41.083613],[-79.973518,41.083814],[-79.974089,41.082793],[-79.97731,41.082128],[-79.978062,41.079738],[-79.978391,41.07633],[-79.981089,41.076392],[-79.980846,41.09916],[-79.980902,41.105377],[-79.984,41.105205],[-79.986156,41.102233],[-79.989882,41.099074],[-79.99578,41.098996],[-80.004172,41.098932],[-80.005977,41.105963],[-80.010592,41.106034],[-80.013111,41.105618],[-80.021883,41.105666],[-80.02189,41.112214],[-80.024626,41.11231],[-80.031602,41.115283],[-80.031603,41.128088],[-80.030629,41.131288],[-80.028482,41.134474],[-80.028687,41.134726],[-80.029081,41.135604],[-80.02908,41.136904],[-80.028954,41.139668],[-80.029499,41.139738],[-80.042096,41.126081],[-80.047064,41.12064],[-80.052945,41.120807],[-80.06,41.119438],[-80.069181,41.116802],[-80.073694,41.112881],[-80.0719,41.112204],[-80.06782,41.112431],[-80.065729,41.111584],[-80.062354,41.111094],[-80.057716,41.109735],[-80.074422,41.092292],[-80.082007,41.085033],[-80.087437,41.079149],[-80.096861,41.069804],[-80.09995,41.066279],[-80.111461,41.054323],[-80.111575,41.060796],[-80.117897,41.060732],[-80.121616,41.061006],[-80.12919,41.06109],[-80.131314,41.061777],[-80.133779,41.061012],[-80.144678,41.060906],[-80.14359,41.056286],[-80.149181,41.056822],[-80.158401,41.059065],[-80.160676,41.060452],[-80.162247,41.059837],[-80.164977,41.06021],[-80.167143,41.058017],[-80.172565,41.053869],[-80.173372,41.052207],[-80.187172,41.05779],[-80.186937,41.051383],[-80.229054,41.051084]]]}},{"type":"Feature","properties":{"zcta5":"16022","AFFGEOID10":"8600000US16022","GEOID10":"16022","ALAND10":2082205,"AWATER10":0,"county_name":"Butler","state_code":"PA","county_state":"Butler County, PA","county_fips":"42019","risk_level_county":"Lower Risk (80–84% vaccinated)","mean_vaccination_rate_county":82.07,"risk_level_zcta":"Medium Risk (70–79% vaccinated)","mean_vaccination_rate_zips":77.62,"cases":16},"geometry":{"type":"Polygon","coordinates":[[[-79.743955,41.053345],[-79.745159,41.051916],[-79.744673,41.048728],[-79.734778,41.04543],[-79.731318,41.048499],[-79.727756,41.049743],[-79.726368,41.050796],[-79.726774,41.054727],[-79.72584,41.054633],[-79.725312,41.056061],[-79.723791,41.057104],[-79.723569,41.06143],[-79.726268,41.063816],[-79.725697,41.064628],[-79.723227,41.065116],[-79.722187,41.067773],[-79.726876,41.064582],[-79.726764,41.062431],[-79.727905,41.062429],[-79.727744,41.059608],[-79.735637,41.059655],[-79.735641,41.05661],[-79.736797,41.056428],[-79.736884,41.058331],[-79.738572,41.058332],[-79.738615,41.059649],[-79.743955,41.053345]]]}},{"type":"Feature","properties":{"zcta5":"16046","AFFGEOID10":"8600000US16046","GEOID10":"16046","ALAND10":58933260,"AWATER10":21209,"county_name":"Butler","state_code":"PA","county_state":"Butler County, PA","county_fips":"42019","risk_level_county":"Lower Risk (80–84% vaccinated)","mean_vaccination_rate_county":82.07,"risk_level_zcta":"Lower Risk (80–84% vaccinated)","mean_vaccination_rate_zips":80.95,"cases":16},"geometry":{"type":"MultiPolygon","coordinates":[[[[-80.101623,40.674003],[-80.096454,40.664486],[-80.094196,40.66244],[-80.083477,40.657536],[-80.077973,40.656003],[-80.076025,40.658426],[-80.075781,40.662099],[-80.073243,40.664199],[-80.07259,40.66781],[-80.071204,40.670159],[-80.070397,40.655154],[-80.074173,40.655603],[-80.074444,40.653986],[-80.078044,40.653222],[-80.07205,40.652608],[-80.0703,40.653452],[-80.067888,40.65342],[-80.068113,40.654719],[-80.061469,40.65279],[-80.054412,40.652469],[-80.059717,40.664039],[-80.050527,40.665803],[-80.047682,40.664686],[-80.047313,40.661937],[-80.048162,40.659445],[-80.042077,40.663401],[-80.041879,40.664765],[-80.040329,40.6672],[-80.036668,40.668254],[-80.036206,40.673516],[-80.03623,40.67409],[-80.035847,40.675143],[-80.038211,40.675597],[-80.037336,40.677109],[-80.035238,40.677619],[-80.035446,40.678704],[-80.033527,40.682244],[-80.028459,40.683674],[-80.024973,40.683915],[-80.023249,40.685019],[-80.022628,40.684061],[-80.017404,40.684338],[-80.014348,40.686438],[-80.011181,40.687492],[-80.00807,40.686858],[-80.002675,40.682414],[-80.001876,40.682478],[-80.00125,40.681281],[-80.00466,40.680692],[-80.006693,40.679305],[-80.009045,40.679259],[-80.010674,40.675912],[-80.010116,40.675779],[-80.005472,40.679235],[-79.998998,40.680979],[-80.002674,40.687426],[-79.981335,40.692363],[-79.981475,40.69292],[-79.977697,40.69314],[-79.97722,40.69341],[-79.97622,40.693952],[-79.966714,40.695569],[-79.959828,40.697528],[-79.957677,40.698925],[-79.959757,40.700135],[-79.960217,40.701986],[-79.961961,40.704781],[-79.964331,40.706989],[-79.966522,40.705847],[-79.966446,40.711764],[-79.966915,40.723913],[-79.974274,40.723702],[-79.975518,40.725485],[-79.974807,40.727965],[-79.975829,40.729581],[-79.978105,40.731292],[-79.978282,40.73227],[-79.977057,40.734215],[-79.976709,40.738773],[-79.974882,40.740719],[-79.971731,40.741899],[-79.971173,40.744819],[-79.978645,40.744806],[-80.020201,40.74476],[-80.022783,40.743911],[-80.025924,40.729693],[-80.026239,40.72967],[-80.027383,40.729701],[-80.027666,40.72961],[-80.028434,40.729082],[-80.029524,40.728327],[-80.032632,40.733852],[-80.034883,40.732431],[-80.040388,40.732221],[-80.041703,40.730821],[-80.045952,40.719442],[-80.047777,40.718754],[-80.048469,40.720156],[-80.049195,40.722699],[-80.058202,40.722349],[-80.057962,40.716758],[-80.059513,40.716688],[-80.058859,40.714164],[-80.058709,40.710007],[-80.057617,40.710028],[-80.057461,40.705148],[-80.058914,40.705095],[-80.059342,40.702426],[-80.057317,40.701866],[-80.057475,40.698673],[-80.057209,40.692898],[-80.059726,40.692372],[-80.060021,40.698718],[-80.062647,40.698677],[-80.062635,40.697488],[-80.066671,40.6974],[-80.066661,40.696231],[-80.070248,40.696161],[-80.070169,40.694141],[-80.072508,40.694044],[-80.072411,40.691262],[-80.067967,40.690694],[-80.064834,40.690958],[-80.065276,40.690288],[-80.063355,40.687087],[-80.069068,40.685511],[-80.068188,40.684432],[-80.070646,40.682551],[-80.071883,40.682475],[-80.07175,40.68085],[-80.070205,40.680794],[-80.070175,40.678246],[-80.068393,40.675534],[-80.068346,40.674224],[-80.064727,40.674315],[-80.063568,40.677919],[-80.058586,40.681187],[-80.055892,40.681213],[-80.055906,40.679969],[-80.058412,40.679954],[-80.06057,40.678358],[-80.06025,40.676295],[-80.062965,40.676984],[-80.063746,40.674165],[-80.071393,40.674174],[-80.071434,40.674935],[-80.101623,40.674003]]],[[[-80.131782,40.673847],[-80.132538,40.673625],[-80.133105,40.671068],[-80.134547,40.671029],[-80.136141,40.672071],[-80.140977,40.67306],[-80.148036,40.672752],[-80.148151,40.670146],[-80.146189,40.669665],[-80.141276,40.666281],[-80.136271,40.664652],[-80.130801,40.661794],[-80.128098,40.660686],[-80.12554,40.660741],[-80.117884,40.660931],[-80.1147,40.659568],[-80.111836,40.660162],[-80.110511,40.661198],[-80.100342,40.661573],[-80.103226,40.660308],[-80.102957,40.659387],[-80.10257,40.659773],[-80.102124,40.65986],[-80.100478,40.659854],[-80.100179,40.659794],[-80.099743,40.659434],[-80.09972,40.658959],[-80.099936,40.658634],[-80.099391,40.65848],[-80.097719,40.66072],[-80.100748,40.663119],[-80.101029,40.665498],[-80.102147,40.667148],[-80.106268,40.669407],[-80.10718,40.667459],[-80.108441,40.666462],[-80.10978,40.667558],[-80.112789,40.667159],[-80.114406,40.668212],[-80.114969,40.671205],[-80.11326,40.673869],[-80.116498,40.673827],[-80.125105,40.673669],[-80.131782,40.673847]]]]}},{"type":"Feature","properties":{"zcta5":"16024","AFFGEOID10":"8600000US16024","GEOID10":"16024","ALAND10":611589,"AWATER10":0,"county_name":"Butler","state_code":"PA","county_state":"Butler County, PA","county_fips":"42019","risk_level_county":"Lower Risk (80–84% vaccinated)","mean_vaccination_rate_county":82.07,"risk_level_zcta":"Medium Risk (70–79% vaccinated)","mean_vaccination_rate_zips":76.58,"cases":16},"geometry":{"type":"Polygon","coordinates":[[[-80.044419,40.744356],[-80.044219,40.74404],[-80.043872,40.743625],[-80.043107,40.743666],[-80.042961,40.743961],[-80.042611,40.744163],[-80.04221,40.744265],[-80.041933,40.744229],[-80.04136,40.743938],[-80.040948,40.743975],[-80.04159,40.742973],[-80.039574,40.739884],[-80.036175,40.736888],[-80.034399,40.736443],[-80.034551,40.737156],[-80.034134,40.736778],[-80.033852,40.736729],[-80.034364,40.73733],[-80.034488,40.738253],[-80.033431,40.738731],[-80.033255,40.739172],[-80.032546,40.739658],[-80.032903,40.740061],[-80.033539,40.740256],[-80.034233,40.741199],[-80.033822,40.74125],[-80.032118,40.741578],[-80.032308,40.742092],[-80.03456,40.745012],[-80.039786,40.744484],[-80.042154,40.747713],[-80.047319,40.747694],[-80.044419,40.744356]]]}},{"type":"Feature","properties":{"zcta5":"16034","AFFGEOID10":"8600000US16034","GEOID10":"16034","ALAND10":51397354,"AWATER10":24075,"county_name":"Butler","state_code":"PA","county_state":"Butler County, PA","county_fips":"42019","risk_level_county":"Lower Risk (80–84% vaccinated)","mean_vaccination_rate_county":82.07,"risk_level_zcta":"Higher Risk (60–69% vaccinated)","mean_vaccination_rate_zips":66.99,"cases":16},"geometry":{"type":"Polygon","coordinates":[[[-79.777575,40.89605],[-79.775535,40.894089],[-79.775921,40.892796],[-79.778324,40.891244],[-79.781956,40.887469],[-79.78163,40.886259],[-79.753542,40.8856],[-79.753717,40.884403],[-79.752643,40.880175],[-79.751083,40.877011],[-79.749367,40.875821],[-79.741868,40.873694],[-79.740131,40.872148],[-79.738297,40.86516],[-79.740372,40.860694],[-79.737988,40.856708],[-79.738541,40.855781],[-79.740791,40.857058],[-79.744664,40.857623],[-79.745092,40.859819],[-79.747388,40.864065],[-79.749448,40.864647],[-79.751692,40.864751],[-79.754415,40.863425],[-79.756157,40.863471],[-79.75823,40.864897],[-79.76332,40.86301],[-79.775097,40.862169],[-79.77694,40.854068],[-79.776871,40.851324],[-79.775051,40.848431],[-79.77132,40.844306],[-79.769943,40.843814],[-79.766475,40.843828],[-79.767122,40.842005],[-79.760621,40.837474],[-79.760585,40.836373],[-79.758305,40.835313],[-79.755245,40.834596],[-79.75393,40.837327],[-79.746685,40.83194],[-79.745118,40.834284],[-79.741259,40.833869],[-79.738026,40.832234],[-79.736984,40.830269],[-79.732971,40.828958],[-79.732131,40.827092],[-79.729751,40.824407],[-79.728904,40.822266],[-79.729495,40.818373],[-79.730975,40.813784],[-79.691968,40.81336],[-79.691524,40.883527],[-79.692533,40.883428],[-79.697933,40.88499],[-79.721169,40.885339],[-79.717224,40.887633],[-79.718369,40.888486],[-79.720446,40.892889],[-79.719626,40.893899],[-79.72037,40.898043],[-79.723931,40.8997],[-79.725164,40.90322],[-79.732304,40.906255],[-79.738153,40.906456],[-79.741891,40.90758],[-79.744463,40.907594],[-79.74563,40.906727],[-79.746392,40.908631],[-79.744901,40.911401],[-79.745578,40.91405],[-79.745048,40.915362],[-79.749749,40.914297],[-79.752151,40.912763],[-79.755072,40.912652],[-79.769042,40.903834],[-79.777575,40.89605]]]}},{"type":"Feature","properties":{"zcta5":"16051","AFFGEOID10":"8600000US16051","GEOID10":"16051","ALAND10":100846054,"AWATER10":7867363,"county_name":"Butler","state_code":"PA","county_state":"Butler County, PA","county_fips":"42019","risk_level_county":"Lower Risk (80–84% vaccinated)","mean_vaccination_rate_county":82.07,"risk_level_zcta":"Lower Risk (80–84% vaccinated)","mean_vaccination_rate_zips":84.59,"cases":16},"geometry":{"type":"MultiPolygon","coordinates":[[[[-80.169656,40.891045],[-80.169342,40.888506],[-80.167877,40.886867],[-80.164717,40.886526],[-80.161532,40.883398],[-80.159838,40.882543],[-80.160756,40.901324],[-80.165052,40.899469],[-80.165995,40.898035],[-80.169691,40.897182],[-80.169656,40.891045]]],[[[-80.200109,40.96791],[-80.193681,40.968021],[-80.189512,40.968477],[-80.192187,40.971251],[-80.19775,40.973185],[-80.197146,40.974434],[-80.198532,40.974714],[-80.199028,40.973629],[-80.203917,40.976227],[-80.206855,40.974183],[-80.211664,40.974131],[-80.211892,40.971369],[-80.214381,40.970464],[-80.215435,40.969409],[-80.229415,40.970771],[-80.22941,40.970703],[-80.215496,40.969351],[-80.218531,40.967446],[-80.218292,40.957775],[-80.217268,40.955437],[-80.217154,40.954102],[-80.216156,40.95321],[-80.210516,40.949491],[-80.205531,40.949494],[-80.186063,40.950462],[-80.184519,40.950469],[-80.184432,40.944886],[-80.18037,40.944256],[-80.177084,40.942268],[-80.17638,40.940455],[-80.178008,40.939037],[-80.183678,40.937325],[-80.185852,40.934517],[-80.189964,40.931202],[-80.1902,40.929928],[-80.189056,40.928684],[-80.189339,40.925182],[-80.190979,40.923992],[-80.19333,40.923404],[-80.194878,40.922527],[-80.201485,40.920479],[-80.207046,40.921016],[-80.208771,40.920353],[-80.211737,40.917931],[-80.215462,40.915821],[-80.216408,40.91494],[-80.217323,40.912689],[-80.217255,40.91106],[-80.218742,40.906742],[-80.224237,40.904557],[-80.224719,40.904092],[-80.224219,40.9035],[-80.225498,40.900728],[-80.225005,40.897033],[-80.22205,40.896021],[-80.22027,40.896221],[-80.220374,40.895385],[-80.218292,40.893549],[-80.216818,40.893916],[-80.217324,40.892405],[-80.213657,40.887928],[-80.214812,40.884315],[-80.212257,40.883183],[-80.209859,40.880863],[-80.205551,40.880112],[-80.201272,40.880279],[-80.200393,40.880472],[-80.192976,40.880373],[-80.190818,40.879732],[-80.1878,40.877698],[-80.18418,40.87739],[-80.182248,40.875857],[-80.178846,40.874506],[-80.178163,40.874707],[-80.174757,40.875936],[-80.175038,40.87865],[-80.174441,40.881933],[-80.17521,40.883197],[-80.181653,40.888582],[-80.184927,40.891887],[-80.188935,40.893208],[-80.188703,40.894686],[-80.190623,40.895801],[-80.193458,40.89593],[-80.191506,40.898684],[-80.187927,40.89919],[-80.185448,40.902528],[-80.184123,40.90344],[-80.183707,40.904936],[-80.181406,40.906335],[-80.179767,40.906076],[-80.179757,40.90715],[-80.17649,40.908521],[-80.173198,40.909222],[-80.170197,40.910899],[-80.161632,40.919397],[-80.161138,40.909053],[-80.159385,40.908092],[-80.158355,40.911378],[-80.15449,40.914533],[-80.150662,40.918881],[-80.149046,40.921744],[-80.148927,40.92018],[-80.142256,40.919634],[-80.135022,40.9195],[-80.134155,40.920089],[-80.133069,40.915268],[-80.130824,40.912135],[-80.128742,40.91054],[-80.127408,40.910542],[-80.130563,40.913409],[-80.117183,40.912029],[-80.113983,40.911885],[-80.109967,40.909141],[-80.100145,40.90119],[-80.097735,40.905457],[-80.092848,40.907214],[-80.086637,40.907873],[-80.082289,40.907751],[-80.078188,40.910315],[-80.07828,40.912985],[-80.076351,40.912016],[-80.071831,40.91065],[-80.068821,40.910895],[-80.068892,40.913407],[-80.070113,40.954901],[-80.072289,41.001791],[-80.075959,41.00183],[-80.076816,41.00412],[-80.078555,41.003819],[-80.085558,41.00639],[-80.088258,41.006626],[-80.09244,41.007739],[-80.094092,41.007799],[-80.101476,41.006905],[-80.106509,41.006605],[-80.109704,41.005331],[-80.114249,41.00408],[-80.11745,41.004249],[-80.11875,41.002192],[-80.120975,40.996542],[-80.122025,40.994897],[-80.127179,40.991895],[-80.131399,40.988574],[-80.132398,40.986999],[-80.132967,40.984546],[-80.132757,40.976993],[-80.132988,40.96924],[-80.134931,40.962663],[-80.141716,40.964392],[-80.145532,40.965133],[-80.144241,40.969204],[-80.151287,40.968942],[-80.151492,40.972153],[-80.157068,40.974908],[-80.157496,40.974541],[-80.157306,40.979394],[-80.159076,40.98132],[-80.157983,40.985066],[-80.158469,40.988174],[-80.164584,40.988124],[-80.16529,41.00047],[-80.171136,41.000435],[-80.17515,41.007885],[-80.17772,41.011342],[-80.179184,41.008858],[-80.181044,41.007682],[-80.186828,41.005302],[-80.187766,41.004429],[-80.18808,41.001625],[-80.186763,41.000349],[-80.178784,41.000161],[-80.180087,40.999446],[-80.182161,40.99628],[-80.182088,40.993078],[-80.184244,40.992644],[-80.184793,40.991688],[-80.183716,40.989082],[-80.182252,40.987305],[-80.182312,40.985096],[-80.181015,40.9832],[-80.18055,40.980156],[-80.179604,40.980282],[-80.177872,40.978309],[-80.175935,40.978218],[-80.178961,40.977417],[-80.179556,40.974202],[-80.180884,40.971453],[-80.177877,40.969926],[-80.175548,40.969801],[-80.163792,40.967997],[-80.163789,40.967921],[-80.168981,40.968731],[-80.168676,40.958959],[-80.170154,40.956632],[-80.169774,40.953367],[-80.170366,40.952933],[-80.170173,40.953945],[-80.171127,40.95623],[-80.16993,40.959537],[-80.170273,40.962047],[-80.171196,40.963421],[-80.171539,40.965813],[-80.173881,40.968342],[-80.176887,40.968971],[-80.180572,40.969029],[-80.181026,40.969525],[-80.191747,40.968143],[-80.196126,40.96786],[-80.200109,40.96791]],[[-80.200109,40.96791],[-80.201816,40.96451],[-80.203462,40.964398],[-80.209249,40.96533],[-80.209195,40.968739],[-80.204556,40.968283],[-80.200109,40.96791]]]]}},{"type":"Feature","properties":{"zcta5":"16002","AFFGEOID10":"8600000US16002","GEOID10":"16002","ALAND10":186986872,"AWATER10":177571,"county_name":"Butler","state_code":"PA","county_state":"Butler County, PA","county_fips":"42019","risk_level_county":"Lower Risk (80–84% vaccinated)","mean_vaccination_rate_county":82.07,"risk_level_zcta":"Medium Risk (70–79% vaccinated)","mean_vaccination_rate_zips":74.31,"cases":16},"geometry":{"type":"Polygon","coordinates":[[[-79.985893,40.74788],[-79.984335,40.747074],[-79.980464,40.74792],[-79.978341,40.747198],[-79.978645,40.744806],[-79.971173,40.744819],[-79.942107,40.744719],[-79.942934,40.741813],[-79.944479,40.738336],[-79.938294,40.737178],[-79.939501,40.734625],[-79.939725,40.73214],[-79.941735,40.729575],[-79.943197,40.726539],[-79.941642,40.725836],[-79.939807,40.726364],[-79.936328,40.724018],[-79.931729,40.725652],[-79.927808,40.724475],[-79.925575,40.72566],[-79.92358,40.729955],[-79.914467,40.730687],[-79.912563,40.731602],[-79.910667,40.736607],[-79.907902,40.737855],[-79.906512,40.739874],[-79.907219,40.744126],[-79.899514,40.743984],[-79.902015,40.744908],[-79.901003,40.745941],[-79.89711,40.746762],[-79.894312,40.748573],[-79.88587,40.748982],[-79.88371,40.752936],[-79.879467,40.755299],[-79.875348,40.754056],[-79.870221,40.75375],[-79.865073,40.754417],[-79.861939,40.75429],[-79.858321,40.753211],[-79.854941,40.753128],[-79.855778,40.751686],[-79.855241,40.750065],[-79.853523,40.749258],[-79.851415,40.749599],[-79.847733,40.749199],[-79.844507,40.747881],[-79.840888,40.750249],[-79.841481,40.750623],[-79.84156,40.750503],[-79.841642,40.750427],[-79.841759,40.750365],[-79.84203,40.750309],[-79.842103,40.750268],[-79.842155,40.750216],[-79.843724,40.74908],[-79.845324,40.74911],[-79.848507,40.750409],[-79.845815,40.752262],[-79.848594,40.763255],[-79.846272,40.763777],[-79.848337,40.769507],[-79.848697,40.774845],[-79.842069,40.7749],[-79.840572,40.775553],[-79.836683,40.775816],[-79.83458,40.775244],[-79.820243,40.769858],[-79.81841,40.772183],[-79.815595,40.773533],[-79.814084,40.779518],[-79.816086,40.782671],[-79.818857,40.785331],[-79.819044,40.788461],[-79.817487,40.792938],[-79.815724,40.79457],[-79.813979,40.793613],[-79.810964,40.797046],[-79.809996,40.79925],[-79.805245,40.799326],[-79.800908,40.798876],[-79.799222,40.80023],[-79.796963,40.800601],[-79.795748,40.800032],[-79.793046,40.801251],[-79.790748,40.801528],[-79.790444,40.802439],[-79.786655,40.803782],[-79.779517,40.80381],[-79.773583,40.803063],[-79.771899,40.806026],[-79.770525,40.805478],[-79.767415,40.807931],[-79.760583,40.809917],[-79.761582,40.811802],[-79.764006,40.813291],[-79.766099,40.813116],[-79.767848,40.81441],[-79.761218,40.814427],[-79.761358,40.817114],[-79.760519,40.818872],[-79.760427,40.823131],[-79.755189,40.823384],[-79.754971,40.825719],[-79.752424,40.826307],[-79.753971,40.829464],[-79.755187,40.830783],[-79.765469,40.8305],[-79.768736,40.831383],[-79.775536,40.83119],[-79.773851,40.833854],[-79.77214,40.83547],[-79.769631,40.838941],[-79.767121,40.840959],[-79.767122,40.842005],[-79.766475,40.843828],[-79.769943,40.843814],[-79.77132,40.844306],[-79.775051,40.848431],[-79.776871,40.851324],[-79.77694,40.854068],[-79.775097,40.862169],[-79.76332,40.86301],[-79.75823,40.864897],[-79.756157,40.863471],[-79.754415,40.863425],[-79.751692,40.864751],[-79.749448,40.864647],[-79.747388,40.864065],[-79.745092,40.859819],[-79.744664,40.857623],[-79.740791,40.857058],[-79.738541,40.855781],[-79.737988,40.856708],[-79.740372,40.860694],[-79.738297,40.86516],[-79.740131,40.872148],[-79.741868,40.873694],[-79.749367,40.875821],[-79.751083,40.877011],[-79.752643,40.880175],[-79.753717,40.884403],[-79.753542,40.8856],[-79.78163,40.886259],[-79.781956,40.887469],[-79.778324,40.891244],[-79.775921,40.892796],[-79.775535,40.894089],[-79.777575,40.89605],[-79.777255,40.899265],[-79.780761,40.899633],[-79.78352,40.899333],[-79.783589,40.903691],[-79.78587,40.905091],[-79.78984,40.905939],[-79.793141,40.902493],[-79.793923,40.899467],[-79.795327,40.899358],[-79.797608,40.9016],[-79.796859,40.904075],[-79.797105,40.905868],[-79.798467,40.9057],[-79.799201,40.907607],[-79.808118,40.909121],[-79.810173,40.90808],[-79.813357,40.911664],[-79.814109,40.910573],[-79.813299,40.908817],[-79.814107,40.903221],[-79.817899,40.899757],[-79.829225,40.899979],[-79.829591,40.902369],[-79.830753,40.901998],[-79.830517,40.900222],[-79.832008,40.900465],[-79.832165,40.901603],[-79.835326,40.899478],[-79.835432,40.898203],[-79.837762,40.898278],[-79.840806,40.896732],[-79.841138,40.894415],[-79.843109,40.893654],[-79.842271,40.889636],[-79.842567,40.887477],[-79.844262,40.886056],[-79.844642,40.885057],[-79.843916,40.884851],[-79.840605,40.883903],[-79.8383,40.882893],[-79.834749,40.881338],[-79.835656,40.87157],[-79.837345,40.872928],[-79.839671,40.871528],[-79.840081,40.871523],[-79.847216,40.876392],[-79.848823,40.876702],[-79.850496,40.876965],[-79.851505,40.877011],[-79.852018,40.876962],[-79.854774,40.876022],[-79.856214,40.875257],[-79.856351,40.8754],[-79.864696,40.871165],[-79.866415,40.870714],[-79.864145,40.869368],[-79.868262,40.871623],[-79.871331,40.872888],[-79.875756,40.874071],[-79.875555,40.862849],[-79.876851,40.863722],[-79.877413,40.862644],[-79.881322,40.860613],[-79.88125,40.859222],[-79.883253,40.858143],[-79.881034,40.855956],[-79.881008,40.853996],[-79.878007,40.853838],[-79.877912,40.855011],[-79.875286,40.854024],[-79.874953,40.843043],[-79.877177,40.843269],[-79.880125,40.844202],[-79.87992,40.840096],[-79.878771,40.838891],[-79.88444,40.83958],[-79.891635,40.837886],[-79.896756,40.835527],[-79.9047,40.83861],[-79.906477,40.840692],[-79.910331,40.84161],[-79.915595,40.840678],[-79.918856,40.841513],[-79.919094,40.841584],[-79.91955,40.841619],[-79.920222,40.837784],[-79.922991,40.833707],[-79.922052,40.833703],[-79.925985,40.828853],[-79.927272,40.826183],[-79.927553,40.816395],[-79.92927,40.808241],[-79.927648,40.808351],[-79.927827,40.804804],[-79.929076,40.80066],[-79.929826,40.799299],[-79.935633,40.799937],[-79.936579,40.800705],[-79.939138,40.79842],[-79.943792,40.797532],[-79.945641,40.791183],[-79.946223,40.78811],[-79.946249,40.787511],[-79.9471,40.78187],[-79.950838,40.782021],[-79.951201,40.785518],[-79.952576,40.785754],[-79.953587,40.790951],[-79.95594,40.79087],[-79.963012,40.788871],[-79.96254,40.781151],[-79.965382,40.775263],[-79.968435,40.770251],[-79.968382,40.764923],[-79.969545,40.766032],[-79.970167,40.768784],[-79.977262,40.765166],[-79.980048,40.761678],[-79.976977,40.759662],[-79.981722,40.758182],[-79.981622,40.75538],[-79.98425,40.75129],[-79.985893,40.74788]]]}},{"type":"Feature","properties":{"zcta5":"16053","AFFGEOID10":"8600000US16053","GEOID10":"16053","ALAND10":55569203,"AWATER10":0,"county_name":"Butler","state_code":"PA","county_state":"Butler County, PA","county_fips":"42019","risk_level_county":"Lower Risk (80–84% vaccinated)","mean_vaccination_rate_county":82.07,"risk_level_zcta":"Medium Risk (70–79% vaccinated)","mean_vaccination_rate_zips":74.62,"cases":16},"geometry":{"type":"Polygon","coordinates":[[[-80.028422,40.865716],[-80.029479,40.86326],[-80.026746,40.859636],[-80.026949,40.855521],[-80.025329,40.853437],[-80.023804,40.852528],[-80.023311,40.846685],[-80.024438,40.844863],[-80.02626,40.843414],[-80.027583,40.84105],[-80.028814,40.840096],[-80.027902,40.83959],[-80.028203,40.837562],[-80.02966,40.835286],[-80.028639,40.831306],[-80.029985,40.829477],[-80.029288,40.827717],[-80.029951,40.826813],[-80.029063,40.824159],[-80.029255,40.821447],[-80.024035,40.821683],[-80.02463,40.8252],[-80.018015,40.825912],[-80.017783,40.824821],[-80.011182,40.824043],[-80.000634,40.824669],[-80.000651,40.818706],[-79.999185,40.818766],[-79.999628,40.81631],[-80.006335,40.813571],[-80.009449,40.810793],[-80.011036,40.810997],[-80.012332,40.809364],[-80.014876,40.809348],[-80.014873,40.806558],[-80.010758,40.807894],[-80.007844,40.805008],[-80.001778,40.804306],[-79.997886,40.803238],[-79.995328,40.801143],[-79.998652,40.800277],[-79.997766,40.798524],[-80.000088,40.797816],[-80.004202,40.795285],[-80.005353,40.791931],[-80.003406,40.786877],[-80.003542,40.785391],[-80.004856,40.784134],[-80.006889,40.783837],[-80.011535,40.785164],[-80.012614,40.78212],[-80.012223,40.781402],[-80.009581,40.780316],[-80.00885,40.77811],[-80.007585,40.777318],[-80.006788,40.773613],[-80.005659,40.772496],[-80.001858,40.770605],[-79.998857,40.771301],[-79.99674,40.770954],[-79.994971,40.768744],[-79.992572,40.767762],[-79.991769,40.766661],[-79.993318,40.767889],[-79.996391,40.768353],[-80.000587,40.77084],[-80.003443,40.769534],[-80.006526,40.770053],[-80.011956,40.761984],[-80.008336,40.761926],[-80.005646,40.760285],[-80.004111,40.760575],[-79.992814,40.752125],[-79.991975,40.750064],[-79.989214,40.748604],[-79.985893,40.74788],[-79.98425,40.75129],[-79.981622,40.75538],[-79.981722,40.758182],[-79.976977,40.759662],[-79.980048,40.761678],[-79.977262,40.765166],[-79.970167,40.768784],[-79.969545,40.766032],[-79.968382,40.764923],[-79.968435,40.770251],[-79.965382,40.775263],[-79.96254,40.781151],[-79.963012,40.788871],[-79.95594,40.79087],[-79.953587,40.790951],[-79.952576,40.785754],[-79.951201,40.785518],[-79.950838,40.782021],[-79.9471,40.78187],[-79.946249,40.787511],[-79.946223,40.78811],[-79.945641,40.791183],[-79.943792,40.797532],[-79.939138,40.79842],[-79.936579,40.800705],[-79.935633,40.799937],[-79.929826,40.799299],[-79.929076,40.80066],[-79.927827,40.804804],[-79.927648,40.808351],[-79.92927,40.808241],[-79.927553,40.816395],[-79.929213,40.816357],[-79.929337,40.819865],[-79.931283,40.819811],[-79.9312,40.816322],[-79.93259,40.816328],[-79.937399,40.81839],[-79.940399,40.818427],[-79.944472,40.819441],[-79.945257,40.819616],[-79.943297,40.822835],[-79.943041,40.824928],[-79.94471,40.828166],[-79.947306,40.829692],[-79.955107,40.836412],[-79.961153,40.836209],[-79.961791,40.840021],[-79.966326,40.840048],[-79.968081,40.839994],[-79.969491,40.839988],[-79.969975,40.839959],[-79.970872,40.83977],[-79.971172,40.848729],[-79.978573,40.848333],[-79.978555,40.848955],[-79.981017,40.853703],[-79.981586,40.857988],[-79.980711,40.860571],[-79.984536,40.861276],[-79.985728,40.860587],[-79.994159,40.857909],[-79.998828,40.854475],[-80.000631,40.854262],[-80.004966,40.855212],[-80.007677,40.856014],[-80.008943,40.858056],[-80.01232,40.857382],[-80.013308,40.855619],[-80.012742,40.854494],[-80.014394,40.851926],[-80.016078,40.853744],[-80.016002,40.855991],[-80.017797,40.859447],[-80.017961,40.860754],[-80.017173,40.863019],[-80.017802,40.872709],[-80.023536,40.871283],[-80.025307,40.869365],[-80.028226,40.867759],[-80.028422,40.865716]]]}}]}