{"type":"FeatureCollection","features":[{"type":"Feature","properties":{"zcta5":"69333","AFFGEOID10":"8600000US69333","GEOID10":"69333","ALAND10":1504340235,"AWATER10":16981621,"county_name":"Cherry","state_code":"NE","county_state":"Cherry County, NE","county_fips":"31031","risk_level_county":"Higher Risk (60–69% vaccinated)","mean_vaccination_rate_county":68.93,"risk_level_zcta":"Lower Risk (80–84% vaccinated)","mean_vaccination_rate_zips":83.97,"cases":1},"geometry":{"type":"Polygon","coordinates":[[[-102.09853,42.00916],[-102.099139,42.005595],[-102.100794,41.999296],[-102.102057,41.997353],[-102.105014,41.995147],[-102.111252,41.988452],[-102.113072,41.987728],[-102.116616,41.98759],[-102.118727,41.986117],[-102.119025,41.984551],[-102.118373,41.977395],[-102.115767,41.971314],[-102.115585,41.966948],[-102.116179,41.964955],[-102.119838,41.960816],[-102.134551,41.95328],[-102.135475,41.95255],[-102.13959,41.947045],[-102.141547,41.945901],[-102.150432,41.944171],[-102.152055,41.943369],[-102.152783,41.941242],[-102.151107,41.937907],[-102.150994,41.936416],[-102.152587,41.9309],[-102.153345,41.92993],[-102.156706,41.928667],[-102.159892,41.926121],[-102.161172,41.925524],[-102.167673,41.923591],[-102.169687,41.922359],[-102.173714,41.917585],[-102.174456,41.915929],[-102.174748,41.912733],[-102.175306,41.911276],[-102.176242,41.911607],[-102.179138,41.908392],[-102.179546,41.905744],[-102.182719,41.9033],[-102.182967,41.896293],[-102.182663,41.893999],[-102.183365,41.887289],[-102.184094,41.883612],[-102.186247,41.879272],[-102.185278,41.874732],[-102.182435,41.871213],[-102.181886,41.867647],[-102.183652,41.8659],[-102.182239,41.86185],[-102.18473,41.854964],[-102.186624,41.852377],[-102.188142,41.849194],[-102.190271,41.847554],[-102.190562,41.845791],[-102.190233,41.844511],[-102.186453,41.838808],[-102.185175,41.836412],[-102.18589,41.831116],[-102.188611,41.830585],[-102.191695,41.828963],[-102.192494,41.827667],[-102.195064,41.825527],[-102.200561,41.824193],[-102.204311,41.82429],[-102.205778,41.818894],[-102.204106,41.815446],[-102.200789,41.812433],[-102.200209,41.810185],[-102.201117,41.80895],[-102.196805,41.804898],[-102.195165,41.801731],[-102.193491,41.799918],[-102.190465,41.799021],[-102.185101,41.796526],[-102.18229,41.79294],[-102.183078,41.790506],[-102.180778,41.789852],[-102.180215,41.787549],[-102.177659,41.784764],[-102.17821,41.7833],[-102.182687,41.780404],[-102.186151,41.774514],[-102.185689,41.771369],[-102.182557,41.765888],[-102.181957,41.763312],[-102.183324,41.760504],[-102.182342,41.756926],[-102.179884,41.75537],[-102.177146,41.75209],[-102.171278,41.748072],[-102.168943,41.745356],[-102.166362,41.743772],[-102.164183,41.741811],[-102.16266,41.744515],[-102.161099,41.745138],[-102.160545,41.747511],[-102.157679,41.750885],[-102.152356,41.752977],[-102.150481,41.752765],[-102.148073,41.755385],[-102.147914,41.756618],[-102.144069,41.754244],[-102.143364,41.751598],[-102.141667,41.749845],[-102.138897,41.745173],[-102.136876,41.743168],[-102.131788,41.740486],[-102.128157,41.736994],[-102.127899,41.736049],[-102.124646,41.733181],[-102.123272,41.730581],[-102.121143,41.731426],[-102.118674,41.731133],[-102.117443,41.731588],[-102.114969,41.734718],[-102.112179,41.735858],[-102.101938,41.738587],[-102.100295,41.739646],[-102.099641,41.743083],[-102.098116,41.745085],[-102.09665,41.74571],[-102.08572,41.745751],[-102.083827,41.746367],[-102.077202,41.751875],[-102.07527,41.752876],[-102.067756,41.755087],[-102.067918,41.742099],[-102.022146,41.741831],[-101.985523,41.74229],[-101.854424,41.742194],[-101.853831,41.958894],[-101.862238,41.957653],[-101.864289,41.956783],[-101.871425,41.956367],[-101.875458,41.955247],[-101.878669,41.953284],[-101.879803,41.951981],[-101.885318,41.948349],[-101.888902,41.946659],[-101.890156,41.9439],[-101.890741,41.941113],[-101.893113,41.934698],[-101.894174,41.929469],[-101.897746,41.925048],[-101.898267,41.923928],[-101.899,41.920596],[-101.900321,41.917201],[-101.902396,41.915672],[-101.904121,41.915081],[-101.911964,41.913925],[-101.916493,41.913829],[-101.922279,41.915195],[-101.92661,41.91401],[-101.925383,41.918304],[-101.925972,41.921295],[-101.926334,41.930688],[-101.925781,41.936361],[-101.92664,41.939822],[-101.926608,41.941482],[-101.924171,41.9456],[-101.922603,41.9472],[-101.918051,41.953171],[-101.914376,41.957421],[-101.918194,41.968895],[-101.919585,41.971957],[-101.919237,41.97757],[-101.911837,41.986304],[-101.909789,41.98817],[-101.909005,41.990295],[-101.909116,41.992197],[-101.908538,41.994115],[-101.899986,42.014359],[-101.901696,42.016524],[-101.878535,42.015613],[-101.876978,42.015426],[-101.87482,42.014936],[-101.868631,42.012725],[-101.865711,42.011972],[-101.863097,42.011593],[-101.854785,42.01091],[-101.855123,42.094203],[-101.80478,42.093346],[-101.805442,42.094508],[-101.799445,42.09754],[-101.799547,42.099857],[-101.801392,42.102011],[-101.805365,42.103619],[-101.807558,42.106481],[-101.810362,42.108283],[-101.812816,42.11173],[-101.812821,42.113527],[-101.810855,42.114962],[-101.810718,42.11844],[-101.810083,42.119107],[-101.810133,42.124619],[-101.810745,42.126736],[-101.813184,42.130354],[-101.813684,42.134725],[-101.819599,42.134925],[-101.823367,42.135942],[-101.825743,42.13816],[-101.828267,42.137412],[-101.832495,42.137776],[-101.834862,42.138724],[-101.839543,42.139189],[-101.841666,42.138859],[-101.84497,42.139791],[-101.850264,42.142015],[-101.851634,42.144317],[-101.85638,42.147207],[-101.858903,42.148288],[-101.865696,42.149712],[-101.867349,42.151387],[-101.870648,42.152677],[-101.873684,42.154673],[-101.875555,42.156635],[-101.875648,42.158536],[-101.877127,42.159839],[-101.882001,42.162007],[-101.886245,42.1628],[-101.891823,42.163048],[-101.891664,42.16906],[-101.897536,42.181106],[-101.895294,42.180358],[-101.891934,42.180511],[-101.887385,42.179504],[-101.883822,42.180346],[-101.877401,42.178115],[-101.873975,42.178105],[-101.870929,42.176329],[-101.867868,42.1757],[-101.863122,42.175869],[-101.861595,42.176653],[-101.858381,42.181617],[-101.857385,42.183981],[-101.857595,42.188463],[-101.852692,42.185633],[-101.850525,42.185013],[-101.843776,42.18478],[-101.842884,42.185932],[-101.833482,42.179901],[-101.832258,42.179532],[-101.828176,42.179499],[-101.822298,42.181608],[-101.818477,42.184328],[-101.813614,42.184512],[-101.8104,42.184023],[-101.801435,42.181627],[-101.800697,42.181753],[-101.801951,42.185947],[-101.805697,42.188485],[-101.807634,42.191102],[-101.807771,42.193297],[-101.806399,42.195351],[-101.803385,42.19809],[-101.8015,42.200704],[-101.804494,42.204924],[-101.806349,42.205907],[-101.811018,42.211285],[-101.814849,42.215055],[-101.815772,42.216542],[-101.816683,42.219554],[-101.811841,42.225025],[-101.810665,42.22863],[-101.81092,42.232702],[-101.809527,42.238032],[-101.815715,42.247915],[-101.815884,42.249242],[-101.818432,42.253036],[-101.819102,42.254865],[-101.81886,42.257268],[-101.817429,42.260001],[-101.820071,42.263148],[-101.8208,42.267239],[-101.82022,42.269396],[-101.818406,42.271464],[-101.81773,42.275834],[-101.815311,42.278489],[-101.814888,42.282671],[-101.808882,42.28778],[-101.807284,42.289954],[-101.807004,42.292029],[-101.808766,42.295274],[-101.810301,42.297181],[-101.80751,42.297916],[-101.80657,42.299292],[-101.807059,42.301644],[-101.808696,42.303805],[-101.808708,42.305521],[-101.804584,42.310082],[-101.805394,42.313855],[-101.80434,42.316149],[-101.801495,42.319061],[-101.801379,42.32137],[-101.804994,42.323245],[-101.807849,42.325634],[-101.807803,42.326636],[-101.811492,42.327397],[-101.811504,42.328967],[-101.813354,42.329283],[-101.813478,42.330221],[-101.810211,42.333982],[-101.807553,42.335439],[-101.805749,42.337618],[-101.806389,42.341319],[-101.808064,42.344529],[-101.809569,42.344778],[-101.816192,42.34766],[-101.824208,42.348078],[-101.827185,42.347418],[-101.830748,42.347378],[-101.831024,42.38674],[-101.835526,42.386865],[-101.837872,42.387284],[-101.839483,42.386805],[-101.848841,42.387907],[-101.851699,42.387833],[-101.852721,42.389364],[-101.854488,42.390071],[-101.854016,42.391465],[-101.856313,42.391866],[-101.859775,42.395906],[-101.859641,42.397768],[-101.861891,42.399465],[-101.864151,42.399952],[-101.866286,42.403358],[-101.864994,42.406611],[-101.855707,42.410808],[-101.853807,42.412304],[-101.850297,42.413735],[-101.847909,42.415548],[-101.845615,42.418293],[-101.840978,42.419265],[-101.839675,42.420336],[-101.838912,42.421385],[-101.839323,42.425911],[-101.838917,42.42919],[-101.837655,42.431137],[-101.835064,42.432735],[-101.83148,42.435713],[-101.828967,42.439559],[-101.828168,42.441756],[-101.828588,42.445688],[-101.829257,42.44697],[-101.830293,42.446373],[-101.833123,42.446397],[-101.836687,42.446317],[-101.8369,42.44788],[-101.838721,42.448589],[-101.842795,42.447902],[-101.846839,42.447603],[-101.851419,42.44299],[-102.038169,42.443307],[-102.038575,42.375904],[-102.03936,42.238035],[-102.039606,42.237412],[-102.039662,42.183954],[-102.04028,42.096744],[-102.006204,42.096338],[-102.008562,42.008901],[-102.04459,42.008793],[-102.06665,42.009195],[-102.069614,42.009123],[-102.09853,42.00916]]]}},{"type":"Feature","properties":{"zcta5":"69216","AFFGEOID10":"8600000US69216","GEOID10":"69216","ALAND10":618554203,"AWATER10":249232,"county_name":"Cherry","state_code":"NE","county_state":"Cherry County, NE","county_fips":"31031","risk_level_county":"Higher Risk (60–69% vaccinated)","mean_vaccination_rate_county":68.93,"risk_level_zcta":"Medium Risk (70–79% vaccinated)","mean_vaccination_rate_zips":78.64,"cases":1},"geometry":{"type":"Polygon","coordinates":[[[-101.227964,43.100107],[-101.22801,42.999092],[-101.228104364544,42.9978736351869],[-101.226853,42.997896],[-101.226494,42.997901],[-101.140807011447,42.99792857357539],[-101.043147,42.99796],[-101.042933,42.958563],[-101.023269,42.958284],[-101.023782,42.874995],[-101.023389,42.871737],[-101.023049,42.799094],[-100.999092,42.798912],[-100.999218,42.797234],[-100.997914,42.796233],[-100.998751,42.794342],[-100.997724,42.793764],[-100.995179,42.795215],[-100.992375,42.794768],[-100.990127,42.793535],[-100.988837,42.793563],[-100.983219,42.794822],[-100.978657,42.792673],[-100.977328,42.792519],[-100.974118,42.793413],[-100.970231,42.79344],[-100.9687,42.79386],[-100.96683,42.793263],[-100.962725,42.79106],[-100.95794,42.791349],[-100.955994,42.792611],[-100.951386,42.792235],[-100.950315,42.791927],[-100.944399,42.788141],[-100.939817,42.788671],[-100.932645,42.788602],[-100.929729,42.787368],[-100.925631,42.786945],[-100.925155,42.789568],[-100.927183,42.78973],[-100.928833,42.790703],[-100.924011,42.791511],[-100.92097,42.793336],[-100.919413,42.795153],[-100.918224,42.79877],[-100.918787,42.801948],[-100.921308,42.804471],[-100.924637,42.806641],[-100.925231,42.807896],[-100.925149,42.856852],[-100.914379,42.856816],[-100.915168,42.858216],[-100.915189,42.86383],[-100.924692,42.864227],[-100.924692,42.871264],[-100.90567,42.871229],[-100.905446,42.894683],[-100.905826,42.898716],[-100.905677,42.922959],[-100.887132,42.917122],[-100.88524,42.916838],[-100.88175,42.917245],[-100.871581,42.920168],[-100.864054,42.922081],[-100.823914,42.932099],[-100.821033,42.933488],[-100.814695,42.937414],[-100.810791,42.938351],[-100.804554,42.938911],[-100.799543,42.938465],[-100.793682,42.937221],[-100.793161,42.938267],[-100.793343,42.93892],[-100.797989,42.942815],[-100.798157,42.948761],[-100.801091,42.949549],[-100.803364,42.951356],[-100.80436,42.950944],[-100.804235,42.949343],[-100.805231,42.948726],[-100.807598,42.949435],[-100.80875,42.950944],[-100.811894,42.951471],[-100.813637,42.950831],[-100.818151,42.952683],[-100.819894,42.95282],[-100.822727,42.954603],[-100.822603,42.956341],[-100.824035,42.95737],[-100.826899,42.955838],[-100.829514,42.957347],[-100.832535,42.957666],[-100.833594,42.957163],[-100.834621,42.958123],[-100.833376,42.958718],[-100.834404,42.960251],[-100.836334,42.96009],[-100.836989,42.961302],[-100.839231,42.961965],[-100.839138,42.962856],[-100.841068,42.963085],[-100.842004,42.965988],[-100.847018,42.968182],[-100.846988,42.971452],[-100.848533,42.972266],[-100.836674,42.972228],[-100.827291,42.971671],[-100.819215,42.972142],[-100.808146,42.972128],[-100.808737,42.997318],[-100.807603629,42.9982218112768],[-100.806908323061,42.9982212980815],[-100.806643,43.000666],[-100.806674,43.031377],[-100.786935,43.03136],[-100.786957,43.074807],[-100.826463,43.074813],[-100.826411,43.089223],[-100.866117,43.089285],[-100.865994,43.074797],[-100.90499,43.074628],[-100.905012,43.103778],[-100.924779,43.103754],[-100.92471,43.096445],[-100.930097,43.096035],[-100.932113,43.096422],[-100.941641,43.096338],[-100.94303,43.095585],[-100.946212,43.091679],[-100.946568,43.089275],[-100.964393,43.08937],[-100.963939,43.059033],[-100.96372,43.057351],[-100.964858,43.054967],[-100.964304,43.05286],[-100.964617,43.048969],[-100.965917,43.047557],[-100.967761,43.047199],[-100.971787,43.047606],[-100.975063,43.046828],[-100.981652,43.047943],[-100.983666,43.046937],[-100.984747,43.044169],[-100.987363,43.042216],[-100.987495,43.042818],[-100.993023,43.044982],[-100.995741,43.046779],[-100.99905,43.050976],[-101.001952,43.055644],[-101.003619,43.060209],[-101.017995,43.060055],[-101.013896,43.056595],[-101.01766,43.058208],[-101.022592,43.059651],[-101.023138,43.060863],[-101.023112,43.073798],[-101.024054,43.074039],[-101.02685,43.076808],[-101.031632,43.079661],[-101.032636,43.080835],[-101.035064,43.081782],[-101.037651,43.080248],[-101.038396,43.082476],[-101.04096,43.083022],[-101.039685,43.084346],[-101.040238,43.086041],[-101.04352,43.086407],[-101.04538,43.088303],[-101.046697,43.088482],[-101.048525,43.090128],[-101.048725,43.091825],[-101.051671,43.092418],[-101.054575,43.094037],[-101.055715,43.095408],[-101.059217,43.097232],[-101.06314,43.098051],[-101.066416,43.099875],[-101.070876,43.100647],[-101.07294,43.101538],[-101.079748,43.102786],[-101.084271,43.10091],[-101.087016,43.098554],[-101.088951,43.099011],[-101.088484,43.101046],[-101.090793,43.10212],[-101.090857,43.104292],[-101.091918,43.105618],[-101.093822,43.105572],[-101.094197,43.107058],[-101.09607,43.108589],[-101.100595,43.10797],[-101.100596,43.109434],[-101.102593,43.109776],[-101.103934,43.108609],[-101.106059,43.111969],[-101.10946,43.111602],[-101.110957,43.110915],[-101.111583,43.112356],[-101.114391,43.111508],[-101.114888,43.109725],[-101.116574,43.110112],[-101.116482,43.112009],[-101.117606,43.112809],[-101.120852,43.112693],[-101.123162,43.1134],[-101.1258,43.11299],[-101.124283,43.111525],[-101.124217,43.108073],[-101.125428,43.108429],[-101.127644,43.106385],[-101.129579,43.106751],[-101.129985,43.105425],[-101.131639,43.105243],[-101.131138,43.108147],[-101.134226,43.108879],[-101.137161,43.10648],[-101.139253,43.105498],[-101.144402,43.104517],[-101.145869,43.103671],[-101.148648,43.100151],[-101.150644,43.101112],[-101.148898,43.099305],[-101.150896,43.098323],[-101.150397,43.096585],[-101.148463,43.095761],[-101.148339,43.094755],[-101.151147,43.095625],[-101.152925,43.095054],[-101.157168,43.095718],[-101.157761,43.094918],[-101.160038,43.095101],[-101.1611,43.09286],[-101.160726,43.09126],[-101.162192,43.092198],[-101.164126,43.092221],[-101.167215,43.090804],[-101.167963,43.092633],[-101.170272,43.093456],[-101.171488,43.092428],[-101.170647,43.087992],[-101.172301,43.087215],[-101.178165,43.088244],[-101.178882,43.086987],[-101.177791,43.085638],[-101.178976,43.084174],[-101.18275,43.086941],[-101.184529,43.087261],[-101.183499,43.084746],[-101.185059,43.084357],[-101.186088,43.085089],[-101.188739,43.084723],[-101.190861,43.085912],[-101.192732,43.085637],[-101.194666,43.0863],[-101.19632,43.089112],[-101.199346,43.089409],[-101.199533,43.087009],[-101.202777,43.088746],[-101.204337,43.088334],[-101.20674,43.092723],[-101.208425,43.092129],[-101.209079,43.090688],[-101.208143,43.089659],[-101.210482,43.088744],[-101.212666,43.088698],[-101.212697,43.089864],[-101.210889,43.092105],[-101.211264,43.093591],[-101.212824,43.093179],[-101.212825,43.094756],[-101.213854,43.094527],[-101.214539,43.092013],[-101.213758,43.090618],[-101.214756,43.090046],[-101.216629,43.091829],[-101.216349,43.092995],[-101.217909,43.094274],[-101.220904,43.094091],[-101.219813,43.095165],[-101.225399,43.098067],[-101.225432,43.099896],[-101.227964,43.100107]]]}},{"type":"Feature","properties":{"zcta5":"69219","AFFGEOID10":"8600000US69219","GEOID10":"69219","ALAND10":753440458,"AWATER10":2832623,"county_name":"Cherry","state_code":"NE","county_state":"Cherry County, NE","county_fips":"31031","risk_level_county":"Higher Risk (60–69% vaccinated)","mean_vaccination_rate_county":68.93,"risk_level_zcta":"Lowest Risk (85%+)","mean_vaccination_rate_zips":85.77,"cases":1},"geometry":{"type":"Polygon","coordinates":[[[-101.277483,42.613694],[-101.278456,42.606491],[-101.279395,42.604366],[-101.279507,42.60139],[-101.278239,42.595794],[-101.277234,42.592619],[-101.277739,42.589414],[-101.278571,42.588699],[-101.288488,42.583788],[-101.290219,42.582683],[-101.290697,42.577011],[-101.292326,42.574499],[-101.299306,42.57281],[-101.306247,42.570657],[-101.309458,42.569066],[-101.316792,42.567236],[-101.318336,42.566508],[-101.318578,42.565961],[-101.318743,42.545563],[-101.320098,42.540358],[-101.321705,42.538904],[-101.325644,42.539018],[-101.326698,42.538012],[-101.330797,42.53659],[-101.332884,42.534987],[-101.333393,42.533008],[-101.338652,42.529836],[-101.338693,42.527334],[-101.337644,42.525878],[-101.340468,42.525249],[-101.341026,42.52428],[-101.344241,42.524306],[-101.348406,42.522092],[-101.354439,42.520253],[-101.359749,42.51969],[-101.361614,42.518573],[-101.364743,42.514902],[-101.366832,42.513974],[-101.371936,42.513912],[-101.372727,42.512701],[-101.372431,42.511385],[-101.373041,42.50952],[-101.376354,42.508964],[-101.380369,42.507775],[-101.385559,42.507241],[-101.389622,42.506348],[-101.392283,42.505352],[-101.396416,42.504558],[-101.402288,42.504441],[-101.402281,42.496072],[-101.402503,42.495284],[-101.402053,42.493375],[-101.400552,42.491372],[-101.397081,42.492703],[-101.392087,42.490597],[-101.390598,42.488756],[-101.391764,42.487799],[-101.39059,42.485536],[-101.386944,42.482093],[-101.382869,42.48008],[-101.377186,42.478844],[-101.37527,42.477981],[-101.376004,42.479362],[-101.374854,42.481284],[-101.372277,42.481059],[-101.368904,42.482113],[-101.365492,42.481724],[-101.365257,42.479902],[-101.362181,42.477843],[-101.357897,42.477452],[-101.353003,42.479567],[-101.350323,42.478864],[-101.348553,42.479538],[-101.345402,42.47874],[-101.344043,42.479189],[-101.34089,42.478826],[-101.336252,42.480236],[-101.333438,42.479254],[-101.328328,42.479943],[-101.325168,42.47931],[-101.322445,42.480012],[-101.321123,42.479675],[-101.316952,42.481239],[-101.315416,42.480017],[-101.312733,42.481124],[-101.312251,42.483441],[-101.307944,42.483607],[-101.304827,42.482792],[-101.30403,42.481917],[-101.301557,42.482021],[-101.298862,42.484517],[-101.298318,42.485765],[-101.296579,42.485024],[-101.296994,42.488139],[-101.295039,42.494004],[-101.297693,42.496571],[-101.297512,42.497912],[-101.299769,42.501714],[-101.298378,42.503475],[-101.297327,42.506059],[-101.293835,42.506081],[-101.289321,42.508002],[-101.28345,42.508801],[-101.28317,42.511339],[-101.280018,42.512252],[-101.278349,42.51152],[-101.274546,42.51376],[-101.270961,42.51385],[-101.270312,42.514604],[-101.265551,42.515907],[-101.261843,42.515265],[-101.262583,42.516866],[-101.260635,42.517894],[-101.258936,42.517116],[-101.260142,42.516065],[-101.258937,42.51563],[-101.257299,42.516315],[-101.254704,42.515033],[-101.248352,42.513886],[-101.247394,42.513452],[-101.245417,42.514916],[-101.242975,42.514597],[-101.240379,42.515102],[-101.238433,42.516246],[-101.23491,42.51595],[-101.233827,42.514579],[-101.233457,42.515973],[-101.23117,42.516684],[-101.229562,42.515221],[-101.229625,42.516136],[-101.226936,42.517303],[-101.227215,42.518241],[-101.224495,42.51783],[-101.224835,42.518653],[-101.222796,42.519545],[-101.217139,42.518884],[-101.217047,42.520736],[-101.215625,42.520462],[-101.213988,42.521743],[-101.214638,42.523572],[-101.212846,42.525196],[-101.209909,42.525928],[-101.210435,42.52714],[-101.20722,42.527209],[-101.201904,42.529155],[-101.201564,42.531098],[-101.198565,42.529567],[-101.195752,42.528972],[-101.195443,42.530527],[-101.190805,42.52991],[-101.189754,42.531031],[-101.188116,42.530939],[-101.184313,42.531808],[-101.18218,42.529453],[-101.181421,42.526612],[-101.179527,42.526599],[-101.179275,42.52536],[-101.1764,42.523873],[-101.173494,42.524627],[-101.172598,42.52401],[-101.170249,42.52433],[-101.166849,42.52314],[-101.165025,42.521816],[-101.164438,42.523371],[-101.163025,42.524118],[-101.161037,42.524639],[-101.157969,42.524304],[-101.151977,42.525174],[-101.15005,42.525768],[-101.144235,42.529805],[-101.142322,42.532698],[-101.142607,42.534659],[-101.140923,42.535543],[-101.134519,42.535431],[-101.13016,42.535959],[-101.130159,42.540025],[-101.129401,42.609103],[-101.127756,42.60993],[-101.125823,42.608145],[-101.124068,42.609241],[-101.120229,42.609175],[-101.116578,42.610389],[-101.111811,42.6111],[-101.110107,42.609066],[-101.107848,42.609387],[-101.106732,42.607558],[-101.103295,42.605684],[-101.102706,42.604701],[-101.100818,42.604359],[-101.097876,42.602782],[-101.094255,42.603629],[-101.091871,42.60267],[-101.088189,42.604226],[-101.085806,42.604706],[-101.087229,42.602351],[-101.085403,42.603129],[-101.083329,42.602946],[-101.081998,42.601826],[-101.079738,42.601278],[-101.078468,42.599654],[-101.075064,42.601416],[-101.074074,42.602879],[-101.071103,42.603223],[-101.068256,42.605418],[-101.063551,42.605693],[-101.057236,42.603475],[-101.056183,42.604618],[-101.053118,42.60535],[-101.052159,42.605235],[-101.050055,42.602057],[-101.044019,42.600456],[-101.041234,42.599153],[-101.041111,42.59634],[-101.03944,42.595151],[-101.039999,42.594236],[-101.038266,42.593412],[-101.036532,42.592955],[-101.034767,42.594692],[-101.034026,42.591857],[-101.031426,42.592702],[-101.02827,42.590758],[-101.022668,42.591579],[-101.020408,42.593431],[-101.019077,42.593133],[-101.01787,42.594139],[-101.013722,42.594366],[-101.011183,42.596903],[-101.005457,42.596489],[-101.001711,42.598156],[-101.000429,42.601034],[-100.999247,42.601767],[-100.992098,42.602457],[-100.987794,42.602322],[-100.985287,42.601614],[-100.982162,42.603353],[-100.980955,42.603491],[-100.977549,42.602509],[-100.974144,42.602236],[-100.969223,42.603541],[-100.966065,42.603039],[-100.961947,42.600982],[-100.956716,42.600731],[-100.947307,42.601602],[-100.943283,42.600299],[-100.938639,42.601008],[-100.934554,42.600642],[-100.927094,42.598767],[-100.923534,42.600573],[-100.920563,42.60135],[-100.915051,42.604276],[-100.911801,42.605328],[-100.908829,42.605007],[-100.904217,42.605463],[-100.901307,42.605302],[-100.899635,42.605873],[-100.896416,42.605552],[-100.895178,42.604706],[-100.892948,42.605551],[-100.885299,42.60923],[-100.884617,42.611082],[-100.885466,42.611863],[-100.892861,42.611385],[-100.893208,42.623959],[-100.893526,42.625583],[-100.900176,42.625455],[-100.902411,42.624679],[-100.902561,42.625467],[-100.898101,42.626435],[-100.893519,42.62667],[-100.893511,42.627879],[-100.90445,42.627215],[-100.902962,42.628015],[-100.907917,42.628656],[-100.90674,42.629525],[-100.904107,42.629684],[-100.904354,42.630713],[-100.907915,42.631972],[-100.913428,42.631356],[-100.910083,42.632704],[-100.910857,42.633208],[-100.914914,42.633026],[-100.915812,42.631631],[-100.923802,42.632913],[-100.926063,42.63273],[-100.927889,42.633645],[-100.924266,42.635177],[-100.92343,42.634628],[-100.919775,42.635793],[-100.922314,42.636343],[-100.918102,42.63712],[-100.91609,42.635496],[-100.914479,42.636341],[-100.912405,42.634443],[-100.910361,42.634603],[-100.90532,42.633419],[-100.905747,42.63252],[-100.898454,42.632519],[-100.897916,42.631887],[-100.89595,42.633127],[-100.894041,42.632218],[-100.892883,42.729287],[-100.83036,42.729122],[-100.830296,42.773543],[-100.83422,42.772147],[-100.83742,42.772026],[-100.841911,42.775243],[-100.843452,42.775977],[-100.845706,42.775817],[-100.848542,42.776501],[-100.84988,42.777649],[-100.854009,42.778304],[-100.856098,42.77709],[-100.859419,42.777635],[-100.860059,42.776791],[-100.862211,42.778057],[-100.864639,42.777446],[-100.865039,42.778504],[-100.868667,42.779831],[-100.874043,42.780032],[-100.878416,42.781688],[-100.883848,42.781925],[-100.885041,42.779947],[-100.886379,42.779685],[-100.889607,42.780703],[-100.892835,42.780645],[-100.896208,42.781285],[-100.899669,42.782768],[-100.900309,42.784687],[-100.904642,42.783611],[-100.907725,42.784862],[-100.909819,42.784106],[-100.914909,42.787305],[-100.921037,42.788008],[-100.925631,42.786945],[-100.929729,42.787368],[-100.932645,42.788602],[-100.939817,42.788671],[-100.944399,42.788141],[-100.950315,42.791927],[-100.951386,42.792235],[-100.955994,42.792611],[-100.95794,42.791349],[-100.962725,42.79106],[-100.96683,42.793263],[-100.9687,42.79386],[-100.970231,42.79344],[-100.974118,42.793413],[-100.977328,42.792519],[-100.978657,42.792673],[-100.983219,42.794822],[-100.988837,42.793563],[-100.990127,42.793535],[-100.992375,42.794768],[-100.995179,42.795215],[-100.997724,42.793764],[-100.998751,42.794342],[-100.997914,42.796233],[-100.999218,42.797234],[-100.999092,42.798912],[-101.023049,42.799094],[-101.023389,42.871737],[-101.023782,42.874995],[-101.023269,42.958284],[-101.042933,42.958563],[-101.043147,42.99796],[-101.140807011447,42.99792857357539],[-101.141284,42.935571],[-101.141067,42.934245],[-101.140949,42.875069],[-101.141107,42.785501],[-101.121635,42.785448],[-101.120009,42.785333],[-101.104144,42.785391],[-101.097231,42.784076],[-101.092422,42.784146],[-101.086659,42.78167],[-101.080631,42.781085],[-101.075741,42.779314],[-101.073373,42.77924],[-101.070049,42.778505],[-101.067987,42.778499],[-101.063547,42.777246],[-101.056923,42.776941],[-101.055683,42.777196],[-101.045077,42.776904],[-101.037855,42.77638],[-101.031027,42.77669],[-101.029555,42.776289],[-101.026266,42.776329],[-101.020465,42.775825],[-101.013684,42.776037],[-101.007668,42.776574],[-101.002001,42.777867],[-100.998648,42.779051],[-100.997012,42.777769],[-100.988126,42.777232],[-100.987126,42.777531],[-100.983254,42.776381],[-100.976349,42.776561],[-100.973096,42.776921],[-100.968984,42.776717],[-100.966917,42.777309],[-100.961196,42.777494],[-100.954597,42.777201],[-100.949775,42.776475],[-100.943686,42.777139],[-100.940946,42.777087],[-100.933286,42.777424],[-100.928223,42.777317],[-100.923781,42.776836],[-100.922075,42.777303],[-100.92238,42.772454],[-100.925418,42.769594],[-100.928694,42.767476],[-100.931021,42.766522],[-100.931903,42.763811],[-100.931811,42.760863],[-100.931029,42.759432],[-100.931377,42.758309],[-100.930277,42.756258],[-100.913582,42.756175],[-100.930008,42.755919],[-100.927612,42.754398],[-100.929086,42.752128],[-100.928345,42.751398],[-100.928595,42.749847],[-100.927091,42.748448],[-100.92611,42.746134],[-100.924573,42.744547],[-100.925409,42.742006],[-100.924639,42.741418],[-100.924853,42.73537],[-100.924369,42.733817],[-100.926918,42.732461],[-100.927786,42.729159],[-100.927192,42.728502],[-100.9247,42.728149],[-100.925351,42.725979],[-100.924321,42.722843],[-100.921168,42.720679],[-100.920797,42.718878],[-100.921766,42.716639],[-100.92431,42.715024],[-100.927017,42.714632],[-100.931631,42.714756],[-100.942629,42.714726],[-100.948379,42.714234],[-100.951981,42.714183],[-100.952257,42.713504],[-100.956089,42.71306],[-100.959634,42.713179],[-100.961066,42.711545],[-100.960523,42.707961],[-100.961921,42.706593],[-100.963737,42.702863],[-100.969015,42.700406],[-100.965263,42.697864],[-100.96355,42.69495],[-100.963996,42.693931],[-100.966672,42.693547],[-100.968108,42.692236],[-100.971115,42.691003],[-100.972005,42.689577],[-100.974446,42.689029],[-100.978616,42.687276],[-100.981536,42.685002],[-100.982524,42.682957],[-100.982017,42.678979],[-100.980937,42.677695],[-100.980227,42.675633],[-100.978409,42.672455],[-100.979555,42.667115],[-100.977842,42.663682],[-100.9809,42.664401],[-100.986539,42.664981],[-101.016861,42.665982],[-101.019138,42.666324],[-101.023023,42.667993],[-101.03936,42.67884],[-101.041867,42.680151],[-101.044326,42.680845],[-101.050238,42.681824],[-101.058816,42.681638],[-101.060521,42.682086],[-101.070847,42.686007],[-101.072371,42.687038],[-101.074786,42.69076],[-101.076538,42.692602],[-101.084566,42.697673],[-101.087353,42.699103],[-101.098922,42.703727],[-101.10158,42.704375],[-101.114149,42.706465],[-101.117677,42.706715],[-101.123765,42.70676],[-101.127391,42.708053],[-101.137958,42.696491],[-101.150613,42.68902],[-101.151845,42.688406],[-101.156204,42.688372],[-101.161928,42.687849],[-101.164677,42.687025],[-101.177767,42.68601],[-101.179513,42.685719],[-101.184911,42.683463],[-101.18973,42.683289],[-101.194521,42.683989],[-101.200179,42.683632],[-101.203895,42.68369],[-101.208034,42.68239],[-101.211975,42.682047],[-101.217592,42.682887],[-101.221093,42.682905],[-101.225599,42.683403],[-101.229699,42.684253],[-101.234774,42.684401],[-101.244143,42.686467],[-101.2474,42.686694],[-101.258103,42.686345],[-101.260204,42.683554],[-101.259793,42.679159],[-101.256768,42.673205],[-101.256632,42.670511],[-101.257525,42.666069],[-101.256419,42.659856],[-101.25645,42.655248],[-101.261035,42.655114],[-101.260885,42.649643],[-101.272825,42.649526],[-101.272576,42.645841],[-101.259429,42.646096],[-101.263621,42.643758],[-101.267437,42.640631],[-101.267843,42.639007],[-101.267567,42.635187],[-101.27367,42.629186],[-101.280657,42.625016],[-101.282815,42.620745],[-101.281704,42.618477],[-101.278201,42.616999],[-101.277496,42.616047],[-101.277483,42.613694]]]}},{"type":"Feature","properties":{"zcta5":"69340","AFFGEOID10":"8600000US69340","GEOID10":"69340","ALAND10":760624018,"AWATER10":17758220,"county_name":"Cherry","state_code":"NE","county_state":"Cherry County, NE","county_fips":"31031","risk_level_county":"Higher Risk (60–69% vaccinated)","mean_vaccination_rate_county":68.93,"risk_level_zcta":"Uninhabited","mean_vaccination_rate_zips":null,"cases":1},"geometry":{"type":"Polygon","coordinates":[[[-102.203614,42.38389],[-102.202169,42.37796],[-102.202026,42.376177],[-102.203131,42.363941],[-102.202615,42.361424],[-102.201005,42.357222],[-102.200992,42.354891],[-102.203335,42.351505],[-102.20201,42.347996],[-102.200531,42.342937],[-102.201798,42.342023],[-102.200862,42.332046],[-102.201297,42.328021],[-102.218407,42.328652],[-102.245972,42.324316],[-102.261791,42.318573],[-102.26633,42.314721],[-102.271135,42.313097],[-102.272785,42.311923],[-102.277631,42.309874],[-102.283405,42.305646],[-102.281022,42.303938],[-102.277508,42.304075],[-102.271485,42.305119],[-102.267972,42.304135],[-102.264483,42.302686],[-102.261805,42.302413],[-102.259435,42.301676],[-102.251561,42.300435],[-102.249359,42.299734],[-102.246452,42.297717],[-102.24521,42.296023],[-102.246696,42.294092],[-102.250856,42.292571],[-102.253884,42.29044],[-102.255394,42.288815],[-102.255321,42.287515],[-102.259735,42.283921],[-102.261828,42.279513],[-102.262312,42.277575],[-102.264711,42.27797],[-102.271124,42.277498],[-102.273522,42.277659],[-102.277177,42.27679],[-102.279306,42.275326],[-102.28591,42.274495],[-102.289345,42.27321],[-102.293145,42.270688],[-102.298681,42.270818],[-102.305261,42.269413],[-102.308162,42.267831],[-102.309286,42.265701],[-102.31202,42.262773],[-102.313962,42.262071],[-102.316366,42.261872],[-102.318956,42.25994],[-102.323333,42.257965],[-102.328047,42.257728],[-102.332177,42.256301],[-102.336122,42.253437],[-102.339203,42.253148],[-102.343209,42.253572],[-102.345983,42.254723],[-102.34731,42.255964],[-102.350716,42.255225],[-102.35303,42.25536],[-102.35648,42.253896],[-102.354711,42.250813],[-102.35515,42.24652],[-102.35732,42.242414],[-102.356528,42.240906],[-102.356342,42.238062],[-102.365255,42.235676],[-102.366968,42.234857],[-102.367565,42.233589],[-102.366875,42.232249],[-102.364851,42.230204],[-102.364541,42.22511],[-102.363922,42.222275],[-102.362052,42.218389],[-102.360195,42.216513],[-102.355253,42.213361],[-102.354088,42.209133],[-102.351379,42.206206],[-102.347432,42.203583],[-102.34408,42.198052],[-102.341433,42.192635],[-102.34201,42.190768],[-102.343626,42.18086],[-102.343647,42.176533],[-102.34218,42.173353],[-102.341611,42.168377],[-102.342379,42.16438],[-102.341245,42.161059],[-102.341173,42.159212],[-102.344045,42.15291],[-102.346682,42.150262],[-102.349003,42.147145],[-102.349029,42.146438],[-102.348654,42.145373],[-102.344416,42.13858],[-102.344492,42.137855],[-102.347078,42.13486],[-102.349152,42.13116],[-102.351379,42.128845],[-102.35326,42.123313],[-102.353899,42.122982],[-102.355306,42.119311],[-102.354781,42.116624],[-102.357221,42.113346],[-102.35673,42.111391],[-102.357362,42.107991],[-102.3585,42.106683],[-102.359574,42.103687],[-102.362999,42.096207],[-102.369282,42.094095],[-102.372681,42.094552],[-102.37551,42.094127],[-102.383048,42.096234],[-102.387788,42.09627],[-102.390032,42.094814],[-102.391094,42.096139],[-102.393059,42.094745],[-102.391279,42.094927],[-102.390359,42.093121],[-102.389474,42.09278],[-102.389105,42.088181],[-102.387085,42.088039],[-102.387109,42.085664],[-102.382038,42.085664],[-102.380631,42.056943],[-102.380643,42.055983],[-102.385328,42.053167],[-102.389185,42.05166],[-102.391189,42.051391],[-102.40271,42.051205],[-102.408044,42.051394],[-102.407466,42.050531],[-102.406666,42.04707],[-102.405197,42.042628],[-102.405947,42.037786],[-102.404556,42.032091],[-102.404079,42.024287],[-102.402474,42.019185],[-102.401454,42.017109],[-102.398611,42.014457],[-102.392729,42.012033],[-102.390502,42.010082],[-102.389474,42.007525],[-102.250467,42.008053],[-102.249861,42.008263],[-102.211226,42.008334],[-102.211434,42.010859],[-102.210837,42.017603],[-102.211826,42.020373],[-102.212152,42.024525],[-102.211634,42.027205],[-102.212541,42.029391],[-102.212199,42.031011],[-102.209275,42.034441],[-102.208011,42.03851],[-102.206609,42.041251],[-102.197768,42.040509],[-102.194666,42.039921],[-102.189669,42.038293],[-102.189574,42.039309],[-102.19113,42.039986],[-102.190985,42.044198],[-102.187986,42.04601],[-102.187543,42.047004],[-102.188816,42.049079],[-102.190332,42.057147],[-102.190288,42.058364],[-102.193941,42.060441],[-102.199354,42.06423],[-102.20658,42.064637],[-102.208544,42.065376],[-102.208744,42.070893],[-102.208237,42.073386],[-102.211622,42.072744],[-102.21612,42.073722],[-102.220923,42.074207],[-102.22467,42.073785],[-102.231284,42.074076],[-102.233698,42.075822],[-102.236276,42.074504],[-102.239991,42.075494],[-102.242887,42.075522],[-102.245531,42.076867],[-102.251818,42.081467],[-102.250534,42.084652],[-102.248078,42.086701],[-102.237632,42.097],[-102.235825,42.099787],[-102.235547,42.102418],[-102.236604,42.107607],[-102.240386,42.113287],[-102.241492,42.115623],[-102.241618,42.123158],[-102.240118,42.127101],[-102.234282,42.127185],[-102.232284,42.128934],[-102.232126,42.129917],[-102.230098,42.130632],[-102.227581,42.129512],[-102.222904,42.12931],[-102.220366,42.12848],[-102.213662,42.127418],[-102.20756,42.127928],[-102.204336,42.126724],[-102.202215,42.127433],[-102.199981,42.127231],[-102.195101,42.128259],[-102.191722,42.127733],[-102.190668,42.127083],[-102.185775,42.126237],[-102.184033,42.12489],[-102.178254,42.124717],[-102.173923,42.127389],[-102.170388,42.12874],[-102.169419,42.130276],[-102.17097,42.133483],[-102.162629,42.138898],[-102.158159,42.139423],[-102.154066,42.14185],[-102.148966,42.144125],[-102.145503,42.14526],[-102.143491,42.148192],[-102.14462,42.153999],[-102.143188,42.155427],[-102.133103,42.155599],[-102.129748,42.156786],[-102.125001,42.157639],[-102.120973,42.158949],[-102.117733,42.158411],[-102.118048,42.167449],[-102.115752,42.165664],[-102.115762,42.164517],[-102.114234,42.164028],[-102.112227,42.164035],[-102.109844,42.165327],[-102.107841,42.165538],[-102.104602,42.169219],[-102.098089,42.171952],[-102.096936,42.174658],[-102.092934,42.177747],[-102.089377,42.178983],[-102.07727,42.182128],[-102.064843,42.183796],[-102.060934,42.183098],[-102.054767,42.183243],[-102.052207,42.184169],[-102.045146,42.18482],[-102.039662,42.183954],[-102.039606,42.237412],[-102.03936,42.238035],[-102.038575,42.375904],[-102.04391,42.376783],[-102.04585,42.376468],[-102.047807,42.377117],[-102.052455,42.376977],[-102.062722,42.376275],[-102.065322,42.376342],[-102.066775,42.377023],[-102.067938,42.379087],[-102.070622,42.381585],[-102.074014,42.386169],[-102.080581,42.389205],[-102.084265,42.391751],[-102.085111,42.393087],[-102.083694,42.397017],[-102.088941,42.402205],[-102.092536,42.406632],[-102.09464,42.407716],[-102.097724,42.408058],[-102.102845,42.407485],[-102.106424,42.408581],[-102.108924,42.410546],[-102.108956,42.411483],[-102.111486,42.412168],[-102.115491,42.416207],[-102.12045,42.41887],[-102.12325,42.419918],[-102.122852,42.421559],[-102.124271,42.428245],[-102.131779,42.428775],[-102.136161,42.428762],[-102.135489,42.430231],[-102.136241,42.433532],[-102.137363,42.436046],[-102.137171,42.438925],[-102.139799,42.437432],[-102.142989,42.437744],[-102.147134,42.438689],[-102.150362,42.437804],[-102.150737,42.433273],[-102.151443,42.432851],[-102.159093,42.43152],[-102.165476,42.431539],[-102.169663,42.43181],[-102.173299,42.429479],[-102.178967,42.428872],[-102.182096,42.427736],[-102.186962,42.427583],[-102.188572,42.427007],[-102.194879,42.423144],[-102.198079,42.423111],[-102.203291,42.424288],[-102.207841,42.424328],[-102.206141,42.419663],[-102.206301,42.414671],[-102.205279,42.391381],[-102.203614,42.38389]]]}},{"type":"Feature","properties":{"zcta5":"69343","AFFGEOID10":"8600000US69343","GEOID10":"69343","ALAND10":3279530912,"AWATER10":18002027,"county_name":"Cherry","state_code":"NE","county_state":"Cherry County, NE","county_fips":"31031","risk_level_county":"Higher Risk (60–69% vaccinated)","mean_vaccination_rate_county":68.93,"risk_level_zcta":"Medium Risk (70–79% vaccinated)","mean_vaccination_rate_zips":70.59,"cases":1},"geometry":{"type":"Polygon","coordinates":[[[-102.47070210676301,42.9995767706097],[-102.470892,42.995249],[-102.471507,42.993691],[-102.46937,42.991819],[-102.468683,42.990441],[-102.466818,42.989871],[-102.464701,42.982876],[-102.467414,42.981627],[-102.46893,42.979886],[-102.469007,42.977665],[-102.470824,42.975153],[-102.472711,42.974754],[-102.473407,42.973027],[-102.47071,42.972435],[-102.471232,42.971554],[-102.470349,42.969606],[-102.469086,42.968878],[-102.470977,42.967354],[-102.471957,42.9656],[-102.469345,42.965661],[-102.466769,42.965117],[-102.465521,42.965361],[-102.463759,42.963115],[-102.464679,42.962031],[-102.466837,42.961754],[-102.467047,42.958873],[-102.468023,42.957601],[-102.467568,42.956737],[-102.469113,42.956257],[-102.469414,42.951974],[-102.47287,42.952456],[-102.474567,42.952144],[-102.474759,42.949839],[-102.475477,42.948295],[-102.475641,42.944693],[-102.474865,42.938051],[-102.474491,42.937283],[-102.471983,42.93283],[-102.471284,42.929352],[-102.474483,42.9276],[-102.473694,42.925892],[-102.47351,42.922987],[-102.472471,42.921238],[-102.473906,42.919833],[-102.471865,42.918736],[-102.469392,42.918519],[-102.468328,42.919085],[-102.466535,42.91876],[-102.466206,42.919356],[-102.467561,42.92352],[-102.465818,42.921503],[-102.463602,42.920986],[-102.464244,42.918981],[-102.461089,42.918544],[-102.45993,42.916812],[-102.458357,42.915699],[-102.457065,42.916382],[-102.455638,42.915484],[-102.456659,42.913012],[-102.456162,42.911029],[-102.454949,42.910493],[-102.452231,42.910563],[-102.449526,42.908547],[-102.448509,42.906513],[-102.447088,42.905753],[-102.446369,42.904187],[-102.449997,42.90114],[-102.451329,42.898669],[-102.456543,42.895175],[-102.459972,42.894321],[-102.462793,42.894897],[-102.462066,42.891658],[-102.46051,42.891962],[-102.457531,42.891048],[-102.457624,42.890087],[-102.459085,42.888944],[-102.45868,42.887595],[-102.456131,42.88762],[-102.455695,42.887048],[-102.457498,42.885584],[-102.457125,42.883915],[-102.452462,42.88538],[-102.452555,42.883642],[-102.451063,42.884602],[-102.450068,42.882042],[-102.446866,42.880625],[-102.444783,42.880259],[-102.445591,42.879276],[-102.444876,42.878408],[-102.447518,42.876967],[-102.446927,42.875347],[-102.445684,42.875472],[-102.444161,42.87667],[-102.442824,42.875939],[-102.442632,42.874116],[-102.441208,42.875381],[-102.439902,42.875527],[-102.439088,42.874253],[-102.440145,42.873888],[-102.44088,42.872342],[-102.438406,42.873228],[-102.435351,42.873324],[-102.433371,42.871531],[-102.429424,42.868842],[-102.427388,42.868805],[-102.426888,42.867358],[-102.425101,42.866823],[-102.419683,42.866574],[-102.419644,42.861906],[-102.420212,42.86112],[-102.41945,42.857694],[-102.419859,42.85637],[-102.42207,42.858282],[-102.424698,42.858788],[-102.425763,42.857714],[-102.427934,42.85725],[-102.430157,42.857608],[-102.432556,42.855258],[-102.433999,42.855989],[-102.436086,42.8559],[-102.436839,42.85773],[-102.437589,42.856673],[-102.439027,42.856855],[-102.439196,42.854567],[-102.440933,42.854131],[-102.440581,42.852961],[-102.442044,42.852227],[-102.445421,42.854739],[-102.446604,42.854256],[-102.449881,42.854114],[-102.450076,42.852215],[-102.449011,42.846692],[-102.449362,42.82876],[-102.380441,42.828891],[-102.380762,42.799842],[-102.361145,42.799787],[-102.361252,42.786287],[-102.361518,42.784844],[-102.361252,42.752722],[-102.37376,42.744883],[-102.390524,42.734733],[-102.398372,42.730218],[-102.400944,42.728786],[-102.410456,42.726837],[-102.416214,42.726054],[-102.416461,42.722134],[-102.416366,42.716842],[-102.432768,42.716626],[-102.432727,42.714775],[-102.433706,42.714767],[-102.433747,42.716612],[-102.439101,42.716533],[-102.439063,42.687552],[-102.419319,42.687199],[-102.419362,42.673851],[-102.418672,42.673262],[-102.381084,42.673475],[-102.381025,42.677453],[-102.380969,42.684481],[-102.381553,42.690354],[-102.38075,42.694839],[-102.380799,42.708715],[-102.3827,42.709075],[-102.382712,42.710488],[-102.383884,42.713317],[-102.385149,42.715224],[-102.387427,42.716924],[-102.389116,42.717187],[-102.341517,42.71763],[-102.341718,42.681292],[-102.334353,42.681422],[-102.331623,42.682098],[-102.329886,42.681988],[-102.326693,42.679732],[-102.321808,42.678785],[-102.321496,42.674691],[-102.317836,42.673967],[-102.313722,42.674499],[-102.31215,42.674338],[-102.283675,42.674643],[-102.28401,42.644994],[-102.285562,42.640652],[-102.285935,42.638374],[-102.285868,42.632948],[-102.287243,42.631692],[-102.289412,42.630822],[-102.293367,42.63098],[-102.294676,42.629088],[-102.298939,42.628154],[-102.300696,42.628165],[-102.303496,42.627234],[-102.309387,42.622838],[-102.312213,42.622698],[-102.313937,42.622026],[-102.312442,42.620422],[-102.312886,42.618329],[-102.31125,42.616409],[-102.311617,42.614756],[-102.310036,42.61063],[-102.310384,42.609312],[-102.310554,42.604374],[-102.308105,42.600289],[-102.302944,42.596095],[-102.306624,42.595442],[-102.311245,42.595316],[-102.314981,42.592317],[-102.319303,42.591214],[-102.320952,42.590303],[-102.326762,42.58498],[-102.330452,42.580361],[-102.331519,42.579946],[-102.333015,42.575469],[-102.331938,42.573588],[-102.328095,42.570049],[-102.324307,42.563962],[-102.321516,42.561646],[-102.320054,42.559667],[-102.321343,42.557433],[-102.3206,42.554784],[-102.321411,42.553342],[-102.317507,42.551226],[-102.314578,42.550502],[-102.30871,42.545093],[-102.304819,42.543864],[-102.30297,42.542522],[-102.302185,42.540975],[-102.301892,42.538247],[-102.297919,42.533509],[-102.295323,42.531354],[-102.292233,42.530013],[-102.289902,42.530127],[-102.287969,42.529366],[-102.28639,42.527186],[-102.283247,42.524421],[-102.278391,42.523012],[-102.271972,42.523126],[-102.270961,42.522162],[-102.272812,42.51454],[-102.270872,42.511755],[-102.270461,42.509911],[-102.27486,42.507154],[-102.27805,42.503378],[-102.277043,42.501474],[-102.277478,42.499133],[-102.275994,42.497469],[-102.274698,42.49114],[-102.276856,42.488961],[-102.278508,42.486356],[-102.281775,42.482819],[-102.285079,42.480206],[-102.284029,42.479108],[-102.279336,42.477575],[-102.275971,42.476043],[-102.271403,42.47291],[-102.270264,42.467971],[-102.269092,42.465959],[-102.268692,42.464015],[-102.265794,42.458848],[-102.26305,42.455394],[-102.260353,42.452294],[-102.256986,42.449681],[-102.255629,42.449161],[-102.254312,42.447142],[-102.250489,42.444783],[-102.247686,42.443669],[-102.244182,42.440731],[-102.241005,42.440679],[-102.23633,42.439367],[-102.234833,42.438392],[-102.235295,42.433032],[-102.239943,42.430996],[-102.243627,42.430122],[-102.248192,42.430282],[-102.252489,42.429503],[-102.253599,42.428723],[-102.253641,42.42697],[-102.256221,42.423612],[-102.259031,42.421738],[-102.261297,42.420875],[-102.263731,42.418484],[-102.265641,42.418194],[-102.267834,42.416667],[-102.267715,42.410654],[-102.268148,42.408436],[-102.267532,42.407499],[-102.267504,42.403727],[-102.268214,42.402858],[-102.271824,42.401191],[-102.272102,42.400345],[-102.270777,42.399384],[-102.268418,42.400786],[-102.265658,42.401663],[-102.259073,42.401899],[-102.253447,42.399734],[-102.247846,42.399224],[-102.24746,42.396945],[-102.245305,42.396137],[-102.243398,42.393929],[-102.23683,42.393724],[-102.234719,42.392912],[-102.227948,42.392208],[-102.224708,42.390084],[-102.222816,42.388147],[-102.224246,42.386088],[-102.222803,42.382716],[-102.21542,42.384464],[-102.203614,42.38389],[-102.205279,42.391381],[-102.206301,42.414671],[-102.206141,42.419663],[-102.207841,42.424328],[-102.203291,42.424288],[-102.198079,42.423111],[-102.194879,42.423144],[-102.188572,42.427007],[-102.186962,42.427583],[-102.182096,42.427736],[-102.178967,42.428872],[-102.173299,42.429479],[-102.169663,42.43181],[-102.165476,42.431539],[-102.159093,42.43152],[-102.151443,42.432851],[-102.150737,42.433273],[-102.150362,42.437804],[-102.147134,42.438689],[-102.142989,42.437744],[-102.139799,42.437432],[-102.137171,42.438925],[-102.137363,42.436046],[-102.136241,42.433532],[-102.135489,42.430231],[-102.136161,42.428762],[-102.131779,42.428775],[-102.124271,42.428245],[-102.122852,42.421559],[-102.12325,42.419918],[-102.12045,42.41887],[-102.115491,42.416207],[-102.111486,42.412168],[-102.108956,42.411483],[-102.108924,42.410546],[-102.106424,42.408581],[-102.102845,42.407485],[-102.097724,42.408058],[-102.09464,42.407716],[-102.092536,42.406632],[-102.088941,42.402205],[-102.083694,42.397017],[-102.085111,42.393087],[-102.084265,42.391751],[-102.080581,42.389205],[-102.074014,42.386169],[-102.070622,42.381585],[-102.067938,42.379087],[-102.066775,42.377023],[-102.065322,42.376342],[-102.062722,42.376275],[-102.052455,42.376977],[-102.047807,42.377117],[-102.04585,42.376468],[-102.04391,42.376783],[-102.038575,42.375904],[-102.038169,42.443307],[-101.851419,42.44299],[-101.846839,42.447603],[-101.842795,42.447902],[-101.838721,42.448589],[-101.8369,42.44788],[-101.836687,42.446317],[-101.833123,42.446397],[-101.830293,42.446373],[-101.829257,42.44697],[-101.825173,42.448934],[-101.82363,42.449049],[-101.823044,42.448156],[-101.821686,42.448431],[-101.818416,42.448019],[-101.815485,42.448269],[-101.813602,42.448909],[-101.811009,42.448931],[-101.806289,42.449868],[-101.802278,42.448952],[-101.799407,42.45007],[-101.795488,42.45064],[-101.794964,42.451486],[-101.792526,42.451942],[-101.791291,42.451439],[-101.78728,42.45146],[-101.787033,42.450454],[-101.78509,42.448944],[-101.78071,42.446496],[-101.777872,42.445969],[-101.77392,42.447157],[-101.770862,42.44718],[-101.767527,42.446425],[-101.767865,42.448004],[-101.766102,42.448964],[-101.765884,42.450336],[-101.762515,42.451365],[-101.761587,42.452302],[-101.761553,42.45491],[-101.762971,42.455871],[-101.763092,42.457335],[-101.761944,42.461063],[-101.757711,42.463325],[-101.753543,42.462935],[-101.751413,42.461425],[-101.746602,42.459],[-101.744657,42.458429],[-101.741632,42.459048],[-101.740522,42.460329],[-101.738207,42.461222],[-101.733573,42.457589],[-101.730115,42.45727],[-101.728386,42.456654],[-101.723199,42.45645],[-101.720668,42.457342],[-101.717951,42.456909],[-101.715327,42.457551],[-101.712086,42.457574],[-101.710388,42.458284],[-101.710625,42.467034],[-101.71017,42.471065],[-101.688477,42.4697],[-101.687507,42.470862],[-101.682003,42.470712],[-101.679667,42.471094],[-101.671854,42.473398],[-101.66716,42.473993],[-101.663916,42.473984],[-101.661878,42.474611],[-101.659749,42.47412],[-101.654654,42.474624],[-101.650978,42.47414],[-101.649556,42.474719],[-101.646593,42.474711],[-101.646036,42.474166],[-101.64369,42.474453],[-101.642669,42.475243],[-101.639954,42.474274],[-101.637297,42.474098],[-101.635105,42.473274],[-101.631186,42.469957],[-101.628315,42.469224],[-101.626526,42.467463],[-101.624175,42.467208],[-101.623065,42.469427],[-101.62112,42.469884],[-101.620165,42.471896],[-101.615781,42.474252],[-101.614206,42.474459],[-101.613187,42.474024],[-101.612197,42.472035],[-101.609818,42.47222],[-101.608737,42.470986],[-101.606297,42.47149],[-101.604227,42.47005],[-101.603208,42.470142],[-101.602588,42.468083],[-101.601291,42.468267],[-101.600458,42.469319],[-101.598759,42.46845],[-101.595332,42.469205],[-101.59558,42.470416],[-101.590763,42.471675],[-101.587458,42.47204],[-101.584678,42.472909],[-101.579614,42.473116],[-101.575569,42.474967],[-101.573159,42.475516],[-101.571553,42.476431],[-101.56933,42.476819],[-101.568126,42.478465],[-101.565283,42.478945],[-101.562473,42.47867],[-101.560095,42.479355],[-101.5575,42.478464],[-101.55659,42.480055],[-101.55389,42.479933],[-101.550557,42.480671],[-101.549568,42.483049],[-101.547932,42.484215],[-101.546449,42.486592],[-101.546566,42.487408],[-101.543207,42.487909],[-101.541376,42.490588],[-101.540126,42.491512],[-101.536496,42.49292],[-101.533593,42.493376],[-101.530301,42.493091],[-101.525599,42.491686],[-101.522329,42.491009],[-101.517861,42.488923],[-101.511698,42.489495],[-101.509107,42.489507],[-101.505568,42.488608],[-101.498821,42.48875],[-101.496452,42.488161],[-101.49472,42.487013],[-101.489565,42.486716],[-101.483395,42.485182],[-101.480296,42.483746],[-101.478146,42.484054],[-101.472041,42.483936],[-101.471262,42.484225],[-101.469421,42.486933],[-101.468557,42.489709],[-101.466715,42.490495],[-101.466723,42.491656],[-101.464425,42.491899],[-101.460573,42.49327],[-101.457225,42.493898],[-101.45372,42.495625],[-101.453636,42.496722],[-101.451453,42.499839],[-101.450971,42.501645],[-101.449059,42.501919],[-101.445785,42.500562],[-101.442721,42.499761],[-101.441586,42.498506],[-101.439222,42.498996],[-101.434353,42.499046],[-101.431262,42.499439],[-101.428703,42.499134],[-101.424105,42.499905],[-101.421233,42.498889],[-101.418695,42.498821],[-101.41455,42.497522],[-101.41195,42.496315],[-101.409609,42.496302],[-101.402503,42.495284],[-101.402281,42.496072],[-101.402288,42.504441],[-101.396416,42.504558],[-101.392283,42.505352],[-101.389622,42.506348],[-101.385559,42.507241],[-101.380369,42.507775],[-101.376354,42.508964],[-101.373041,42.50952],[-101.372431,42.511385],[-101.372727,42.512701],[-101.371936,42.513912],[-101.366832,42.513974],[-101.364743,42.514902],[-101.361614,42.518573],[-101.359749,42.51969],[-101.354439,42.520253],[-101.348406,42.522092],[-101.344241,42.524306],[-101.341026,42.52428],[-101.340468,42.525249],[-101.337644,42.525878],[-101.338693,42.527334],[-101.338652,42.529836],[-101.333393,42.533008],[-101.332884,42.534987],[-101.330797,42.53659],[-101.326698,42.538012],[-101.325644,42.539018],[-101.321705,42.538904],[-101.320098,42.540358],[-101.318743,42.545563],[-101.318578,42.565961],[-101.318336,42.566508],[-101.316792,42.567236],[-101.309458,42.569066],[-101.306247,42.570657],[-101.299306,42.57281],[-101.292326,42.574499],[-101.290697,42.577011],[-101.290219,42.582683],[-101.288488,42.583788],[-101.278571,42.588699],[-101.277739,42.589414],[-101.277234,42.592619],[-101.278239,42.595794],[-101.279507,42.60139],[-101.279395,42.604366],[-101.278456,42.606491],[-101.277483,42.613694],[-101.281268,42.613526],[-101.282729,42.61435],[-101.293804,42.614214],[-101.296838,42.61618],[-101.298447,42.616181],[-101.299778,42.617918],[-101.302224,42.616066],[-101.304824,42.617872],[-101.309313,42.617255],[-101.312006,42.617346],[-101.312687,42.618238],[-101.316093,42.619129],[-101.318507,42.618283],[-101.318909,42.616248],[-101.321355,42.615676],[-101.322995,42.614578],[-101.326524,42.614692],[-101.329093,42.615378],[-101.331941,42.614737],[-101.328443,42.614692],[-101.326531,42.614164],[-101.344161,42.614099],[-101.346273,42.614846],[-101.350421,42.614067],[-101.70693,42.615405],[-101.710838,42.61372],[-101.715537,42.64043],[-101.715509,42.642255],[-101.718796,42.641192],[-101.724278,42.640707],[-101.72666,42.640997],[-101.730616,42.639222],[-101.732874,42.636772],[-101.734642,42.637012],[-101.739274,42.636489],[-101.746219,42.634219],[-101.752002,42.631152],[-101.759717,42.630941],[-101.763995,42.631706],[-101.766367,42.632762],[-101.774303,42.634659],[-101.775862,42.634263],[-101.784604,42.635117],[-101.790596,42.636652],[-101.799658,42.634934],[-101.805175,42.637333],[-101.810336,42.638536],[-101.815001,42.63908],[-101.821095,42.640238],[-101.825232,42.64036],[-101.834912,42.638979],[-101.83808,42.640494],[-101.840521,42.64261],[-101.843841,42.643048],[-101.845512,42.644477],[-101.849066,42.646507],[-101.849573,42.648171],[-101.852964,42.650266],[-101.853898,42.651403],[-101.854747,42.655094],[-101.857769,42.6567],[-101.85828,42.658238],[-101.862048,42.660634],[-101.865329,42.662232],[-101.867656,42.662662],[-101.870777,42.664077],[-101.871664,42.666736],[-101.876646,42.668491],[-101.884646,42.668512],[-101.885965,42.670364],[-101.888575,42.678965],[-101.890672,42.681353],[-101.892219,42.684266],[-101.892951,42.754824],[-101.890883,42.756951],[-101.890661,42.758271],[-101.892118,42.760303],[-101.895303,42.760168],[-101.896329,42.760776],[-101.897186,42.761899],[-101.89885,42.77092],[-101.901365,42.777891],[-101.901846,42.780047],[-101.903529,42.782262],[-101.904687,42.786457],[-101.908274,42.789316],[-101.915245,42.792696],[-101.918047,42.795966],[-101.924721,42.807916],[-101.919542,42.810274],[-101.909743,42.814173],[-101.906721,42.815859],[-101.896381,42.823868],[-101.891438,42.826747],[-101.882562,42.830708],[-101.878699,42.833609],[-101.876383,42.836428],[-101.874521,42.841074],[-101.873056,42.852904],[-101.869398,42.871751],[-101.867707,42.875237],[-101.863382,42.879572],[-101.861833,42.879113],[-101.861266,42.881053],[-101.854269,42.885573],[-101.857666,42.889187],[-101.86058,42.89143],[-101.863917,42.89181],[-101.865713,42.892913],[-101.866734,42.893153],[-101.871468,42.889835],[-101.875279,42.889213],[-101.880295,42.889902],[-101.886348,42.889512],[-101.898181,42.886462],[-101.900574,42.886303],[-101.909342,42.886772],[-101.928881,42.886573],[-101.932383,42.886122],[-101.948919,42.881055],[-101.951504,42.882445],[-101.951585,42.890191],[-101.949526,42.891157],[-101.946164,42.891027],[-101.947224,42.89373],[-101.947676,42.897462],[-101.947027,42.898432],[-101.943974,42.899483],[-101.941359,42.898503],[-101.936059,42.898278],[-101.932985,42.899933],[-101.932383,42.901544],[-101.928671,42.902998],[-101.921609,42.903714],[-101.920388,42.906026],[-101.920115,42.908514],[-101.920579,42.913313],[-101.922617,42.916595],[-101.92416,42.918213],[-101.929997,42.921847],[-101.933328,42.923432],[-101.927634,42.921423],[-101.924086,42.92412],[-101.922687,42.924692],[-101.920727,42.924646],[-101.918924,42.92348],[-101.916311,42.924256],[-101.913108,42.921399],[-101.908071,42.919317],[-101.905863,42.919294],[-101.904152,42.920436],[-101.901011,42.920664],[-101.898896,42.920046],[-101.897341,42.920458],[-101.897029,42.922653],[-101.898239,42.926607],[-101.896277,42.930424],[-101.892699,42.930971],[-101.88937,42.931976],[-101.888094,42.933095],[-101.884642,42.932798],[-101.875429,42.933149],[-101.871597,42.932613],[-101.868299,42.93081],[-101.866775,42.930742],[-101.863259,42.929351],[-101.861358,42.93051],[-101.860082,42.929413],[-101.851744,42.927314],[-101.849658,42.924],[-101.847355,42.921783],[-101.846857,42.920549],[-101.844337,42.919041],[-101.841351,42.918494],[-101.837526,42.919272],[-101.833856,42.918838],[-101.831835,42.920256],[-101.830839,42.919685],[-101.830498,42.922451],[-101.828009,42.921948],[-101.824184,42.922703],[-101.821882,42.924052],[-101.820731,42.923343],[-101.816999,42.923549],[-101.815973,42.92499],[-101.818305,42.926865],[-101.818274,42.928168],[-101.816688,42.930659],[-101.813484,42.931002],[-101.809875,42.92954],[-101.808196,42.927871],[-101.806454,42.930065],[-101.804432,42.930225],[-101.801912,42.931802],[-101.797711,42.932076],[-101.797151,42.933288],[-101.795565,42.933493],[-101.792299,42.931618],[-101.789966,42.932395],[-101.786607,42.9302],[-101.784025,42.929354],[-101.781848,42.929673],[-101.780728,42.928553],[-101.777711,42.928072],[-101.771927,42.925304],[-101.770434,42.925395],[-101.768133,42.92423],[-101.764123,42.924571],[-101.762412,42.924296],[-101.760665,42.925096],[-101.763208,42.925107],[-101.764072,42.92841],[-101.765411,42.930391],[-101.769552,42.93313],[-101.77802,42.936006],[-101.782309,42.937657],[-101.784763,42.940503],[-101.787187,42.94191],[-101.789809,42.946151],[-101.79119,42.947485],[-101.797293,42.951759],[-101.798088,42.953164],[-101.7985,42.957769],[-101.799874,42.959232],[-101.801157,42.961797],[-101.802718,42.962823],[-101.809067,42.965612],[-101.812117,42.967211],[-101.813891,42.969153],[-101.816163,42.972811],[-101.818529,42.974685],[-101.822078,42.976353],[-101.824351,42.978148],[-101.826843,42.979344],[-101.829261,42.977432],[-101.833836,42.977483],[-101.838153,42.979891],[-101.838085,42.982262],[-101.840518,42.982751],[-101.844257,42.98461],[-101.846882,42.98691],[-101.851245,42.988928],[-101.854827,42.989941],[-101.857506,42.994104],[-101.857779,42.996585],[-101.859316,42.998054],[-101.862724394782,42.9993304793548],[-102.082486038791,42.9993559930387],[-102.082546,42.999356],[-102.300206857121,42.99950982134919],[-102.440547,42.999609],[-102.47070210676301,42.9995767706097]]]}},{"type":"Feature","properties":{"zcta5":"69366","AFFGEOID10":"8600000US69366","GEOID10":"69366","ALAND10":1798067107,"AWATER10":19830195,"county_name":"Cherry","state_code":"NE","county_state":"Cherry County, NE","county_fips":"31031","risk_level_county":"Higher Risk (60–69% vaccinated)","mean_vaccination_rate_county":68.93,"risk_level_zcta":"Medium Risk (70–79% vaccinated)","mean_vaccination_rate_zips":73.26,"cases":1},"geometry":{"type":"Polygon","coordinates":[[[-101.829257,42.44697],[-101.828588,42.445688],[-101.828168,42.441756],[-101.828967,42.439559],[-101.83148,42.435713],[-101.835064,42.432735],[-101.837655,42.431137],[-101.838917,42.42919],[-101.839323,42.425911],[-101.838912,42.421385],[-101.839675,42.420336],[-101.840978,42.419265],[-101.845615,42.418293],[-101.847909,42.415548],[-101.850297,42.413735],[-101.853807,42.412304],[-101.855707,42.410808],[-101.864994,42.406611],[-101.866286,42.403358],[-101.864151,42.399952],[-101.861891,42.399465],[-101.859641,42.397768],[-101.859775,42.395906],[-101.856313,42.391866],[-101.854016,42.391465],[-101.854488,42.390071],[-101.852721,42.389364],[-101.851699,42.387833],[-101.848841,42.387907],[-101.839483,42.386805],[-101.837872,42.387284],[-101.835526,42.386865],[-101.831024,42.38674],[-101.830748,42.347378],[-101.827185,42.347418],[-101.824208,42.348078],[-101.816192,42.34766],[-101.809569,42.344778],[-101.808064,42.344529],[-101.806389,42.341319],[-101.805749,42.337618],[-101.807553,42.335439],[-101.810211,42.333982],[-101.813478,42.330221],[-101.813354,42.329283],[-101.811504,42.328967],[-101.811492,42.327397],[-101.807803,42.326636],[-101.807849,42.325634],[-101.804994,42.323245],[-101.801379,42.32137],[-101.801495,42.319061],[-101.800244,42.316633],[-101.798112,42.314884],[-101.794893,42.313633],[-101.794408,42.321104],[-101.789869,42.32083],[-101.781927,42.319635],[-101.777722,42.318682],[-101.770239,42.318368],[-101.762665,42.317281],[-101.756779,42.317003],[-101.750193,42.315956],[-101.747495,42.310951],[-101.744764,42.309187],[-101.743187,42.306932],[-101.738497,42.306108],[-101.736144,42.305012],[-101.729561,42.304007],[-101.727717,42.302788],[-101.725041,42.29693],[-101.720464,42.295303],[-101.721099,42.257393],[-101.720782,42.255474],[-101.714718,42.235019],[-101.714266,42.229965],[-101.71648,42.217994],[-101.718331,42.214023],[-101.726993,42.203645],[-101.724475,42.205095],[-101.715972,42.207178],[-101.710611,42.208233],[-101.708273,42.210698],[-101.707761,42.213006],[-101.701829,42.214876],[-101.693434,42.216239],[-101.690434,42.217603],[-101.684856,42.218255],[-101.68209,42.21912],[-101.676645,42.218475],[-101.670353,42.217193],[-101.665089,42.215647],[-101.66307,42.215834],[-101.659174,42.214188],[-101.654201,42.211464],[-101.653479,42.212029],[-101.652138,42.210805],[-101.653563,42.209602],[-101.653952,42.207257],[-101.653218,42.204791],[-101.651377,42.202529],[-101.652122,42.197029],[-101.650618,42.194859],[-101.650467,42.192645],[-101.649057,42.191524],[-101.645994,42.184193],[-101.647626,42.182574],[-101.649348,42.182005],[-101.651411,42.180272],[-101.651904,42.178926],[-101.654859,42.175641],[-101.657966,42.174274],[-101.657139,42.172173],[-101.658401,42.170256],[-101.658527,42.168248],[-101.660375,42.165283],[-101.659979,42.162315],[-101.66284,42.15903],[-101.666869,42.15586],[-101.66332,42.15508],[-101.657375,42.157298],[-101.653704,42.158004],[-101.651,42.16007],[-101.646155,42.16216],[-101.641153,42.165366],[-101.638368,42.166233],[-101.634611,42.165397],[-101.632641,42.163841],[-101.630445,42.163586],[-101.627155,42.161942],[-101.624957,42.162348],[-101.622518,42.163576],[-101.616119,42.163552],[-101.607467,42.160854],[-101.604234,42.158508],[-101.602683,42.15602],[-101.603334,42.1531],[-101.606853,42.148358],[-101.60914,42.142938],[-101.607574,42.141694],[-101.607142,42.139433],[-101.605057,42.135744],[-101.60574,42.133734],[-101.604551,42.132095],[-101.603976,42.1288],[-101.601086,42.12911],[-101.594688,42.130941],[-101.592538,42.13208],[-101.593254,42.129979],[-101.592153,42.128075],[-101.592325,42.12686],[-101.595442,42.125232],[-101.596935,42.123079],[-101.601921,42.121324],[-101.599638,42.121453],[-101.59558,42.120983],[-101.589345,42.121854],[-101.583241,42.120637],[-101.580085,42.119446],[-101.579167,42.117846],[-101.582647,42.116016],[-101.585257,42.11607],[-101.586898,42.114967],[-101.5889,42.115259],[-101.58903,42.113525],[-101.590325,42.109643],[-101.592606,42.109127],[-101.594269,42.10784],[-101.594164,42.103479],[-101.595974,42.101591],[-101.596833,42.099232],[-101.596901,42.096931],[-101.597851,42.094983],[-101.599523,42.093945],[-101.596712,42.093639],[-101.546132,42.093425],[-101.549882,42.091455],[-101.55298,42.090696],[-101.555353,42.08925],[-101.559113,42.088438],[-101.562995,42.086656],[-101.563207,42.085321],[-101.566109,42.084114],[-101.570252,42.084274],[-101.572217,42.084753],[-101.574641,42.084456],[-101.578264,42.085553],[-101.584064,42.084751],[-101.586674,42.084751],[-101.588975,42.083104],[-101.594009,42.083194],[-101.604137,42.082961],[-101.606089,42.081718],[-101.615095,42.083213],[-101.618219,42.084085],[-101.620661,42.083985],[-101.631117,42.08163],[-101.63347,42.080383],[-101.637565,42.078902],[-101.640698,42.078352],[-101.639921,41.975045],[-101.639969,41.912596],[-101.633641,41.910838],[-101.625456,41.909753],[-101.620901,41.911204],[-101.611221,41.912047],[-101.607789,41.909259],[-101.606257,41.907179],[-101.603011,41.90439],[-101.601908,41.90247],[-101.599429,41.902402],[-101.593583,41.900805],[-101.588562,41.897651],[-101.588277,41.896215],[-101.589129,41.893645],[-101.590325,41.892739],[-101.581069,41.891258],[-101.578641,41.882997],[-101.577929,41.875643],[-101.576756,41.868707],[-101.576987,41.866488],[-101.571741,41.863862],[-101.56267,41.854949],[-101.560991,41.855697],[-101.557666,41.855777],[-101.547245,41.85692],[-101.544737,41.862877],[-101.544203,41.867952],[-101.54154,41.868961],[-101.539245,41.870973],[-101.536766,41.874197],[-101.534251,41.876455],[-101.530731,41.878489],[-101.528192,41.878946],[-101.525653,41.878671],[-101.522622,41.879035],[-101.516963,41.87821],[-101.510815,41.876608],[-101.509133,41.875578],[-101.506135,41.875443],[-101.505255,41.873731],[-101.50526,41.868449],[-101.506515,41.867512],[-101.512022,41.866073],[-101.513858,41.864496],[-101.518142,41.862988],[-101.520836,41.859925],[-101.520501,41.856449],[-101.51832,41.85511],[-101.510461,41.852257],[-101.511381,41.850453],[-101.514304,41.849025],[-101.517302,41.846071],[-101.521426,41.844331],[-101.525909,41.845974],[-101.528638,41.845966],[-101.5328,41.846571],[-101.536592,41.846444],[-101.540009,41.844944],[-101.546791,41.84496],[-101.553303,41.844139],[-101.561275,41.844284],[-101.569176,41.843691],[-101.578714,41.841943],[-101.580159,41.841085],[-101.58769,41.841397],[-101.591548,41.841009],[-101.594627,41.841588],[-101.600239,41.841132],[-101.60349,41.841924],[-101.605674,41.840205],[-101.606321,41.839501],[-101.606129,41.836193],[-101.60827,41.83366],[-101.607949,41.831853],[-101.606166,41.829226],[-101.606144,41.82707],[-101.604807,41.824065],[-101.59835,41.823147],[-101.607467,41.821714],[-101.612152,41.819881],[-101.613347,41.818529],[-101.613614,41.816188],[-101.615185,41.814428],[-101.615989,41.811699],[-101.614353,41.810662],[-101.612589,41.80853],[-101.612148,41.806078],[-101.615537,41.805793],[-101.61782,41.804723],[-101.623004,41.803579],[-101.625975,41.80217],[-101.62956,41.802982],[-101.637432,41.803121],[-101.635178,41.800169],[-101.635257,41.797984],[-101.639696,41.795953],[-101.639718,41.77433],[-101.637557,41.77365],[-101.637395,41.772082],[-101.633506,41.773357],[-101.627221,41.774011],[-101.617533,41.77453],[-101.610487,41.773423],[-101.609468,41.774105],[-101.605195,41.773394],[-101.597578,41.772546],[-101.593626,41.772586],[-101.590096,41.773387],[-101.586317,41.774828],[-101.583773,41.774984],[-101.575441,41.776191],[-101.573117,41.776218],[-101.569008,41.777529],[-101.561856,41.777411],[-101.561039,41.772897],[-101.561738,41.771728],[-101.564808,41.769909],[-101.566186,41.766455],[-101.564476,41.761516],[-101.563532,41.75745],[-101.567272,41.756882],[-101.569809,41.754744],[-101.571727,41.754199],[-101.571713,41.750193],[-101.572147,41.74694],[-101.566143,41.744602],[-101.563218,41.74259],[-101.533578,41.742657],[-101.533396,41.740826],[-101.534531,41.738177],[-101.535842,41.737014],[-101.536513,41.734762],[-101.54408,41.731792],[-101.548359,41.729722],[-101.552538,41.729624],[-101.552765,41.728835],[-101.556277,41.72802],[-101.559973,41.727829],[-101.563529,41.72504],[-101.565176,41.721541],[-101.57106,41.719001],[-101.572079,41.71473],[-101.572804,41.713468],[-101.573248,41.710535],[-101.57327,41.707106],[-101.572075,41.703997],[-101.573048,41.699683],[-101.571402,41.700836],[-101.566948,41.700608],[-101.563012,41.700791],[-101.559442,41.701889],[-101.553035,41.703375],[-101.551327,41.70326],[-101.547848,41.704335],[-101.542722,41.704997],[-101.534483,41.707581],[-101.531554,41.70822],[-101.529449,41.706916],[-101.525849,41.705315],[-101.520082,41.704833],[-101.513644,41.703596],[-101.512882,41.702726],[-101.511082,41.702406],[-101.509436,41.701376],[-101.507208,41.701169],[-101.502105,41.698949],[-101.498773,41.70054],[-101.493938,41.695504],[-101.490319,41.693118],[-101.488572,41.691153],[-101.485963,41.690107],[-101.48502,41.688979],[-101.48209,41.687122],[-101.479752,41.687405],[-101.476875,41.689844],[-101.475405,41.690214],[-101.472777,41.689751],[-101.467676,41.690108],[-101.466809,41.688711],[-101.463935,41.686107],[-101.461118,41.681372],[-101.460703,41.67755],[-101.460265,41.677073],[-101.456979,41.67694],[-101.450021,41.680256],[-101.444181,41.680328],[-101.441197,41.682204],[-101.43288,41.684252],[-101.429692,41.684838],[-101.423759,41.682624],[-101.420987,41.681012],[-101.416669,41.679356],[-101.413488,41.677681],[-101.410627,41.674782],[-101.409815,41.673464],[-101.408376,41.672953],[-101.406682,41.673403],[-101.406466,41.7432],[-101.42592,41.743059],[-101.42607,41.999994],[-101.42668,42.006232],[-101.426557,42.092194],[-101.401074,42.092021],[-101.397422,42.093498],[-101.39627,42.09463],[-101.385881,42.096915],[-101.383029,42.098782],[-101.381729,42.101072],[-101.379269,42.101056],[-101.377811,42.101872],[-101.377977,42.105677],[-101.37546,42.106408],[-101.372118,42.106264],[-101.370672,42.177362],[-101.372661,42.191164],[-101.372963,42.252437],[-101.376418,42.251572],[-101.38112,42.253276],[-101.386693,42.255744],[-101.387782,42.257973],[-101.391417,42.25918],[-101.394706,42.261163],[-101.398862,42.261258],[-101.401228,42.260723],[-101.403253,42.259551],[-101.407316,42.25849],[-101.412456,42.25756],[-101.412458,42.266092],[-101.381478,42.265519],[-101.381479,42.270725],[-101.3846,42.270725],[-101.3846,42.27459],[-101.395896,42.27459],[-101.395896,42.281416],[-101.387208,42.28141],[-101.387248,42.292506],[-101.382279,42.292515],[-101.382245,42.299759],[-101.39728,42.29976],[-101.39728,42.306151],[-101.409181,42.306124],[-101.409181,42.301979],[-101.419113,42.301979],[-101.419113,42.291339],[-101.435722,42.291425],[-101.435733,42.2877],[-101.441403,42.287709],[-101.441413,42.283743],[-101.447137,42.283691],[-101.447159,42.279967],[-101.45602,42.279908],[-101.454185,42.352194],[-101.492901,42.352166],[-101.487143,42.354835],[-101.483454,42.357073],[-101.478018,42.358292],[-101.4745,42.358053],[-101.466121,42.358699],[-101.464681,42.359823],[-101.463664,42.363336],[-101.464743,42.36853],[-101.464574,42.371242],[-101.462189,42.371623],[-101.456357,42.371838],[-101.446884,42.373446],[-101.446227,42.373901],[-101.446328,42.374632],[-101.450023,42.381438],[-101.450133,42.384277],[-101.446634,42.386646],[-101.444043,42.389459],[-101.443803,42.391334],[-101.444404,42.392965],[-101.446234,42.394522],[-101.454103,42.395011],[-101.457512,42.398091],[-101.458257,42.399397],[-101.458493,42.403202],[-101.457938,42.404322],[-101.458053,42.407142],[-101.457468,42.409703],[-101.458147,42.412333],[-101.457253,42.415922],[-101.45445,42.415894],[-101.452502,42.416444],[-101.449397,42.419385],[-101.448356,42.41883],[-101.447558,42.420133],[-101.444376,42.421645],[-101.44085,42.421785],[-101.434934,42.420245],[-101.43489,42.425528],[-101.431426,42.426534],[-101.429389,42.427677],[-101.42516,42.428935],[-101.416519,42.428956],[-101.410254,42.426875],[-101.408063,42.426761],[-101.406027,42.425891],[-101.397293,42.425912],[-101.395532,42.42878],[-101.395526,42.441152],[-101.415358,42.441205],[-101.41366,42.442678],[-101.411702,42.443219],[-101.410581,42.444963],[-101.408526,42.446262],[-101.410277,42.447669],[-101.411233,42.451614],[-101.410627,42.452612],[-101.404929,42.452964],[-101.405359,42.457671],[-101.406426,42.459437],[-101.40651,42.461846],[-101.404012,42.464254],[-101.402923,42.467557],[-101.403013,42.472309],[-101.405067,42.475497],[-101.40568,42.479086],[-101.404908,42.480027],[-101.403681,42.484332],[-101.403476,42.487012],[-101.400552,42.491372],[-101.402053,42.493375],[-101.402503,42.495284],[-101.409609,42.496302],[-101.41195,42.496315],[-101.41455,42.497522],[-101.418695,42.498821],[-101.421233,42.498889],[-101.424105,42.499905],[-101.428703,42.499134],[-101.431262,42.499439],[-101.434353,42.499046],[-101.439222,42.498996],[-101.441586,42.498506],[-101.442721,42.499761],[-101.445785,42.500562],[-101.449059,42.501919],[-101.450971,42.501645],[-101.451453,42.499839],[-101.453636,42.496722],[-101.45372,42.495625],[-101.457225,42.493898],[-101.460573,42.49327],[-101.464425,42.491899],[-101.466723,42.491656],[-101.466715,42.490495],[-101.468557,42.489709],[-101.469421,42.486933],[-101.471262,42.484225],[-101.472041,42.483936],[-101.478146,42.484054],[-101.480296,42.483746],[-101.483395,42.485182],[-101.489565,42.486716],[-101.49472,42.487013],[-101.496452,42.488161],[-101.498821,42.48875],[-101.505568,42.488608],[-101.509107,42.489507],[-101.511698,42.489495],[-101.517861,42.488923],[-101.522329,42.491009],[-101.525599,42.491686],[-101.530301,42.493091],[-101.533593,42.493376],[-101.536496,42.49292],[-101.540126,42.491512],[-101.541376,42.490588],[-101.543207,42.487909],[-101.546566,42.487408],[-101.546449,42.486592],[-101.547932,42.484215],[-101.549568,42.483049],[-101.550557,42.480671],[-101.55389,42.479933],[-101.55659,42.480055],[-101.5575,42.478464],[-101.560095,42.479355],[-101.562473,42.47867],[-101.565283,42.478945],[-101.568126,42.478465],[-101.56933,42.476819],[-101.571553,42.476431],[-101.573159,42.475516],[-101.575569,42.474967],[-101.579614,42.473116],[-101.584678,42.472909],[-101.587458,42.47204],[-101.590763,42.471675],[-101.59558,42.470416],[-101.595332,42.469205],[-101.598759,42.46845],[-101.600458,42.469319],[-101.601291,42.468267],[-101.602588,42.468083],[-101.603208,42.470142],[-101.604227,42.47005],[-101.606297,42.47149],[-101.608737,42.470986],[-101.609818,42.47222],[-101.612197,42.472035],[-101.613187,42.474024],[-101.614206,42.474459],[-101.615781,42.474252],[-101.620165,42.471896],[-101.62112,42.469884],[-101.623065,42.469427],[-101.624175,42.467208],[-101.626526,42.467463],[-101.628315,42.469224],[-101.631186,42.469957],[-101.635105,42.473274],[-101.637297,42.474098],[-101.639954,42.474274],[-101.642669,42.475243],[-101.64369,42.474453],[-101.646036,42.474166],[-101.646593,42.474711],[-101.649556,42.474719],[-101.650978,42.47414],[-101.654654,42.474624],[-101.659749,42.47412],[-101.661878,42.474611],[-101.663916,42.473984],[-101.66716,42.473993],[-101.671854,42.473398],[-101.679667,42.471094],[-101.682003,42.470712],[-101.687507,42.470862],[-101.688477,42.4697],[-101.71017,42.471065],[-101.710625,42.467034],[-101.710388,42.458284],[-101.712086,42.457574],[-101.715327,42.457551],[-101.717951,42.456909],[-101.720668,42.457342],[-101.723199,42.45645],[-101.728386,42.456654],[-101.730115,42.45727],[-101.733573,42.457589],[-101.738207,42.461222],[-101.740522,42.460329],[-101.741632,42.459048],[-101.744657,42.458429],[-101.746602,42.459],[-101.751413,42.461425],[-101.753543,42.462935],[-101.757711,42.463325],[-101.761944,42.461063],[-101.763092,42.457335],[-101.762971,42.455871],[-101.761553,42.45491],[-101.761587,42.452302],[-101.762515,42.451365],[-101.765884,42.450336],[-101.766102,42.448964],[-101.767865,42.448004],[-101.767527,42.446425],[-101.770862,42.44718],[-101.77392,42.447157],[-101.777872,42.445969],[-101.78071,42.446496],[-101.78509,42.448944],[-101.787033,42.450454],[-101.78728,42.45146],[-101.791291,42.451439],[-101.792526,42.451942],[-101.794964,42.451486],[-101.795488,42.45064],[-101.799407,42.45007],[-101.802278,42.448952],[-101.806289,42.449868],[-101.811009,42.448931],[-101.813602,42.448909],[-101.815485,42.448269],[-101.818416,42.448019],[-101.821686,42.448431],[-101.823044,42.448156],[-101.82363,42.449049],[-101.825173,42.448934],[-101.829257,42.44697]]]}},{"type":"Feature","properties":{"zcta5":"69211","AFFGEOID10":"8600000US69211","GEOID10":"69211","ALAND10":1267478213,"AWATER10":6898693,"county_name":"Cherry","state_code":"NE","county_state":"Cherry County, NE","county_fips":"31031","risk_level_county":"Higher Risk (60–69% vaccinated)","mean_vaccination_rate_county":68.93,"risk_level_zcta":"Lowest Risk (85%+)","mean_vaccination_rate_zips":88.37,"cases":1},"geometry":{"type":"Polygon","coordinates":[[[-101.514241283645,42.997018057938],[-101.514525,42.990025],[-101.50508,42.99013],[-101.504937,42.988299],[-101.514454,42.988456],[-101.515097,42.96185],[-101.523645,42.961769],[-101.524001,42.97047],[-101.534067,42.970602],[-101.534038,42.974001],[-101.54414,42.974001],[-101.544234,42.971385],[-101.543717,42.960854],[-101.550342,42.960854],[-101.554559,42.960235],[-101.555025,42.959168],[-101.555031,42.953143],[-101.554001,42.952119],[-101.552091,42.95155],[-101.548668,42.948506],[-101.546421,42.942648],[-101.544802,42.936502],[-101.541591,42.934086],[-101.542431,42.932541],[-101.539219,42.930749],[-101.532564,42.924462],[-101.532598,42.922427],[-101.533408,42.921033],[-101.532943,42.919958],[-101.53419,42.917374],[-101.534098,42.916299],[-101.531954,42.914789],[-101.531924,42.913097],[-101.530464,42.912182],[-101.530528,42.910352],[-101.528634,42.908476],[-101.526707,42.907744],[-101.525807,42.906302],[-101.523165,42.906004],[-101.521862,42.904859],[-101.520338,42.904836],[-101.514369,42.906662],[-101.512722,42.90586],[-101.5135,42.90522],[-101.5131,42.903413],[-101.511174,42.902818],[-101.51021,42.903319],[-101.510178,42.905079],[-101.509433,42.904508],[-101.507102,42.904986],[-101.50561,42.904573],[-101.503933,42.90352],[-101.504712,42.902331],[-101.503908,42.900181],[-101.500943,42.898944],[-101.499884,42.899553],[-101.495757,42.895897],[-101.494824,42.8947],[-101.494539,42.893255],[-101.494514,42.87247],[-101.514268,42.872153],[-101.514241,42.865032],[-101.517527,42.860293],[-101.517575,42.858832],[-101.516693,42.857137],[-101.517258,42.855471],[-101.519646,42.853546],[-101.524278,42.852138],[-101.527851,42.851866],[-101.530295,42.851186],[-101.533683,42.851146],[-101.534461,42.848767],[-101.533492,42.846831],[-101.530986,42.844764],[-101.531576,42.84362],[-101.536251,42.841158],[-101.53909,42.83888],[-101.540405,42.83729],[-101.541188,42.834343],[-101.541049,42.832461],[-101.543696,42.830137],[-101.545422,42.827676],[-101.54818,42.821404],[-101.54819,42.818037],[-101.546311,42.809651],[-101.546128,42.807688],[-101.547142,42.805783],[-101.54833,42.805083],[-101.549251,42.802916],[-101.549133,42.801167],[-101.550964,42.797158],[-101.551312,42.793489],[-101.551073,42.791695],[-101.550026,42.789271],[-101.54994,42.787479],[-101.550796,42.78524],[-101.550254,42.783826],[-101.549633,42.783039],[-101.546652,42.781505],[-101.545102,42.779352],[-101.54259,42.777406],[-101.53593,42.776501],[-101.532702,42.775238],[-101.528512,42.773034],[-101.526764,42.769976],[-101.524989,42.765293],[-101.522833,42.762853],[-101.521076,42.759237],[-101.519848,42.75813],[-101.517753,42.758133],[-101.514204,42.757201],[-101.511479,42.754583],[-101.508051,42.753257],[-101.504595,42.751422],[-101.50368,42.750365],[-101.502412,42.746824],[-101.500136,42.744016],[-101.499923,42.74178],[-101.49895,42.738708],[-101.498816,42.73571],[-101.497621,42.734862],[-101.493325,42.73372],[-101.492132,42.731022],[-101.49067,42.730924],[-101.484252,42.728665],[-101.48094,42.727082],[-101.481125,42.724658],[-101.4826,42.723463],[-101.485919,42.722615],[-101.488523,42.722598],[-101.491573,42.721456],[-101.496803,42.718202],[-101.499689,42.717779],[-101.502172,42.716207],[-101.503097,42.713554],[-101.504942,42.710328],[-101.505531,42.70789],[-101.506971,42.705572],[-101.509392,42.704345],[-101.514383,42.703429],[-101.519352,42.702123],[-101.52427,42.702288],[-101.528312,42.702906],[-101.528109,42.700205],[-101.527304,42.697695],[-101.527411,42.695447],[-101.526902,42.69366],[-101.524316,42.688657],[-101.522168,42.686665],[-101.520572,42.684403],[-101.518243,42.683349],[-101.518882,42.679832],[-101.516964,42.675986],[-101.515095,42.674479],[-101.510855,42.675422],[-101.5067,42.675416],[-101.501989,42.67647],[-101.49745,42.676316],[-101.486716,42.677796],[-101.482369,42.675994],[-101.477194,42.676091],[-101.474102,42.676935],[-101.469054,42.679274],[-101.466707,42.681011],[-101.464738,42.683528],[-101.463736,42.687866],[-101.462867,42.68908],[-101.459098,42.689805],[-101.457058,42.691483],[-101.453803,42.693144],[-101.451371,42.696013],[-101.451444,42.699509],[-101.450988,42.700886],[-101.446844,42.703943],[-101.443496,42.704248],[-101.4402,42.704385],[-101.43074,42.70897],[-101.429015,42.711799],[-101.428126,42.712204],[-101.421082,42.712667],[-101.410103,42.712337],[-101.402823,42.710997],[-101.396161,42.708007],[-101.394947,42.708032],[-101.392833,42.710062],[-101.389338,42.710791],[-101.384319,42.709095],[-101.374109,42.708788],[-101.37193,42.708207],[-101.366894,42.708487],[-101.363754,42.708325],[-101.359302,42.709296],[-101.3573,42.710177],[-101.352511,42.711],[-101.350263,42.710909],[-101.344891,42.709686],[-101.340958,42.707602],[-101.337264,42.706135],[-101.340668,42.703099],[-101.341019,42.702372],[-101.340772,42.6985],[-101.342398,42.695093],[-101.349705,42.691914],[-101.351298,42.688981],[-101.356604,42.687008],[-101.356763,42.684481],[-101.355949,42.681995],[-101.355793,42.679602],[-101.352928,42.677373],[-101.353323,42.674937],[-101.355458,42.673255],[-101.356387,42.671254],[-101.354372,42.668009],[-101.353167,42.662491],[-101.351579,42.659575],[-101.349833,42.658622],[-101.347985,42.656681],[-101.34301,42.655021],[-101.340803,42.652621],[-101.340808,42.650948],[-101.33904,42.647281],[-101.338495,42.644273],[-101.337285,42.641519],[-101.334664,42.638975],[-101.331272,42.63765],[-101.323563,42.635725],[-101.320512,42.635649],[-101.314095,42.634971],[-101.310075,42.635354],[-101.306436,42.634837],[-101.305339,42.635236],[-101.299521,42.635638],[-101.29528,42.637885],[-101.292484,42.638864],[-101.290511,42.64016],[-101.289838,42.641479],[-101.285572,42.645009],[-101.282096,42.646979],[-101.279852,42.650078],[-101.277303,42.652601],[-101.275974,42.656219],[-101.274336,42.657393],[-101.262225,42.657416],[-101.262305,42.660287],[-101.260081,42.660481],[-101.256419,42.659856],[-101.257525,42.666069],[-101.256632,42.670511],[-101.256768,42.673205],[-101.259793,42.679159],[-101.260204,42.683554],[-101.258103,42.686345],[-101.2474,42.686694],[-101.244143,42.686467],[-101.234774,42.684401],[-101.229699,42.684253],[-101.225599,42.683403],[-101.221093,42.682905],[-101.217592,42.682887],[-101.211975,42.682047],[-101.208034,42.68239],[-101.203895,42.68369],[-101.200179,42.683632],[-101.194521,42.683989],[-101.18973,42.683289],[-101.184911,42.683463],[-101.179513,42.685719],[-101.177767,42.68601],[-101.164677,42.687025],[-101.161928,42.687849],[-101.156204,42.688372],[-101.151845,42.688406],[-101.150613,42.68902],[-101.137958,42.696491],[-101.127391,42.708053],[-101.123765,42.70676],[-101.117677,42.706715],[-101.114149,42.706465],[-101.10158,42.704375],[-101.098922,42.703727],[-101.087353,42.699103],[-101.084566,42.697673],[-101.076538,42.692602],[-101.074786,42.69076],[-101.072371,42.687038],[-101.070847,42.686007],[-101.060521,42.682086],[-101.058816,42.681638],[-101.050238,42.681824],[-101.044326,42.680845],[-101.041867,42.680151],[-101.03936,42.67884],[-101.023023,42.667993],[-101.019138,42.666324],[-101.016861,42.665982],[-100.986539,42.664981],[-100.9809,42.664401],[-100.977842,42.663682],[-100.979555,42.667115],[-100.978409,42.672455],[-100.980227,42.675633],[-100.980937,42.677695],[-100.982017,42.678979],[-100.982524,42.682957],[-100.981536,42.685002],[-100.978616,42.687276],[-100.974446,42.689029],[-100.972005,42.689577],[-100.971115,42.691003],[-100.968108,42.692236],[-100.966672,42.693547],[-100.963996,42.693931],[-100.96355,42.69495],[-100.965263,42.697864],[-100.969015,42.700406],[-100.963737,42.702863],[-100.961921,42.706593],[-100.960523,42.707961],[-100.961066,42.711545],[-100.959634,42.713179],[-100.956089,42.71306],[-100.952257,42.713504],[-100.951981,42.714183],[-100.948379,42.714234],[-100.942629,42.714726],[-100.931631,42.714756],[-100.927017,42.714632],[-100.92431,42.715024],[-100.921766,42.716639],[-100.920797,42.718878],[-100.921168,42.720679],[-100.924321,42.722843],[-100.925351,42.725979],[-100.9247,42.728149],[-100.927192,42.728502],[-100.927786,42.729159],[-100.926918,42.732461],[-100.924369,42.733817],[-100.924853,42.73537],[-100.924639,42.741418],[-100.925409,42.742006],[-100.924573,42.744547],[-100.92611,42.746134],[-100.927091,42.748448],[-100.928595,42.749847],[-100.928345,42.751398],[-100.929086,42.752128],[-100.927612,42.754398],[-100.930008,42.755919],[-100.913582,42.756175],[-100.930277,42.756258],[-100.931377,42.758309],[-100.931029,42.759432],[-100.931811,42.760863],[-100.931903,42.763811],[-100.931021,42.766522],[-100.928694,42.767476],[-100.925418,42.769594],[-100.92238,42.772454],[-100.922075,42.777303],[-100.923781,42.776836],[-100.928223,42.777317],[-100.933286,42.777424],[-100.940946,42.777087],[-100.943686,42.777139],[-100.949775,42.776475],[-100.954597,42.777201],[-100.961196,42.777494],[-100.966917,42.777309],[-100.968984,42.776717],[-100.973096,42.776921],[-100.976349,42.776561],[-100.983254,42.776381],[-100.987126,42.777531],[-100.988126,42.777232],[-100.997012,42.777769],[-100.998648,42.779051],[-101.002001,42.777867],[-101.007668,42.776574],[-101.013684,42.776037],[-101.020465,42.775825],[-101.026266,42.776329],[-101.029555,42.776289],[-101.031027,42.77669],[-101.037855,42.77638],[-101.045077,42.776904],[-101.055683,42.777196],[-101.056923,42.776941],[-101.063547,42.777246],[-101.067987,42.778499],[-101.070049,42.778505],[-101.073373,42.77924],[-101.075741,42.779314],[-101.080631,42.781085],[-101.086659,42.78167],[-101.092422,42.784146],[-101.097231,42.784076],[-101.104144,42.785391],[-101.120009,42.785333],[-101.121635,42.785448],[-101.141107,42.785501],[-101.140949,42.875069],[-101.141067,42.934245],[-101.141284,42.935571],[-101.140807011447,42.99792857357539],[-101.226494,42.997901],[-101.226853,42.997896],[-101.228104364544,42.9978736351869],[-101.229203,42.997854],[-101.230325,42.997899],[-101.478666588262,42.9971781539206],[-101.500424,42.997115],[-101.514241283645,42.997018057938]]]}},{"type":"Feature","properties":{"zcta5":"69218","AFFGEOID10":"8600000US69218","GEOID10":"69218","ALAND10":1338761338,"AWATER10":4738645,"county_name":"Cherry","state_code":"NE","county_state":"Cherry County, NE","county_fips":"31031","risk_level_county":"Higher Risk (60–69% vaccinated)","mean_vaccination_rate_county":68.93,"risk_level_zcta":"Higher Risk (60–69% vaccinated)","mean_vaccination_rate_zips":67.01,"cases":1},"geometry":{"type":"Polygon","coordinates":[[[-101.862724394782,42.9993304793548],[-101.859316,42.998054],[-101.857779,42.996585],[-101.857506,42.994104],[-101.854827,42.989941],[-101.851245,42.988928],[-101.846882,42.98691],[-101.844257,42.98461],[-101.840518,42.982751],[-101.838085,42.982262],[-101.838153,42.979891],[-101.833836,42.977483],[-101.829261,42.977432],[-101.826843,42.979344],[-101.824351,42.978148],[-101.822078,42.976353],[-101.818529,42.974685],[-101.816163,42.972811],[-101.813891,42.969153],[-101.812117,42.967211],[-101.809067,42.965612],[-101.802718,42.962823],[-101.801157,42.961797],[-101.799874,42.959232],[-101.7985,42.957769],[-101.798088,42.953164],[-101.797293,42.951759],[-101.79119,42.947485],[-101.789809,42.946151],[-101.787187,42.94191],[-101.784763,42.940503],[-101.782309,42.937657],[-101.77802,42.936006],[-101.769552,42.93313],[-101.765411,42.930391],[-101.764072,42.92841],[-101.763208,42.925107],[-101.760665,42.925096],[-101.762412,42.924296],[-101.764123,42.924571],[-101.768133,42.92423],[-101.770434,42.925395],[-101.771927,42.925304],[-101.777711,42.928072],[-101.780728,42.928553],[-101.781848,42.929673],[-101.784025,42.929354],[-101.786607,42.9302],[-101.789966,42.932395],[-101.792299,42.931618],[-101.795565,42.933493],[-101.797151,42.933288],[-101.797711,42.932076],[-101.801912,42.931802],[-101.804432,42.930225],[-101.806454,42.930065],[-101.808196,42.927871],[-101.809875,42.92954],[-101.813484,42.931002],[-101.816688,42.930659],[-101.818274,42.928168],[-101.818305,42.926865],[-101.815973,42.92499],[-101.816999,42.923549],[-101.820731,42.923343],[-101.821882,42.924052],[-101.824184,42.922703],[-101.828009,42.921948],[-101.830498,42.922451],[-101.830839,42.919685],[-101.831835,42.920256],[-101.833856,42.918838],[-101.837526,42.919272],[-101.841351,42.918494],[-101.844337,42.919041],[-101.846857,42.920549],[-101.847355,42.921783],[-101.849658,42.924],[-101.851744,42.927314],[-101.860082,42.929413],[-101.861358,42.93051],[-101.863259,42.929351],[-101.866775,42.930742],[-101.868299,42.93081],[-101.871597,42.932613],[-101.875429,42.933149],[-101.884642,42.932798],[-101.888094,42.933095],[-101.88937,42.931976],[-101.892699,42.930971],[-101.896277,42.930424],[-101.898239,42.926607],[-101.897029,42.922653],[-101.897341,42.920458],[-101.898896,42.920046],[-101.901011,42.920664],[-101.904152,42.920436],[-101.905863,42.919294],[-101.908071,42.919317],[-101.913108,42.921399],[-101.916311,42.924256],[-101.918924,42.92348],[-101.920727,42.924646],[-101.922687,42.924692],[-101.924086,42.92412],[-101.927634,42.921423],[-101.933328,42.923432],[-101.929997,42.921847],[-101.92416,42.918213],[-101.922617,42.916595],[-101.920579,42.913313],[-101.920115,42.908514],[-101.920388,42.906026],[-101.921609,42.903714],[-101.928671,42.902998],[-101.932383,42.901544],[-101.932985,42.899933],[-101.936059,42.898278],[-101.941359,42.898503],[-101.943974,42.899483],[-101.947027,42.898432],[-101.947676,42.897462],[-101.947224,42.89373],[-101.946164,42.891027],[-101.949526,42.891157],[-101.951585,42.890191],[-101.951504,42.882445],[-101.948919,42.881055],[-101.932383,42.886122],[-101.928881,42.886573],[-101.909342,42.886772],[-101.900574,42.886303],[-101.898181,42.886462],[-101.886348,42.889512],[-101.880295,42.889902],[-101.875279,42.889213],[-101.871468,42.889835],[-101.866734,42.893153],[-101.865713,42.892913],[-101.863917,42.89181],[-101.86058,42.89143],[-101.857666,42.889187],[-101.854269,42.885573],[-101.861266,42.881053],[-101.861833,42.879113],[-101.863382,42.879572],[-101.867707,42.875237],[-101.869398,42.871751],[-101.873056,42.852904],[-101.874521,42.841074],[-101.876383,42.836428],[-101.878699,42.833609],[-101.882562,42.830708],[-101.891438,42.826747],[-101.896381,42.823868],[-101.906721,42.815859],[-101.909743,42.814173],[-101.919542,42.810274],[-101.924721,42.807916],[-101.918047,42.795966],[-101.915245,42.792696],[-101.908274,42.789316],[-101.904687,42.786457],[-101.903529,42.782262],[-101.901846,42.780047],[-101.901365,42.777891],[-101.89885,42.77092],[-101.897186,42.761899],[-101.896329,42.760776],[-101.895303,42.760168],[-101.892118,42.760303],[-101.890661,42.758271],[-101.890883,42.756951],[-101.892951,42.754824],[-101.892219,42.684266],[-101.890672,42.681353],[-101.888575,42.678965],[-101.885965,42.670364],[-101.884646,42.668512],[-101.876646,42.668491],[-101.871664,42.666736],[-101.870777,42.664077],[-101.867656,42.662662],[-101.865329,42.662232],[-101.862048,42.660634],[-101.85828,42.658238],[-101.857769,42.6567],[-101.854747,42.655094],[-101.853898,42.651403],[-101.852964,42.650266],[-101.849573,42.648171],[-101.849066,42.646507],[-101.845512,42.644477],[-101.843841,42.643048],[-101.840521,42.64261],[-101.83808,42.640494],[-101.834912,42.638979],[-101.825232,42.64036],[-101.821095,42.640238],[-101.815001,42.63908],[-101.810336,42.638536],[-101.805175,42.637333],[-101.799658,42.634934],[-101.790596,42.636652],[-101.784604,42.635117],[-101.775862,42.634263],[-101.774303,42.634659],[-101.766367,42.632762],[-101.763995,42.631706],[-101.759717,42.630941],[-101.752002,42.631152],[-101.746219,42.634219],[-101.739274,42.636489],[-101.734642,42.637012],[-101.732874,42.636772],[-101.730616,42.639222],[-101.72666,42.640997],[-101.724278,42.640707],[-101.718796,42.641192],[-101.715509,42.642255],[-101.715537,42.64043],[-101.710838,42.61372],[-101.70693,42.615405],[-101.350421,42.614067],[-101.346273,42.614846],[-101.344161,42.614099],[-101.326531,42.614164],[-101.328443,42.614692],[-101.331941,42.614737],[-101.329093,42.615378],[-101.326524,42.614692],[-101.322995,42.614578],[-101.321355,42.615676],[-101.318909,42.616248],[-101.318507,42.618283],[-101.316093,42.619129],[-101.312687,42.618238],[-101.312006,42.617346],[-101.309313,42.617255],[-101.304824,42.617872],[-101.302224,42.616066],[-101.299778,42.617918],[-101.298447,42.616181],[-101.296838,42.61618],[-101.293804,42.614214],[-101.282729,42.61435],[-101.281268,42.613526],[-101.277483,42.613694],[-101.277496,42.616047],[-101.278201,42.616999],[-101.281704,42.618477],[-101.282815,42.620745],[-101.280657,42.625016],[-101.27367,42.629186],[-101.267567,42.635187],[-101.267843,42.639007],[-101.267437,42.640631],[-101.263621,42.643758],[-101.259429,42.646096],[-101.272576,42.645841],[-101.272825,42.649526],[-101.260885,42.649643],[-101.261035,42.655114],[-101.25645,42.655248],[-101.256419,42.659856],[-101.260081,42.660481],[-101.262305,42.660287],[-101.262225,42.657416],[-101.274336,42.657393],[-101.275974,42.656219],[-101.277303,42.652601],[-101.279852,42.650078],[-101.282096,42.646979],[-101.285572,42.645009],[-101.289838,42.641479],[-101.290511,42.64016],[-101.292484,42.638864],[-101.29528,42.637885],[-101.299521,42.635638],[-101.305339,42.635236],[-101.306436,42.634837],[-101.310075,42.635354],[-101.314095,42.634971],[-101.320512,42.635649],[-101.323563,42.635725],[-101.331272,42.63765],[-101.334664,42.638975],[-101.337285,42.641519],[-101.338495,42.644273],[-101.33904,42.647281],[-101.340808,42.650948],[-101.340803,42.652621],[-101.34301,42.655021],[-101.347985,42.656681],[-101.349833,42.658622],[-101.351579,42.659575],[-101.353167,42.662491],[-101.354372,42.668009],[-101.356387,42.671254],[-101.355458,42.673255],[-101.353323,42.674937],[-101.352928,42.677373],[-101.355793,42.679602],[-101.355949,42.681995],[-101.356763,42.684481],[-101.356604,42.687008],[-101.351298,42.688981],[-101.349705,42.691914],[-101.342398,42.695093],[-101.340772,42.6985],[-101.341019,42.702372],[-101.340668,42.703099],[-101.337264,42.706135],[-101.340958,42.707602],[-101.344891,42.709686],[-101.350263,42.710909],[-101.352511,42.711],[-101.3573,42.710177],[-101.359302,42.709296],[-101.363754,42.708325],[-101.366894,42.708487],[-101.37193,42.708207],[-101.374109,42.708788],[-101.384319,42.709095],[-101.389338,42.710791],[-101.392833,42.710062],[-101.394947,42.708032],[-101.396161,42.708007],[-101.402823,42.710997],[-101.410103,42.712337],[-101.421082,42.712667],[-101.428126,42.712204],[-101.429015,42.711799],[-101.43074,42.70897],[-101.4402,42.704385],[-101.443496,42.704248],[-101.446844,42.703943],[-101.450988,42.700886],[-101.451444,42.699509],[-101.451371,42.696013],[-101.453803,42.693144],[-101.457058,42.691483],[-101.459098,42.689805],[-101.462867,42.68908],[-101.463736,42.687866],[-101.464738,42.683528],[-101.466707,42.681011],[-101.469054,42.679274],[-101.474102,42.676935],[-101.477194,42.676091],[-101.482369,42.675994],[-101.486716,42.677796],[-101.49745,42.676316],[-101.501989,42.67647],[-101.5067,42.675416],[-101.510855,42.675422],[-101.515095,42.674479],[-101.516964,42.675986],[-101.518882,42.679832],[-101.518243,42.683349],[-101.520572,42.684403],[-101.522168,42.686665],[-101.524316,42.688657],[-101.526902,42.69366],[-101.527411,42.695447],[-101.527304,42.697695],[-101.528109,42.700205],[-101.528312,42.702906],[-101.52427,42.702288],[-101.519352,42.702123],[-101.514383,42.703429],[-101.509392,42.704345],[-101.506971,42.705572],[-101.505531,42.70789],[-101.504942,42.710328],[-101.503097,42.713554],[-101.502172,42.716207],[-101.499689,42.717779],[-101.496803,42.718202],[-101.491573,42.721456],[-101.488523,42.722598],[-101.485919,42.722615],[-101.4826,42.723463],[-101.481125,42.724658],[-101.48094,42.727082],[-101.484252,42.728665],[-101.49067,42.730924],[-101.492132,42.731022],[-101.493325,42.73372],[-101.497621,42.734862],[-101.498816,42.73571],[-101.49895,42.738708],[-101.499923,42.74178],[-101.500136,42.744016],[-101.502412,42.746824],[-101.50368,42.750365],[-101.504595,42.751422],[-101.508051,42.753257],[-101.511479,42.754583],[-101.514204,42.757201],[-101.517753,42.758133],[-101.519848,42.75813],[-101.521076,42.759237],[-101.522833,42.762853],[-101.524989,42.765293],[-101.526764,42.769976],[-101.528512,42.773034],[-101.532702,42.775238],[-101.53593,42.776501],[-101.54259,42.777406],[-101.545102,42.779352],[-101.546652,42.781505],[-101.549633,42.783039],[-101.550254,42.783826],[-101.550796,42.78524],[-101.54994,42.787479],[-101.550026,42.789271],[-101.551073,42.791695],[-101.551312,42.793489],[-101.550964,42.797158],[-101.549133,42.801167],[-101.549251,42.802916],[-101.54833,42.805083],[-101.547142,42.805783],[-101.546128,42.807688],[-101.546311,42.809651],[-101.54819,42.818037],[-101.54818,42.821404],[-101.545422,42.827676],[-101.543696,42.830137],[-101.541049,42.832461],[-101.541188,42.834343],[-101.540405,42.83729],[-101.53909,42.83888],[-101.536251,42.841158],[-101.531576,42.84362],[-101.530986,42.844764],[-101.533492,42.846831],[-101.534461,42.848767],[-101.533683,42.851146],[-101.530295,42.851186],[-101.527851,42.851866],[-101.524278,42.852138],[-101.519646,42.853546],[-101.517258,42.855471],[-101.516693,42.857137],[-101.517575,42.858832],[-101.517527,42.860293],[-101.514241,42.865032],[-101.514268,42.872153],[-101.494514,42.87247],[-101.494539,42.893255],[-101.494824,42.8947],[-101.495757,42.895897],[-101.499884,42.899553],[-101.500943,42.898944],[-101.503908,42.900181],[-101.504712,42.902331],[-101.503933,42.90352],[-101.50561,42.904573],[-101.507102,42.904986],[-101.509433,42.904508],[-101.510178,42.905079],[-101.51021,42.903319],[-101.511174,42.902818],[-101.5131,42.903413],[-101.5135,42.90522],[-101.512722,42.90586],[-101.514369,42.906662],[-101.520338,42.904836],[-101.521862,42.904859],[-101.523165,42.906004],[-101.525807,42.906302],[-101.526707,42.907744],[-101.528634,42.908476],[-101.530528,42.910352],[-101.530464,42.912182],[-101.531924,42.913097],[-101.531954,42.914789],[-101.534098,42.916299],[-101.53419,42.917374],[-101.532943,42.919958],[-101.533408,42.921033],[-101.532598,42.922427],[-101.532564,42.924462],[-101.539219,42.930749],[-101.542431,42.932541],[-101.541591,42.934086],[-101.544802,42.936502],[-101.546421,42.942648],[-101.548668,42.948506],[-101.552091,42.95155],[-101.554001,42.952119],[-101.555031,42.953143],[-101.555025,42.959168],[-101.554559,42.960235],[-101.550342,42.960854],[-101.543717,42.960854],[-101.544234,42.971385],[-101.54414,42.974001],[-101.534038,42.974001],[-101.534067,42.970602],[-101.524001,42.97047],[-101.523645,42.961769],[-101.515097,42.96185],[-101.514454,42.988456],[-101.504937,42.988299],[-101.50508,42.99013],[-101.514525,42.990025],[-101.514241283645,42.997018057938],[-101.625424,42.996238],[-101.713573,42.99662],[-101.849982,42.999329],[-101.862724394782,42.9993304793548]]]}},{"type":"Feature","properties":{"zcta5":"69152","AFFGEOID10":"8600000US69152","GEOID10":"69152","ALAND10":3870318778,"AWATER10":6473575,"county_name":"Cherry","state_code":"NE","county_state":"Cherry County, NE","county_fips":"31031","risk_level_county":"Higher Risk (60–69% vaccinated)","mean_vaccination_rate_county":68.93,"risk_level_zcta":"Medium Risk (70–79% vaccinated)","mean_vaccination_rate_zips":73.52,"cases":1},"geometry":{"type":"Polygon","coordinates":[[[-101.400552,42.491372],[-101.403476,42.487012],[-101.403681,42.484332],[-101.404908,42.480027],[-101.40568,42.479086],[-101.405067,42.475497],[-101.403013,42.472309],[-101.402923,42.467557],[-101.404012,42.464254],[-101.40651,42.461846],[-101.406426,42.459437],[-101.405359,42.457671],[-101.404929,42.452964],[-101.410627,42.452612],[-101.411233,42.451614],[-101.410277,42.447669],[-101.408526,42.446262],[-101.410581,42.444963],[-101.411702,42.443219],[-101.41366,42.442678],[-101.415358,42.441205],[-101.395526,42.441152],[-101.395532,42.42878],[-101.397293,42.425912],[-101.406027,42.425891],[-101.408063,42.426761],[-101.410254,42.426875],[-101.416519,42.428956],[-101.42516,42.428935],[-101.429389,42.427677],[-101.431426,42.426534],[-101.43489,42.425528],[-101.434934,42.420245],[-101.44085,42.421785],[-101.444376,42.421645],[-101.447558,42.420133],[-101.448356,42.41883],[-101.449397,42.419385],[-101.452502,42.416444],[-101.45445,42.415894],[-101.457253,42.415922],[-101.458147,42.412333],[-101.457468,42.409703],[-101.458053,42.407142],[-101.457938,42.404322],[-101.458493,42.403202],[-101.458257,42.399397],[-101.457512,42.398091],[-101.454103,42.395011],[-101.446234,42.394522],[-101.444404,42.392965],[-101.443803,42.391334],[-101.444043,42.389459],[-101.446634,42.386646],[-101.450133,42.384277],[-101.450023,42.381438],[-101.446328,42.374632],[-101.446227,42.373901],[-101.446884,42.373446],[-101.456357,42.371838],[-101.462189,42.371623],[-101.464574,42.371242],[-101.464743,42.36853],[-101.463664,42.363336],[-101.464681,42.359823],[-101.466121,42.358699],[-101.4745,42.358053],[-101.478018,42.358292],[-101.483454,42.357073],[-101.487143,42.354835],[-101.492901,42.352166],[-101.454185,42.352194],[-101.45602,42.279908],[-101.447159,42.279967],[-101.447137,42.283691],[-101.441413,42.283743],[-101.441403,42.287709],[-101.435733,42.2877],[-101.435722,42.291425],[-101.419113,42.291339],[-101.419113,42.301979],[-101.409181,42.301979],[-101.409181,42.306124],[-101.39728,42.306151],[-101.39728,42.29976],[-101.382245,42.299759],[-101.382279,42.292515],[-101.387248,42.292506],[-101.387208,42.28141],[-101.395896,42.281416],[-101.395896,42.27459],[-101.3846,42.27459],[-101.3846,42.270725],[-101.381479,42.270725],[-101.381478,42.265519],[-101.412458,42.266092],[-101.412456,42.25756],[-101.407316,42.25849],[-101.403253,42.259551],[-101.401228,42.260723],[-101.398862,42.261258],[-101.394706,42.261163],[-101.391417,42.25918],[-101.387782,42.257973],[-101.386693,42.255744],[-101.38112,42.253276],[-101.376418,42.251572],[-101.372963,42.252437],[-101.372661,42.191164],[-101.370672,42.177362],[-101.372118,42.106264],[-101.37546,42.106408],[-101.377977,42.105677],[-101.377811,42.101872],[-101.379269,42.101056],[-101.381729,42.101072],[-101.383029,42.098782],[-101.385881,42.096915],[-101.39627,42.09463],[-101.397422,42.093498],[-101.401074,42.092021],[-101.426557,42.092194],[-101.42668,42.006232],[-101.42607,41.999994],[-101.42592,41.743059],[-101.406466,41.7432],[-101.375448,41.743427],[-101.373558,41.743586],[-100.858186,41.740428],[-100.842459,41.740404],[-100.843719,41.85064],[-100.844421,41.962946],[-100.845146,41.972587],[-100.845632,41.976427],[-100.846129,42.088166],[-100.867732,42.08821],[-100.86784,42.157479],[-100.868496,42.161669],[-100.841296,42.162628],[-100.838284,42.162628],[-100.838199,42.176878],[-100.809402,42.177101],[-100.809258,42.178612],[-100.809385,42.204805],[-100.809615,42.205494],[-100.809277,42.321053],[-100.8092,42.349085],[-100.828973,42.348798],[-100.828855,42.373107],[-100.829049,42.375001],[-100.828908,42.422434],[-100.848539,42.422556],[-100.848624,42.426594],[-100.867906,42.426497],[-100.867935,42.438091],[-100.882095,42.438168],[-100.882671,42.438628],[-100.977205,42.439549],[-100.979793,42.439103],[-101.009997,42.439342],[-101.011467,42.43883],[-101.012538,42.437338],[-101.014017,42.426247],[-101.015352,42.420355],[-101.017051,42.418867],[-101.019806,42.418154],[-101.02326,42.418157],[-101.026833,42.417672],[-101.029482,42.416395],[-101.031564,42.417907],[-101.03758,42.418308],[-101.050976,42.420445],[-101.053331,42.420425],[-101.059026,42.419458],[-101.06439,42.419346],[-101.065372,42.419602],[-101.074358,42.425595],[-101.079731,42.427904],[-101.081916,42.428592],[-101.08456,42.428679],[-101.08604,42.432176],[-101.084957,42.436894],[-101.086291,42.439746],[-101.086194,42.441144],[-101.087539,42.443374],[-101.090634,42.445549],[-101.092465,42.447603],[-101.095872,42.449582],[-101.096824,42.451164],[-101.09705,42.453991],[-101.098242,42.458282],[-101.099716,42.461001],[-101.099084,42.465286],[-101.096326,42.47188],[-101.09605,42.476556],[-101.096079,42.477156],[-101.098769,42.48091],[-101.09944,42.483064],[-101.10422,42.484283],[-101.105636,42.485301],[-101.109121,42.486617],[-101.11296,42.486285],[-101.11616,42.487495],[-101.118672,42.48796],[-101.130096,42.487756],[-101.135906,42.489344],[-101.136317,42.490524],[-101.14287,42.492189],[-101.144673,42.492847],[-101.151375,42.493986],[-101.15292,42.494767],[-101.153314,42.495458],[-101.152609,42.50086],[-101.153755,42.503174],[-101.156452,42.505719],[-101.159751,42.508183],[-101.165448,42.511123],[-101.162767,42.512804],[-101.162892,42.51489],[-101.162299,42.51629],[-101.162126,42.518978],[-101.162791,42.519797],[-101.160434,42.521818],[-101.161872,42.522134],[-101.16079,42.523736],[-101.163025,42.524118],[-101.164438,42.523371],[-101.165025,42.521816],[-101.166849,42.52314],[-101.170249,42.52433],[-101.172598,42.52401],[-101.173494,42.524627],[-101.1764,42.523873],[-101.179275,42.52536],[-101.179527,42.526599],[-101.181421,42.526612],[-101.18218,42.529453],[-101.184313,42.531808],[-101.188116,42.530939],[-101.189754,42.531031],[-101.190805,42.52991],[-101.195443,42.530527],[-101.195752,42.528972],[-101.198565,42.529567],[-101.201564,42.531098],[-101.201904,42.529155],[-101.20722,42.527209],[-101.210435,42.52714],[-101.209909,42.525928],[-101.212846,42.525196],[-101.214638,42.523572],[-101.213988,42.521743],[-101.215625,42.520462],[-101.217047,42.520736],[-101.217139,42.518884],[-101.222796,42.519545],[-101.224835,42.518653],[-101.224495,42.51783],[-101.227215,42.518241],[-101.226936,42.517303],[-101.229625,42.516136],[-101.229562,42.515221],[-101.23117,42.516684],[-101.233457,42.515973],[-101.233827,42.514579],[-101.23491,42.51595],[-101.238433,42.516246],[-101.240379,42.515102],[-101.242975,42.514597],[-101.245417,42.514916],[-101.247394,42.513452],[-101.248352,42.513886],[-101.254704,42.515033],[-101.257299,42.516315],[-101.258937,42.51563],[-101.260142,42.516065],[-101.258936,42.517116],[-101.260635,42.517894],[-101.262583,42.516866],[-101.261843,42.515265],[-101.265551,42.515907],[-101.270312,42.514604],[-101.270961,42.51385],[-101.274546,42.51376],[-101.278349,42.51152],[-101.280018,42.512252],[-101.28317,42.511339],[-101.28345,42.508801],[-101.289321,42.508002],[-101.293835,42.506081],[-101.297327,42.506059],[-101.298378,42.503475],[-101.299769,42.501714],[-101.297512,42.497912],[-101.297693,42.496571],[-101.295039,42.494004],[-101.296994,42.488139],[-101.296579,42.485024],[-101.298318,42.485765],[-101.298862,42.484517],[-101.301557,42.482021],[-101.30403,42.481917],[-101.304827,42.482792],[-101.307944,42.483607],[-101.312251,42.483441],[-101.312733,42.481124],[-101.315416,42.480017],[-101.316952,42.481239],[-101.321123,42.479675],[-101.322445,42.480012],[-101.325168,42.47931],[-101.328328,42.479943],[-101.333438,42.479254],[-101.336252,42.480236],[-101.34089,42.478826],[-101.344043,42.479189],[-101.345402,42.47874],[-101.348553,42.479538],[-101.350323,42.478864],[-101.353003,42.479567],[-101.357897,42.477452],[-101.362181,42.477843],[-101.365257,42.479902],[-101.365492,42.481724],[-101.368904,42.482113],[-101.372277,42.481059],[-101.374854,42.481284],[-101.376004,42.479362],[-101.37527,42.477981],[-101.377186,42.478844],[-101.382869,42.48008],[-101.386944,42.482093],[-101.39059,42.485536],[-101.391764,42.487799],[-101.390598,42.488756],[-101.392087,42.490597],[-101.397081,42.492703],[-101.400552,42.491372]]]}},{"type":"Feature","properties":{"zcta5":"69221","AFFGEOID10":"8600000US69221","GEOID10":"69221","ALAND10":1186905124,"AWATER10":2470145,"county_name":"Cherry","state_code":"NE","county_state":"Cherry County, NE","county_fips":"31031","risk_level_county":"Higher Risk (60–69% vaccinated)","mean_vaccination_rate_county":68.93,"risk_level_zcta":"Higher Risk (60–69% vaccinated)","mean_vaccination_rate_zips":67.53,"cases":1},"geometry":{"type":"Polygon","coordinates":[[[-100.244755,42.864839],[-100.246677,42.866032],[-100.258773,42.86699],[-100.259802,42.868482],[-100.259369,42.87138],[-100.261552,42.872334],[-100.263757,42.872464],[-100.266737,42.874279],[-100.267089,42.877705],[-100.265447,42.882097],[-100.265788,42.883423],[-100.267717,42.883813],[-100.272475,42.883723],[-100.277666,42.888116],[-100.28373,42.891457],[-100.286342,42.891823],[-100.290448,42.891687],[-100.297602,42.890499],[-100.299934,42.890682],[-100.303791,42.893542],[-100.305089,42.893699],[-100.310122,42.890609],[-100.313801,42.890124],[-100.321797,42.89178],[-100.323072,42.893335],[-100.322619,42.89496],[-100.32523,42.897248],[-100.328874,42.89713],[-100.329489,42.892664],[-100.335281,42.892405],[-100.340223,42.892487],[-100.345143,42.88983],[-100.347705,42.888989],[-100.35394,42.889531],[-100.369866,42.88997],[-100.374344,42.891065],[-100.38129,42.891586],[-100.388117,42.892926],[-100.391178,42.894201],[-100.394318,42.896476],[-100.400212,42.896996],[-100.395515,42.900333],[-100.39502,42.904106],[-100.388736,42.904424],[-100.38598,42.904049],[-100.379253,42.901444],[-100.367614,42.900448],[-100.362837,42.901697],[-100.36852,42.904143],[-100.372597,42.902545],[-100.377811,42.90218],[-100.384678,42.904414],[-100.384696,42.905994],[-100.386114,42.908166],[-100.387929,42.909304],[-100.391586,42.909006],[-100.394912,42.907807],[-100.397152,42.90783],[-100.40076,42.909272],[-100.403622,42.909731],[-100.409284,42.909847],[-100.410062,42.909366],[-100.413455,42.904747],[-100.41725,42.90349],[-100.421387,42.904817],[-100.426801,42.907105],[-100.430938,42.906808],[-100.43632,42.90706],[-100.445498,42.908043],[-100.447924,42.907105],[-100.44979,42.905412],[-100.45091,42.905275],[-100.451999,42.905984],[-100.452311,42.909163],[-100.456915,42.907721],[-100.461208,42.90708],[-100.463478,42.905273],[-100.464099,42.902323],[-100.466494,42.901956],[-100.475578,42.903852],[-100.479343,42.902798],[-100.482234,42.900716],[-100.480277,42.901244],[-100.472673,42.902454],[-100.471584,42.901788],[-100.474139,42.89863],[-100.474351,42.89701],[-100.468981,42.897243],[-100.468665,42.895473],[-100.466914,42.89518],[-100.466595,42.892787],[-100.461733,42.891749],[-100.463684,42.884815],[-100.464287,42.883924],[-100.464291,42.874768],[-100.46411,42.872409],[-100.461037,42.867746],[-100.434858,42.867696],[-100.434864,42.842481],[-100.43399,42.824523],[-100.434302,42.782631],[-100.417824,42.781861],[-100.417643,42.766714],[-100.414149,42.766825],[-100.410411,42.766183],[-100.404998,42.763898],[-100.398858,42.762828],[-100.394675,42.76307],[-100.390795,42.76375],[-100.384067,42.764004],[-100.380458,42.761821],[-100.378679,42.761706],[-100.378015,42.758577],[-100.379144,42.755235],[-100.382724,42.751734],[-100.384319,42.749107],[-100.38444,42.747227],[-100.382485,42.741554],[-100.378908,42.736432],[-100.367711,42.726194],[-100.367603,42.725517],[-100.369013,42.723866],[-100.37288,42.724282],[-100.376787,42.717353],[-100.378423,42.71602],[-100.379043,42.714203],[-100.378001,42.712354],[-100.37826,42.708458],[-100.381026,42.707738],[-100.38431,42.704792],[-100.39061,42.700482],[-100.392882,42.6993],[-100.392448,42.696607],[-100.389849,42.693726],[-100.385935,42.693063],[-100.383573,42.691945],[-100.368198,42.693531],[-100.354056,42.7004],[-100.345108,42.70215],[-100.355815,42.713507],[-100.329069,42.686864],[-100.321506,42.678467],[-100.319781,42.676944],[-100.320002,42.666007],[-100.329702,42.665855],[-100.329747,42.662106],[-100.335811,42.659797],[-100.33957,42.656996],[-100.339757,42.654898],[-100.343268,42.651833],[-100.343604,42.650815],[-100.343042,42.642051],[-100.345079,42.641239],[-100.347828,42.641919],[-100.350854,42.640645],[-100.351478,42.638324],[-100.349809,42.634823],[-100.347921,42.632672],[-100.345481,42.631323],[-100.3428,42.630869],[-100.342907,42.626747],[-100.344149,42.62888],[-100.347364,42.630452],[-100.3535,42.6323],[-100.355792,42.635256],[-100.357927,42.636013],[-100.363441,42.639842],[-100.367405,42.64076],[-100.370068,42.641952],[-100.372856,42.642319],[-100.384125,42.645824],[-100.385629,42.647331],[-100.388744,42.647547],[-100.396438,42.649423],[-100.398002,42.650929],[-100.400567,42.651903],[-100.404492,42.654195],[-100.409921,42.655619],[-100.413673,42.657365],[-100.415708,42.657416],[-100.417601,42.656591],[-100.418032,42.593796],[-100.416623,42.59312],[-100.411803,42.592045],[-100.406029,42.588428],[-100.403451,42.58825],[-100.401464,42.587425],[-100.395574,42.587014],[-100.395996,42.585124],[-100.396552,42.583924],[-100.398772,42.582187],[-100.399397,42.580893],[-100.401717,42.579301],[-100.418034,42.57934],[-100.418121,42.521059],[-100.418707,42.514717],[-100.418002,42.506892],[-100.419597,42.434846],[-100.460407,42.435054],[-100.458669,42.341135],[-100.455361,42.340898],[-100.453941,42.340029],[-100.449316,42.335432],[-100.448236,42.333511],[-100.446043,42.332254],[-100.444752,42.32976],[-100.443581,42.326192],[-100.441763,42.325781],[-100.4413,42.324592],[-100.438126,42.321024],[-100.435969,42.314162],[-100.432914,42.312358],[-100.430505,42.310235],[-100.427944,42.309619],[-100.426832,42.307951],[-100.423869,42.306217],[-100.419457,42.305694],[-100.415291,42.303044],[-100.414026,42.301742],[-100.412853,42.301629],[-100.409426,42.303256],[-100.405569,42.303328],[-100.40344,42.302072],[-100.402112,42.302576],[-100.40023,42.301571],[-100.397919,42.303131],[-100.397054,42.303332],[-100.39368,42.301995],[-100.392421,42.302654],[-100.386346,42.300921],[-100.383091,42.301438],[-100.380357,42.300951],[-100.37675,42.303236],[-100.370094,42.301773],[-100.364377,42.300096],[-100.364159,42.301942],[-100.362124,42.304437],[-100.362224,42.310578],[-100.356995,42.309907],[-100.352353,42.31019],[-100.348542,42.311515],[-100.344254,42.312071],[-100.339965,42.314868],[-100.332872,42.314974],[-100.329193,42.31331],[-100.328105,42.312391],[-100.327328,42.310483],[-100.323275,42.306046],[-100.321719,42.305216],[-100.313491,42.302461],[-100.302032,42.296467],[-100.298466,42.295486],[-100.29621,42.296437],[-100.292331,42.296769],[-100.287727,42.298907],[-100.284228,42.300058],[-100.2824,42.302549],[-100.279213,42.305884],[-100.27759,42.306918],[-100.275212,42.307035],[-100.262011,42.306983],[-100.25666,42.307468],[-100.253592,42.306264],[-100.251117,42.304367],[-100.247008,42.303372],[-100.243861,42.302258],[-100.241453,42.302958],[-100.237465,42.301907],[-100.234962,42.303088],[-100.225724,42.303109],[-100.222312,42.304245],[-100.21872,42.307733],[-100.219102,42.312857],[-100.218451,42.319],[-100.218718,42.321077],[-100.223844,42.324797],[-100.22694,42.328196],[-100.226208,42.332634],[-100.225979,42.352538],[-100.224438,42.366234],[-100.224329,42.375654],[-100.222306,42.385473],[-100.219717,42.393717],[-100.218681,42.395898],[-100.214929,42.400247],[-100.213392,42.402962],[-100.212874,42.408077],[-100.211675,42.4149],[-100.211129,42.415597],[-100.207345,42.417903],[-100.202128,42.420422],[-100.202136,42.42508],[-100.19887,42.433532],[-100.183167,42.433497],[-100.183018,42.534474],[-100.183189,42.536939],[-100.183117,42.555273],[-100.183164,42.749367],[-100.183354,42.750002],[-100.18327,42.781005],[-100.198575,42.781021],[-100.198478,42.846102],[-100.20136,42.847651],[-100.208294,42.847326],[-100.212547,42.847922],[-100.216231,42.852094],[-100.214714,42.85418],[-100.217234,42.854315],[-100.219045,42.856195],[-100.227362,42.858099],[-100.230985,42.857431],[-100.232927,42.857853],[-100.235006,42.859498],[-100.237009,42.859963],[-100.23866,42.861256],[-100.242216,42.862437],[-100.244755,42.864839]]]}},{"type":"Feature","properties":{"zcta5":"69350","AFFGEOID10":"8600000US69350","GEOID10":"69350","ALAND10":1177467157,"AWATER10":13931552,"county_name":"Cherry","state_code":"NE","county_state":"Cherry County, NE","county_fips":"31031","risk_level_county":"Higher Risk (60–69% vaccinated)","mean_vaccination_rate_county":68.93,"risk_level_zcta":"Lower Risk (80–84% vaccinated)","mean_vaccination_rate_zips":80.42,"cases":1},"geometry":{"type":"Polygon","coordinates":[[[-101.801495,42.319061],[-101.80434,42.316149],[-101.805394,42.313855],[-101.804584,42.310082],[-101.808708,42.305521],[-101.808696,42.303805],[-101.807059,42.301644],[-101.80657,42.299292],[-101.80751,42.297916],[-101.810301,42.297181],[-101.808766,42.295274],[-101.807004,42.292029],[-101.807284,42.289954],[-101.808882,42.28778],[-101.814888,42.282671],[-101.815311,42.278489],[-101.81773,42.275834],[-101.818406,42.271464],[-101.82022,42.269396],[-101.8208,42.267239],[-101.820071,42.263148],[-101.817429,42.260001],[-101.81886,42.257268],[-101.819102,42.254865],[-101.818432,42.253036],[-101.815884,42.249242],[-101.815715,42.247915],[-101.809527,42.238032],[-101.81092,42.232702],[-101.810665,42.22863],[-101.811841,42.225025],[-101.816683,42.219554],[-101.815772,42.216542],[-101.814849,42.215055],[-101.811018,42.211285],[-101.806349,42.205907],[-101.804494,42.204924],[-101.8015,42.200704],[-101.803385,42.19809],[-101.806399,42.195351],[-101.807771,42.193297],[-101.807634,42.191102],[-101.805697,42.188485],[-101.801951,42.185947],[-101.800697,42.181753],[-101.801435,42.181627],[-101.8104,42.184023],[-101.813614,42.184512],[-101.818477,42.184328],[-101.822298,42.181608],[-101.828176,42.179499],[-101.832258,42.179532],[-101.833482,42.179901],[-101.842884,42.185932],[-101.843776,42.18478],[-101.850525,42.185013],[-101.852692,42.185633],[-101.857595,42.188463],[-101.857385,42.183981],[-101.858381,42.181617],[-101.861595,42.176653],[-101.863122,42.175869],[-101.867868,42.1757],[-101.870929,42.176329],[-101.873975,42.178105],[-101.877401,42.178115],[-101.883822,42.180346],[-101.887385,42.179504],[-101.891934,42.180511],[-101.895294,42.180358],[-101.897536,42.181106],[-101.891664,42.16906],[-101.891823,42.163048],[-101.886245,42.1628],[-101.882001,42.162007],[-101.877127,42.159839],[-101.875648,42.158536],[-101.875555,42.156635],[-101.873684,42.154673],[-101.870648,42.152677],[-101.867349,42.151387],[-101.865696,42.149712],[-101.858903,42.148288],[-101.85638,42.147207],[-101.851634,42.144317],[-101.850264,42.142015],[-101.84497,42.139791],[-101.841666,42.138859],[-101.839543,42.139189],[-101.834862,42.138724],[-101.832495,42.137776],[-101.828267,42.137412],[-101.825743,42.13816],[-101.823367,42.135942],[-101.819599,42.134925],[-101.813684,42.134725],[-101.813184,42.130354],[-101.810745,42.126736],[-101.810133,42.124619],[-101.810083,42.119107],[-101.810718,42.11844],[-101.810855,42.114962],[-101.812821,42.113527],[-101.812816,42.11173],[-101.810362,42.108283],[-101.807558,42.106481],[-101.805365,42.103619],[-101.801392,42.102011],[-101.799547,42.099857],[-101.799445,42.09754],[-101.805442,42.094508],[-101.80478,42.093346],[-101.855123,42.094203],[-101.854785,42.01091],[-101.863097,42.011593],[-101.865711,42.011972],[-101.868631,42.012725],[-101.87482,42.014936],[-101.876978,42.015426],[-101.878535,42.015613],[-101.901696,42.016524],[-101.899986,42.014359],[-101.908538,41.994115],[-101.909116,41.992197],[-101.909005,41.990295],[-101.909789,41.98817],[-101.911837,41.986304],[-101.919237,41.97757],[-101.919585,41.971957],[-101.918194,41.968895],[-101.914376,41.957421],[-101.918051,41.953171],[-101.922603,41.9472],[-101.924171,41.9456],[-101.926608,41.941482],[-101.92664,41.939822],[-101.925781,41.936361],[-101.926334,41.930688],[-101.925972,41.921295],[-101.925383,41.918304],[-101.92661,41.91401],[-101.922279,41.915195],[-101.916493,41.913829],[-101.911964,41.913925],[-101.904121,41.915081],[-101.902396,41.915672],[-101.900321,41.917201],[-101.899,41.920596],[-101.898267,41.923928],[-101.897746,41.925048],[-101.894174,41.929469],[-101.893113,41.934698],[-101.890741,41.941113],[-101.890156,41.9439],[-101.888902,41.946659],[-101.885318,41.948349],[-101.879803,41.951981],[-101.878669,41.953284],[-101.875458,41.955247],[-101.871425,41.956367],[-101.864289,41.956783],[-101.862238,41.957653],[-101.853831,41.958894],[-101.854424,41.742194],[-101.80511,41.742057],[-101.801966,41.742389],[-101.702366,41.742674],[-101.700321,41.742537],[-101.696305,41.742733],[-101.631996,41.74241],[-101.63105,41.740536],[-101.629079,41.738432],[-101.63152,41.737127],[-101.635994,41.735572],[-101.637829,41.732154],[-101.637902,41.728487],[-101.636764,41.726608],[-101.63607,41.722833],[-101.637928,41.722683],[-101.637906,41.720189],[-101.627901,41.720096],[-101.628086,41.712858],[-101.618727,41.712608],[-101.619741,41.711749],[-101.626961,41.707658],[-101.631112,41.706585],[-101.633005,41.704368],[-101.632611,41.700801],[-101.631422,41.699817],[-101.630753,41.698193],[-101.626606,41.69515],[-101.625808,41.693366],[-101.624502,41.692351],[-101.622448,41.687614],[-101.62222,41.684988],[-101.623462,41.682868],[-101.620915,41.682197],[-101.617976,41.682236],[-101.616304,41.681412],[-101.613493,41.681253],[-101.609784,41.679667],[-101.608576,41.678463],[-101.604344,41.678118],[-101.603097,41.67727],[-101.598951,41.67586],[-101.596748,41.675917],[-101.597401,41.673464],[-101.598978,41.670932],[-101.599063,41.655376],[-101.598742,41.653961],[-101.596831,41.653577],[-101.591786,41.65184],[-101.583905,41.651847],[-101.580227,41.654024],[-101.577576,41.657411],[-101.576355,41.660573],[-101.577483,41.663285],[-101.574464,41.666312],[-101.569136,41.669724],[-101.567029,41.671757],[-101.563977,41.673228],[-101.560159,41.673073],[-101.551746,41.673353],[-101.550049,41.673941],[-101.548694,41.67544],[-101.543759,41.677486],[-101.545766,41.678165],[-101.54909,41.680023],[-101.5516,41.680415],[-101.55582,41.684364],[-101.55835,41.685784],[-101.56172,41.687062],[-101.565372,41.687893],[-101.570803,41.689541],[-101.57157,41.689259],[-101.570992,41.690332],[-101.571201,41.692777],[-101.573417,41.697586],[-101.573048,41.699683],[-101.572075,41.703997],[-101.57327,41.707106],[-101.573248,41.710535],[-101.572804,41.713468],[-101.572079,41.71473],[-101.57106,41.719001],[-101.565176,41.721541],[-101.563529,41.72504],[-101.559973,41.727829],[-101.556277,41.72802],[-101.552765,41.728835],[-101.552538,41.729624],[-101.548359,41.729722],[-101.54408,41.731792],[-101.536513,41.734762],[-101.535842,41.737014],[-101.534531,41.738177],[-101.533396,41.740826],[-101.533578,41.742657],[-101.563218,41.74259],[-101.566143,41.744602],[-101.572147,41.74694],[-101.571713,41.750193],[-101.571727,41.754199],[-101.569809,41.754744],[-101.567272,41.756882],[-101.563532,41.75745],[-101.564476,41.761516],[-101.566186,41.766455],[-101.564808,41.769909],[-101.561738,41.771728],[-101.561039,41.772897],[-101.561856,41.777411],[-101.569008,41.777529],[-101.573117,41.776218],[-101.575441,41.776191],[-101.583773,41.774984],[-101.586317,41.774828],[-101.590096,41.773387],[-101.593626,41.772586],[-101.597578,41.772546],[-101.605195,41.773394],[-101.609468,41.774105],[-101.610487,41.773423],[-101.617533,41.77453],[-101.627221,41.774011],[-101.633506,41.773357],[-101.637395,41.772082],[-101.637557,41.77365],[-101.639718,41.77433],[-101.639696,41.795953],[-101.635257,41.797984],[-101.635178,41.800169],[-101.637432,41.803121],[-101.62956,41.802982],[-101.625975,41.80217],[-101.623004,41.803579],[-101.61782,41.804723],[-101.615537,41.805793],[-101.612148,41.806078],[-101.612589,41.80853],[-101.614353,41.810662],[-101.615989,41.811699],[-101.615185,41.814428],[-101.613614,41.816188],[-101.613347,41.818529],[-101.612152,41.819881],[-101.607467,41.821714],[-101.59835,41.823147],[-101.604807,41.824065],[-101.606144,41.82707],[-101.606166,41.829226],[-101.607949,41.831853],[-101.60827,41.83366],[-101.606129,41.836193],[-101.606321,41.839501],[-101.605674,41.840205],[-101.60349,41.841924],[-101.600239,41.841132],[-101.594627,41.841588],[-101.591548,41.841009],[-101.58769,41.841397],[-101.580159,41.841085],[-101.578714,41.841943],[-101.569176,41.843691],[-101.561275,41.844284],[-101.553303,41.844139],[-101.546791,41.84496],[-101.540009,41.844944],[-101.536592,41.846444],[-101.5328,41.846571],[-101.528638,41.845966],[-101.525909,41.845974],[-101.521426,41.844331],[-101.517302,41.846071],[-101.514304,41.849025],[-101.511381,41.850453],[-101.510461,41.852257],[-101.51832,41.85511],[-101.520501,41.856449],[-101.520836,41.859925],[-101.518142,41.862988],[-101.513858,41.864496],[-101.512022,41.866073],[-101.506515,41.867512],[-101.50526,41.868449],[-101.505255,41.873731],[-101.506135,41.875443],[-101.509133,41.875578],[-101.510815,41.876608],[-101.516963,41.87821],[-101.522622,41.879035],[-101.525653,41.878671],[-101.528192,41.878946],[-101.530731,41.878489],[-101.534251,41.876455],[-101.536766,41.874197],[-101.539245,41.870973],[-101.54154,41.868961],[-101.544203,41.867952],[-101.544737,41.862877],[-101.547245,41.85692],[-101.557666,41.855777],[-101.560991,41.855697],[-101.56267,41.854949],[-101.571741,41.863862],[-101.576987,41.866488],[-101.576756,41.868707],[-101.577929,41.875643],[-101.578641,41.882997],[-101.581069,41.891258],[-101.590325,41.892739],[-101.589129,41.893645],[-101.588277,41.896215],[-101.588562,41.897651],[-101.593583,41.900805],[-101.599429,41.902402],[-101.601908,41.90247],[-101.603011,41.90439],[-101.606257,41.907179],[-101.607789,41.909259],[-101.611221,41.912047],[-101.620901,41.911204],[-101.625456,41.909753],[-101.633641,41.910838],[-101.639969,41.912596],[-101.639921,41.975045],[-101.640698,42.078352],[-101.637565,42.078902],[-101.63347,42.080383],[-101.631117,42.08163],[-101.620661,42.083985],[-101.618219,42.084085],[-101.615095,42.083213],[-101.606089,42.081718],[-101.604137,42.082961],[-101.594009,42.083194],[-101.588975,42.083104],[-101.586674,42.084751],[-101.584064,42.084751],[-101.578264,42.085553],[-101.574641,42.084456],[-101.572217,42.084753],[-101.570252,42.084274],[-101.566109,42.084114],[-101.563207,42.085321],[-101.562995,42.086656],[-101.559113,42.088438],[-101.555353,42.08925],[-101.55298,42.090696],[-101.549882,42.091455],[-101.546132,42.093425],[-101.596712,42.093639],[-101.599523,42.093945],[-101.597851,42.094983],[-101.596901,42.096931],[-101.596833,42.099232],[-101.595974,42.101591],[-101.594164,42.103479],[-101.594269,42.10784],[-101.592606,42.109127],[-101.590325,42.109643],[-101.58903,42.113525],[-101.5889,42.115259],[-101.586898,42.114967],[-101.585257,42.11607],[-101.582647,42.116016],[-101.579167,42.117846],[-101.580085,42.119446],[-101.583241,42.120637],[-101.589345,42.121854],[-101.59558,42.120983],[-101.599638,42.121453],[-101.601921,42.121324],[-101.596935,42.123079],[-101.595442,42.125232],[-101.592325,42.12686],[-101.592153,42.128075],[-101.593254,42.129979],[-101.592538,42.13208],[-101.594688,42.130941],[-101.601086,42.12911],[-101.603976,42.1288],[-101.604551,42.132095],[-101.60574,42.133734],[-101.605057,42.135744],[-101.607142,42.139433],[-101.607574,42.141694],[-101.60914,42.142938],[-101.606853,42.148358],[-101.603334,42.1531],[-101.602683,42.15602],[-101.604234,42.158508],[-101.607467,42.160854],[-101.616119,42.163552],[-101.622518,42.163576],[-101.624957,42.162348],[-101.627155,42.161942],[-101.630445,42.163586],[-101.632641,42.163841],[-101.634611,42.165397],[-101.638368,42.166233],[-101.641153,42.165366],[-101.646155,42.16216],[-101.651,42.16007],[-101.653704,42.158004],[-101.657375,42.157298],[-101.66332,42.15508],[-101.666869,42.15586],[-101.66284,42.15903],[-101.659979,42.162315],[-101.660375,42.165283],[-101.658527,42.168248],[-101.658401,42.170256],[-101.657139,42.172173],[-101.657966,42.174274],[-101.654859,42.175641],[-101.651904,42.178926],[-101.651411,42.180272],[-101.649348,42.182005],[-101.647626,42.182574],[-101.645994,42.184193],[-101.649057,42.191524],[-101.650467,42.192645],[-101.650618,42.194859],[-101.652122,42.197029],[-101.651377,42.202529],[-101.653218,42.204791],[-101.653952,42.207257],[-101.653563,42.209602],[-101.652138,42.210805],[-101.653479,42.212029],[-101.654201,42.211464],[-101.659174,42.214188],[-101.66307,42.215834],[-101.665089,42.215647],[-101.670353,42.217193],[-101.676645,42.218475],[-101.68209,42.21912],[-101.684856,42.218255],[-101.690434,42.217603],[-101.693434,42.216239],[-101.701829,42.214876],[-101.707761,42.213006],[-101.708273,42.210698],[-101.710611,42.208233],[-101.715972,42.207178],[-101.724475,42.205095],[-101.726993,42.203645],[-101.718331,42.214023],[-101.71648,42.217994],[-101.714266,42.229965],[-101.714718,42.235019],[-101.720782,42.255474],[-101.721099,42.257393],[-101.720464,42.295303],[-101.725041,42.29693],[-101.727717,42.302788],[-101.729561,42.304007],[-101.736144,42.305012],[-101.738497,42.306108],[-101.743187,42.306932],[-101.744764,42.309187],[-101.747495,42.310951],[-101.750193,42.315956],[-101.756779,42.317003],[-101.762665,42.317281],[-101.770239,42.318368],[-101.777722,42.318682],[-101.781927,42.319635],[-101.789869,42.32083],[-101.794408,42.321104],[-101.794893,42.313633],[-101.798112,42.314884],[-101.800244,42.316633],[-101.801495,42.319061]]]}},{"type":"Feature","properties":{"zcta5":"69220","AFFGEOID10":"8600000US69220","GEOID10":"69220","ALAND10":125881939,"AWATER10":0,"county_name":"Cherry","state_code":"NE","county_state":"Cherry County, NE","county_fips":"31031","risk_level_county":"Higher Risk (60–69% vaccinated)","mean_vaccination_rate_county":68.93,"risk_level_zcta":"Lower Risk (80–84% vaccinated)","mean_vaccination_rate_zips":81.57,"cases":1},"geometry":{"type":"MultiPolygon","coordinates":[[[[-100.098397,42.89692],[-100.1142,42.896781],[-100.118813,42.896228],[-100.139509,42.896813],[-100.198372,42.896659],[-100.230346,42.8969],[-100.232781,42.897609],[-100.233629,42.896932],[-100.237754,42.896948],[-100.237664,42.911541],[-100.257547,42.911611],[-100.257269,42.897152],[-100.259632,42.895281],[-100.259166,42.892603],[-100.26002,42.891636],[-100.25981,42.888604],[-100.261513,42.887089],[-100.260802,42.883547],[-100.259976,42.88223],[-100.260525,42.880849],[-100.260517,42.877835],[-100.262159,42.876775],[-100.263181,42.874592],[-100.262819,42.873765],[-100.258681,42.87118],[-100.258584,42.869624],[-100.257615,42.868139],[-100.249471,42.867559],[-100.247335,42.867797],[-100.244533,42.866148],[-100.244755,42.864839],[-100.242216,42.862437],[-100.23866,42.861256],[-100.237009,42.859963],[-100.235006,42.859498],[-100.232927,42.857853],[-100.230985,42.857431],[-100.227362,42.858099],[-100.219045,42.856195],[-100.217234,42.854315],[-100.214714,42.85418],[-100.216231,42.852094],[-100.212547,42.847922],[-100.208294,42.847326],[-100.20136,42.847651],[-100.198478,42.846102],[-100.195269,42.842824],[-100.190856,42.839463],[-100.187778,42.83761],[-100.179947,42.836535],[-100.176373,42.834796],[-100.173328,42.834888],[-100.168947,42.833972],[-100.165373,42.834063],[-100.163322,42.833445],[-100.16208,42.831615],[-100.1632,42.828757],[-100.160808,42.827521],[-100.157731,42.828893],[-100.155742,42.83079],[-100.15108,42.832482],[-100.149309,42.832115],[-100.146667,42.830513],[-100.145363,42.830215],[-100.14468,42.829346],[-100.14462,42.824772],[-100.144031,42.824131],[-100.139464,42.823031],[-100.134432,42.821222],[-100.135533,42.823033],[-100.133264,42.82349],[-100.129077,42.822556],[-100.121875,42.823558],[-100.118139,42.823763],[-100.116496,42.824461],[-100.115798,42.825868],[-100.115979,42.828101],[-100.117161,42.829705],[-100.116976,42.835465],[-100.109779,42.835576],[-100.109485,42.836829],[-100.110823,42.83865],[-100.109542,42.839692],[-100.109182,42.842899],[-100.101331,42.842867],[-100.099719,42.845052],[-100.099505,42.861306],[-100.100625,42.868115],[-100.09684,42.867696],[-100.081062,42.868273],[-100.081633,42.875349],[-100.08133,42.896956],[-100.098129,42.896839],[-100.098397,42.89692]]],[[[-100.27760326715101,42.9986736844121],[-100.276551,42.996996],[-100.276409,42.969864],[-100.277809,42.95438],[-100.278237,42.940596],[-100.257332,42.940736],[-100.2545,42.939621],[-100.253599,42.940772],[-100.230741,42.940973],[-100.227021,42.940367],[-100.222675,42.938562],[-100.219101,42.935271],[-100.217438,42.937355],[-100.21744,42.939852],[-100.218119,42.952595],[-100.21739,42.95393],[-100.216091,42.954599],[-100.212923,42.954715],[-100.198516,42.954732],[-100.19841203687501,42.9985420518853],[-100.198412688285,42.9985420503464],[-100.198434,42.998542],[-100.27760326715101,42.9986736844121]]]]}},{"type":"Feature","properties":{"zcta5":"69214","AFFGEOID10":"8600000US69214","GEOID10":"69214","ALAND10":753871010,"AWATER10":2902374,"county_name":"Cherry","state_code":"NE","county_state":"Cherry County, NE","county_fips":"31031","risk_level_county":"Higher Risk (60–69% vaccinated)","mean_vaccination_rate_county":68.93,"risk_level_zcta":"Medium Risk (70–79% vaccinated)","mean_vaccination_rate_zips":72.1,"cases":1},"geometry":{"type":"Polygon","coordinates":[[[-100.198478,42.846102],[-100.198575,42.781021],[-100.18327,42.781005],[-100.183354,42.750002],[-100.183164,42.749367],[-100.183117,42.555273],[-100.183189,42.536939],[-100.183018,42.534474],[-100.183167,42.433497],[-100.167539,42.433281],[-100.167454,42.368181],[-100.148324,42.364265],[-100.143965,42.365039],[-100.141107,42.364446],[-100.138842,42.362681],[-100.134096,42.361858],[-100.125057,42.361781],[-100.120242,42.360691],[-100.114849,42.360737],[-100.109009,42.36043],[-100.108094,42.359997],[-100.106499,42.356929],[-100.092537,42.349294],[-100.088565,42.348452],[-100.083289,42.34639],[-100.078188,42.346061],[-100.073971,42.343871],[-100.068489,42.343677],[-100.060981,42.341733],[-100.061045,42.353499],[-100.05935,42.356097],[-100.059559,42.357319],[-100.063365,42.365136],[-100.061105,42.370664],[-100.056728,42.374058],[-100.055066,42.376081],[-100.051633,42.377852],[-100.051545,42.393487],[-100.051378,42.396497],[-100.050136,42.397488],[-100.04848,42.403699],[-100.044205,42.404145],[-100.043042,42.404657],[-100.039657,42.408476],[-100.034132,42.428157],[-100.034026,42.430771],[-100.032678,42.434604],[-100.031685,42.43607],[-100.028597,42.443472],[-100.025319,42.446659],[-100.025012,42.45151],[-100.026793,42.459301],[-100.028044,42.563756],[-100.02407,42.566212],[-100.025831,42.568108],[-100.025952,42.574885],[-100.027437,42.574908],[-100.027492,42.57813],[-100.048213,42.577982],[-100.048375,42.592646],[-100.045675,42.592467],[-100.008877,42.592946],[-100.008661,42.578452],[-100.002995,42.578508],[-100.002825,42.56692],[-100.004461,42.56374],[-100.008378,42.564352],[-100.008367,42.560179],[-99.992972,42.559987],[-99.988231,42.559783],[-99.984396,42.560265],[-99.982447,42.559922],[-99.981676,42.561181],[-99.977472,42.563858],[-99.974379,42.565278],[-99.975432,42.565781],[-99.972898,42.56816],[-99.970175,42.567704],[-99.969358,42.56872],[-99.969997,42.592947],[-99.951394,42.592992],[-99.952512,42.590146],[-99.952418,42.584953],[-99.953841,42.583397],[-99.953407,42.582094],[-99.955449,42.580308],[-99.954604,42.578514],[-99.951061,42.578529],[-99.950441,42.579525],[-99.951251,42.636463],[-99.955619,42.636777],[-99.957957,42.642544],[-99.960287,42.645384],[-99.960261,42.647691],[-99.959312,42.650942],[-99.951398,42.650975],[-99.95149,42.744079],[-99.95205,42.75],[-99.952538,42.772642],[-99.957673,42.772169],[-99.961643,42.772597],[-99.964037,42.773266],[-99.968856,42.772474],[-99.972544,42.773288],[-99.977802,42.775291],[-99.985938,42.780878],[-99.994116,42.784704],[-100.001284,42.786198],[-100.007809,42.788566],[-100.011397,42.7885],[-100.016765,42.787356],[-100.021213,42.785526],[-100.024765,42.786021],[-100.030059,42.787642],[-100.031465,42.787739],[-100.035321,42.786706],[-100.037499,42.78677],[-100.042572,42.785008],[-100.047309,42.785286],[-100.050754,42.785033],[-100.055921,42.785438],[-100.064151,42.7875],[-100.068637,42.790403],[-100.076641,42.791644],[-100.083269,42.792083],[-100.093689,42.795292],[-100.094936,42.796129],[-100.099127,42.796897],[-100.103455,42.797037],[-100.10724,42.798939],[-100.11334,42.799683],[-100.114257,42.801067],[-100.114315,42.803403],[-100.115296,42.804469],[-100.117424,42.805361],[-100.121113,42.805149],[-100.127343,42.805987],[-100.130003,42.807063],[-100.133978,42.807819],[-100.135313,42.808575],[-100.138788,42.813036],[-100.139005,42.814454],[-100.137512,42.816855],[-100.134777,42.818341],[-100.133812,42.81985],[-100.134432,42.821222],[-100.139464,42.823031],[-100.144031,42.824131],[-100.14462,42.824772],[-100.14468,42.829346],[-100.145363,42.830215],[-100.146667,42.830513],[-100.149309,42.832115],[-100.15108,42.832482],[-100.155742,42.83079],[-100.157731,42.828893],[-100.160808,42.827521],[-100.1632,42.828757],[-100.16208,42.831615],[-100.163322,42.833445],[-100.165373,42.834063],[-100.168947,42.833972],[-100.173328,42.834888],[-100.176373,42.834796],[-100.179947,42.836535],[-100.187778,42.83761],[-100.190856,42.839463],[-100.195269,42.842824],[-100.198478,42.846102]]]}},{"type":"Feature","properties":{"zcta5":"69161","AFFGEOID10":"8600000US69161","GEOID10":"69161","ALAND10":348061427,"AWATER10":1640328,"county_name":"Cherry","state_code":"NE","county_state":"Cherry County, NE","county_fips":"31031","risk_level_county":"Higher Risk (60–69% vaccinated)","mean_vaccination_rate_county":68.93,"risk_level_zcta":"Lower Risk (80–84% vaccinated)","mean_vaccination_rate_zips":81.24,"cases":1},"geometry":{"type":"Polygon","coordinates":[[[-100.809277,42.321053],[-100.809615,42.205494],[-100.809385,42.204805],[-100.809258,42.178612],[-100.809402,42.177101],[-100.838199,42.176878],[-100.838284,42.162628],[-100.841296,42.162628],[-100.868496,42.161669],[-100.86784,42.157479],[-100.867732,42.08821],[-100.846129,42.088166],[-100.845632,41.976427],[-100.845146,41.972587],[-100.840286,41.97563],[-100.833977,41.977271],[-100.831703,41.978511],[-100.82739,41.978397],[-100.827545,42.000445],[-100.781846,42.000217],[-100.780881,41.999038],[-100.780315,41.995655],[-100.77838,41.993574],[-100.77898,41.990378],[-100.780683,41.987213],[-100.7809,41.981778],[-100.77672,41.981423],[-100.776173,41.980211],[-100.772731,41.97916],[-100.768835,41.979451],[-100.767194,41.979887],[-100.763851,41.982561],[-100.758762,41.983566],[-100.756492,41.985943],[-100.752966,41.986513],[-100.748807,41.987997],[-100.747214,41.989096],[-100.743846,41.993786],[-100.744891,41.996736],[-100.746579,41.997902],[-100.747316,41.999522],[-100.74624,42.000997],[-100.74563,42.003742],[-100.747379,42.005228],[-100.746378,42.007545],[-100.751618,42.009631],[-100.749637,42.01113],[-100.749599,42.023743],[-100.750194,42.024285],[-100.771577,42.034592],[-100.777966,42.037165],[-100.787811,42.038683],[-100.788033,42.039659],[-100.784388,42.041389],[-100.783814,42.044207],[-100.782163,42.047008],[-100.782099,42.048756],[-100.779938,42.051049],[-100.781278,42.056511],[-100.78134,42.060814],[-100.784474,42.061482],[-100.786132,42.062534],[-100.787481,42.064387],[-100.789475,42.0683],[-100.791009,42.070038],[-100.791223,42.07141],[-100.789443,42.071341],[-100.784255,42.069991],[-100.78097,42.073032],[-100.777961,42.073489],[-100.772313,42.072869],[-100.769059,42.07344],[-100.766389,42.072638],[-100.760403,42.072453],[-100.756381,42.073137],[-100.750906,42.070001],[-100.742313,42.069408],[-100.738689,42.067214],[-100.735374,42.06669],[-100.732121,42.067377],[-100.725093,42.068203],[-100.723005,42.068136],[-100.71567,42.068664],[-100.71085,42.07006],[-100.709899,42.070815],[-100.707658,42.070495],[-100.703606,42.070725],[-100.699585,42.072098],[-100.697314,42.074911],[-100.696547,42.076992],[-100.694583,42.078639],[-100.694584,42.083923],[-100.691882,42.086141],[-100.691166,42.087491],[-100.635902,42.087091],[-100.636033,42.142446],[-100.708602,42.142411],[-100.709065,42.273365],[-100.709481,42.27664],[-100.751283,42.277175],[-100.751409,42.262834],[-100.770063,42.262538],[-100.770717,42.302365],[-100.770876,42.306896],[-100.789783,42.306116],[-100.789307,42.320887],[-100.809277,42.321053]]]}},{"type":"Feature","properties":{"zcta5":"69212","AFFGEOID10":"8600000US69212","GEOID10":"69212","ALAND10":477030448,"AWATER10":411698,"county_name":"Cherry","state_code":"NE","county_state":"Cherry County, NE","county_fips":"31031","risk_level_county":"Higher Risk (60–69% vaccinated)","mean_vaccination_rate_county":68.93,"risk_level_zcta":"Uninhabited","mean_vaccination_rate_zips":null,"cases":1},"geometry":{"type":"Polygon","coordinates":[[[-100.866117,43.089285],[-100.826411,43.089223],[-100.826463,43.074813],[-100.786957,43.074807],[-100.786935,43.03136],[-100.806674,43.031377],[-100.806643,43.000666],[-100.806908323061,42.9982212980815],[-100.807603629,42.9982218112768],[-100.808737,42.997318],[-100.808146,42.972128],[-100.819215,42.972142],[-100.827291,42.971671],[-100.836674,42.972228],[-100.848533,42.972266],[-100.846988,42.971452],[-100.847018,42.968182],[-100.842004,42.965988],[-100.841068,42.963085],[-100.839138,42.962856],[-100.839231,42.961965],[-100.836989,42.961302],[-100.836334,42.96009],[-100.834404,42.960251],[-100.833376,42.958718],[-100.834621,42.958123],[-100.833594,42.957163],[-100.832535,42.957666],[-100.829514,42.957347],[-100.826899,42.955838],[-100.824035,42.95737],[-100.822603,42.956341],[-100.822727,42.954603],[-100.819894,42.95282],[-100.818151,42.952683],[-100.813637,42.950831],[-100.811894,42.951471],[-100.80875,42.950944],[-100.807598,42.949435],[-100.805231,42.948726],[-100.804235,42.949343],[-100.80436,42.950944],[-100.803364,42.951356],[-100.801091,42.949549],[-100.798157,42.948761],[-100.797989,42.942815],[-100.793343,42.93892],[-100.793161,42.938267],[-100.793682,42.937221],[-100.799543,42.938465],[-100.804554,42.938911],[-100.810791,42.938351],[-100.814695,42.937414],[-100.821033,42.933488],[-100.823914,42.932099],[-100.864054,42.922081],[-100.871581,42.920168],[-100.88175,42.917245],[-100.88524,42.916838],[-100.887132,42.917122],[-100.905677,42.922959],[-100.905826,42.898716],[-100.905446,42.894683],[-100.90567,42.871229],[-100.924692,42.871264],[-100.924692,42.864227],[-100.915189,42.86383],[-100.915168,42.858216],[-100.914379,42.856816],[-100.925149,42.856852],[-100.925231,42.807896],[-100.924637,42.806641],[-100.921308,42.804471],[-100.918787,42.801948],[-100.918224,42.79877],[-100.919413,42.795153],[-100.92097,42.793336],[-100.924011,42.791511],[-100.928833,42.790703],[-100.927183,42.78973],[-100.925155,42.789568],[-100.925631,42.786945],[-100.921037,42.788008],[-100.914909,42.787305],[-100.909819,42.784106],[-100.907725,42.784862],[-100.904642,42.783611],[-100.900309,42.784687],[-100.899669,42.782768],[-100.896208,42.781285],[-100.892835,42.780645],[-100.889607,42.780703],[-100.886379,42.779685],[-100.885041,42.779947],[-100.883848,42.781925],[-100.878416,42.781688],[-100.874043,42.780032],[-100.868667,42.779831],[-100.865039,42.778504],[-100.864639,42.777446],[-100.862211,42.778057],[-100.860059,42.776791],[-100.859419,42.777635],[-100.856098,42.77709],[-100.854009,42.778304],[-100.84988,42.777649],[-100.848542,42.776501],[-100.845706,42.775817],[-100.843452,42.775977],[-100.841911,42.775243],[-100.83742,42.772026],[-100.83422,42.772147],[-100.830296,42.773543],[-100.827791,42.774334],[-100.825552,42.773825],[-100.822935,42.775686],[-100.818921,42.77717],[-100.81655,42.777602],[-100.812329,42.777099],[-100.807819,42.778238],[-100.802788,42.780405],[-100.799601,42.781315],[-100.795596,42.781145],[-100.791745,42.779687],[-100.789853,42.779749],[-100.788021,42.780732],[-100.786965,42.782333],[-100.783946,42.784269],[-100.782025,42.786761],[-100.779912,42.787141],[-100.774303,42.787066],[-100.771446,42.786252],[-100.768134,42.786688],[-100.762951,42.789275],[-100.758907,42.787988],[-100.754802,42.78882],[-100.751131,42.787833],[-100.747542,42.788696],[-100.744596,42.791438],[-100.742057,42.79198],[-100.737605,42.791608],[-100.734371,42.790428],[-100.728989,42.793266],[-100.728883,42.812159],[-100.689526,42.812341],[-100.689364,42.869435],[-100.669747,42.869192],[-100.670057,42.897514],[-100.673358,42.897296],[-100.6737,42.898348],[-100.676126,42.898714],[-100.677649,42.900087],[-100.681258,42.900178],[-100.682627,42.901688],[-100.682596,42.903151],[-100.68552,42.90354],[-100.689968,42.905049],[-100.693607,42.906719],[-100.695443,42.905712],[-100.696065,42.904454],[-100.698625,42.904677],[-100.705309,42.909341],[-100.708077,42.910546],[-100.719067,42.913296],[-100.726658,42.916622],[-100.736253,42.920663],[-100.746216,42.924154],[-100.749199,42.924942],[-100.746642,42.92456],[-100.746618,42.926099],[-100.745001,42.926126],[-100.745045,42.928414],[-100.748968,42.928501],[-100.748992,42.931971],[-100.752059,42.931571],[-100.749318,42.93711],[-100.749374,42.942447],[-100.729619,42.941801],[-100.726595,42.941883],[-100.709181,42.941785],[-100.710121,42.985035],[-100.729977,42.985068],[-100.74995,42.985702],[-100.750021,42.9959],[-100.748957352922,42.99817852530239],[-100.748953004781,42.9981785220931],[-100.748025,43.000123],[-100.748015,43.103833],[-100.688661,43.103839],[-100.688735,43.128519],[-100.689033,43.129505],[-100.689099,43.15791],[-100.748824,43.157851],[-100.748891,43.171366],[-100.807411,43.171163],[-100.806722,43.118239],[-100.826493,43.118231],[-100.826543,43.128691],[-100.866157,43.128584],[-100.866117,43.089285]]]}},{"type":"Feature","properties":{"zcta5":"69135","AFFGEOID10":"8600000US69135","GEOID10":"69135","ALAND10":411469215,"AWATER10":238973,"county_name":"Cherry","state_code":"NE","county_state":"Cherry County, NE","county_fips":"31031","risk_level_county":"Higher Risk (60–69% vaccinated)","mean_vaccination_rate_county":68.93,"risk_level_zcta":"Uninhabited","mean_vaccination_rate_zips":null,"cases":1},"geometry":{"type":"Polygon","coordinates":[[[-100.458588,42.32086],[-100.458501,42.261828],[-100.400732,42.261489],[-100.401291,42.217743],[-100.284071,42.216468],[-100.285661,42.124999],[-100.285361,42.089885],[-100.282235,42.088589],[-100.28147,42.086201],[-100.267622,42.086147],[-100.167605,42.085848],[-100.167454,42.368181],[-100.167539,42.433281],[-100.183167,42.433497],[-100.19887,42.433532],[-100.202136,42.42508],[-100.202128,42.420422],[-100.207345,42.417903],[-100.211129,42.415597],[-100.211675,42.4149],[-100.212874,42.408077],[-100.213392,42.402962],[-100.214929,42.400247],[-100.218681,42.395898],[-100.219717,42.393717],[-100.222306,42.385473],[-100.224329,42.375654],[-100.224438,42.366234],[-100.225979,42.352538],[-100.226208,42.332634],[-100.22694,42.328196],[-100.223844,42.324797],[-100.218718,42.321077],[-100.218451,42.319],[-100.219102,42.312857],[-100.21872,42.307733],[-100.222312,42.304245],[-100.225724,42.303109],[-100.234962,42.303088],[-100.237465,42.301907],[-100.241453,42.302958],[-100.243861,42.302258],[-100.247008,42.303372],[-100.251117,42.304367],[-100.253592,42.306264],[-100.25666,42.307468],[-100.262011,42.306983],[-100.275212,42.307035],[-100.27759,42.306918],[-100.279213,42.305884],[-100.2824,42.302549],[-100.284228,42.300058],[-100.287727,42.298907],[-100.292331,42.296769],[-100.29621,42.296437],[-100.298466,42.295486],[-100.302032,42.296467],[-100.313491,42.302461],[-100.321719,42.305216],[-100.323275,42.306046],[-100.327328,42.310483],[-100.328105,42.312391],[-100.329193,42.31331],[-100.332872,42.314974],[-100.339965,42.314868],[-100.344254,42.312071],[-100.348542,42.311515],[-100.352353,42.31019],[-100.356995,42.309907],[-100.362224,42.310578],[-100.362124,42.304437],[-100.364159,42.301942],[-100.364377,42.300096],[-100.370094,42.301773],[-100.37675,42.303236],[-100.380357,42.300951],[-100.383091,42.301438],[-100.386346,42.300921],[-100.392421,42.302654],[-100.39368,42.301995],[-100.397054,42.303332],[-100.397919,42.303131],[-100.397206,42.300795],[-100.39749,42.294504],[-100.405808,42.297773],[-100.419958,42.29841],[-100.426681,42.300359],[-100.430517,42.302241],[-100.435076,42.306216],[-100.438323,42.309842],[-100.444162,42.315517],[-100.453316,42.319646],[-100.458588,42.32086]]]}},{"type":"Feature","properties":{"zcta5":"69201","AFFGEOID10":"8600000US69201","GEOID10":"69201","ALAND10":3196340265,"AWATER10":56707495,"county_name":"Cherry","state_code":"NE","county_state":"Cherry County, NE","county_fips":"31031","risk_level_county":"Higher Risk (60–69% vaccinated)","mean_vaccination_rate_county":68.93,"risk_level_zcta":"Higher Risk (60–69% vaccinated)","mean_vaccination_rate_zips":69.57,"cases":1},"geometry":{"type":"Polygon","coordinates":[[[-101.163025,42.524118],[-101.16079,42.523736],[-101.161872,42.522134],[-101.160434,42.521818],[-101.162791,42.519797],[-101.162126,42.518978],[-101.162299,42.51629],[-101.162892,42.51489],[-101.162767,42.512804],[-101.165448,42.511123],[-101.159751,42.508183],[-101.156452,42.505719],[-101.153755,42.503174],[-101.152609,42.50086],[-101.153314,42.495458],[-101.15292,42.494767],[-101.151375,42.493986],[-101.144673,42.492847],[-101.14287,42.492189],[-101.136317,42.490524],[-101.135906,42.489344],[-101.130096,42.487756],[-101.118672,42.48796],[-101.11616,42.487495],[-101.11296,42.486285],[-101.109121,42.486617],[-101.105636,42.485301],[-101.10422,42.484283],[-101.09944,42.483064],[-101.098769,42.48091],[-101.096079,42.477156],[-101.09605,42.476556],[-101.096326,42.47188],[-101.099084,42.465286],[-101.099716,42.461001],[-101.098242,42.458282],[-101.09705,42.453991],[-101.096824,42.451164],[-101.095872,42.449582],[-101.092465,42.447603],[-101.090634,42.445549],[-101.087539,42.443374],[-101.086194,42.441144],[-101.086291,42.439746],[-101.084957,42.436894],[-101.08604,42.432176],[-101.08456,42.428679],[-101.081916,42.428592],[-101.079731,42.427904],[-101.074358,42.425595],[-101.065372,42.419602],[-101.06439,42.419346],[-101.059026,42.419458],[-101.053331,42.420425],[-101.050976,42.420445],[-101.03758,42.418308],[-101.031564,42.417907],[-101.029482,42.416395],[-101.026833,42.417672],[-101.02326,42.418157],[-101.019806,42.418154],[-101.017051,42.418867],[-101.015352,42.420355],[-101.014017,42.426247],[-101.012538,42.437338],[-101.011467,42.43883],[-101.009997,42.439342],[-100.979793,42.439103],[-100.977205,42.439549],[-100.882671,42.438628],[-100.882095,42.438168],[-100.867935,42.438091],[-100.867906,42.426497],[-100.848624,42.426594],[-100.848866,42.438094],[-100.7709,42.437026],[-100.770752,42.422522],[-100.692969,42.422703],[-100.692822,42.392242],[-100.690296,42.39278],[-100.687272,42.391867],[-100.685689,42.390904],[-100.677665,42.388602],[-100.672036,42.388627],[-100.670643,42.381931],[-100.669025,42.379259],[-100.66936,42.377124],[-100.670318,42.375368],[-100.669173,42.373456],[-100.665499,42.37275],[-100.662463,42.372645],[-100.660714,42.370668],[-100.653908,42.369225],[-100.648946,42.366094],[-100.643494,42.365473],[-100.643489,42.370944],[-100.639271,42.370986],[-100.639227,42.374411],[-100.633455,42.374411],[-100.633567,42.380686],[-100.615801,42.380731],[-100.615677,42.349882],[-100.600694,42.350336],[-100.593442,42.349039],[-100.589033,42.347326],[-100.58836,42.346307],[-100.585369,42.345098],[-100.583163,42.345506],[-100.579177,42.345266],[-100.577129,42.344373],[-100.57544,42.344275],[-100.573057,42.343061],[-100.569526,42.342198],[-100.567174,42.34224],[-100.565375,42.34162],[-100.562158,42.341319],[-100.559301,42.341809],[-100.556318,42.341409],[-100.553293,42.338545],[-100.551828,42.337683],[-100.550389,42.337887],[-100.544807,42.33705],[-100.542518,42.335898],[-100.537526,42.335141],[-100.532883,42.335254],[-100.53061,42.329786],[-100.526308,42.329673],[-100.514033,42.328846],[-100.509918,42.327864],[-100.497924,42.327128],[-100.493441,42.327763],[-100.488858,42.33046],[-100.487837,42.330714],[-100.472936,42.330748],[-100.472248,42.330627],[-100.467494,42.327618],[-100.465766,42.325731],[-100.460504,42.321519],[-100.458588,42.32086],[-100.453316,42.319646],[-100.444162,42.315517],[-100.438323,42.309842],[-100.435076,42.306216],[-100.430517,42.302241],[-100.426681,42.300359],[-100.419958,42.29841],[-100.405808,42.297773],[-100.39749,42.294504],[-100.397206,42.300795],[-100.397919,42.303131],[-100.40023,42.301571],[-100.402112,42.302576],[-100.40344,42.302072],[-100.405569,42.303328],[-100.409426,42.303256],[-100.412853,42.301629],[-100.414026,42.301742],[-100.415291,42.303044],[-100.419457,42.305694],[-100.423869,42.306217],[-100.426832,42.307951],[-100.427944,42.309619],[-100.430505,42.310235],[-100.432914,42.312358],[-100.435969,42.314162],[-100.438126,42.321024],[-100.4413,42.324592],[-100.441763,42.325781],[-100.443581,42.326192],[-100.444752,42.32976],[-100.446043,42.332254],[-100.448236,42.333511],[-100.449316,42.335432],[-100.453941,42.340029],[-100.455361,42.340898],[-100.458669,42.341135],[-100.460407,42.435054],[-100.419597,42.434846],[-100.418002,42.506892],[-100.418707,42.514717],[-100.418121,42.521059],[-100.418034,42.57934],[-100.401717,42.579301],[-100.399397,42.580893],[-100.398772,42.582187],[-100.396552,42.583924],[-100.395996,42.585124],[-100.395574,42.587014],[-100.401464,42.587425],[-100.403451,42.58825],[-100.406029,42.588428],[-100.411803,42.592045],[-100.416623,42.59312],[-100.418032,42.593796],[-100.417601,42.656591],[-100.415708,42.657416],[-100.413673,42.657365],[-100.409921,42.655619],[-100.404492,42.654195],[-100.400567,42.651903],[-100.398002,42.650929],[-100.396438,42.649423],[-100.388744,42.647547],[-100.385629,42.647331],[-100.384125,42.645824],[-100.372856,42.642319],[-100.370068,42.641952],[-100.367405,42.64076],[-100.363441,42.639842],[-100.357927,42.636013],[-100.355792,42.635256],[-100.3535,42.6323],[-100.347364,42.630452],[-100.344149,42.62888],[-100.342907,42.626747],[-100.3428,42.630869],[-100.345481,42.631323],[-100.347921,42.632672],[-100.349809,42.634823],[-100.351478,42.638324],[-100.350854,42.640645],[-100.347828,42.641919],[-100.345079,42.641239],[-100.343042,42.642051],[-100.343604,42.650815],[-100.343268,42.651833],[-100.339757,42.654898],[-100.33957,42.656996],[-100.335811,42.659797],[-100.329747,42.662106],[-100.329702,42.665855],[-100.320002,42.666007],[-100.319781,42.676944],[-100.321506,42.678467],[-100.329069,42.686864],[-100.355815,42.713507],[-100.345108,42.70215],[-100.354056,42.7004],[-100.368198,42.693531],[-100.383573,42.691945],[-100.385935,42.693063],[-100.389849,42.693726],[-100.392448,42.696607],[-100.392882,42.6993],[-100.39061,42.700482],[-100.38431,42.704792],[-100.381026,42.707738],[-100.37826,42.708458],[-100.378001,42.712354],[-100.379043,42.714203],[-100.378423,42.71602],[-100.376787,42.717353],[-100.37288,42.724282],[-100.369013,42.723866],[-100.367603,42.725517],[-100.367711,42.726194],[-100.378908,42.736432],[-100.382485,42.741554],[-100.38444,42.747227],[-100.384319,42.749107],[-100.382724,42.751734],[-100.379144,42.755235],[-100.378015,42.758577],[-100.378679,42.761706],[-100.380458,42.761821],[-100.384067,42.764004],[-100.390795,42.76375],[-100.394675,42.76307],[-100.398858,42.762828],[-100.404998,42.763898],[-100.410411,42.766183],[-100.414149,42.766825],[-100.417643,42.766714],[-100.417824,42.781861],[-100.434302,42.782631],[-100.43399,42.824523],[-100.434864,42.842481],[-100.434858,42.867696],[-100.461037,42.867746],[-100.46411,42.872409],[-100.464291,42.874768],[-100.464287,42.883924],[-100.463684,42.884815],[-100.461733,42.891749],[-100.466595,42.892787],[-100.466914,42.89518],[-100.468665,42.895473],[-100.468981,42.897243],[-100.474351,42.89701],[-100.474139,42.89863],[-100.471584,42.901788],[-100.472673,42.902454],[-100.480277,42.901244],[-100.482234,42.900716],[-100.479343,42.902798],[-100.475578,42.903852],[-100.466494,42.901956],[-100.464099,42.902323],[-100.463478,42.905273],[-100.461208,42.90708],[-100.456915,42.907721],[-100.452311,42.909163],[-100.451999,42.905984],[-100.45091,42.905275],[-100.44979,42.905412],[-100.447924,42.907105],[-100.445498,42.908043],[-100.43632,42.90706],[-100.430938,42.906808],[-100.426801,42.907105],[-100.421387,42.904817],[-100.41725,42.90349],[-100.413455,42.904747],[-100.410062,42.909366],[-100.409284,42.909847],[-100.403622,42.909731],[-100.40076,42.909272],[-100.397152,42.90783],[-100.394912,42.907807],[-100.391586,42.909006],[-100.387929,42.909304],[-100.386114,42.908166],[-100.384696,42.905994],[-100.384678,42.904414],[-100.377811,42.90218],[-100.372597,42.902545],[-100.36852,42.904143],[-100.362837,42.901697],[-100.367614,42.900448],[-100.379253,42.901444],[-100.38598,42.904049],[-100.388736,42.904424],[-100.39502,42.904106],[-100.395515,42.900333],[-100.400212,42.896996],[-100.394318,42.896476],[-100.391178,42.894201],[-100.388117,42.892926],[-100.38129,42.891586],[-100.374344,42.891065],[-100.369866,42.88997],[-100.35394,42.889531],[-100.347705,42.888989],[-100.345143,42.88983],[-100.340223,42.892487],[-100.335281,42.892405],[-100.329489,42.892664],[-100.328874,42.89713],[-100.32523,42.897248],[-100.322619,42.89496],[-100.323072,42.893335],[-100.321797,42.89178],[-100.313801,42.890124],[-100.310122,42.890609],[-100.305089,42.893699],[-100.303791,42.893542],[-100.299934,42.890682],[-100.297602,42.890499],[-100.290448,42.891687],[-100.286342,42.891823],[-100.28373,42.891457],[-100.277666,42.888116],[-100.272475,42.883723],[-100.267717,42.883813],[-100.265788,42.883423],[-100.265447,42.882097],[-100.267089,42.877705],[-100.266737,42.874279],[-100.263757,42.872464],[-100.261552,42.872334],[-100.259369,42.87138],[-100.259802,42.868482],[-100.258773,42.86699],[-100.246677,42.866032],[-100.244755,42.864839],[-100.244533,42.866148],[-100.247335,42.867797],[-100.249471,42.867559],[-100.257615,42.868139],[-100.258584,42.869624],[-100.258681,42.87118],[-100.262819,42.873765],[-100.263181,42.874592],[-100.262159,42.876775],[-100.260517,42.877835],[-100.260525,42.880849],[-100.259976,42.88223],[-100.260802,42.883547],[-100.261513,42.887089],[-100.25981,42.888604],[-100.26002,42.891636],[-100.259166,42.892603],[-100.259632,42.895281],[-100.257269,42.897152],[-100.257547,42.911611],[-100.237664,42.911541],[-100.237754,42.896948],[-100.233629,42.896932],[-100.232781,42.897609],[-100.230346,42.8969],[-100.198372,42.896659],[-100.139509,42.896813],[-100.118813,42.896228],[-100.1142,42.896781],[-100.098397,42.89692],[-100.098392,42.907639],[-100.096412,42.908532],[-100.098386,42.908755],[-100.098376,42.911215],[-100.118306,42.910851],[-100.118301,42.940328],[-100.095872,42.940142],[-100.080766,42.940381],[-100.08095,42.9258],[-100.051617,42.925983],[-100.048969,42.924071],[-100.044226,42.919019],[-100.043522,42.954604],[-100.034401,42.954579],[-100.034033,42.955523],[-100.030305,42.955194],[-100.030298,42.956865],[-100.028161,42.958067],[-100.028427,42.959977],[-100.028522,42.969048],[-100.023537,42.969073],[-100.023403,42.981157],[-100.022644,42.991016],[-100.022946930271,42.9984172440701],[-100.027815,42.998424],[-100.034389,42.998425],[-100.119297,42.998689],[-100.126427,42.99871],[-100.126896,42.998711],[-100.19841203687501,42.9985420518853],[-100.198516,42.954732],[-100.212923,42.954715],[-100.216091,42.954599],[-100.21739,42.95393],[-100.218119,42.952595],[-100.21744,42.939852],[-100.217438,42.937355],[-100.219101,42.935271],[-100.222675,42.938562],[-100.227021,42.940367],[-100.230741,42.940973],[-100.253599,42.940772],[-100.2545,42.939621],[-100.257332,42.940736],[-100.278237,42.940596],[-100.277809,42.95438],[-100.276409,42.969864],[-100.276551,42.996996],[-100.27760326715101,42.9986736844121],[-100.277793,42.998674],[-100.283713,42.998767],[-100.349548,42.99874],[-100.355406,42.99876],[-100.41508651082401,42.99902855619519],[-100.413332,43.000535],[-100.413402,43.128427],[-100.411987,43.132848],[-100.411628,43.134968],[-100.411712,43.1728],[-100.409293,43.171723],[-100.407689,43.172536],[-100.404657,43.172642],[-100.400946,43.175382],[-100.395124,43.177288],[-100.392844,43.177222],[-100.389698,43.177763],[-100.387615,43.177584],[-100.377446,43.178193],[-100.3761,43.178585],[-100.371965,43.178219],[-100.366015,43.178808],[-100.362995,43.179471],[-100.358103,43.178658],[-100.357044,43.178757],[-100.35228,43.180072],[-100.350289,43.181211],[-100.349574,43.180397],[-100.349274,43.176972],[-100.348346,43.17448],[-100.348288,43.172573],[-100.347449,43.171331],[-100.34727,43.168526],[-100.34568,43.167651],[-100.339976,43.166626],[-100.334179,43.165919],[-100.332434,43.165364],[-100.330969,43.162454],[-100.329164,43.162437],[-100.3261,43.167122],[-100.326052,43.170049],[-100.324205,43.173699],[-100.322898,43.178425],[-100.322593,43.182097],[-100.323353,43.183623],[-100.323637,43.186025],[-100.318505,43.188992],[-100.316358,43.189848],[-100.312991,43.191302],[-100.313624,43.192242],[-100.31589,43.191689],[-100.319278,43.192001],[-100.319295,43.192929],[-100.321373,43.19516],[-100.323011,43.195821],[-100.326012,43.19594],[-100.328189,43.197508],[-100.330465,43.198072],[-100.334732,43.200773],[-100.336488,43.20082],[-100.342667,43.202485],[-100.343066,43.20651],[-100.345081,43.207846],[-100.348319,43.207507],[-100.352024,43.209764],[-100.355063,43.21007],[-100.360413,43.208962],[-100.36388,43.210604],[-100.366256,43.211094],[-100.36629,43.212566],[-100.368168,43.213799],[-100.367006,43.2142],[-100.366508,43.217772],[-100.363636,43.217946],[-100.363444,43.218993],[-100.365395,43.219177],[-100.365137,43.221476],[-100.366207,43.222008],[-100.366536,43.224233],[-100.36894,43.223965],[-100.368371,43.225507],[-100.370094,43.227153],[-100.371326,43.226931],[-100.370866,43.225419],[-100.372112,43.224296],[-100.37561,43.225506],[-100.376399,43.227131],[-100.375038,43.229074],[-100.3776,43.229044],[-100.378425,43.231433],[-100.379737,43.231769],[-100.383648,43.231177],[-100.385744,43.22877],[-100.387577,43.228513],[-100.387455,43.227479],[-100.389011,43.226713],[-100.390609,43.224658],[-100.39243,43.224141],[-100.393922,43.224974],[-100.394194,43.223894],[-100.395845,43.224036],[-100.396113,43.221818],[-100.398913,43.219929],[-100.398177,43.219312],[-100.400862,43.218581],[-100.400264,43.217589],[-100.401446,43.215211],[-100.40291,43.214806],[-100.403307,43.213585],[-100.405576,43.213702],[-100.410504,43.211016],[-100.411844,43.211422],[-100.411857,43.229624],[-100.411285,43.231293],[-100.411823,43.23257],[-100.411661,43.252542],[-100.420563,43.252482],[-100.421093,43.259726],[-100.453081,43.259676],[-100.452743,43.230674],[-100.520695,43.230667],[-100.520331,43.12914],[-100.550997,43.129144],[-100.55084,43.045847],[-100.59372,43.045855],[-100.590919,43.03803],[-100.590341,43.035243],[-100.59034,43.02529],[-100.5895,43.0221],[-100.58824,43.02016],[-100.584452,43.01681],[-100.609907,43.01666],[-100.610193,43.006823],[-100.609954164116,42.9986133014611],[-100.625414,42.998584],[-100.631728,42.998092],[-100.748953004781,42.9981785220931],[-100.748957352922,42.99817852530239],[-100.750021,42.9959],[-100.74995,42.985702],[-100.729977,42.985068],[-100.710121,42.985035],[-100.709181,42.941785],[-100.726595,42.941883],[-100.729619,42.941801],[-100.749374,42.942447],[-100.749318,42.93711],[-100.752059,42.931571],[-100.748992,42.931971],[-100.748968,42.928501],[-100.745045,42.928414],[-100.745001,42.926126],[-100.746618,42.926099],[-100.746642,42.92456],[-100.749199,42.924942],[-100.746216,42.924154],[-100.736253,42.920663],[-100.726658,42.916622],[-100.719067,42.913296],[-100.708077,42.910546],[-100.705309,42.909341],[-100.698625,42.904677],[-100.696065,42.904454],[-100.695443,42.905712],[-100.693607,42.906719],[-100.689968,42.905049],[-100.68552,42.90354],[-100.682596,42.903151],[-100.682627,42.901688],[-100.681258,42.900178],[-100.677649,42.900087],[-100.676126,42.898714],[-100.6737,42.898348],[-100.673358,42.897296],[-100.670057,42.897514],[-100.669747,42.869192],[-100.689364,42.869435],[-100.689526,42.812341],[-100.728883,42.812159],[-100.728989,42.793266],[-100.734371,42.790428],[-100.737605,42.791608],[-100.742057,42.79198],[-100.744596,42.791438],[-100.747542,42.788696],[-100.751131,42.787833],[-100.754802,42.78882],[-100.758907,42.787988],[-100.762951,42.789275],[-100.768134,42.786688],[-100.771446,42.786252],[-100.774303,42.787066],[-100.779912,42.787141],[-100.782025,42.786761],[-100.783946,42.784269],[-100.786965,42.782333],[-100.788021,42.780732],[-100.789853,42.779749],[-100.791745,42.779687],[-100.795596,42.781145],[-100.799601,42.781315],[-100.802788,42.780405],[-100.807819,42.778238],[-100.812329,42.777099],[-100.81655,42.777602],[-100.818921,42.77717],[-100.822935,42.775686],[-100.825552,42.773825],[-100.827791,42.774334],[-100.830296,42.773543],[-100.83036,42.729122],[-100.892883,42.729287],[-100.894041,42.632218],[-100.89595,42.633127],[-100.897916,42.631887],[-100.898454,42.632519],[-100.905747,42.63252],[-100.90532,42.633419],[-100.910361,42.634603],[-100.912405,42.634443],[-100.914479,42.636341],[-100.91609,42.635496],[-100.918102,42.63712],[-100.922314,42.636343],[-100.919775,42.635793],[-100.92343,42.634628],[-100.924266,42.635177],[-100.927889,42.633645],[-100.926063,42.63273],[-100.923802,42.632913],[-100.915812,42.631631],[-100.914914,42.633026],[-100.910857,42.633208],[-100.910083,42.632704],[-100.913428,42.631356],[-100.907915,42.631972],[-100.904354,42.630713],[-100.904107,42.629684],[-100.90674,42.629525],[-100.907917,42.628656],[-100.902962,42.628015],[-100.90445,42.627215],[-100.893511,42.627879],[-100.893519,42.62667],[-100.898101,42.626435],[-100.902561,42.625467],[-100.902411,42.624679],[-100.900176,42.625455],[-100.893526,42.625583],[-100.893208,42.623959],[-100.892861,42.611385],[-100.885466,42.611863],[-100.884617,42.611082],[-100.885299,42.60923],[-100.892948,42.605551],[-100.895178,42.604706],[-100.896416,42.605552],[-100.899635,42.605873],[-100.901307,42.605302],[-100.904217,42.605463],[-100.908829,42.605007],[-100.911801,42.605328],[-100.915051,42.604276],[-100.920563,42.60135],[-100.923534,42.600573],[-100.927094,42.598767],[-100.934554,42.600642],[-100.938639,42.601008],[-100.943283,42.600299],[-100.947307,42.601602],[-100.956716,42.600731],[-100.961947,42.600982],[-100.966065,42.603039],[-100.969223,42.603541],[-100.974144,42.602236],[-100.977549,42.602509],[-100.980955,42.603491],[-100.982162,42.603353],[-100.985287,42.601614],[-100.987794,42.602322],[-100.992098,42.602457],[-100.999247,42.601767],[-101.000429,42.601034],[-101.001711,42.598156],[-101.005457,42.596489],[-101.011183,42.596903],[-101.013722,42.594366],[-101.01787,42.594139],[-101.019077,42.593133],[-101.020408,42.593431],[-101.022668,42.591579],[-101.02827,42.590758],[-101.031426,42.592702],[-101.034026,42.591857],[-101.034767,42.594692],[-101.036532,42.592955],[-101.038266,42.593412],[-101.039999,42.594236],[-101.03944,42.595151],[-101.041111,42.59634],[-101.041234,42.599153],[-101.044019,42.600456],[-101.050055,42.602057],[-101.052159,42.605235],[-101.053118,42.60535],[-101.056183,42.604618],[-101.057236,42.603475],[-101.063551,42.605693],[-101.068256,42.605418],[-101.071103,42.603223],[-101.074074,42.602879],[-101.075064,42.601416],[-101.078468,42.599654],[-101.079738,42.601278],[-101.081998,42.601826],[-101.083329,42.602946],[-101.085403,42.603129],[-101.087229,42.602351],[-101.085806,42.604706],[-101.088189,42.604226],[-101.091871,42.60267],[-101.094255,42.603629],[-101.097876,42.602782],[-101.100818,42.604359],[-101.102706,42.604701],[-101.103295,42.605684],[-101.106732,42.607558],[-101.107848,42.609387],[-101.110107,42.609066],[-101.111811,42.6111],[-101.116578,42.610389],[-101.120229,42.609175],[-101.124068,42.609241],[-101.125823,42.608145],[-101.127756,42.60993],[-101.129401,42.609103],[-101.130159,42.540025],[-101.13016,42.535959],[-101.134519,42.535431],[-101.140923,42.535543],[-101.142607,42.534659],[-101.142322,42.532698],[-101.144235,42.529805],[-101.15005,42.525768],[-101.151977,42.525174],[-101.157969,42.524304],[-101.161037,42.524639],[-101.163025,42.524118]]]}},{"type":"Feature","properties":{"zcta5":"69157","AFFGEOID10":"8600000US69157","GEOID10":"69157","ALAND10":69850622,"AWATER10":498206,"county_name":"Cherry","state_code":"NE","county_state":"Cherry County, NE","county_fips":"31031","risk_level_county":"Higher Risk (60–69% vaccinated)","mean_vaccination_rate_county":68.93,"risk_level_zcta":"Higher Risk (60–69% vaccinated)","mean_vaccination_rate_zips":67.23,"cases":1},"geometry":{"type":"Polygon","coordinates":[[[-100.267622,42.086147],[-100.268077,42.072023],[-100.267694,42.04423],[-100.266879,42.045484],[-100.258798,42.050922],[-100.258304,42.051534],[-100.258373,42.062809],[-100.258535,42.064615],[-100.24864,42.06477],[-100.237493,42.064106],[-100.234527,42.06233],[-100.23243,42.061718],[-100.230549,42.061997],[-100.219144,42.061266],[-100.219183,42.06314],[-100.217362,42.062939],[-100.214055,42.0617],[-100.207893,42.060711],[-100.205374,42.0592],[-100.200528,42.059305],[-100.198903,42.060798],[-100.197002,42.061147],[-100.1951,42.060147],[-100.193755,42.054995],[-100.192682,42.053833],[-100.189278,42.052333],[-100.18842,42.050303],[-100.18624,42.04762],[-100.18323,42.045808],[-100.179792,42.046192],[-100.180189,42.042938],[-100.18249,42.041263],[-100.182244,42.040232],[-100.180218,42.038969],[-100.181536,42.037296],[-100.180676,42.035874],[-100.17641,42.033923],[-100.174445,42.034331],[-100.174137,42.032957],[-100.172357,42.032267],[-100.171435,42.03391],[-100.16987,42.032281],[-100.167781,42.03317],[-100.164407,42.032023],[-100.163026,42.033327],[-100.161215,42.033235],[-100.160418,42.031817],[-100.158608,42.031839],[-100.157842,42.030558],[-100.155817,42.030031],[-100.154744,42.028475],[-100.151524,42.026805],[-100.147382,42.026231],[-100.145449,42.026848],[-100.142965,42.025772],[-100.139465,42.025378],[-100.138788,42.024136],[-100.136113,42.023367],[-100.135556,42.021734],[-100.132756,42.022842],[-100.125364,42.020691],[-100.122491,42.020624],[-100.121065,42.019904],[-100.120721,42.028479],[-100.104492,42.028429],[-100.099364,42.02673],[-100.09205,42.024821],[-100.091389,42.075835],[-100.082641,42.075596],[-100.080982,42.076543],[-100.079638,42.078493],[-100.079024,42.081631],[-100.077676,42.083508],[-100.074954,42.085532],[-100.167605,42.085848],[-100.267622,42.086147]]]}},{"type":"Feature","properties":{"zcta5":"69166","AFFGEOID10":"8600000US69166","GEOID10":"69166","ALAND10":2090737584,"AWATER10":6588432,"county_name":"Cherry","state_code":"NE","county_state":"Cherry County, NE","county_fips":"31031","risk_level_county":"Higher Risk (60–69% vaccinated)","mean_vaccination_rate_county":68.93,"risk_level_zcta":"Very High Risk (<60% vaccinated)","mean_vaccination_rate_zips":58.75,"cases":1},"geometry":{"type":"Polygon","coordinates":[[[-100.458588,42.32086],[-100.460504,42.321519],[-100.465766,42.325731],[-100.467494,42.327618],[-100.472248,42.330627],[-100.472936,42.330748],[-100.487837,42.330714],[-100.488858,42.33046],[-100.493441,42.327763],[-100.497924,42.327128],[-100.509918,42.327864],[-100.514033,42.328846],[-100.526308,42.329673],[-100.53061,42.329786],[-100.532883,42.335254],[-100.537526,42.335141],[-100.542518,42.335898],[-100.544807,42.33705],[-100.550389,42.337887],[-100.551828,42.337683],[-100.553293,42.338545],[-100.556318,42.341409],[-100.559301,42.341809],[-100.562158,42.341319],[-100.565375,42.34162],[-100.567174,42.34224],[-100.569526,42.342198],[-100.573057,42.343061],[-100.57544,42.344275],[-100.577129,42.344373],[-100.579177,42.345266],[-100.583163,42.345506],[-100.585369,42.345098],[-100.58836,42.346307],[-100.589033,42.347326],[-100.593442,42.349039],[-100.600694,42.350336],[-100.615677,42.349882],[-100.615801,42.380731],[-100.633567,42.380686],[-100.633455,42.374411],[-100.639227,42.374411],[-100.639271,42.370986],[-100.643489,42.370944],[-100.643494,42.365473],[-100.648946,42.366094],[-100.653908,42.369225],[-100.660714,42.370668],[-100.662463,42.372645],[-100.665499,42.37275],[-100.669173,42.373456],[-100.670318,42.375368],[-100.66936,42.377124],[-100.669025,42.379259],[-100.670643,42.381931],[-100.672036,42.388627],[-100.677665,42.388602],[-100.685689,42.390904],[-100.687272,42.391867],[-100.690296,42.39278],[-100.692822,42.392242],[-100.692969,42.422703],[-100.770752,42.422522],[-100.7709,42.437026],[-100.848866,42.438094],[-100.848624,42.426594],[-100.848539,42.422556],[-100.828908,42.422434],[-100.829049,42.375001],[-100.828855,42.373107],[-100.828973,42.348798],[-100.8092,42.349085],[-100.809277,42.321053],[-100.789307,42.320887],[-100.789783,42.306116],[-100.770876,42.306896],[-100.770717,42.302365],[-100.770063,42.262538],[-100.751409,42.262834],[-100.751283,42.277175],[-100.709481,42.27664],[-100.709065,42.273365],[-100.708602,42.142411],[-100.636033,42.142446],[-100.635902,42.087091],[-100.691166,42.087491],[-100.691882,42.086141],[-100.694584,42.083923],[-100.694583,42.078639],[-100.696547,42.076992],[-100.697314,42.074911],[-100.699585,42.072098],[-100.703606,42.070725],[-100.707658,42.070495],[-100.709899,42.070815],[-100.71085,42.07006],[-100.71567,42.068664],[-100.723005,42.068136],[-100.725093,42.068203],[-100.732121,42.067377],[-100.735374,42.06669],[-100.738689,42.067214],[-100.742313,42.069408],[-100.750906,42.070001],[-100.756381,42.073137],[-100.760403,42.072453],[-100.766389,42.072638],[-100.769059,42.07344],[-100.772313,42.072869],[-100.777961,42.073489],[-100.78097,42.073032],[-100.784255,42.069991],[-100.789443,42.071341],[-100.791223,42.07141],[-100.791009,42.070038],[-100.789475,42.0683],[-100.787481,42.064387],[-100.786132,42.062534],[-100.784474,42.061482],[-100.78134,42.060814],[-100.781278,42.056511],[-100.779938,42.051049],[-100.782099,42.048756],[-100.782163,42.047008],[-100.783814,42.044207],[-100.784388,42.041389],[-100.788033,42.039659],[-100.787811,42.038683],[-100.777966,42.037165],[-100.771577,42.034592],[-100.750194,42.024285],[-100.749599,42.023743],[-100.749637,42.01113],[-100.751618,42.009631],[-100.746378,42.007545],[-100.747379,42.005228],[-100.74563,42.003742],[-100.74624,42.000997],[-100.747316,41.999522],[-100.746579,41.997902],[-100.744891,41.996736],[-100.743846,41.993786],[-100.747214,41.989096],[-100.748807,41.987997],[-100.752966,41.986513],[-100.756492,41.985943],[-100.758762,41.983566],[-100.763851,41.982561],[-100.767194,41.979887],[-100.768835,41.979451],[-100.772731,41.97916],[-100.776173,41.980211],[-100.77672,41.981423],[-100.7809,41.981778],[-100.780683,41.987213],[-100.77898,41.990378],[-100.77838,41.993574],[-100.780315,41.995655],[-100.780881,41.999038],[-100.781846,42.000217],[-100.827545,42.000445],[-100.82739,41.978397],[-100.831703,41.978511],[-100.833977,41.977271],[-100.840286,41.97563],[-100.845146,41.972587],[-100.844421,41.962946],[-100.843719,41.85064],[-100.840821,41.850386],[-100.839871,41.851165],[-100.837787,41.850916],[-100.836866,41.849888],[-100.837961,41.847649],[-100.831649,41.846695],[-100.826472,41.846539],[-100.824388,41.845649],[-100.825028,41.84469],[-100.821694,41.842676],[-100.819769,41.84286],[-100.817841,41.841167],[-100.814202,41.841716],[-100.812765,41.840778],[-100.810808,41.841212],[-100.809219,41.840526],[-100.804785,41.840388],[-100.803041,41.841508],[-100.799464,41.840913],[-100.797232,41.841416],[-100.795795,41.842605],[-100.791208,41.842307],[-100.790719,41.841414],[-100.79176,41.83979],[-100.790323,41.839995],[-100.787662,41.83908],[-100.786777,41.837708],[-100.78485,41.83725],[-100.78369,41.835899],[-100.781885,41.83615],[-100.780725,41.834389],[-100.778248,41.833793],[-100.776751,41.832511],[-100.775589,41.833128],[-100.774061,41.832144],[-100.770332,41.831479],[-100.768681,41.8299],[-100.767766,41.827796],[-100.764252,41.826466],[-100.755661,41.825685],[-100.754011,41.82486],[-100.752574,41.825317],[-100.749909,41.824948],[-100.746614,41.825978],[-100.744534,41.824263],[-100.741355,41.823922],[-100.740194,41.824563],[-100.73949,41.823304],[-100.737136,41.823488],[-100.732735,41.825068],[-100.730655,41.822873],[-100.728516,41.822347],[-100.72613,41.820404],[-100.722187,41.82045],[-100.720506,41.821709],[-100.717234,41.821182],[-100.714453,41.821526],[-100.713688,41.820314],[-100.708277,41.818279],[-100.705404,41.818211],[-100.702041,41.819079],[-100.698435,41.819034],[-100.695561,41.817456],[-100.690242,41.816106],[-100.687155,41.814185],[-100.68523,41.81471],[-100.684496,41.813589],[-100.681777,41.812743],[-100.675724,41.813153],[-100.672518,41.811797],[-100.663384,41.80966],[-100.661317,41.808331],[-100.661645,41.809566],[-100.660224,41.812077],[-100.652467,41.811443],[-100.64952,41.811683],[-100.643603,41.813133],[-100.642368,41.814002],[-100.642353,41.816361],[-100.64888,41.82735],[-100.649579,41.834038],[-100.652478,41.834806],[-100.652436,41.836854],[-100.653964,41.841377],[-100.652306,41.845313],[-100.646687,41.850763],[-100.644476,41.851519],[-100.643547,41.852757],[-100.643381,41.855095],[-100.642471,41.856663],[-100.637305,41.862247],[-100.636539,41.86396],[-100.637102,41.866464],[-100.636671,41.867631],[-100.633958,41.870168],[-100.635002,41.872686],[-100.63765,41.876103],[-100.638004,41.878547],[-100.635976,41.883199],[-100.634426,41.884474],[-100.633652,41.88623],[-100.632484,41.886709],[-100.62418,41.888039],[-100.618851,41.890426],[-100.616143,41.892326],[-100.614418,41.892902],[-100.611371,41.893182],[-100.6008,41.893087],[-100.59305,41.894247],[-100.586509,41.894096],[-100.581107,41.893474],[-100.577388,41.893905],[-100.570362,41.893896],[-100.561324,41.893597],[-100.558257,41.861473],[-100.55748,41.85636],[-100.55601,41.854419],[-100.549324,41.839647],[-100.544394,41.829822],[-100.543113,41.828564],[-100.535322,41.813049],[-100.53413,41.808787],[-100.534157,41.806395],[-100.537704,41.790712],[-100.537801,41.787699],[-100.537238,41.786173],[-100.535408,41.783946],[-100.528012,41.777185],[-100.524866,41.77724],[-100.524142,41.771589],[-100.523737,41.768477],[-100.524848,41.75158],[-100.523905,41.748803],[-100.522626,41.747218],[-100.513829,41.739882],[-100.5006,41.7399],[-100.490754,41.739446],[-100.362474,41.739641],[-100.363231,41.920648],[-100.367723,41.920534],[-100.36769,41.924017],[-100.363561,41.924275],[-100.363842,41.957255],[-100.38468,41.957207],[-100.385205,42.015381],[-100.375066,42.015479],[-100.375302,42.008374],[-100.3656,42.008198],[-100.365573,42.086749],[-100.304942,42.086322],[-100.304434,42.086284],[-100.28147,42.086201],[-100.282235,42.088589],[-100.285361,42.089885],[-100.285661,42.124999],[-100.284071,42.216468],[-100.401291,42.217743],[-100.400732,42.261489],[-100.458501,42.261828],[-100.458588,42.32086]]]}}]}