{"type":"FeatureCollection","features":[{"type":"Feature","properties":{"zcta5":"16616","AFFGEOID10":"8600000US16616","GEOID10":"16616","ALAND10":5918788,"AWATER10":18327,"county_name":"Clearfield","state_code":"PA","county_state":"Clearfield County, PA","county_fips":"42033","risk_level_county":"Medium Risk (70–79% vaccinated)","mean_vaccination_rate_county":76.39,"risk_level_zcta":"Uninhabited","mean_vaccination_rate_zips":null,"cases":16},"geometry":{"type":"Polygon","coordinates":[[[-78.424241,40.784138],[-78.425595,40.781559],[-78.427376,40.779457],[-78.429724,40.772275],[-78.431998,40.770379],[-78.434326,40.769745],[-78.436142,40.771635],[-78.436372,40.774006],[-78.437773,40.776068],[-78.440037,40.776536],[-78.443327,40.776465],[-78.443237,40.774933],[-78.447701,40.772869],[-78.449371,40.771229],[-78.453316,40.772854],[-78.458107,40.775475],[-78.464134,40.779305],[-78.467918,40.78244],[-78.470856,40.777382],[-78.471031,40.775963],[-78.467216,40.77317],[-78.464569,40.769394],[-78.4618,40.761139],[-78.449844,40.761192],[-78.448716,40.761398],[-78.447894,40.759331],[-78.447104,40.761246],[-78.447038,40.764048],[-78.445433,40.764521],[-78.44508,40.763282],[-78.446282,40.762301],[-78.446076,40.760854],[-78.447161,40.758699],[-78.446109,40.757021],[-78.447282,40.755075],[-78.446106,40.754513],[-78.442924,40.756573],[-78.439743,40.757545],[-78.436707,40.759468],[-78.430145,40.760044],[-78.428146,40.760845],[-78.424665,40.760775],[-78.425755,40.761828],[-78.426343,40.763832],[-78.425881,40.765938],[-78.42288,40.770838],[-78.421188,40.77178],[-78.422004,40.774628],[-78.423884,40.776203],[-78.425278,40.776473],[-78.426481,40.778362],[-78.426295,40.780154],[-78.425128,40.780462],[-78.424241,40.784138]]]}},{"type":"Feature","properties":{"zcta5":"16876","AFFGEOID10":"8600000US16876","GEOID10":"16876","ALAND10":2825601,"AWATER10":5506,"county_name":"Clearfield","state_code":"PA","county_state":"Clearfield County, PA","county_fips":"42033","risk_level_county":"Medium Risk (70–79% vaccinated)","mean_vaccination_rate_county":76.39,"risk_level_zcta":"Medium Risk (70–79% vaccinated)","mean_vaccination_rate_zips":77.07,"cases":16},"geometry":{"type":"Polygon","coordinates":[[[-78.30175,40.978855],[-78.301583,40.977026],[-78.299831,40.976099],[-78.294622,40.9756],[-78.293359,40.975034],[-78.292316,40.971883],[-78.294177,40.969219],[-78.297402,40.9692],[-78.297402,40.957402],[-78.292328,40.953789],[-78.285737,40.953815],[-78.284019,40.957394],[-78.282882,40.957243],[-78.28334,40.95993],[-78.28311,40.971117],[-78.295464,40.981931],[-78.296616,40.982941],[-78.298484,40.979684],[-78.30175,40.978855]]]}},{"type":"Feature","properties":{"zcta5":"15866","AFFGEOID10":"8600000US15866","GEOID10":"15866","ALAND10":3211867,"AWATER10":929,"county_name":"Clearfield","state_code":"PA","county_state":"Clearfield County, PA","county_fips":"42033","risk_level_county":"Medium Risk (70–79% vaccinated)","mean_vaccination_rate_county":76.39,"risk_level_zcta":"Lowest Risk (85%+)","mean_vaccination_rate_zips":88.4,"cases":16},"geometry":{"type":"Polygon","coordinates":[[[-78.804142,41.031924],[-78.804041,41.018191],[-78.799988,41.017964],[-78.793223,41.018911],[-78.777828,41.019124],[-78.777842,41.021044],[-78.777867,41.024669],[-78.778506,41.032401],[-78.796326,41.032204],[-78.795906,41.029812],[-78.799521,41.031911],[-78.804142,41.031924]]]}},{"type":"Feature","properties":{"zcta5":"16671","AFFGEOID10":"8600000US16671","GEOID10":"16671","ALAND10":6322530,"AWATER10":17599,"county_name":"Clearfield","state_code":"PA","county_state":"Clearfield County, PA","county_fips":"42033","risk_level_county":"Medium Risk (70–79% vaccinated)","mean_vaccination_rate_county":76.39,"risk_level_zcta":"Lowest Risk (85%+)","mean_vaccination_rate_zips":92.26,"cases":16},"geometry":{"type":"Polygon","coordinates":[[[-78.406952,40.806175],[-78.413484,40.801639],[-78.421194,40.795664],[-78.417771,40.792859],[-78.41928,40.791768],[-78.411741,40.786128],[-78.412111,40.785868],[-78.410568,40.784799],[-78.41024,40.78087],[-78.405148,40.7805],[-78.40304,40.780665],[-78.401624,40.77932],[-78.397984,40.779318],[-78.396029,40.780004],[-78.39335,40.781878],[-78.392537,40.783546],[-78.389978,40.784905],[-78.385972,40.784123],[-78.386452,40.788395],[-78.393873,40.794921],[-78.385031,40.800907],[-78.391212,40.80637],[-78.395571,40.806503],[-78.400661,40.810605],[-78.40399,40.808286],[-78.406952,40.806175]]]}},{"type":"Feature","properties":{"zcta5":"16830","AFFGEOID10":"8600000US16830","GEOID10":"16830","ALAND10":331562162,"AWATER10":3251958,"county_name":"Clearfield","state_code":"PA","county_state":"Clearfield County, PA","county_fips":"42033","risk_level_county":"Medium Risk (70–79% vaccinated)","mean_vaccination_rate_county":76.39,"risk_level_zcta":"Medium Risk (70–79% vaccinated)","mean_vaccination_rate_zips":79.03,"cases":16},"geometry":{"type":"Polygon","coordinates":[[[-78.546936,41.08651],[-78.549446,41.083527],[-78.550087,41.080364],[-78.549591,41.07822],[-78.553391,41.078812],[-78.557773,41.075519],[-78.559043,41.073964],[-78.559527,41.069207],[-78.557382,41.066165],[-78.554935,41.063512],[-78.552972,41.059396],[-78.553153,41.057863],[-78.554362,41.055279],[-78.55331,41.052906],[-78.519632,41.052473],[-78.519353,41.049665],[-78.517573,41.0459],[-78.515625,41.044099],[-78.516103,41.042547],[-78.515185,41.035804],[-78.513609,41.034939],[-78.510877,41.029893],[-78.508864,41.028424],[-78.502518,41.025034],[-78.501411,41.024877],[-78.501488,41.029964],[-78.500081,41.030566],[-78.499905,41.025717],[-78.495193,41.022456],[-78.489799,41.021719],[-78.489761,41.007533],[-78.496414,41.006664],[-78.502579,41.005199],[-78.504005,41.00666],[-78.503082,41.009726],[-78.506294,41.009869],[-78.506966,41.01165],[-78.511169,41.013248],[-78.51683,41.0159],[-78.515518,41.011879],[-78.513115,41.009045],[-78.511162,41.007435],[-78.511032,41.002331],[-78.514641,40.999516],[-78.515198,40.997887],[-78.51078,40.994698],[-78.507431,40.994148],[-78.503403,40.991768],[-78.500816,40.990902],[-78.493546,40.991057],[-78.489714,40.991704],[-78.489692,40.984995],[-78.493721,40.984779],[-78.495674,40.983662],[-78.497032,40.981247],[-78.498101,40.977949],[-78.494659,40.979439],[-78.495068,40.980702],[-78.494066,40.97837],[-78.490448,40.973862],[-78.488651,40.969921],[-78.489107,40.967364],[-78.49045,40.96577],[-78.491618,40.951606],[-78.501148,40.947169],[-78.503241,40.947596],[-78.501205,40.945116],[-78.494598,40.949563],[-78.491669,40.951076],[-78.481847,40.958181],[-78.481049,40.957851],[-78.479523,40.956825],[-78.483635,40.954941],[-78.48484,40.952637],[-78.48571,40.949406],[-78.48465,40.948112],[-78.48214,40.949371],[-78.479149,40.948475],[-78.477394,40.949207],[-78.476982,40.951389],[-78.473946,40.955219],[-78.472717,40.957207],[-78.469491,40.9538],[-78.465025,40.950105],[-78.467575,40.947269],[-78.466552,40.946412],[-78.466748,40.944827],[-78.469124,40.942478],[-78.471939,40.944202],[-78.470016,40.941185],[-78.465622,40.936501],[-78.466286,40.935795],[-78.468422,40.935612],[-78.469734,40.938362],[-78.47184,40.938858],[-78.477501,40.938778],[-78.479248,40.937557],[-78.48111,40.938717],[-78.480743,40.938168],[-78.474937,40.932396],[-78.471542,40.930336],[-78.465125,40.932063],[-78.469606,40.929786],[-78.475748,40.925468],[-78.474239,40.926204],[-78.472551,40.925946],[-78.470603,40.927297],[-78.470511,40.928223],[-78.46755,40.929758],[-78.466867,40.930714],[-78.464944,40.93062],[-78.460189,40.93405],[-78.458123,40.93692],[-78.453539,40.939593],[-78.448462,40.938222],[-78.447262,40.938532],[-78.446767,40.940684],[-78.448051,40.942596],[-78.446384,40.944823],[-78.447017,40.947264],[-78.446022,40.948082],[-78.444285,40.948015],[-78.443212,40.94647],[-78.441973,40.945933],[-78.439273,40.946916],[-78.434377,40.950019],[-78.433828,40.951276],[-78.431366,40.951611],[-78.431254,40.953624],[-78.430507,40.953946],[-78.431465,40.956517],[-78.429549,40.957723],[-78.429459,40.959817],[-78.42819,40.960885],[-78.429097,40.962025],[-78.428243,40.96302],[-78.424874,40.963944],[-78.421854,40.967632],[-78.419683,40.969634],[-78.418681,40.969926],[-78.415084,40.969005],[-78.409907,40.968641],[-78.406328,40.971555],[-78.406696,40.970432],[-78.405833,40.968461],[-78.40642,40.965821],[-78.410076,40.963955],[-78.412756,40.964482],[-78.415197,40.96324],[-78.415269,40.961222],[-78.414022,40.960444],[-78.411934,40.960817],[-78.409998,40.961939],[-78.406396,40.962919],[-78.403758,40.962147],[-78.403065,40.961315],[-78.403956,40.95943],[-78.398743,40.956725],[-78.396097,40.956636],[-78.39367,40.957413],[-78.388375,40.956928],[-78.384642,40.957207],[-78.38494,40.958571],[-78.384002,40.959827],[-78.380667,40.95875],[-78.379873,40.958381],[-78.379741,40.955178],[-78.382411,40.944797],[-78.384071,40.936832],[-78.379845,40.936275],[-78.377388,40.937691],[-78.376617,40.93858],[-78.376213,40.942986],[-78.374891,40.9468],[-78.373863,40.954609],[-78.373199,40.956097],[-78.369865,40.958282],[-78.368774,40.959496],[-78.368561,40.961159],[-78.36924,40.964439],[-78.370079,40.966019],[-78.368477,40.967426],[-78.3675,40.970482],[-78.367393,40.973946],[-78.36935,40.975265],[-78.373794,40.976646],[-78.377825,40.979394],[-78.379218,40.981574],[-78.382502,40.98174],[-78.386756,40.982555],[-78.394538,40.982505],[-78.395262,40.985218],[-78.395359,40.991102],[-78.395403,40.994092],[-78.396553,40.997788],[-78.399406,41.000131],[-78.400534,41.002115],[-78.399673,41.003013],[-78.396037,41.002762],[-78.393868,41.003898],[-78.394238,41.00589],[-78.396471,41.007309],[-78.399395,41.008223],[-78.396117,41.012535],[-78.396518,41.013202],[-78.394876,41.013157],[-78.392821,41.012111],[-78.391905,41.009617],[-78.39056,41.009489],[-78.388315,41.007891],[-78.389124,41.007583],[-78.388044,41.00673],[-78.387385,41.005333],[-78.387308,41.003485],[-78.387588,41.001467],[-78.386985,40.999626],[-78.385731,40.997895],[-78.384997,40.998283],[-78.384028,40.998805],[-78.383576,40.999046],[-78.384666,41.000858],[-78.384212,41.003367],[-78.376038,41.004757],[-78.374428,41.007233],[-78.373459,41.007381],[-78.373497,41.010063],[-78.373238,41.012138],[-78.37334,41.013147],[-78.37304,41.014187],[-78.368332,41.017134],[-78.364673,41.035774],[-78.366748,41.037046],[-78.367905,41.037103],[-78.367822,41.036117],[-78.368512,41.035272],[-78.370706,41.034798],[-78.371664,41.034769],[-78.372885,41.035199],[-78.374231,41.035159],[-78.379382,41.036826],[-78.381259,41.038114],[-78.381676,41.038447],[-78.381922,41.038654],[-78.382118,41.03889],[-78.382434,41.039175],[-78.382749,41.039475],[-78.383024,41.039685],[-78.38402,41.040245],[-78.384824,41.040526],[-78.385988,41.040663],[-78.386372,41.040636],[-78.386858,41.040555],[-78.387224,41.040442],[-78.387438,41.040329],[-78.38802,41.039858],[-78.388661,41.03907],[-78.38891,41.038449],[-78.38895,41.038294],[-78.388923,41.038268],[-78.388858,41.038245],[-78.388844,41.038229],[-78.38916,41.038307],[-78.388594,41.039324],[-78.387945,41.0401],[-78.38718,41.04055],[-78.386076,41.040736],[-78.384778,41.04061],[-78.383888,41.040248],[-78.382144,41.039183],[-78.379454,41.037232],[-78.374729,41.035725],[-78.37266,41.03518],[-78.370991,41.035088],[-78.369034,41.035377],[-78.368223,41.036297],[-78.36844,41.03758],[-78.369989,41.038965],[-78.371854,41.040241],[-78.374738,41.041457],[-78.377952,41.043],[-78.379992,41.044617],[-78.381577,41.047072],[-78.381077,41.049253],[-78.379794,41.050929],[-78.378229,41.052399],[-78.376866,41.05314],[-78.375973,41.054309],[-78.377204,41.057115],[-78.377467,41.058862],[-78.377089,41.059772],[-78.375493,41.061308],[-78.370714,41.064379],[-78.368651,41.066934],[-78.367463,41.067958],[-78.366167,41.068529],[-78.363609,41.069139],[-78.36254,41.069176],[-78.360708,41.06881],[-78.359654,41.067508],[-78.360663,41.067352],[-78.361115,41.068578],[-78.363519,41.069106],[-78.366137,41.068227],[-78.367353,41.067647],[-78.368164,41.066941],[-78.369036,41.06548],[-78.370451,41.064017],[-78.37204,41.06315],[-78.374252,41.061693],[-78.375548,41.061042],[-78.376608,41.059961],[-78.376988,41.05882],[-78.375464,41.060183],[-78.37429,41.060461],[-78.372581,41.061535],[-78.374794,41.058937],[-78.37397,41.058029],[-78.372215,41.059395],[-78.370743,41.060127],[-78.368866,41.061733],[-78.365196,41.060177],[-78.363869,41.058197],[-78.362808,41.055866],[-78.361076,41.053467],[-78.360731,41.055067],[-78.361857,41.056455],[-78.36119,41.057282],[-78.360161,41.057617],[-78.359238,41.058666],[-78.358162,41.05933],[-78.356239,41.059746],[-78.354523,41.060596],[-78.355934,41.062778],[-78.358875,41.065106],[-78.357632,41.065497],[-78.351564,41.05981],[-78.351044,41.059017],[-78.347045,41.055294],[-78.343128,41.053208],[-78.341457,41.052567],[-78.339692,41.05254],[-78.337208,41.053415],[-78.335488,41.05422],[-78.334545,41.055037],[-78.334347,41.055884],[-78.334699,41.057008],[-78.335976,41.058044],[-78.341657,41.060272],[-78.343686,41.061401],[-78.344713,41.062812],[-78.345547,41.064627],[-78.347075,41.069497],[-78.347094,41.070367],[-78.346465,41.071652],[-78.344,41.075179],[-78.342684,41.07621],[-78.34099,41.077096],[-78.338974,41.077427],[-78.335867,41.077368],[-78.332561,41.076882],[-78.330225,41.075909],[-78.328992,41.074887],[-78.32826,41.073642],[-78.327406,41.071],[-78.326662,41.069161],[-78.325718,41.067692],[-78.324691,41.066505],[-78.321297,41.063809],[-78.320325,41.062537],[-78.317279,41.058027],[-78.316162,41.057181],[-78.313138,41.056497],[-78.311671,41.056332],[-78.310288,41.056553],[-78.309104,41.057237],[-78.308459,41.057957],[-78.308038,41.059044],[-78.308086,41.060581],[-78.308638,41.064021],[-78.308552,41.066325],[-78.306404,41.067886],[-78.304748,41.068709],[-78.301789,41.069514],[-78.297456,41.071151],[-78.29397,41.07153],[-78.289804,41.071703],[-78.286017,41.071589],[-78.282258,41.070932],[-78.28084,41.070278],[-78.280246,41.07081],[-78.283684,41.071999],[-78.286954,41.072352],[-78.294677,41.072131],[-78.299408,41.071291],[-78.302852,41.070183],[-78.30423,41.073624],[-78.303951,41.075824],[-78.302795,41.076656],[-78.304619,41.075974],[-78.307121,41.073925],[-78.314262,41.065304],[-78.317337,41.065266],[-78.31926,41.067764],[-78.319214,41.071411],[-78.31749,41.074974],[-78.313861,41.076087],[-78.313748,41.076866],[-78.315382,41.078823],[-78.317705,41.079831],[-78.323166,41.079242],[-78.324111,41.079813],[-78.323897,41.081039],[-78.321894,41.082601],[-78.320856,41.086926],[-78.321751,41.088577],[-78.324416,41.087624],[-78.324359,41.088888],[-78.32581,41.091013],[-78.328144,41.092039],[-78.328763,41.093341],[-78.332638,41.091478],[-78.333402,41.088825],[-78.339134,41.089828],[-78.342384,41.08989],[-78.342478,41.089165],[-78.345719,41.088289],[-78.351559,41.087368],[-78.3515,41.08607],[-78.356781,41.085839],[-78.35873,41.086429],[-78.360415,41.091013],[-78.363106,41.092407],[-78.364497,41.09371],[-78.364469,41.097071],[-78.367736,41.100249],[-78.371727,41.101322],[-78.372423,41.102007],[-78.371094,41.104066],[-78.371339,41.107564],[-78.370251,41.108137],[-78.368386,41.111901],[-78.370478,41.114019],[-78.370996,41.116185],[-78.367828,41.118283],[-78.366047,41.117525],[-78.360943,41.118613],[-78.357597,41.116508],[-78.352066,41.116188],[-78.349205,41.111565],[-78.349335,41.109638],[-78.347336,41.111855],[-78.348933,41.11417],[-78.349654,41.117971],[-78.351056,41.119135],[-78.350387,41.119847],[-78.352709,41.122675],[-78.350851,41.124995],[-78.347278,41.128182],[-78.344829,41.132199],[-78.345413,41.133326],[-78.344579,41.134478],[-78.346186,41.134536],[-78.345186,41.137428],[-78.343439,41.138192],[-78.34553,41.141149],[-78.346305,41.144601],[-78.345686,41.145541],[-78.345251,41.14958],[-78.34347,41.151164],[-78.342432,41.153776],[-78.343733,41.153732],[-78.346271,41.156427],[-78.348583,41.157684],[-78.351311,41.160017],[-78.35215,41.16246],[-78.356972,41.162079],[-78.360092,41.163288],[-78.363327,41.163208],[-78.365868,41.163944],[-78.368904,41.163662],[-78.371544,41.162472],[-78.376259,41.161926],[-78.377987,41.161035],[-78.378864,41.162473],[-78.378486,41.164708],[-78.379138,41.167463],[-78.381601,41.168378],[-78.383969,41.168287],[-78.387666,41.168925],[-78.392946,41.170915],[-78.396452,41.171311],[-78.404972,41.169564],[-78.407046,41.169947],[-78.408584,41.171857],[-78.407614,41.1749],[-78.408043,41.177478],[-78.406933,41.178855],[-78.408071,41.181886],[-78.406581,41.184068],[-78.407254,41.186349],[-78.407266,41.188782],[-78.409271,41.187878],[-78.411062,41.189511],[-78.4152,41.190026],[-78.414968,41.240151],[-78.484712,41.24394],[-78.485207,41.147975],[-78.50441,41.148109],[-78.504943,41.146017],[-78.504482,41.144611],[-78.501213,41.141369],[-78.498528,41.142681],[-78.495468,41.143272],[-78.49118,41.1436],[-78.488007,41.14307],[-78.48537,41.143278],[-78.48639,41.113909],[-78.488918,41.113677],[-78.493866,41.110691],[-78.495598,41.108723],[-78.496758,41.10548],[-78.500031,41.10284],[-78.500526,41.101753],[-78.499634,41.100212],[-78.49535,41.098864],[-78.489419,41.099059],[-78.486939,41.097986],[-78.487839,41.072152],[-78.489052,41.072108],[-78.494301,41.076557],[-78.497917,41.078909],[-78.505096,41.082825],[-78.510077,41.086329],[-78.512977,41.085135],[-78.51426,41.083839],[-78.516002,41.08349],[-78.520018,41.080592],[-78.524741,41.081612],[-78.527907,41.084636],[-78.536658,41.086584],[-78.540298,41.085188],[-78.541557,41.086414],[-78.542206,41.088619],[-78.542091,41.090485],[-78.540833,41.095337],[-78.54409,41.093697],[-78.543587,41.091354],[-78.545334,41.08952],[-78.546936,41.08651]],[[-78.482017,40.987357],[-78.481064,40.988091],[-78.47135,40.991351],[-78.467789,40.993755],[-78.467354,40.99435],[-78.466164,40.997131],[-78.465508,40.998581],[-78.468094,40.999581],[-78.47302,41.003175],[-78.47302,41.007286],[-78.470881,41.007286],[-78.468384,41.006265],[-78.466988,41.004135],[-78.467625,41.008215],[-78.459229,41.005717],[-78.459491,41.00532],[-78.457435,41.004582],[-78.459776,41.000886],[-78.464097,40.996541],[-78.465166,40.996686],[-78.467574,40.993659],[-78.470433,40.991542],[-78.477011,40.988791],[-78.482017,40.987357]]]}},{"type":"Feature","properties":{"zcta5":"16833","AFFGEOID10":"8600000US16833","GEOID10":"16833","ALAND10":185014792,"AWATER10":3454878,"county_name":"Clearfield","state_code":"PA","county_state":"Clearfield County, PA","county_fips":"42033","risk_level_county":"Medium Risk (70–79% vaccinated)","mean_vaccination_rate_county":76.39,"risk_level_zcta":"Lower Risk (80–84% vaccinated)","mean_vaccination_rate_zips":80.13,"cases":16},"geometry":{"type":"Polygon","coordinates":[[[-78.62384,40.92448],[-78.623983,40.923587],[-78.629292,40.922146],[-78.628388,40.919652],[-78.621725,40.918039],[-78.620226,40.91816],[-78.618292,40.917041],[-78.617196,40.914879],[-78.619869,40.911692],[-78.621965,40.910389],[-78.626809,40.911135],[-78.628088,40.912581],[-78.635026,40.915485],[-78.640116,40.914902],[-78.645014,40.914826],[-78.646407,40.914312],[-78.647744,40.913484],[-78.647542,40.910648],[-78.646702,40.908855],[-78.6456,40.909314],[-78.643594,40.908007],[-78.642632,40.906193],[-78.642044,40.901875],[-78.63987,40.898502],[-78.643303,40.895546],[-78.647293,40.89386],[-78.648949,40.893799],[-78.652,40.895393],[-78.654716,40.893932],[-78.655785,40.89201],[-78.657524,40.891815],[-78.660301,40.894424],[-78.663048,40.893917],[-78.665665,40.891258],[-78.666772,40.891011],[-78.668839,40.892972],[-78.67105,40.893595],[-78.673065,40.893242],[-78.675827,40.894845],[-78.677739,40.893467],[-78.682028,40.892401],[-78.684149,40.89232],[-78.688082,40.893217],[-78.694541,40.89549],[-78.700904,40.896577],[-78.706429,40.897921],[-78.708717,40.897112],[-78.708947,40.896326],[-78.707452,40.893102],[-78.703623,40.890185],[-78.700212,40.892543],[-78.690957,40.885542],[-78.689162,40.886736],[-78.687669,40.885448],[-78.685052,40.888497],[-78.683492,40.886783],[-78.683638,40.883925],[-78.682521,40.883546],[-78.680589,40.884659],[-78.677782,40.881919],[-78.678111,40.880332],[-78.676601,40.879544],[-78.676087,40.88095],[-78.674336,40.881488],[-78.67058,40.879369],[-78.669355,40.878018],[-78.670998,40.879272],[-78.674515,40.880348],[-78.676435,40.878424],[-78.673854,40.877076],[-78.677592,40.874177],[-78.661379,40.864876],[-78.648095,40.873753],[-78.647842,40.872448],[-78.645653,40.871704],[-78.643433,40.872948],[-78.641922,40.872944],[-78.639328,40.871384],[-78.638916,40.869953],[-78.636162,40.867611],[-78.637077,40.86422],[-78.640648,40.862759],[-78.639709,40.861847],[-78.640297,40.859699],[-78.639542,40.858765],[-78.637177,40.857578],[-78.636536,40.859184],[-78.63488,40.860416],[-78.633034,40.860645],[-78.626373,40.85984],[-78.621132,40.857292],[-78.619171,40.854491],[-78.630955,40.849244],[-78.643647,40.840566],[-78.648364,40.837045],[-78.656025,40.83196],[-78.655937,40.831131],[-78.6602,40.829026],[-78.659828,40.827072],[-78.662471,40.827482],[-78.66473,40.825857],[-78.661975,40.824907],[-78.660728,40.825809],[-78.646325,40.815002],[-78.627651,40.827569],[-78.615236,40.816114],[-78.608862,40.820479],[-78.602315,40.815182],[-78.6007,40.81591],[-78.597397,40.818874],[-78.599174,40.820518],[-78.60215,40.821156],[-78.605576,40.824982],[-78.606789,40.828342],[-78.609459,40.831047],[-78.604424,40.834194],[-78.602631,40.834774],[-78.602936,40.835602],[-78.597382,40.84026],[-78.593567,40.842163],[-78.590202,40.844688],[-78.587651,40.844767],[-78.588135,40.846516],[-78.587677,40.848663],[-78.590874,40.851173],[-78.587921,40.853283],[-78.587387,40.855228],[-78.588943,40.856003],[-78.588196,40.857784],[-78.58503,40.858604],[-78.584213,40.859463],[-78.582108,40.859615],[-78.577461,40.862507],[-78.57605,40.861393],[-78.57386,40.862808],[-78.572012,40.861825],[-78.567314,40.85751],[-78.560299,40.860633],[-78.564294,40.862676],[-78.561768,40.866306],[-78.561705,40.867976],[-78.562715,40.869776],[-78.55883,40.869655],[-78.559675,40.870639],[-78.551301,40.876014],[-78.552177,40.877652],[-78.564155,40.88842],[-78.556598,40.893841],[-78.556399,40.896379],[-78.553644,40.895611],[-78.552094,40.896252],[-78.555885,40.898258],[-78.560242,40.898018],[-78.561829,40.899315],[-78.562195,40.903439],[-78.560776,40.906742],[-78.545624,40.9058],[-78.543159,40.904892],[-78.541946,40.903084],[-78.539369,40.902779],[-78.537465,40.903654],[-78.53764,40.907324],[-78.541001,40.907301],[-78.541303,40.914019],[-78.548133,40.913751],[-78.544304,40.916954],[-78.538933,40.920841],[-78.53759,40.920255],[-78.536999,40.918367],[-78.534247,40.915901],[-78.531674,40.916151],[-78.529884,40.918495],[-78.527588,40.919022],[-78.526932,40.920258],[-78.523697,40.921211],[-78.525162,40.924335],[-78.524574,40.92522],[-78.519493,40.920906],[-78.512039,40.919228],[-78.509292,40.917687],[-78.510682,40.919536],[-78.511261,40.922374],[-78.519718,40.928174],[-78.518729,40.93436],[-78.513,40.933258],[-78.508057,40.940498],[-78.501205,40.945116],[-78.503241,40.947596],[-78.501148,40.947169],[-78.491618,40.951606],[-78.49045,40.96577],[-78.489107,40.967364],[-78.488651,40.969921],[-78.490448,40.973862],[-78.494066,40.97837],[-78.495068,40.980702],[-78.494659,40.979439],[-78.498101,40.977949],[-78.497032,40.981247],[-78.495674,40.983662],[-78.493721,40.984779],[-78.489692,40.984995],[-78.489714,40.991704],[-78.493546,40.991057],[-78.500816,40.990902],[-78.503403,40.991768],[-78.507431,40.994148],[-78.51078,40.994698],[-78.515198,40.997887],[-78.514641,40.999516],[-78.511032,41.002331],[-78.511162,41.007435],[-78.513115,41.009045],[-78.515518,41.011879],[-78.51683,41.0159],[-78.511169,41.013248],[-78.506966,41.01165],[-78.506294,41.009869],[-78.503082,41.009726],[-78.504005,41.00666],[-78.502579,41.005199],[-78.496414,41.006664],[-78.489761,41.007533],[-78.489799,41.021719],[-78.495193,41.022456],[-78.499905,41.025717],[-78.500081,41.030566],[-78.501488,41.029964],[-78.501411,41.024877],[-78.502518,41.025034],[-78.508864,41.028424],[-78.510877,41.029893],[-78.513609,41.034939],[-78.515185,41.035804],[-78.516103,41.042547],[-78.515625,41.044099],[-78.517573,41.0459],[-78.519353,41.049665],[-78.519632,41.052473],[-78.55331,41.052906],[-78.593142,41.05291],[-78.593167,41.052611],[-78.59405,41.016398],[-78.591396,41.017362],[-78.589261,41.017409],[-78.586149,41.015397],[-78.585767,41.013569],[-78.589668,41.009822],[-78.589629,41.005944],[-78.583876,41.003399],[-78.581585,41.001362],[-78.578718,40.996369],[-78.575821,40.99317],[-78.57426,40.992385],[-78.569699,40.992799],[-78.568071,40.992061],[-78.565227,40.989343],[-78.560587,40.986477],[-78.556563,40.981983],[-78.550528,40.979386],[-78.549408,40.977478],[-78.550438,40.977749],[-78.552994,40.976379],[-78.55584,40.978615],[-78.555928,40.9798],[-78.55899,40.981354],[-78.561696,40.983303],[-78.566946,40.980891],[-78.568384,40.981177],[-78.570617,40.979099],[-78.572205,40.979869],[-78.580165,40.979863],[-78.580185,40.967609],[-78.584772,40.966895],[-78.586625,40.967294],[-78.592293,40.965565],[-78.601089,40.967003],[-78.603424,40.966434],[-78.605736,40.965172],[-78.603392,40.96417],[-78.607549,40.960536],[-78.606155,40.959637],[-78.609062,40.957417],[-78.608437,40.954283],[-78.609627,40.951714],[-78.606827,40.949806],[-78.605884,40.948373],[-78.606499,40.946705],[-78.610222,40.944252],[-78.613804,40.946004],[-78.615284,40.943734],[-78.612757,40.941792],[-78.614807,40.94091],[-78.617416,40.941189],[-78.621538,40.938596],[-78.62384,40.92448]]]}},{"type":"Feature","properties":{"zcta5":"16840","AFFGEOID10":"8600000US16840","GEOID10":"16840","ALAND10":1964018,"AWATER10":8469,"county_name":"Clearfield","state_code":"PA","county_state":"Clearfield County, PA","county_fips":"42033","risk_level_county":"Medium Risk (70–79% vaccinated)","mean_vaccination_rate_county":76.39,"risk_level_zcta":"Medium Risk (70–79% vaccinated)","mean_vaccination_rate_zips":79.4,"cases":16},"geometry":{"type":"Polygon","coordinates":[[[-78.207355,40.928058],[-78.212356,40.925159],[-78.214824,40.925129],[-78.217725,40.924971],[-78.212769,40.920753],[-78.211955,40.920997],[-78.210708,40.919163],[-78.210271,40.917522],[-78.209577,40.917575],[-78.208532,40.916566],[-78.20682,40.916921],[-78.204904,40.915688],[-78.202244,40.915858],[-78.200335,40.917759],[-78.198617,40.917619],[-78.195985,40.919992],[-78.194279,40.919385],[-78.192382,40.920568],[-78.192319,40.921715],[-78.195578,40.925562],[-78.196845,40.926721],[-78.199591,40.93057],[-78.200455,40.929249],[-78.201187,40.930321],[-78.201461,40.931692],[-78.204363,40.930481],[-78.207355,40.928058]]]}},{"type":"Feature","properties":{"zcta5":"16866","AFFGEOID10":"8600000US16866","GEOID10":"16866","ALAND10":414530016,"AWATER10":1125099,"county_name":"Clearfield","state_code":"PA","county_state":"Clearfield County, PA","county_fips":"42033","risk_level_county":"Medium Risk (70–79% vaccinated)","mean_vaccination_rate_county":76.39,"risk_level_zcta":"Medium Risk (70–79% vaccinated)","mean_vaccination_rate_zips":78.39,"cases":16},"geometry":{"type":"MultiPolygon","coordinates":[[[[-78.199898,40.932861],[-78.202652,40.937481],[-78.204132,40.938351],[-78.206486,40.937214],[-78.204958,40.932446],[-78.202022,40.933037],[-78.201461,40.931692],[-78.201187,40.930321],[-78.200455,40.929249],[-78.199591,40.93057],[-78.200663,40.932026],[-78.199898,40.932861]]],[[[-78.374033,40.756652],[-78.376518,40.754417],[-78.376809,40.752259],[-78.376105,40.751199],[-78.373581,40.750118],[-78.373127,40.748385],[-78.365493,40.737188],[-78.3621,40.73446],[-78.361657,40.732648],[-78.359912,40.732592],[-78.282781,40.73641],[-78.211229,40.775364],[-78.15712,40.805084],[-78.04831,40.867788],[-78.013445,40.888943],[-77.964234,40.92371],[-77.965901,40.924988],[-77.985906,40.940322],[-78.035923,40.983194],[-78.0597,41.003571],[-78.062833,41.004589],[-78.064831,41.003888],[-78.064819,41.000425],[-78.061935,40.998065],[-78.061085,40.996277],[-78.061762,40.995067],[-78.064263,40.994998],[-78.066675,40.997692],[-78.068115,40.997645],[-78.071485,40.994754],[-78.074227,40.993504],[-78.079915,40.993138],[-78.081169,40.99332],[-78.083802,40.994458],[-78.085688,40.994557],[-78.086854,40.99355],[-78.084906,40.991518],[-78.082265,40.986343],[-78.081975,40.984647],[-78.083678,40.981662],[-78.085282,40.980501],[-78.089561,40.981228],[-78.090989,40.980417],[-78.088674,40.976085],[-78.091709,40.972712],[-78.093588,40.973761],[-78.095263,40.973831],[-78.096473,40.972452],[-78.094777,40.971875],[-78.093563,40.970629],[-78.090862,40.970137],[-78.087964,40.970351],[-78.08662,40.969986],[-78.084503,40.968256],[-78.083168,40.965527],[-78.081192,40.96384],[-78.078504,40.960451],[-78.07774,40.958824],[-78.078105,40.956447],[-78.081525,40.954836],[-78.089568,40.954458],[-78.09211,40.952987],[-78.093031,40.951328],[-78.0949,40.950436],[-78.099263,40.951589],[-78.104759,40.949238],[-78.107594,40.950648],[-78.109828,40.949933],[-78.110246,40.947377],[-78.11155,40.944881],[-78.116608,40.94268],[-78.120844,40.941747],[-78.122957,40.94309],[-78.12493,40.942631],[-78.12472,40.944879],[-78.128113,40.944693],[-78.132271,40.945129],[-78.136497,40.944681],[-78.138808,40.947068],[-78.143592,40.945415],[-78.145256,40.946486],[-78.145627,40.944103],[-78.143992,40.941365],[-78.143884,40.939696],[-78.144999,40.938339],[-78.150066,40.940308],[-78.155639,40.941645],[-78.158133,40.9413],[-78.161461,40.942081],[-78.162742,40.941905],[-78.164555,40.940943],[-78.163068,40.939601],[-78.164749,40.938555],[-78.166461,40.936686],[-78.168529,40.936204],[-78.171346,40.936713],[-78.172285,40.935204],[-78.171547,40.932488],[-78.175005,40.931966],[-78.177202,40.930209],[-78.179089,40.927845],[-78.17784,40.928161],[-78.178122,40.926817],[-78.179816,40.923793],[-78.181494,40.922324],[-78.183521,40.922532],[-78.183548,40.92169],[-78.185691,40.921582],[-78.18571,40.920789],[-78.190435,40.918672],[-78.191247,40.918825],[-78.192382,40.920568],[-78.194279,40.919385],[-78.195985,40.919992],[-78.198617,40.917619],[-78.200335,40.917759],[-78.202244,40.915858],[-78.204904,40.915688],[-78.20682,40.916921],[-78.208532,40.916566],[-78.209577,40.917575],[-78.210271,40.917522],[-78.210708,40.919163],[-78.211955,40.920997],[-78.212769,40.920753],[-78.217725,40.924971],[-78.214824,40.925129],[-78.212356,40.925159],[-78.207355,40.928058],[-78.208476,40.931055],[-78.213651,40.933042],[-78.215417,40.935177],[-78.218048,40.935851],[-78.218592,40.937441],[-78.222588,40.938309],[-78.222786,40.93821],[-78.222947,40.938143],[-78.223198,40.938023],[-78.223068,40.936485],[-78.225327,40.935162],[-78.228195,40.9352],[-78.229187,40.933136],[-78.22892,40.931904],[-78.229851,40.929913],[-78.231468,40.928829],[-78.232895,40.928837],[-78.235751,40.926501],[-78.254109,40.939073],[-78.258349,40.943498],[-78.265126,40.951934],[-78.268596,40.953021],[-78.27145,40.956395],[-78.278539,40.956591],[-78.278952,40.952636],[-78.280382,40.951092],[-78.280647,40.947433],[-78.279762,40.945477],[-78.275332,40.94298],[-78.277142,40.941665],[-78.276146,40.938433],[-78.271847,40.938372],[-78.27182,40.92951],[-78.270079,40.929554],[-78.270046,40.927053],[-78.270037,40.92641],[-78.269969,40.921341],[-78.289621,40.921298],[-78.292657,40.921285],[-78.297675,40.919235],[-78.303096,40.91882],[-78.30618,40.918251],[-78.307918,40.919627],[-78.307888,40.916787],[-78.323312,40.916706],[-78.325905,40.915131],[-78.329536,40.914078],[-78.330605,40.913143],[-78.32579,40.910675],[-78.323082,40.908134],[-78.322128,40.906391],[-78.314697,40.899284],[-78.312732,40.898451],[-78.309372,40.895813],[-78.305809,40.888386],[-78.30326,40.886721],[-78.300709,40.888394],[-78.299121,40.888932],[-78.295053,40.888328],[-78.29224,40.886831],[-78.289015,40.886788],[-78.285134,40.886193],[-78.284431,40.883224],[-78.28202,40.88334],[-78.276981,40.886369],[-78.275627,40.886024],[-78.275459,40.884716],[-78.274002,40.884926],[-78.270003,40.883816],[-78.272407,40.876752],[-78.266129,40.874561],[-78.264748,40.871571],[-78.263184,40.87035],[-78.260796,40.86935],[-78.258965,40.867294],[-78.257694,40.870084],[-78.252214,40.871871],[-78.250224,40.871523],[-78.251423,40.868967],[-78.251204,40.866088],[-78.249753,40.86604],[-78.247211,40.865843],[-78.245817,40.863703],[-78.243286,40.857645],[-78.246271,40.856885],[-78.247841,40.854373],[-78.250875,40.853527],[-78.254339,40.851551],[-78.257718,40.851168],[-78.261903,40.849527],[-78.264075,40.847723],[-78.265052,40.845171],[-78.266015,40.839424],[-78.263923,40.83687],[-78.261165,40.836498],[-78.26354,40.834598],[-78.265508,40.835704],[-78.266783,40.837491],[-78.268211,40.836501],[-78.266164,40.835685],[-78.264765,40.833843],[-78.262354,40.832366],[-78.264128,40.829443],[-78.265555,40.828196],[-78.263963,40.826539],[-78.264214,40.824763],[-78.301019,40.83395],[-78.301863,40.834304],[-78.302336,40.833919],[-78.300393,40.831544],[-78.299667,40.829569],[-78.30039,40.825993],[-78.299691,40.824274],[-78.30151,40.822937],[-78.302756,40.821611],[-78.305601,40.820669],[-78.308156,40.815855],[-78.311632,40.813892],[-78.312313,40.811546],[-78.314021,40.810166],[-78.314271,40.808702],[-78.320351,40.808523],[-78.321299,40.807949],[-78.322119,40.805755],[-78.326329,40.806162],[-78.329308,40.803874],[-78.329573,40.802742],[-78.331661,40.801122],[-78.334006,40.800692],[-78.338137,40.799],[-78.339491,40.797864],[-78.338864,40.797002],[-78.340249,40.791562],[-78.343927,40.79058],[-78.342812,40.787665],[-78.342587,40.784944],[-78.343795,40.784248],[-78.342487,40.782633],[-78.344745,40.781718],[-78.346441,40.780304],[-78.346341,40.778955],[-78.348332,40.778418],[-78.349317,40.776271],[-78.351692,40.775089],[-78.352241,40.772079],[-78.351718,40.77047],[-78.352705,40.768665],[-78.359133,40.767895],[-78.360632,40.765391],[-78.365569,40.764129],[-78.368086,40.761159],[-78.370685,40.759706],[-78.370839,40.758293],[-78.374033,40.756652]],[[-78.264214,40.824763],[-78.259576,40.823542],[-78.237302,40.817678],[-78.230675,40.816416],[-78.224974,40.81812],[-78.224985,40.815006],[-78.221902,40.814228],[-78.221011,40.803893],[-78.230326,40.792756],[-78.231647,40.793519],[-78.231284,40.798414],[-78.229858,40.801772],[-78.23123,40.80269],[-78.231954,40.806279],[-78.233942,40.808794],[-78.237223,40.809845],[-78.241075,40.809226],[-78.245587,40.807234],[-78.249736,40.804384],[-78.255243,40.803893],[-78.258811,40.804667],[-78.261314,40.806555],[-78.262016,40.809923],[-78.264788,40.814519],[-78.265712,40.819315],[-78.264908,40.820216],[-78.265727,40.822949],[-78.2644,40.824509],[-78.264214,40.824763]]]]}},{"type":"Feature","properties":{"zcta5":"16879","AFFGEOID10":"8600000US16879","GEOID10":"16879","ALAND10":5514222,"AWATER10":17509,"county_name":"Clearfield","state_code":"PA","county_state":"Clearfield County, PA","county_fips":"42033","risk_level_county":"Medium Risk (70–79% vaccinated)","mean_vaccination_rate_county":76.39,"risk_level_zcta":"Lower Risk (80–84% vaccinated)","mean_vaccination_rate_zips":84.66,"cases":16},"geometry":{"type":"Polygon","coordinates":[[[-78.176186,40.986225],[-78.175791,40.982395],[-78.170921,40.979244],[-78.168213,40.980373],[-78.163445,40.980782],[-78.154999,40.977711],[-78.153655,40.975936],[-78.156903,40.973336],[-78.156903,40.969667],[-78.151317,40.969667],[-78.151329,40.966057],[-78.15432,40.965775],[-78.154083,40.964653],[-78.156013,40.962017],[-78.160194,40.96199],[-78.165611,40.962673],[-78.168159,40.963486],[-78.168182,40.962009],[-78.170937,40.959293],[-78.170884,40.955704],[-78.169627,40.955665],[-78.168797,40.957524],[-78.168977,40.959617],[-78.168128,40.960865],[-78.166507,40.961482],[-78.160233,40.961257],[-78.158507,40.960929],[-78.154787,40.959481],[-78.151604,40.957366],[-78.146853,40.956586],[-78.146548,40.954597],[-78.147381,40.951326],[-78.147134,40.948912],[-78.144284,40.948588],[-78.141059,40.949844],[-78.140397,40.950813],[-78.140986,40.952249],[-78.139616,40.954053],[-78.139648,40.957102],[-78.138376,40.959271],[-78.136447,40.961413],[-78.135878,40.962966],[-78.136203,40.966098],[-78.135649,40.966677],[-78.135689,40.970737],[-78.137918,40.969767],[-78.137981,40.980519],[-78.143036,40.982128],[-78.144302,40.979584],[-78.146698,40.978046],[-78.147865,40.974625],[-78.150391,40.976906],[-78.152138,40.977924],[-78.155014,40.980652],[-78.158569,40.986134],[-78.159599,40.987255],[-78.171349,40.986549],[-78.176186,40.986225]]]}},{"type":"Feature","properties":{"zcta5":"16821","AFFGEOID10":"8600000US16821","GEOID10":"16821","ALAND10":2777819,"AWATER10":4958,"county_name":"Clearfield","state_code":"PA","county_state":"Clearfield County, PA","county_fips":"42033","risk_level_county":"Medium Risk (70–79% vaccinated)","mean_vaccination_rate_county":76.39,"risk_level_zcta":"Medium Risk (70–79% vaccinated)","mean_vaccination_rate_zips":75.57,"cases":16},"geometry":{"type":"Polygon","coordinates":[[[-78.187392,40.962537],[-78.190297,40.965374],[-78.192874,40.96597],[-78.196433,40.965061],[-78.201769,40.968438],[-78.207923,40.97147],[-78.20877,40.969645],[-78.212296,40.970505],[-78.216873,40.970463],[-78.21843,40.971062],[-78.220308,40.970464],[-78.212502,40.960478],[-78.202137,40.961736],[-78.203431,40.95914],[-78.20252,40.95872],[-78.193325,40.95086],[-78.18734,40.959562],[-78.187392,40.962537]]]}},{"type":"Feature","properties":{"zcta5":"16825","AFFGEOID10":"8600000US16825","GEOID10":"16825","ALAND10":1391038,"AWATER10":6008,"county_name":"Clearfield","state_code":"PA","county_state":"Clearfield County, PA","county_fips":"42033","risk_level_county":"Medium Risk (70–79% vaccinated)","mean_vaccination_rate_county":76.39,"risk_level_zcta":"Lower Risk (80–84% vaccinated)","mean_vaccination_rate_zips":80.48,"cases":16},"geometry":{"type":"Polygon","coordinates":[[[-78.30175,40.978855],[-78.302723,40.988486],[-78.30661,40.984535],[-78.309035,40.985133],[-78.308393,40.987606],[-78.309565,40.990482],[-78.310335,40.988898],[-78.313232,40.988654],[-78.316104,40.990306],[-78.31801,40.992578],[-78.316406,40.992258],[-78.318455,40.993916],[-78.318308,40.997597],[-78.320246,40.998151],[-78.320945,40.996499],[-78.322504,40.99528],[-78.322021,40.992161],[-78.321074,40.991988],[-78.318542,40.983696],[-78.316277,40.984318],[-78.311241,40.984291],[-78.312296,40.981966],[-78.311537,40.980985],[-78.30943,40.979182],[-78.302848,40.978125],[-78.301583,40.977026],[-78.30175,40.978855]]]}},{"type":"Feature","properties":{"zcta5":"15767","AFFGEOID10":"8600000US15767","GEOID10":"15767","ALAND10":428087617,"AWATER10":2170263,"county_name":"Clearfield","state_code":"PA","county_state":"Clearfield County, PA","county_fips":"42033","risk_level_county":"Medium Risk (70–79% vaccinated)","mean_vaccination_rate_county":76.39,"risk_level_zcta":"Medium Risk (70–79% vaccinated)","mean_vaccination_rate_zips":74.07,"cases":16},"geometry":{"type":"MultiPolygon","coordinates":[[[[-78.953626,40.893959],[-78.956478,40.891117],[-78.952152,40.890833],[-78.949403,40.889798],[-78.948318,40.890233],[-78.945726,40.895151],[-78.946569,40.895759],[-78.952369,40.895841],[-78.953626,40.893959]]],[[[-79.212546,40.96089],[-79.213739,40.9527],[-79.213719,40.951844],[-79.20987,40.95175],[-79.208844,40.9523],[-79.199893,40.945331],[-79.196354,40.944044],[-79.19338,40.943581],[-79.189714,40.943814],[-79.183647,40.944769],[-79.181099,40.943358],[-79.180249,40.940752],[-79.184661,40.937988],[-79.185724,40.933444],[-79.183681,40.933046],[-79.173137,40.932832],[-79.169637,40.933757],[-79.168924,40.932627],[-79.168913,40.930817],[-79.170033,40.928651],[-79.169799,40.925526],[-79.171887,40.924098],[-79.173685,40.921251],[-79.176928,40.919391],[-79.178266,40.913816],[-79.179408,40.912806],[-79.179172,40.911048],[-79.171964,40.910884],[-79.125724,40.910561],[-79.125737,40.926878],[-79.122241,40.926749],[-79.121558,40.925761],[-79.121389,40.919021],[-79.116989,40.919316],[-79.115844,40.920529],[-79.115785,40.922268],[-79.114157,40.923365],[-79.113905,40.925979],[-79.110549,40.925818],[-79.108996,40.926254],[-79.107102,40.925591],[-79.104379,40.923547],[-79.105106,40.920423],[-79.102263,40.919244],[-79.100925,40.920008],[-79.097358,40.91978],[-79.094704,40.91898],[-79.091206,40.919393],[-79.088191,40.920217],[-79.087593,40.92211],[-79.08835,40.922555],[-79.085931,40.924109],[-79.08115,40.92425],[-79.08114,40.926918],[-79.082909,40.93039],[-79.082859,40.933797],[-79.081981,40.937408],[-79.078726,40.940056],[-79.077147,40.94273],[-79.072277,40.946413],[-79.07145,40.94799],[-79.066161,40.941322],[-79.060084,40.938992],[-79.058307,40.93687],[-79.056736,40.936018],[-79.055636,40.933639],[-79.051957,40.927336],[-79.051159,40.924481],[-79.048998,40.926074],[-79.047493,40.924861],[-79.045539,40.925613],[-79.041254,40.924596],[-79.040386,40.923311],[-79.03857,40.923124],[-79.036356,40.921697],[-79.038253,40.919084],[-79.038934,40.916526],[-79.04058,40.913851],[-79.045014,40.913753],[-79.044873,40.909545],[-79.046172,40.909597],[-79.054958,40.909669],[-79.05162,40.908178],[-79.051741,40.904187],[-79.052866,40.902535],[-79.052715,40.900694],[-79.054028,40.898247],[-79.053475,40.899522],[-79.053499,40.903086],[-79.051723,40.905047],[-79.051832,40.906719],[-79.058418,40.906321],[-79.060397,40.905656],[-79.063759,40.905409],[-79.068378,40.903451],[-79.070181,40.903378],[-79.072463,40.904263],[-79.073192,40.902525],[-79.075935,40.900191],[-79.075866,40.898434],[-79.074604,40.894643],[-79.074793,40.890974],[-79.073531,40.887699],[-79.072738,40.884139],[-79.071506,40.881922],[-79.073396,40.881439],[-79.074663,40.878571],[-79.072098,40.87866],[-79.068429,40.880189],[-79.066674,40.881698],[-79.062355,40.879383],[-79.061976,40.876643],[-79.06089,40.875618],[-79.058633,40.875002],[-79.052619,40.872453],[-79.051788,40.87098],[-79.049424,40.869367],[-79.045701,40.868612],[-79.042871,40.868507],[-79.039051,40.869266],[-79.03581,40.868711],[-79.034564,40.869621],[-79.029295,40.872421],[-79.028111,40.87273],[-79.023968,40.872347],[-79.023582,40.873911],[-79.025075,40.874414],[-79.027394,40.874278],[-79.028373,40.875789],[-79.025949,40.878838],[-79.023345,40.87948],[-79.018947,40.878671],[-79.017764,40.87939],[-79.018402,40.880731],[-79.015051,40.880817],[-79.010581,40.880445],[-79.006531,40.878851],[-79.006284,40.877296],[-79.004776,40.874554],[-79.004021,40.87433],[-78.996422,40.874247],[-78.989681,40.87121],[-78.984037,40.871232],[-78.981963,40.871791],[-78.976955,40.867722],[-78.973452,40.866242],[-78.972109,40.865063],[-78.971681,40.862948],[-78.970091,40.866231],[-78.970783,40.869207],[-78.969069,40.872491],[-78.96905,40.875014],[-78.970327,40.876032],[-78.969784,40.877772],[-78.971261,40.88113],[-78.971052,40.883324],[-78.969567,40.88491],[-78.955308,40.892769],[-78.954216,40.895055],[-78.952572,40.903135],[-78.951048,40.905088],[-78.949176,40.906209],[-78.947568,40.908111],[-78.946066,40.908428],[-78.903653,40.907295],[-78.897,40.906934],[-78.892389,40.907],[-78.821317,40.906048],[-78.805167,40.90598],[-78.804295,40.939828],[-78.803885,40.937591],[-78.802925,40.93811],[-78.796654,40.937885],[-78.79348,40.939217],[-78.78774,40.940002],[-78.783277,40.938801],[-78.780167,40.93746],[-78.777969,40.939983],[-78.771851,40.944901],[-78.764725,40.947166],[-78.765793,40.954632],[-78.765732,40.9571],[-78.762827,40.963372],[-78.760203,40.964331],[-78.760397,40.967326],[-78.753708,40.971882],[-78.752663,40.973164],[-78.75135,40.976791],[-78.751686,40.977943],[-78.75396,40.980988],[-78.750786,40.982079],[-78.748131,40.980556],[-78.747165,40.978098],[-78.744085,40.978013],[-78.741171,40.975772],[-78.736553,40.975291],[-78.731421,40.974392],[-78.727371,40.971772],[-78.725028,40.971262],[-78.725085,40.975964],[-78.724942,40.979999],[-78.721956,40.98343],[-78.718516,40.984803],[-78.715769,40.985261],[-78.714231,40.990042],[-78.710549,40.991209],[-78.708162,40.993235],[-78.741815,40.993451],[-78.7416,40.994732],[-78.746669,40.995897],[-78.751277,40.995791],[-78.754058,40.997589],[-78.75537,40.999994],[-78.756592,41.005604],[-78.753708,41.006084],[-78.752602,41.00703],[-78.751526,41.010033],[-78.749847,41.010601],[-78.749298,41.012077],[-78.751244,41.012096],[-78.753616,41.014648],[-78.756668,41.014614],[-78.760059,41.013353],[-78.763508,41.013341],[-78.769651,41.010639],[-78.77159,41.009245],[-78.771729,41.010979],[-78.770775,41.012005],[-78.772091,41.013528],[-78.771817,41.015279],[-78.769587,41.018725],[-78.770241,41.02076],[-78.771591,41.018723],[-78.777842,41.021044],[-78.777828,41.019124],[-78.793223,41.018911],[-78.799988,41.017964],[-78.804041,41.018191],[-78.804142,41.031924],[-78.804199,41.040156],[-78.825248,41.040058],[-78.824029,41.036734],[-78.824537,41.033708],[-78.824572,41.030528],[-78.826443,41.028394],[-78.832656,41.029866],[-78.839473,41.028956],[-78.845372,41.026784],[-78.851337,41.02647],[-78.851318,41.023009],[-78.858791,41.025664],[-78.858418,41.014275],[-78.847435,41.014028],[-78.842674,41.021227],[-78.843104,41.022118],[-78.837326,41.022037],[-78.833999,41.019573],[-78.830155,41.014739],[-78.832065,41.011543],[-78.835422,41.009748],[-78.840784,41.006381],[-78.846292,41.009506],[-78.850444,41.00949],[-78.857713,40.998637],[-78.864275,40.995093],[-78.86711,40.989457],[-78.870684,40.991629],[-78.874301,40.990511],[-78.873016,40.994422],[-78.873659,40.996838],[-78.872661,40.999886],[-78.87296,41.000723],[-78.880741,41.000664],[-78.88771,40.997578],[-78.890569,40.997498],[-78.892949,41.001014],[-78.893729,41.003421],[-78.894914,41.004935],[-78.894743,41.013958],[-78.897646,41.011829],[-78.89864,41.012281],[-78.898265,41.013198],[-78.89888,41.016137],[-78.899979,41.01845],[-78.896794,41.021896],[-78.894828,41.022421],[-78.896631,41.023856],[-78.901019,41.018577],[-78.903773,41.01995],[-78.907024,41.025578],[-78.906328,41.02617],[-78.908717,41.029387],[-78.909455,41.028126],[-78.909174,41.025997],[-78.910277,41.026979],[-78.912318,41.026725],[-78.916435,41.028322],[-78.921554,41.027883],[-78.921986,41.027265],[-78.92041,41.025615],[-78.92355,41.025016],[-78.927828,41.027939],[-78.931273,41.028987],[-78.934931,41.028481],[-78.936861,41.030421],[-78.939908,41.030509],[-78.942688,41.031479],[-78.945213,41.031528],[-78.947256,41.030829],[-78.947148,41.028428],[-78.949385,41.025589],[-78.949403,41.023898],[-78.948278,41.022844],[-78.951097,41.019946],[-78.955522,41.014809],[-78.956614,41.011355],[-78.955881,41.008909],[-78.956489,41.007372],[-78.95724,41.002134],[-78.956395,40.998549],[-78.959446,40.996888],[-78.959042,40.995504],[-78.973558,40.995603],[-78.97577,40.999054],[-78.977256,40.999839],[-78.977074,41.000191],[-78.977651,41.000771],[-78.982233,41.003986],[-78.983072,41.00549],[-78.98055,41.008342],[-78.982007,41.011449],[-78.98341,41.01562],[-78.98404,41.019745],[-78.984704,41.021584],[-78.984698,41.023942],[-78.987112,41.022093],[-78.98984,41.021937],[-78.988674,41.019505],[-78.988339,41.016999],[-78.991819,41.012811],[-78.995047,41.008143],[-78.996755,41.00668],[-78.997988,41.004648],[-78.998159,41.008287],[-79.000157,41.009679],[-79.001382,41.012425],[-79.003405,41.012701],[-79.004522,41.012176],[-79.004796,41.010529],[-79.007334,41.009844],[-79.008871,41.010076],[-79.010713,41.011268],[-79.01358,41.009489],[-79.015378,41.009212],[-79.015101,41.039766],[-79.018273,41.041025],[-79.020298,41.040157],[-79.024891,41.03977],[-79.02622,41.037871],[-79.025948,41.036798],[-79.030087,41.035292],[-79.035518,41.035291],[-79.040272,41.032644],[-79.044639,41.030775],[-79.045996,41.030856],[-79.045947,41.028398],[-79.048476,41.029531],[-79.049021,41.03156],[-79.051026,41.032563],[-79.051845,41.030931],[-79.055589,41.030002],[-79.059478,41.031242],[-79.067684,41.030265],[-79.071295,41.028817],[-79.072663,41.028761],[-79.077314,41.033712],[-79.080641,41.032891],[-79.081567,41.031477],[-79.084247,41.033036],[-79.085254,41.03301],[-79.088459,41.030861],[-79.094655,41.030668],[-79.101066,41.03143],[-79.101341,41.032368],[-79.10659,41.035607],[-79.108773,41.037955],[-79.110776,41.038559],[-79.114766,41.037298],[-79.115211,41.036624],[-79.109365,41.032813],[-79.107532,41.032514],[-79.104866,41.030544],[-79.106108,41.02599],[-79.105893,41.023954],[-79.105569,41.022945],[-79.101153,41.017762],[-79.102365,41.016101],[-79.101282,41.012962],[-79.101022,41.010196],[-79.102794,41.00628],[-79.110691,41.00302],[-79.105532,41.003235],[-79.103845,41.005458],[-79.102267,41.006106],[-79.096853,41.005314],[-79.092821,41.007131],[-79.091768,41.00462],[-79.096969,41.004108],[-79.10108,41.002147],[-79.102382,41.001049],[-79.104011,40.99852],[-79.105434,40.994627],[-79.107595,40.996096],[-79.109193,40.997791],[-79.110594,41.000321],[-79.11212,41.001643],[-79.115506,41.002346],[-79.117815,41.003515],[-79.120606,41.005637],[-79.123285,41.006783],[-79.125664,41.011256],[-79.125669,41.001117],[-79.125813,41.000064],[-79.125796,40.987388],[-79.129528,40.987732],[-79.136591,40.986632],[-79.138884,40.986792],[-79.140737,40.987762],[-79.142192,40.990633],[-79.142189,40.993015],[-79.142981,40.995158],[-79.142401,40.996713],[-79.144199,40.998979],[-79.142314,41.000338],[-79.143101,41.002093],[-79.14421,41.006266],[-79.154052,41.004682],[-79.15568,41.00406],[-79.156347,41.00056],[-79.160438,40.998625],[-79.162666,40.996546],[-79.163541,40.99656],[-79.168679,40.995075],[-79.168635,40.992962],[-79.169736,40.991503],[-79.169627,40.984574],[-79.171835,40.982606],[-79.172449,40.974787],[-79.173465,40.972194],[-79.172764,40.971035],[-79.184696,40.966755],[-79.189832,40.965512],[-79.186831,40.965098],[-79.184697,40.966054],[-79.184653,40.96354],[-79.192805,40.962625],[-79.195127,40.961953],[-79.211881,40.962719],[-79.212546,40.96089]],[[-79.048368,41.0017],[-79.049437,41.00342],[-79.047619,41.005851],[-79.048293,41.007692],[-79.046918,41.015437],[-79.047363,41.017379],[-79.045678,41.018412],[-79.045987,41.015403],[-79.045622,41.007932],[-79.04289,41.006427],[-79.037971,41.005796],[-79.034218,41.002777],[-79.02824,41.000977],[-79.026663,40.999637],[-79.028121,40.993944],[-79.025964,40.995718],[-79.019026,40.998016],[-79.015528,40.997781],[-79.016095,40.983428],[-79.016245,40.974404],[-79.01896,40.977227],[-79.026767,40.978988],[-79.030955,40.979171],[-79.033328,40.979955],[-79.033306,40.983557],[-79.03215,40.986206],[-79.031906,40.99205],[-79.031372,40.993181],[-79.040683,40.998822],[-79.048368,41.0017]],[[-79.005175,40.965114],[-79.00817,40.968431],[-79.004684,40.966802],[-79.00339,40.965734],[-79.001065,40.964862],[-78.994993,40.964902],[-78.995398,40.971619],[-78.994369,40.973095],[-78.991489,40.974365],[-78.99143,40.975699],[-78.989772,40.974929],[-78.985475,40.974011],[-78.984353,40.971773],[-78.98147,40.970335],[-78.980576,40.969324],[-78.980257,40.966072],[-78.978196,40.963216],[-78.977511,40.960875],[-78.975893,40.9595],[-78.975355,40.956174],[-78.981414,40.956039],[-78.981328,40.949529],[-78.982866,40.94953],[-78.983965,40.950691],[-78.989717,40.958102],[-78.992196,40.962076],[-78.995688,40.963946],[-78.999215,40.964304],[-79.001265,40.963832],[-79.005175,40.965114]],[[-78.89167,40.968588],[-78.887659,40.97153],[-78.889149,40.972167],[-78.887604,40.974718],[-78.886167,40.975081],[-78.884201,40.97225],[-78.872855,40.974035],[-78.864478,40.975421],[-78.862067,40.971186],[-78.864477,40.969949],[-78.865413,40.968182],[-78.874373,40.965515],[-78.876091,40.964412],[-78.879829,40.964616],[-78.882751,40.967454],[-78.88892,40.967783],[-78.891026,40.966992],[-78.89167,40.968588]],[[-78.959042,40.995504],[-78.957559,40.995507],[-78.956018,40.99551],[-78.95621,40.984493],[-78.959832,40.982078],[-78.962533,40.979047],[-78.966125,40.977702],[-78.96671,40.982458],[-78.963753,40.985243],[-78.965021,40.987143],[-78.962427,40.989546],[-78.961703,40.991513],[-78.962886,40.993567],[-78.959054,40.995474],[-78.959042,40.995504]]]]}},{"type":"Feature","properties":{"zcta5":"15865","AFFGEOID10":"8600000US15865","GEOID10":"15865","ALAND10":8699004,"AWATER10":19883,"county_name":"Clearfield","state_code":"PA","county_state":"Clearfield County, PA","county_fips":"42033","risk_level_county":"Medium Risk (70–79% vaccinated)","mean_vaccination_rate_county":76.39,"risk_level_zcta":"Medium Risk (70–79% vaccinated)","mean_vaccination_rate_zips":76.61,"cases":16},"geometry":{"type":"Polygon","coordinates":[[[-78.804349,41.062642],[-78.807743,41.062129],[-78.810108,41.060395],[-78.81253,41.059912],[-78.815858,41.057897],[-78.815553,41.055947],[-78.826465,41.056071],[-78.826373,41.053322],[-78.831628,41.053844],[-78.835263,41.054681],[-78.836766,41.055534],[-78.843344,41.054451],[-78.848141,41.057185],[-78.848313,41.060524],[-78.850427,41.060085],[-78.852718,41.060363],[-78.852677,41.051045],[-78.843619,41.050263],[-78.837951,41.045637],[-78.83478,41.04482],[-78.834589,41.040002],[-78.851784,41.039979],[-78.845372,41.026784],[-78.839473,41.028956],[-78.832656,41.029866],[-78.826443,41.028394],[-78.824572,41.030528],[-78.824537,41.033708],[-78.824029,41.036734],[-78.825248,41.040058],[-78.804199,41.040156],[-78.804349,41.062642]]]}},{"type":"Feature","properties":{"zcta5":"16847","AFFGEOID10":"8600000US16847","GEOID10":"16847","ALAND10":3340051,"AWATER10":9939,"county_name":"Clearfield","state_code":"PA","county_state":"Clearfield County, PA","county_fips":"42033","risk_level_county":"Medium Risk (70–79% vaccinated)","mean_vaccination_rate_county":76.39,"risk_level_zcta":"Uninhabited","mean_vaccination_rate_zips":null,"cases":16},"geometry":{"type":"Polygon","coordinates":[[[-78.171349,40.986549],[-78.165733,40.990456],[-78.160858,40.991226],[-78.163574,40.993057],[-78.158707,40.993275],[-78.154556,40.996529],[-78.153369,41.000246],[-78.151242,41.002137],[-78.152396,41.004177],[-78.155441,41.005675],[-78.159518,41.010209],[-78.163204,41.013013],[-78.163895,41.01202],[-78.166122,41.011143],[-78.166328,41.009171],[-78.167766,41.007036],[-78.169804,41.007491],[-78.171963,41.006003],[-78.172019,40.995045],[-78.176381,40.995028],[-78.176186,40.986225],[-78.171349,40.986549]]]}},{"type":"Feature","properties":{"zcta5":"16837","AFFGEOID10":"8600000US16837","GEOID10":"16837","ALAND10":2191681,"AWATER10":5840,"county_name":"Clearfield","state_code":"PA","county_state":"Clearfield County, PA","county_fips":"42033","risk_level_county":"Medium Risk (70–79% vaccinated)","mean_vaccination_rate_county":76.39,"risk_level_zcta":"Uninhabited","mean_vaccination_rate_zips":null,"cases":16},"geometry":{"type":"Polygon","coordinates":[[[-78.48465,40.948112],[-78.487007,40.94582],[-78.48111,40.938717],[-78.479248,40.937557],[-78.477501,40.938778],[-78.47184,40.938858],[-78.469734,40.938362],[-78.468422,40.935612],[-78.466286,40.935795],[-78.465622,40.936501],[-78.470016,40.941185],[-78.471939,40.944202],[-78.469124,40.942478],[-78.466748,40.944827],[-78.466552,40.946412],[-78.467575,40.947269],[-78.465025,40.950105],[-78.469491,40.9538],[-78.472717,40.957207],[-78.473946,40.955219],[-78.476982,40.951389],[-78.477394,40.949207],[-78.479149,40.948475],[-78.48214,40.949371],[-78.48465,40.948112]]]}},{"type":"Feature","properties":{"zcta5":"16843","AFFGEOID10":"8600000US16843","GEOID10":"16843","ALAND10":1034053,"AWATER10":9136,"county_name":"Clearfield","state_code":"PA","county_state":"Clearfield County, PA","county_fips":"42033","risk_level_county":"Medium Risk (70–79% vaccinated)","mean_vaccination_rate_county":76.39,"risk_level_zcta":"Medium Risk (70–79% vaccinated)","mean_vaccination_rate_zips":71.49,"cases":16},"geometry":{"type":"Polygon","coordinates":[[[-78.482017,40.987357],[-78.477011,40.988791],[-78.470433,40.991542],[-78.467574,40.993659],[-78.465166,40.996686],[-78.464097,40.996541],[-78.459776,41.000886],[-78.457435,41.004582],[-78.459491,41.00532],[-78.459229,41.005717],[-78.467625,41.008215],[-78.466988,41.004135],[-78.468384,41.006265],[-78.470881,41.007286],[-78.47302,41.007286],[-78.47302,41.003175],[-78.468094,40.999581],[-78.465508,40.998581],[-78.466164,40.997131],[-78.467354,40.99435],[-78.467789,40.993755],[-78.47135,40.991351],[-78.481064,40.988091],[-78.482017,40.987357]]]}},{"type":"Feature","properties":{"zcta5":"16839","AFFGEOID10":"8600000US16839","GEOID10":"16839","ALAND10":2769407,"AWATER10":2486,"county_name":"Clearfield","state_code":"PA","county_state":"Clearfield County, PA","county_fips":"42033","risk_level_county":"Medium Risk (70–79% vaccinated)","mean_vaccination_rate_county":76.39,"risk_level_zcta":"Lower Risk (80–84% vaccinated)","mean_vaccination_rate_zips":80.12,"cases":16},"geometry":{"type":"Polygon","coordinates":[[[-78.122452,41.008656],[-78.122589,41.007248],[-78.13035,41.006705],[-78.130314,41.004791],[-78.128785,41.003694],[-78.122697,41.005378],[-78.121167,41.005363],[-78.118033,41.003406],[-78.117356,40.997288],[-78.114815,40.997444],[-78.113323,40.99471],[-78.110583,40.993933],[-78.109211,40.994052],[-78.106879,40.996053],[-78.103492,40.996557],[-78.101371,40.998345],[-78.097629,41.000078],[-78.099264,41.002486],[-78.096482,41.00132],[-78.096379,41.002457],[-78.097993,41.004182],[-78.101696,41.003589],[-78.100121,41.004616],[-78.100235,41.005634],[-78.102608,41.007381],[-78.103973,41.011662],[-78.103878,41.012766],[-78.111284,41.012986],[-78.111284,41.008866],[-78.117939,41.008866],[-78.117934,41.007003],[-78.122452,41.008656]]]}},{"type":"Feature","properties":{"zcta5":"16834","AFFGEOID10":"8600000US16834","GEOID10":"16834","ALAND10":47202880,"AWATER10":641163,"county_name":"Clearfield","state_code":"PA","county_state":"Clearfield County, PA","county_fips":"42033","risk_level_county":"Medium Risk (70–79% vaccinated)","mean_vaccination_rate_county":76.39,"risk_level_zcta":"Lower Risk (80–84% vaccinated)","mean_vaccination_rate_zips":81.17,"cases":16},"geometry":{"type":"Polygon","coordinates":[[[-78.147327,41.057597],[-78.146976,41.029057],[-78.141144,41.026947],[-78.137291,41.027547],[-78.136575,41.024465],[-78.135419,41.023729],[-78.135323,41.007568],[-78.130264,41.00753],[-78.129738,41.009598],[-78.128014,41.011322],[-78.122307,41.014748],[-78.122452,41.008656],[-78.117934,41.007003],[-78.117939,41.008866],[-78.111284,41.008866],[-78.111284,41.012986],[-78.103878,41.012766],[-78.103973,41.011662],[-78.102608,41.007381],[-78.100235,41.005634],[-78.100121,41.004616],[-78.101696,41.003589],[-78.097993,41.004182],[-78.096379,41.002457],[-78.096482,41.00132],[-78.092827,40.997986],[-78.086769,40.996853],[-78.083076,40.998615],[-78.0811,40.997868],[-78.079216,40.995045],[-78.081169,40.99332],[-78.079915,40.993138],[-78.074227,40.993504],[-78.071485,40.994754],[-78.068115,40.997645],[-78.066675,40.997692],[-78.064263,40.994998],[-78.061762,40.995067],[-78.061085,40.996277],[-78.061935,40.998065],[-78.064819,41.000425],[-78.064831,41.003888],[-78.062833,41.004589],[-78.0597,41.003571],[-78.057502,41.00353],[-78.055727,41.005386],[-78.056203,41.008331],[-78.06012,41.012213],[-78.062002,41.013271],[-78.06701,41.012668],[-78.06976,41.013902],[-78.069896,41.015389],[-78.067739,41.018732],[-78.0677,41.019748],[-78.06976,41.020631],[-78.071936,41.020572],[-78.075599,41.022185],[-78.075092,41.023435],[-78.071213,41.024324],[-78.070381,41.025034],[-78.071255,41.026582],[-78.073222,41.027404],[-78.076299,41.026305],[-78.077308,41.026601],[-78.079903,41.02948],[-78.080356,41.030783],[-78.078414,41.033383],[-78.076388,41.034333],[-78.074421,41.034228],[-78.070625,41.032374],[-78.068492,41.032918],[-78.067634,41.034495],[-78.065189,41.035835],[-78.061934,41.035658],[-78.057554,41.036894],[-78.056933,41.039284],[-78.058488,41.040869],[-78.062682,41.043568],[-78.06408,41.045913],[-78.059573,41.050744],[-78.059866,41.051911],[-78.062122,41.053358],[-78.065414,41.052318],[-78.069673,41.049957],[-78.0716,41.05038],[-78.07271,41.052183],[-78.073585,41.058104],[-78.075204,41.059766],[-78.077942,41.059901],[-78.081572,41.058572],[-78.086788,41.058039],[-78.089688,41.059029],[-78.090713,41.060248],[-78.088215,41.063238],[-78.084629,41.065194],[-78.085404,41.066909],[-78.085009,41.068128],[-78.092192,41.070414],[-78.095859,41.070813],[-78.097266,41.072841],[-78.096621,41.073383],[-78.098776,41.07381],[-78.100586,41.076789],[-78.102746,41.078537],[-78.108652,41.080119],[-78.112867,41.081886],[-78.11367,41.084146],[-78.113441,41.085807],[-78.111833,41.0883],[-78.109339,41.091155],[-78.109684,41.0931],[-78.112127,41.095036],[-78.114386,41.098074],[-78.117944,41.099512],[-78.11979,41.099478],[-78.123437,41.097517],[-78.124865,41.095792],[-78.125437,41.094032],[-78.125111,41.088902],[-78.127024,41.084049],[-78.126717,41.082684],[-78.124555,41.080427],[-78.122003,41.078629],[-78.11874,41.077014],[-78.116706,41.074834],[-78.116224,41.07282],[-78.117573,41.070501],[-78.120177,41.069418],[-78.126792,41.069489],[-78.128337,41.068829],[-78.133203,41.065129],[-78.134157,41.062401],[-78.137935,41.059917],[-78.144857,41.05875],[-78.147327,41.057597]]]}},{"type":"Feature","properties":{"zcta5":"16666","AFFGEOID10":"8600000US16666","GEOID10":"16666","ALAND10":67405104,"AWATER10":288793,"county_name":"Clearfield","state_code":"PA","county_state":"Clearfield County, PA","county_fips":"42033","risk_level_county":"Medium Risk (70–79% vaccinated)","mean_vaccination_rate_county":76.39,"risk_level_zcta":"Medium Risk (70–79% vaccinated)","mean_vaccination_rate_zips":77.98,"cases":16},"geometry":{"type":"Polygon","coordinates":[[[-78.379845,40.936275],[-78.381912,40.933647],[-78.383591,40.92374],[-78.384888,40.922783],[-78.386215,40.917797],[-78.389056,40.916763],[-78.390396,40.911515],[-78.383127,40.911433],[-78.383141,40.89798],[-78.381973,40.8978],[-78.383286,40.893013],[-78.383583,40.884922],[-78.383388,40.883939],[-78.383541,40.86688],[-78.34776,40.867005],[-78.347509,40.861773],[-78.352507,40.861621],[-78.355853,40.862412],[-78.359085,40.864841],[-78.359861,40.866075],[-78.363246,40.865452],[-78.362223,40.864253],[-78.358406,40.860948],[-78.357755,40.859433],[-78.355163,40.857943],[-78.347146,40.860699],[-78.344783,40.862721],[-78.343074,40.862414],[-78.342649,40.860342],[-78.341123,40.859616],[-78.339321,40.860527],[-78.337242,40.859276],[-78.335287,40.854879],[-78.333551,40.853966],[-78.331503,40.85536],[-78.329705,40.855413],[-78.327782,40.856505],[-78.326234,40.858899],[-78.323952,40.85947],[-78.320671,40.857513],[-78.315842,40.858509],[-78.313651,40.856458],[-78.314364,40.853933],[-78.31623,40.853139],[-78.316643,40.852099],[-78.313541,40.850535],[-78.314657,40.849781],[-78.313417,40.848251],[-78.31073,40.846496],[-78.308772,40.845924],[-78.306336,40.845768],[-78.30495,40.847145],[-78.304377,40.848911],[-78.303335,40.848989],[-78.299404,40.847723],[-78.297824,40.848775],[-78.294145,40.848184],[-78.296476,40.846884],[-78.305103,40.844519],[-78.311748,40.841657],[-78.320223,40.834569],[-78.323941,40.833069],[-78.330258,40.832267],[-78.30151,40.822937],[-78.299691,40.824274],[-78.30039,40.825993],[-78.299667,40.829569],[-78.300393,40.831544],[-78.302336,40.833919],[-78.301863,40.834304],[-78.301019,40.83395],[-78.264214,40.824763],[-78.263963,40.826539],[-78.265555,40.828196],[-78.264128,40.829443],[-78.262354,40.832366],[-78.264765,40.833843],[-78.266164,40.835685],[-78.268211,40.836501],[-78.266783,40.837491],[-78.265508,40.835704],[-78.26354,40.834598],[-78.261165,40.836498],[-78.263923,40.83687],[-78.266015,40.839424],[-78.265052,40.845171],[-78.264075,40.847723],[-78.261903,40.849527],[-78.257718,40.851168],[-78.254339,40.851551],[-78.250875,40.853527],[-78.247841,40.854373],[-78.246271,40.856885],[-78.243286,40.857645],[-78.245817,40.863703],[-78.247211,40.865843],[-78.249753,40.86604],[-78.251204,40.866088],[-78.251423,40.868967],[-78.250224,40.871523],[-78.252214,40.871871],[-78.257694,40.870084],[-78.258965,40.867294],[-78.260796,40.86935],[-78.263184,40.87035],[-78.264748,40.871571],[-78.266129,40.874561],[-78.272407,40.876752],[-78.270003,40.883816],[-78.274002,40.884926],[-78.275459,40.884716],[-78.275627,40.886024],[-78.276981,40.886369],[-78.28202,40.88334],[-78.284431,40.883224],[-78.285134,40.886193],[-78.289015,40.886788],[-78.29224,40.886831],[-78.295053,40.888328],[-78.299121,40.888932],[-78.300709,40.888394],[-78.30326,40.886721],[-78.305809,40.888386],[-78.309372,40.895813],[-78.312732,40.898451],[-78.314697,40.899284],[-78.322128,40.906391],[-78.323082,40.908134],[-78.32579,40.910675],[-78.330605,40.913143],[-78.334469,40.908808],[-78.340714,40.906792],[-78.345329,40.908394],[-78.346425,40.906728],[-78.348336,40.905681],[-78.348905,40.902579],[-78.348181,40.899566],[-78.346199,40.897789],[-78.348033,40.896374],[-78.348014,40.897434],[-78.349843,40.902157],[-78.349867,40.905548],[-78.348117,40.909276],[-78.349079,40.91113],[-78.354021,40.915813],[-78.355424,40.916539],[-78.361221,40.916513],[-78.359471,40.918177],[-78.359701,40.919891],[-78.358408,40.9207],[-78.358763,40.92375],[-78.360903,40.92468],[-78.363759,40.927161],[-78.364629,40.931608],[-78.363561,40.93497],[-78.364246,40.935444],[-78.361407,40.938529],[-78.359514,40.939699],[-78.360304,40.941194],[-78.364274,40.941186],[-78.3662,40.942619],[-78.372598,40.94426],[-78.372072,40.94642],[-78.374891,40.9468],[-78.376213,40.942986],[-78.376617,40.93858],[-78.377388,40.937691],[-78.379845,40.936275]]]}},{"type":"Feature","properties":{"zcta5":"16845","AFFGEOID10":"8600000US16845","GEOID10":"16845","ALAND10":314452188,"AWATER10":2676997,"county_name":"Clearfield","state_code":"PA","county_state":"Clearfield County, PA","county_fips":"42033","risk_level_county":"Medium Risk (70–79% vaccinated)","mean_vaccination_rate_county":76.39,"risk_level_zcta":"Medium Risk (70–79% vaccinated)","mean_vaccination_rate_zips":78.75,"cases":16},"geometry":{"type":"Polygon","coordinates":[[[-78.236831,41.230187],[-78.236621,41.190872],[-78.234992,41.190965],[-78.227302,41.189018],[-78.211259,41.18667],[-78.203912,41.18156],[-78.199556,41.179485],[-78.189206,41.163151],[-78.189465,41.162367],[-78.186458,41.158167],[-78.183439,41.15597],[-78.178752,41.153684],[-78.177578,41.151928],[-78.175669,41.150548],[-78.172767,41.149823],[-78.170183,41.147696],[-78.161094,41.140928],[-78.156408,41.137028],[-78.153815,41.135637],[-78.15443,41.122738],[-78.151487,41.123367],[-78.147513,41.125059],[-78.145203,41.125581],[-78.141224,41.125686],[-78.144557,41.123896],[-78.14727,41.123236],[-78.150459,41.121728],[-78.15455,41.120332],[-78.154811,41.114795],[-78.152248,41.114975],[-78.147858,41.114272],[-78.144631,41.112548],[-78.141063,41.113256],[-78.140062,41.114131],[-78.132761,41.113999],[-78.13262,41.109678],[-78.128215,41.110304],[-78.126419,41.110142],[-78.126885,41.112204],[-78.115351,41.112195],[-78.115351,41.115793],[-78.111203,41.115418],[-78.112239,41.114217],[-78.111874,41.110971],[-78.107836,41.105383],[-78.107113,41.10338],[-78.104583,41.09877],[-78.098397,41.086021],[-78.093385,41.080227],[-78.092842,41.078726],[-78.093923,41.075873],[-78.096621,41.073383],[-78.097266,41.072841],[-78.095859,41.070813],[-78.092192,41.070414],[-78.085009,41.068128],[-78.085404,41.066909],[-78.084629,41.065194],[-78.088215,41.063238],[-78.090713,41.060248],[-78.089688,41.059029],[-78.086788,41.058039],[-78.081572,41.058572],[-78.077942,41.059901],[-78.075204,41.059766],[-78.073585,41.058104],[-78.07271,41.052183],[-78.0716,41.05038],[-78.069673,41.049957],[-78.065414,41.052318],[-78.062122,41.053358],[-78.059866,41.051911],[-78.054638,41.052689],[-78.047489,41.052298],[-78.044267,41.053183],[-78.038711,41.052719],[-78.036418,41.05493],[-78.02934,41.056171],[-78.027393,41.056111],[-78.021943,41.057838],[-78.022482,41.058576],[-78.026236,41.060544],[-78.032254,41.066087],[-78.038092,41.069211],[-78.042448,41.072456],[-78.044222,41.074459],[-78.040964,41.078023],[-78.040845,41.079007],[-78.038802,41.079162],[-78.036773,41.080237],[-78.029533,41.085777],[-78.02687,41.088656],[-78.029909,41.090332],[-78.032249,41.09103],[-78.035104,41.093026],[-78.036862,41.094919],[-78.037341,41.0962],[-78.036371,41.099633],[-78.03329,41.099532],[-78.030236,41.100071],[-78.027154,41.099857],[-78.026321,41.098983],[-78.018299,41.099121],[-78.014683,41.101213],[-78.010853,41.100743],[-78.005466,41.10059],[-78.00389,41.099188],[-77.999229,41.097528],[-77.997043,41.09782],[-77.992613,41.097468],[-77.989864,41.099898],[-77.988621,41.099093],[-77.984735,41.090282],[-77.983769,41.082872],[-77.982453,41.076417],[-77.985978,41.072741],[-77.987137,41.065096],[-77.98683,41.061735],[-77.920871,41.09504],[-77.921862,41.096672],[-77.922075,41.098378],[-77.923275,41.101905],[-77.92135,41.103882],[-77.920787,41.106169],[-77.919551,41.10757],[-77.919326,41.10913],[-77.907607,41.11442],[-77.905156,41.114879],[-77.90278,41.114776],[-77.899444,41.113428],[-77.896448,41.111153],[-77.897525,41.113562],[-77.896415,41.117211],[-77.892237,41.120801],[-77.891477,41.121996],[-77.890779,41.124774],[-77.886708,41.129294],[-77.886243,41.130314],[-77.886634,41.132259],[-77.882915,41.1311],[-77.881584,41.130102],[-77.878705,41.128904],[-77.877565,41.127865],[-77.877376,41.123696],[-77.878076,41.119432],[-77.877779,41.116995],[-77.834934,41.140025],[-77.862457,41.179325],[-77.892724,41.178259],[-77.893028,41.182718],[-77.895213,41.182715],[-77.898195,41.252752],[-77.900666,41.249954],[-77.906046,41.245991],[-77.910854,41.243553],[-77.913787,41.240565],[-77.916906,41.235385],[-77.920167,41.229239],[-77.921801,41.227456],[-77.923631,41.226427],[-77.926987,41.226205],[-77.931759,41.226467],[-77.936261,41.225998],[-77.937909,41.224841],[-77.939008,41.222707],[-77.938795,41.219789],[-77.935615,41.214891],[-77.935656,41.211741],[-77.93709,41.210336],[-77.939431,41.209482],[-77.940833,41.209436],[-77.943601,41.210292],[-77.950606,41.213791],[-77.955615,41.217427],[-77.959438,41.217497],[-77.962032,41.215289],[-77.963918,41.211467],[-77.96565,41.209584],[-77.970841,41.20672],[-77.973078,41.204188],[-77.973335,41.193915],[-77.973715,41.192394],[-77.973588,41.189093],[-77.970833,41.178314],[-77.970778,41.174697],[-77.973012,41.173021],[-77.978455,41.171721],[-77.980823,41.171639],[-77.984187,41.170236],[-77.985116,41.168734],[-77.986711,41.163799],[-77.987926,41.162647],[-77.990272,41.161704],[-77.995391,41.163125],[-77.999201,41.163016],[-78.000753,41.16166],[-78.001796,41.158133],[-78.000329,41.15095],[-78.000988,41.147773],[-78.003569,41.144856],[-78.005941,41.143601],[-78.009105,41.143316],[-78.010732,41.143854],[-78.012021,41.145071],[-78.014476,41.151996],[-78.015729,41.1529],[-78.017348,41.153187],[-78.020159,41.152734],[-78.024602,41.150785],[-78.028594,41.150325],[-78.031225,41.151539],[-78.034969,41.15392],[-78.038203,41.153633],[-78.038799,41.154179],[-78.040738,41.152827],[-78.042047,41.15105],[-78.043403,41.147872],[-78.045998,41.14638],[-78.051333,41.146711],[-78.054143,41.145534],[-78.054976,41.143515],[-78.054999,41.14102],[-78.055857,41.144029],[-78.055107,41.14563],[-78.059601,41.147541],[-78.060402,41.148994],[-78.05896,41.15134],[-78.06234,41.151112],[-78.065056,41.149231],[-78.068825,41.148869],[-78.071643,41.149942],[-78.072198,41.148172],[-78.071562,41.146883],[-78.074049,41.145829],[-78.075712,41.146379],[-78.078521,41.146434],[-78.081631,41.148488],[-78.082466,41.150986],[-78.082031,41.152336],[-78.082817,41.153767],[-78.081367,41.154991],[-78.081596,41.156673],[-78.090866,41.159225],[-78.092766,41.158947],[-78.094872,41.157963],[-78.094177,41.158733],[-78.090782,41.159931],[-78.087486,41.160625],[-78.084099,41.163864],[-78.080208,41.164188],[-78.07502,41.165359],[-78.07551,41.165827],[-78.079069,41.164889],[-78.082081,41.165852],[-78.08451,41.166087],[-78.086131,41.16739],[-78.087048,41.169021],[-78.089412,41.170197],[-78.089096,41.174374],[-78.092247,41.17625],[-78.092834,41.177536],[-78.094795,41.179653],[-78.094574,41.182304],[-78.097786,41.184429],[-78.102079,41.185281],[-78.104039,41.186399],[-78.104223,41.188681],[-78.105097,41.19161],[-78.108539,41.193462],[-78.111162,41.193497],[-78.112343,41.194532],[-78.092395,41.206569],[-78.090599,41.2029],[-78.088425,41.200886],[-78.08831,41.199234],[-78.087296,41.1982],[-78.086403,41.19482],[-78.083733,41.193588],[-78.083199,41.192577],[-78.07467,41.189817],[-78.071128,41.187651],[-78.093381,41.216931],[-78.214005,41.228367],[-78.236831,41.230187]]]}},{"type":"Feature","properties":{"zcta5":"16656","AFFGEOID10":"8600000US16656","GEOID10":"16656","ALAND10":74271323,"AWATER10":406521,"county_name":"Clearfield","state_code":"PA","county_state":"Clearfield County, PA","county_fips":"42033","risk_level_county":"Medium Risk (70–79% vaccinated)","mean_vaccination_rate_county":76.39,"risk_level_zcta":"Medium Risk (70–79% vaccinated)","mean_vaccination_rate_zips":76.34,"cases":16},"geometry":{"type":"Polygon","coordinates":[[[-78.602315,40.815182],[-78.603088,40.81419],[-78.60302,40.812378],[-78.603661,40.810642],[-78.602806,40.806625],[-78.604675,40.802872],[-78.60688,40.801308],[-78.611595,40.799381],[-78.615343,40.798687],[-78.617574,40.799504],[-78.618477,40.799118],[-78.619347,40.797043],[-78.61882,40.794476],[-78.618416,40.789413],[-78.616051,40.786751],[-78.615204,40.783817],[-78.615563,40.768357],[-78.616096,40.76305],[-78.618282,40.759326],[-78.611557,40.761722],[-78.588725,40.772104],[-78.574362,40.760445],[-78.581015,40.755596],[-78.574217,40.752567],[-78.572575,40.752275],[-78.567677,40.754819],[-78.566453,40.753863],[-78.564568,40.754126],[-78.56118,40.755673],[-78.558884,40.755367],[-78.556786,40.756504],[-78.553635,40.760815],[-78.551102,40.763599],[-78.550901,40.766755],[-78.544934,40.765753],[-78.542714,40.76352],[-78.540852,40.766859],[-78.541618,40.767582],[-78.537949,40.768381],[-78.535335,40.768189],[-78.534602,40.770991],[-78.532884,40.772175],[-78.530406,40.770609],[-78.528867,40.770827],[-78.528154,40.772981],[-78.524682,40.773983],[-78.524961,40.775338],[-78.523459,40.776386],[-78.525538,40.778509],[-78.524783,40.780984],[-78.526744,40.785386],[-78.526837,40.786647],[-78.525008,40.786779],[-78.521598,40.78414],[-78.520182,40.786101],[-78.517948,40.785841],[-78.515361,40.784258],[-78.512038,40.783986],[-78.50821,40.782454],[-78.504166,40.783016],[-78.499877,40.784082],[-78.499637,40.786802],[-78.498631,40.788061],[-78.499545,40.790146],[-78.500966,40.791469],[-78.501049,40.792685],[-78.50329,40.794022],[-78.503368,40.791877],[-78.507898,40.791555],[-78.507027,40.793306],[-78.5191,40.797655],[-78.518434,40.801305],[-78.517509,40.803488],[-78.514215,40.802325],[-78.508975,40.806013],[-78.510139,40.807021],[-78.505036,40.810518],[-78.499354,40.814429],[-78.511375,40.825323],[-78.52815,40.81356],[-78.529654,40.813655],[-78.531113,40.818428],[-78.52993,40.820282],[-78.529449,40.822495],[-78.52655,40.826141],[-78.528603,40.825676],[-78.533791,40.826694],[-78.535912,40.827625],[-78.54039,40.833675],[-78.541458,40.834572],[-78.542564,40.836979],[-78.540741,40.838518],[-78.539954,40.840064],[-78.540257,40.841155],[-78.54248,40.844254],[-78.544449,40.846302],[-78.547852,40.847866],[-78.548645,40.84972],[-78.547211,40.852673],[-78.544762,40.856625],[-78.54382,40.857414],[-78.54348,40.861252],[-78.544693,40.862637],[-78.546913,40.86631],[-78.546173,40.870411],[-78.547084,40.872099],[-78.551301,40.876014],[-78.559675,40.870639],[-78.55883,40.869655],[-78.562715,40.869776],[-78.561705,40.867976],[-78.561768,40.866306],[-78.564294,40.862676],[-78.560299,40.860633],[-78.567314,40.85751],[-78.572012,40.861825],[-78.57386,40.862808],[-78.57605,40.861393],[-78.577461,40.862507],[-78.582108,40.859615],[-78.584213,40.859463],[-78.58503,40.858604],[-78.588196,40.857784],[-78.588943,40.856003],[-78.587387,40.855228],[-78.587921,40.853283],[-78.590874,40.851173],[-78.587677,40.848663],[-78.588135,40.846516],[-78.587651,40.844767],[-78.590202,40.844688],[-78.593567,40.842163],[-78.597382,40.84026],[-78.602936,40.835602],[-78.602631,40.834774],[-78.604424,40.834194],[-78.609459,40.831047],[-78.606789,40.828342],[-78.605576,40.824982],[-78.60215,40.821156],[-78.599174,40.820518],[-78.597397,40.818874],[-78.6007,40.81591],[-78.602315,40.815182]]]}},{"type":"Feature","properties":{"zcta5":"15856","AFFGEOID10":"8600000US15856","GEOID10":"15856","ALAND10":94124902,"AWATER10":992921,"county_name":"Clearfield","state_code":"PA","county_state":"Clearfield County, PA","county_fips":"42033","risk_level_county":"Medium Risk (70–79% vaccinated)","mean_vaccination_rate_county":76.39,"risk_level_zcta":"Medium Risk (70–79% vaccinated)","mean_vaccination_rate_zips":73.5,"cases":16},"geometry":{"type":"Polygon","coordinates":[[[-78.697952,41.074493],[-78.697227,41.072113],[-78.69738,41.067608],[-78.69838,41.057686],[-78.692894,41.058029],[-78.690872,41.058678],[-78.686439,41.061049],[-78.68637,41.058834],[-78.680352,41.058815],[-78.680297,41.044055],[-78.68109,41.044074],[-78.680096,41.043964],[-78.675926,41.043953],[-78.673813,41.046043],[-78.671387,41.046608],[-78.669411,41.04969],[-78.666161,41.052189],[-78.665878,41.053333],[-78.667198,41.054916],[-78.665916,41.057743],[-78.666367,41.062115],[-78.662804,41.059513],[-78.658203,41.054415],[-78.656279,41.053513],[-78.654061,41.054378],[-78.651113,41.054698],[-78.645932,41.056111],[-78.643062,41.054627],[-78.642099,41.052537],[-78.6378,41.050949],[-78.636545,41.051469],[-78.635489,41.050545],[-78.632613,41.049662],[-78.629585,41.049473],[-78.630407,41.05175],[-78.634614,41.054303],[-78.635596,41.057493],[-78.619654,41.057419],[-78.611279,41.053976],[-78.607133,41.054312],[-78.607096,41.052931],[-78.603092,41.052652],[-78.593167,41.052611],[-78.593142,41.05291],[-78.55331,41.052906],[-78.554362,41.055279],[-78.553153,41.057863],[-78.552972,41.059396],[-78.554935,41.063512],[-78.557382,41.066165],[-78.559527,41.069207],[-78.559043,41.073964],[-78.557773,41.075519],[-78.553391,41.078812],[-78.549591,41.07822],[-78.550087,41.080364],[-78.549446,41.083527],[-78.546936,41.08651],[-78.551163,41.083527],[-78.55349,41.085617],[-78.557106,41.091904],[-78.558487,41.09362],[-78.558357,41.095901],[-78.560188,41.09848],[-78.563087,41.099682],[-78.566154,41.102085],[-78.56662,41.104141],[-78.565788,41.108524],[-78.568103,41.113024],[-78.573333,41.111322],[-78.575378,41.110273],[-78.580008,41.109778],[-78.579215,41.137039],[-78.604502,41.136948],[-78.623082,41.135249],[-78.621718,41.136655],[-78.621155,41.140368],[-78.617914,41.143544],[-78.614604,41.145009],[-78.613888,41.147152],[-78.6148,41.14796],[-78.61476,41.14751],[-78.624445,41.143205],[-78.628088,41.141833],[-78.63497,41.139897],[-78.641891,41.140489],[-78.64502,41.141635],[-78.651681,41.140778],[-78.655239,41.141262],[-78.657065,41.139523],[-78.656956,41.134195],[-78.681905,41.133906],[-78.681261,41.082468],[-78.68384,41.080165],[-78.685608,41.081615],[-78.684578,41.079507],[-78.685546,41.078382],[-78.69014,41.079834],[-78.692024,41.079006],[-78.692787,41.074951],[-78.697952,41.074493]]]}},{"type":"Feature","properties":{"zcta5":"15840","AFFGEOID10":"8600000US15840","GEOID10":"15840","ALAND10":49715368,"AWATER10":691812,"county_name":"Clearfield","state_code":"PA","county_state":"Clearfield County, PA","county_fips":"42033","risk_level_county":"Medium Risk (70–79% vaccinated)","mean_vaccination_rate_county":76.39,"risk_level_zcta":"Medium Risk (70–79% vaccinated)","mean_vaccination_rate_zips":76.24,"cases":16},"geometry":{"type":"Polygon","coordinates":[[[-78.869623,41.21232],[-78.870992,41.208633],[-78.871046,41.205875],[-78.870211,41.202982],[-78.870049,41.199479],[-78.871564,41.197294],[-78.871437,41.188326],[-78.871758,41.187566],[-78.874071,41.187546],[-78.876621,41.183847],[-78.87629,41.176186],[-78.874385,41.171032],[-78.874385,41.169479],[-78.873304,41.168144],[-78.870807,41.166761],[-78.863454,41.168095],[-78.862099,41.169628],[-78.858804,41.170432],[-78.860834,41.164892],[-78.863931,41.160195],[-78.859731,41.157133],[-78.858075,41.157106],[-78.850055,41.154357],[-78.851578,41.149753],[-78.846503,41.153246],[-78.842981,41.154202],[-78.842103,41.15496],[-78.83755,41.156695],[-78.838219,41.159571],[-78.83548,41.157898],[-78.833896,41.157708],[-78.837586,41.155974],[-78.848738,41.150225],[-78.85092,41.149519],[-78.854965,41.149122],[-78.853175,41.145182],[-78.852225,41.144398],[-78.847347,41.143681],[-78.844276,41.143879],[-78.841075,41.142043],[-78.837791,41.141456],[-78.839912,41.136765],[-78.839138,41.134576],[-78.839923,41.133905],[-78.824079,41.133225],[-78.822833,41.12863],[-78.819897,41.128447],[-78.815102,41.129487],[-78.812538,41.128034],[-78.811246,41.13074],[-78.808863,41.13246],[-78.8045,41.132252],[-78.804552,41.130956],[-78.799564,41.131102],[-78.793178,41.137125],[-78.79401,41.139189],[-78.794867,41.13962],[-78.793222,41.141322],[-78.793779,41.142371],[-78.793289,41.142368],[-78.788673,41.142014],[-78.784183,41.140238],[-78.790253,41.147449],[-78.795174,41.149135],[-78.77682,41.183287],[-78.77788,41.181553],[-78.782467,41.176618],[-78.786195,41.173262],[-78.784032,41.176031],[-78.779308,41.180331],[-78.776208,41.18487],[-78.774252,41.190068],[-78.774976,41.19092],[-78.776153,41.192161],[-78.778209,41.19287],[-78.780469,41.192612],[-78.785919,41.193174],[-78.787451,41.194618],[-78.793911,41.194861],[-78.796026,41.195712],[-78.798379,41.194085],[-78.800962,41.195876],[-78.801424,41.198179],[-78.802629,41.200637],[-78.804202,41.202023],[-78.799504,41.206624],[-78.800238,41.206196],[-78.805158,41.207471],[-78.809628,41.207372],[-78.815152,41.208283],[-78.816169,41.207932],[-78.817894,41.205693],[-78.825624,41.201665],[-78.832301,41.199819],[-78.835132,41.197899],[-78.838286,41.199872],[-78.843948,41.200686],[-78.846713,41.202643],[-78.847356,41.20402],[-78.849243,41.205001],[-78.851504,41.207139],[-78.856954,41.20656],[-78.858323,41.207863],[-78.86147,41.208074],[-78.869623,41.21232]]]}},{"type":"Feature","properties":{"zcta5":"16692","AFFGEOID10":"8600000US16692","GEOID10":"16692","ALAND10":43621630,"AWATER10":235058,"county_name":"Clearfield","state_code":"PA","county_state":"Clearfield County, PA","county_fips":"42033","risk_level_county":"Medium Risk (70–79% vaccinated)","mean_vaccination_rate_county":76.39,"risk_level_zcta":"Lower Risk (80–84% vaccinated)","mean_vaccination_rate_zips":84.88,"cases":16},"geometry":{"type":"Polygon","coordinates":[[[-78.732426,40.785658],[-78.739923,40.781705],[-78.745483,40.782059],[-78.751083,40.784462],[-78.752953,40.785572],[-78.754509,40.788475],[-78.756081,40.789944],[-78.759674,40.791157],[-78.763458,40.792992],[-78.766609,40.794174],[-78.769409,40.79155],[-78.769394,40.79063],[-78.772194,40.789062],[-78.776558,40.789059],[-78.780006,40.78751],[-78.780022,40.78672],[-78.777092,40.780579],[-78.772934,40.781342],[-78.7668,40.781445],[-78.758461,40.779182],[-78.756119,40.777763],[-78.754967,40.776176],[-78.753288,40.775757],[-78.756386,40.771702],[-78.756467,40.771017],[-78.759856,40.768019],[-78.775789,40.763861],[-78.774452,40.761725],[-78.772546,40.761861],[-78.772504,40.76103],[-78.769529,40.758019],[-78.770409,40.756713],[-78.768351,40.755455],[-78.769034,40.754856],[-78.76798,40.7526],[-78.766849,40.752134],[-78.766525,40.750877],[-78.763055,40.750151],[-78.760765,40.747341],[-78.76049,40.746254],[-78.76152,40.742428],[-78.760132,40.741547],[-78.754349,40.743351],[-78.75267,40.742912],[-78.749969,40.743221],[-78.750397,40.737251],[-78.750076,40.736691],[-78.745712,40.737068],[-78.743149,40.739273],[-78.739471,40.739265],[-78.739899,40.735554],[-78.74128,40.731159],[-78.741471,40.725518],[-78.728283,40.729445],[-78.728184,40.728905],[-78.724152,40.728252],[-78.727026,40.724445],[-78.691282,40.724205],[-78.688189,40.724182],[-78.688093,40.727555],[-78.688605,40.730413],[-78.688574,40.733924],[-78.688085,40.735564],[-78.685975,40.736739],[-78.682387,40.737213],[-78.67981,40.73837],[-78.676308,40.742181],[-78.664672,40.745235],[-78.663984,40.744045],[-78.659718,40.744059],[-78.659576,40.751617],[-78.655245,40.751691],[-78.655231,40.753504],[-78.657664,40.752993],[-78.660999,40.754266],[-78.663018,40.753838],[-78.665703,40.757609],[-78.668484,40.760183],[-78.670476,40.758468],[-78.675718,40.761099],[-78.677421,40.762401],[-78.677968,40.76462],[-78.676384,40.766805],[-78.670356,40.771127],[-78.669261,40.772831],[-78.670257,40.774903],[-78.673661,40.777038],[-78.675355,40.776234],[-78.674896,40.774337],[-78.678288,40.772794],[-78.683373,40.772569],[-78.686384,40.771125],[-78.689237,40.767243],[-78.692021,40.765457],[-78.696486,40.766202],[-78.696292,40.781046],[-78.698954,40.779616],[-78.702943,40.779247],[-78.703892,40.779713],[-78.704897,40.778267],[-78.716377,40.778332],[-78.718033,40.779041],[-78.718956,40.781773],[-78.728416,40.781818],[-78.728424,40.784584],[-78.732426,40.785658]]]}},{"type":"Feature","properties":{"zcta5":"16627","AFFGEOID10":"8600000US16627","GEOID10":"16627","ALAND10":84274030,"AWATER10":498469,"county_name":"Clearfield","state_code":"PA","county_state":"Clearfield County, PA","county_fips":"42033","risk_level_county":"Medium Risk (70–79% vaccinated)","mean_vaccination_rate_county":76.39,"risk_level_zcta":"Medium Risk (70–79% vaccinated)","mean_vaccination_rate_zips":71.18,"cases":16},"geometry":{"type":"Polygon","coordinates":[[[-78.581015,40.755596],[-78.595391,40.744934],[-78.584755,40.736045],[-78.594209,40.729605],[-78.589623,40.725423],[-78.525808,40.725889],[-78.517439,40.715901],[-78.517827,40.715597],[-78.515332,40.713545],[-78.506544,40.711893],[-78.500099,40.711295],[-78.495197,40.712176],[-78.491963,40.713033],[-78.488718,40.714419],[-78.485418,40.712291],[-78.483048,40.711283],[-78.477355,40.710089],[-78.476043,40.709358],[-78.471439,40.709388],[-78.469625,40.709069],[-78.459714,40.709413],[-78.458592,40.712888],[-78.459993,40.714342],[-78.460455,40.718308],[-78.464556,40.721492],[-78.467217,40.722972],[-78.467889,40.724956],[-78.467487,40.72575],[-78.451762,40.725644],[-78.452377,40.728653],[-78.447884,40.729023],[-78.447784,40.730694],[-78.44931,40.731285],[-78.449394,40.738483],[-78.451347,40.74118],[-78.452972,40.742046],[-78.451324,40.743187],[-78.449661,40.745495],[-78.449219,40.748421],[-78.448341,40.749435],[-78.448257,40.752201],[-78.446106,40.754513],[-78.447282,40.755075],[-78.446109,40.757021],[-78.447161,40.758699],[-78.446076,40.760854],[-78.446282,40.762301],[-78.44508,40.763282],[-78.445433,40.764521],[-78.447038,40.764048],[-78.447104,40.761246],[-78.447894,40.759331],[-78.448716,40.761398],[-78.449844,40.761192],[-78.4618,40.761139],[-78.464569,40.769394],[-78.467216,40.77317],[-78.471031,40.775963],[-78.470856,40.777382],[-78.467918,40.78244],[-78.464134,40.779305],[-78.458107,40.775475],[-78.453316,40.772854],[-78.449371,40.771229],[-78.447701,40.772869],[-78.443237,40.774933],[-78.443327,40.776465],[-78.440037,40.776536],[-78.437773,40.776068],[-78.436372,40.774006],[-78.436142,40.771635],[-78.434326,40.769745],[-78.431998,40.770379],[-78.429724,40.772275],[-78.427376,40.779457],[-78.425595,40.781559],[-78.424241,40.784138],[-78.423638,40.784639],[-78.413655,40.784787],[-78.412111,40.785868],[-78.411741,40.786128],[-78.41928,40.791768],[-78.417771,40.792859],[-78.421194,40.795664],[-78.413484,40.801639],[-78.406952,40.806175],[-78.410568,40.806446],[-78.416374,40.802608],[-78.417831,40.801918],[-78.426331,40.79961],[-78.429276,40.802006],[-78.43222,40.80341],[-78.433243,40.805054],[-78.432411,40.808628],[-78.435033,40.813105],[-78.437551,40.812357],[-78.440313,40.813949],[-78.446311,40.812208],[-78.461096,40.806443],[-78.464548,40.806441],[-78.464176,40.8046],[-78.466718,40.801705],[-78.472901,40.797939],[-78.476421,40.797312],[-78.482919,40.803731],[-78.483406,40.800989],[-78.485055,40.798863],[-78.486137,40.79537],[-78.483464,40.791938],[-78.495053,40.78657],[-78.499545,40.790146],[-78.498631,40.788061],[-78.499637,40.786802],[-78.499877,40.784082],[-78.504166,40.783016],[-78.50821,40.782454],[-78.512038,40.783986],[-78.515361,40.784258],[-78.517948,40.785841],[-78.520182,40.786101],[-78.521598,40.78414],[-78.525008,40.786779],[-78.526837,40.786647],[-78.526744,40.785386],[-78.524783,40.780984],[-78.525538,40.778509],[-78.523459,40.776386],[-78.524961,40.775338],[-78.524682,40.773983],[-78.528154,40.772981],[-78.528867,40.770827],[-78.530406,40.770609],[-78.532884,40.772175],[-78.534602,40.770991],[-78.535335,40.768189],[-78.537949,40.768381],[-78.541618,40.767582],[-78.540852,40.766859],[-78.542714,40.76352],[-78.544934,40.765753],[-78.550901,40.766755],[-78.551102,40.763599],[-78.553635,40.760815],[-78.556786,40.756504],[-78.558884,40.755367],[-78.56118,40.755673],[-78.564568,40.754126],[-78.566453,40.753863],[-78.567677,40.754819],[-78.572575,40.752275],[-78.574217,40.752567],[-78.581015,40.755596]]]}},{"type":"Feature","properties":{"zcta5":"15801","AFFGEOID10":"8600000US15801","GEOID10":"15801","ALAND10":167419869,"AWATER10":2871639,"county_name":"Clearfield","state_code":"PA","county_state":"Clearfield County, PA","county_fips":"42033","risk_level_county":"Medium Risk (70–79% vaccinated)","mean_vaccination_rate_county":76.39,"risk_level_zcta":"Medium Risk (70–79% vaccinated)","mean_vaccination_rate_zips":75.39,"cases":16},"geometry":{"type":"Polygon","coordinates":[[[-78.804552,41.130956],[-78.804349,41.062642],[-78.804199,41.040156],[-78.804142,41.031924],[-78.799521,41.031911],[-78.795906,41.029812],[-78.796326,41.032204],[-78.778506,41.032401],[-78.777867,41.024669],[-78.777842,41.021044],[-78.771591,41.018723],[-78.770241,41.02076],[-78.769587,41.018725],[-78.764465,41.020725],[-78.765175,41.024971],[-78.76503,41.027943],[-78.764267,41.029896],[-78.764183,41.035065],[-78.770058,41.035103],[-78.770256,41.036854],[-78.775345,41.040318],[-78.776176,41.045254],[-78.773911,41.047749],[-78.76693,41.047562],[-78.763489,41.048222],[-78.760925,41.047707],[-78.757324,41.047787],[-78.758041,41.050987],[-78.758095,41.054581],[-78.757133,41.056538],[-78.754959,41.056568],[-78.74939,41.058372],[-78.740913,41.059189],[-78.737015,41.058449],[-78.73008,41.059071],[-78.726465,41.061454],[-78.724534,41.059815],[-78.721764,41.060265],[-78.716599,41.064144],[-78.712942,41.068887],[-78.719195,41.069751],[-78.721078,41.070706],[-78.717804,41.069729],[-78.712746,41.069271],[-78.708504,41.071804],[-78.701462,41.072338],[-78.697952,41.074493],[-78.692787,41.074951],[-78.692024,41.079006],[-78.69014,41.079834],[-78.685546,41.078382],[-78.684578,41.079507],[-78.685608,41.081615],[-78.68384,41.080165],[-78.681261,41.082468],[-78.681905,41.133906],[-78.656956,41.134195],[-78.657065,41.139523],[-78.655239,41.141262],[-78.651681,41.140778],[-78.64502,41.141635],[-78.641891,41.140489],[-78.63497,41.139897],[-78.628088,41.141833],[-78.624445,41.143205],[-78.61476,41.14751],[-78.6148,41.14796],[-78.613888,41.147152],[-78.614604,41.145009],[-78.61329,41.147829],[-78.609549,41.150015],[-78.608529,41.151252],[-78.609252,41.152778],[-78.607126,41.153682],[-78.602076,41.158278],[-78.602007,41.159489],[-78.605318,41.162621],[-78.612025,41.159679],[-78.618937,41.157597],[-78.621499,41.157252],[-78.626,41.155898],[-78.62613,41.159621],[-78.62385,41.161666],[-78.619447,41.16262],[-78.618055,41.164338],[-78.620095,41.164491],[-78.624577,41.166453],[-78.626027,41.177411],[-78.630295,41.17662],[-78.633461,41.178352],[-78.635925,41.17889],[-78.638733,41.18026],[-78.643089,41.180626],[-78.638763,41.183105],[-78.631863,41.184494],[-78.643631,41.184495],[-78.649094,41.189098],[-78.651649,41.190742],[-78.65274,41.194157],[-78.654259,41.19479],[-78.654576,41.186193],[-78.660591,41.185081],[-78.66378,41.183708],[-78.6679,41.182587],[-78.669075,41.18615],[-78.669228,41.191036],[-78.662651,41.191242],[-78.660989,41.193317],[-78.658568,41.194131],[-78.662918,41.196518],[-78.665619,41.196766],[-78.668694,41.198799],[-78.66964,41.200478],[-78.669266,41.202248],[-78.676376,41.204544],[-78.681786,41.20372],[-78.682465,41.202435],[-78.686325,41.202644],[-78.689823,41.201653],[-78.688409,41.207327],[-78.710248,41.201859],[-78.741495,41.202335],[-78.742166,41.174617],[-78.756292,41.174589],[-78.756052,41.166588],[-78.759835,41.165372],[-78.76491,41.165245],[-78.765358,41.160848],[-78.765264,41.153674],[-78.758519,41.153813],[-78.758538,41.14915],[-78.763685,41.148913],[-78.765048,41.145448],[-78.772781,41.144825],[-78.77784,41.144878],[-78.786232,41.146088],[-78.790253,41.147449],[-78.784183,41.140238],[-78.788673,41.142014],[-78.793289,41.142368],[-78.793779,41.142371],[-78.793222,41.141322],[-78.794867,41.13962],[-78.79401,41.139189],[-78.793178,41.137125],[-78.799564,41.131102],[-78.804552,41.130956]],[[-78.654576,41.186193],[-78.654533,41.186203],[-78.651962,41.186111],[-78.649536,41.186848],[-78.651894,41.183327],[-78.653707,41.18468],[-78.654402,41.184561],[-78.654639,41.184438],[-78.654576,41.186193]]]}},{"type":"Feature","properties":{"zcta5":"16881","AFFGEOID10":"8600000US16881","GEOID10":"16881","ALAND10":81281151,"AWATER10":1084757,"county_name":"Clearfield","state_code":"PA","county_state":"Clearfield County, PA","county_fips":"42033","risk_level_county":"Medium Risk (70–79% vaccinated)","mean_vaccination_rate_county":76.39,"risk_level_zcta":"Medium Risk (70–79% vaccinated)","mean_vaccination_rate_zips":76.08,"cases":16},"geometry":{"type":"Polygon","coordinates":[[[-78.28084,41.070278],[-78.282258,41.070932],[-78.286017,41.071589],[-78.289804,41.071703],[-78.29397,41.07153],[-78.297456,41.071151],[-78.301789,41.069514],[-78.304748,41.068709],[-78.306404,41.067886],[-78.308552,41.066325],[-78.308638,41.064021],[-78.308086,41.060581],[-78.308038,41.059044],[-78.308459,41.057957],[-78.309104,41.057237],[-78.310288,41.056553],[-78.311671,41.056332],[-78.313138,41.056497],[-78.316162,41.057181],[-78.317279,41.058027],[-78.320325,41.062537],[-78.321297,41.063809],[-78.324691,41.066505],[-78.325718,41.067692],[-78.326662,41.069161],[-78.327406,41.071],[-78.32826,41.073642],[-78.328992,41.074887],[-78.330225,41.075909],[-78.332561,41.076882],[-78.335867,41.077368],[-78.338974,41.077427],[-78.34099,41.077096],[-78.342684,41.07621],[-78.344,41.075179],[-78.346465,41.071652],[-78.347094,41.070367],[-78.347075,41.069497],[-78.345547,41.064627],[-78.344713,41.062812],[-78.343686,41.061401],[-78.341657,41.060272],[-78.335976,41.058044],[-78.334699,41.057008],[-78.334347,41.055884],[-78.334545,41.055037],[-78.335488,41.05422],[-78.337208,41.053415],[-78.339692,41.05254],[-78.341457,41.052567],[-78.343128,41.053208],[-78.347045,41.055294],[-78.351044,41.059017],[-78.351564,41.05981],[-78.357632,41.065497],[-78.358875,41.065106],[-78.355934,41.062778],[-78.354523,41.060596],[-78.356239,41.059746],[-78.358162,41.05933],[-78.359238,41.058666],[-78.360161,41.057617],[-78.36119,41.057282],[-78.361857,41.056455],[-78.360731,41.055067],[-78.361076,41.053467],[-78.362808,41.055866],[-78.363869,41.058197],[-78.365196,41.060177],[-78.368866,41.061733],[-78.370743,41.060127],[-78.372215,41.059395],[-78.37397,41.058029],[-78.374794,41.058937],[-78.372581,41.061535],[-78.37429,41.060461],[-78.375464,41.060183],[-78.376988,41.05882],[-78.376608,41.059961],[-78.375548,41.061042],[-78.374252,41.061693],[-78.37204,41.06315],[-78.370451,41.064017],[-78.369036,41.06548],[-78.368164,41.066941],[-78.367353,41.067647],[-78.366137,41.068227],[-78.363519,41.069106],[-78.361115,41.068578],[-78.360663,41.067352],[-78.359654,41.067508],[-78.360708,41.06881],[-78.36254,41.069176],[-78.363609,41.069139],[-78.366167,41.068529],[-78.367463,41.067958],[-78.368651,41.066934],[-78.370714,41.064379],[-78.375493,41.061308],[-78.377089,41.059772],[-78.377467,41.058862],[-78.377204,41.057115],[-78.375973,41.054309],[-78.376866,41.05314],[-78.378229,41.052399],[-78.379794,41.050929],[-78.381077,41.049253],[-78.381577,41.047072],[-78.379992,41.044617],[-78.377952,41.043],[-78.374738,41.041457],[-78.371854,41.040241],[-78.369989,41.038965],[-78.36844,41.03758],[-78.368223,41.036297],[-78.369034,41.035377],[-78.370991,41.035088],[-78.37266,41.03518],[-78.374729,41.035725],[-78.379454,41.037232],[-78.382144,41.039183],[-78.383888,41.040248],[-78.384778,41.04061],[-78.386076,41.040736],[-78.38718,41.04055],[-78.387945,41.0401],[-78.388594,41.039324],[-78.38916,41.038307],[-78.388844,41.038229],[-78.388858,41.038245],[-78.388923,41.038268],[-78.38895,41.038294],[-78.38891,41.038449],[-78.388661,41.03907],[-78.38802,41.039858],[-78.387438,41.040329],[-78.387224,41.040442],[-78.386858,41.040555],[-78.386372,41.040636],[-78.385988,41.040663],[-78.384824,41.040526],[-78.38402,41.040245],[-78.383024,41.039685],[-78.382749,41.039475],[-78.382434,41.039175],[-78.382118,41.03889],[-78.381922,41.038654],[-78.381676,41.038447],[-78.381259,41.038114],[-78.379382,41.036826],[-78.374231,41.035159],[-78.372885,41.035199],[-78.371664,41.034769],[-78.370706,41.034798],[-78.368512,41.035272],[-78.367822,41.036117],[-78.367905,41.037103],[-78.366748,41.037046],[-78.364673,41.035774],[-78.368332,41.017134],[-78.37304,41.014187],[-78.37334,41.013147],[-78.373238,41.012138],[-78.373497,41.010063],[-78.373459,41.007381],[-78.371002,41.007145],[-78.36248,41.009803],[-78.359246,41.002172],[-78.355583,41.002172],[-78.356087,40.999577],[-78.360916,40.999252],[-78.36114,40.998271],[-78.364182,40.998264],[-78.363853,40.99752],[-78.361603,40.997307],[-78.361176,40.996929],[-78.360573,40.997112],[-78.360054,40.997112],[-78.359695,40.996944],[-78.358932,40.996208],[-78.358086,40.995522],[-78.357746,40.995111],[-78.354528,40.994746],[-78.354287,40.993909],[-78.355723,40.993574],[-78.355748,40.988627],[-78.349447,40.987522],[-78.349448,40.984844],[-78.340985,40.98475],[-78.341025,40.981986],[-78.337985,40.981915],[-78.337581,40.971441],[-78.334794,40.97023],[-78.325508,40.970085],[-78.325574,40.979223],[-78.318542,40.983696],[-78.321074,40.991988],[-78.322021,40.992161],[-78.322504,40.99528],[-78.320945,40.996499],[-78.320246,40.998151],[-78.318308,40.997597],[-78.318455,40.993916],[-78.316406,40.992258],[-78.31801,40.992578],[-78.316104,40.990306],[-78.313232,40.988654],[-78.310335,40.988898],[-78.309565,40.990482],[-78.308393,40.987606],[-78.309035,40.985133],[-78.30661,40.984535],[-78.302723,40.988486],[-78.30175,40.978855],[-78.298484,40.979684],[-78.296616,40.982941],[-78.295464,40.981931],[-78.294946,40.983008],[-78.286285,40.980862],[-78.282822,40.980656],[-78.28281,40.9836],[-78.268939,40.983564],[-78.268153,41.012363],[-78.265736,41.009182],[-78.264195,41.008897],[-78.26108,41.010054],[-78.258413,41.010431],[-78.25629,41.01397],[-78.25253,41.014865],[-78.250751,41.01632],[-78.251039,41.018964],[-78.247424,41.021969],[-78.249668,41.023208],[-78.251251,41.026199],[-78.252215,41.026658],[-78.253377,41.029538],[-78.252687,41.032118],[-78.254502,41.035079],[-78.259152,41.035547],[-78.259616,41.050836],[-78.261691,41.05523],[-78.265594,41.058487],[-78.267853,41.059419],[-78.270899,41.060068],[-78.27418,41.062282],[-78.278988,41.069127],[-78.28084,41.070278]]]}},{"type":"Feature","properties":{"zcta5":"16651","AFFGEOID10":"8600000US16651","GEOID10":"16651","ALAND10":109915458,"AWATER10":665024,"county_name":"Clearfield","state_code":"PA","county_state":"Clearfield County, PA","county_fips":"42033","risk_level_county":"Medium Risk (70–79% vaccinated)","mean_vaccination_rate_county":76.39,"risk_level_zcta":"Medium Risk (70–79% vaccinated)","mean_vaccination_rate_zips":74.01,"cases":16},"geometry":{"type":"Polygon","coordinates":[[[-78.43686,40.886172],[-78.439618,40.885803],[-78.441021,40.884619],[-78.440247,40.883152],[-78.435129,40.883559],[-78.433863,40.882407],[-78.43356,40.880769],[-78.435881,40.879545],[-78.43842,40.87925],[-78.439913,40.878464],[-78.439828,40.877047],[-78.435175,40.875235],[-78.434561,40.87443],[-78.429055,40.877799],[-78.408923,40.857936],[-78.409782,40.856663],[-78.408829,40.854603],[-78.411064,40.85284],[-78.410263,40.849876],[-78.41124,40.847481],[-78.415222,40.8452],[-78.417305,40.844959],[-78.416313,40.841457],[-78.420441,40.839966],[-78.420914,40.838623],[-78.417519,40.837479],[-78.421967,40.834965],[-78.416694,40.834346],[-78.406218,40.81002],[-78.40399,40.808286],[-78.400661,40.810605],[-78.395571,40.806503],[-78.391212,40.80637],[-78.385031,40.800907],[-78.393873,40.794921],[-78.386452,40.788395],[-78.385972,40.784123],[-78.389978,40.784905],[-78.392537,40.783546],[-78.39335,40.781878],[-78.396029,40.780004],[-78.397984,40.779318],[-78.401624,40.77932],[-78.40304,40.780665],[-78.405148,40.7805],[-78.41024,40.78087],[-78.409805,40.775806],[-78.410294,40.77388],[-78.413275,40.770569],[-78.400967,40.758295],[-78.39719,40.759534],[-78.395096,40.758556],[-78.390246,40.761621],[-78.386888,40.758166],[-78.383217,40.760148],[-78.381183,40.760788],[-78.378563,40.758383],[-78.374033,40.756652],[-78.370839,40.758293],[-78.370685,40.759706],[-78.368086,40.761159],[-78.365569,40.764129],[-78.360632,40.765391],[-78.359133,40.767895],[-78.352705,40.768665],[-78.351718,40.77047],[-78.352241,40.772079],[-78.351692,40.775089],[-78.349317,40.776271],[-78.348332,40.778418],[-78.346341,40.778955],[-78.346441,40.780304],[-78.344745,40.781718],[-78.342487,40.782633],[-78.343795,40.784248],[-78.342587,40.784944],[-78.342812,40.787665],[-78.343927,40.79058],[-78.340249,40.791562],[-78.338864,40.797002],[-78.339491,40.797864],[-78.338137,40.799],[-78.334006,40.800692],[-78.331661,40.801122],[-78.329573,40.802742],[-78.329308,40.803874],[-78.326329,40.806162],[-78.322119,40.805755],[-78.321299,40.807949],[-78.320351,40.808523],[-78.314271,40.808702],[-78.314021,40.810166],[-78.312313,40.811546],[-78.311632,40.813892],[-78.308156,40.815855],[-78.305601,40.820669],[-78.302756,40.821611],[-78.30151,40.822937],[-78.330258,40.832267],[-78.323941,40.833069],[-78.320223,40.834569],[-78.311748,40.841657],[-78.305103,40.844519],[-78.296476,40.846884],[-78.294145,40.848184],[-78.297824,40.848775],[-78.299404,40.847723],[-78.303335,40.848989],[-78.304377,40.848911],[-78.30495,40.847145],[-78.306336,40.845768],[-78.308772,40.845924],[-78.31073,40.846496],[-78.313417,40.848251],[-78.314657,40.849781],[-78.313541,40.850535],[-78.316643,40.852099],[-78.31623,40.853139],[-78.314364,40.853933],[-78.313651,40.856458],[-78.315842,40.858509],[-78.320671,40.857513],[-78.323952,40.85947],[-78.326234,40.858899],[-78.327782,40.856505],[-78.329705,40.855413],[-78.331503,40.85536],[-78.333551,40.853966],[-78.335287,40.854879],[-78.337242,40.859276],[-78.339321,40.860527],[-78.341123,40.859616],[-78.342649,40.860342],[-78.343074,40.862414],[-78.344783,40.862721],[-78.347146,40.860699],[-78.355163,40.857943],[-78.357755,40.859433],[-78.358406,40.860948],[-78.362223,40.864253],[-78.363246,40.865452],[-78.359861,40.866075],[-78.359085,40.864841],[-78.355853,40.862412],[-78.352507,40.861621],[-78.347509,40.861773],[-78.34776,40.867005],[-78.383541,40.86688],[-78.383388,40.883939],[-78.383583,40.884922],[-78.383286,40.893013],[-78.381973,40.8978],[-78.383141,40.89798],[-78.383127,40.911433],[-78.390396,40.911515],[-78.389056,40.916763],[-78.386215,40.917797],[-78.384888,40.922783],[-78.383591,40.92374],[-78.381912,40.933647],[-78.379845,40.936275],[-78.384071,40.936832],[-78.382411,40.944797],[-78.379741,40.955178],[-78.379873,40.958381],[-78.380667,40.95875],[-78.384002,40.959827],[-78.38494,40.958571],[-78.384642,40.957207],[-78.388375,40.956928],[-78.39367,40.957413],[-78.396097,40.956636],[-78.398743,40.956725],[-78.403956,40.95943],[-78.405013,40.957655],[-78.403487,40.954524],[-78.403935,40.953537],[-78.407842,40.952589],[-78.409098,40.951863],[-78.409603,40.948829],[-78.411963,40.947263],[-78.414574,40.946833],[-78.416258,40.944217],[-78.415162,40.939881],[-78.416695,40.935361],[-78.417914,40.934374],[-78.419836,40.934458],[-78.421737,40.935918],[-78.423891,40.935858],[-78.423434,40.934526],[-78.421258,40.932132],[-78.422318,40.929895],[-78.427111,40.929668],[-78.42888,40.92856],[-78.429075,40.927584],[-78.427096,40.926866],[-78.424331,40.927421],[-78.422245,40.926757],[-78.421311,40.924859],[-78.422167,40.923733],[-78.426689,40.923118],[-78.430609,40.921716],[-78.433091,40.921282],[-78.43709,40.922179],[-78.438611,40.921754],[-78.438366,40.918265],[-78.436431,40.91455],[-78.436197,40.913344],[-78.438817,40.910583],[-78.438853,40.909607],[-78.437144,40.908064],[-78.434033,40.908682],[-78.431724,40.907669],[-78.431713,40.906064],[-78.435738,40.905012],[-78.437151,40.903291],[-78.435434,40.902559],[-78.431361,40.903257],[-78.429115,40.901812],[-78.428283,40.9007],[-78.428286,40.899133],[-78.430125,40.898725],[-78.434351,40.899953],[-78.436216,40.899189],[-78.437237,40.89792],[-78.436992,40.896094],[-78.434691,40.894613],[-78.431839,40.893588],[-78.431975,40.891277],[-78.433218,40.890479],[-78.436204,40.890839],[-78.438193,40.892913],[-78.440118,40.893642],[-78.440947,40.892576],[-78.439317,40.890022],[-78.436254,40.888394],[-78.435084,40.887208],[-78.43686,40.886172]],[[-78.361604,40.838021],[-78.363632,40.84005],[-78.355981,40.848502],[-78.351247,40.845826],[-78.349355,40.845856],[-78.346633,40.844497],[-78.346445,40.842198],[-78.344708,40.84418],[-78.342251,40.845577],[-78.340005,40.845201],[-78.342827,40.840595],[-78.34449,40.839195],[-78.340639,40.83644],[-78.34318,40.834293],[-78.342569,40.833121],[-78.342288,40.831349],[-78.343669,40.831238],[-78.343549,40.830639],[-78.344774,40.8305],[-78.344711,40.830069],[-78.346008,40.82993],[-78.34605,40.830282],[-78.346998,40.830364],[-78.346924,40.830887],[-78.350092,40.832417],[-78.361604,40.838021]]]}},{"type":"Feature","properties":{"zcta5":"15848","AFFGEOID10":"8600000US15848","GEOID10":"15848","ALAND10":52312915,"AWATER10":250358,"county_name":"Clearfield","state_code":"PA","county_state":"Clearfield County, PA","county_fips":"42033","risk_level_county":"Medium Risk (70–79% vaccinated)","mean_vaccination_rate_county":76.39,"risk_level_zcta":"Medium Risk (70–79% vaccinated)","mean_vaccination_rate_zips":74.87,"cases":16},"geometry":{"type":"Polygon","coordinates":[[[-78.697952,41.074493],[-78.701462,41.072338],[-78.708504,41.071804],[-78.712746,41.069271],[-78.717804,41.069729],[-78.721078,41.070706],[-78.719195,41.069751],[-78.712942,41.068887],[-78.716599,41.064144],[-78.721764,41.060265],[-78.724534,41.059815],[-78.726465,41.061454],[-78.73008,41.059071],[-78.737015,41.058449],[-78.740913,41.059189],[-78.74939,41.058372],[-78.754959,41.056568],[-78.757133,41.056538],[-78.758095,41.054581],[-78.758041,41.050987],[-78.757324,41.047787],[-78.760925,41.047707],[-78.763489,41.048222],[-78.76693,41.047562],[-78.773911,41.047749],[-78.776176,41.045254],[-78.775345,41.040318],[-78.770256,41.036854],[-78.770058,41.035103],[-78.764183,41.035065],[-78.764267,41.029896],[-78.76503,41.027943],[-78.765175,41.024971],[-78.764465,41.020725],[-78.769587,41.018725],[-78.771817,41.015279],[-78.772091,41.013528],[-78.770775,41.012005],[-78.771729,41.010979],[-78.77159,41.009245],[-78.769651,41.010639],[-78.763508,41.013341],[-78.760059,41.013353],[-78.756668,41.014614],[-78.753616,41.014648],[-78.751244,41.012096],[-78.749298,41.012077],[-78.749847,41.010601],[-78.751526,41.010033],[-78.752602,41.00703],[-78.753708,41.006084],[-78.756592,41.005604],[-78.75537,40.999994],[-78.754058,40.997589],[-78.751277,40.995791],[-78.746669,40.995897],[-78.7416,40.994732],[-78.741815,40.993451],[-78.708162,40.993235],[-78.70753,40.993231],[-78.707441,41.000338],[-78.689545,41.000238],[-78.687767,41.002247],[-78.690477,41.004551],[-78.696074,41.004585],[-78.699323,41.007784],[-78.699071,41.015064],[-78.69619,41.015285],[-78.691528,41.016548],[-78.687874,41.016647],[-78.686424,41.015125],[-78.686066,41.013142],[-78.685997,41.008076],[-78.683937,41.007626],[-78.683709,41.026815],[-78.68177,41.026651],[-78.680388,41.027411],[-78.677209,41.026186],[-78.676509,41.026946],[-78.673675,41.025953],[-78.671269,41.026293],[-78.669585,41.028179],[-78.662935,41.030119],[-78.660492,41.031824],[-78.659766,41.034117],[-78.66061,41.035505],[-78.6604,41.037782],[-78.661125,41.039158],[-78.659589,41.040351],[-78.660365,41.042402],[-78.659011,41.043397],[-78.659158,41.045083],[-78.657632,41.048691],[-78.658683,41.050981],[-78.656279,41.053513],[-78.658203,41.054415],[-78.662804,41.059513],[-78.666367,41.062115],[-78.665916,41.057743],[-78.667198,41.054916],[-78.665878,41.053333],[-78.666161,41.052189],[-78.669411,41.04969],[-78.671387,41.046608],[-78.673813,41.046043],[-78.675926,41.043953],[-78.680096,41.043964],[-78.68109,41.044074],[-78.680297,41.044055],[-78.680352,41.058815],[-78.68637,41.058834],[-78.686439,41.061049],[-78.690872,41.058678],[-78.692894,41.058029],[-78.69838,41.057686],[-78.69738,41.067608],[-78.697227,41.072113],[-78.697952,41.074493]]]}},{"type":"Feature","properties":{"zcta5":"15849","AFFGEOID10":"8600000US15849","GEOID10":"15849","ALAND10":202898124,"AWATER10":523027,"county_name":"Clearfield","state_code":"PA","county_state":"Clearfield County, PA","county_fips":"42033","risk_level_county":"Medium Risk (70–79% vaccinated)","mean_vaccination_rate_county":76.39,"risk_level_zcta":"Medium Risk (70–79% vaccinated)","mean_vaccination_rate_zips":78.11,"cases":16},"geometry":{"type":"MultiPolygon","coordinates":[[[[-78.654576,41.186193],[-78.654639,41.184438],[-78.654402,41.184561],[-78.653707,41.18468],[-78.651894,41.183327],[-78.649536,41.186848],[-78.651962,41.186111],[-78.654533,41.186203],[-78.654576,41.186193]]],[[[-78.688409,41.207327],[-78.689823,41.201653],[-78.686325,41.202644],[-78.682465,41.202435],[-78.681786,41.20372],[-78.676376,41.204544],[-78.669266,41.202248],[-78.66964,41.200478],[-78.668694,41.198799],[-78.665619,41.196766],[-78.662918,41.196518],[-78.658568,41.194131],[-78.660989,41.193317],[-78.662651,41.191242],[-78.669228,41.191036],[-78.669075,41.18615],[-78.6679,41.182587],[-78.66378,41.183708],[-78.660591,41.185081],[-78.654576,41.186193],[-78.654259,41.19479],[-78.65274,41.194157],[-78.651649,41.190742],[-78.649094,41.189098],[-78.643631,41.184495],[-78.631863,41.184494],[-78.638763,41.183105],[-78.643089,41.180626],[-78.638733,41.18026],[-78.635925,41.17889],[-78.633461,41.178352],[-78.630295,41.17662],[-78.626027,41.177411],[-78.624577,41.166453],[-78.620095,41.164491],[-78.618055,41.164338],[-78.619447,41.16262],[-78.62385,41.161666],[-78.62613,41.159621],[-78.626,41.155898],[-78.621499,41.157252],[-78.618937,41.157597],[-78.612025,41.159679],[-78.605318,41.162621],[-78.602007,41.159489],[-78.602076,41.158278],[-78.607126,41.153682],[-78.609252,41.152778],[-78.608529,41.151252],[-78.609549,41.150015],[-78.61329,41.147829],[-78.614604,41.145009],[-78.617914,41.143544],[-78.621155,41.140368],[-78.621718,41.136655],[-78.623082,41.135249],[-78.604502,41.136948],[-78.579215,41.137039],[-78.580008,41.109778],[-78.575378,41.110273],[-78.573333,41.111322],[-78.568103,41.113024],[-78.565788,41.108524],[-78.56662,41.104141],[-78.566154,41.102085],[-78.563087,41.099682],[-78.560188,41.09848],[-78.558357,41.095901],[-78.558487,41.09362],[-78.557106,41.091904],[-78.55349,41.085617],[-78.551163,41.083527],[-78.546936,41.08651],[-78.545334,41.08952],[-78.543587,41.091354],[-78.54409,41.093697],[-78.540833,41.095337],[-78.542091,41.090485],[-78.542206,41.088619],[-78.541557,41.086414],[-78.540298,41.085188],[-78.536658,41.086584],[-78.527907,41.084636],[-78.524741,41.081612],[-78.520018,41.080592],[-78.516002,41.08349],[-78.51426,41.083839],[-78.512977,41.085135],[-78.510077,41.086329],[-78.505096,41.082825],[-78.497917,41.078909],[-78.494301,41.076557],[-78.489052,41.072108],[-78.487839,41.072152],[-78.486939,41.097986],[-78.489419,41.099059],[-78.49535,41.098864],[-78.499634,41.100212],[-78.500526,41.101753],[-78.500031,41.10284],[-78.496758,41.10548],[-78.495598,41.108723],[-78.493866,41.110691],[-78.488918,41.113677],[-78.48639,41.113909],[-78.48537,41.143278],[-78.488007,41.14307],[-78.49118,41.1436],[-78.495468,41.143272],[-78.498528,41.142681],[-78.501213,41.141369],[-78.504482,41.144611],[-78.504943,41.146017],[-78.50441,41.148109],[-78.485207,41.147975],[-78.484712,41.24394],[-78.52781,41.246239],[-78.548844,41.247548],[-78.639706,41.25326],[-78.6445,41.253622],[-78.646666,41.253778],[-78.64659,41.250062],[-78.647947,41.21746],[-78.688409,41.207327]]]]}},{"type":"Feature","properties":{"zcta5":"15721","AFFGEOID10":"8600000US15721","GEOID10":"15721","ALAND10":4987457,"AWATER10":147730,"county_name":"Clearfield","state_code":"PA","county_state":"Clearfield County, PA","county_fips":"42033","risk_level_county":"Medium Risk (70–79% vaccinated)","mean_vaccination_rate_county":76.39,"risk_level_zcta":"Medium Risk (70–79% vaccinated)","mean_vaccination_rate_zips":77.18,"cases":16},"geometry":{"type":"Polygon","coordinates":[[[-78.806476,40.809315],[-78.806482,40.805701],[-78.795948,40.802038],[-78.791416,40.803487],[-78.784552,40.806227],[-78.7787,40.811014],[-78.775721,40.8129],[-78.775225,40.813887],[-78.776709,40.815519],[-78.776984,40.816882],[-78.781396,40.824402],[-78.787889,40.824333],[-78.78948,40.823378],[-78.790795,40.823693],[-78.791678,40.827441],[-78.790178,40.829716],[-78.791291,40.830912],[-78.793971,40.828885],[-78.795514,40.828385],[-78.796436,40.826604],[-78.795435,40.825921],[-78.797289,40.824993],[-78.798968,40.823151],[-78.804482,40.819916],[-78.806446,40.819915],[-78.806476,40.809315]]]}},{"type":"Feature","properties":{"zcta5":"15742","AFFGEOID10":"8600000US15742","GEOID10":"15742","ALAND10":60815804,"AWATER10":169364,"county_name":"Clearfield","state_code":"PA","county_state":"Clearfield County, PA","county_fips":"42033","risk_level_county":"Medium Risk (70–79% vaccinated)","mean_vaccination_rate_county":76.39,"risk_level_zcta":"Lower Risk (80–84% vaccinated)","mean_vaccination_rate_zips":81.74,"cases":16},"geometry":{"type":"Polygon","coordinates":[[[-78.94921,40.780669],[-78.949405,40.779981],[-78.946657,40.779199],[-78.946269,40.77969],[-78.943495,40.77758],[-78.943117,40.774346],[-78.939524,40.771934],[-78.937651,40.771677],[-78.935778,40.772164],[-78.93371,40.771166],[-78.930944,40.77154],[-78.930118,40.770307],[-78.92679,40.769406],[-78.92167,40.767129],[-78.91784,40.765704],[-78.916173,40.763913],[-78.912333,40.763283],[-78.91063,40.762199],[-78.907981,40.761739],[-78.907116,40.760534],[-78.903232,40.760989],[-78.903294,40.764915],[-78.901704,40.76496],[-78.899675,40.766627],[-78.894118,40.766303],[-78.893517,40.764839],[-78.887708,40.76606],[-78.882667,40.765607],[-78.882682,40.773912],[-78.881035,40.776021],[-78.878415,40.781727],[-78.876131,40.782566],[-78.874565,40.784488],[-78.874308,40.786735],[-78.871633,40.789431],[-78.869608,40.795577],[-78.8712,40.797334],[-78.870244,40.798964],[-78.867503,40.800194],[-78.8651,40.802358],[-78.860452,40.80365],[-78.856085,40.803443],[-78.853688,40.806746],[-78.851908,40.806518],[-78.84883,40.807295],[-78.847071,40.809766],[-78.844686,40.811187],[-78.840578,40.810446],[-78.838502,40.80962],[-78.841612,40.803529],[-78.844043,40.800537],[-78.844626,40.793919],[-78.841825,40.793014],[-78.840331,40.791042],[-78.841344,40.790208],[-78.840654,40.783863],[-78.838742,40.781345],[-78.838874,40.780507],[-78.833847,40.781694],[-78.827811,40.782656],[-78.82238,40.783051],[-78.82194,40.786372],[-78.822462,40.789041],[-78.819502,40.794882],[-78.817418,40.795541],[-78.816195,40.79681],[-78.820135,40.797371],[-78.820522,40.80188],[-78.824314,40.802386],[-78.820942,40.805394],[-78.819077,40.810381],[-78.813131,40.810677],[-78.811616,40.809551],[-78.807783,40.809752],[-78.806476,40.809315],[-78.806446,40.819915],[-78.804482,40.819916],[-78.798968,40.823151],[-78.797289,40.824993],[-78.795435,40.825921],[-78.796436,40.826604],[-78.795514,40.828385],[-78.793971,40.828885],[-78.791291,40.830912],[-78.790178,40.829716],[-78.791678,40.827441],[-78.790795,40.823693],[-78.78948,40.823378],[-78.787889,40.824333],[-78.786,40.825574],[-78.786946,40.826858],[-78.788835,40.828032],[-78.788113,40.830198],[-78.789629,40.832513],[-78.787347,40.834968],[-78.783837,40.837078],[-78.781519,40.836259],[-78.779249,40.838977],[-78.777358,40.839924],[-78.779568,40.841761],[-78.781499,40.842374],[-78.78433,40.84452],[-78.784427,40.845171],[-78.784413,40.844379],[-78.781652,40.842265],[-78.779295,40.841474],[-78.777442,40.839915],[-78.779123,40.839152],[-78.806363,40.845035],[-78.806362,40.847644],[-78.813759,40.847579],[-78.815786,40.849772],[-78.81848,40.848795],[-78.822822,40.848694],[-78.826165,40.848266],[-78.827467,40.848776],[-78.832229,40.848946],[-78.837832,40.850367],[-78.839423,40.848475],[-78.844005,40.845832],[-78.848439,40.844045],[-78.850969,40.843482],[-78.850902,40.84487],[-78.852696,40.846219],[-78.854796,40.851166],[-78.855095,40.853328],[-78.861105,40.853136],[-78.864949,40.854237],[-78.864864,40.855723],[-78.866344,40.855624],[-78.868584,40.85248],[-78.870778,40.850284],[-78.870561,40.848827],[-78.871538,40.844681],[-78.871448,40.841127],[-78.872634,40.839839],[-78.875417,40.840423],[-78.877818,40.842841],[-78.882947,40.845211],[-78.892292,40.84528],[-78.893447,40.846458],[-78.894493,40.845687],[-78.897955,40.845384],[-78.900853,40.842846],[-78.903365,40.841672],[-78.903386,40.833413],[-78.907314,40.832956],[-78.912847,40.833502],[-78.919337,40.832121],[-78.922594,40.831991],[-78.925896,40.828862],[-78.926446,40.826681],[-78.925875,40.825964],[-78.929072,40.823499],[-78.92764,40.82137],[-78.925893,40.817378],[-78.925406,40.817093],[-78.903317,40.81594],[-78.869546,40.814089],[-78.873129,40.812254],[-78.873639,40.808786],[-78.876855,40.808725],[-78.876177,40.806796],[-78.873196,40.806774],[-78.87235,40.807834],[-78.867106,40.808734],[-78.865464,40.808702],[-78.870916,40.8073],[-78.87706,40.805371],[-78.880483,40.802139],[-78.880243,40.800676],[-78.882015,40.800583],[-78.884243,40.798925],[-78.886037,40.796716],[-78.887135,40.794374],[-78.890767,40.793496],[-78.893578,40.793645],[-78.89567,40.794341],[-78.896981,40.798838],[-78.899703,40.800363],[-78.90322,40.800748],[-78.903282,40.783527],[-78.907744,40.782235],[-78.911641,40.782981],[-78.920363,40.782967],[-78.92316,40.782579],[-78.928767,40.781106],[-78.933962,40.783286],[-78.937206,40.785339],[-78.938224,40.787078],[-78.940878,40.7867],[-78.942214,40.784491],[-78.945625,40.781989],[-78.94921,40.780669]]]}},{"type":"Feature","properties":{"zcta5":"15724","AFFGEOID10":"8600000US15724","GEOID10":"15724","ALAND10":122370374,"AWATER10":448497,"county_name":"Clearfield","state_code":"PA","county_state":"Clearfield County, PA","county_fips":"42033","risk_level_county":"Medium Risk (70–79% vaccinated)","mean_vaccination_rate_county":76.39,"risk_level_zcta":"Lower Risk (80–84% vaccinated)","mean_vaccination_rate_zips":80.97,"cases":16},"geometry":{"type":"Polygon","coordinates":[[[-78.894719,40.672639],[-78.897799,40.669078],[-78.895924,40.667786],[-78.892135,40.666698],[-78.887802,40.666402],[-78.884667,40.66732],[-78.881412,40.667161],[-78.868096,40.668232],[-78.866742,40.66693],[-78.865265,40.667846],[-78.86244,40.666701],[-78.855818,40.666584],[-78.855024,40.666283],[-78.851168,40.669902],[-78.846204,40.671936],[-78.840186,40.673454],[-78.833928,40.673669],[-78.831828,40.674253],[-78.828002,40.676823],[-78.825791,40.681927],[-78.827732,40.681497],[-78.82847,40.683296],[-78.828346,40.684563],[-78.828785,40.687124],[-78.82463,40.689596],[-78.821822,40.690908],[-78.821215,40.692335],[-78.81257,40.698369],[-78.805914,40.701245],[-78.803933,40.705095],[-78.80363,40.707365],[-78.801909,40.707104],[-78.804412,40.703685],[-78.80422,40.701978],[-78.802897,40.702551],[-78.803124,40.702217],[-78.769294,40.702228],[-78.769317,40.697939],[-78.763628,40.699271],[-78.75826,40.700067],[-78.758355,40.696905],[-78.756275,40.696496],[-78.753357,40.693863],[-78.750417,40.693973],[-78.748538,40.693264],[-78.74663,40.693597],[-78.74952,40.696292],[-78.751119,40.696937],[-78.751521,40.699192],[-78.748514,40.699759],[-78.747749,40.700517],[-78.74828,40.703803],[-78.748008,40.720329],[-78.745588,40.720477],[-78.743131,40.721388],[-78.742278,40.724473],[-78.741471,40.725518],[-78.74128,40.731159],[-78.739899,40.735554],[-78.739471,40.739265],[-78.743149,40.739273],[-78.745712,40.737068],[-78.750076,40.736691],[-78.750397,40.737251],[-78.749969,40.743221],[-78.75267,40.742912],[-78.754349,40.743351],[-78.760132,40.741547],[-78.76152,40.742428],[-78.76049,40.746254],[-78.760765,40.747341],[-78.763055,40.750151],[-78.766525,40.750877],[-78.766849,40.752134],[-78.76798,40.7526],[-78.769034,40.754856],[-78.768351,40.755455],[-78.770409,40.756713],[-78.769529,40.758019],[-78.772504,40.76103],[-78.772546,40.761861],[-78.774452,40.761725],[-78.775789,40.763861],[-78.759856,40.768019],[-78.756467,40.771017],[-78.756386,40.771702],[-78.753288,40.775757],[-78.754967,40.776176],[-78.756119,40.777763],[-78.758461,40.779182],[-78.7668,40.781445],[-78.772934,40.781342],[-78.777092,40.780579],[-78.780022,40.78672],[-78.780006,40.78751],[-78.776558,40.789059],[-78.772194,40.789062],[-78.769394,40.79063],[-78.769409,40.79155],[-78.766609,40.794174],[-78.763458,40.792992],[-78.759674,40.791157],[-78.756081,40.789944],[-78.754509,40.788475],[-78.752953,40.785572],[-78.751083,40.784462],[-78.745483,40.782059],[-78.739923,40.781705],[-78.732426,40.785658],[-78.735901,40.787155],[-78.737976,40.788731],[-78.739944,40.790936],[-78.742577,40.791779],[-78.750618,40.791317],[-78.75386,40.792549],[-78.755989,40.796574],[-78.762306,40.798901],[-78.764084,40.799049],[-78.767792,40.800873],[-78.771507,40.800976],[-78.773323,40.801498],[-78.775864,40.801342],[-78.779922,40.80003],[-78.783089,40.800224],[-78.783852,40.801418],[-78.784552,40.806227],[-78.791416,40.803487],[-78.795948,40.802038],[-78.806482,40.805701],[-78.806476,40.809315],[-78.807783,40.809752],[-78.811616,40.809551],[-78.813131,40.810677],[-78.819077,40.810381],[-78.820942,40.805394],[-78.824314,40.802386],[-78.820522,40.80188],[-78.820135,40.797371],[-78.816195,40.79681],[-78.817418,40.795541],[-78.819502,40.794882],[-78.822462,40.789041],[-78.82194,40.786372],[-78.82238,40.783051],[-78.827811,40.782656],[-78.833847,40.781694],[-78.838874,40.780507],[-78.839668,40.779],[-78.844281,40.77502],[-78.849233,40.773116],[-78.8542,40.772385],[-78.857023,40.774879],[-78.858167,40.77664],[-78.858242,40.778137],[-78.856977,40.78033],[-78.854294,40.782875],[-78.852875,40.787448],[-78.851465,40.789858],[-78.85239,40.791528],[-78.851472,40.795246],[-78.852502,40.798309],[-78.855948,40.801627],[-78.856085,40.803443],[-78.860452,40.80365],[-78.8651,40.802358],[-78.867503,40.800194],[-78.870244,40.798964],[-78.8712,40.797334],[-78.869608,40.795577],[-78.871633,40.789431],[-78.874308,40.786735],[-78.874565,40.784488],[-78.876131,40.782566],[-78.878415,40.781727],[-78.881035,40.776021],[-78.882682,40.773912],[-78.882667,40.765607],[-78.881461,40.765688],[-78.872453,40.763412],[-78.869778,40.762367],[-78.868143,40.760341],[-78.867551,40.758619],[-78.870808,40.755791],[-78.870188,40.755311],[-78.877533,40.748205],[-78.876524,40.746842],[-78.870722,40.74292],[-78.868529,40.740259],[-78.867213,40.740018],[-78.867685,40.737024],[-78.86599,40.733097],[-78.867129,40.732176],[-78.869972,40.729915],[-78.867711,40.727538],[-78.866694,40.725541],[-78.863614,40.722961],[-78.863446,40.721105],[-78.861746,40.72006],[-78.865065,40.715421],[-78.868208,40.713746],[-78.871333,40.712631],[-78.876263,40.708884],[-78.87817,40.705779],[-78.866808,40.703561],[-78.868149,40.70207],[-78.874465,40.697022],[-78.879971,40.69734],[-78.890252,40.689252],[-78.888152,40.687686],[-78.8831,40.686101],[-78.880919,40.684499],[-78.880358,40.683282],[-78.881242,40.68157],[-78.88069,40.679216],[-78.882588,40.678769],[-78.882593,40.67713],[-78.889772,40.673697],[-78.894719,40.672639]]]}},{"type":"Feature","properties":{"zcta5":"16645","AFFGEOID10":"8600000US16645","GEOID10":"16645","ALAND10":4569469,"AWATER10":114649,"county_name":"Clearfield","state_code":"PA","county_state":"Clearfield County, PA","county_fips":"42033","risk_level_county":"Medium Risk (70–79% vaccinated)","mean_vaccination_rate_county":76.39,"risk_level_zcta":"Lower Risk (80–84% vaccinated)","mean_vaccination_rate_zips":82.25,"cases":16},"geometry":{"type":"Polygon","coordinates":[[[-78.505036,40.810518],[-78.510139,40.807021],[-78.508975,40.806013],[-78.514215,40.802325],[-78.517509,40.803488],[-78.518434,40.801305],[-78.5191,40.797655],[-78.507027,40.793306],[-78.507898,40.791555],[-78.503368,40.791877],[-78.50329,40.794022],[-78.501049,40.792685],[-78.500966,40.791469],[-78.499545,40.790146],[-78.495053,40.78657],[-78.483464,40.791938],[-78.486137,40.79537],[-78.485055,40.798863],[-78.483406,40.800989],[-78.482919,40.803731],[-78.48661,40.806883],[-78.502893,40.807077],[-78.505036,40.810518]]]}},{"type":"Feature","properties":{"zcta5":"16863","AFFGEOID10":"8600000US16863","GEOID10":"16863","ALAND10":65834624,"AWATER10":931316,"county_name":"Clearfield","state_code":"PA","county_state":"Clearfield County, PA","county_fips":"42033","risk_level_county":"Medium Risk (70–79% vaccinated)","mean_vaccination_rate_county":76.39,"risk_level_zcta":"Medium Risk (70–79% vaccinated)","mean_vaccination_rate_zips":75.94,"cases":16},"geometry":{"type":"Polygon","coordinates":[[[-78.501205,40.945116],[-78.508057,40.940498],[-78.513,40.933258],[-78.518729,40.93436],[-78.519718,40.928174],[-78.511261,40.922374],[-78.510682,40.919536],[-78.509292,40.917687],[-78.512039,40.919228],[-78.519493,40.920906],[-78.524574,40.92522],[-78.525162,40.924335],[-78.523697,40.921211],[-78.526932,40.920258],[-78.527588,40.919022],[-78.529884,40.918495],[-78.531674,40.916151],[-78.534247,40.915901],[-78.536999,40.918367],[-78.53759,40.920255],[-78.538933,40.920841],[-78.544304,40.916954],[-78.548133,40.913751],[-78.541303,40.914019],[-78.541001,40.907301],[-78.53764,40.907324],[-78.537465,40.903654],[-78.537081,40.894756],[-78.534653,40.894779],[-78.532037,40.894138],[-78.526347,40.895019],[-78.522602,40.897317],[-78.520727,40.897512],[-78.51754,40.896534],[-78.515235,40.896709],[-78.51366,40.897537],[-78.511894,40.899841],[-78.51396,40.901426],[-78.514091,40.902651],[-78.510719,40.902988],[-78.509407,40.900639],[-78.507774,40.896206],[-78.509995,40.895752],[-78.514557,40.894043],[-78.518372,40.892269],[-78.521233,40.889881],[-78.522575,40.889404],[-78.524399,40.886806],[-78.523636,40.884956],[-78.519157,40.882675],[-78.519516,40.881714],[-78.517242,40.879265],[-78.516602,40.877621],[-78.515121,40.876251],[-78.508987,40.872784],[-78.50795,40.871128],[-78.504395,40.870201],[-78.500763,40.869907],[-78.499107,40.869293],[-78.496529,40.866776],[-78.492584,40.867203],[-78.489914,40.866413],[-78.48616,40.864059],[-78.485008,40.864822],[-78.48457,40.862969],[-78.482876,40.860987],[-78.479542,40.86068],[-78.479343,40.862233],[-78.475379,40.860871],[-78.471396,40.857893],[-78.471077,40.856726],[-78.465205,40.855087],[-78.450649,40.864462],[-78.452693,40.866427],[-78.45378,40.869885],[-78.450966,40.872116],[-78.456726,40.875202],[-78.460976,40.875793],[-78.46331,40.877617],[-78.459885,40.882362],[-78.458549,40.881855],[-78.458,40.884342],[-78.453902,40.887224],[-78.452331,40.887723],[-78.450011,40.886953],[-78.447363,40.887734],[-78.445637,40.887615],[-78.444199,40.890618],[-78.442211,40.891923],[-78.441668,40.890734],[-78.436615,40.887455],[-78.43686,40.886172],[-78.435084,40.887208],[-78.436254,40.888394],[-78.439317,40.890022],[-78.440947,40.892576],[-78.440118,40.893642],[-78.438193,40.892913],[-78.436204,40.890839],[-78.433218,40.890479],[-78.431975,40.891277],[-78.431839,40.893588],[-78.434691,40.894613],[-78.436992,40.896094],[-78.437237,40.89792],[-78.436216,40.899189],[-78.434351,40.899953],[-78.430125,40.898725],[-78.428286,40.899133],[-78.428283,40.9007],[-78.429115,40.901812],[-78.431361,40.903257],[-78.435434,40.902559],[-78.437151,40.903291],[-78.435738,40.905012],[-78.431713,40.906064],[-78.431724,40.907669],[-78.434033,40.908682],[-78.437144,40.908064],[-78.438853,40.909607],[-78.438817,40.910583],[-78.436197,40.913344],[-78.436431,40.91455],[-78.438366,40.918265],[-78.438611,40.921754],[-78.43709,40.922179],[-78.433091,40.921282],[-78.430609,40.921716],[-78.426689,40.923118],[-78.422167,40.923733],[-78.421311,40.924859],[-78.422245,40.926757],[-78.424331,40.927421],[-78.427096,40.926866],[-78.429075,40.927584],[-78.42888,40.92856],[-78.427111,40.929668],[-78.422318,40.929895],[-78.421258,40.932132],[-78.423434,40.934526],[-78.423891,40.935858],[-78.421737,40.935918],[-78.419836,40.934458],[-78.417914,40.934374],[-78.416695,40.935361],[-78.415162,40.939881],[-78.416258,40.944217],[-78.414574,40.946833],[-78.411963,40.947263],[-78.409603,40.948829],[-78.409098,40.951863],[-78.407842,40.952589],[-78.403935,40.953537],[-78.403487,40.954524],[-78.405013,40.957655],[-78.403956,40.95943],[-78.403065,40.961315],[-78.403758,40.962147],[-78.406396,40.962919],[-78.409998,40.961939],[-78.411934,40.960817],[-78.414022,40.960444],[-78.415269,40.961222],[-78.415197,40.96324],[-78.412756,40.964482],[-78.410076,40.963955],[-78.40642,40.965821],[-78.405833,40.968461],[-78.406696,40.970432],[-78.406328,40.971555],[-78.409907,40.968641],[-78.415084,40.969005],[-78.418681,40.969926],[-78.419683,40.969634],[-78.421854,40.967632],[-78.424874,40.963944],[-78.428243,40.96302],[-78.429097,40.962025],[-78.42819,40.960885],[-78.429459,40.959817],[-78.429549,40.957723],[-78.431465,40.956517],[-78.430507,40.953946],[-78.431254,40.953624],[-78.431366,40.951611],[-78.433828,40.951276],[-78.434377,40.950019],[-78.439273,40.946916],[-78.441973,40.945933],[-78.443212,40.94647],[-78.444285,40.948015],[-78.446022,40.948082],[-78.447017,40.947264],[-78.446384,40.944823],[-78.448051,40.942596],[-78.446767,40.940684],[-78.447262,40.938532],[-78.448462,40.938222],[-78.453539,40.939593],[-78.458123,40.93692],[-78.460189,40.93405],[-78.464944,40.93062],[-78.466867,40.930714],[-78.46755,40.929758],[-78.470511,40.928223],[-78.470603,40.927297],[-78.472551,40.925946],[-78.474239,40.926204],[-78.475748,40.925468],[-78.469606,40.929786],[-78.465125,40.932063],[-78.471542,40.930336],[-78.474937,40.932396],[-78.480743,40.938168],[-78.48111,40.938717],[-78.487007,40.94582],[-78.48465,40.948112],[-78.48571,40.949406],[-78.48484,40.952637],[-78.483635,40.954941],[-78.479523,40.956825],[-78.481049,40.957851],[-78.481847,40.958181],[-78.491669,40.951076],[-78.494598,40.949563],[-78.501205,40.945116]]]}},{"type":"Feature","properties":{"zcta5":"15753","AFFGEOID10":"8600000US15753","GEOID10":"15753","ALAND10":101349798,"AWATER10":441763,"county_name":"Clearfield","state_code":"PA","county_state":"Clearfield County, PA","county_fips":"42033","risk_level_county":"Medium Risk (70–79% vaccinated)","mean_vaccination_rate_county":76.39,"risk_level_zcta":"Lower Risk (80–84% vaccinated)","mean_vaccination_rate_zips":80.08,"cases":16},"geometry":{"type":"Polygon","coordinates":[[[-78.732426,40.785658],[-78.728424,40.784584],[-78.728416,40.781818],[-78.718956,40.781773],[-78.718033,40.779041],[-78.716377,40.778332],[-78.704897,40.778267],[-78.703892,40.779713],[-78.702943,40.779247],[-78.698954,40.779616],[-78.696292,40.781046],[-78.696486,40.766202],[-78.692021,40.765457],[-78.689237,40.767243],[-78.686384,40.771125],[-78.683373,40.772569],[-78.678288,40.772794],[-78.674896,40.774337],[-78.675355,40.776234],[-78.673661,40.777038],[-78.670257,40.774903],[-78.669261,40.772831],[-78.670356,40.771127],[-78.676384,40.766805],[-78.677968,40.76462],[-78.677421,40.762401],[-78.675718,40.761099],[-78.670476,40.758468],[-78.668484,40.760183],[-78.665703,40.757609],[-78.663018,40.753838],[-78.660999,40.754266],[-78.657664,40.752993],[-78.655231,40.753504],[-78.655245,40.751691],[-78.659576,40.751617],[-78.659718,40.744059],[-78.663984,40.744045],[-78.664672,40.745235],[-78.676308,40.742181],[-78.67981,40.73837],[-78.682387,40.737213],[-78.685975,40.736739],[-78.688085,40.735564],[-78.688574,40.733924],[-78.688605,40.730413],[-78.688093,40.727555],[-78.688189,40.724182],[-78.633919,40.725159],[-78.589623,40.725423],[-78.594209,40.729605],[-78.584755,40.736045],[-78.595391,40.744934],[-78.581015,40.755596],[-78.574362,40.760445],[-78.588725,40.772104],[-78.611557,40.761722],[-78.618282,40.759326],[-78.616096,40.76305],[-78.615563,40.768357],[-78.615204,40.783817],[-78.616051,40.786751],[-78.618416,40.789413],[-78.61882,40.794476],[-78.619347,40.797043],[-78.618477,40.799118],[-78.617574,40.799504],[-78.615343,40.798687],[-78.611595,40.799381],[-78.60688,40.801308],[-78.604675,40.802872],[-78.602806,40.806625],[-78.603661,40.810642],[-78.60302,40.812378],[-78.603088,40.81419],[-78.602315,40.815182],[-78.608862,40.820479],[-78.615236,40.816114],[-78.627651,40.827569],[-78.646325,40.815002],[-78.660728,40.825809],[-78.661975,40.824907],[-78.66473,40.825857],[-78.662471,40.827482],[-78.659828,40.827072],[-78.6602,40.829026],[-78.655937,40.831131],[-78.656025,40.83196],[-78.648364,40.837045],[-78.643647,40.840566],[-78.630955,40.849244],[-78.619171,40.854491],[-78.621132,40.857292],[-78.626373,40.85984],[-78.633034,40.860645],[-78.63488,40.860416],[-78.636536,40.859184],[-78.637177,40.857578],[-78.639542,40.858765],[-78.640297,40.859699],[-78.639709,40.861847],[-78.640648,40.862759],[-78.637077,40.86422],[-78.636162,40.867611],[-78.638916,40.869953],[-78.639328,40.871384],[-78.641922,40.872944],[-78.643433,40.872948],[-78.645653,40.871704],[-78.647842,40.872448],[-78.648095,40.873753],[-78.661379,40.864876],[-78.677189,40.854297],[-78.683693,40.859068],[-78.685702,40.859083],[-78.685944,40.85021],[-78.695332,40.850288],[-78.695654,40.844522],[-78.695297,40.838608],[-78.69017,40.837959],[-78.687691,40.838654],[-78.684441,40.836178],[-78.684829,40.834676],[-78.6865,40.832432],[-78.688553,40.827674],[-78.689052,40.823157],[-78.689985,40.818879],[-78.689541,40.817413],[-78.684765,40.815853],[-78.683375,40.816947],[-78.682252,40.81543],[-78.680541,40.816152],[-78.678483,40.814585],[-78.678376,40.813094],[-78.680693,40.813118],[-78.680523,40.810376],[-78.681487,40.8078],[-78.685051,40.809634],[-78.685658,40.811274],[-78.688505,40.809254],[-78.688484,40.807773],[-78.711067,40.807762],[-78.717453,40.809528],[-78.721115,40.809006],[-78.723007,40.807934],[-78.722916,40.80389],[-78.724154,40.800433],[-78.728119,40.7938],[-78.728416,40.790794],[-78.725882,40.791141],[-78.724344,40.789626],[-78.732426,40.785658]],[[-78.684751,40.834656],[-78.683394,40.835729],[-78.680299,40.835086],[-78.677787,40.835181],[-78.678497,40.834873],[-78.682465,40.833515],[-78.684751,40.834656]]]}},{"type":"Feature","properties":{"zcta5":"16871","AFFGEOID10":"8600000US16871","GEOID10":"16871","ALAND10":64531740,"AWATER10":900692,"county_name":"Clearfield","state_code":"PA","county_state":"Clearfield County, PA","county_fips":"42033","risk_level_county":"Medium Risk (70–79% vaccinated)","mean_vaccination_rate_county":76.39,"risk_level_zcta":"Medium Risk (70–79% vaccinated)","mean_vaccination_rate_zips":76.98,"cases":16},"geometry":{"type":"Polygon","coordinates":[[[-78.071128,41.187651],[-78.07467,41.189817],[-78.083199,41.192577],[-78.083733,41.193588],[-78.086403,41.19482],[-78.087296,41.1982],[-78.08831,41.199234],[-78.088425,41.200886],[-78.090599,41.2029],[-78.092395,41.206569],[-78.112343,41.194532],[-78.111162,41.193497],[-78.108539,41.193462],[-78.105097,41.19161],[-78.104223,41.188681],[-78.104039,41.186399],[-78.102079,41.185281],[-78.097786,41.184429],[-78.094574,41.182304],[-78.094795,41.179653],[-78.092834,41.177536],[-78.092247,41.17625],[-78.089096,41.174374],[-78.089412,41.170197],[-78.087048,41.169021],[-78.086131,41.16739],[-78.08451,41.166087],[-78.082081,41.165852],[-78.079069,41.164889],[-78.07551,41.165827],[-78.07502,41.165359],[-78.080208,41.164188],[-78.084099,41.163864],[-78.087486,41.160625],[-78.090782,41.159931],[-78.094177,41.158733],[-78.094872,41.157963],[-78.092766,41.158947],[-78.090866,41.159225],[-78.081596,41.156673],[-78.081367,41.154991],[-78.082817,41.153767],[-78.082031,41.152336],[-78.082466,41.150986],[-78.081631,41.148488],[-78.078521,41.146434],[-78.075712,41.146379],[-78.074049,41.145829],[-78.071562,41.146883],[-78.072198,41.148172],[-78.071643,41.149942],[-78.068825,41.148869],[-78.065056,41.149231],[-78.06234,41.151112],[-78.05896,41.15134],[-78.060402,41.148994],[-78.059601,41.147541],[-78.055107,41.14563],[-78.055857,41.144029],[-78.054999,41.14102],[-78.054976,41.143515],[-78.054143,41.145534],[-78.051333,41.146711],[-78.045998,41.14638],[-78.043403,41.147872],[-78.042047,41.15105],[-78.040738,41.152827],[-78.038799,41.154179],[-78.038203,41.153633],[-78.034969,41.15392],[-78.031225,41.151539],[-78.028594,41.150325],[-78.024602,41.150785],[-78.020159,41.152734],[-78.017348,41.153187],[-78.015729,41.1529],[-78.014476,41.151996],[-78.012021,41.145071],[-78.010732,41.143854],[-78.009105,41.143316],[-78.005941,41.143601],[-78.003569,41.144856],[-78.000988,41.147773],[-78.000329,41.15095],[-78.001796,41.158133],[-78.000753,41.16166],[-77.999201,41.163016],[-77.995391,41.163125],[-77.990272,41.161704],[-77.987926,41.162647],[-77.986711,41.163799],[-77.985116,41.168734],[-77.984187,41.170236],[-77.980823,41.171639],[-77.978455,41.171721],[-77.973012,41.173021],[-77.970778,41.174697],[-77.970833,41.178314],[-77.973588,41.189093],[-77.973715,41.192394],[-77.973335,41.193915],[-77.973078,41.204188],[-77.970841,41.20672],[-77.96565,41.209584],[-77.963918,41.211467],[-77.962032,41.215289],[-77.959438,41.217497],[-77.959867,41.217809],[-77.963166,41.216499],[-77.964839,41.218722],[-77.965553,41.222123],[-77.968249,41.22507],[-77.968996,41.224707],[-77.973484,41.225691],[-77.976497,41.227475],[-77.981564,41.229338],[-77.986022,41.230419],[-77.988437,41.232315],[-77.991187,41.236177],[-77.994169,41.236571],[-77.995346,41.235905],[-77.995686,41.228932],[-77.998072,41.229019],[-78.003316,41.228456],[-78.006277,41.227483],[-78.008816,41.227408],[-78.011229,41.226476],[-78.017108,41.228554],[-78.022238,41.22806],[-78.025414,41.226081],[-78.026356,41.224259],[-78.029349,41.223486],[-78.027424,41.221811],[-78.030298,41.21771],[-78.032037,41.214655],[-78.032296,41.21041],[-78.031476,41.204966],[-78.028112,41.201449],[-78.033685,41.197029],[-78.034095,41.19527],[-78.035279,41.195756],[-78.039229,41.19513],[-78.042655,41.195123],[-78.044833,41.194521],[-78.045558,41.197217],[-78.045319,41.198493],[-78.048735,41.200245],[-78.050058,41.203519],[-78.051172,41.204385],[-78.055307,41.205141],[-78.058474,41.206154],[-78.060961,41.206144],[-78.063225,41.204227],[-78.06149,41.202948],[-78.05838,41.201578],[-78.057243,41.198367],[-78.057674,41.195698],[-78.057627,41.191695],[-78.059102,41.190383],[-78.059616,41.187866],[-78.058816,41.186793],[-78.055511,41.185541],[-78.05409,41.182884],[-78.051594,41.182002],[-78.050277,41.180737],[-78.047971,41.177084],[-78.045593,41.175703],[-78.046687,41.173402],[-78.045646,41.172074],[-78.04864,41.172762],[-78.048519,41.170477],[-78.050931,41.170331],[-78.053317,41.172768],[-78.052624,41.174309],[-78.054351,41.175735],[-78.057359,41.175599],[-78.058032,41.176439],[-78.060635,41.176326],[-78.061215,41.174808],[-78.071128,41.187651]]]}},{"type":"Feature","properties":{"zcta5":"15824","AFFGEOID10":"8600000US15824","GEOID10":"15824","ALAND10":189127458,"AWATER10":809735,"county_name":"Clearfield","state_code":"PA","county_state":"Clearfield County, PA","county_fips":"42033","risk_level_county":"Medium Risk (70–79% vaccinated)","mean_vaccination_rate_county":76.39,"risk_level_zcta":"Medium Risk (70–79% vaccinated)","mean_vaccination_rate_zips":77.32,"cases":16},"geometry":{"type":"Polygon","coordinates":[[[-78.933802,41.307214],[-78.933016,41.305747],[-78.933968,41.305215],[-78.933738,41.303464],[-78.932377,41.300102],[-78.933498,41.297754],[-78.935366,41.295306],[-78.930417,41.294887],[-78.927062,41.294926],[-78.925656,41.292697],[-78.926326,41.291072],[-78.925773,41.288064],[-78.9268,41.284551],[-78.930594,41.281603],[-78.928971,41.280137],[-78.927081,41.279452],[-78.911465,41.268375],[-78.907508,41.265816],[-78.900412,41.265228],[-78.894072,41.262653],[-78.889124,41.262505],[-78.889123,41.24957],[-78.908313,41.249708],[-78.911088,41.252068],[-78.912338,41.253705],[-78.913647,41.254078],[-78.914665,41.255868],[-78.917967,41.257054],[-78.919043,41.258542],[-78.923312,41.260661],[-78.923472,41.261452],[-78.925829,41.262232],[-78.926047,41.263187],[-78.929364,41.263933],[-78.931387,41.266338],[-78.931183,41.267688],[-78.934864,41.269247],[-78.937294,41.268391],[-78.941557,41.268435],[-78.943798,41.266711],[-78.945442,41.267128],[-78.9463,41.265679],[-78.948207,41.26502],[-78.949065,41.263406],[-78.951393,41.263126],[-78.953211,41.264257],[-78.956369,41.263268],[-78.95567,41.261764],[-78.957401,41.259963],[-78.960441,41.258404],[-78.96204,41.256965],[-78.959639,41.254364],[-78.958344,41.254178],[-78.957209,41.251258],[-78.955521,41.250885],[-78.95489,41.248093],[-78.956329,41.242356],[-78.95518,41.241572],[-78.951696,41.240666],[-78.948263,41.235649],[-78.946103,41.234365],[-78.943745,41.231735],[-78.942816,41.232184],[-78.934002,41.232114],[-78.933862,41.220461],[-78.930707,41.2211],[-78.929571,41.221878],[-78.925567,41.21986],[-78.919907,41.215895],[-78.920362,41.212168],[-78.921846,41.209171],[-78.919241,41.206799],[-78.920213,41.202448],[-78.912786,41.199962],[-78.909008,41.199448],[-78.907532,41.200431],[-78.899219,41.218982],[-78.89874,41.21874],[-78.898857,41.216456],[-78.900734,41.214618],[-78.900183,41.2124],[-78.901333,41.210463],[-78.902532,41.20992],[-78.901479,41.208707],[-78.903021,41.206517],[-78.905515,41.204344],[-78.906803,41.20025],[-78.90357,41.200472],[-78.899946,41.202619],[-78.893937,41.203918],[-78.887441,41.207803],[-78.88346,41.211578],[-78.879672,41.213061],[-78.875617,41.213313],[-78.869623,41.21232],[-78.86147,41.208074],[-78.858323,41.207863],[-78.856954,41.20656],[-78.851504,41.207139],[-78.849243,41.205001],[-78.847356,41.20402],[-78.846713,41.202643],[-78.843948,41.200686],[-78.838286,41.199872],[-78.835132,41.197899],[-78.832301,41.199819],[-78.825624,41.201665],[-78.817894,41.205693],[-78.816169,41.207932],[-78.815152,41.208283],[-78.809628,41.207372],[-78.805158,41.207471],[-78.800238,41.206196],[-78.799504,41.206624],[-78.804202,41.202023],[-78.802629,41.200637],[-78.801424,41.198179],[-78.800962,41.195876],[-78.798379,41.194085],[-78.796026,41.195712],[-78.793911,41.194861],[-78.787451,41.194618],[-78.785919,41.193174],[-78.780469,41.192612],[-78.778209,41.19287],[-78.776153,41.192161],[-78.774976,41.19092],[-78.774252,41.190068],[-78.776208,41.18487],[-78.779308,41.180331],[-78.784032,41.176031],[-78.786195,41.173262],[-78.782467,41.176618],[-78.77788,41.181553],[-78.77682,41.183287],[-78.795174,41.149135],[-78.790253,41.147449],[-78.786232,41.146088],[-78.77784,41.144878],[-78.772781,41.144825],[-78.765048,41.145448],[-78.763685,41.148913],[-78.758538,41.14915],[-78.758519,41.153813],[-78.765264,41.153674],[-78.765358,41.160848],[-78.76491,41.165245],[-78.759835,41.165372],[-78.756052,41.166588],[-78.756292,41.174589],[-78.742166,41.174617],[-78.741495,41.202335],[-78.766377,41.202759],[-78.758853,41.217411],[-78.774748,41.217541],[-78.775185,41.218664],[-78.773955,41.219709],[-78.773156,41.218765],[-78.771898,41.219988],[-78.76739,41.220206],[-78.765478,41.220869],[-78.763179,41.222754],[-78.761917,41.22296],[-78.759856,41.22608],[-78.753459,41.227918],[-78.754144,41.230714],[-78.753922,41.232844],[-78.750335,41.232887],[-78.745474,41.234118],[-78.742642,41.235267],[-78.738578,41.237695],[-78.738977,41.247939],[-78.739075,41.252028],[-78.73898,41.254074],[-78.73971,41.253794],[-78.739444,41.256389],[-78.740779,41.261378],[-78.744186,41.264483],[-78.745843,41.267739],[-78.779508,41.282595],[-78.897561,41.33501],[-78.903946,41.33061],[-78.917013,41.330926],[-78.910024,41.327208],[-78.909913,41.326498],[-78.927669,41.314308],[-78.928434,41.310294],[-78.930666,41.307337],[-78.932799,41.30586],[-78.933802,41.307214]],[[-78.746839,41.247197],[-78.746886,41.247277],[-78.746161,41.247652],[-78.744153,41.249033],[-78.743368,41.248273],[-78.745852,41.246559],[-78.746839,41.247197]]]}},{"type":"Feature","properties":{"zcta5":"16878","AFFGEOID10":"8600000US16878","GEOID10":"16878","ALAND10":52845422,"AWATER10":90627,"county_name":"Clearfield","state_code":"PA","county_state":"Clearfield County, PA","county_fips":"42033","risk_level_county":"Medium Risk (70–79% vaccinated)","mean_vaccination_rate_county":76.39,"risk_level_zcta":"Medium Risk (70–79% vaccinated)","mean_vaccination_rate_zips":72.9,"cases":16},"geometry":{"type":"Polygon","coordinates":[[[-78.395359,40.991102],[-78.395262,40.985218],[-78.394538,40.982505],[-78.386756,40.982555],[-78.382502,40.98174],[-78.379218,40.981574],[-78.377825,40.979394],[-78.373794,40.976646],[-78.36935,40.975265],[-78.367393,40.973946],[-78.3675,40.970482],[-78.368477,40.967426],[-78.370079,40.966019],[-78.36924,40.964439],[-78.368561,40.961159],[-78.368774,40.959496],[-78.369865,40.958282],[-78.373199,40.956097],[-78.373863,40.954609],[-78.374891,40.9468],[-78.372072,40.94642],[-78.372598,40.94426],[-78.3662,40.942619],[-78.364274,40.941186],[-78.360304,40.941194],[-78.359514,40.939699],[-78.361407,40.938529],[-78.364246,40.935444],[-78.363561,40.93497],[-78.364629,40.931608],[-78.363759,40.927161],[-78.360903,40.92468],[-78.358763,40.92375],[-78.358408,40.9207],[-78.359701,40.919891],[-78.359471,40.918177],[-78.361221,40.916513],[-78.355424,40.916539],[-78.354021,40.915813],[-78.349079,40.91113],[-78.348117,40.909276],[-78.349867,40.905548],[-78.349843,40.902157],[-78.348014,40.897434],[-78.348033,40.896374],[-78.346199,40.897789],[-78.348181,40.899566],[-78.348905,40.902579],[-78.348336,40.905681],[-78.346425,40.906728],[-78.345329,40.908394],[-78.340714,40.906792],[-78.334469,40.908808],[-78.330605,40.913143],[-78.329536,40.914078],[-78.325905,40.915131],[-78.323312,40.916706],[-78.307888,40.916787],[-78.307918,40.919627],[-78.30618,40.918251],[-78.303096,40.91882],[-78.297675,40.919235],[-78.292657,40.921285],[-78.289621,40.921298],[-78.269969,40.921341],[-78.270037,40.92641],[-78.270046,40.927053],[-78.270079,40.929554],[-78.27182,40.92951],[-78.271847,40.938372],[-78.276146,40.938433],[-78.277142,40.941665],[-78.275332,40.94298],[-78.279762,40.945477],[-78.280647,40.947433],[-78.280382,40.951092],[-78.278952,40.952636],[-78.278539,40.956591],[-78.282882,40.957243],[-78.284019,40.957394],[-78.285737,40.953815],[-78.292328,40.953789],[-78.297402,40.957402],[-78.297402,40.9692],[-78.294177,40.969219],[-78.292316,40.971883],[-78.293359,40.975034],[-78.294622,40.9756],[-78.299831,40.976099],[-78.301583,40.977026],[-78.302848,40.978125],[-78.30943,40.979182],[-78.311537,40.980985],[-78.312296,40.981966],[-78.311241,40.984291],[-78.316277,40.984318],[-78.318542,40.983696],[-78.325574,40.979223],[-78.325508,40.970085],[-78.334794,40.97023],[-78.337581,40.971441],[-78.337985,40.981915],[-78.341025,40.981986],[-78.340985,40.98475],[-78.349448,40.984844],[-78.349447,40.987522],[-78.355748,40.988627],[-78.363342,40.988636],[-78.364662,40.986648],[-78.365822,40.987225],[-78.36776,40.985935],[-78.36982,40.985825],[-78.369274,40.984993],[-78.372719,40.985053],[-78.378281,40.986755],[-78.380905,40.987179],[-78.38427,40.986946],[-78.388489,40.98782],[-78.391098,40.989567],[-78.395359,40.991102]]]}},{"type":"Feature","properties":{"zcta5":"16620","AFFGEOID10":"8600000US16620","GEOID10":"16620","ALAND10":2215237,"AWATER10":37551,"county_name":"Clearfield","state_code":"PA","county_state":"Clearfield County, PA","county_fips":"42033","risk_level_county":"Medium Risk (70–79% vaccinated)","mean_vaccination_rate_county":76.39,"risk_level_zcta":"Lower Risk (80–84% vaccinated)","mean_vaccination_rate_zips":84.27,"cases":16},"geometry":{"type":"Polygon","coordinates":[[[-78.361604,40.838021],[-78.350092,40.832417],[-78.346924,40.830887],[-78.346998,40.830364],[-78.34605,40.830282],[-78.346008,40.82993],[-78.344711,40.830069],[-78.344774,40.8305],[-78.343549,40.830639],[-78.343669,40.831238],[-78.342288,40.831349],[-78.342569,40.833121],[-78.34318,40.834293],[-78.340639,40.83644],[-78.34449,40.839195],[-78.342827,40.840595],[-78.340005,40.845201],[-78.342251,40.845577],[-78.344708,40.84418],[-78.346445,40.842198],[-78.346633,40.844497],[-78.349355,40.845856],[-78.351247,40.845826],[-78.355981,40.848502],[-78.363632,40.84005],[-78.361604,40.838021]]]}},{"type":"Feature","properties":{"zcta5":"16661","AFFGEOID10":"8600000US16661","GEOID10":"16661","ALAND10":52405221,"AWATER10":736589,"county_name":"Clearfield","state_code":"PA","county_state":"Clearfield County, PA","county_fips":"42033","risk_level_county":"Medium Risk (70–79% vaccinated)","mean_vaccination_rate_county":76.39,"risk_level_zcta":"Medium Risk (70–79% vaccinated)","mean_vaccination_rate_zips":73.25,"cases":16},"geometry":{"type":"Polygon","coordinates":[[[-78.52655,40.826141],[-78.529449,40.822495],[-78.52993,40.820282],[-78.531113,40.818428],[-78.529654,40.813655],[-78.52815,40.81356],[-78.511375,40.825323],[-78.499354,40.814429],[-78.505036,40.810518],[-78.502893,40.807077],[-78.48661,40.806883],[-78.482919,40.803731],[-78.476421,40.797312],[-78.472901,40.797939],[-78.466718,40.801705],[-78.464176,40.8046],[-78.464548,40.806441],[-78.461096,40.806443],[-78.446311,40.812208],[-78.440313,40.813949],[-78.437551,40.812357],[-78.435033,40.813105],[-78.432411,40.808628],[-78.433243,40.805054],[-78.43222,40.80341],[-78.429276,40.802006],[-78.426331,40.79961],[-78.417831,40.801918],[-78.416374,40.802608],[-78.410568,40.806446],[-78.406952,40.806175],[-78.40399,40.808286],[-78.406218,40.81002],[-78.416694,40.834346],[-78.421967,40.834965],[-78.417519,40.837479],[-78.420914,40.838623],[-78.420441,40.839966],[-78.416313,40.841457],[-78.417305,40.844959],[-78.415222,40.8452],[-78.41124,40.847481],[-78.410263,40.849876],[-78.411064,40.85284],[-78.408829,40.854603],[-78.409782,40.856663],[-78.408923,40.857936],[-78.429055,40.877799],[-78.434561,40.87443],[-78.435175,40.875235],[-78.439828,40.877047],[-78.439913,40.878464],[-78.43842,40.87925],[-78.435881,40.879545],[-78.43356,40.880769],[-78.433863,40.882407],[-78.435129,40.883559],[-78.440247,40.883152],[-78.441021,40.884619],[-78.439618,40.885803],[-78.43686,40.886172],[-78.436615,40.887455],[-78.441668,40.890734],[-78.442211,40.891923],[-78.444199,40.890618],[-78.445637,40.887615],[-78.447363,40.887734],[-78.450011,40.886953],[-78.452331,40.887723],[-78.453902,40.887224],[-78.458,40.884342],[-78.458549,40.881855],[-78.459885,40.882362],[-78.46331,40.877617],[-78.460976,40.875793],[-78.456726,40.875202],[-78.450966,40.872116],[-78.45378,40.869885],[-78.452693,40.866427],[-78.450649,40.864462],[-78.465205,40.855087],[-78.479651,40.845768],[-78.483734,40.846535],[-78.486565,40.846134],[-78.489777,40.846748],[-78.492279,40.84642],[-78.494026,40.846813],[-78.495857,40.84874],[-78.497665,40.848476],[-78.498215,40.845646],[-78.49984,40.845104],[-78.502579,40.845482],[-78.50293,40.843262],[-78.504963,40.841607],[-78.508242,40.842607],[-78.510511,40.840557],[-78.510814,40.838933],[-78.51265,40.838911],[-78.513439,40.834791],[-78.516168,40.83285],[-78.516568,40.831686],[-78.519974,40.832207],[-78.523976,40.827306],[-78.52655,40.826141]]]}},{"type":"Feature","properties":{"zcta5":"16855","AFFGEOID10":"8600000US16855","GEOID10":"16855","ALAND10":6930242,"AWATER10":75748,"county_name":"Clearfield","state_code":"PA","county_state":"Clearfield County, PA","county_fips":"42033","risk_level_county":"Medium Risk (70–79% vaccinated)","mean_vaccination_rate_county":76.39,"risk_level_zcta":"Uninhabited","mean_vaccination_rate_zips":null,"cases":16},"geometry":{"type":"Polygon","coordinates":[[[-78.373459,41.007381],[-78.374428,41.007233],[-78.376038,41.004757],[-78.384212,41.003367],[-78.384666,41.000858],[-78.383576,40.999046],[-78.384028,40.998805],[-78.384997,40.998283],[-78.385731,40.997895],[-78.386985,40.999626],[-78.387588,41.001467],[-78.387308,41.003485],[-78.387385,41.005333],[-78.388044,41.00673],[-78.389124,41.007583],[-78.388315,41.007891],[-78.39056,41.009489],[-78.391905,41.009617],[-78.392821,41.012111],[-78.394876,41.013157],[-78.396518,41.013202],[-78.396117,41.012535],[-78.399395,41.008223],[-78.396471,41.007309],[-78.394238,41.00589],[-78.393868,41.003898],[-78.396037,41.002762],[-78.399673,41.003013],[-78.400534,41.002115],[-78.399406,41.000131],[-78.396553,40.997788],[-78.395403,40.994092],[-78.395359,40.991102],[-78.391098,40.989567],[-78.388489,40.98782],[-78.38427,40.986946],[-78.380905,40.987179],[-78.378281,40.986755],[-78.372719,40.985053],[-78.369274,40.984993],[-78.36982,40.985825],[-78.36776,40.985935],[-78.365822,40.987225],[-78.364662,40.986648],[-78.363342,40.988636],[-78.355748,40.988627],[-78.355723,40.993574],[-78.354287,40.993909],[-78.354528,40.994746],[-78.357746,40.995111],[-78.358086,40.995522],[-78.358932,40.996208],[-78.359695,40.996944],[-78.360054,40.997112],[-78.360573,40.997112],[-78.361176,40.996929],[-78.361603,40.997307],[-78.363853,40.99752],[-78.364182,40.998264],[-78.36114,40.998271],[-78.360916,40.999252],[-78.356087,40.999577],[-78.355583,41.002172],[-78.359246,41.002172],[-78.36248,41.009803],[-78.371002,41.007145],[-78.373459,41.007381]]]}},{"type":"Feature","properties":{"zcta5":"16861","AFFGEOID10":"8600000US16861","GEOID10":"16861","ALAND10":31401625,"AWATER10":74490,"county_name":"Clearfield","state_code":"PA","county_state":"Clearfield County, PA","county_fips":"42033","risk_level_county":"Medium Risk (70–79% vaccinated)","mean_vaccination_rate_county":76.39,"risk_level_zcta":"Medium Risk (70–79% vaccinated)","mean_vaccination_rate_zips":76.87,"cases":16},"geometry":{"type":"Polygon","coordinates":[[[-78.537465,40.903654],[-78.539369,40.902779],[-78.541946,40.903084],[-78.543159,40.904892],[-78.545624,40.9058],[-78.560776,40.906742],[-78.562195,40.903439],[-78.561829,40.899315],[-78.560242,40.898018],[-78.555885,40.898258],[-78.552094,40.896252],[-78.553644,40.895611],[-78.556399,40.896379],[-78.556598,40.893841],[-78.564155,40.88842],[-78.552177,40.877652],[-78.551301,40.876014],[-78.547084,40.872099],[-78.546173,40.870411],[-78.546913,40.86631],[-78.544693,40.862637],[-78.54348,40.861252],[-78.54382,40.857414],[-78.544762,40.856625],[-78.547211,40.852673],[-78.548645,40.84972],[-78.547852,40.847866],[-78.544449,40.846302],[-78.54248,40.844254],[-78.540257,40.841155],[-78.539954,40.840064],[-78.540741,40.838518],[-78.542564,40.836979],[-78.541458,40.834572],[-78.54039,40.833675],[-78.535912,40.827625],[-78.533791,40.826694],[-78.528603,40.825676],[-78.52655,40.826141],[-78.523976,40.827306],[-78.519974,40.832207],[-78.516568,40.831686],[-78.516168,40.83285],[-78.513439,40.834791],[-78.51265,40.838911],[-78.510814,40.838933],[-78.510511,40.840557],[-78.508242,40.842607],[-78.504963,40.841607],[-78.50293,40.843262],[-78.502579,40.845482],[-78.49984,40.845104],[-78.498215,40.845646],[-78.497665,40.848476],[-78.495857,40.84874],[-78.494026,40.846813],[-78.492279,40.84642],[-78.489777,40.846748],[-78.486565,40.846134],[-78.483734,40.846535],[-78.479651,40.845768],[-78.465205,40.855087],[-78.471077,40.856726],[-78.471396,40.857893],[-78.475379,40.860871],[-78.479343,40.862233],[-78.479542,40.86068],[-78.482876,40.860987],[-78.48457,40.862969],[-78.485008,40.864822],[-78.48616,40.864059],[-78.489914,40.866413],[-78.492584,40.867203],[-78.496529,40.866776],[-78.499107,40.869293],[-78.500763,40.869907],[-78.504395,40.870201],[-78.50795,40.871128],[-78.508987,40.872784],[-78.515121,40.876251],[-78.516602,40.877621],[-78.517242,40.879265],[-78.519516,40.881714],[-78.519157,40.882675],[-78.523636,40.884956],[-78.524399,40.886806],[-78.522575,40.889404],[-78.521233,40.889881],[-78.518372,40.892269],[-78.514557,40.894043],[-78.509995,40.895752],[-78.507774,40.896206],[-78.509407,40.900639],[-78.510719,40.902988],[-78.514091,40.902651],[-78.51396,40.901426],[-78.511894,40.899841],[-78.51366,40.897537],[-78.515235,40.896709],[-78.51754,40.896534],[-78.520727,40.897512],[-78.522602,40.897317],[-78.526347,40.895019],[-78.532037,40.894138],[-78.534653,40.894779],[-78.537081,40.894756],[-78.537465,40.903654]]]}},{"type":"Feature","properties":{"zcta5":"16836","AFFGEOID10":"8600000US16836","GEOID10":"16836","ALAND10":316048048,"AWATER10":1736886,"county_name":"Clearfield","state_code":"PA","county_state":"Clearfield County, PA","county_fips":"42033","risk_level_county":"Medium Risk (70–79% vaccinated)","mean_vaccination_rate_county":76.39,"risk_level_zcta":"Medium Risk (70–79% vaccinated)","mean_vaccination_rate_zips":74.62,"cases":16},"geometry":{"type":"Polygon","coordinates":[[[-78.414968,41.240151],[-78.4152,41.190026],[-78.411062,41.189511],[-78.409271,41.187878],[-78.407266,41.188782],[-78.407254,41.186349],[-78.406581,41.184068],[-78.408071,41.181886],[-78.406933,41.178855],[-78.408043,41.177478],[-78.407614,41.1749],[-78.408584,41.171857],[-78.407046,41.169947],[-78.404972,41.169564],[-78.396452,41.171311],[-78.392946,41.170915],[-78.387666,41.168925],[-78.383969,41.168287],[-78.381601,41.168378],[-78.379138,41.167463],[-78.378486,41.164708],[-78.378864,41.162473],[-78.377987,41.161035],[-78.376259,41.161926],[-78.371544,41.162472],[-78.368904,41.163662],[-78.365868,41.163944],[-78.363327,41.163208],[-78.360092,41.163288],[-78.356972,41.162079],[-78.35215,41.16246],[-78.351311,41.160017],[-78.348583,41.157684],[-78.346271,41.156427],[-78.343733,41.153732],[-78.342432,41.153776],[-78.34347,41.151164],[-78.345251,41.14958],[-78.345686,41.145541],[-78.346305,41.144601],[-78.34553,41.141149],[-78.343439,41.138192],[-78.345186,41.137428],[-78.346186,41.134536],[-78.344579,41.134478],[-78.345413,41.133326],[-78.344829,41.132199],[-78.347278,41.128182],[-78.350851,41.124995],[-78.352709,41.122675],[-78.350387,41.119847],[-78.351056,41.119135],[-78.349654,41.117971],[-78.348933,41.11417],[-78.347336,41.111855],[-78.349335,41.109638],[-78.349205,41.111565],[-78.352066,41.116188],[-78.357597,41.116508],[-78.360943,41.118613],[-78.366047,41.117525],[-78.367828,41.118283],[-78.370996,41.116185],[-78.370478,41.114019],[-78.368386,41.111901],[-78.370251,41.108137],[-78.371339,41.107564],[-78.371094,41.104066],[-78.372423,41.102007],[-78.371727,41.101322],[-78.367736,41.100249],[-78.364469,41.097071],[-78.364497,41.09371],[-78.363106,41.092407],[-78.360415,41.091013],[-78.35873,41.086429],[-78.356781,41.085839],[-78.3515,41.08607],[-78.351559,41.087368],[-78.345719,41.088289],[-78.342478,41.089165],[-78.342384,41.08989],[-78.339134,41.089828],[-78.333402,41.088825],[-78.332638,41.091478],[-78.328763,41.093341],[-78.328144,41.092039],[-78.32581,41.091013],[-78.324359,41.088888],[-78.324416,41.087624],[-78.321751,41.088577],[-78.320856,41.086926],[-78.321894,41.082601],[-78.323897,41.081039],[-78.324111,41.079813],[-78.323166,41.079242],[-78.317705,41.079831],[-78.315382,41.078823],[-78.313748,41.076866],[-78.313861,41.076087],[-78.31749,41.074974],[-78.319214,41.071411],[-78.31926,41.067764],[-78.317337,41.065266],[-78.314262,41.065304],[-78.307121,41.073925],[-78.304619,41.075974],[-78.302795,41.076656],[-78.303951,41.075824],[-78.30423,41.073624],[-78.302852,41.070183],[-78.299408,41.071291],[-78.294677,41.072131],[-78.286954,41.072352],[-78.283684,41.071999],[-78.280246,41.07081],[-78.28084,41.070278],[-78.278988,41.069127],[-78.27418,41.062282],[-78.270899,41.060068],[-78.267853,41.059419],[-78.265594,41.058487],[-78.261691,41.05523],[-78.259616,41.050836],[-78.257169,41.048956],[-78.255277,41.048429],[-78.251803,41.048817],[-78.24892,41.051425],[-78.248911,41.052843],[-78.250334,41.054493],[-78.252198,41.055612],[-78.254084,41.058038],[-78.254078,41.059555],[-78.252919,41.060421],[-78.249807,41.061488],[-78.246986,41.061295],[-78.241699,41.059552],[-78.237555,41.060353],[-78.236276,41.061053],[-78.235496,41.06249],[-78.235662,41.063992],[-78.238213,41.065404],[-78.244795,41.065532],[-78.24662,41.0664],[-78.247016,41.067756],[-78.245777,41.068813],[-78.23875,41.070199],[-78.236719,41.072318],[-78.236938,41.075728],[-78.235596,41.078059],[-78.234841,41.078383],[-78.233564,41.078386],[-78.227462,41.076276],[-78.224882,41.072341],[-78.225077,41.068419],[-78.22459,41.065245],[-78.222557,41.063335],[-78.212866,41.060503],[-78.210273,41.061066],[-78.207216,41.063158],[-78.204235,41.0636],[-78.200464,41.061714],[-78.197125,41.061565],[-78.19195,41.062637],[-78.187685,41.062437],[-78.180864,41.060013],[-78.176295,41.057947],[-78.173386,41.056192],[-78.170086,41.056789],[-78.164418,41.060318],[-78.161458,41.060385],[-78.158486,41.058396],[-78.155625,41.055669],[-78.15282,41.055205],[-78.147327,41.057597],[-78.144857,41.05875],[-78.137935,41.059917],[-78.134157,41.062401],[-78.133203,41.065129],[-78.128337,41.068829],[-78.126792,41.069489],[-78.120177,41.069418],[-78.117573,41.070501],[-78.116224,41.07282],[-78.116706,41.074834],[-78.11874,41.077014],[-78.122003,41.078629],[-78.124555,41.080427],[-78.126717,41.082684],[-78.127024,41.084049],[-78.125111,41.088902],[-78.125437,41.094032],[-78.124865,41.095792],[-78.123437,41.097517],[-78.11979,41.099478],[-78.117944,41.099512],[-78.114386,41.098074],[-78.112127,41.095036],[-78.109684,41.0931],[-78.109339,41.091155],[-78.111833,41.0883],[-78.113441,41.085807],[-78.11367,41.084146],[-78.112867,41.081886],[-78.108652,41.080119],[-78.102746,41.078537],[-78.100586,41.076789],[-78.098776,41.07381],[-78.096621,41.073383],[-78.093923,41.075873],[-78.092842,41.078726],[-78.093385,41.080227],[-78.098397,41.086021],[-78.104583,41.09877],[-78.107113,41.10338],[-78.107836,41.105383],[-78.111874,41.110971],[-78.112239,41.114217],[-78.111203,41.115418],[-78.115351,41.115793],[-78.115351,41.112195],[-78.126885,41.112204],[-78.126419,41.110142],[-78.128215,41.110304],[-78.13262,41.109678],[-78.132761,41.113999],[-78.140062,41.114131],[-78.141063,41.113256],[-78.144631,41.112548],[-78.147858,41.114272],[-78.152248,41.114975],[-78.154811,41.114795],[-78.15455,41.120332],[-78.150459,41.121728],[-78.14727,41.123236],[-78.144557,41.123896],[-78.141224,41.125686],[-78.145203,41.125581],[-78.147513,41.125059],[-78.151487,41.123367],[-78.15443,41.122738],[-78.153815,41.135637],[-78.156408,41.137028],[-78.161094,41.140928],[-78.170183,41.147696],[-78.172767,41.149823],[-78.175669,41.150548],[-78.177578,41.151928],[-78.178752,41.153684],[-78.183439,41.15597],[-78.186458,41.158167],[-78.189465,41.162367],[-78.189206,41.163151],[-78.199556,41.179485],[-78.203912,41.18156],[-78.211259,41.18667],[-78.227302,41.189018],[-78.234992,41.190965],[-78.236621,41.190872],[-78.236831,41.230187],[-78.236817,41.230475],[-78.414968,41.240151]]]}},{"type":"Feature","properties":{"zcta5":"16639","AFFGEOID10":"8600000US16639","GEOID10":"16639","ALAND10":93562160,"AWATER10":83624,"county_name":"Clearfield","state_code":"PA","county_state":"Clearfield County, PA","county_fips":"42033","risk_level_county":"Medium Risk (70–79% vaccinated)","mean_vaccination_rate_county":76.39,"risk_level_zcta":"Medium Risk (70–79% vaccinated)","mean_vaccination_rate_zips":75.49,"cases":16},"geometry":{"type":"Polygon","coordinates":[[[-78.52851,40.654775],[-78.527067,40.654938],[-78.523718,40.656449],[-78.521522,40.656069],[-78.516135,40.654287],[-78.511447,40.653264],[-78.513047,40.650147],[-78.516701,40.645622],[-78.519122,40.644125],[-78.52347,40.642145],[-78.526763,40.642677],[-78.528072,40.642143],[-78.528211,40.640618],[-78.52656,40.63887],[-78.535952,40.638809],[-78.53742,40.637367],[-78.536477,40.636358],[-78.537405,40.635252],[-78.5364,40.630624],[-78.538368,40.628634],[-78.538682,40.626774],[-78.540892,40.624628],[-78.538989,40.621969],[-78.539015,40.61975],[-78.5366,40.617845],[-78.534339,40.616899],[-78.531717,40.614097],[-78.529122,40.612927],[-78.52687,40.613294],[-78.522965,40.615573],[-78.519165,40.616921],[-78.513873,40.616784],[-78.508476,40.61775],[-78.507083,40.619783],[-78.504201,40.620773],[-78.504329,40.622133],[-78.50321,40.622897],[-78.503746,40.625321],[-78.502535,40.6267],[-78.50116,40.626852],[-78.502095,40.628821],[-78.501974,40.630735],[-78.502762,40.631427],[-78.500923,40.632431],[-78.497935,40.632734],[-78.495635,40.632366],[-78.495224,40.633548],[-78.495541,40.636624],[-78.496507,40.638915],[-78.491944,40.638842],[-78.491189,40.642798],[-78.488777,40.646511],[-78.487919,40.648932],[-78.488082,40.65218],[-78.48973,40.653957],[-78.495245,40.656049],[-78.496116,40.659056],[-78.493298,40.66721],[-78.492739,40.671946],[-78.488504,40.670152],[-78.484423,40.669158],[-78.481153,40.669838],[-78.476015,40.673174],[-78.471402,40.674644],[-78.467923,40.676797],[-78.466682,40.678713],[-78.463825,40.679331],[-78.462245,40.678962],[-78.458055,40.679885],[-78.454319,40.679138],[-78.450475,40.67969],[-78.448642,40.679529],[-78.445407,40.680764],[-78.44443,40.681995],[-78.441343,40.684057],[-78.43904,40.6845],[-78.432191,40.680465],[-78.428892,40.679975],[-78.42851,40.679219],[-78.425693,40.679881],[-78.424968,40.680908],[-78.421984,40.682439],[-78.421363,40.68381],[-78.414809,40.686409],[-78.411537,40.686993],[-78.412926,40.690001],[-78.412027,40.690644],[-78.410136,40.690629],[-78.40919,40.689261],[-78.40919,40.687472],[-78.408216,40.687967],[-78.40377,40.684163],[-78.406565,40.682906],[-78.406093,40.681479],[-78.404209,40.681503],[-78.403116,40.680484],[-78.3952,40.680954],[-78.389479,40.684136],[-78.386173,40.682422],[-78.381743,40.679209],[-78.348389,40.72343],[-78.35043,40.724827],[-78.36694,40.724764],[-78.383824,40.725118],[-78.383407,40.727164],[-78.386443,40.731702],[-78.38885,40.732375],[-78.392715,40.734099],[-78.397137,40.735343],[-78.39839,40.736145],[-78.397894,40.738009],[-78.396383,40.739815],[-78.396172,40.743042],[-78.394554,40.745804],[-78.395531,40.746902],[-78.398674,40.748306],[-78.399727,40.750561],[-78.401375,40.751984],[-78.402534,40.750938],[-78.40813,40.750159],[-78.416302,40.751026],[-78.418978,40.75199],[-78.422904,40.754764],[-78.423883,40.75705],[-78.425594,40.756235],[-78.423877,40.752696],[-78.425117,40.751366],[-78.423481,40.750075],[-78.424503,40.747811],[-78.423907,40.746372],[-78.427905,40.744698],[-78.431514,40.743878],[-78.429186,40.742238],[-78.430716,40.741276],[-78.435613,40.740541],[-78.439283,40.741817],[-78.441534,40.743354],[-78.441374,40.744071],[-78.443419,40.744584],[-78.445666,40.74635],[-78.44591,40.745634],[-78.449176,40.747836],[-78.447428,40.750126],[-78.446552,40.749499],[-78.446938,40.752851],[-78.446106,40.754513],[-78.448257,40.752201],[-78.448341,40.749435],[-78.449219,40.748421],[-78.449661,40.745495],[-78.451324,40.743187],[-78.452972,40.742046],[-78.451347,40.74118],[-78.449394,40.738483],[-78.44931,40.731285],[-78.447784,40.730694],[-78.447884,40.729023],[-78.452377,40.728653],[-78.451762,40.725644],[-78.467487,40.72575],[-78.467889,40.724956],[-78.467217,40.722972],[-78.464556,40.721492],[-78.460455,40.718308],[-78.459993,40.714342],[-78.458592,40.712888],[-78.459714,40.709413],[-78.469625,40.709069],[-78.471439,40.709388],[-78.476043,40.709358],[-78.477355,40.710089],[-78.483048,40.711283],[-78.485418,40.712291],[-78.488718,40.714419],[-78.491963,40.713033],[-78.495197,40.712176],[-78.500099,40.711295],[-78.506544,40.711893],[-78.515332,40.713545],[-78.517827,40.715597],[-78.517089,40.714119],[-78.519175,40.713226],[-78.5111,40.707293],[-78.509428,40.702463],[-78.510434,40.699831],[-78.511304,40.699719],[-78.510079,40.703257],[-78.511865,40.706822],[-78.520216,40.71254],[-78.52154,40.713801],[-78.523363,40.716715],[-78.52475,40.716329],[-78.527383,40.718128],[-78.531901,40.71689],[-78.533651,40.714104],[-78.534017,40.712201],[-78.532646,40.711029],[-78.533311,40.709424],[-78.532252,40.708209],[-78.533468,40.707522],[-78.532098,40.702787],[-78.532882,40.701497],[-78.535072,40.70022],[-78.531788,40.697317],[-78.531457,40.695547],[-78.527306,40.689566],[-78.523733,40.685723],[-78.524524,40.683642],[-78.523801,40.681551],[-78.52489,40.676875],[-78.523816,40.675094],[-78.523317,40.671811],[-78.522604,40.670626],[-78.522157,40.665944],[-78.524001,40.664424],[-78.52384,40.661176],[-78.52467,40.658431],[-78.528334,40.655869],[-78.52851,40.654775]]]}},{"type":"Feature","properties":{"zcta5":"16838","AFFGEOID10":"8600000US16838","GEOID10":"16838","ALAND10":105879321,"AWATER10":371903,"county_name":"Clearfield","state_code":"PA","county_state":"Clearfield County, PA","county_fips":"42033","risk_level_county":"Medium Risk (70–79% vaccinated)","mean_vaccination_rate_county":76.39,"risk_level_zcta":"Medium Risk (70–79% vaccinated)","mean_vaccination_rate_zips":73.74,"cases":16},"geometry":{"type":"Polygon","coordinates":[[[-78.70753,40.993231],[-78.708085,40.948032],[-78.655755,40.948612],[-78.655835,40.952444],[-78.652681,40.952469],[-78.652662,40.950375],[-78.648175,40.95041],[-78.648031,40.939921],[-78.646588,40.939853],[-78.645432,40.937485],[-78.646591,40.932976],[-78.647781,40.931263],[-78.652251,40.934089],[-78.64763,40.930356],[-78.646538,40.930691],[-78.640205,40.937309],[-78.640484,40.939554],[-78.62546,40.938794],[-78.6244,40.937853],[-78.627922,40.937141],[-78.627563,40.935242],[-78.632454,40.931778],[-78.633186,40.930641],[-78.632217,40.928551],[-78.633278,40.925941],[-78.633469,40.92392],[-78.63237,40.922325],[-78.632774,40.919868],[-78.631752,40.916992],[-78.630478,40.91848],[-78.631065,40.921032],[-78.63015,40.92305],[-78.625885,40.924496],[-78.62384,40.92448],[-78.621538,40.938596],[-78.617416,40.941189],[-78.614807,40.94091],[-78.612757,40.941792],[-78.615284,40.943734],[-78.613804,40.946004],[-78.610222,40.944252],[-78.606499,40.946705],[-78.605884,40.948373],[-78.606827,40.949806],[-78.609627,40.951714],[-78.608437,40.954283],[-78.609062,40.957417],[-78.606155,40.959637],[-78.607549,40.960536],[-78.603392,40.96417],[-78.605736,40.965172],[-78.603424,40.966434],[-78.601089,40.967003],[-78.592293,40.965565],[-78.586625,40.967294],[-78.584772,40.966895],[-78.580185,40.967609],[-78.580165,40.979863],[-78.572205,40.979869],[-78.570617,40.979099],[-78.568384,40.981177],[-78.566946,40.980891],[-78.561696,40.983303],[-78.55899,40.981354],[-78.555928,40.9798],[-78.55584,40.978615],[-78.552994,40.976379],[-78.550438,40.977749],[-78.549408,40.977478],[-78.550528,40.979386],[-78.556563,40.981983],[-78.560587,40.986477],[-78.565227,40.989343],[-78.568071,40.992061],[-78.569699,40.992799],[-78.57426,40.992385],[-78.575821,40.99317],[-78.578718,40.996369],[-78.581585,41.001362],[-78.583876,41.003399],[-78.589629,41.005944],[-78.589668,41.009822],[-78.585767,41.013569],[-78.586149,41.015397],[-78.589261,41.017409],[-78.591396,41.017362],[-78.59405,41.016398],[-78.593167,41.052611],[-78.603092,41.052652],[-78.607096,41.052931],[-78.607133,41.054312],[-78.611279,41.053976],[-78.619654,41.057419],[-78.635596,41.057493],[-78.634614,41.054303],[-78.630407,41.05175],[-78.629585,41.049473],[-78.632613,41.049662],[-78.635489,41.050545],[-78.636545,41.051469],[-78.6378,41.050949],[-78.642099,41.052537],[-78.643062,41.054627],[-78.645932,41.056111],[-78.651113,41.054698],[-78.654061,41.054378],[-78.656279,41.053513],[-78.658683,41.050981],[-78.657632,41.048691],[-78.659158,41.045083],[-78.659011,41.043397],[-78.660365,41.042402],[-78.659589,41.040351],[-78.661125,41.039158],[-78.6604,41.037782],[-78.66061,41.035505],[-78.659766,41.034117],[-78.660492,41.031824],[-78.662935,41.030119],[-78.669585,41.028179],[-78.671269,41.026293],[-78.673675,41.025953],[-78.676509,41.026946],[-78.677209,41.026186],[-78.680388,41.027411],[-78.68177,41.026651],[-78.683709,41.026815],[-78.683937,41.007626],[-78.685997,41.008076],[-78.686066,41.013142],[-78.686424,41.015125],[-78.687874,41.016647],[-78.691528,41.016548],[-78.69619,41.015285],[-78.699071,41.015064],[-78.699323,41.007784],[-78.696074,41.004585],[-78.690477,41.004551],[-78.687767,41.002247],[-78.689545,41.000238],[-78.707441,41.000338],[-78.70753,40.993231]]]}},{"type":"Feature","properties":{"zcta5":"16858","AFFGEOID10":"8600000US16858","GEOID10":"16858","ALAND10":139080705,"AWATER10":899876,"county_name":"Clearfield","state_code":"PA","county_state":"Clearfield County, PA","county_fips":"42033","risk_level_county":"Medium Risk (70–79% vaccinated)","mean_vaccination_rate_county":76.39,"risk_level_zcta":"Lower Risk (80–84% vaccinated)","mean_vaccination_rate_zips":81.31,"cases":16},"geometry":{"type":"Polygon","coordinates":[[[-78.259616,41.050836],[-78.259152,41.035547],[-78.254502,41.035079],[-78.252687,41.032118],[-78.253377,41.029538],[-78.252215,41.026658],[-78.251251,41.026199],[-78.249668,41.023208],[-78.247424,41.021969],[-78.251039,41.018964],[-78.250751,41.01632],[-78.25253,41.014865],[-78.25629,41.01397],[-78.258413,41.010431],[-78.26108,41.010054],[-78.264195,41.008897],[-78.265736,41.009182],[-78.268153,41.012363],[-78.268939,40.983564],[-78.28281,40.9836],[-78.282822,40.980656],[-78.286285,40.980862],[-78.294946,40.983008],[-78.295464,40.981931],[-78.28311,40.971117],[-78.28334,40.95993],[-78.282882,40.957243],[-78.278539,40.956591],[-78.27145,40.956395],[-78.268596,40.953021],[-78.265126,40.951934],[-78.258349,40.943498],[-78.254109,40.939073],[-78.235751,40.926501],[-78.232895,40.928837],[-78.231468,40.928829],[-78.229851,40.929913],[-78.22892,40.931904],[-78.229187,40.933136],[-78.228195,40.9352],[-78.225327,40.935162],[-78.223068,40.936485],[-78.223198,40.938023],[-78.222947,40.938143],[-78.222786,40.93821],[-78.222588,40.938309],[-78.218592,40.937441],[-78.218048,40.935851],[-78.215417,40.935177],[-78.213651,40.933042],[-78.208476,40.931055],[-78.207355,40.928058],[-78.204363,40.930481],[-78.201461,40.931692],[-78.202022,40.933037],[-78.204958,40.932446],[-78.206486,40.937214],[-78.204132,40.938351],[-78.202652,40.937481],[-78.199898,40.932861],[-78.198586,40.934971],[-78.193909,40.938446],[-78.192627,40.940506],[-78.192368,40.942642],[-78.189865,40.945126],[-78.187715,40.94635],[-78.193325,40.95086],[-78.20252,40.95872],[-78.203431,40.95914],[-78.202137,40.961736],[-78.212502,40.960478],[-78.220308,40.970464],[-78.21843,40.971062],[-78.216873,40.970463],[-78.212296,40.970505],[-78.20877,40.969645],[-78.207923,40.97147],[-78.201769,40.968438],[-78.196433,40.965061],[-78.192874,40.96597],[-78.190297,40.965374],[-78.187392,40.962537],[-78.187473,40.967409],[-78.182446,40.967466],[-78.182446,40.960736],[-78.179758,40.959769],[-78.179789,40.964286],[-78.178821,40.969161],[-78.176406,40.973011],[-78.175041,40.973499],[-78.171017,40.973559],[-78.170937,40.959293],[-78.168182,40.962009],[-78.168159,40.963486],[-78.165611,40.962673],[-78.160194,40.96199],[-78.156013,40.962017],[-78.154083,40.964653],[-78.15432,40.965775],[-78.151329,40.966057],[-78.151317,40.969667],[-78.156903,40.969667],[-78.156903,40.973336],[-78.153655,40.975936],[-78.154999,40.977711],[-78.163445,40.980782],[-78.168213,40.980373],[-78.170921,40.979244],[-78.175791,40.982395],[-78.176186,40.986225],[-78.176381,40.995028],[-78.172019,40.995045],[-78.171963,41.006003],[-78.169804,41.007491],[-78.167766,41.007036],[-78.166328,41.009171],[-78.166122,41.011143],[-78.163895,41.01202],[-78.163204,41.013013],[-78.159518,41.010209],[-78.155441,41.005675],[-78.152396,41.004177],[-78.151242,41.002137],[-78.153369,41.000246],[-78.154556,40.996529],[-78.158707,40.993275],[-78.163574,40.993057],[-78.160858,40.991226],[-78.165733,40.990456],[-78.171349,40.986549],[-78.159599,40.987255],[-78.158569,40.986134],[-78.155014,40.980652],[-78.152138,40.977924],[-78.150391,40.976906],[-78.147865,40.974625],[-78.146698,40.978046],[-78.144302,40.979584],[-78.143036,40.982128],[-78.141373,40.985989],[-78.138168,40.984756],[-78.135658,40.983215],[-78.13308,40.980259],[-78.128151,40.979141],[-78.125572,40.977497],[-78.118403,40.971585],[-78.112175,40.965744],[-78.109978,40.964214],[-78.106224,40.962868],[-78.104538,40.962624],[-78.100212,40.962837],[-78.098366,40.963322],[-78.092033,40.966103],[-78.084503,40.968256],[-78.08662,40.969986],[-78.087964,40.970351],[-78.090862,40.970137],[-78.093563,40.970629],[-78.094777,40.971875],[-78.096473,40.972452],[-78.095263,40.973831],[-78.093588,40.973761],[-78.091709,40.972712],[-78.088674,40.976085],[-78.090989,40.980417],[-78.089561,40.981228],[-78.085282,40.980501],[-78.083678,40.981662],[-78.081975,40.984647],[-78.082265,40.986343],[-78.084906,40.991518],[-78.086854,40.99355],[-78.085688,40.994557],[-78.083802,40.994458],[-78.081169,40.99332],[-78.079216,40.995045],[-78.0811,40.997868],[-78.083076,40.998615],[-78.086769,40.996853],[-78.092827,40.997986],[-78.096482,41.00132],[-78.099264,41.002486],[-78.097629,41.000078],[-78.101371,40.998345],[-78.103492,40.996557],[-78.106879,40.996053],[-78.109211,40.994052],[-78.110583,40.993933],[-78.113323,40.99471],[-78.114815,40.997444],[-78.117356,40.997288],[-78.118033,41.003406],[-78.121167,41.005363],[-78.122697,41.005378],[-78.128785,41.003694],[-78.130314,41.004791],[-78.13035,41.006705],[-78.122589,41.007248],[-78.122452,41.008656],[-78.122307,41.014748],[-78.128014,41.011322],[-78.129738,41.009598],[-78.130264,41.00753],[-78.135323,41.007568],[-78.135419,41.023729],[-78.136575,41.024465],[-78.137291,41.027547],[-78.141144,41.026947],[-78.146976,41.029057],[-78.147327,41.057597],[-78.15282,41.055205],[-78.155625,41.055669],[-78.158486,41.058396],[-78.161458,41.060385],[-78.164418,41.060318],[-78.170086,41.056789],[-78.173386,41.056192],[-78.176295,41.057947],[-78.180864,41.060013],[-78.187685,41.062437],[-78.19195,41.062637],[-78.197125,41.061565],[-78.200464,41.061714],[-78.204235,41.0636],[-78.207216,41.063158],[-78.210273,41.061066],[-78.212866,41.060503],[-78.222557,41.063335],[-78.22459,41.065245],[-78.225077,41.068419],[-78.224882,41.072341],[-78.227462,41.076276],[-78.233564,41.078386],[-78.234841,41.078383],[-78.235596,41.078059],[-78.236938,41.075728],[-78.236719,41.072318],[-78.23875,41.070199],[-78.245777,41.068813],[-78.247016,41.067756],[-78.24662,41.0664],[-78.244795,41.065532],[-78.238213,41.065404],[-78.235662,41.063992],[-78.235496,41.06249],[-78.236276,41.061053],[-78.237555,41.060353],[-78.241699,41.059552],[-78.246986,41.061295],[-78.249807,41.061488],[-78.252919,41.060421],[-78.254078,41.059555],[-78.254084,41.058038],[-78.252198,41.055612],[-78.250334,41.054493],[-78.248911,41.052843],[-78.24892,41.051425],[-78.251803,41.048817],[-78.255277,41.048429],[-78.257169,41.048956],[-78.259616,41.050836]]]}},{"type":"Feature","properties":{"zcta5":"16849","AFFGEOID10":"8600000US16849","GEOID10":"16849","ALAND10":10659108,"AWATER10":11973,"county_name":"Clearfield","state_code":"PA","county_state":"Clearfield County, PA","county_fips":"42033","risk_level_county":"Medium Risk (70–79% vaccinated)","mean_vaccination_rate_county":76.39,"risk_level_zcta":"Uninhabited","mean_vaccination_rate_zips":null,"cases":16},"geometry":{"type":"Polygon","coordinates":[[[-78.084503,40.968256],[-78.092033,40.966103],[-78.098366,40.963322],[-78.100212,40.962837],[-78.104538,40.962624],[-78.106224,40.962868],[-78.109978,40.964214],[-78.112175,40.965744],[-78.118403,40.971585],[-78.125572,40.977497],[-78.128151,40.979141],[-78.13308,40.980259],[-78.135658,40.983215],[-78.138168,40.984756],[-78.141373,40.985989],[-78.143036,40.982128],[-78.137981,40.980519],[-78.137918,40.969767],[-78.135689,40.970737],[-78.135649,40.966677],[-78.133406,40.96685],[-78.132283,40.965999],[-78.130543,40.962942],[-78.130575,40.961524],[-78.133292,40.958849],[-78.136431,40.956999],[-78.136691,40.955495],[-78.135797,40.953806],[-78.131258,40.952277],[-78.130835,40.951291],[-78.131616,40.949541],[-78.133828,40.948431],[-78.133636,40.946195],[-78.131465,40.945538],[-78.128385,40.945887],[-78.127259,40.945499],[-78.122237,40.947021],[-78.121076,40.946379],[-78.122978,40.943801],[-78.122957,40.94309],[-78.120844,40.941747],[-78.116608,40.94268],[-78.11155,40.944881],[-78.110246,40.947377],[-78.109828,40.949933],[-78.107594,40.950648],[-78.104759,40.949238],[-78.099263,40.951589],[-78.0949,40.950436],[-78.093031,40.951328],[-78.09211,40.952987],[-78.089568,40.954458],[-78.081525,40.954836],[-78.078105,40.956447],[-78.07774,40.958824],[-78.078504,40.960451],[-78.081192,40.96384],[-78.083168,40.965527],[-78.084503,40.968256]]]}},{"type":"Feature","properties":{"zcta5":"16680","AFFGEOID10":"8600000US16680","GEOID10":"16680","ALAND10":17494148,"AWATER10":58375,"county_name":"Clearfield","state_code":"PA","county_state":"Clearfield County, PA","county_fips":"42033","risk_level_county":"Medium Risk (70–79% vaccinated)","mean_vaccination_rate_county":76.39,"risk_level_zcta":"Medium Risk (70–79% vaccinated)","mean_vaccination_rate_zips":71.16,"cases":16},"geometry":{"type":"Polygon","coordinates":[[[-78.446106,40.754513],[-78.446938,40.752851],[-78.446552,40.749499],[-78.447428,40.750126],[-78.449176,40.747836],[-78.44591,40.745634],[-78.445666,40.74635],[-78.443419,40.744584],[-78.441374,40.744071],[-78.441534,40.743354],[-78.439283,40.741817],[-78.435613,40.740541],[-78.430716,40.741276],[-78.429186,40.742238],[-78.431514,40.743878],[-78.427905,40.744698],[-78.423907,40.746372],[-78.424503,40.747811],[-78.423481,40.750075],[-78.425117,40.751366],[-78.423877,40.752696],[-78.425594,40.756235],[-78.423883,40.75705],[-78.422904,40.754764],[-78.418978,40.75199],[-78.416302,40.751026],[-78.40813,40.750159],[-78.402534,40.750938],[-78.401375,40.751984],[-78.399727,40.750561],[-78.398674,40.748306],[-78.395531,40.746902],[-78.394554,40.745804],[-78.396172,40.743042],[-78.396383,40.739815],[-78.397894,40.738009],[-78.39839,40.736145],[-78.397137,40.735343],[-78.392715,40.734099],[-78.38885,40.732375],[-78.386443,40.731702],[-78.383407,40.727164],[-78.383824,40.725118],[-78.36694,40.724764],[-78.35043,40.724827],[-78.351201,40.725353],[-78.359912,40.732592],[-78.361657,40.732648],[-78.3621,40.73446],[-78.365493,40.737188],[-78.373127,40.748385],[-78.373581,40.750118],[-78.376105,40.751199],[-78.376809,40.752259],[-78.376518,40.754417],[-78.374033,40.756652],[-78.378563,40.758383],[-78.381183,40.760788],[-78.383217,40.760148],[-78.386888,40.758166],[-78.390246,40.761621],[-78.395096,40.758556],[-78.39719,40.759534],[-78.400967,40.758295],[-78.413275,40.770569],[-78.410294,40.77388],[-78.409805,40.775806],[-78.41024,40.78087],[-78.410568,40.784799],[-78.412111,40.785868],[-78.413655,40.784787],[-78.423638,40.784639],[-78.424241,40.784138],[-78.425128,40.780462],[-78.426295,40.780154],[-78.426481,40.778362],[-78.425278,40.776473],[-78.423884,40.776203],[-78.422004,40.774628],[-78.421188,40.77178],[-78.42288,40.770838],[-78.425881,40.765938],[-78.426343,40.763832],[-78.425755,40.761828],[-78.424665,40.760775],[-78.428146,40.760845],[-78.430145,40.760044],[-78.436707,40.759468],[-78.439743,40.757545],[-78.442924,40.756573],[-78.446106,40.754513]]]}},{"type":"Feature","properties":{"zcta5":"16646","AFFGEOID10":"8600000US16646","GEOID10":"16646","ALAND10":49542591,"AWATER10":252,"county_name":"Clearfield","state_code":"PA","county_state":"Clearfield County, PA","county_fips":"42033","risk_level_county":"Medium Risk (70–79% vaccinated)","mean_vaccination_rate_county":76.39,"risk_level_zcta":"Lower Risk (80–84% vaccinated)","mean_vaccination_rate_zips":81.11,"cases":16},"geometry":{"type":"Polygon","coordinates":[[[-78.74663,40.693597],[-78.741232,40.683577],[-78.756532,40.673797],[-78.756341,40.67257],[-78.748077,40.672862],[-78.74439,40.670929],[-78.741538,40.670314],[-78.74076,40.666969],[-78.739493,40.664869],[-78.737715,40.663289],[-78.7317,40.662981],[-78.730136,40.662364],[-78.730167,40.657938],[-78.730565,40.656641],[-78.731108,40.655829],[-78.73214,40.654927],[-78.737068,40.651653],[-78.737948,40.647186],[-78.742483,40.642486],[-78.745338,40.64186],[-78.748647,40.640145],[-78.751402,40.639522],[-78.750678,40.638257],[-78.750175,40.63786],[-78.748877,40.637145],[-78.748331,40.636349],[-78.747626,40.636355],[-78.68964,40.637216],[-78.688164,40.638267],[-78.684892,40.63866],[-78.680166,40.643183],[-78.679306,40.644272],[-78.678632,40.646148],[-78.680361,40.648763],[-78.679917,40.65404],[-78.679177,40.655749],[-78.679726,40.657853],[-78.681778,40.661362],[-78.681632,40.669115],[-78.681122,40.670657],[-78.67808,40.674079],[-78.67521,40.679278],[-78.675793,40.681148],[-78.679022,40.684983],[-78.685171,40.689891],[-78.689145,40.692639],[-78.689604,40.693282],[-78.689633,40.696145],[-78.691078,40.697425],[-78.6907,40.700521],[-78.690659,40.704855],[-78.693221,40.70523],[-78.694627,40.706958],[-78.694218,40.708146],[-78.693058,40.708299],[-78.689448,40.710676],[-78.688768,40.714692],[-78.690121,40.715417],[-78.691196,40.718129],[-78.688747,40.722385],[-78.690711,40.723187],[-78.691282,40.724205],[-78.727026,40.724445],[-78.724152,40.728252],[-78.728184,40.728905],[-78.728283,40.729445],[-78.741471,40.725518],[-78.742278,40.724473],[-78.743131,40.721388],[-78.745588,40.720477],[-78.748008,40.720329],[-78.74828,40.703803],[-78.747749,40.700517],[-78.748514,40.699759],[-78.751521,40.699192],[-78.751119,40.696937],[-78.74952,40.696292],[-78.74663,40.693597]]]}},{"type":"Feature","properties":{"zcta5":"16860","AFFGEOID10":"8600000US16860","GEOID10":"16860","ALAND10":14765970,"AWATER10":36702,"county_name":"Clearfield","state_code":"PA","county_state":"Clearfield County, PA","county_fips":"42033","risk_level_county":"Medium Risk (70–79% vaccinated)","mean_vaccination_rate_county":76.39,"risk_level_zcta":"Medium Risk (70–79% vaccinated)","mean_vaccination_rate_zips":72.51,"cases":16},"geometry":{"type":"Polygon","coordinates":[[[-78.199898,40.932861],[-78.200663,40.932026],[-78.199591,40.93057],[-78.196845,40.926721],[-78.195578,40.925562],[-78.192319,40.921715],[-78.192382,40.920568],[-78.191247,40.918825],[-78.190435,40.918672],[-78.18571,40.920789],[-78.185691,40.921582],[-78.183548,40.92169],[-78.183521,40.922532],[-78.181494,40.922324],[-78.179816,40.923793],[-78.178122,40.926817],[-78.17784,40.928161],[-78.179089,40.927845],[-78.177202,40.930209],[-78.175005,40.931966],[-78.171547,40.932488],[-78.172285,40.935204],[-78.171346,40.936713],[-78.168529,40.936204],[-78.166461,40.936686],[-78.164749,40.938555],[-78.163068,40.939601],[-78.164555,40.940943],[-78.162742,40.941905],[-78.161461,40.942081],[-78.158133,40.9413],[-78.155639,40.941645],[-78.150066,40.940308],[-78.144999,40.938339],[-78.143884,40.939696],[-78.143992,40.941365],[-78.145627,40.944103],[-78.145256,40.946486],[-78.143592,40.945415],[-78.138808,40.947068],[-78.136497,40.944681],[-78.132271,40.945129],[-78.128113,40.944693],[-78.12472,40.944879],[-78.12493,40.942631],[-78.122957,40.94309],[-78.122978,40.943801],[-78.121076,40.946379],[-78.122237,40.947021],[-78.127259,40.945499],[-78.128385,40.945887],[-78.131465,40.945538],[-78.133636,40.946195],[-78.133828,40.948431],[-78.131616,40.949541],[-78.130835,40.951291],[-78.131258,40.952277],[-78.135797,40.953806],[-78.136691,40.955495],[-78.136431,40.956999],[-78.133292,40.958849],[-78.130575,40.961524],[-78.130543,40.962942],[-78.132283,40.965999],[-78.133406,40.96685],[-78.135649,40.966677],[-78.136203,40.966098],[-78.135878,40.962966],[-78.136447,40.961413],[-78.138376,40.959271],[-78.139648,40.957102],[-78.139616,40.954053],[-78.140986,40.952249],[-78.140397,40.950813],[-78.141059,40.949844],[-78.144284,40.948588],[-78.147134,40.948912],[-78.147381,40.951326],[-78.146548,40.954597],[-78.146853,40.956586],[-78.151604,40.957366],[-78.154787,40.959481],[-78.158507,40.960929],[-78.160233,40.961257],[-78.166507,40.961482],[-78.168128,40.960865],[-78.168977,40.959617],[-78.168797,40.957524],[-78.169627,40.955665],[-78.170884,40.955704],[-78.170937,40.959293],[-78.171017,40.973559],[-78.175041,40.973499],[-78.176406,40.973011],[-78.178821,40.969161],[-78.179789,40.964286],[-78.179758,40.959769],[-78.182446,40.960736],[-78.182446,40.967466],[-78.187473,40.967409],[-78.187392,40.962537],[-78.18734,40.959562],[-78.193325,40.95086],[-78.187715,40.94635],[-78.189865,40.945126],[-78.192368,40.942642],[-78.192627,40.940506],[-78.193909,40.938446],[-78.198586,40.934971],[-78.199898,40.932861]]]}},{"type":"Feature","properties":{"zcta5":"15757","AFFGEOID10":"8600000US15757","GEOID10":"15757","ALAND10":205461305,"AWATER10":1185672,"county_name":"Clearfield","state_code":"PA","county_state":"Clearfield County, PA","county_fips":"42033","risk_level_county":"Medium Risk (70–79% vaccinated)","mean_vaccination_rate_county":76.39,"risk_level_zcta":"Medium Risk (70–79% vaccinated)","mean_vaccination_rate_zips":78.93,"cases":16},"geometry":{"type":"MultiPolygon","coordinates":[[[[-78.684751,40.834656],[-78.682465,40.833515],[-78.678497,40.834873],[-78.677787,40.835181],[-78.680299,40.835086],[-78.683394,40.835729],[-78.684751,40.834656]]],[[[-78.821317,40.906048],[-78.819102,40.904024],[-78.818916,40.902197],[-78.822112,40.901625],[-78.823227,40.899932],[-78.818343,40.894786],[-78.817198,40.894489],[-78.814063,40.892133],[-78.810956,40.888475],[-78.809031,40.886758],[-78.807382,40.88324],[-78.805791,40.881572],[-78.805897,40.877448],[-78.808458,40.877049],[-78.809764,40.876069],[-78.81073,40.872537],[-78.812185,40.871308],[-78.814182,40.870338],[-78.816301,40.869989],[-78.819625,40.870378],[-78.822541,40.87247],[-78.828523,40.874302],[-78.830937,40.874448],[-78.83333,40.874071],[-78.835659,40.873129],[-78.838318,40.870318],[-78.841697,40.868371],[-78.843928,40.865642],[-78.847709,40.86381],[-78.846626,40.862371],[-78.847239,40.860655],[-78.845857,40.859343],[-78.845469,40.857162],[-78.843553,40.856302],[-78.84149,40.854187],[-78.839423,40.848475],[-78.837832,40.850367],[-78.832229,40.848946],[-78.827467,40.848776],[-78.826165,40.848266],[-78.822822,40.848694],[-78.81848,40.848795],[-78.815786,40.849772],[-78.813759,40.847579],[-78.806362,40.847644],[-78.806363,40.845035],[-78.779123,40.839152],[-78.777442,40.839915],[-78.779295,40.841474],[-78.781652,40.842265],[-78.784413,40.844379],[-78.784427,40.845171],[-78.78433,40.84452],[-78.781499,40.842374],[-78.779568,40.841761],[-78.777358,40.839924],[-78.779249,40.838977],[-78.781519,40.836259],[-78.783837,40.837078],[-78.787347,40.834968],[-78.789629,40.832513],[-78.788113,40.830198],[-78.788835,40.828032],[-78.786946,40.826858],[-78.786,40.825574],[-78.787889,40.824333],[-78.781396,40.824402],[-78.776984,40.816882],[-78.776709,40.815519],[-78.775225,40.813887],[-78.775721,40.8129],[-78.7787,40.811014],[-78.784552,40.806227],[-78.783852,40.801418],[-78.783089,40.800224],[-78.779922,40.80003],[-78.775864,40.801342],[-78.773323,40.801498],[-78.771507,40.800976],[-78.767792,40.800873],[-78.764084,40.799049],[-78.762306,40.798901],[-78.755989,40.796574],[-78.75386,40.792549],[-78.750618,40.791317],[-78.742577,40.791779],[-78.739944,40.790936],[-78.737976,40.788731],[-78.735901,40.787155],[-78.732426,40.785658],[-78.724344,40.789626],[-78.725882,40.791141],[-78.728416,40.790794],[-78.728119,40.7938],[-78.724154,40.800433],[-78.722916,40.80389],[-78.723007,40.807934],[-78.721115,40.809006],[-78.717453,40.809528],[-78.711067,40.807762],[-78.688484,40.807773],[-78.688505,40.809254],[-78.685658,40.811274],[-78.685051,40.809634],[-78.681487,40.8078],[-78.680523,40.810376],[-78.680693,40.813118],[-78.678376,40.813094],[-78.678483,40.814585],[-78.680541,40.816152],[-78.682252,40.81543],[-78.683375,40.816947],[-78.684765,40.815853],[-78.689541,40.817413],[-78.689985,40.818879],[-78.689052,40.823157],[-78.688553,40.827674],[-78.6865,40.832432],[-78.684829,40.834676],[-78.684441,40.836178],[-78.687691,40.838654],[-78.69017,40.837959],[-78.695297,40.838608],[-78.695654,40.844522],[-78.695332,40.850288],[-78.685944,40.85021],[-78.685702,40.859083],[-78.683693,40.859068],[-78.677189,40.854297],[-78.661379,40.864876],[-78.677592,40.874177],[-78.673854,40.877076],[-78.676435,40.878424],[-78.674515,40.880348],[-78.670998,40.879272],[-78.669355,40.878018],[-78.67058,40.879369],[-78.674336,40.881488],[-78.676087,40.88095],[-78.676601,40.879544],[-78.678111,40.880332],[-78.677782,40.881919],[-78.680589,40.884659],[-78.682521,40.883546],[-78.683638,40.883925],[-78.683492,40.886783],[-78.685052,40.888497],[-78.687669,40.885448],[-78.689162,40.886736],[-78.690957,40.885542],[-78.700212,40.892543],[-78.703623,40.890185],[-78.707452,40.893102],[-78.708947,40.896326],[-78.708717,40.897112],[-78.706429,40.897921],[-78.700904,40.896577],[-78.694541,40.89549],[-78.688082,40.893217],[-78.684149,40.89232],[-78.682028,40.892401],[-78.677739,40.893467],[-78.675827,40.894845],[-78.673065,40.893242],[-78.67105,40.893595],[-78.668839,40.892972],[-78.666772,40.891011],[-78.665665,40.891258],[-78.663048,40.893917],[-78.660301,40.894424],[-78.657524,40.891815],[-78.655785,40.89201],[-78.654716,40.893932],[-78.652,40.895393],[-78.648949,40.893799],[-78.647293,40.89386],[-78.643303,40.895546],[-78.63987,40.898502],[-78.642044,40.901875],[-78.642632,40.906193],[-78.643594,40.908007],[-78.6456,40.909314],[-78.646702,40.908855],[-78.647542,40.910648],[-78.647744,40.913484],[-78.646407,40.914312],[-78.645014,40.914826],[-78.640116,40.914902],[-78.635026,40.915485],[-78.628088,40.912581],[-78.626809,40.911135],[-78.621965,40.910389],[-78.619869,40.911692],[-78.617196,40.914879],[-78.618292,40.917041],[-78.620226,40.91816],[-78.621725,40.918039],[-78.628388,40.919652],[-78.629292,40.922146],[-78.623983,40.923587],[-78.62384,40.92448],[-78.625885,40.924496],[-78.63015,40.92305],[-78.631065,40.921032],[-78.630478,40.91848],[-78.631752,40.916992],[-78.632774,40.919868],[-78.63237,40.922325],[-78.633469,40.92392],[-78.633278,40.925941],[-78.632217,40.928551],[-78.633186,40.930641],[-78.632454,40.931778],[-78.627563,40.935242],[-78.627922,40.937141],[-78.6244,40.937853],[-78.62546,40.938794],[-78.640484,40.939554],[-78.640205,40.937309],[-78.646538,40.930691],[-78.64763,40.930356],[-78.652251,40.934089],[-78.647781,40.931263],[-78.646591,40.932976],[-78.645432,40.937485],[-78.646588,40.939853],[-78.648031,40.939921],[-78.648175,40.95041],[-78.652662,40.950375],[-78.652681,40.952469],[-78.655835,40.952444],[-78.655755,40.948612],[-78.708085,40.948032],[-78.70753,40.993231],[-78.708162,40.993235],[-78.710549,40.991209],[-78.714231,40.990042],[-78.715769,40.985261],[-78.718516,40.984803],[-78.721956,40.98343],[-78.724942,40.979999],[-78.725085,40.975964],[-78.725028,40.971262],[-78.727371,40.971772],[-78.731421,40.974392],[-78.736553,40.975291],[-78.741171,40.975772],[-78.744085,40.978013],[-78.747165,40.978098],[-78.748131,40.980556],[-78.750786,40.982079],[-78.75396,40.980988],[-78.751686,40.977943],[-78.75135,40.976791],[-78.752663,40.973164],[-78.753708,40.971882],[-78.760397,40.967326],[-78.760203,40.964331],[-78.762827,40.963372],[-78.765732,40.9571],[-78.765793,40.954632],[-78.764725,40.947166],[-78.771851,40.944901],[-78.777969,40.939983],[-78.780167,40.93746],[-78.783277,40.938801],[-78.78774,40.940002],[-78.79348,40.939217],[-78.796654,40.937885],[-78.802925,40.93811],[-78.803885,40.937591],[-78.804295,40.939828],[-78.805167,40.90598],[-78.821317,40.906048]]]]}}]}