{"type":"FeatureCollection","features":[{"type":"Feature","properties":{"zcta5":"97458","AFFGEOID10":"8600000US97458","GEOID10":"97458","ALAND10":984147711,"AWATER10":3875348,"county_name":"Coos","state_code":"OR","county_state":"Coos County, OR","county_fips":"41011","risk_level_county":"Higher Risk (60–69% vaccinated)","mean_vaccination_rate_county":69.81,"risk_level_zcta":"Medium Risk (70–79% vaccinated)","mean_vaccination_rate_zips":73.81,"cases":1},"geometry":{"type":"Polygon","coordinates":[[[-124.256527,43.052792],[-124.256546,43.020395],[-124.254939,43.018923],[-124.253886,43.016363],[-124.251898,43.014453],[-124.25114,43.012787],[-124.251166,43.008793],[-124.249584,43.005136],[-124.248177,43.003022],[-124.241647,43.001926],[-124.238962,43.001802],[-124.236792,43.001061],[-124.230975,42.997512],[-124.228543,42.995251],[-124.231494,42.994404],[-124.233445,42.992564],[-124.237344,42.990888],[-124.240672,42.990374],[-124.244192,42.990409],[-124.249232,42.990976],[-124.256515,42.988016],[-124.26077,42.987471],[-124.263469,42.986584],[-124.267769,42.986263],[-124.26962,42.987415],[-124.272202,42.986604],[-124.271328,42.983239],[-124.269545,42.98235],[-124.269727,42.979471],[-124.268677,42.978382],[-124.268932,42.976219],[-124.267472,42.974091],[-124.267785,42.971943],[-124.266631,42.971725],[-124.267796,42.965886],[-124.26714,42.962569],[-124.267196,42.959443],[-124.269254,42.954877],[-124.258388,42.954946],[-124.258342,42.953484],[-124.256976,42.951204],[-124.254084,42.951296],[-124.252683,42.954228],[-124.249805,42.956927],[-124.249037,42.958932],[-124.246406,42.959201],[-124.245639,42.956867],[-124.243777,42.954774],[-124.244877,42.952449],[-124.241948,42.953197],[-124.239911,42.955628],[-124.240292,42.95665],[-124.23531,42.959113],[-124.234363,42.961496],[-124.23154,42.964152],[-124.231968,42.965979],[-124.229642,42.965318],[-124.22796,42.966617],[-124.227279,42.969735],[-124.226569,42.970514],[-124.225524,42.974014],[-124.226025,42.976557],[-124.223071,42.97494],[-124.222698,42.976236],[-124.219081,42.977612],[-124.219994,42.979187],[-124.217893,42.979446],[-124.219993,42.981924],[-124.219503,42.983854],[-124.22006,42.986335],[-124.221265,42.988176],[-124.219345,42.987338],[-124.216214,42.987362],[-124.21498,42.986363],[-124.211376,42.986616],[-124.207064,42.988321],[-124.205467,42.990934],[-124.2037,42.991857],[-124.201239,42.992012],[-124.199894,42.991377],[-124.196384,42.992065],[-124.194023,42.990893],[-124.193425,42.989338],[-124.195724,42.985765],[-124.196066,42.981031],[-124.189876,42.978922],[-124.186637,42.97841],[-124.181248,42.979379],[-124.181546,42.977578],[-124.17698,42.97842],[-124.172509,42.97855],[-124.168317,42.97821],[-124.166408,42.97763],[-124.164687,42.978441],[-124.162998,42.981356],[-124.163583,42.98365],[-124.165825,42.987058],[-124.166352,42.989594],[-124.164944,42.991751],[-124.16324,42.996322],[-124.160088,42.999676],[-124.159015,43.002273],[-124.156362,43.003358],[-124.154924,43.005344],[-124.152565,43.005818],[-124.151198,43.008347],[-124.152783,43.008831],[-124.158602,43.008835],[-124.162746,43.008527],[-124.163494,43.009019],[-124.164197,43.01012],[-124.163073,43.01331],[-124.163559,43.014341],[-124.162242,43.016002],[-124.159451,43.017728],[-124.153967,43.019409],[-124.151918,43.017318],[-124.151837,43.015274],[-124.150865,43.014703],[-124.149227,43.015413],[-124.146053,43.018498],[-124.144347,43.019223],[-124.142927,43.018746],[-124.140795,43.015717],[-124.13702,43.014162],[-124.135058,43.016595],[-124.134383,43.019051],[-124.132975,43.020591],[-124.133019,43.021824],[-124.129423,43.02145],[-124.127543,43.022232],[-124.12723,43.02362],[-124.124838,43.025235],[-124.122958,43.025522],[-124.121895,43.024379],[-124.118317,43.025638],[-124.112996,43.023403],[-124.11427,43.017393],[-124.112893,43.016619],[-124.11253,43.01157],[-124.113365,43.007884],[-124.110557,43.003944],[-124.110575,43.002622],[-124.114811,43.000905],[-124.118644,43.000515],[-124.123091,43.000957],[-124.119991,42.998753],[-124.124522,42.997071],[-124.12438,42.996221],[-124.120345,42.995307],[-124.118868,42.995527],[-124.113893,42.995106],[-124.110544,42.995494],[-124.109738,42.994713],[-124.106082,42.99399],[-124.102368,42.992553],[-124.099875,42.99387],[-124.097837,42.99302],[-124.090036,42.990928],[-124.088924,42.989238],[-124.089514,42.988506],[-124.09975,42.983844],[-124.101548,42.980493],[-124.10093,42.976161],[-124.104428,42.973197],[-124.105186,42.969346],[-124.104426,42.968426],[-124.104971,42.966926],[-124.106375,42.966273],[-124.109779,42.966185],[-124.111341,42.965341],[-124.110454,42.962947],[-124.10866,42.960391],[-124.108366,42.958533],[-124.106308,42.95732],[-124.106118,42.956763],[-124.106738,42.955808],[-124.106508,42.957076],[-124.112622,42.9587],[-124.111724,42.965436],[-124.114522,42.96852],[-124.115593,42.970824],[-124.117387,42.971279],[-124.121032,42.970735],[-124.124413,42.967936],[-124.127535,42.966036],[-124.12951,42.965888],[-124.134001,42.967924],[-124.13604,42.97149],[-124.138482,42.972846],[-124.139941,42.975013],[-124.14285,42.976049],[-124.145503,42.977563],[-124.149622,42.981296],[-124.151052,42.981715],[-124.156903,42.981001],[-124.160254,42.981536],[-124.163132,42.978164],[-124.164612,42.977876],[-124.160216,42.977623],[-124.159483,42.975047],[-124.156736,42.974497],[-124.155014,42.974915],[-124.153727,42.974297],[-124.153124,42.971239],[-124.150454,42.968784],[-124.150418,42.966942],[-124.147655,42.964304],[-124.146274,42.963572],[-124.145448,42.959132],[-124.146745,42.956333],[-124.144341,42.954129],[-124.144523,42.951748],[-124.143483,42.949474],[-124.143851,42.946481],[-124.147987,42.94324],[-124.148978,42.941688],[-124.151161,42.940065],[-124.152767,42.939667],[-124.158003,42.935649],[-124.160033,42.933296],[-124.162092,42.93279],[-124.163369,42.930752],[-124.166767,42.928857],[-124.167697,42.9278],[-124.17319,42.9248],[-124.173867,42.923026],[-124.177206,42.920248],[-124.177257,42.917487],[-124.178951,42.916211],[-124.183545,42.915746],[-124.185225,42.914771],[-124.186397,42.915838],[-124.189333,42.915455],[-124.195544,42.913789],[-124.197923,42.912619],[-124.200656,42.912227],[-124.201444,42.911492],[-124.20446,42.911992],[-124.2072,42.90988],[-124.207506,42.907564],[-124.20655,42.90569],[-124.204984,42.905176],[-124.204851,42.90391],[-124.205109,42.900473],[-124.199717,42.900275],[-124.199692,42.896656],[-124.189984,42.896696],[-124.189907,42.893032],[-124.185291,42.893047],[-124.18531,42.885919],[-124.180706,42.885998],[-124.180704,42.88245],[-124.161308,42.883499],[-124.160976,42.876642],[-124.161288,42.874824],[-124.14997,42.875074],[-124.148719,42.877008],[-124.149994,42.877946],[-124.149277,42.880461],[-124.149461,42.884532],[-124.14719,42.884898],[-124.147055,42.881438],[-124.144866,42.87901],[-124.143695,42.882697],[-124.14151,42.88496],[-124.141306,42.894222],[-124.138211,42.893758],[-124.137152,42.893079],[-124.135561,42.894697],[-124.132332,42.89554],[-124.12827,42.895763],[-124.124927,42.899404],[-124.124379,42.901007],[-124.119221,42.902093],[-124.117423,42.901985],[-124.115505,42.90446],[-124.111966,42.905837],[-124.111495,42.90752],[-124.107559,42.903557],[-124.10505,42.903077],[-124.103444,42.901876],[-124.101473,42.902071],[-124.098843,42.899912],[-124.096387,42.899675],[-124.093797,42.900839],[-124.091527,42.900419],[-124.087994,42.899003],[-124.088106,42.898277],[-124.083223,42.896707],[-124.082016,42.897104],[-124.085028,42.898035],[-124.088147,42.900301],[-124.092283,42.90214],[-124.09245,42.902617],[-124.089933,42.903108],[-124.085315,42.904848],[-124.082311,42.90302],[-124.080879,42.903115],[-124.081066,42.907352],[-124.079704,42.911171],[-124.08243,42.912747],[-124.079712,42.912517],[-124.072917,42.915453],[-124.072406,42.919534],[-124.061087,42.919693],[-124.058728,42.918683],[-124.056461,42.918432],[-124.056093,42.919745],[-124.020823,42.920209],[-124.021365,42.891598],[-124.008289,42.891271],[-124.007969,42.888962],[-124.002036,42.887238],[-124.000697,42.886457],[-124.001026,42.884474],[-124.000515,42.881725],[-123.997883,42.881911],[-123.99667,42.881246],[-123.993492,42.881936],[-123.992593,42.884167],[-123.990192,42.885029],[-123.984942,42.884661],[-123.98171,42.88558],[-123.97968,42.885269],[-123.978355,42.885868],[-123.975095,42.884023],[-123.973725,42.883941],[-123.972353,42.882486],[-123.968373,42.884654],[-123.963518,42.885572],[-123.955618,42.88552],[-123.950828,42.887208],[-123.947922,42.888838],[-123.947942,42.890458],[-123.946737,42.891748],[-123.946917,42.893603],[-123.945432,42.8955],[-123.945987,42.899282],[-123.94695,42.900413],[-123.943988,42.902239],[-123.943502,42.906307],[-123.943561,42.910783],[-123.939441,42.91081],[-123.938421,42.911505],[-123.936617,42.914776],[-123.937669,42.920776],[-123.938912,42.926274],[-123.936781,42.925638],[-123.933986,42.925669],[-123.933731,42.926689],[-123.93092,42.927813],[-123.928483,42.926923],[-123.929201,42.930822],[-123.928401,42.931665],[-123.927684,42.935235],[-123.928212,42.935955],[-123.925407,42.93382],[-123.925141,42.93151],[-123.921883,42.931913],[-123.920537,42.930305],[-123.92137,42.927399],[-123.919165,42.926698],[-123.915146,42.928999],[-123.912353,42.931576],[-123.909562,42.932541],[-123.905216,42.93549],[-123.904592,42.937218],[-123.905173,42.939131],[-123.90805,42.939724],[-123.908312,42.9404],[-123.905635,42.940964],[-123.904093,42.939227],[-123.9002,42.938834],[-123.901082,42.937398],[-123.900918,42.934477],[-123.900123,42.932352],[-123.896928,42.934714],[-123.895961,42.937138],[-123.892815,42.939813],[-123.891789,42.939103],[-123.888955,42.940589],[-123.885839,42.943423],[-123.882919,42.94083],[-123.882095,42.940874],[-123.882095,42.946039],[-123.881621,42.947549],[-123.876871,42.949015],[-123.876229,42.950193],[-123.874061,42.95055],[-123.874615,42.952564],[-123.876207,42.953538],[-123.875321,42.954991],[-123.873071,42.953899],[-123.871523,42.954474],[-123.870001,42.953563],[-123.870519,42.951441],[-123.869518,42.949821],[-123.867489,42.948866],[-123.865532,42.949237],[-123.864672,42.948484],[-123.864163,42.950148],[-123.861242,42.951262],[-123.858497,42.951737],[-123.857928,42.953103],[-123.859807,42.955913],[-123.859799,42.958381],[-123.861605,42.960281],[-123.863429,42.959871],[-123.863358,42.961409],[-123.859591,42.963374],[-123.859952,42.964476],[-123.858287,42.964389],[-123.856103,42.962373],[-123.853947,42.962406],[-123.848689,42.963531],[-123.846012,42.962374],[-123.83603,42.962655],[-123.827497,42.963576],[-123.821121,42.965284],[-123.821293,42.98904],[-123.822926,42.988143],[-123.823697,42.989112],[-123.826653,42.989252],[-123.826575,42.990071],[-123.828497,42.990944],[-123.830112,42.990716],[-123.835354,42.991435],[-123.837517,42.994345],[-123.840658,42.996042],[-123.843852,42.996532],[-123.847201,42.996105],[-123.848713,43.000063],[-123.848278,43.002807],[-123.84879,43.003969],[-123.846408,43.003684],[-123.844197,43.006605],[-123.842934,43.007471],[-123.841395,43.009859],[-123.841184,43.011107],[-123.83782,43.015859],[-123.835999,43.015617],[-123.833181,43.017092],[-123.832101,43.01815],[-123.830273,43.018328],[-123.825924,43.021677],[-123.824281,43.022288],[-123.824022,43.024278],[-123.825429,43.024768],[-123.826379,43.02613],[-123.824389,43.028164],[-123.82272,43.031899],[-123.821269,43.032413],[-123.81921,43.035097],[-123.819677,43.036785],[-123.818789,43.038458],[-123.820133,43.040133],[-123.822168,43.040875],[-123.819854,43.041735],[-123.821649,43.045197],[-123.821257,43.047343],[-123.8245,43.045384],[-123.823652,43.044564],[-123.825232,43.043005],[-123.826751,43.044775],[-123.829764,43.046327],[-123.832096,43.046305],[-123.833802,43.047873],[-123.833074,43.050731],[-123.830571,43.051315],[-123.829532,43.05361],[-123.82803,43.053936],[-123.827401,43.055016],[-123.827298,43.057479],[-123.829567,43.058149],[-123.828938,43.059286],[-123.826998,43.059174],[-123.824807,43.060069],[-123.824219,43.061882],[-123.824769,43.064727],[-123.824422,43.065921],[-123.821364,43.067825],[-123.820867,43.069863],[-123.81954,43.071827],[-123.820106,43.07226],[-123.818861,43.073714],[-123.820277,43.074057],[-123.819763,43.075157],[-123.817544,43.075042],[-123.814424,43.075577],[-123.809203,43.077606],[-123.80748,43.076983],[-123.806628,43.078848],[-123.804234,43.078206],[-123.804106,43.078952],[-123.806559,43.080883],[-123.81031,43.081352],[-123.812496,43.082099],[-123.815472,43.082435],[-123.818109,43.084082],[-123.817177,43.085641],[-123.820757,43.089875],[-123.826003,43.091104],[-123.828503,43.092237],[-123.831948,43.091733],[-123.833587,43.09198],[-123.834804,43.094163],[-123.839364,43.094478],[-123.839974,43.09677],[-123.842255,43.10011],[-123.844602,43.100788],[-123.845595,43.100412],[-123.848557,43.102818],[-123.851751,43.103533],[-123.851518,43.104734],[-123.852598,43.104823],[-123.85209,43.106717],[-123.853095,43.108522],[-123.852633,43.11004],[-123.850242,43.112485],[-123.850933,43.113667],[-123.849098,43.114154],[-123.849508,43.115316],[-123.84837,43.116109],[-123.849075,43.117631],[-123.848273,43.118884],[-123.849643,43.120017],[-123.848557,43.121463],[-123.848522,43.123368],[-123.84566,43.12578],[-123.843916,43.126696],[-123.842967,43.125794],[-123.841481,43.127103],[-123.842629,43.126492],[-123.843564,43.127644],[-123.85013,43.127572],[-123.845334,43.129476],[-123.841924,43.129366],[-123.839054,43.130846],[-123.832886,43.13117],[-123.830691,43.13205],[-123.830189,43.134706],[-123.82872,43.135599],[-123.829934,43.137209],[-123.829619,43.138037],[-123.830906,43.140513],[-123.83033,43.141478],[-123.828205,43.14239],[-123.826849,43.144308],[-123.825504,43.14777],[-123.823923,43.149044],[-123.823937,43.150168],[-123.82209,43.150385],[-123.817342,43.15265],[-123.814104,43.151479],[-123.812294,43.152261],[-123.810916,43.151594],[-123.809757,43.149704],[-123.80782,43.148065],[-123.804688,43.147802],[-123.802096,43.146365],[-123.79933,43.145861],[-123.798115,43.144794],[-123.795926,43.14417],[-123.794746,43.144519],[-123.794273,43.145708],[-123.794276,43.149126],[-123.793093,43.151778],[-123.793536,43.154496],[-123.793044,43.15619],[-123.791555,43.158093],[-123.793459,43.159411],[-123.790868,43.159547],[-123.789062,43.160186],[-123.789221,43.162934],[-123.787079,43.163542],[-123.786903,43.16475],[-123.787517,43.166008],[-123.790539,43.166177],[-123.792236,43.167321],[-123.791407,43.168581],[-123.793377,43.168637],[-123.794597,43.16771],[-123.795915,43.168825],[-123.79564,43.170259],[-123.79797,43.170759],[-123.796394,43.171219],[-123.794991,43.172777],[-123.793943,43.171956],[-123.79235,43.17336],[-123.791001,43.172603],[-123.787457,43.17293],[-123.787069,43.174045],[-123.785408,43.17452],[-123.785215,43.177404],[-123.78283,43.178035],[-123.780555,43.179218],[-123.777783,43.17789],[-123.777338,43.178836],[-123.774334,43.180073],[-123.777409,43.179803],[-123.780169,43.180855],[-123.781462,43.182761],[-123.782003,43.180074],[-123.786054,43.178705],[-123.787434,43.178956],[-123.789857,43.17726],[-123.792519,43.17916],[-123.79687,43.177936],[-123.798176,43.175748],[-123.80161,43.176836],[-123.802301,43.175643],[-123.804131,43.17631],[-123.807866,43.174766],[-123.811151,43.175544],[-123.814796,43.178778],[-123.819236,43.176414],[-123.819941,43.178048],[-123.82457,43.179262],[-123.825492,43.180129],[-123.824697,43.18149],[-123.825605,43.183212],[-123.824323,43.185747],[-123.824841,43.18645],[-123.824572,43.189145],[-123.82635,43.190964],[-123.827746,43.194169],[-123.82996,43.195612],[-123.829496,43.199762],[-123.825528,43.203379],[-123.822414,43.204441],[-123.822062,43.206466],[-123.820981,43.208891],[-123.820066,43.209546],[-123.81816,43.212653],[-123.815901,43.213466],[-123.813425,43.213128],[-123.812448,43.213553],[-123.872942,43.213157],[-123.873899,43.207279],[-123.879595,43.20416],[-123.881849,43.203688],[-123.881745,43.202871],[-123.882451,43.203455],[-123.886619,43.203553],[-123.889692,43.204152],[-123.893439,43.203655],[-123.897284,43.206531],[-123.89895,43.206514],[-123.900155,43.20412],[-123.900952,43.206646],[-123.902505,43.206702],[-123.905502,43.205789],[-123.90697,43.206205],[-123.907717,43.204503],[-123.909669,43.207153],[-123.909633,43.205298],[-123.910402,43.206174],[-123.914479,43.206979],[-123.916445,43.206491],[-123.914602,43.207491],[-123.909257,43.209301],[-123.911903,43.211185],[-123.910332,43.212486],[-123.908378,43.212422],[-123.909284,43.213838],[-123.908922,43.214982],[-123.911184,43.215851],[-123.911145,43.217449],[-123.909907,43.218323],[-123.909855,43.219817],[-123.912585,43.220161],[-123.914123,43.221336],[-123.913935,43.22274],[-123.917004,43.224589],[-123.918517,43.224856],[-123.924828,43.224291],[-123.925875,43.224939],[-123.928091,43.224429],[-123.931353,43.225259],[-123.933043,43.2284],[-123.93534,43.229232],[-123.936732,43.230769],[-123.939396,43.23245],[-123.93907,43.233862],[-123.936816,43.236328],[-123.937933,43.238327],[-123.94201,43.236439],[-123.944632,43.239052],[-123.944816,43.241908],[-123.946028,43.242298],[-123.947916,43.241155],[-123.946862,43.239231],[-123.947631,43.236477],[-123.949243,43.238019],[-123.951601,43.237939],[-123.954227,43.240122],[-123.954387,43.243695],[-123.955739,43.244895],[-123.957436,43.24484],[-123.959387,43.242073],[-123.959319,43.239651],[-123.961812,43.24067],[-123.964116,43.239931],[-123.970054,43.238831],[-123.971442,43.237401],[-123.973689,43.237077],[-123.97583,43.236144],[-123.977548,43.23431],[-123.982785,43.23289],[-123.985319,43.233149],[-123.98662,43.241836],[-123.989454,43.241851],[-123.993284,43.243041],[-123.994468,43.242704],[-123.997944,43.244796],[-124.000391,43.243946],[-124.000574,43.242684],[-124.002199,43.242086],[-124.005708,43.241807],[-124.010992,43.241934],[-124.012245,43.240534],[-124.013428,43.240435],[-124.015006,43.243378],[-124.016851,43.244185],[-124.018658,43.24333],[-124.018756,43.242131],[-124.021086,43.241647],[-124.021051,43.240399],[-124.022734,43.240085],[-124.028848,43.241321],[-124.030162,43.240987],[-124.029298,43.238508],[-124.029685,43.237422],[-124.029626,43.235668],[-124.032181,43.234727],[-124.031978,43.233488],[-124.034714,43.232954],[-124.0372,43.233358],[-124.036939,43.231024],[-124.038205,43.22849],[-124.040282,43.225993],[-124.04251,43.225351],[-124.043914,43.224019],[-124.0431,43.220124],[-124.043808,43.215992],[-124.04679,43.216033],[-124.049172,43.2149],[-124.051519,43.211335],[-124.053307,43.210373],[-124.06122,43.210396],[-124.063382,43.209985],[-124.061576,43.209374],[-124.064463,43.208198],[-124.06482,43.206942],[-124.067668,43.206303],[-124.068165,43.207469],[-124.070479,43.207927],[-124.069627,43.209182],[-124.073852,43.209089],[-124.074362,43.207153],[-124.075757,43.205717],[-124.079116,43.204447],[-124.079598,43.202777],[-124.077496,43.199132],[-124.079162,43.199265],[-124.082561,43.200664],[-124.085202,43.199879],[-124.086686,43.196762],[-124.086595,43.194372],[-124.085544,43.193059],[-124.087149,43.191832],[-124.085385,43.189584],[-124.087868,43.188894],[-124.0936,43.190416],[-124.094235,43.18771],[-124.092111,43.184613],[-124.088653,43.184281],[-124.08797,43.182311],[-124.085892,43.181047],[-124.087615,43.176826],[-124.086475,43.175261],[-124.082455,43.175722],[-124.080136,43.173709],[-124.078074,43.172693],[-124.076657,43.173215],[-124.075232,43.171774],[-124.075651,43.170667],[-124.074361,43.168892],[-124.076115,43.16756],[-124.082594,43.166396],[-124.082443,43.1652],[-124.084701,43.165922],[-124.085405,43.165217],[-124.083058,43.16342],[-124.079766,43.162236],[-124.077552,43.158668],[-124.072094,43.153339],[-124.072731,43.151879],[-124.074657,43.150735],[-124.081966,43.149117],[-124.085091,43.147282],[-124.089432,43.148146],[-124.091854,43.148195],[-124.095518,43.145508],[-124.09641,43.145472],[-124.098607,43.146545],[-124.098256,43.148251],[-124.095978,43.150362],[-124.098887,43.151473],[-124.101061,43.151448],[-124.1028,43.150179],[-124.103331,43.148765],[-124.107281,43.147466],[-124.107767,43.14684],[-124.106715,43.142375],[-124.104914,43.140402],[-124.104224,43.138657],[-124.105564,43.13628],[-124.110037,43.134306],[-124.112008,43.133999],[-124.113681,43.132543],[-124.11365,43.129532],[-124.115161,43.12772],[-124.11469,43.126128],[-124.115997,43.12414],[-124.118188,43.123405],[-124.12136,43.124019],[-124.123129,43.122621],[-124.125663,43.122987],[-124.126204,43.123914],[-124.128943,43.12469],[-124.130181,43.124067],[-124.136538,43.122386],[-124.142242,43.122124],[-124.143742,43.120651],[-124.14715,43.119299],[-124.149347,43.119268],[-124.147983,43.11745],[-124.152229,43.115711],[-124.15554,43.112516],[-124.158036,43.108266],[-124.160856,43.10816],[-124.161796,43.109445],[-124.162289,43.108163],[-124.16784,43.108143],[-124.16909,43.111088],[-124.171322,43.113267],[-124.171314,43.11555],[-124.176633,43.11713],[-124.177884,43.11985],[-124.179266,43.120537],[-124.180123,43.122369],[-124.183915,43.122544],[-124.190198,43.124288],[-124.193003,43.123187],[-124.195625,43.120975],[-124.197993,43.12058],[-124.19814,43.119046],[-124.201184,43.119074],[-124.202249,43.121798],[-124.199768,43.125306],[-124.197798,43.127408],[-124.200463,43.127585],[-124.199868,43.131793],[-124.198332,43.135419],[-124.197305,43.136021],[-124.198133,43.137241],[-124.19876,43.137007],[-124.207482,43.131043],[-124.209887,43.130652],[-124.213836,43.129185],[-124.216103,43.129522],[-124.216189,43.130528],[-124.218424,43.131504],[-124.226467,43.131547],[-124.226457,43.142858],[-124.227872,43.143376],[-124.227728,43.14499],[-124.230583,43.14446],[-124.233529,43.145694],[-124.236647,43.144482],[-124.236636,43.139404],[-124.25675,43.139364],[-124.257416,43.088696],[-124.256545,43.0656],[-124.256527,43.052792]]]}},{"type":"Feature","properties":{"zcta5":"97406","AFFGEOID10":"8600000US97406","GEOID10":"97406","ALAND10":305680699,"AWATER10":3411174,"county_name":"Coos","state_code":"OR","county_state":"Coos County, OR","county_fips":"41011","risk_level_county":"Higher Risk (60–69% vaccinated)","mean_vaccination_rate_county":69.81,"risk_level_zcta":"Uninhabited","mean_vaccination_rate_zips":null,"cases":1},"geometry":{"type":"Polygon","coordinates":[[[-124.193939,42.577793],[-124.192727,42.577068],[-124.18948,42.57626],[-124.186799,42.577217],[-124.185382,42.577104],[-124.185469,42.575877],[-124.1842,42.574624],[-124.180543,42.573128],[-124.179302,42.571211],[-124.17874,42.571981],[-124.176196,42.571792],[-124.173463,42.573579],[-124.169768,42.574354],[-124.17034,42.572352],[-124.172597,42.570558],[-124.178421,42.567977],[-124.180291,42.567553],[-124.18426,42.564129],[-124.181027,42.562673],[-124.179173,42.562554],[-124.177126,42.560496],[-124.174516,42.559519],[-124.172921,42.558349],[-124.174177,42.560308],[-124.174039,42.562111],[-124.17172,42.563591],[-124.172012,42.564483],[-124.16758,42.562804],[-124.166649,42.562944],[-124.162132,42.56141],[-124.160904,42.560634],[-124.159393,42.561109],[-124.15239,42.556492],[-124.15004,42.554183],[-124.148697,42.55181],[-124.148201,42.549716],[-124.146011,42.546172],[-124.13691,42.543876],[-124.13392,42.548369],[-124.128653,42.551267],[-124.125932,42.552347],[-124.123291,42.554399],[-124.121597,42.556779],[-124.116501,42.557946],[-124.11512,42.557617],[-124.111954,42.557796],[-124.110443,42.556005],[-124.109406,42.553741],[-124.107376,42.550701],[-124.107814,42.552457],[-124.106296,42.554588],[-124.103184,42.554078],[-124.101259,42.555522],[-124.095747,42.556443],[-124.094768,42.558061],[-124.091739,42.554635],[-124.089858,42.553162],[-124.085233,42.55197],[-124.08216,42.550614],[-124.076067,42.550911],[-124.075263,42.546931],[-124.073377,42.546886],[-124.072852,42.544027],[-124.071275,42.542996],[-124.071244,42.541944],[-124.072856,42.53999],[-124.069965,42.539838],[-124.068024,42.540617],[-124.063791,42.539772],[-124.062399,42.538445],[-124.064008,42.53602],[-124.063296,42.533893],[-124.062708,42.529845],[-124.063543,42.528472],[-124.065862,42.52678],[-124.068831,42.52591],[-124.063557,42.525825],[-124.061991,42.526993],[-124.059431,42.527633],[-124.056696,42.52959],[-124.05563,42.531653],[-124.055139,42.535796],[-124.055712,42.538222],[-124.054908,42.538865],[-124.052272,42.534701],[-124.050435,42.534409],[-124.047866,42.533214],[-124.046918,42.530899],[-124.050332,42.529898],[-124.051342,42.526809],[-124.050736,42.525803],[-124.048298,42.524151],[-124.045297,42.520369],[-124.042207,42.518471],[-124.040838,42.516872],[-124.035052,42.512579],[-124.032416,42.511667],[-124.032223,42.510493],[-124.033119,42.508462],[-124.033071,42.504738],[-124.035717,42.502446],[-124.035032,42.499631],[-124.033477,42.497824],[-124.033255,42.4944],[-124.03094,42.49155],[-124.028663,42.490553],[-124.026034,42.490286],[-124.023883,42.490834],[-124.01858,42.490615],[-124.011544,42.489628],[-124.010668,42.493554],[-124.008397,42.496352],[-124.005475,42.496918],[-124.001195,42.496875],[-123.998129,42.500422],[-123.997295,42.502294],[-123.997699,42.504047],[-123.996263,42.505104],[-123.99735,42.506432],[-123.995981,42.507448],[-123.996885,42.508467],[-123.996002,42.511113],[-123.994079,42.5124],[-123.992894,42.516476],[-123.990445,42.51846],[-123.988083,42.519035],[-123.986695,42.52024],[-123.985769,42.522279],[-123.987346,42.523377],[-123.987091,42.524586],[-123.983673,42.525629],[-123.983738,42.528006],[-123.982358,42.531143],[-123.981327,42.531841],[-123.982373,42.533322],[-123.981424,42.535469],[-123.978085,42.535989],[-123.976894,42.537854],[-123.972798,42.539631],[-123.966019,42.540175],[-123.963981,42.541503],[-123.961064,42.542428],[-123.958198,42.544919],[-123.955477,42.545874],[-123.953949,42.547855],[-123.949052,42.549733],[-123.946648,42.551224],[-123.946213,42.553048],[-123.941169,42.554124],[-123.936943,42.558133],[-123.935584,42.559916],[-123.938264,42.558486],[-123.93987,42.556168],[-123.942334,42.55424],[-123.944464,42.553585],[-123.948435,42.554024],[-123.950237,42.552768],[-123.951932,42.552796],[-123.954707,42.551366],[-123.958795,42.551426],[-123.960259,42.550137],[-123.962482,42.551996],[-123.96568,42.552951],[-123.969088,42.558159],[-123.973471,42.561569],[-123.974706,42.564815],[-123.978842,42.565895],[-123.980909,42.567291],[-123.982166,42.566179],[-123.983708,42.566335],[-123.983362,42.568228],[-123.985913,42.570327],[-123.987445,42.56971],[-123.988742,42.5678],[-123.993979,42.569188],[-123.99853,42.568236],[-123.999356,42.567549],[-124.002792,42.56802],[-124.002499,42.565306],[-124.004965,42.566056],[-124.006452,42.564217],[-124.007832,42.567394],[-124.009639,42.568013],[-124.011357,42.567479],[-124.016649,42.567948],[-124.016693,42.565007],[-124.01889,42.56682],[-124.021492,42.568022],[-124.023399,42.567915],[-124.025696,42.566796],[-124.027924,42.5666],[-124.030914,42.567388],[-124.03289,42.569505],[-124.032738,42.571312],[-124.03537,42.572473],[-124.039009,42.572021],[-124.040642,42.570295],[-124.042732,42.570677],[-124.044632,42.57215],[-124.042282,42.57354],[-124.041725,42.574657],[-124.041877,42.577858],[-124.040656,42.57645],[-124.038711,42.576275],[-124.036736,42.578072],[-124.03508,42.578498],[-124.033541,42.580893],[-124.033492,42.582627],[-124.032069,42.583911],[-124.029507,42.582877],[-124.026512,42.583804],[-124.023258,42.582318],[-124.017549,42.585515],[-124.016913,42.587442],[-124.015793,42.587353],[-124.012897,42.588739],[-124.01223,42.591102],[-124.010089,42.591071],[-124.009618,42.592741],[-124.008244,42.593681],[-124.00433,42.593285],[-124.003388,42.592164],[-123.999599,42.592309],[-123.999933,42.594046],[-123.998847,42.594799],[-123.998164,42.598701],[-123.99721,42.599783],[-123.995524,42.59982],[-123.99442,42.601277],[-123.991946,42.601596],[-123.989924,42.599971],[-123.988289,42.601894],[-123.986568,42.601813],[-123.985654,42.60409],[-123.981341,42.606645],[-123.980586,42.607927],[-123.983269,42.609752],[-123.984666,42.609932],[-123.986835,42.612974],[-123.986297,42.614699],[-123.983404,42.616822],[-123.981478,42.616728],[-123.980769,42.617751],[-123.977218,42.618442],[-123.97582,42.619452],[-123.970309,42.618839],[-123.967718,42.62009],[-123.966917,42.622231],[-123.965332,42.622423],[-123.962926,42.623886],[-123.962177,42.625564],[-123.957427,42.626315],[-123.956882,42.626989],[-123.952288,42.626842],[-123.947387,42.628356],[-123.945394,42.628029],[-123.944428,42.629173],[-123.942006,42.629492],[-123.941278,42.63036],[-123.938803,42.630421],[-123.938686,42.63145],[-123.936544,42.631891],[-123.933696,42.634903],[-123.930398,42.636715],[-123.926367,42.636619],[-123.923755,42.633648],[-123.920978,42.635842],[-123.918491,42.636345],[-123.914562,42.638852],[-123.90904,42.639845],[-123.90858,42.640985],[-123.905658,42.640885],[-123.89992,42.63947],[-123.897676,42.638375],[-123.896013,42.638329],[-123.893034,42.636904],[-123.890521,42.636262],[-123.886791,42.634069],[-123.885431,42.632471],[-123.883753,42.632161],[-123.881603,42.630272],[-123.878975,42.628917],[-123.874587,42.628275],[-123.871953,42.626972],[-123.869816,42.626745],[-123.867309,42.62901],[-123.860558,42.630843],[-123.856174,42.633518],[-123.853806,42.633702],[-123.851198,42.637293],[-123.848063,42.638021],[-123.84489,42.635811],[-123.842537,42.634901],[-123.841979,42.632874],[-123.838733,42.632166],[-123.838062,42.632692],[-123.837149,42.635976],[-123.836571,42.638961],[-123.837031,42.641407],[-123.838956,42.639439],[-123.839903,42.642529],[-123.841103,42.644132],[-123.845478,42.645005],[-123.847751,42.64683],[-123.848719,42.645394],[-123.851436,42.645228],[-123.851881,42.650663],[-123.852571,42.651315],[-123.856932,42.651098],[-123.860586,42.651778],[-123.862523,42.651166],[-123.864954,42.651335],[-123.867567,42.650588],[-123.869167,42.651368],[-123.869916,42.649626],[-123.871709,42.650212],[-123.873925,42.649401],[-123.875071,42.648054],[-123.875342,42.645189],[-123.877128,42.64539],[-123.878439,42.647588],[-123.881299,42.649016],[-123.884029,42.65172],[-123.889208,42.649902],[-123.888764,42.64894],[-123.891559,42.649615],[-123.891754,42.654209],[-123.894652,42.655401],[-123.892784,42.65648],[-123.884407,42.658815],[-123.882454,42.658969],[-123.879341,42.66124],[-123.878372,42.662882],[-123.879425,42.66432],[-123.879646,42.666511],[-123.881973,42.668569],[-123.882416,42.669853],[-123.884384,42.671797],[-123.88736,42.672832],[-123.890526,42.674599],[-123.896164,42.674758],[-123.898712,42.675414],[-123.900581,42.67847],[-123.900192,42.679999],[-123.901016,42.682609],[-123.901024,42.687931],[-123.899056,42.690081],[-123.899483,42.693892],[-123.902253,42.696009],[-123.898216,42.698643],[-123.89698,42.701165],[-123.895294,42.70307],[-123.891579,42.705629],[-123.890243,42.70713],[-123.88916,42.711223],[-123.885643,42.71546],[-123.884254,42.71579],[-123.882139,42.714557],[-123.878247,42.715201],[-123.87339,42.717366],[-123.870558,42.716927],[-123.861221,42.718404],[-123.858318,42.717822],[-123.853307,42.714629],[-123.851629,42.71442],[-123.848006,42.712374],[-123.846206,42.710692],[-123.841888,42.708747],[-123.837162,42.708669],[-123.833381,42.709803],[-123.83126,42.709871],[-123.826975,42.708145],[-123.824439,42.706305],[-123.821694,42.705313],[-123.818342,42.704742],[-123.816068,42.703854],[-123.81133,42.700881],[-123.806958,42.69975],[-123.805406,42.699764],[-123.802602,42.700843],[-123.802188,42.699834],[-123.802912,42.696705],[-123.802415,42.693456],[-123.800757,42.68908],[-123.801987,42.686854],[-123.798839,42.688405],[-123.796421,42.68813],[-123.79549,42.688793],[-123.795551,42.692246],[-123.794869,42.692886],[-123.792239,42.692826],[-123.789289,42.694303],[-123.787923,42.697665],[-123.786372,42.697984],[-123.779962,42.694025],[-123.774663,42.700399],[-123.773716,42.700834],[-123.773833,42.702858],[-123.772341,42.704493],[-123.770488,42.704685],[-123.76855,42.70586],[-123.769127,42.708063],[-123.766875,42.709109],[-123.765268,42.711145],[-123.764535,42.713543],[-123.762886,42.715028],[-123.761074,42.715876],[-123.760665,42.717138],[-123.759135,42.717906],[-123.758186,42.720093],[-123.756835,42.721553],[-123.754795,42.72596],[-123.756183,42.728174],[-123.75543,42.731791],[-123.7545,42.732339],[-123.749533,42.742038],[-123.747579,42.742576],[-123.744373,42.746335],[-123.741852,42.747987],[-123.739398,42.751499],[-123.737502,42.753118],[-123.737944,42.757294],[-123.736506,42.760655],[-123.735183,42.762842],[-123.735421,42.764575],[-123.734322,42.765701],[-123.733021,42.768945],[-123.730022,42.771115],[-123.729321,42.773041],[-123.727794,42.773809],[-123.725276,42.774115],[-123.72218,42.775435],[-123.720119,42.77747],[-123.72034,42.780911],[-123.718719,42.782694],[-123.716492,42.784061],[-123.716495,42.785376],[-123.720459,42.783943],[-123.722907,42.783115],[-123.72629,42.78014],[-123.725296,42.778814],[-123.72927,42.779225],[-123.730109,42.777852],[-123.732313,42.778034],[-123.735169,42.776523],[-123.736999,42.774921],[-123.738675,42.774646],[-123.739015,42.77277],[-123.740412,42.771718],[-123.740875,42.769544],[-123.744694,42.769703],[-123.746153,42.769107],[-123.745934,42.767186],[-123.748881,42.765606],[-123.748911,42.764806],[-123.74562,42.763618],[-123.744687,42.762017],[-123.746983,42.760712],[-123.748874,42.758424],[-123.751737,42.757166],[-123.752762,42.755977],[-123.759003,42.754242],[-123.760788,42.750971],[-123.760406,42.749051],[-123.762549,42.746948],[-123.762458,42.744432],[-123.764569,42.744227],[-123.767041,42.740894],[-123.767676,42.738876],[-123.771153,42.73627],[-123.772456,42.736018],[-123.773636,42.734303],[-123.777669,42.735334],[-123.782198,42.737051],[-123.783261,42.738597],[-123.785951,42.74078],[-123.788,42.740003],[-123.792097,42.739477],[-123.794766,42.737145],[-123.796938,42.733463],[-123.802369,42.730147],[-123.805037,42.729712],[-123.806805,42.730993],[-123.806929,42.728157],[-123.808698,42.724932],[-123.809101,42.722462],[-123.812202,42.723308],[-123.813288,42.722714],[-123.813008,42.721273],[-123.814495,42.719147],[-123.815641,42.716243],[-123.814802,42.713658],[-123.811357,42.711281],[-123.80512,42.713135],[-123.801614,42.712541],[-123.798696,42.714439],[-123.798622,42.716093],[-123.795938,42.713742],[-123.793912,42.710801],[-123.792613,42.710365],[-123.791232,42.708434],[-123.793772,42.706902],[-123.79548,42.706611],[-123.799664,42.70386],[-123.802737,42.702221],[-123.804741,42.700541],[-123.806258,42.700049],[-123.811055,42.701263],[-123.817766,42.705022],[-123.822096,42.705772],[-123.826662,42.708373],[-123.831412,42.710398],[-123.83405,42.710152],[-123.835878,42.709313],[-123.842326,42.70928],[-123.846128,42.711208],[-123.847571,42.712544],[-123.851893,42.715065],[-123.852727,42.714815],[-123.856719,42.717349],[-123.859074,42.718439],[-123.86137,42.718835],[-123.867067,42.717873],[-123.868511,42.717321],[-123.873777,42.717668],[-123.878403,42.71544],[-123.881041,42.714985],[-123.883121,42.715319],[-123.885445,42.716484],[-123.888764,42.713085],[-123.889755,42.711551],[-123.890541,42.707898],[-123.891975,42.705923],[-123.895889,42.703029],[-123.897476,42.700801],[-123.898315,42.698863],[-123.900246,42.697362],[-123.902374,42.696156],[-123.904457,42.695969],[-123.909714,42.696544],[-123.912193,42.69738],[-123.912689,42.698659],[-123.911407,42.700489],[-123.913841,42.703554],[-123.916267,42.704025],[-123.920975,42.702447],[-123.926483,42.704303],[-123.929848,42.70179],[-123.932602,42.704109],[-123.934067,42.704278],[-123.935516,42.705828],[-123.938538,42.704912],[-123.941277,42.704899],[-123.943733,42.705734],[-123.945579,42.707286],[-123.948197,42.707075],[-123.952484,42.708944],[-123.953766,42.710284],[-123.956848,42.711677],[-123.958407,42.714577],[-123.976631,42.714558],[-123.976677,42.700118],[-123.996296,42.7001],[-123.996291,42.685651],[-124.04081,42.685723],[-124.042885,42.683756],[-124.04789,42.675745],[-124.048241,42.674112],[-124.049744,42.673454],[-124.051338,42.670283],[-124.051987,42.667075],[-124.051575,42.664364],[-124.05059,42.662081],[-124.051146,42.660586],[-124.055312,42.658672],[-124.056116,42.657144],[-124.057626,42.656101],[-124.060409,42.656914],[-124.061186,42.654363],[-124.063935,42.654955],[-124.065151,42.655767],[-124.064791,42.653303],[-124.063031,42.651923],[-124.063531,42.650344],[-124.065032,42.649089],[-124.062979,42.648393],[-124.060738,42.646825],[-124.059145,42.648024],[-124.057688,42.646971],[-124.058531,42.645589],[-124.055669,42.645825],[-124.054627,42.6444],[-124.056039,42.642001],[-124.056193,42.637402],[-124.054856,42.636191],[-124.057842,42.637011],[-124.060428,42.636984],[-124.060799,42.638658],[-124.065704,42.638819],[-124.066643,42.639864],[-124.065743,42.641012],[-124.068947,42.644872],[-124.070869,42.646331],[-124.072853,42.645277],[-124.075859,42.647019],[-124.077637,42.647056],[-124.080566,42.648145],[-124.081413,42.649303],[-124.089294,42.650098],[-124.090767,42.652079],[-124.094589,42.652718],[-124.097168,42.652279],[-124.098778,42.652578],[-124.103043,42.652119],[-124.106796,42.65324],[-124.107971,42.653179],[-124.11319,42.64972],[-124.11512,42.649174],[-124.117306,42.647027],[-124.116001,42.647736],[-124.115457,42.64658],[-124.117169,42.646017],[-124.114841,42.642886],[-124.113845,42.644561],[-124.111876,42.64415],[-124.110478,42.644917],[-124.109526,42.642973],[-124.108309,42.641857],[-124.111159,42.641513],[-124.111137,42.639847],[-124.112279,42.638322],[-124.111892,42.636629],[-124.110642,42.634938],[-124.113601,42.632398],[-124.114215,42.633885],[-124.116379,42.633915],[-124.118166,42.63162],[-124.120503,42.631431],[-124.12049,42.628698],[-124.12156,42.628121],[-124.12247,42.630137],[-124.12138,42.632618],[-124.122702,42.635071],[-124.125812,42.636891],[-124.126709,42.638247],[-124.130091,42.640288],[-124.130561,42.64117],[-124.133185,42.642511],[-124.134956,42.644518],[-124.134829,42.646002],[-124.136329,42.646939],[-124.1362,42.64848],[-124.137232,42.648747],[-124.138966,42.651464],[-124.141504,42.653671],[-124.140359,42.65518],[-124.140248,42.657908],[-124.141049,42.659544],[-124.139519,42.660426],[-124.140103,42.662191],[-124.138422,42.663239],[-124.140613,42.662039],[-124.140486,42.659938],[-124.142877,42.658938],[-124.144706,42.65942],[-124.145705,42.658945],[-124.145489,42.657512],[-124.148135,42.659902],[-124.149193,42.659586],[-124.149894,42.658821],[-124.150777,42.655408],[-124.153038,42.654553],[-124.154372,42.653077],[-124.153681,42.650898],[-124.155228,42.649861],[-124.156488,42.647265],[-124.157555,42.646708],[-124.157207,42.644573],[-124.156203,42.643859],[-124.153758,42.645404],[-124.152223,42.645084],[-124.153915,42.644358],[-124.153909,42.641226],[-124.155644,42.640361],[-124.158026,42.637461],[-124.16171,42.634756],[-124.161894,42.633005],[-124.16417,42.632394],[-124.166613,42.630719],[-124.168423,42.628209],[-124.168368,42.627356],[-124.17034,42.626081],[-124.170781,42.624806],[-124.169835,42.623903],[-124.170033,42.620712],[-124.172552,42.619889],[-124.17328,42.61898],[-124.173318,42.616918],[-124.175716,42.61616],[-124.176649,42.617356],[-124.176604,42.619373],[-124.178377,42.619599],[-124.180198,42.618598],[-124.182358,42.61878],[-124.181837,42.617225],[-124.179795,42.617309],[-124.179786,42.616173],[-124.181733,42.614433],[-124.181327,42.613766],[-124.183462,42.612863],[-124.183447,42.611379],[-124.186158,42.610321],[-124.188295,42.608225],[-124.18926,42.606106],[-124.187304,42.604876],[-124.183876,42.604379],[-124.180603,42.601779],[-124.179558,42.600159],[-124.180015,42.59743],[-124.181511,42.596253],[-124.17968,42.591841],[-124.184479,42.588234],[-124.185715,42.58765],[-124.187744,42.583923],[-124.190407,42.583116],[-124.193939,42.577793]]]}},{"type":"Feature","properties":{"zcta5":"97420","AFFGEOID10":"8600000US97420","GEOID10":"97420","ALAND10":615697385,"AWATER10":48986381,"county_name":"Coos","state_code":"OR","county_state":"Coos County, OR","county_fips":"41011","risk_level_county":"Higher Risk (60–69% vaccinated)","mean_vaccination_rate_county":69.81,"risk_level_zcta":"Medium Risk (70–79% vaccinated)","mean_vaccination_rate_zips":71.48,"cases":1},"geometry":{"type":"Polygon","coordinates":[[[-124.27822292729999,43.454557493182],[-124.286896,43.436296],[-124.315012,43.388389],[-124.330671,43.366559],[-124.343247,43.351517],[-124.353332,43.342667],[-124.373037,43.338953],[-124.376997,43.334231],[-124.384603,43.332848],[-124.385296,43.32773],[-124.387642,43.325968],[-124.38972,43.323216],[-124.394143,43.315651],[-124.402814,43.305872],[-124.400404,43.302121],[-124.395536,43.30224],[-124.393988,43.29926],[-124.388891,43.290523],[-124.38708,43.27749],[-124.384117860812,43.2727948170405],[-124.371389,43.272403],[-124.372799,43.270845],[-124.369839,43.270805],[-124.367431,43.269763],[-124.368764,43.268253],[-124.369537,43.264039],[-124.37111,43.263797],[-124.374867,43.265701],[-124.376865,43.265519],[-124.37802,43.263554],[-124.378416,43.261149],[-124.377697,43.259462],[-124.375256,43.259929],[-124.374377,43.258719],[-124.367888,43.258616],[-124.362495,43.255242],[-124.358829,43.254585],[-124.354409,43.252992],[-124.352402,43.251554],[-124.3503,43.249092],[-124.349106,43.250717],[-124.348538,43.25468],[-124.346844,43.257567],[-124.346684,43.260179],[-124.34377,43.261831],[-124.343329,43.263297],[-124.339435,43.259066],[-124.336713,43.25511],[-124.336857,43.250394],[-124.334645,43.247967],[-124.333306,43.245448],[-124.333212,43.242695],[-124.330605,43.240763],[-124.327578,43.241492],[-124.325313,43.23927],[-124.321053,43.237683],[-124.320836,43.235797],[-124.322187,43.233463],[-124.32221,43.231656],[-124.323534,43.229758],[-124.296171,43.229339],[-124.29617,43.229277],[-124.290566,43.235322],[-124.289011,43.23834],[-124.285952,43.25275],[-124.285217,43.254126],[-124.28304,43.255168],[-124.277785,43.254543],[-124.273622,43.25528],[-124.271432,43.25659],[-124.267448,43.254155],[-124.260977,43.254134],[-124.259873,43.25336],[-124.256378,43.254642],[-124.256425,43.25036],[-124.243556,43.250206],[-124.242409,43.249305],[-124.241851,43.247236],[-124.237885,43.2446],[-124.236139,43.243937],[-124.234917,43.24167],[-124.235456,43.239575],[-124.234169,43.236518],[-124.23401,43.234273],[-124.235644,43.231923],[-124.235861,43.230403],[-124.234585,43.23021],[-124.236634,43.226067],[-124.239054,43.224009],[-124.241959,43.223497],[-124.246076,43.22125],[-124.247708,43.218038],[-124.246672,43.215217],[-124.245093,43.21647],[-124.235351,43.215874],[-124.235441,43.21697],[-124.238641,43.218491],[-124.236766,43.218818],[-124.234063,43.216848],[-124.231676,43.218994],[-124.22705,43.21985],[-124.226135,43.219117],[-124.223775,43.219217],[-124.222006,43.218158],[-124.220135,43.21801],[-124.221268,43.21203],[-124.220096,43.213925],[-124.215773,43.213347],[-124.213407,43.213438],[-124.21037,43.214253],[-124.207405,43.217042],[-124.204817,43.216733],[-124.204176,43.217379],[-124.202842,43.215192],[-124.203524,43.213573],[-124.202268,43.212895],[-124.198656,43.214424],[-124.196096,43.217683],[-124.192428,43.220356],[-124.193786,43.221989],[-124.19222,43.224606],[-124.191422,43.223605],[-124.187002,43.223482],[-124.184054,43.225674],[-124.182224,43.227828],[-124.178691,43.227842],[-124.176465,43.228816],[-124.173451,43.228248],[-124.170042,43.231342],[-124.168662,43.234189],[-124.165417,43.231025],[-124.163502,43.231033],[-124.164517,43.228621],[-124.164388,43.226174],[-124.161535,43.225599],[-124.16119,43.223162],[-124.161582,43.21821],[-124.160683,43.215896],[-124.160519,43.212503],[-124.157034,43.209211],[-124.154009,43.209506],[-124.147746,43.213492],[-124.147347,43.214923],[-124.144795,43.216092],[-124.145087,43.217359],[-124.14372,43.218755],[-124.141558,43.218938],[-124.139906,43.220868],[-124.139836,43.224516],[-124.140412,43.226428],[-124.139458,43.227626],[-124.140079,43.231069],[-124.138501,43.233025],[-124.138769,43.235332],[-124.139962,43.236014],[-124.139832,43.238115],[-124.131262,43.234196],[-124.127559,43.236838],[-124.125727,43.24044],[-124.122648,43.242398],[-124.122681,43.242187],[-124.124176,43.241415],[-124.121707,43.239338],[-124.122057,43.236464],[-124.120543,43.237142],[-124.117163,43.236377],[-124.113459,43.236443],[-124.110471,43.234555],[-124.104182,43.235911],[-124.101434,43.23437],[-124.102491,43.23643],[-124.103213,43.239039],[-124.105559,43.244789],[-124.104907,43.245403],[-124.105714,43.249609],[-124.108002,43.251316],[-124.109033,43.254057],[-124.108111,43.256484],[-124.104973,43.257784],[-124.105057,43.259183],[-124.10397,43.26226],[-124.104489,43.264146],[-124.103478,43.267343],[-124.104989,43.269598],[-124.102565,43.273129],[-124.100222,43.273962],[-124.100764,43.275582],[-124.098594,43.277957],[-124.096394,43.279604],[-124.099432,43.279557],[-124.097059,43.281768],[-124.097214,43.283357],[-124.095552,43.284048],[-124.094166,43.285821],[-124.090801,43.28646],[-124.089384,43.287358],[-124.086717,43.290848],[-124.084797,43.28982],[-124.082188,43.290609],[-124.07981,43.290461],[-124.080501,43.288653],[-124.079294,43.286775],[-124.074982,43.289048],[-124.071539,43.291406],[-124.070151,43.294966],[-124.067962,43.295278],[-124.067046,43.293126],[-124.068477,43.292989],[-124.06689,43.291382],[-124.06686,43.287905],[-124.065284,43.286804],[-124.065413,43.285431],[-124.063595,43.282977],[-124.063583,43.300604],[-124.06333,43.304274],[-124.063836,43.305938],[-124.063576,43.308787],[-124.063749,43.319108],[-124.047132,43.319136],[-124.041266,43.321914],[-124.039122,43.322145],[-124.037407,43.321797],[-124.034529,43.323308],[-124.033837,43.324963],[-124.031952,43.326948],[-124.030865,43.327257],[-124.028352,43.326902],[-124.027366,43.32574],[-124.026388,43.327238],[-124.025056,43.328145],[-124.023686,43.329991],[-124.020324,43.330599],[-124.0203,43.331878],[-124.018179,43.332166],[-124.01877,43.332868],[-124.017296,43.335631],[-124.015289,43.338053],[-124.013626,43.34112],[-124.011602,43.343164],[-124.009019,43.344049],[-124.007287,43.345898],[-124.005935,43.349451],[-124.00426,43.351012],[-124.001212,43.35597],[-123.999578,43.357001],[-123.997037,43.354372],[-123.998601,43.351946],[-123.997097,43.351947],[-123.997315,43.350506],[-123.995624,43.351765],[-123.992535,43.352388],[-123.990154,43.352337],[-123.989402,43.352864],[-123.984805,43.353845],[-123.983596,43.35315],[-123.984414,43.350959],[-123.982184,43.350082],[-123.979627,43.351335],[-123.978775,43.350683],[-123.977071,43.350758],[-123.975517,43.351811],[-123.974715,43.35131],[-123.972209,43.351636],[-123.969928,43.353666],[-123.967322,43.354192],[-123.966996,43.351285],[-123.965642,43.352237],[-123.965893,43.350057],[-123.965445,43.349378],[-123.952941,43.348548],[-123.953335,43.345653],[-123.955488,43.346141],[-123.95442,43.344951],[-123.953675,43.34278],[-123.952387,43.341279],[-123.950732,43.341689],[-123.950171,43.344194],[-123.948494,43.343681],[-123.946549,43.343917],[-123.946013,43.344848],[-123.944566,43.34361],[-123.945226,43.342018],[-123.947015,43.341428],[-123.94696,43.34044],[-123.944819,43.339035],[-123.942153,43.33823],[-123.9389,43.338829],[-123.934458,43.337139],[-123.932431,43.337208],[-123.929599,43.336249],[-123.928732,43.33513],[-123.926867,43.334056],[-123.925172,43.333901],[-123.923373,43.335449],[-123.92314,43.337547],[-123.922199,43.338602],[-123.924937,43.340699],[-123.927012,43.341702],[-123.93006,43.343935],[-123.931094,43.346439],[-123.931329,43.348804],[-123.930277,43.351529],[-123.9312,43.3529],[-123.931535,43.356019],[-123.933107,43.357587],[-123.932916,43.359971],[-123.932247,43.360989],[-123.933764,43.362509],[-123.935509,43.363166],[-123.939181,43.362499],[-123.936623,43.363354],[-123.935207,43.363394],[-123.931721,43.362279],[-123.930373,43.360763],[-123.929934,43.361386],[-123.93191,43.363059],[-123.935118,43.363915],[-123.936882,43.363792],[-123.938258,43.363056],[-123.941149,43.362618],[-123.945483,43.366702],[-123.946318,43.368221],[-123.94914,43.368356],[-123.951901,43.369215],[-123.951811,43.370071],[-123.950246,43.37107],[-123.949644,43.372269],[-123.950096,43.37367],[-123.952029,43.374995],[-123.951683,43.375799],[-123.957644,43.376185],[-123.96011,43.377818],[-123.959553,43.378831],[-123.956981,43.381063],[-123.954039,43.381898],[-123.953204,43.382882],[-123.953408,43.384029],[-123.955545,43.384781],[-123.957788,43.384087],[-123.960919,43.384889],[-123.963094,43.385834],[-123.963674,43.38664],[-123.963554,43.38936],[-123.964308,43.390209],[-123.962434,43.390923],[-123.95843,43.391191],[-123.956623,43.390855],[-123.954426,43.392255],[-123.950655,43.392899],[-123.949165,43.392767],[-123.948201,43.391604],[-123.948156,43.389106],[-123.946831,43.388018],[-123.944498,43.387493],[-123.940777,43.386069],[-123.938635,43.385547],[-123.936222,43.383189],[-123.934784,43.382809],[-123.931869,43.38444],[-123.931088,43.385298],[-123.92964,43.384877],[-123.927976,43.385255],[-123.925405,43.384694],[-123.923407,43.385848],[-123.918233,43.387724],[-123.916288,43.388958],[-123.911491,43.387951],[-123.909891,43.387996],[-123.909545,43.388659],[-123.913967,43.391542],[-123.91152,43.392159],[-123.910799,43.392868],[-123.911488,43.394217],[-123.916944,43.396483],[-123.91848,43.397969],[-123.91964,43.400165],[-123.921302,43.399891],[-123.923215,43.401378],[-123.923936,43.404465],[-123.93325,43.408352],[-123.935145,43.407067],[-123.93769,43.40605],[-123.939214,43.405968],[-123.942041,43.407456],[-123.944047,43.407057],[-123.946799,43.404551],[-123.949515,43.403944],[-123.951931,43.402924],[-123.958838,43.405925],[-123.960329,43.405493],[-123.960783,43.408156],[-123.963966,43.410754],[-123.961843,43.411004],[-123.95983,43.41059],[-123.958966,43.408477],[-123.957902,43.408552],[-123.956411,43.410401],[-123.954883,43.410433],[-123.951064,43.411258],[-123.953898,43.412225],[-123.954929,43.413845],[-123.952948,43.413999],[-123.950222,43.415134],[-123.949451,43.41613],[-123.945771,43.417207],[-123.94499,43.418564],[-123.943744,43.417727],[-123.943786,43.416645],[-123.942774,43.416539],[-123.942519,43.417806],[-123.943246,43.41919],[-123.942845,43.421544],[-123.940157,43.422417],[-123.937973,43.422575],[-123.934577,43.422269],[-123.930955,43.421232],[-123.928169,43.421344],[-123.924652,43.420788],[-123.921143,43.422464],[-123.919711,43.424195],[-123.921533,43.426293],[-123.921025,43.427233],[-123.918902,43.428513],[-123.914725,43.430322],[-123.91545,43.431852],[-123.915546,43.435116],[-123.916929,43.436771],[-123.919283,43.43811],[-123.921184,43.437868],[-123.922745,43.438337],[-123.922053,43.439146],[-123.923511,43.441828],[-123.922611,43.442643],[-123.923395,43.443349],[-123.923244,43.445889],[-123.922525,43.447383],[-123.923115,43.448992],[-123.922362,43.450438],[-123.920444,43.451261],[-123.922665,43.453969],[-123.922616,43.454686],[-123.920195,43.455758],[-123.917288,43.455981],[-123.915954,43.455047],[-123.913474,43.457199],[-123.913527,43.457623],[-123.914691,43.458638],[-123.915855,43.457647],[-123.916201,43.459455],[-123.917837,43.460394],[-123.920675,43.459544],[-123.924963,43.460691],[-123.926804,43.461684],[-123.923979,43.46564],[-123.923763,43.467895],[-123.924108,43.469392],[-123.923639,43.471035],[-123.92254,43.470438],[-123.918568,43.47152],[-123.918844,43.473198],[-123.917931,43.473937],[-123.915548,43.474329],[-123.915781,43.475292],[-123.914758,43.476123],[-123.913181,43.475862],[-123.91127,43.477164],[-123.91199,43.478843],[-123.910642,43.48184],[-123.908535,43.482775],[-123.907848,43.484784],[-123.904889,43.487282],[-123.904403,43.488762],[-123.903525,43.487651],[-123.900285,43.487689],[-123.899888,43.489597],[-123.89899,43.489802],[-123.897396,43.488427],[-123.896644,43.489954],[-123.892998,43.489448],[-123.893917,43.490295],[-123.898133,43.492005],[-123.901039,43.491274],[-123.905542,43.492177],[-123.908563,43.49187],[-123.911455,43.493471],[-123.908792,43.490961],[-123.909079,43.490117],[-123.910949,43.48867],[-123.913377,43.48902],[-123.914809,43.487757],[-123.915119,43.484873],[-123.915723,43.484053],[-123.919462,43.482839],[-123.920818,43.483134],[-123.921919,43.483522],[-123.922597,43.485119],[-123.924625,43.484729],[-123.92626,43.486148],[-123.926168,43.487392],[-123.927454,43.486466],[-123.92899,43.486639],[-123.931336,43.486016],[-123.931836,43.485362],[-123.934535,43.488645],[-123.935306,43.488487],[-123.935017,43.490894],[-123.936469,43.494871],[-123.937266,43.498556],[-123.934484,43.501586],[-123.93507,43.503716],[-123.931668,43.507169],[-123.93133,43.507875],[-123.93301,43.508829],[-123.937957,43.508377],[-123.940976,43.509386],[-123.945132,43.513382],[-123.946601,43.51436],[-123.946532,43.515078],[-123.949811,43.516239],[-123.948968,43.51715],[-123.951139,43.518177],[-123.951175,43.519046],[-123.954674,43.520154],[-123.956475,43.521469],[-123.959949,43.522126],[-123.977186,43.522281],[-123.978395,43.520081],[-123.977925,43.518364],[-123.97974,43.516577],[-123.981631,43.517055],[-123.984468,43.519634],[-123.98664,43.519425],[-123.987518,43.517662],[-123.986856,43.515829],[-123.985665,43.51441],[-123.985906,43.512052],[-123.984545,43.509923],[-123.981842,43.509761],[-123.981441,43.508525],[-123.983236,43.507905],[-123.988092,43.510154],[-123.989977,43.509318],[-123.990441,43.506581],[-123.99371,43.510488],[-123.995453,43.511022],[-123.999616,43.511202],[-124.002119,43.511932],[-124.00402,43.515919],[-124.005958,43.516882],[-124.007686,43.518379],[-124.010423,43.519643],[-124.011123,43.521312],[-124.014625,43.522397],[-124.017454,43.51913],[-124.01668,43.516559],[-124.019233,43.513945],[-124.020456,43.51342],[-124.022644,43.511468],[-124.022851,43.509646],[-124.024393,43.508552],[-124.024622,43.507663],[-124.027265,43.506813],[-124.028516,43.505402],[-124.031115,43.504599],[-124.032862,43.504863],[-124.035209,43.503416],[-124.035689,43.501676],[-124.034155,43.502059],[-124.033067,43.501359],[-124.033616,43.499224],[-124.036042,43.498959],[-124.033284,43.496385],[-124.033189,43.493978],[-124.035115,43.490805],[-124.037995,43.490107],[-124.04062,43.490585],[-124.043015,43.490383],[-124.044085,43.489433],[-124.042686,43.488098],[-124.045621,43.485215],[-124.04728,43.484651],[-124.048439,43.484948],[-124.048469,43.483313],[-124.05195,43.48623],[-124.052697,43.487518],[-124.05519,43.487264],[-124.057917,43.489449],[-124.058754,43.491652],[-124.060096,43.492274],[-124.062355,43.491925],[-124.060798,43.48995],[-124.06537,43.489882],[-124.065957,43.491496],[-124.067564,43.49248],[-124.069202,43.491284],[-124.071151,43.491533],[-124.073152,43.490107],[-124.075279,43.487075],[-124.078145,43.485327],[-124.078118,43.484111],[-124.08063,43.483214],[-124.080998,43.481755],[-124.08287,43.481416],[-124.083869,43.479227],[-124.086965,43.480146],[-124.087778,43.478452],[-124.086095,43.477826],[-124.084329,43.475814],[-124.082305,43.470378],[-124.086045,43.468956],[-124.082283,43.469432],[-124.081715,43.468316],[-124.080123,43.468147],[-124.079982,43.464553],[-124.078042,43.465936],[-124.076134,43.464837],[-124.075738,43.463037],[-124.073956,43.462274],[-124.074425,43.460988],[-124.072221,43.458158],[-124.074831,43.456585],[-124.076525,43.452697],[-124.074232,43.450273],[-124.077246,43.448969],[-124.079569,43.447116],[-124.07985,43.441925],[-124.078373,43.440759],[-124.078341,43.4379],[-124.077337,43.437237],[-124.078089,43.43495],[-124.075924,43.433647],[-124.080065,43.429324],[-124.082576,43.4293],[-124.084646,43.42731],[-124.086309,43.42699],[-124.091296,43.423787],[-124.093368,43.425868],[-124.093115,43.422437],[-124.096911,43.420424],[-124.094368,43.417817],[-124.09647,43.417611],[-124.095152,43.416742],[-124.095308,43.415279],[-124.093707,43.413038],[-124.095713,43.411276],[-124.097595,43.410796],[-124.098034,43.409515],[-124.09979,43.409491],[-124.101169,43.407181],[-124.103302,43.406883],[-124.103614,43.404024],[-124.102168,43.400457],[-124.100914,43.400297],[-124.104581,43.397117],[-124.104988,43.395676],[-124.104561,43.393111],[-124.132164,43.392923],[-124.133243,43.393704],[-124.137415,43.393523],[-124.143059,43.395584],[-124.148455,43.391835],[-124.152469,43.392294],[-124.155982,43.39138],[-124.156201,43.39074],[-124.154445,43.378431],[-124.161559,43.378465],[-124.164036,43.375116],[-124.167263,43.373785],[-124.170802,43.378526],[-124.172361,43.37853],[-124.168263,43.373865],[-124.167631,43.370839],[-124.168872,43.366159],[-124.176354,43.36592],[-124.176694,43.368458],[-124.178112,43.372317],[-124.180636,43.373754],[-124.185418,43.374027],[-124.188812,43.373255],[-124.207989,43.374357],[-124.208985,43.375798],[-124.213971,43.37905],[-124.217244,43.382202],[-124.218234,43.383946],[-124.21805,43.387704],[-124.220252,43.38767],[-124.222344,43.385505],[-124.2232,43.387307],[-124.224423,43.386653],[-124.225842,43.387739],[-124.239745,43.387614],[-124.23966,43.383966],[-124.248758,43.383996],[-124.249317,43.388921],[-124.249118,43.39868],[-124.251129,43.400264],[-124.255226,43.401986],[-124.258412,43.401972],[-124.258808,43.407056],[-124.257017,43.407062],[-124.254099,43.409523],[-124.254069,43.413226],[-124.25545,43.413017],[-124.257762,43.411185],[-124.258863,43.409583],[-124.258915,43.411898],[-124.259146,43.42334],[-124.235754,43.426699],[-124.23792,43.435511],[-124.237674,43.436911],[-124.239752,43.436744],[-124.242586,43.439264],[-124.24681,43.440958],[-124.247628,43.441978],[-124.246936,43.445313],[-124.250373,43.449423],[-124.256002,43.450702],[-124.258036,43.451633],[-124.265141,43.451216],[-124.274119,43.452812],[-124.27822292729999,43.454557493182]]]}},{"type":"Feature","properties":{"zcta5":"97459","AFFGEOID10":"8600000US97459","GEOID10":"97459","ALAND10":264261345,"AWATER10":42012001,"county_name":"Coos","state_code":"OR","county_state":"Coos County, OR","county_fips":"41011","risk_level_county":"Higher Risk (60–69% vaccinated)","mean_vaccination_rate_county":69.81,"risk_level_zcta":"Higher Risk (60–69% vaccinated)","mean_vaccination_rate_zips":69.83,"cases":1},"geometry":{"type":"Polygon","coordinates":[[[-124.27822292729999,43.454557493182],[-124.274119,43.452812],[-124.265141,43.451216],[-124.258036,43.451633],[-124.256002,43.450702],[-124.250373,43.449423],[-124.246936,43.445313],[-124.247628,43.441978],[-124.24681,43.440958],[-124.242586,43.439264],[-124.239752,43.436744],[-124.237674,43.436911],[-124.23792,43.435511],[-124.235754,43.426699],[-124.259146,43.42334],[-124.258915,43.411898],[-124.258863,43.409583],[-124.257762,43.411185],[-124.25545,43.413017],[-124.254069,43.413226],[-124.254099,43.409523],[-124.257017,43.407062],[-124.258808,43.407056],[-124.258412,43.401972],[-124.255226,43.401986],[-124.251129,43.400264],[-124.249118,43.39868],[-124.249317,43.388921],[-124.248758,43.383996],[-124.23966,43.383966],[-124.239745,43.387614],[-124.225842,43.387739],[-124.224423,43.386653],[-124.2232,43.387307],[-124.222344,43.385505],[-124.220252,43.38767],[-124.21805,43.387704],[-124.218234,43.383946],[-124.217244,43.382202],[-124.213971,43.37905],[-124.208985,43.375798],[-124.207989,43.374357],[-124.188812,43.373255],[-124.185418,43.374027],[-124.180636,43.373754],[-124.178112,43.372317],[-124.176694,43.368458],[-124.176354,43.36592],[-124.168872,43.366159],[-124.167631,43.370839],[-124.168263,43.373865],[-124.172361,43.37853],[-124.170802,43.378526],[-124.167263,43.373785],[-124.164036,43.375116],[-124.161559,43.378465],[-124.154445,43.378431],[-124.156201,43.39074],[-124.155982,43.39138],[-124.152469,43.392294],[-124.148455,43.391835],[-124.143059,43.395584],[-124.137415,43.393523],[-124.133243,43.393704],[-124.132164,43.392923],[-124.104561,43.393111],[-124.104988,43.395676],[-124.104581,43.397117],[-124.100914,43.400297],[-124.102168,43.400457],[-124.103614,43.404024],[-124.103302,43.406883],[-124.101169,43.407181],[-124.09979,43.409491],[-124.098034,43.409515],[-124.097595,43.410796],[-124.095713,43.411276],[-124.093707,43.413038],[-124.095308,43.415279],[-124.095152,43.416742],[-124.09647,43.417611],[-124.094368,43.417817],[-124.096911,43.420424],[-124.093115,43.422437],[-124.093368,43.425868],[-124.091296,43.423787],[-124.086309,43.42699],[-124.084646,43.42731],[-124.082576,43.4293],[-124.080065,43.429324],[-124.075924,43.433647],[-124.078089,43.43495],[-124.077337,43.437237],[-124.078341,43.4379],[-124.078373,43.440759],[-124.07985,43.441925],[-124.079569,43.447116],[-124.077246,43.448969],[-124.074232,43.450273],[-124.076525,43.452697],[-124.074831,43.456585],[-124.072221,43.458158],[-124.074425,43.460988],[-124.073956,43.462274],[-124.075738,43.463037],[-124.076134,43.464837],[-124.078042,43.465936],[-124.079982,43.464553],[-124.080123,43.468147],[-124.081715,43.468316],[-124.082283,43.469432],[-124.086045,43.468956],[-124.082305,43.470378],[-124.084329,43.475814],[-124.086095,43.477826],[-124.087778,43.478452],[-124.086965,43.480146],[-124.083869,43.479227],[-124.08287,43.481416],[-124.080998,43.481755],[-124.08063,43.483214],[-124.078118,43.484111],[-124.078145,43.485327],[-124.075279,43.487075],[-124.073152,43.490107],[-124.071151,43.491533],[-124.070832,43.49222],[-124.067952,43.493013],[-124.066677,43.494898],[-124.062117,43.495733],[-124.06273,43.495962],[-124.063658,43.522778],[-124.054251,43.522529],[-124.054877,43.52455],[-124.052229,43.526019],[-124.052214,43.527838],[-124.055465,43.52865],[-124.055751,43.530327],[-124.060036,43.531629],[-124.061839,43.530662],[-124.065898,43.531394],[-124.067957,43.530794],[-124.070122,43.531422],[-124.071812,43.53092],[-124.073178,43.532956],[-124.075705,43.533954],[-124.0756,43.535788],[-124.074311,43.538244],[-124.077125,43.539118],[-124.076944,43.540043],[-124.080015,43.540608],[-124.079103,43.541815],[-124.082189,43.543166],[-124.084203,43.543336],[-124.087985,43.542452],[-124.090284,43.542475],[-124.094569,43.54514],[-124.097129,43.54497],[-124.099789,43.545749],[-124.102708,43.543087],[-124.103986,43.545076],[-124.106648,43.545426],[-124.10876,43.544761],[-124.109995,43.543567],[-124.109071,43.542482],[-124.106473,43.542052],[-124.10708,43.539614],[-124.109393,43.540148],[-124.114466,43.539511],[-124.121149,43.540258],[-124.126876,43.539391],[-124.129754,43.54193],[-124.131783,43.542965],[-124.13443,43.54261],[-124.138931,43.542935],[-124.140121,43.543645],[-124.1429,43.543053],[-124.148827,43.544576],[-124.152988,43.544455],[-124.154133,43.546103],[-124.15303,43.546461],[-124.152253,43.549101],[-124.146627,43.551187],[-124.144625,43.552942],[-124.145578,43.557585],[-124.147721,43.559101],[-124.150518,43.559708],[-124.155333,43.559755],[-124.157494,43.559207],[-124.155811,43.557498],[-124.157943,43.557473],[-124.159075,43.553673],[-124.158743,43.551482],[-124.160654,43.549567],[-124.164521,43.547998],[-124.165766,43.548519],[-124.165005,43.546064],[-124.163103,43.547206],[-124.16118,43.547166],[-124.156205,43.544456],[-124.157221,43.542438],[-124.158341,43.541859],[-124.166513,43.540741],[-124.168616,43.540067],[-124.170922,43.540331],[-124.172696,43.541321],[-124.174983,43.541077],[-124.176339,43.540333],[-124.17646,43.536717],[-124.177231,43.539745],[-124.17631,43.541666],[-124.176058,43.546198],[-124.177256,43.5482],[-124.180363,43.549949],[-124.183886,43.550484],[-124.187312,43.548457],[-124.188671,43.546279],[-124.191274,43.545746],[-124.191005,43.546252],[-124.192886,43.558074],[-124.188052,43.557581],[-124.186209,43.559904],[-124.185462,43.561911],[-124.184084,43.563286],[-124.185518,43.566381],[-124.189663,43.566684],[-124.188033,43.567463],[-124.187981,43.571027],[-124.184371,43.571087],[-124.1845,43.573926],[-124.185748,43.574497],[-124.188769,43.573571],[-124.192728,43.576102],[-124.18842,43.578138],[-124.185657,43.580247],[-124.18471,43.581941],[-124.184211,43.586712],[-124.1833,43.589845],[-124.183373,43.605583],[-124.185691,43.605261],[-124.186541,43.605888],[-124.184726,43.607858],[-124.184135,43.610927],[-124.183642,43.611212],[-124.180855,43.611111],[-124.178793,43.611428],[-124.178836,43.620223],[-124.180824,43.614185],[-124.181569,43.621674],[-124.182239,43.626291],[-124.181819,43.627529],[-124.179708,43.628894],[-124.180558,43.632746],[-124.181913,43.633649],[-124.184695,43.633207],[-124.187922,43.636821],[-124.190173,43.64003],[-124.191083,43.643104],[-124.189057,43.646752],[-124.189656,43.655787],[-124.187664,43.659349],[-124.18762,43.660667],[-124.1912,43.662376],[-124.18893,43.664533],[-124.191617,43.664206],[-124.194022,43.662365],[-124.194984,43.662509],[-124.19853,43.660664],[-124.202843,43.661893],[-124.204861,43.661054],[-124.206062,43.6586],[-124.209276860344,43.6585891921401],[-124.210531,43.653347],[-124.214477,43.627619],[-124.21896637722301,43.6109319633736],[-124.232025,43.562393],[-124.255609,43.502172],[-124.27822292729999,43.454557493182]]]}},{"type":"Feature","properties":{"zcta5":"97423","AFFGEOID10":"8600000US97423","GEOID10":"97423","ALAND10":328812917,"AWATER10":3602177,"county_name":"Coos","state_code":"OR","county_state":"Coos County, OR","county_fips":"41011","risk_level_county":"Higher Risk (60–69% vaccinated)","mean_vaccination_rate_county":69.81,"risk_level_zcta":"Medium Risk (70–79% vaccinated)","mean_vaccination_rate_zips":70.77,"cases":1},"geometry":{"type":"Polygon","coordinates":[[[-124.29617,43.229277],[-124.306215,43.21844],[-124.307522,43.216058],[-124.307601,43.214152],[-124.306449,43.207222],[-124.307077,43.204613],[-124.316464,43.195571],[-124.319143,43.193295],[-124.322796,43.191922],[-124.326625,43.19191],[-124.331036,43.192449],[-124.334784,43.191941],[-124.337543,43.190913],[-124.337395,43.189205],[-124.339613,43.186336],[-124.339474,43.185015],[-124.340899,43.183505],[-124.338632,43.182202],[-124.338481,43.180538],[-124.336845,43.179472],[-124.336072,43.176991],[-124.337169,43.175991],[-124.339109,43.171779],[-124.342115,43.169706],[-124.345241,43.171404],[-124.347387,43.171391],[-124.350079,43.168544],[-124.349479,43.167735],[-124.344112,43.163746],[-124.34139,43.162625],[-124.339416,43.160167],[-124.340322,43.156158],[-124.339901,43.154988],[-124.341486,43.153881],[-124.340732,43.15102],[-124.340837,43.146045],[-124.341761,43.142645],[-124.341381,43.140109],[-124.338199,43.137666],[-124.338902,43.137047],[-124.33637,43.135633],[-124.337989,43.134299],[-124.3352,43.132653],[-124.334915,43.131521],[-124.330822,43.129759],[-124.331536,43.128622],[-124.327188,43.127605],[-124.324567,43.124979],[-124.321536,43.120798],[-124.321517,43.11814],[-124.319032,43.116112],[-124.31879,43.114226],[-124.317305,43.11108],[-124.315162,43.109186],[-124.307557,43.108308],[-124.304206,43.10959],[-124.29734,43.113259],[-124.290836,43.116007],[-124.287494,43.114622],[-124.2859,43.110664],[-124.28638,43.110069],[-124.281123,43.105216],[-124.278284,43.10509],[-124.277783,43.104344],[-124.27821,43.10127],[-124.278977,43.10027],[-124.28426,43.099349],[-124.29581,43.099868],[-124.295815,43.08955],[-124.293422,43.081276],[-124.295739,43.069412],[-124.295858,43.06742],[-124.277429,43.067331],[-124.278125,43.052874],[-124.256527,43.052792],[-124.256545,43.0656],[-124.257416,43.088696],[-124.25675,43.139364],[-124.236636,43.139404],[-124.236647,43.144482],[-124.233529,43.145694],[-124.230583,43.14446],[-124.227728,43.14499],[-124.227872,43.143376],[-124.226457,43.142858],[-124.226467,43.131547],[-124.218424,43.131504],[-124.216189,43.130528],[-124.216103,43.129522],[-124.213836,43.129185],[-124.209887,43.130652],[-124.207482,43.131043],[-124.19876,43.137007],[-124.198133,43.137241],[-124.197305,43.136021],[-124.198332,43.135419],[-124.199868,43.131793],[-124.200463,43.127585],[-124.197798,43.127408],[-124.199768,43.125306],[-124.202249,43.121798],[-124.201184,43.119074],[-124.19814,43.119046],[-124.197993,43.12058],[-124.195625,43.120975],[-124.193003,43.123187],[-124.190198,43.124288],[-124.183915,43.122544],[-124.180123,43.122369],[-124.179266,43.120537],[-124.177884,43.11985],[-124.176633,43.11713],[-124.171314,43.11555],[-124.171322,43.113267],[-124.16909,43.111088],[-124.16784,43.108143],[-124.162289,43.108163],[-124.161796,43.109445],[-124.160856,43.10816],[-124.158036,43.108266],[-124.15554,43.112516],[-124.152229,43.115711],[-124.147983,43.11745],[-124.149347,43.119268],[-124.14715,43.119299],[-124.143742,43.120651],[-124.142242,43.122124],[-124.136538,43.122386],[-124.130181,43.124067],[-124.128943,43.12469],[-124.126204,43.123914],[-124.125663,43.122987],[-124.123129,43.122621],[-124.12136,43.124019],[-124.118188,43.123405],[-124.115997,43.12414],[-124.11469,43.126128],[-124.115161,43.12772],[-124.11365,43.129532],[-124.113681,43.132543],[-124.112008,43.133999],[-124.110037,43.134306],[-124.105564,43.13628],[-124.104224,43.138657],[-124.104914,43.140402],[-124.106715,43.142375],[-124.107767,43.14684],[-124.107281,43.147466],[-124.103331,43.148765],[-124.1028,43.150179],[-124.101061,43.151448],[-124.098887,43.151473],[-124.095978,43.150362],[-124.098256,43.148251],[-124.098607,43.146545],[-124.09641,43.145472],[-124.095518,43.145508],[-124.091854,43.148195],[-124.089432,43.148146],[-124.085091,43.147282],[-124.081966,43.149117],[-124.074657,43.150735],[-124.072731,43.151879],[-124.072094,43.153339],[-124.077552,43.158668],[-124.079766,43.162236],[-124.083058,43.16342],[-124.085405,43.165217],[-124.084701,43.165922],[-124.082443,43.1652],[-124.082594,43.166396],[-124.076115,43.16756],[-124.074361,43.168892],[-124.075651,43.170667],[-124.075232,43.171774],[-124.076657,43.173215],[-124.078074,43.172693],[-124.080136,43.173709],[-124.082455,43.175722],[-124.086475,43.175261],[-124.087615,43.176826],[-124.085892,43.181047],[-124.08797,43.182311],[-124.088653,43.184281],[-124.092111,43.184613],[-124.094235,43.18771],[-124.0936,43.190416],[-124.087868,43.188894],[-124.085385,43.189584],[-124.087149,43.191832],[-124.085544,43.193059],[-124.086595,43.194372],[-124.086686,43.196762],[-124.085202,43.199879],[-124.082561,43.200664],[-124.079162,43.199265],[-124.077496,43.199132],[-124.079598,43.202777],[-124.079116,43.204447],[-124.075757,43.205717],[-124.074362,43.207153],[-124.073852,43.209089],[-124.069627,43.209182],[-124.070479,43.207927],[-124.068165,43.207469],[-124.067668,43.206303],[-124.06482,43.206942],[-124.064463,43.208198],[-124.061576,43.209374],[-124.063382,43.209985],[-124.06122,43.210396],[-124.053307,43.210373],[-124.051519,43.211335],[-124.049172,43.2149],[-124.04679,43.216033],[-124.043808,43.215992],[-124.0431,43.220124],[-124.043914,43.224019],[-124.04251,43.225351],[-124.040282,43.225993],[-124.038205,43.22849],[-124.036939,43.231024],[-124.0372,43.233358],[-124.034714,43.232954],[-124.031978,43.233488],[-124.032181,43.234727],[-124.029626,43.235668],[-124.029685,43.237422],[-124.032819,43.236949],[-124.033602,43.237941],[-124.03548,43.237517],[-124.037051,43.239492],[-124.038196,43.237757],[-124.040606,43.238023],[-124.041687,43.23901],[-124.03905,43.239749],[-124.040749,43.241012],[-124.040297,43.2427],[-124.04294,43.243936],[-124.04481,43.243702],[-124.046281,43.24458],[-124.047745,43.246593],[-124.04812,43.249507],[-124.047036,43.251192],[-124.043799,43.252523],[-124.042762,43.254207],[-124.044691,43.256544],[-124.042393,43.25743],[-124.041161,43.258958],[-124.039471,43.259257],[-124.038202,43.258377],[-124.036339,43.258997],[-124.036294,43.260385],[-124.035136,43.261395],[-124.033469,43.261369],[-124.031074,43.260432],[-124.028965,43.257407],[-124.027156,43.256658],[-124.023813,43.257759],[-124.021515,43.25792],[-124.02375,43.262911],[-124.023388,43.265008],[-124.022374,43.265899],[-124.020083,43.26605],[-124.016935,43.267267],[-124.012458,43.266865],[-124.010514,43.265707],[-124.007336,43.266406],[-124.006207,43.268384],[-124.006018,43.270461],[-124.004034,43.270951],[-124.00121,43.270872],[-123.998862,43.271406],[-123.990959,43.269782],[-123.987488,43.269798],[-123.986385,43.271432],[-123.983639,43.272777],[-123.982246,43.274854],[-123.982309,43.275881],[-123.980624,43.276666],[-123.97926,43.280436],[-123.979189,43.282515],[-123.978317,43.284277],[-123.975948,43.285473],[-123.975662,43.286853],[-123.969722,43.288596],[-123.966119,43.290295],[-123.963959,43.292255],[-123.960676,43.292964],[-123.957628,43.292224],[-123.95434,43.292265],[-123.951596,43.291801],[-123.948103,43.293907],[-123.946749,43.293885],[-123.941833,43.292715],[-123.94076,43.293625],[-123.934395,43.294117],[-123.931368,43.29407],[-123.930486,43.292024],[-123.927537,43.291412],[-123.929489,43.293269],[-123.929781,43.294847],[-123.932201,43.295777],[-123.934839,43.29622],[-123.939723,43.29803],[-123.942925,43.29881],[-123.946593,43.305006],[-123.945421,43.307001],[-123.941263,43.307471],[-123.945463,43.307519],[-123.945505,43.319074],[-123.947467,43.318943],[-123.994712,43.318876],[-123.994727,43.323147],[-123.996012,43.322713],[-123.99477,43.321067],[-123.995882,43.320184],[-123.998062,43.320021],[-123.999872,43.318254],[-124.002886,43.31657],[-124.005179,43.316559],[-124.006395,43.317746],[-124.007884,43.317634],[-124.010518,43.318916],[-124.028653,43.319001],[-124.029294,43.316552],[-124.028612,43.313015],[-124.029282,43.310537],[-124.030335,43.309569],[-124.031103,43.306721],[-124.027927,43.301319],[-124.026222,43.299853],[-124.02824,43.297841],[-124.031486,43.29891],[-124.032903,43.298651],[-124.035195,43.299539],[-124.034425,43.301408],[-124.038927,43.302294],[-124.039956,43.301791],[-124.041842,43.303983],[-124.044206,43.303798],[-124.045584,43.303003],[-124.047513,43.303434],[-124.053595,43.301543],[-124.053934,43.302641],[-124.057049,43.302713],[-124.05923,43.303953],[-124.061404,43.303547],[-124.06333,43.304274],[-124.063583,43.300604],[-124.063595,43.282977],[-124.065413,43.285431],[-124.065284,43.286804],[-124.06686,43.287905],[-124.06689,43.291382],[-124.068477,43.292989],[-124.067046,43.293126],[-124.067962,43.295278],[-124.070151,43.294966],[-124.071539,43.291406],[-124.074982,43.289048],[-124.079294,43.286775],[-124.080501,43.288653],[-124.07981,43.290461],[-124.082188,43.290609],[-124.084797,43.28982],[-124.086717,43.290848],[-124.089384,43.287358],[-124.090801,43.28646],[-124.094166,43.285821],[-124.095552,43.284048],[-124.097214,43.283357],[-124.097059,43.281768],[-124.099432,43.279557],[-124.096394,43.279604],[-124.098594,43.277957],[-124.100764,43.275582],[-124.100222,43.273962],[-124.102565,43.273129],[-124.104989,43.269598],[-124.103478,43.267343],[-124.104489,43.264146],[-124.10397,43.26226],[-124.105057,43.259183],[-124.104973,43.257784],[-124.108111,43.256484],[-124.109033,43.254057],[-124.108002,43.251316],[-124.105714,43.249609],[-124.104907,43.245403],[-124.105559,43.244789],[-124.103213,43.239039],[-124.102491,43.23643],[-124.101434,43.23437],[-124.104182,43.235911],[-124.110471,43.234555],[-124.113459,43.236443],[-124.117163,43.236377],[-124.120543,43.237142],[-124.122057,43.236464],[-124.121707,43.239338],[-124.124176,43.241415],[-124.122681,43.242187],[-124.122648,43.242398],[-124.125727,43.24044],[-124.127559,43.236838],[-124.131262,43.234196],[-124.139832,43.238115],[-124.139962,43.236014],[-124.138769,43.235332],[-124.138501,43.233025],[-124.140079,43.231069],[-124.139458,43.227626],[-124.140412,43.226428],[-124.139836,43.224516],[-124.139906,43.220868],[-124.141558,43.218938],[-124.14372,43.218755],[-124.145087,43.217359],[-124.144795,43.216092],[-124.147347,43.214923],[-124.147746,43.213492],[-124.154009,43.209506],[-124.157034,43.209211],[-124.160519,43.212503],[-124.160683,43.215896],[-124.161582,43.21821],[-124.16119,43.223162],[-124.161535,43.225599],[-124.164388,43.226174],[-124.164517,43.228621],[-124.163502,43.231033],[-124.165417,43.231025],[-124.168662,43.234189],[-124.170042,43.231342],[-124.173451,43.228248],[-124.176465,43.228816],[-124.178691,43.227842],[-124.182224,43.227828],[-124.184054,43.225674],[-124.187002,43.223482],[-124.191422,43.223605],[-124.19222,43.224606],[-124.193786,43.221989],[-124.192428,43.220356],[-124.196096,43.217683],[-124.198656,43.214424],[-124.202268,43.212895],[-124.203524,43.213573],[-124.202842,43.215192],[-124.204176,43.217379],[-124.204817,43.216733],[-124.207405,43.217042],[-124.21037,43.214253],[-124.213407,43.213438],[-124.215773,43.213347],[-124.220096,43.213925],[-124.221268,43.21203],[-124.220135,43.21801],[-124.222006,43.218158],[-124.223775,43.219217],[-124.226135,43.219117],[-124.22705,43.21985],[-124.231676,43.218994],[-124.234063,43.216848],[-124.236766,43.218818],[-124.238641,43.218491],[-124.235441,43.21697],[-124.235351,43.215874],[-124.245093,43.21647],[-124.246672,43.215217],[-124.247708,43.218038],[-124.246076,43.22125],[-124.241959,43.223497],[-124.239054,43.224009],[-124.236634,43.226067],[-124.234585,43.23021],[-124.235861,43.230403],[-124.235644,43.231923],[-124.23401,43.234273],[-124.234169,43.236518],[-124.235456,43.239575],[-124.234917,43.24167],[-124.236139,43.243937],[-124.237885,43.2446],[-124.241851,43.247236],[-124.242409,43.249305],[-124.243556,43.250206],[-124.256425,43.25036],[-124.256378,43.254642],[-124.259873,43.25336],[-124.260977,43.254134],[-124.267448,43.254155],[-124.271432,43.25659],[-124.273622,43.25528],[-124.277785,43.254543],[-124.28304,43.255168],[-124.285217,43.254126],[-124.285952,43.25275],[-124.289011,43.23834],[-124.290566,43.235322],[-124.29617,43.229277]]]}},{"type":"Feature","properties":{"zcta5":"97449","AFFGEOID10":"8600000US97449","GEOID10":"97449","ALAND10":115982036,"AWATER10":8538411,"county_name":"Coos","state_code":"OR","county_state":"Coos County, OR","county_fips":"41011","risk_level_county":"Higher Risk (60–69% vaccinated)","mean_vaccination_rate_county":69.81,"risk_level_zcta":"Very High Risk (<60% vaccinated)","mean_vaccination_rate_zips":58.03,"cases":1},"geometry":{"type":"Polygon","coordinates":[[[-124.180855,43.611111],[-124.183642,43.611212],[-124.184135,43.610927],[-124.184726,43.607858],[-124.186541,43.605888],[-124.185691,43.605261],[-124.183373,43.605583],[-124.1833,43.589845],[-124.184211,43.586712],[-124.18471,43.581941],[-124.185657,43.580247],[-124.18842,43.578138],[-124.192728,43.576102],[-124.188769,43.573571],[-124.185748,43.574497],[-124.1845,43.573926],[-124.184371,43.571087],[-124.187981,43.571027],[-124.188033,43.567463],[-124.189663,43.566684],[-124.185518,43.566381],[-124.184084,43.563286],[-124.185462,43.561911],[-124.186209,43.559904],[-124.188052,43.557581],[-124.192886,43.558074],[-124.191005,43.546252],[-124.191274,43.545746],[-124.188671,43.546279],[-124.187312,43.548457],[-124.183886,43.550484],[-124.180363,43.549949],[-124.177256,43.5482],[-124.176058,43.546198],[-124.17631,43.541666],[-124.177231,43.539745],[-124.17646,43.536717],[-124.176339,43.540333],[-124.174983,43.541077],[-124.172696,43.541321],[-124.170922,43.540331],[-124.168616,43.540067],[-124.166513,43.540741],[-124.158341,43.541859],[-124.157221,43.542438],[-124.156205,43.544456],[-124.16118,43.547166],[-124.163103,43.547206],[-124.165005,43.546064],[-124.165766,43.548519],[-124.164521,43.547998],[-124.160654,43.549567],[-124.158743,43.551482],[-124.159075,43.553673],[-124.157943,43.557473],[-124.155811,43.557498],[-124.157494,43.559207],[-124.155333,43.559755],[-124.150518,43.559708],[-124.147721,43.559101],[-124.145578,43.557585],[-124.144625,43.552942],[-124.146627,43.551187],[-124.152253,43.549101],[-124.15303,43.546461],[-124.154133,43.546103],[-124.152988,43.544455],[-124.148827,43.544576],[-124.1429,43.543053],[-124.140121,43.543645],[-124.138931,43.542935],[-124.13443,43.54261],[-124.131783,43.542965],[-124.129754,43.54193],[-124.126876,43.539391],[-124.121149,43.540258],[-124.114466,43.539511],[-124.109393,43.540148],[-124.10708,43.539614],[-124.106473,43.542052],[-124.109071,43.542482],[-124.109995,43.543567],[-124.10876,43.544761],[-124.106648,43.545426],[-124.103986,43.545076],[-124.102708,43.543087],[-124.099789,43.545749],[-124.097129,43.54497],[-124.094569,43.54514],[-124.090284,43.542475],[-124.087985,43.542452],[-124.084203,43.543336],[-124.082189,43.543166],[-124.079103,43.541815],[-124.080015,43.540608],[-124.076944,43.540043],[-124.077125,43.539118],[-124.074311,43.538244],[-124.0756,43.535788],[-124.075705,43.533954],[-124.073178,43.532956],[-124.071812,43.53092],[-124.070122,43.531422],[-124.067957,43.530794],[-124.065898,43.531394],[-124.061839,43.530662],[-124.060036,43.531629],[-124.055751,43.530327],[-124.055465,43.52865],[-124.052214,43.527838],[-124.052229,43.526019],[-124.049697,43.527959],[-124.048477,43.52973],[-124.048093,43.532221],[-124.045945,43.535614],[-124.045503,43.538463],[-124.043597,43.537926],[-124.040291,43.537901],[-124.038269,43.539775],[-124.034579,43.540894],[-124.032704,43.543072],[-124.031254,43.543362],[-124.029914,43.544591],[-124.026561,43.544497],[-124.025924,43.54531],[-124.023343,43.54569],[-124.018605,43.547598],[-124.01748,43.547967],[-124.013924,43.547601],[-124.012796,43.546953],[-124.011183,43.547942],[-124.006956,43.54638],[-124.002745,43.546576],[-124.000177,43.546255],[-123.998877,43.545259],[-123.996445,43.547379],[-123.994391,43.547956],[-123.989411,43.54735],[-123.987163,43.547588],[-123.98486,43.548714],[-123.983324,43.550813],[-123.982297,43.550975],[-123.983828,43.551748],[-123.983659,43.552534],[-123.98156,43.553787],[-123.981251,43.555381],[-123.979628,43.556256],[-123.979747,43.55716],[-123.982096,43.558873],[-123.983381,43.562843],[-123.983033,43.563985],[-123.98482,43.565657],[-123.985191,43.567212],[-123.983754,43.56812],[-123.984388,43.569896],[-123.983951,43.573321],[-123.983138,43.575168],[-123.980189,43.577577],[-123.981924,43.578787],[-123.983813,43.579161],[-123.982387,43.581366],[-123.983123,43.58336],[-123.98295,43.585046],[-123.984297,43.587438],[-123.983888,43.588971],[-123.981233,43.588047],[-123.981576,43.589752],[-123.979133,43.591017],[-123.977787,43.59419],[-123.977828,43.595457],[-123.976488,43.597207],[-123.976541,43.598116],[-123.978598,43.599828],[-123.977341,43.601605],[-123.979538,43.605759],[-123.978654,43.606925],[-123.979004,43.609363],[-124.062969,43.609641],[-124.081939,43.610596],[-124.151485,43.611138],[-124.175749,43.611325],[-124.180855,43.611111]]]}},{"type":"Feature","properties":{"zcta5":"97466","AFFGEOID10":"8600000US97466","GEOID10":"97466","ALAND10":108152396,"AWATER10":447757,"county_name":"Coos","state_code":"OR","county_state":"Coos County, OR","county_fips":"41011","risk_level_county":"Higher Risk (60–69% vaccinated)","mean_vaccination_rate_county":69.81,"risk_level_zcta":"Medium Risk (70–79% vaccinated)","mean_vaccination_rate_zips":73.97,"cases":1},"geometry":{"type":"Polygon","coordinates":[[[-124.161288,42.874824],[-124.162074,42.86973],[-124.156629,42.869642],[-124.156491,42.8658],[-124.151209,42.86581],[-124.151235,42.862067],[-124.146377,42.862081],[-124.146344,42.850511],[-124.141475,42.850586],[-124.141162,42.831298],[-124.142136,42.831279],[-124.142417,42.828463],[-124.143221,42.826912],[-124.142158,42.825406],[-124.146569,42.824547],[-124.145406,42.822516],[-124.142615,42.820753],[-124.140312,42.820164],[-124.141415,42.817109],[-124.144492,42.813436],[-124.142813,42.812675],[-124.140625,42.812846],[-124.133737,42.815323],[-124.13208,42.817371],[-124.129835,42.817848],[-124.129334,42.820378],[-124.126,42.821469],[-124.125128,42.821798],[-124.116924,42.820176],[-124.112388,42.817293],[-124.109137,42.817762],[-124.106191,42.816201],[-124.102022,42.814877],[-124.102754,42.816438],[-124.101702,42.817377],[-124.102903,42.818507],[-124.101131,42.819601],[-124.096705,42.818773],[-124.096602,42.819805],[-124.094258,42.821241],[-124.094032,42.823378],[-124.092882,42.824111],[-124.092112,42.826461],[-124.089134,42.826301],[-124.087498,42.828031],[-124.085274,42.828791],[-124.084907,42.83086],[-124.08312,42.830886],[-124.082019,42.828874],[-124.079161,42.82703],[-124.081402,42.825046],[-124.081426,42.82326],[-124.079835,42.824284],[-124.080071,42.825395],[-124.077946,42.826551],[-124.078425,42.828461],[-124.077716,42.83213],[-124.074955,42.831075],[-124.07564,42.829959],[-124.07512,42.828466],[-124.072611,42.829713],[-124.06713,42.830196],[-124.06619,42.830876],[-124.061446,42.832028],[-124.059179,42.833643],[-124.054443,42.835433],[-124.052347,42.835047],[-124.049311,42.835543],[-124.047178,42.837166],[-124.045492,42.839568],[-124.042891,42.839808],[-124.041994,42.841515],[-124.039629,42.840116],[-124.038459,42.836516],[-124.036334,42.83445],[-124.03145,42.831487],[-124.029086,42.830945],[-124.024456,42.82914],[-124.022406,42.827556],[-124.016761,42.826417],[-124.013929,42.823673],[-124.012654,42.823689],[-124.006724,42.825777],[-124.003875,42.825603],[-123.999817,42.827431],[-123.997783,42.829597],[-123.996965,42.831765],[-123.995197,42.831528],[-123.99452,42.832462],[-123.996661,42.833253],[-123.997915,42.834494],[-123.998792,42.838818],[-123.997803,42.841555],[-123.997975,42.844036],[-123.996468,42.842954],[-123.994991,42.84414],[-123.996439,42.848908],[-123.997853,42.849727],[-123.998403,42.85151],[-123.994469,42.853292],[-123.993181,42.854544],[-123.993782,42.855908],[-123.992959,42.857881],[-123.993787,42.861506],[-123.991323,42.861412],[-123.989852,42.862423],[-123.990313,42.864629],[-123.987547,42.86399],[-123.987454,42.865513],[-123.985948,42.866484],[-123.98753,42.867243],[-123.986733,42.868659],[-123.989714,42.870114],[-123.988328,42.87047],[-123.989283,42.87149],[-123.99176,42.871092],[-123.993498,42.874285],[-123.996784,42.876541],[-124.001806,42.876503],[-124.002036,42.887238],[-124.007969,42.888962],[-124.008289,42.891271],[-124.021365,42.891598],[-124.020823,42.920209],[-124.056093,42.919745],[-124.056461,42.918432],[-124.058728,42.918683],[-124.061087,42.919693],[-124.072406,42.919534],[-124.072917,42.915453],[-124.079712,42.912517],[-124.08243,42.912747],[-124.079704,42.911171],[-124.081066,42.907352],[-124.080879,42.903115],[-124.082311,42.90302],[-124.085315,42.904848],[-124.089933,42.903108],[-124.09245,42.902617],[-124.092283,42.90214],[-124.088147,42.900301],[-124.085028,42.898035],[-124.082016,42.897104],[-124.083223,42.896707],[-124.088106,42.898277],[-124.087994,42.899003],[-124.091527,42.900419],[-124.093797,42.900839],[-124.096387,42.899675],[-124.098843,42.899912],[-124.101473,42.902071],[-124.103444,42.901876],[-124.10505,42.903077],[-124.107559,42.903557],[-124.111495,42.90752],[-124.111966,42.905837],[-124.115505,42.90446],[-124.117423,42.901985],[-124.119221,42.902093],[-124.124379,42.901007],[-124.124927,42.899404],[-124.12827,42.895763],[-124.132332,42.89554],[-124.135561,42.894697],[-124.137152,42.893079],[-124.138211,42.893758],[-124.141306,42.894222],[-124.14151,42.88496],[-124.143695,42.882697],[-124.144866,42.87901],[-124.147055,42.881438],[-124.14719,42.884898],[-124.149461,42.884532],[-124.149277,42.880461],[-124.149994,42.877946],[-124.148719,42.877008],[-124.14997,42.875074],[-124.161288,42.874824]]]}},{"type":"Feature","properties":{"zcta5":"97414","AFFGEOID10":"8600000US97414","GEOID10":"97414","ALAND10":70338510,"AWATER10":381469,"county_name":"Coos","state_code":"OR","county_state":"Coos County, OR","county_fips":"41011","risk_level_county":"Higher Risk (60–69% vaccinated)","mean_vaccination_rate_county":69.81,"risk_level_zcta":"Medium Risk (70–79% vaccinated)","mean_vaccination_rate_zips":71.35,"cases":1},"geometry":{"type":"Polygon","coordinates":[[[-124.254084,42.951296],[-124.253317,42.943809],[-124.243779,42.9443],[-124.24387,42.940652],[-124.239129,42.940948],[-124.239394,42.933751],[-124.219623,42.933782],[-124.219416,42.918156],[-124.210197,42.918224],[-124.209667,42.916631],[-124.209522,42.911125],[-124.214393,42.911141],[-124.214201,42.904006],[-124.204851,42.90391],[-124.204984,42.905176],[-124.20655,42.90569],[-124.207506,42.907564],[-124.2072,42.90988],[-124.20446,42.911992],[-124.201444,42.911492],[-124.200656,42.912227],[-124.197923,42.912619],[-124.195544,42.913789],[-124.189333,42.915455],[-124.186397,42.915838],[-124.185225,42.914771],[-124.183545,42.915746],[-124.178951,42.916211],[-124.177257,42.917487],[-124.177206,42.920248],[-124.173867,42.923026],[-124.17319,42.9248],[-124.167697,42.9278],[-124.166767,42.928857],[-124.163369,42.930752],[-124.162092,42.93279],[-124.160033,42.933296],[-124.158003,42.935649],[-124.152767,42.939667],[-124.151161,42.940065],[-124.148978,42.941688],[-124.147987,42.94324],[-124.143851,42.946481],[-124.143483,42.949474],[-124.144523,42.951748],[-124.144341,42.954129],[-124.146745,42.956333],[-124.145448,42.959132],[-124.146274,42.963572],[-124.147655,42.964304],[-124.150418,42.966942],[-124.150454,42.968784],[-124.153124,42.971239],[-124.153727,42.974297],[-124.155014,42.974915],[-124.156736,42.974497],[-124.159483,42.975047],[-124.160216,42.977623],[-124.164612,42.977876],[-124.163132,42.978164],[-124.160254,42.981536],[-124.156903,42.981001],[-124.151052,42.981715],[-124.149622,42.981296],[-124.145503,42.977563],[-124.14285,42.976049],[-124.139941,42.975013],[-124.138482,42.972846],[-124.13604,42.97149],[-124.134001,42.967924],[-124.12951,42.965888],[-124.127535,42.966036],[-124.124413,42.967936],[-124.121032,42.970735],[-124.117387,42.971279],[-124.115593,42.970824],[-124.114522,42.96852],[-124.111724,42.965436],[-124.112622,42.9587],[-124.106508,42.957076],[-124.106738,42.955808],[-124.106118,42.956763],[-124.106308,42.95732],[-124.108366,42.958533],[-124.10866,42.960391],[-124.110454,42.962947],[-124.111341,42.965341],[-124.109779,42.966185],[-124.106375,42.966273],[-124.104971,42.966926],[-124.104426,42.968426],[-124.105186,42.969346],[-124.104428,42.973197],[-124.10093,42.976161],[-124.101548,42.980493],[-124.09975,42.983844],[-124.089514,42.988506],[-124.088924,42.989238],[-124.090036,42.990928],[-124.097837,42.99302],[-124.099875,42.99387],[-124.102368,42.992553],[-124.106082,42.99399],[-124.109738,42.994713],[-124.110544,42.995494],[-124.113893,42.995106],[-124.118868,42.995527],[-124.120345,42.995307],[-124.12438,42.996221],[-124.124522,42.997071],[-124.119991,42.998753],[-124.123091,43.000957],[-124.118644,43.000515],[-124.114811,43.000905],[-124.110575,43.002622],[-124.110557,43.003944],[-124.113365,43.007884],[-124.11253,43.01157],[-124.112893,43.016619],[-124.11427,43.017393],[-124.112996,43.023403],[-124.118317,43.025638],[-124.121895,43.024379],[-124.122958,43.025522],[-124.124838,43.025235],[-124.12723,43.02362],[-124.127543,43.022232],[-124.129423,43.02145],[-124.133019,43.021824],[-124.132975,43.020591],[-124.134383,43.019051],[-124.135058,43.016595],[-124.13702,43.014162],[-124.140795,43.015717],[-124.142927,43.018746],[-124.144347,43.019223],[-124.146053,43.018498],[-124.149227,43.015413],[-124.150865,43.014703],[-124.151837,43.015274],[-124.151918,43.017318],[-124.153967,43.019409],[-124.159451,43.017728],[-124.162242,43.016002],[-124.163559,43.014341],[-124.163073,43.01331],[-124.164197,43.01012],[-124.163494,43.009019],[-124.162746,43.008527],[-124.158602,43.008835],[-124.152783,43.008831],[-124.151198,43.008347],[-124.152565,43.005818],[-124.154924,43.005344],[-124.156362,43.003358],[-124.159015,43.002273],[-124.160088,42.999676],[-124.16324,42.996322],[-124.164944,42.991751],[-124.166352,42.989594],[-124.165825,42.987058],[-124.163583,42.98365],[-124.162998,42.981356],[-124.164687,42.978441],[-124.166408,42.97763],[-124.168317,42.97821],[-124.172509,42.97855],[-124.17698,42.97842],[-124.181546,42.977578],[-124.181248,42.979379],[-124.186637,42.97841],[-124.189876,42.978922],[-124.196066,42.981031],[-124.195724,42.985765],[-124.193425,42.989338],[-124.194023,42.990893],[-124.196384,42.992065],[-124.199894,42.991377],[-124.201239,42.992012],[-124.2037,42.991857],[-124.205467,42.990934],[-124.207064,42.988321],[-124.211376,42.986616],[-124.21498,42.986363],[-124.216214,42.987362],[-124.219345,42.987338],[-124.221265,42.988176],[-124.22006,42.986335],[-124.219503,42.983854],[-124.219993,42.981924],[-124.217893,42.979446],[-124.219994,42.979187],[-124.219081,42.977612],[-124.222698,42.976236],[-124.223071,42.97494],[-124.226025,42.976557],[-124.225524,42.974014],[-124.226569,42.970514],[-124.227279,42.969735],[-124.22796,42.966617],[-124.229642,42.965318],[-124.231968,42.965979],[-124.23154,42.964152],[-124.234363,42.961496],[-124.23531,42.959113],[-124.240292,42.95665],[-124.239911,42.955628],[-124.241948,42.953197],[-124.244877,42.952449],[-124.243777,42.954774],[-124.245639,42.956867],[-124.246406,42.959201],[-124.249037,42.958932],[-124.249805,42.956927],[-124.252683,42.954228],[-124.254084,42.951296]]]}},{"type":"Feature","properties":{"zcta5":"97450","AFFGEOID10":"8600000US97450","GEOID10":"97450","ALAND10":216573055,"AWATER10":2206556,"county_name":"Coos","state_code":"OR","county_state":"Coos County, OR","county_fips":"41011","risk_level_county":"Higher Risk (60–69% vaccinated)","mean_vaccination_rate_county":69.81,"risk_level_zcta":"Very High Risk (<60% vaccinated)","mean_vaccination_rate_zips":59.89,"cases":1},"geometry":{"type":"Polygon","coordinates":[[[-124.54207326368,42.8559032240262],[-124.54249,42.854099],[-124.541073,42.852283],[-124.537756,42.851104],[-124.537273,42.850016],[-124.53798,42.846714],[-124.536341,42.844047],[-124.536146,42.840553],[-124.535059,42.839633],[-124.530965,42.841114],[-124.527915,42.841092],[-124.522843,42.8402],[-124.523341,42.838069],[-124.522061,42.836438],[-124.518499,42.8349],[-124.516009,42.830376],[-124.513163,42.827802],[-124.512028,42.825391],[-124.509278,42.827133],[-124.506688,42.828307],[-124.502984,42.824999],[-124.500692,42.824427],[-124.497832,42.824933],[-124.493795,42.82359],[-124.492483,42.822756],[-124.490365,42.822833],[-124.48713,42.822069],[-124.486619,42.820626],[-124.4842,42.820054],[-124.482887,42.820737],[-124.482951,42.827058],[-124.48253,42.828163],[-124.479697,42.830943],[-124.479005,42.832194],[-124.477565,42.838885],[-124.474874,42.844684],[-124.472669,42.852713],[-124.470032,42.859785],[-124.466811,42.863859],[-124.466489,42.866186],[-124.463738,42.86552],[-124.461024,42.863986],[-124.460544,42.864991],[-124.458878,42.864964],[-124.459621,42.866156],[-124.454018,42.885443],[-124.452806,42.886278],[-124.449323,42.886942],[-124.447083,42.886164],[-124.445622,42.886393],[-124.442947,42.884587],[-124.442325,42.882666],[-124.44304,42.881728],[-124.441392,42.880539],[-124.440366,42.880813],[-124.439277,42.878412],[-124.437443,42.877589],[-124.43539,42.875347],[-124.432719,42.873868],[-124.430356,42.871718],[-124.429952,42.870551],[-124.433963,42.870872],[-124.429797,42.869271],[-124.428305,42.86767],[-124.424916,42.865245],[-124.422056,42.863827],[-124.420036,42.863506],[-124.418015,42.864124],[-124.416087,42.861333],[-124.411053,42.858245],[-124.406141,42.857603],[-124.403189,42.856413],[-124.399894,42.855932],[-124.392122,42.858125],[-124.387519,42.860274],[-124.382668,42.861827],[-124.379591,42.861619],[-124.378194,42.858257],[-124.376216,42.859479],[-124.374243,42.859742],[-124.373561,42.861938],[-124.371512,42.864592],[-124.368654,42.86688],[-124.366789,42.867087],[-124.363059,42.868438],[-124.362438,42.869902],[-124.360635,42.870429],[-124.359298,42.869812],[-124.356403,42.870973],[-124.34997,42.868237],[-124.344092,42.866135],[-124.338434,42.865885],[-124.335417,42.864216],[-124.333364,42.861838],[-124.329198,42.862205],[-124.326773,42.860604],[-124.323447,42.86248],[-124.324162,42.860833],[-124.319436,42.856854],[-124.315053,42.855734],[-124.3121,42.856717],[-124.309737,42.856694],[-124.307717,42.85809],[-124.304608,42.858661],[-124.298856,42.85722],[-124.296805,42.855779],[-124.29124,42.858454],[-124.288131,42.858476],[-124.284122,42.857446],[-124.277811,42.85765],[-124.276785,42.858999],[-124.271933,42.862177],[-124.26929,42.862473],[-124.269102,42.864486],[-124.2668,42.866978],[-124.265554,42.870385],[-124.265584,42.871643],[-124.261908,42.876273],[-124.258485,42.879702],[-124.255404,42.881896],[-124.257952,42.88391],[-124.258387,42.885168],[-124.260717,42.887959],[-124.260623,42.888759],[-124.256484,42.891136],[-124.254524,42.891661],[-124.253714,42.893262],[-124.250083,42.894997],[-124.247097,42.895273],[-124.249836,42.896301],[-124.25164,42.895936],[-124.253244,42.896921],[-124.254423,42.900009],[-124.255854,42.900171],[-124.260456,42.902118],[-124.262042,42.901776],[-124.266241,42.902099],[-124.267455,42.904131],[-124.27212,42.906512],[-124.272149,42.908593],[-124.273798,42.909508],[-124.274853,42.912802],[-124.276098,42.91326],[-124.278898,42.9123],[-124.281605,42.915411],[-124.283502,42.916189],[-124.284186,42.917585],[-124.284122,42.920992],[-124.289848,42.92152],[-124.291901,42.923007],[-124.291962,42.926048],[-124.289068,42.927786],[-124.287604,42.930599],[-124.291307,42.932086],[-124.290278,42.935129],[-124.288814,42.935335],[-124.290153,42.937325],[-124.286822,42.937368],[-124.283179,42.939447],[-124.282153,42.941548],[-124.27932,42.942187],[-124.279038,42.943239],[-124.274493,42.945019],[-124.273216,42.946528],[-124.270758,42.947188],[-124.268719,42.951318],[-124.269832,42.952408],[-124.269254,42.954877],[-124.356221,42.954655],[-124.379665,42.955163],[-124.380778,42.956539],[-124.381463,42.959181],[-124.383759,42.960974],[-124.385399,42.961734],[-124.387899,42.961524],[-124.390851,42.959859],[-124.392964,42.959842],[-124.394647,42.961676],[-124.399379,42.961451],[-124.403091,42.962308],[-124.406448,42.965659],[-124.407852,42.966474],[-124.410567,42.966318],[-124.411453,42.966863],[-124.413562,42.965764],[-124.417774,42.965293],[-124.420446,42.964402],[-124.423213,42.964458],[-124.424981,42.965632],[-124.425579,42.967792],[-124.427994,42.968282],[-124.428923,42.966229],[-124.431672,42.966016],[-124.432777,42.967366],[-124.436503,42.967905],[-124.440526,42.969264],[-124.441311,42.968736],[-124.448926,42.970103],[-124.461695,42.970387],[-124.459679,42.970273],[-124.460363,42.967918],[-124.462362,42.967213],[-124.46346,42.964597],[-124.465138,42.96639],[-124.46457,42.967905],[-124.465587,42.969842],[-124.467324,42.970162],[-124.46883,42.967765],[-124.470063,42.967763],[-124.471599,42.965009],[-124.471194,42.964074],[-124.473753,42.961596],[-124.473184,42.959875],[-124.475141,42.958463],[-124.475529,42.955959],[-124.476519,42.954357],[-124.479636362958,42.9543325389089],[-124.480938,42.951495],[-124.500141,42.917502],[-124.525653,42.879986],[-124.528298,42.879534],[-124.530438,42.876082],[-124.534589,42.875403],[-124.536195,42.87227],[-124.534433,42.869664],[-124.53648,42.862354],[-124.54051,42.856855],[-124.54207326368,42.8559032240262]],[[-124.520576,42.859634],[-124.522159,42.864186],[-124.520044,42.865168],[-124.512025,42.862215],[-124.509164,42.863586],[-124.507079,42.865849],[-124.506392,42.869965],[-124.503778,42.872548],[-124.496663,42.8704],[-124.496133,42.867089],[-124.497881,42.862296],[-124.498909,42.861186],[-124.504606,42.861188],[-124.504741,42.857921],[-124.507238,42.856648],[-124.507335,42.852934],[-124.495726,42.854321],[-124.489815,42.848974],[-124.491245,42.846783],[-124.507179,42.846752],[-124.516617,42.84694],[-124.517284,42.851906],[-124.519467,42.856078],[-124.521448,42.857027],[-124.520576,42.859634]]]}},{"type":"Feature","properties":{"zcta5":"97411","AFFGEOID10":"8600000US97411","GEOID10":"97411","ALAND10":347412629,"AWATER10":30928995,"county_name":"Coos","state_code":"OR","county_state":"Coos County, OR","county_fips":"41011","risk_level_county":"Higher Risk (60–69% vaccinated)","mean_vaccination_rate_county":69.81,"risk_level_zcta":"Higher Risk (60–69% vaccinated)","mean_vaccination_rate_zips":68.84,"cases":1},"geometry":{"type":"Polygon","coordinates":[[[-124.479636362958,42.9543325389089],[-124.476519,42.954357],[-124.475529,42.955959],[-124.475141,42.958463],[-124.473184,42.959875],[-124.473753,42.961596],[-124.471194,42.964074],[-124.471599,42.965009],[-124.470063,42.967763],[-124.46883,42.967765],[-124.467324,42.970162],[-124.465587,42.969842],[-124.46457,42.967905],[-124.465138,42.96639],[-124.46346,42.964597],[-124.462362,42.967213],[-124.460363,42.967918],[-124.459679,42.970273],[-124.461695,42.970387],[-124.448926,42.970103],[-124.441311,42.968736],[-124.440526,42.969264],[-124.436503,42.967905],[-124.432777,42.967366],[-124.431672,42.966016],[-124.428923,42.966229],[-124.427994,42.968282],[-124.425579,42.967792],[-124.424981,42.965632],[-124.423213,42.964458],[-124.420446,42.964402],[-124.417774,42.965293],[-124.413562,42.965764],[-124.411453,42.966863],[-124.410567,42.966318],[-124.407852,42.966474],[-124.406448,42.965659],[-124.403091,42.962308],[-124.399379,42.961451],[-124.394647,42.961676],[-124.392964,42.959842],[-124.390851,42.959859],[-124.387899,42.961524],[-124.385399,42.961734],[-124.383759,42.960974],[-124.381463,42.959181],[-124.380778,42.956539],[-124.379665,42.955163],[-124.356221,42.954655],[-124.269254,42.954877],[-124.267196,42.959443],[-124.26714,42.962569],[-124.267796,42.965886],[-124.266631,42.971725],[-124.267785,42.971943],[-124.267472,42.974091],[-124.268932,42.976219],[-124.268677,42.978382],[-124.269727,42.979471],[-124.269545,42.98235],[-124.271328,42.983239],[-124.272202,42.986604],[-124.26962,42.987415],[-124.267769,42.986263],[-124.263469,42.986584],[-124.26077,42.987471],[-124.256515,42.988016],[-124.249232,42.990976],[-124.244192,42.990409],[-124.240672,42.990374],[-124.237344,42.990888],[-124.233445,42.992564],[-124.231494,42.994404],[-124.228543,42.995251],[-124.230975,42.997512],[-124.236792,43.001061],[-124.238962,43.001802],[-124.241647,43.001926],[-124.248177,43.003022],[-124.249584,43.005136],[-124.251166,43.008793],[-124.25114,43.012787],[-124.251898,43.014453],[-124.253886,43.016363],[-124.254939,43.018923],[-124.256546,43.020395],[-124.256527,43.052792],[-124.278125,43.052874],[-124.277429,43.067331],[-124.295858,43.06742],[-124.295739,43.069412],[-124.293422,43.081276],[-124.295815,43.08955],[-124.29581,43.099868],[-124.28426,43.099349],[-124.278977,43.10027],[-124.27821,43.10127],[-124.277783,43.104344],[-124.278284,43.10509],[-124.281123,43.105216],[-124.28638,43.110069],[-124.2859,43.110664],[-124.287494,43.114622],[-124.290836,43.116007],[-124.29734,43.113259],[-124.304206,43.10959],[-124.307557,43.108308],[-124.315162,43.109186],[-124.317305,43.11108],[-124.31879,43.114226],[-124.319032,43.116112],[-124.321517,43.11814],[-124.321536,43.120798],[-124.324567,43.124979],[-124.327188,43.127605],[-124.331536,43.128622],[-124.330822,43.129759],[-124.334915,43.131521],[-124.3352,43.132653],[-124.337989,43.134299],[-124.33637,43.135633],[-124.338902,43.137047],[-124.338199,43.137666],[-124.341381,43.140109],[-124.341761,43.142645],[-124.340837,43.146045],[-124.340732,43.15102],[-124.341486,43.153881],[-124.339901,43.154988],[-124.340322,43.156158],[-124.339416,43.160167],[-124.34139,43.162625],[-124.344112,43.163746],[-124.349479,43.167735],[-124.350079,43.168544],[-124.347387,43.171391],[-124.345241,43.171404],[-124.342115,43.169706],[-124.339109,43.171779],[-124.337169,43.175991],[-124.336072,43.176991],[-124.336845,43.179472],[-124.338481,43.180538],[-124.338632,43.182202],[-124.340899,43.183505],[-124.339474,43.185015],[-124.339613,43.186336],[-124.337395,43.189205],[-124.337543,43.190913],[-124.334784,43.191941],[-124.331036,43.192449],[-124.326625,43.19191],[-124.322796,43.191922],[-124.319143,43.193295],[-124.316464,43.195571],[-124.307077,43.204613],[-124.306449,43.207222],[-124.307601,43.214152],[-124.307522,43.216058],[-124.306215,43.21844],[-124.29617,43.229277],[-124.296171,43.229339],[-124.323534,43.229758],[-124.32221,43.231656],[-124.322187,43.233463],[-124.320836,43.235797],[-124.321053,43.237683],[-124.325313,43.23927],[-124.327578,43.241492],[-124.330605,43.240763],[-124.333212,43.242695],[-124.333306,43.245448],[-124.334645,43.247967],[-124.336857,43.250394],[-124.336713,43.25511],[-124.339435,43.259066],[-124.343329,43.263297],[-124.34377,43.261831],[-124.346684,43.260179],[-124.346844,43.257567],[-124.348538,43.25468],[-124.349106,43.250717],[-124.3503,43.249092],[-124.352402,43.251554],[-124.354409,43.252992],[-124.358829,43.254585],[-124.362495,43.255242],[-124.367888,43.258616],[-124.374377,43.258719],[-124.375256,43.259929],[-124.377697,43.259462],[-124.378416,43.261149],[-124.37802,43.263554],[-124.376865,43.265519],[-124.374867,43.265701],[-124.37111,43.263797],[-124.369537,43.264039],[-124.368764,43.268253],[-124.367431,43.269763],[-124.369839,43.270805],[-124.372799,43.270845],[-124.371389,43.272403],[-124.384117860812,43.2727948170405],[-124.38246,43.270167],[-124.395607,43.223908],[-124.397382,43.219626],[-124.395302,43.211101],[-124.401726,43.184896],[-124.424113,43.126859],[-124.428334218475,43.1224193299977],[-124.429253343926,43.121452639049295],[-124.43441966691601,43.1160189545965],[-124.434451,43.115986],[-124.437292513539,43.1143391092464],[-124.43785,43.114016],[-124.433641,43.111397],[-124.433357,43.108563],[-124.435157,43.104678],[-124.432236,43.097383],[-124.434213,43.089734],[-124.436655,43.085816],[-124.434655,43.081469],[-124.436198,43.071312],[-124.446875,43.031808],[-124.455669,43.008349],[-124.462619,42.99143],[-124.479636362958,42.9543325389089]]]}}]}