{"type":"FeatureCollection","features":[{"type":"Feature","properties":{"zcta5":"35058","AFFGEOID10":"8600000US35058","GEOID10":"35058","ALAND10":178039922,"AWATER10":3109259,"county_name":"Cullman","state_code":"AL","county_state":"Cullman County, AL","county_fips":"01043","risk_level_county":"Medium Risk (70–79% vaccinated)","mean_vaccination_rate_county":78.34,"risk_level_zcta":"Medium Risk (70–79% vaccinated)","mean_vaccination_rate_zips":72.17,"cases":1},"geometry":{"type":"MultiPolygon","coordinates":[[[[-86.878911,34.230695],[-86.876407,34.224674],[-86.87574,34.221843],[-86.876492,34.217596],[-86.878842,34.211959],[-86.879048,34.210241],[-86.878719,34.207513],[-86.869479,34.206613],[-86.855807,34.206364],[-86.851881,34.206085],[-86.839084,34.205758],[-86.834914,34.205014],[-86.834647,34.203761],[-86.836332,34.202254],[-86.836769,34.20037],[-86.834721,34.198545],[-86.835594,34.196319],[-86.837865,34.194906],[-86.838107,34.193912],[-86.832076,34.196125],[-86.830036,34.197638],[-86.827758,34.202997],[-86.820704,34.200499],[-86.816745,34.199508],[-86.812728,34.199018],[-86.811827,34.198929],[-86.810655,34.19631],[-86.805705,34.192776],[-86.803788,34.188367],[-86.804105,34.186225],[-86.804838,34.185335],[-86.804134,34.184854],[-86.80275,34.183664],[-86.802785,34.182381],[-86.801585,34.185258],[-86.799511,34.185692],[-86.798695,34.187508],[-86.800502,34.187933],[-86.797776,34.188821],[-86.799436,34.189212],[-86.800411,34.189664],[-86.79917,34.191313],[-86.802734,34.189452],[-86.803609,34.191329],[-86.803217,34.191848],[-86.794993,34.191804],[-86.794734,34.198801],[-86.79164,34.197719],[-86.790152,34.196541],[-86.786263,34.192453],[-86.791369,34.184995],[-86.793757,34.18327],[-86.788464,34.183841],[-86.785425,34.185159],[-86.785074,34.190585],[-86.784678,34.187038],[-86.781748,34.187087],[-86.781717,34.184437],[-86.779276,34.185112],[-86.777035,34.184328],[-86.776778,34.188291],[-86.775533,34.186807],[-86.774726,34.184028],[-86.773479,34.182386],[-86.742562,34.178498],[-86.742445,34.181495],[-86.73603,34.181566],[-86.733856,34.180791],[-86.733852,34.177428],[-86.704494,34.173734],[-86.688672,34.171265],[-86.685148,34.171689],[-86.676681,34.175069],[-86.672744,34.175332],[-86.672666,34.178235],[-86.672612,34.182259],[-86.67334,34.184114],[-86.674768,34.185008],[-86.672618,34.185649],[-86.670765,34.184813],[-86.669462,34.185522],[-86.670189,34.187441],[-86.669587,34.188244],[-86.667516,34.188474],[-86.666834,34.190113],[-86.665101,34.191294],[-86.663513,34.191179],[-86.662593,34.192355],[-86.660376,34.192448],[-86.657907,34.197043],[-86.655842,34.198016],[-86.649914,34.198614],[-86.648464,34.199905],[-86.644794,34.201772],[-86.642041,34.205068],[-86.641407,34.206437],[-86.639442,34.204504],[-86.636942,34.206142],[-86.63696,34.207432],[-86.641313,34.207601],[-86.641109,34.214756],[-86.649776,34.21499],[-86.649952,34.216218],[-86.651992,34.219344],[-86.651161,34.224985],[-86.649735,34.226601],[-86.649592,34.229081],[-86.648711,34.229447],[-86.646829,34.232024],[-86.644315,34.234166],[-86.642563,34.235008],[-86.642703,34.236395],[-86.63959,34.237343],[-86.636051,34.237287],[-86.637984,34.241207],[-86.645022,34.244623],[-86.645016,34.245606],[-86.644895,34.252114],[-86.647414,34.25274],[-86.650526,34.250024],[-86.651182,34.248281],[-86.649846,34.246565],[-86.652673,34.246192],[-86.65254,34.247984],[-86.653493,34.248941],[-86.653255,34.250197],[-86.654218,34.253685],[-86.656861,34.255019],[-86.658974,34.254041],[-86.6599,34.254481],[-86.659734,34.255652],[-86.661575,34.257296],[-86.663409,34.256934],[-86.664196,34.257418],[-86.662693,34.258775],[-86.664784,34.262338],[-86.667744,34.262614],[-86.670049,34.263401],[-86.670904,34.261414],[-86.671533,34.263614],[-86.67079,34.264291],[-86.670803,34.266688],[-86.672186,34.269019],[-86.670881,34.270262],[-86.672517,34.270773],[-86.674086,34.272038],[-86.675602,34.273994],[-86.670831,34.275662],[-86.667739,34.27629],[-86.668171,34.278806],[-86.670818,34.276969],[-86.673673,34.275587],[-86.675078,34.279084],[-86.674628,34.280485],[-86.674827,34.282451],[-86.677027,34.284599],[-86.676952,34.291417],[-86.6834,34.291503],[-86.68345,34.294615],[-86.686771,34.293089],[-86.68992,34.291641],[-86.697052,34.287912],[-86.706909,34.287913],[-86.707781,34.289714],[-86.709225,34.290822],[-86.711502,34.291736],[-86.714266,34.293392],[-86.717054,34.296187],[-86.720477,34.298456],[-86.721562,34.299742],[-86.722405,34.303337],[-86.723662,34.305135],[-86.723382,34.306559],[-86.736604,34.306648],[-86.743525,34.306979],[-86.751396,34.306928],[-86.751014,34.305896],[-86.751411,34.303922],[-86.750798,34.301982],[-86.748668,34.300854],[-86.74864,34.298226],[-86.749763,34.294344],[-86.749021,34.293305],[-86.748801,34.291381],[-86.752042,34.289124],[-86.753757,34.285998],[-86.755484,34.285983],[-86.754924,34.284296],[-86.755546,34.283521],[-86.75737,34.284057],[-86.759467,34.283872],[-86.760992,34.282414],[-86.763102,34.281642],[-86.764366,34.280572],[-86.766343,34.280557],[-86.768634,34.281184],[-86.770155,34.281088],[-86.77182,34.280144],[-86.774733,34.27968],[-86.776998,34.277673],[-86.776958,34.276429],[-86.778694,34.272987],[-86.778518,34.269659],[-86.7813,34.26951],[-86.779523,34.267487],[-86.778844,34.265348],[-86.779839,34.26305],[-86.781957,34.26328],[-86.787599,34.261314],[-86.789651,34.261625],[-86.792737,34.26108],[-86.796111,34.26297],[-86.797533,34.26327],[-86.800793,34.262726],[-86.802551,34.263621],[-86.803808,34.263581],[-86.80508,34.262148],[-86.802778,34.261168],[-86.802086,34.260321],[-86.802522,34.259029],[-86.804465,34.25785],[-86.805608,34.256331],[-86.804761,34.254918],[-86.803373,34.254263],[-86.805946,34.253945],[-86.806459,34.251436],[-86.804653,34.248909],[-86.806698,34.248323],[-86.807728,34.247424],[-86.807292,34.245455],[-86.805213,34.245597],[-86.803753,34.244557],[-86.804231,34.243672],[-86.805813,34.243649],[-86.809717,34.24258],[-86.809118,34.241148],[-86.805876,34.241868],[-86.805742,34.239034],[-86.804178,34.236053],[-86.807018,34.234674],[-86.811609,34.234737],[-86.811749,34.228872],[-86.805966,34.232156],[-86.803943,34.231298],[-86.802914,34.233671],[-86.803114,34.231759],[-86.800891,34.230493],[-86.803768,34.22989],[-86.804206,34.228506],[-86.802285,34.228574],[-86.801617,34.226291],[-86.800743,34.225516],[-86.81072,34.22371],[-86.811604,34.221369],[-86.813946,34.21906],[-86.815391,34.218505],[-86.816248,34.218118],[-86.816618,34.220157],[-86.833794,34.220259],[-86.835437,34.220404],[-86.83817,34.222052],[-86.840384,34.222502],[-86.846979,34.22599],[-86.846903,34.228517],[-86.852433,34.228495],[-86.852544,34.232367],[-86.849126,34.232349],[-86.851126,34.233343],[-86.852962,34.232921],[-86.851321,34.233668],[-86.852502,34.235482],[-86.851401,34.23621],[-86.851389,34.238305],[-86.854726,34.238352],[-86.855585,34.238193],[-86.856684,34.23256],[-86.85607,34.231415],[-86.850761,34.225813],[-86.849462,34.22571],[-86.850832,34.225342],[-86.852565,34.227523],[-86.856154,34.23059],[-86.856956,34.232742],[-86.856216,34.236248],[-86.856466,34.237691],[-86.859698,34.241628],[-86.861384,34.244242],[-86.862452,34.243317],[-86.864168,34.240841],[-86.864546,34.238926],[-86.864085,34.237345],[-86.864528,34.237068],[-86.867015,34.242875],[-86.868828,34.242933],[-86.86863,34.237774],[-86.869437,34.238297],[-86.871592,34.23526],[-86.873657,34.233747],[-86.877166,34.232407],[-86.878911,34.230695]]],[[[-86.885742,34.245502],[-86.882555,34.24891],[-86.88339,34.250539],[-86.886016,34.250734],[-86.88833,34.249835],[-86.885742,34.245502]]]]}},{"type":"Feature","properties":{"zcta5":"35619","AFFGEOID10":"8600000US35619","GEOID10":"35619","ALAND10":337059534,"AWATER10":1410483,"county_name":"Cullman","state_code":"AL","county_state":"Cullman County, AL","county_fips":"01043","risk_level_county":"Medium Risk (70–79% vaccinated)","mean_vaccination_rate_county":78.34,"risk_level_zcta":"Medium Risk (70–79% vaccinated)","mean_vaccination_rate_zips":73.86,"cases":1},"geometry":{"type":"Polygon","coordinates":[[[-87.106994,34.499161],[-87.108883,34.497024],[-87.111913,34.497451],[-87.112925,34.49673],[-87.115774,34.498434],[-87.118643,34.499356],[-87.119441,34.501299],[-87.121028,34.501815],[-87.120558,34.502973],[-87.12228,34.502278],[-87.122518,34.498288],[-87.123437,34.495339],[-87.122669,34.492589],[-87.119244,34.489112],[-87.115724,34.481646],[-87.117683,34.480232],[-87.118702,34.480581],[-87.123988,34.48511],[-87.125608,34.484359],[-87.128747,34.485059],[-87.129454,34.483679],[-87.127698,34.48262],[-87.128895,34.481391],[-87.131844,34.482788],[-87.133581,34.484096],[-87.136283,34.483562],[-87.138749,34.482393],[-87.140588,34.483417],[-87.142411,34.480785],[-87.141019,34.476771],[-87.142583,34.477347],[-87.145286,34.477111],[-87.151719,34.474493],[-87.152427,34.47591],[-87.154619,34.475422],[-87.156184,34.474498],[-87.156001,34.47224],[-87.156352,34.463839],[-87.158804,34.464317],[-87.159485,34.463194],[-87.158976,34.461436],[-87.164016,34.458412],[-87.165409,34.459276],[-87.16686,34.461285],[-87.170114,34.463725],[-87.169898,34.466579],[-87.172454,34.467269],[-87.173287,34.468982],[-87.175532,34.470516],[-87.177478,34.470244],[-87.17857,34.468954],[-87.177165,34.467846],[-87.179275,34.46745],[-87.180189,34.465838],[-87.180618,34.466981],[-87.181726,34.466627],[-87.182284,34.465232],[-87.184481,34.46495],[-87.185084,34.461787],[-87.182667,34.461592],[-87.18041,34.460261],[-87.177361,34.460031],[-87.177522,34.458913],[-87.178824,34.457161],[-87.178656,34.454591],[-87.18094,34.453884],[-87.182323,34.453991],[-87.183197,34.455216],[-87.185243,34.454735],[-87.185867,34.456537],[-87.186826,34.457014],[-87.189708,34.455386],[-87.189118,34.454431],[-87.189736,34.453384],[-87.191554,34.453282],[-87.191018,34.452381],[-87.1893,34.45315],[-87.18758,34.453108],[-87.18896,34.452051],[-87.187325,34.451395],[-87.188179,34.448706],[-87.186141,34.44769],[-87.186129,34.446951],[-87.18348,34.445187],[-87.184366,34.442498],[-87.183874,34.441273],[-87.182122,34.441609],[-87.18275,34.44012],[-87.181627,34.439391],[-87.181606,34.438188],[-87.196481,34.438067],[-87.195882,34.460661],[-87.192294,34.46266],[-87.190279,34.462474],[-87.188768,34.463324],[-87.187895,34.462694],[-87.186863,34.463714],[-87.187594,34.464462],[-87.188762,34.465578],[-87.1933,34.464525],[-87.197678,34.464753],[-87.198866,34.465409],[-87.199001,34.467113],[-87.201007,34.46812],[-87.204203,34.470631],[-87.207365,34.472321],[-87.208975,34.471308],[-87.21001,34.471685],[-87.213174,34.470484],[-87.213273,34.465019],[-87.216742,34.46426],[-87.217931,34.46525],[-87.21989,34.464877],[-87.220944,34.463847],[-87.220601,34.461746],[-87.221848,34.459868],[-87.22338,34.458811],[-87.222458,34.455791],[-87.224185,34.454246],[-87.227897,34.452719],[-87.213806,34.444241],[-87.215495,34.444877],[-87.221791,34.444873],[-87.228018,34.430469],[-87.213778,34.430205],[-87.213982,34.419348],[-87.207151,34.419491],[-87.204492,34.419197],[-87.202176,34.418363],[-87.202887,34.41757],[-87.202655,34.41582],[-87.20397,34.415097],[-87.203757,34.412879],[-87.20578,34.412109],[-87.205989,34.413064],[-87.207955,34.411627],[-87.209872,34.412697],[-87.210316,34.411704],[-87.209649,34.410244],[-87.211514,34.407951],[-87.214225,34.408451],[-87.213971,34.406909],[-87.215768,34.407537],[-87.215775,34.406239],[-87.214736,34.404193],[-87.215517,34.403155],[-87.215055,34.400982],[-87.213625,34.39928],[-87.210938,34.396952],[-87.213917,34.396671],[-87.216503,34.395886],[-87.221676,34.39542],[-87.227748,34.395182],[-87.227729,34.392896],[-87.228239,34.390623],[-87.227926,34.387815],[-87.226738,34.38647],[-87.226534,34.384871],[-87.228662,34.382147],[-87.228266,34.378716],[-87.227586,34.376584],[-87.228603,34.373671],[-87.228437,34.372391],[-87.230446,34.371789],[-87.233138,34.369962],[-87.235658,34.368758],[-87.2361,34.367522],[-87.237689,34.366452],[-87.259171,34.373955],[-87.260832,34.370617],[-87.262093,34.368985],[-87.260495,34.368067],[-87.256201,34.366891],[-87.253563,34.364637],[-87.253363,34.362766],[-87.253967,34.36001],[-87.257895,34.358295],[-87.258586,34.354775],[-87.262077,34.354502],[-87.263354,34.353327],[-87.265701,34.352713],[-87.267982,34.350941],[-87.268414,34.349877],[-87.268107,34.345658],[-87.269785,34.344689],[-87.27094,34.344999],[-87.272292,34.34414],[-87.273813,34.342135],[-87.273524,34.340001],[-87.274511,34.33611],[-87.274815,34.333549],[-87.277824,34.331487],[-87.281137,34.330992],[-87.282362,34.328978],[-87.285105,34.328819],[-87.284515,34.327909],[-87.281742,34.327663],[-87.280931,34.325546],[-87.282835,34.323016],[-87.280035,34.321012],[-87.280508,34.319559],[-87.279405,34.317992],[-87.28026,34.316854],[-87.281574,34.316562],[-87.282383,34.314531],[-87.280498,34.313282],[-87.281078,34.31126],[-87.28014,34.310216],[-87.279774,34.307972],[-87.280687,34.30466],[-87.279033,34.304023],[-87.275546,34.304671],[-87.27473,34.304385],[-87.274626,34.302419],[-87.2756,34.301253],[-87.274794,34.29932],[-87.26955,34.299302],[-87.264961,34.299364],[-87.261554,34.299486],[-87.255956,34.299106],[-87.109911,34.299299],[-87.110105,34.313368],[-87.10556,34.31114],[-87.09384,34.307214],[-87.093059,34.308148],[-87.092741,34.31232],[-87.090178,34.314044],[-87.089738,34.317618],[-87.090122,34.319405],[-87.08876,34.321546],[-87.086315,34.322291],[-87.083599,34.32404],[-87.081132,34.327072],[-87.081685,34.329771],[-87.076029,34.330037],[-87.074996,34.330515],[-87.075066,34.335313],[-87.074437,34.33663],[-87.075014,34.337956],[-87.070704,34.33736],[-87.066472,34.336168],[-87.06348,34.336598],[-87.064079,34.33442],[-87.058107,34.335854],[-87.055658,34.337372],[-87.057374,34.339946],[-87.057598,34.342976],[-87.056974,34.344066],[-87.054565,34.350619],[-87.054096,34.354779],[-87.054346,34.356233],[-87.050646,34.354514],[-87.042611,34.349784],[-87.042253,34.352491],[-87.041091,34.355855],[-87.033961,34.362206],[-87.03134,34.362586],[-87.030145,34.360696],[-87.026818,34.36131],[-87.024417,34.363016],[-87.022499,34.363104],[-87.022437,34.369332],[-87.02216,34.370494],[-87.020041,34.370382],[-87.020576,34.373798],[-87.019216,34.376013],[-87.019971,34.378096],[-87.021893,34.378652],[-87.024962,34.381661],[-87.025405,34.385168],[-87.027665,34.387852],[-87.028764,34.391167],[-87.028102,34.392934],[-87.03072,34.393568],[-87.035818,34.396391],[-87.036657,34.397728],[-87.037036,34.403629],[-87.037801,34.404892],[-87.035903,34.407174],[-87.03573,34.409205],[-87.034827,34.411457],[-87.035167,34.414446],[-87.036836,34.417359],[-87.041421,34.415084],[-87.044737,34.414304],[-87.082655,34.41471],[-87.082149,34.444314],[-87.078877,34.442095],[-87.07309,34.439204],[-87.073157,34.439968],[-87.068253,34.439666],[-87.066415,34.437676],[-87.06465,34.437131],[-87.063124,34.434866],[-87.060503,34.433778],[-87.062746,34.437478],[-87.063157,34.441249],[-87.065353,34.443476],[-87.065387,34.446928],[-87.066874,34.448836],[-87.068265,34.447741],[-87.075046,34.447484],[-87.082061,34.447581],[-87.081799,34.458632],[-87.079934,34.458617],[-87.077501,34.465773],[-87.076499,34.466207],[-87.075271,34.465921],[-87.071673,34.466493],[-87.070505,34.464668],[-87.068283,34.46292],[-87.060363,34.465213],[-87.059732,34.46562],[-87.059418,34.474671],[-87.059478,34.483916],[-87.053272,34.48541],[-87.053351,34.490556],[-87.052215,34.492744],[-87.049831,34.49331],[-87.047229,34.492117],[-87.045749,34.49011],[-87.042921,34.488053],[-87.041819,34.487773],[-87.037258,34.485106],[-87.035923,34.48593],[-87.03421,34.488244],[-87.033811,34.490014],[-87.033372,34.490333],[-87.031938,34.492521],[-87.031426,34.493774],[-87.030091,34.496146],[-87.031074,34.494618],[-87.032049,34.492436],[-87.033224,34.49083],[-87.033634,34.490633],[-87.033806,34.49145],[-87.034826,34.491352],[-87.036115,34.491416],[-87.036704,34.491545],[-87.037744,34.492272],[-87.03775,34.492511],[-87.037548,34.492638],[-87.036878,34.492783],[-87.03664,34.49287],[-87.039244,34.495036],[-87.039296,34.495554],[-87.039579,34.496218],[-87.03959,34.49664],[-87.039278,34.497137],[-87.039079,34.497248],[-87.038701,34.49687],[-87.038427,34.496918],[-87.037972,34.49767],[-87.036594,34.498504],[-87.038824,34.498936],[-87.038584,34.499384],[-87.037791,34.500307],[-87.037648,34.500562],[-87.038555,34.500558],[-87.038947,34.500779],[-87.038803,34.501529],[-87.040364,34.501935],[-87.040834,34.503636],[-87.042452,34.504799],[-87.043977,34.504335],[-87.045458,34.505645],[-87.046911,34.503864],[-87.04749,34.504007],[-87.048378,34.503699],[-87.048914,34.503819],[-87.049862,34.505028],[-87.05165,34.505487],[-87.051689,34.503379],[-87.052712,34.502765],[-87.054206,34.503175],[-87.055955,34.502782],[-87.059394,34.503276],[-87.061974,34.505158],[-87.064249,34.506006],[-87.063835,34.507251],[-87.063918,34.510873],[-87.065184,34.512402],[-87.065861,34.510139],[-87.068164,34.51044],[-87.071734,34.511608],[-87.073613,34.511567],[-87.072438,34.512623],[-87.074161,34.513449],[-87.076008,34.512015],[-87.080179,34.511087],[-87.082924,34.511457],[-87.084849,34.510907],[-87.084531,34.512095],[-87.086024,34.512859],[-87.087499,34.512816],[-87.089615,34.513603],[-87.091345,34.508442],[-87.09202,34.507342],[-87.094206,34.505917],[-87.098186,34.506423],[-87.098227,34.505389],[-87.100291,34.505706],[-87.101416,34.505078],[-87.103554,34.502219],[-87.106994,34.499161]]]}},{"type":"Feature","properties":{"zcta5":"35016","AFFGEOID10":"8600000US35016","GEOID10":"35016","ALAND10":192546773,"AWATER10":1522014,"county_name":"Cullman","state_code":"AL","county_state":"Cullman County, AL","county_fips":"01043","risk_level_county":"Medium Risk (70–79% vaccinated)","mean_vaccination_rate_county":78.34,"risk_level_zcta":"Medium Risk (70–79% vaccinated)","mean_vaccination_rate_zips":70.41,"cases":1},"geometry":{"type":"Polygon","coordinates":[[[-86.581328,34.367154],[-86.581634,34.33168],[-86.578344,34.331758],[-86.577914,34.333825],[-86.575008,34.333802],[-86.572131,34.330439],[-86.569648,34.328053],[-86.569633,34.322482],[-86.570989,34.319015],[-86.57057,34.316678],[-86.567296,34.316455],[-86.565335,34.3158],[-86.561392,34.316243],[-86.561599,34.304935],[-86.561081,34.304026],[-86.534005,34.303502],[-86.534085,34.301139],[-86.534898,34.299822],[-86.534396,34.29339],[-86.531294,34.293394],[-86.533279,34.291775],[-86.534578,34.290082],[-86.539489,34.290115],[-86.541685,34.289891],[-86.546645,34.290394],[-86.545854,34.285385],[-86.544271,34.284571],[-86.544781,34.282174],[-86.543729,34.28108],[-86.543782,34.278518],[-86.543346,34.276011],[-86.542313,34.27456],[-86.538956,34.272618],[-86.54085,34.271228],[-86.540195,34.268963],[-86.542461,34.266176],[-86.54162,34.264944],[-86.542541,34.263905],[-86.542124,34.262547],[-86.543429,34.260272],[-86.544362,34.260189],[-86.54484,34.258502],[-86.542774,34.256533],[-86.544013,34.253477],[-86.545681,34.252982],[-86.547244,34.251476],[-86.547899,34.249774],[-86.549859,34.247839],[-86.549535,34.24658],[-86.545815,34.244012],[-86.542981,34.244441],[-86.543637,34.24106],[-86.542559,34.239201],[-86.542745,34.237596],[-86.5416,34.236914],[-86.540727,34.233934],[-86.542772,34.232807],[-86.543183,34.231862],[-86.543111,34.2288],[-86.541278,34.227447],[-86.541344,34.226067],[-86.540729,34.224951],[-86.540213,34.224874],[-86.540107,34.22577],[-86.534832,34.225571],[-86.534137,34.224196],[-86.529676,34.224756],[-86.529213,34.224156],[-86.526218,34.223605],[-86.524611,34.22443],[-86.522365,34.226337],[-86.519487,34.227652],[-86.516628,34.230722],[-86.513726,34.231479],[-86.510591,34.231459],[-86.509909,34.232352],[-86.508787,34.23585],[-86.507589,34.237141],[-86.504967,34.238528],[-86.499372,34.238734],[-86.494558,34.238564],[-86.493673,34.223882],[-86.487418,34.234332],[-86.486396,34.236776],[-86.489277,34.239763],[-86.486808,34.240381],[-86.486606,34.243127],[-86.483685,34.243216],[-86.478113,34.251081],[-86.479436,34.252836],[-86.477818,34.251812],[-86.477164,34.249483],[-86.472903,34.248283],[-86.471394,34.245608],[-86.470587,34.24646],[-86.471302,34.247582],[-86.47072,34.249396],[-86.469319,34.250984],[-86.466348,34.252861],[-86.464944,34.251994],[-86.461313,34.251397],[-86.45958,34.252188],[-86.45573,34.25616],[-86.458401,34.256453],[-86.462021,34.257691],[-86.459596,34.259485],[-86.459013,34.259639],[-86.458907,34.262448],[-86.456962,34.265981],[-86.455259,34.265531],[-86.451111,34.274539],[-86.459648,34.27456],[-86.459449,34.289148],[-86.459746,34.29128],[-86.455334,34.290271],[-86.453816,34.286873],[-86.451432,34.285478],[-86.449516,34.285397],[-86.44921,34.287349],[-86.447428,34.288727],[-86.444211,34.288267],[-86.44208,34.288685],[-86.441159,34.28948],[-86.443453,34.291725],[-86.442446,34.292122],[-86.442218,34.304471],[-86.439578,34.305362],[-86.436694,34.304408],[-86.435528,34.304754],[-86.433945,34.303821],[-86.430916,34.306192],[-86.430187,34.308007],[-86.427992,34.307329],[-86.426787,34.310063],[-86.425984,34.310019],[-86.424202,34.312928],[-86.422657,34.313427],[-86.422275,34.314851],[-86.419986,34.31629],[-86.417723,34.316172],[-86.416233,34.317131],[-86.413695,34.317355],[-86.409861,34.316456],[-86.406185,34.322918],[-86.407122,34.323536],[-86.411479,34.323069],[-86.415206,34.321959],[-86.419884,34.322097],[-86.423781,34.321566],[-86.427209,34.32265],[-86.425301,34.325707],[-86.423542,34.324162],[-86.420515,34.324443],[-86.419556,34.325591],[-86.417657,34.325616],[-86.415738,34.327477],[-86.414442,34.329903],[-86.41248,34.331038],[-86.412617,34.332314],[-86.410295,34.334703],[-86.407946,34.33499],[-86.404545,34.339521],[-86.40308,34.339331],[-86.400152,34.337161],[-86.399682,34.338945],[-86.402029,34.34016],[-86.405147,34.345085],[-86.405643,34.349324],[-86.408735,34.350931],[-86.412986,34.355703],[-86.419254,34.361508],[-86.420279,34.360855],[-86.42371,34.360924],[-86.423646,34.362063],[-86.421981,34.362863],[-86.422248,34.363194],[-86.423003,34.363664],[-86.423234,34.363929],[-86.423565,34.363888],[-86.423552,34.365266],[-86.423546,34.366488],[-86.424518,34.364478],[-86.429846,34.365205],[-86.432129,34.366111],[-86.43415,34.368178],[-86.435768,34.368237],[-86.436733,34.368326],[-86.441123,34.368216],[-86.441193,34.364703],[-86.444155,34.364672],[-86.444512,34.366722],[-86.445598,34.367923],[-86.442949,34.367415],[-86.442491,34.368063],[-86.445614,34.3714],[-86.446151,34.37344],[-86.445329,34.373374],[-86.441344,34.370191],[-86.439893,34.371521],[-86.436273,34.37178],[-86.436385,34.373841],[-86.435503,34.374138],[-86.435021,34.37683],[-86.43276,34.377111],[-86.432892,34.379519],[-86.432203,34.380222],[-86.428509,34.381124],[-86.430419,34.383224],[-86.432686,34.383416],[-86.436776,34.382617],[-86.437909,34.379627],[-86.440872,34.37724],[-86.441093,34.375546],[-86.442752,34.374608],[-86.445511,34.374039],[-86.449244,34.372198],[-86.454284,34.371134],[-86.455183,34.371124],[-86.455364,34.375496],[-86.454494,34.377597],[-86.454998,34.378291],[-86.455714,34.37866],[-86.459295,34.378395],[-86.460747,34.378873],[-86.462272,34.378065],[-86.465202,34.377306],[-86.46798,34.37775],[-86.469453,34.378552],[-86.47225,34.376968],[-86.473848,34.377232],[-86.47672,34.379892],[-86.477715,34.38037],[-86.478492,34.382711],[-86.47956,34.383613],[-86.480503,34.386421],[-86.487654,34.390939],[-86.490308,34.389584],[-86.491668,34.388362],[-86.49287,34.384851],[-86.494181,34.383259],[-86.497133,34.384501],[-86.498062,34.385633],[-86.499806,34.386309],[-86.502475,34.383786],[-86.507698,34.386199],[-86.508567,34.383535],[-86.509533,34.384298],[-86.510132,34.38482],[-86.511116,34.385517],[-86.511217,34.385606],[-86.514228,34.388946],[-86.514504,34.38992],[-86.511329,34.391511],[-86.510031,34.396472],[-86.522618,34.40804],[-86.524239,34.410877],[-86.527791,34.413951],[-86.52931,34.413099],[-86.53294,34.413051],[-86.536748,34.413562],[-86.527852,34.402784],[-86.530791,34.401036],[-86.533404,34.400399],[-86.536774,34.398575],[-86.536867,34.3973],[-86.540608,34.396729],[-86.549204,34.394195],[-86.55145,34.392891],[-86.55432,34.392421],[-86.556167,34.393668],[-86.557082,34.393492],[-86.557473,34.395345],[-86.558249,34.394773],[-86.560829,34.394405],[-86.566705,34.392206],[-86.568827,34.390925],[-86.57205,34.38999],[-86.574556,34.386955],[-86.577228,34.387818],[-86.57853,34.387617],[-86.58132,34.371094],[-86.581328,34.367154]],[[-86.442218,34.304471],[-86.442682,34.304512],[-86.44483,34.303424],[-86.448085,34.304294],[-86.452006,34.303676],[-86.453651,34.304655],[-86.448711,34.314822],[-86.4473,34.311595],[-86.442122,34.30725],[-86.442212,34.304622],[-86.442218,34.304471]]]}},{"type":"Feature","properties":{"zcta5":"35098","AFFGEOID10":"8600000US35098","GEOID10":"35098","ALAND10":78289341,"AWATER10":1793628,"county_name":"Cullman","state_code":"AL","county_state":"Cullman County, AL","county_fips":"01043","risk_level_county":"Medium Risk (70–79% vaccinated)","mean_vaccination_rate_county":78.34,"risk_level_zcta":"Medium Risk (70–79% vaccinated)","mean_vaccination_rate_zips":75.35,"cases":1},"geometry":{"type":"Polygon","coordinates":[[[-87.102319,34.15658],[-87.102317,34.154659],[-87.103228,34.154108],[-87.103583,34.152367],[-87.102909,34.151123],[-87.103699,34.149265],[-87.104858,34.148082],[-87.105061,34.145539],[-87.102869,34.144504],[-87.103388,34.143105],[-87.102204,34.141699],[-87.102885,34.1404],[-87.102309,34.139435],[-87.104412,34.13864],[-87.106254,34.136402],[-87.108042,34.135543],[-87.108702,34.134289],[-87.110859,34.133665],[-87.111858,34.134105],[-87.113063,34.135413],[-87.11638,34.133822],[-87.117321,34.131846],[-87.119502,34.132818],[-87.120399,34.130175],[-87.119528,34.128047],[-87.120057,34.126189],[-87.121533,34.125106],[-87.121615,34.123951],[-87.124423,34.123308],[-87.124291,34.122279],[-87.122518,34.118746],[-87.124545,34.117743],[-87.127154,34.115359],[-87.128084,34.113744],[-87.126591,34.113044],[-87.126652,34.111147],[-87.128502,34.1101],[-87.12927,34.108791],[-87.130559,34.108177],[-87.130598,34.105723],[-87.131669,34.104252],[-87.134512,34.105602],[-87.135942,34.105005],[-87.135463,34.103554],[-87.136704,34.100242],[-87.137608,34.100102],[-87.134345,34.099008],[-87.131899,34.097285],[-87.13144,34.096246],[-87.133623,34.093999],[-87.133812,34.092926],[-87.131698,34.091311],[-87.131534,34.088698],[-87.130865,34.08658],[-87.131671,34.084125],[-87.130932,34.081303],[-87.13251,34.076525],[-87.132502,34.075097],[-87.134141,34.07323],[-87.134349,34.070182],[-87.133001,34.067845],[-87.129501,34.068264],[-87.128168,34.065686],[-87.124487,34.06254],[-87.119391,34.064378],[-87.115703,34.062221],[-87.111767,34.062271],[-87.111949,34.100476],[-87.110931,34.102537],[-87.111213,34.106362],[-87.110476,34.107951],[-87.107902,34.108808],[-87.107561,34.111904],[-87.104998,34.112221],[-87.101774,34.109288],[-87.098739,34.10717],[-87.096425,34.106112],[-87.092924,34.106064],[-87.091309,34.105476],[-87.090196,34.103919],[-87.088423,34.103439],[-87.086704,34.104518],[-87.085355,34.104214],[-87.084032,34.106575],[-87.083338,34.105728],[-87.082728,34.103293],[-87.080507,34.104323],[-87.079877,34.103295],[-87.079907,34.101121],[-87.076777,34.09972],[-87.076052,34.099775],[-87.076197,34.103843],[-87.075514,34.105546],[-87.074211,34.106883],[-87.071006,34.107297],[-87.069399,34.108082],[-87.066991,34.111555],[-87.065118,34.112254],[-87.064978,34.108644],[-87.06421,34.107426],[-87.062738,34.106842],[-87.061542,34.108898],[-87.061546,34.112988],[-87.061953,34.115199],[-87.061538,34.116111],[-87.060683,34.116258],[-87.058143,34.115192],[-87.055427,34.116209],[-87.05356,34.114592],[-87.05039,34.116158],[-87.049795,34.117926],[-87.048266,34.119268],[-87.046244,34.12006],[-87.04464,34.122369],[-87.043101,34.123037],[-87.042124,34.121432],[-87.040768,34.120738],[-87.038861,34.123697],[-87.036486,34.124068],[-87.034979,34.125103],[-87.034894,34.127847],[-87.033062,34.130048],[-87.031294,34.129029],[-87.025708,34.128228],[-87.023029,34.127462],[-87.021901,34.126569],[-87.019394,34.125732],[-87.018182,34.122359],[-87.015341,34.120282],[-87.012819,34.116873],[-87.012319,34.115554],[-87.010804,34.115447],[-87.010788,34.112112],[-87.011568,34.109203],[-87.01125,34.105827],[-87.009984,34.104106],[-87.010461,34.101437],[-87.008515,34.101255],[-87.006702,34.100385],[-87.004489,34.098336],[-87.00361,34.096188],[-87.001197,34.093838],[-86.999478,34.092814],[-86.999718,34.091315],[-87.000663,34.090311],[-87.002449,34.086693],[-87.000856,34.084655],[-87.000029,34.081121],[-87.000322,34.079543],[-86.998952,34.077796],[-86.996957,34.076227],[-86.995777,34.077134],[-86.992703,34.0776],[-86.988958,34.076591],[-86.987027,34.077913],[-86.983406,34.079603],[-86.982552,34.080963],[-86.982795,34.083257],[-86.984059,34.086234],[-86.983943,34.087521],[-86.981482,34.091341],[-86.979758,34.092223],[-86.976211,34.09213],[-86.975651,34.094004],[-86.976033,34.09768],[-86.973163,34.10004],[-86.971271,34.102651],[-86.974058,34.105125],[-86.971144,34.106169],[-86.969966,34.107864],[-86.968879,34.10822],[-86.97286,34.112045],[-86.976224,34.111747],[-86.976727,34.112318],[-86.977363,34.115633],[-86.975499,34.11658],[-86.975751,34.117162],[-86.979023,34.117139],[-86.979671,34.118074],[-86.97671,34.119471],[-86.972983,34.12188],[-86.970174,34.123014],[-86.970029,34.12463],[-86.968968,34.125475],[-86.96794,34.124537],[-86.965718,34.123812],[-86.960271,34.125473],[-86.96014,34.126203],[-86.962103,34.127782],[-86.960735,34.129071],[-86.95849,34.129882],[-86.955627,34.130152],[-86.953685,34.130836],[-86.953749,34.132487],[-86.953033,34.134223],[-86.947443,34.138288],[-86.946342,34.14104],[-86.948053,34.1408],[-86.949007,34.142146],[-86.95061,34.142427],[-86.951232,34.141615],[-86.952653,34.142236],[-86.955456,34.141976],[-86.958294,34.142491],[-86.959425,34.142165],[-86.960815,34.140605],[-86.963399,34.140812],[-86.965516,34.142084],[-86.966616,34.143842],[-86.96877,34.145226],[-86.968461,34.147865],[-86.969925,34.152155],[-86.970832,34.153186],[-86.972155,34.158047],[-86.971098,34.158141],[-86.967133,34.161062],[-86.966466,34.165281],[-86.968038,34.167508],[-86.967093,34.172196],[-86.968475,34.172294],[-86.971694,34.175428],[-86.973784,34.175354],[-86.976004,34.175992],[-86.979423,34.175949],[-86.982736,34.177407],[-86.98364,34.175758],[-86.983872,34.169589],[-86.984507,34.167532],[-86.984948,34.163919],[-86.988384,34.165285],[-86.989987,34.167806],[-86.991625,34.166001],[-86.994096,34.165903],[-86.994651,34.167106],[-86.996969,34.169552],[-87.005308,34.165437],[-87.008677,34.165461],[-87.01,34.165821],[-87.014112,34.164314],[-87.014572,34.160231],[-87.016344,34.159496],[-87.015655,34.153751],[-87.016589,34.148304],[-87.016425,34.145274],[-87.014753,34.143619],[-87.014704,34.140845],[-87.015659,34.140719],[-87.016135,34.141906],[-87.018803,34.14246],[-87.02001,34.14184],[-87.023561,34.142343],[-87.024837,34.141847],[-87.027756,34.139508],[-87.029868,34.138594],[-87.032155,34.138201],[-87.032587,34.130566],[-87.03474,34.130338],[-87.036371,34.129585],[-87.038408,34.127456],[-87.041297,34.126068],[-87.045159,34.126725],[-87.04871,34.126566],[-87.051036,34.128262],[-87.05207,34.131089],[-87.051592,34.133549],[-87.05375,34.136391],[-87.056213,34.137566],[-87.05923,34.137413],[-87.063612,34.13802],[-87.066223,34.139583],[-87.066816,34.141877],[-87.067046,34.145442],[-87.067886,34.147525],[-87.068476,34.152492],[-87.071649,34.153264],[-87.073479,34.15427],[-87.074503,34.155698],[-87.076145,34.156559],[-87.079161,34.156452],[-87.08173,34.157534],[-87.084396,34.160286],[-87.084212,34.163957],[-87.086271,34.164055],[-87.087723,34.162631],[-87.088592,34.158368],[-87.090342,34.156726],[-87.093311,34.155682],[-87.093157,34.157433],[-87.093765,34.159483],[-87.09605,34.160686],[-87.09743,34.162399],[-87.098866,34.162373],[-87.099494,34.161615],[-87.099718,34.158747],[-87.100847,34.158935],[-87.102319,34.15658]]]}},{"type":"Feature","properties":{"zcta5":"35622","AFFGEOID10":"8600000US35622","GEOID10":"35622","ALAND10":250474171,"AWATER10":831849,"county_name":"Cullman","state_code":"AL","county_state":"Cullman County, AL","county_fips":"01043","risk_level_county":"Medium Risk (70–79% vaccinated)","mean_vaccination_rate_county":78.34,"risk_level_zcta":"Medium Risk (70–79% vaccinated)","mean_vaccination_rate_zips":75.03,"cases":1},"geometry":{"type":"Polygon","coordinates":[[[-87.020041,34.370382],[-87.02216,34.370494],[-87.022437,34.369332],[-87.022499,34.363104],[-87.024417,34.363016],[-87.026818,34.36131],[-87.030145,34.360696],[-87.03134,34.362586],[-87.033961,34.362206],[-87.041091,34.355855],[-87.042253,34.352491],[-87.042611,34.349784],[-87.050646,34.354514],[-87.054346,34.356233],[-87.054096,34.354779],[-87.054565,34.350619],[-87.056974,34.344066],[-87.057598,34.342976],[-87.057374,34.339946],[-87.055658,34.337372],[-87.058107,34.335854],[-87.064079,34.33442],[-87.06348,34.336598],[-87.066472,34.336168],[-87.070704,34.33736],[-87.075014,34.337956],[-87.074437,34.33663],[-87.075066,34.335313],[-87.074996,34.330515],[-87.076029,34.330037],[-87.081685,34.329771],[-87.081132,34.327072],[-87.083599,34.32404],[-87.086315,34.322291],[-87.08876,34.321546],[-87.090122,34.319405],[-87.089738,34.317618],[-87.090178,34.314044],[-87.092741,34.31232],[-87.000008,34.311798],[-86.998132,34.311702],[-87.001705,34.324251],[-87.002459,34.325822],[-87.004735,34.328185],[-87.004386,34.332106],[-86.978427,34.319686],[-86.97579,34.322022],[-86.975356,34.319633],[-86.964295,34.320878],[-86.963942,34.32191],[-86.96181,34.323614],[-86.9588,34.32245],[-86.953549,34.323151],[-86.951452,34.322537],[-86.94689,34.317296],[-86.944325,34.316997],[-86.941565,34.315886],[-86.939249,34.316156],[-86.938304,34.315515],[-86.937043,34.316488],[-86.935235,34.320365],[-86.935918,34.322521],[-86.934765,34.324342],[-86.932883,34.325982],[-86.92983,34.321395],[-86.933053,34.310594],[-86.950843,34.311012],[-86.94784,34.310524],[-86.947135,34.307249],[-86.950993,34.30762],[-86.954584,34.309481],[-86.949196,34.301786],[-86.952105,34.300731],[-86.954084,34.298342],[-86.955824,34.297314],[-86.956627,34.298541],[-86.960311,34.299552],[-86.961832,34.2993],[-86.962698,34.29994],[-86.963834,34.299333],[-86.960975,34.296318],[-86.957325,34.294651],[-86.954738,34.293882],[-86.951252,34.291053],[-86.949118,34.290073],[-86.945216,34.288888],[-86.943276,34.29095],[-86.934354,34.285254],[-86.933993,34.279886],[-86.931171,34.277284],[-86.928936,34.276188],[-86.92003,34.269849],[-86.919206,34.269616],[-86.916696,34.271951],[-86.914837,34.273176],[-86.913292,34.274826],[-86.913389,34.275782],[-86.909748,34.277727],[-86.90766,34.279187],[-86.907355,34.280377],[-86.905875,34.281855],[-86.902833,34.282375],[-86.900432,34.282355],[-86.899214,34.283022],[-86.899962,34.284528],[-86.896637,34.284913],[-86.895744,34.285995],[-86.892211,34.287525],[-86.89171,34.288968],[-86.889905,34.289273],[-86.888981,34.290174],[-86.889717,34.292285],[-86.887567,34.291164],[-86.886012,34.291776],[-86.884361,34.291215],[-86.879695,34.287297],[-86.877654,34.286041],[-86.876533,34.287041],[-86.877235,34.28981],[-86.875853,34.291514],[-86.875323,34.289754],[-86.870847,34.289371],[-86.869802,34.290488],[-86.869721,34.293636],[-86.868871,34.295204],[-86.866948,34.294913],[-86.864903,34.296516],[-86.864077,34.296182],[-86.861619,34.291065],[-86.857674,34.291476],[-86.856114,34.288453],[-86.856249,34.286234],[-86.855057,34.284393],[-86.853711,34.283345],[-86.850135,34.281568],[-86.851216,34.28042],[-86.85094,34.279109],[-86.851158,34.269405],[-86.850633,34.268146],[-86.847564,34.26597],[-86.846786,34.264439],[-86.841694,34.264243],[-86.84039,34.266656],[-86.840193,34.269241],[-86.840909,34.271033],[-86.840306,34.272417],[-86.838234,34.273961],[-86.837207,34.275646],[-86.835042,34.27712],[-86.831765,34.278749],[-86.828997,34.278729],[-86.828864,34.282565],[-86.828185,34.283772],[-86.824452,34.283036],[-86.823391,34.281582],[-86.8211,34.280912],[-86.819915,34.281162],[-86.81931,34.279583],[-86.816314,34.278379],[-86.817061,34.279535],[-86.814832,34.280334],[-86.813925,34.282678],[-86.813754,34.286195],[-86.812687,34.287528],[-86.814965,34.288875],[-86.814179,34.290966],[-86.815536,34.291482],[-86.814838,34.292302],[-86.813241,34.292218],[-86.813226,34.294274],[-86.809496,34.29545],[-86.809873,34.296812],[-86.808318,34.297459],[-86.808173,34.299227],[-86.807158,34.300794],[-86.805555,34.298528],[-86.804813,34.29997],[-86.80568,34.301063],[-86.804796,34.302468],[-86.804945,34.303812],[-86.803421,34.305099],[-86.802229,34.300382],[-86.800407,34.298758],[-86.795757,34.298367],[-86.794042,34.300109],[-86.793454,34.301318],[-86.793358,34.307538],[-86.789026,34.30745],[-86.788664,34.318403],[-86.787128,34.319078],[-86.785335,34.318732],[-86.782694,34.322803],[-86.78548,34.325739],[-86.786279,34.32814],[-86.786818,34.333976],[-86.788543,34.335647],[-86.789124,34.337921],[-86.787107,34.340201],[-86.789507,34.339905],[-86.792695,34.338502],[-86.797234,34.336959],[-86.801857,34.336988],[-86.805573,34.338934],[-86.80661,34.342208],[-86.808152,34.343613],[-86.812577,34.345409],[-86.81489,34.347081],[-86.816587,34.349604],[-86.815101,34.351184],[-86.811029,34.353505],[-86.808541,34.352536],[-86.80684,34.35431],[-86.80275,34.354826],[-86.799914,34.353992],[-86.799618,34.355119],[-86.797552,34.355016],[-86.797435,34.353862],[-86.793694,34.354306],[-86.793202,34.355306],[-86.790832,34.355014],[-86.790602,34.355834],[-86.788305,34.356813],[-86.787647,34.358904],[-86.784988,34.361046],[-86.783093,34.361935],[-86.781959,34.363304],[-86.781477,34.368943],[-86.779607,34.369811],[-86.776747,34.369033],[-86.772713,34.36928],[-86.770068,34.370325],[-86.768903,34.372583],[-86.766973,34.373683],[-86.772496,34.389101],[-86.771752,34.39106],[-86.772911,34.393337],[-86.768072,34.396969],[-86.764384,34.397017],[-86.765278,34.400041],[-86.767484,34.403368],[-86.770528,34.404551],[-86.769296,34.407019],[-86.777748,34.415545],[-86.784778,34.416622],[-86.799352,34.419346],[-86.800698,34.419737],[-86.813122,34.422127],[-86.814386,34.419806],[-86.814804,34.417219],[-86.815636,34.415799],[-86.814931,34.414434],[-86.815695,34.412089],[-86.810792,34.407406],[-86.808959,34.405092],[-86.810842,34.404689],[-86.812525,34.407015],[-86.814762,34.408649],[-86.817866,34.409215],[-86.822788,34.411265],[-86.824222,34.412162],[-86.842869,34.380865],[-86.845658,34.382761],[-86.847336,34.386241],[-86.847156,34.38822],[-86.849298,34.387648],[-86.850723,34.386537],[-86.853243,34.38636],[-86.856585,34.387101],[-86.861653,34.388859],[-86.863677,34.390947],[-86.863119,34.393061],[-86.870188,34.393235],[-86.871551,34.395208],[-86.87347,34.393409],[-86.881865,34.393532],[-86.883619,34.394752],[-86.885317,34.394839],[-86.888103,34.393201],[-86.88797,34.38998],[-86.890484,34.388154],[-86.889835,34.390639],[-86.889896,34.40289],[-86.889395,34.408294],[-86.892244,34.408778],[-86.893871,34.410238],[-86.897991,34.406575],[-86.897834,34.402425],[-86.897016,34.397953],[-86.910756,34.398072],[-86.910389,34.39972],[-86.911246,34.401829],[-86.914455,34.401865],[-86.913427,34.399537],[-86.914106,34.398726],[-86.912754,34.397994],[-86.909393,34.390303],[-86.911961,34.390146],[-86.913313,34.395803],[-86.916389,34.395582],[-86.916551,34.383568],[-86.923967,34.383635],[-86.925272,34.385602],[-86.928296,34.388961],[-86.929655,34.393206],[-86.928262,34.394063],[-86.929873,34.394987],[-86.92925,34.397208],[-86.929728,34.398342],[-86.930788,34.40005],[-86.931875,34.400065],[-86.935701,34.398587],[-86.939161,34.399271],[-86.940201,34.398225],[-86.941287,34.393156],[-86.942728,34.393564],[-86.942871,34.392209],[-86.944479,34.391014],[-86.947621,34.393336],[-86.94926,34.393768],[-86.950489,34.395566],[-86.954983,34.396783],[-86.956261,34.396256],[-86.956415,34.395973],[-86.95251,34.392219],[-86.954606,34.391596],[-86.960647,34.392169],[-86.964298,34.390042],[-86.962421,34.387013],[-86.960431,34.385991],[-86.959104,34.383363],[-86.957433,34.381731],[-86.956955,34.378669],[-86.958294,34.376997],[-86.958644,34.374685],[-86.959428,34.373846],[-86.959961,34.370032],[-86.995998,34.370624],[-86.996078,34.365815],[-86.9968,34.364505],[-86.996793,34.36172],[-86.995226,34.35816],[-86.996703,34.356298],[-86.9979,34.352689],[-86.998767,34.34861],[-87.001965,34.348363],[-87.011229,34.348402],[-87.0106,34.353129],[-87.011339,34.35587],[-87.012492,34.357277],[-87.013885,34.360262],[-87.019487,34.368252],[-87.020041,34.370382]]]}},{"type":"Feature","properties":{"zcta5":"35033","AFFGEOID10":"8600000US35033","GEOID10":"35033","ALAND10":196354535,"AWATER10":8714307,"county_name":"Cullman","state_code":"AL","county_state":"Cullman County, AL","county_fips":"01043","risk_level_county":"Medium Risk (70–79% vaccinated)","mean_vaccination_rate_county":78.34,"risk_level_zcta":"Medium Risk (70–79% vaccinated)","mean_vaccination_rate_zips":71.6,"cases":1},"geometry":{"type":"Polygon","coordinates":[[[-87.110645,33.956473],[-87.111963,33.954243],[-87.111533,33.952795],[-87.111764,33.950791],[-87.109489,33.9486],[-87.108753,33.94734],[-87.105811,33.944724],[-87.105549,33.936732],[-87.104574,33.935216],[-87.100853,33.932909],[-87.095713,33.9306],[-87.092846,33.92821],[-87.085584,33.919164],[-87.083495,33.911567],[-87.081968,33.907072],[-87.082287,33.906154],[-87.083957,33.905744],[-87.088481,33.903386],[-87.092799,33.901969],[-87.098263,33.901354],[-87.100659,33.898966],[-87.10013,33.897713],[-87.097733,33.896882],[-87.092549,33.894124],[-87.090005,33.89215],[-87.091836,33.890093],[-87.097067,33.888089],[-87.101678,33.88668],[-87.102486,33.885773],[-87.099978,33.881902],[-87.097209,33.87925],[-87.092105,33.873791],[-87.088857,33.870671],[-87.083882,33.865532],[-87.081522,33.864132],[-87.077864,33.865937],[-87.070818,33.870585],[-87.069017,33.871141],[-87.068168,33.870593],[-87.067121,33.867229],[-87.067588,33.866372],[-87.070359,33.864356],[-87.075968,33.857188],[-87.077039,33.855415],[-87.077723,33.85238],[-87.077186,33.848162],[-87.07624,33.847322],[-87.070681,33.844785],[-87.065759,33.84228],[-87.062436,33.839559],[-87.061873,33.838605],[-87.063346,33.834275],[-87.066081,33.83115],[-87.070658,33.824634],[-87.071184,33.822693],[-87.070666,33.821578],[-87.070567,33.821364],[-87.067766,33.821988],[-87.067825,33.823101],[-87.066208,33.824934],[-87.065872,33.826869],[-87.06264,33.832391],[-87.060029,33.833956],[-87.055791,33.836024],[-87.053512,33.840249],[-87.053536,33.841947],[-87.055051,33.845873],[-87.053727,33.849022],[-87.05162,33.850203],[-87.050308,33.8541],[-87.049985,33.856177],[-87.050587,33.857873],[-87.053242,33.859627],[-87.054494,33.861868],[-87.05385,33.863702],[-87.050913,33.867075],[-87.047841,33.865924],[-87.044734,33.865287],[-87.042303,33.865521],[-87.04246,33.862978],[-87.041743,33.861551],[-87.034546,33.859995],[-87.032345,33.859896],[-87.029926,33.859142],[-87.024194,33.857999],[-87.022472,33.858039],[-87.020788,33.858841],[-87.019655,33.860181],[-87.018251,33.863034],[-87.018792,33.86475],[-87.017489,33.868007],[-87.016009,33.868019],[-87.013213,33.866604],[-87.008128,33.86472],[-87.006862,33.866179],[-87.006206,33.867221],[-87.002482,33.86977],[-87.001442,33.870006],[-86.998594,33.869604],[-86.99662,33.868696],[-86.995101,33.866572],[-86.993987,33.860932],[-86.992516,33.859757],[-86.990786,33.859471],[-86.984475,33.859662],[-86.979405,33.859197],[-86.974674,33.860481],[-86.969763,33.859587],[-86.966757,33.858577],[-86.963358,33.858221],[-86.959667,33.857974],[-86.959391,33.85932],[-86.961106,33.864093],[-86.963268,33.866621],[-86.963181,33.867309],[-86.962111,33.867691],[-86.960151,33.8667],[-86.956489,33.865493],[-86.95349,33.864],[-86.950817,33.861528],[-86.949601,33.861306],[-86.947656,33.861911],[-86.948433,33.863132],[-86.950518,33.864847],[-86.952273,33.867123],[-86.952809,33.869629],[-86.951437,33.871501],[-86.945708,33.867051],[-86.943072,33.866571],[-86.932324,33.867292],[-86.931488,33.867638],[-86.926613,33.871041],[-86.92369,33.872224],[-86.925898,33.874257],[-86.9304,33.873524],[-86.935749,33.874853],[-86.937058,33.876586],[-86.937048,33.884757],[-86.939565,33.896977],[-86.941087,33.899343],[-86.943862,33.899973],[-86.951339,33.898947],[-86.953261,33.89951],[-86.959478,33.903174],[-86.962127,33.905305],[-86.966842,33.901841],[-86.969196,33.899669],[-86.97626,33.895814],[-86.977599,33.894582],[-86.981313,33.898965],[-86.981457,33.897392],[-86.983897,33.898188],[-86.985314,33.897677],[-86.98602,33.898968],[-86.989226,33.900617],[-86.99015,33.902238],[-86.990217,33.904404],[-86.990957,33.906169],[-86.993522,33.906102],[-86.996462,33.905122],[-86.998406,33.903917],[-86.999713,33.905753],[-87.001707,33.906105],[-87.00464,33.90874],[-87.003689,33.910362],[-87.00277,33.914045],[-87.004713,33.917235],[-87.007752,33.919216],[-87.009775,33.922169],[-87.012664,33.921263],[-87.014016,33.922297],[-87.012432,33.924683],[-87.009463,33.925814],[-87.006269,33.929645],[-87.008701,33.931169],[-87.007711,33.932565],[-87.008172,33.934402],[-87.009959,33.935244],[-87.012161,33.937576],[-87.012964,33.940661],[-87.014348,33.94247],[-87.015771,33.946622],[-87.013652,33.948589],[-87.01379,33.9497],[-87.009474,33.95126],[-87.007969,33.952337],[-87.005924,33.951989],[-87.00531,33.952715],[-87.000917,33.952586],[-87.000025,33.95435],[-86.998008,33.954973],[-86.99828,33.956045],[-86.99634,33.956782],[-86.99369,33.959483],[-86.99092,33.961288],[-86.988364,33.967859],[-86.986906,33.967838],[-86.986735,33.969339],[-86.984868,33.969895],[-86.983074,33.972507],[-86.983246,33.973584],[-86.979987,33.974042],[-86.980014,33.97645],[-86.977125,33.979217],[-86.973503,33.981202],[-86.973708,33.982945],[-86.967894,33.983288],[-86.966938,33.984943],[-86.966793,33.987268],[-86.965678,33.990304],[-86.96953,33.990193],[-86.97177,33.990502],[-86.971303,33.99383],[-86.968918,33.996712],[-86.96523,34.00326],[-86.964038,34.007953],[-86.964279,34.011404],[-86.965663,34.016167],[-86.965495,34.017595],[-86.963192,34.018526],[-86.958852,34.019261],[-86.958719,34.020549],[-86.962486,34.022641],[-86.964515,34.024694],[-86.968226,34.024387],[-86.968814,34.029231],[-86.971289,34.030812],[-86.974045,34.033857],[-86.976289,34.037081],[-86.979032,34.039366],[-86.987889,34.043547],[-86.991599,34.046547],[-86.995248,34.04572],[-86.998508,34.045733],[-87.007787,34.048167],[-87.015749,34.052002],[-87.018445,34.052214],[-87.023926,34.04873],[-87.028753,34.042069],[-87.030468,34.037795],[-87.034633,34.036222],[-87.036536,34.036733],[-87.043466,34.041716],[-87.044908,34.042227],[-87.045705,34.037309],[-87.045105,34.036118],[-87.041394,34.034658],[-87.040838,34.032711],[-87.038881,34.029958],[-87.037926,34.029569],[-87.037683,34.028082],[-87.038777,34.028823],[-87.041172,34.028831],[-87.043541,34.029466],[-87.045147,34.028632],[-87.046425,34.023747],[-87.046421,34.019674],[-87.045124,34.015646],[-87.048175,34.015322],[-87.050044,34.015552],[-87.052592,34.016537],[-87.053717,34.017829],[-87.057849,34.018444],[-87.058757,34.021127],[-87.058444,34.019155],[-87.058833,34.017828],[-87.061532,34.01606],[-87.062733,34.014571],[-87.067766,34.011005],[-87.068815,34.00937],[-87.070187,34.005759],[-87.070482,34.003237],[-87.069649,33.999841],[-87.068218,33.998352],[-87.065139,33.998439],[-87.061837,33.997295],[-87.0612,33.99547],[-87.062491,33.993829],[-87.06163,33.991047],[-87.061831,33.98957],[-87.063216,33.988632],[-87.065791,33.989498],[-87.067882,33.992202],[-87.071455,33.992814],[-87.074061,33.991406],[-87.076688,33.992307],[-87.078274,33.994782],[-87.077802,33.998465],[-87.082236,33.998159],[-87.083486,33.997144],[-87.083833,33.995876],[-87.087206,33.992805],[-87.083895,33.988831],[-87.085156,33.984587],[-87.084558,33.983173],[-87.085042,33.981301],[-87.088015,33.977933],[-87.089833,33.977714],[-87.093028,33.979132],[-87.094804,33.978957],[-87.096201,33.975685],[-87.099037,33.972994],[-87.103799,33.972203],[-87.104166,33.971573],[-87.103704,33.969517],[-87.103977,33.966989],[-87.103431,33.96509],[-87.101287,33.963376],[-87.099317,33.960693],[-87.098975,33.95901],[-87.100485,33.957368],[-87.102456,33.95713],[-87.106342,33.957856],[-87.110645,33.956473]]]}},{"type":"Feature","properties":{"zcta5":"35179","AFFGEOID10":"8600000US35179","GEOID10":"35179","ALAND10":241602937,"AWATER10":2028685,"county_name":"Cullman","state_code":"AL","county_state":"Cullman County, AL","county_fips":"01043","risk_level_county":"Medium Risk (70–79% vaccinated)","mean_vaccination_rate_county":78.34,"risk_level_zcta":"Higher Risk (60–69% vaccinated)","mean_vaccination_rate_zips":63.89,"cases":1},"geometry":{"type":"MultiPolygon","coordinates":[[[[-86.931294,34.243315],[-86.931208,34.243449],[-86.931282,34.244809],[-86.928719,34.248569],[-86.933216,34.248342],[-86.932338,34.245347],[-86.931319,34.243344],[-86.931294,34.243315]]],[[[-86.931294,34.243315],[-86.93132,34.243275],[-86.933052,34.23802],[-86.940352,34.237889],[-86.941944,34.23505],[-86.945622,34.234861],[-86.943547,34.234157],[-86.943395,34.23247],[-86.941483,34.23257],[-86.941605,34.234135],[-86.927435,34.234035],[-86.926291,34.231013],[-86.926299,34.237949],[-86.929716,34.237984],[-86.929909,34.240863],[-86.931243,34.243254],[-86.931294,34.243315]]],[[[-87.109911,34.299299],[-87.109941,34.289507],[-87.110054,34.288328],[-87.111378,34.28719],[-87.11239,34.287748],[-87.117094,34.287185],[-87.120234,34.28711],[-87.121666,34.286062],[-87.124339,34.285771],[-87.126499,34.284227],[-87.12941,34.2838],[-87.132753,34.281866],[-87.136285,34.282178],[-87.136914,34.281735],[-87.137887,34.278668],[-87.137885,34.277487],[-87.136297,34.276406],[-87.137404,34.275512],[-87.137597,34.27424],[-87.139116,34.27285],[-87.141821,34.272693],[-87.141828,34.270709],[-87.139653,34.269467],[-87.138042,34.267404],[-87.136111,34.262365],[-87.136273,34.261706],[-87.139986,34.2608],[-87.1403,34.260078],[-87.138525,34.257384],[-87.141151,34.255451],[-87.140107,34.254947],[-87.137261,34.254743],[-87.135956,34.253833],[-87.134704,34.251517],[-87.13583,34.249586],[-87.133743,34.248307],[-87.133718,34.24635],[-87.132221,34.24775],[-87.132571,34.24921],[-87.130326,34.251287],[-87.127872,34.251335],[-87.125518,34.253141],[-87.12226,34.253568],[-87.120077,34.253417],[-87.1196,34.254427],[-87.118535,34.254158],[-87.11704,34.25645],[-87.116901,34.258046],[-87.114546,34.259717],[-87.11492,34.263108],[-87.111805,34.265167],[-87.110002,34.269196],[-87.110199,34.228364],[-87.106667,34.229469],[-87.10652,34.228329],[-87.107148,34.224071],[-87.108789,34.221208],[-87.109483,34.219132],[-87.109768,34.216466],[-87.109101,34.214173],[-87.107608,34.211699],[-87.103864,34.211115],[-87.101875,34.209515],[-87.097412,34.209383],[-87.097778,34.211768],[-87.099009,34.213723],[-87.101003,34.216186],[-87.097976,34.217506],[-87.097511,34.219147],[-87.096447,34.219545],[-87.094622,34.21814],[-87.094673,34.215127],[-87.091198,34.214336],[-87.088927,34.212534],[-87.086811,34.213726],[-87.087487,34.215926],[-87.087282,34.217369],[-87.083765,34.218057],[-87.078762,34.21953],[-87.077319,34.221083],[-87.074963,34.22112],[-87.074322,34.219903],[-87.069069,34.222359],[-87.061578,34.222652],[-87.055173,34.22463],[-87.054185,34.225271],[-87.044369,34.225136],[-87.044332,34.223576],[-87.043191,34.225115],[-87.042595,34.227901],[-87.042515,34.231726],[-87.040791,34.232067],[-87.037513,34.234647],[-87.035657,34.233132],[-87.031539,34.239084],[-87.029987,34.240442],[-87.029194,34.242912],[-87.004547,34.24243],[-87.004437,34.243768],[-87.002243,34.246972],[-86.998118,34.249091],[-86.99676,34.24864],[-86.994153,34.245676],[-86.992166,34.246683],[-86.990863,34.245862],[-86.989669,34.244266],[-86.989525,34.241647],[-86.990375,34.240451],[-86.989517,34.239242],[-86.988378,34.234408],[-86.990083,34.232794],[-86.988085,34.231838],[-86.986131,34.22933],[-86.985675,34.227608],[-86.98637,34.226787],[-86.985144,34.223892],[-86.987337,34.22345],[-86.98712,34.221899],[-86.984471,34.222223],[-86.982201,34.223648],[-86.979769,34.223368],[-86.979129,34.220617],[-86.97638,34.220706],[-86.975169,34.213776],[-86.973521,34.2118],[-86.972992,34.207897],[-86.971916,34.207907],[-86.965188,34.211779],[-86.962965,34.21212],[-86.961669,34.213519],[-86.95717,34.211802],[-86.956424,34.208889],[-86.954361,34.208793],[-86.953768,34.209845],[-86.951624,34.2108],[-86.950666,34.21218],[-86.943836,34.218537],[-86.944405,34.220777],[-86.946791,34.222294],[-86.947346,34.220595],[-86.95155,34.221489],[-86.953275,34.223258],[-86.955928,34.223857],[-86.958357,34.22336],[-86.960933,34.223546],[-86.961492,34.226909],[-86.956898,34.226811],[-86.956891,34.228475],[-86.96143,34.228136],[-86.961168,34.230846],[-86.961667,34.233243],[-86.957612,34.23317],[-86.957476,34.23589],[-86.958322,34.2392],[-86.959541,34.238601],[-86.959275,34.241268],[-86.95787,34.243067],[-86.961037,34.245192],[-86.958313,34.245188],[-86.957266,34.243703],[-86.952583,34.246054],[-86.951872,34.2477],[-86.948643,34.247599],[-86.948396,34.246876],[-86.945335,34.246855],[-86.941874,34.24618],[-86.94187,34.244992],[-86.9395,34.244922],[-86.938646,34.24861],[-86.939665,34.249722],[-86.939697,34.251309],[-86.943646,34.251519],[-86.943822,34.253029],[-86.945738,34.254117],[-86.944527,34.256274],[-86.91934,34.244883],[-86.917312,34.242586],[-86.917347,34.234864],[-86.915472,34.234812],[-86.91476,34.239684],[-86.916472,34.241631],[-86.912882,34.241971],[-86.899701,34.235956],[-86.899694,34.238305],[-86.895727,34.238052],[-86.894579,34.235679],[-86.892625,34.235064],[-86.891302,34.23353],[-86.888792,34.233026],[-86.884933,34.234799],[-86.884471,34.237048],[-86.886365,34.240824],[-86.886413,34.245194],[-86.88833,34.249835],[-86.886016,34.250734],[-86.88339,34.250539],[-86.882555,34.24891],[-86.885742,34.245502],[-86.883378,34.241317],[-86.878911,34.230695],[-86.877166,34.232407],[-86.873657,34.233747],[-86.871592,34.23526],[-86.869437,34.238297],[-86.86863,34.237774],[-86.868828,34.242933],[-86.867015,34.242875],[-86.864528,34.237068],[-86.864085,34.237345],[-86.864546,34.238926],[-86.864168,34.240841],[-86.862452,34.243317],[-86.861384,34.244242],[-86.859698,34.241628],[-86.856466,34.237691],[-86.856216,34.236248],[-86.856956,34.232742],[-86.856154,34.23059],[-86.852565,34.227523],[-86.850832,34.225342],[-86.849462,34.22571],[-86.850761,34.225813],[-86.85607,34.231415],[-86.856684,34.23256],[-86.855585,34.238193],[-86.854726,34.238352],[-86.851389,34.238305],[-86.851401,34.23621],[-86.852502,34.235482],[-86.851321,34.233668],[-86.852962,34.232921],[-86.851126,34.233343],[-86.849126,34.232349],[-86.852544,34.232367],[-86.852433,34.228495],[-86.846903,34.228517],[-86.846979,34.22599],[-86.840384,34.222502],[-86.83817,34.222052],[-86.835437,34.220404],[-86.833794,34.220259],[-86.816618,34.220157],[-86.816248,34.218118],[-86.815391,34.218505],[-86.813946,34.21906],[-86.811604,34.221369],[-86.81072,34.22371],[-86.800743,34.225516],[-86.801617,34.226291],[-86.802285,34.228574],[-86.804206,34.228506],[-86.803768,34.22989],[-86.800891,34.230493],[-86.803114,34.231759],[-86.802914,34.233671],[-86.803943,34.231298],[-86.805966,34.232156],[-86.811749,34.228872],[-86.811609,34.234737],[-86.807018,34.234674],[-86.804178,34.236053],[-86.805742,34.239034],[-86.805876,34.241868],[-86.809118,34.241148],[-86.809717,34.24258],[-86.805813,34.243649],[-86.804231,34.243672],[-86.803753,34.244557],[-86.805213,34.245597],[-86.807292,34.245455],[-86.807728,34.247424],[-86.806698,34.248323],[-86.804653,34.248909],[-86.806459,34.251436],[-86.805946,34.253945],[-86.803373,34.254263],[-86.804761,34.254918],[-86.805608,34.256331],[-86.804465,34.25785],[-86.802522,34.259029],[-86.802086,34.260321],[-86.802778,34.261168],[-86.80508,34.262148],[-86.803808,34.263581],[-86.802551,34.263621],[-86.800793,34.262726],[-86.797533,34.26327],[-86.796111,34.26297],[-86.792737,34.26108],[-86.789651,34.261625],[-86.787599,34.261314],[-86.781957,34.26328],[-86.779839,34.26305],[-86.778844,34.265348],[-86.779523,34.267487],[-86.7813,34.26951],[-86.778518,34.269659],[-86.778694,34.272987],[-86.776958,34.276429],[-86.776998,34.277673],[-86.774733,34.27968],[-86.77182,34.280144],[-86.770155,34.281088],[-86.768634,34.281184],[-86.766343,34.280557],[-86.764366,34.280572],[-86.763102,34.281642],[-86.760992,34.282414],[-86.759467,34.283872],[-86.75737,34.284057],[-86.755546,34.283521],[-86.754924,34.284296],[-86.755484,34.285983],[-86.753757,34.285998],[-86.752042,34.289124],[-86.748801,34.291381],[-86.749021,34.293305],[-86.749763,34.294344],[-86.74864,34.298226],[-86.748668,34.300854],[-86.750798,34.301982],[-86.751411,34.303922],[-86.751014,34.305896],[-86.751396,34.306928],[-86.789026,34.30745],[-86.793358,34.307538],[-86.793454,34.301318],[-86.794042,34.300109],[-86.795757,34.298367],[-86.800407,34.298758],[-86.802229,34.300382],[-86.803421,34.305099],[-86.804945,34.303812],[-86.804796,34.302468],[-86.80568,34.301063],[-86.804813,34.29997],[-86.805555,34.298528],[-86.807158,34.300794],[-86.808173,34.299227],[-86.808318,34.297459],[-86.809873,34.296812],[-86.809496,34.29545],[-86.813226,34.294274],[-86.813241,34.292218],[-86.814838,34.292302],[-86.815536,34.291482],[-86.814179,34.290966],[-86.814965,34.288875],[-86.812687,34.287528],[-86.813754,34.286195],[-86.813925,34.282678],[-86.814832,34.280334],[-86.817061,34.279535],[-86.816314,34.278379],[-86.81931,34.279583],[-86.819915,34.281162],[-86.8211,34.280912],[-86.823391,34.281582],[-86.824452,34.283036],[-86.828185,34.283772],[-86.828864,34.282565],[-86.828997,34.278729],[-86.831765,34.278749],[-86.835042,34.27712],[-86.837207,34.275646],[-86.838234,34.273961],[-86.840306,34.272417],[-86.840909,34.271033],[-86.840193,34.269241],[-86.84039,34.266656],[-86.841694,34.264243],[-86.846786,34.264439],[-86.847564,34.26597],[-86.850633,34.268146],[-86.851158,34.269405],[-86.85094,34.279109],[-86.851216,34.28042],[-86.850135,34.281568],[-86.853711,34.283345],[-86.855057,34.284393],[-86.856249,34.286234],[-86.856114,34.288453],[-86.857674,34.291476],[-86.861619,34.291065],[-86.864077,34.296182],[-86.864903,34.296516],[-86.866948,34.294913],[-86.868871,34.295204],[-86.869721,34.293636],[-86.869802,34.290488],[-86.870847,34.289371],[-86.875323,34.289754],[-86.875853,34.291514],[-86.877235,34.28981],[-86.876533,34.287041],[-86.877654,34.286041],[-86.879695,34.287297],[-86.884361,34.291215],[-86.886012,34.291776],[-86.887567,34.291164],[-86.889717,34.292285],[-86.888981,34.290174],[-86.889905,34.289273],[-86.89171,34.288968],[-86.892211,34.287525],[-86.895744,34.285995],[-86.896637,34.284913],[-86.899962,34.284528],[-86.899214,34.283022],[-86.900432,34.282355],[-86.902833,34.282375],[-86.905875,34.281855],[-86.907355,34.280377],[-86.90766,34.279187],[-86.909748,34.277727],[-86.913389,34.275782],[-86.913292,34.274826],[-86.914837,34.273176],[-86.916696,34.271951],[-86.919206,34.269616],[-86.92003,34.269849],[-86.928936,34.276188],[-86.931171,34.277284],[-86.933993,34.279886],[-86.934354,34.285254],[-86.943276,34.29095],[-86.945216,34.288888],[-86.949118,34.290073],[-86.951252,34.291053],[-86.954738,34.293882],[-86.957325,34.294651],[-86.960975,34.296318],[-86.963834,34.299333],[-86.962698,34.29994],[-86.961832,34.2993],[-86.960311,34.299552],[-86.956627,34.298541],[-86.955824,34.297314],[-86.954084,34.298342],[-86.952105,34.300731],[-86.949196,34.301786],[-86.954584,34.309481],[-86.950993,34.30762],[-86.947135,34.307249],[-86.94784,34.310524],[-86.950843,34.311012],[-86.933053,34.310594],[-86.92983,34.321395],[-86.932883,34.325982],[-86.934765,34.324342],[-86.935918,34.322521],[-86.935235,34.320365],[-86.937043,34.316488],[-86.938304,34.315515],[-86.939249,34.316156],[-86.941565,34.315886],[-86.944325,34.316997],[-86.94689,34.317296],[-86.951452,34.322537],[-86.953549,34.323151],[-86.9588,34.32245],[-86.96181,34.323614],[-86.963942,34.32191],[-86.964295,34.320878],[-86.975356,34.319633],[-86.97579,34.322022],[-86.978427,34.319686],[-87.004386,34.332106],[-87.004735,34.328185],[-87.002459,34.325822],[-87.001705,34.324251],[-86.998132,34.311702],[-87.000008,34.311798],[-87.092741,34.31232],[-87.093059,34.308148],[-87.09384,34.307214],[-87.10556,34.31114],[-87.110105,34.313368],[-87.109911,34.299299]]]]}},{"type":"Feature","properties":{"zcta5":"35053","AFFGEOID10":"8600000US35053","GEOID10":"35053","ALAND10":124198271,"AWATER10":23522749,"county_name":"Cullman","state_code":"AL","county_state":"Cullman County, AL","county_fips":"01043","risk_level_county":"Medium Risk (70–79% vaccinated)","mean_vaccination_rate_county":78.34,"risk_level_zcta":"Very High Risk (<60% vaccinated)","mean_vaccination_rate_zips":55.4,"cases":1},"geometry":{"type":"Polygon","coordinates":[[[-87.133001,34.067845],[-87.135168,34.064394],[-87.13789,34.063012],[-87.138453,34.065651],[-87.139387,34.065629],[-87.140887,34.068358],[-87.141411,34.071862],[-87.142353,34.074544],[-87.140862,34.077086],[-87.14217,34.080981],[-87.142535,34.084318],[-87.144639,34.082585],[-87.149109,34.081128],[-87.149833,34.07977],[-87.14983,34.077405],[-87.151302,34.076382],[-87.153632,34.069653],[-87.151487,34.066308],[-87.150671,34.062528],[-87.149929,34.063743],[-87.149708,34.066199],[-87.148327,34.063883],[-87.14445,34.065312],[-87.141545,34.064648],[-87.139475,34.064768],[-87.138418,34.061477],[-87.140357,34.060952],[-87.141396,34.060067],[-87.140028,34.058616],[-87.139317,34.054306],[-87.140698,34.050877],[-87.14166,34.049397],[-87.140965,34.048406],[-87.141939,34.047863],[-87.140631,34.042941],[-87.138268,34.042375],[-87.136521,34.040934],[-87.135395,34.041152],[-87.133904,34.043471],[-87.134193,34.04182],[-87.133095,34.039449],[-87.13054,34.040444],[-87.131424,34.037765],[-87.130632,34.036548],[-87.130243,34.037495],[-87.128586,34.037479],[-87.124991,34.035817],[-87.124996,34.028095],[-87.12465,34.027257],[-87.123915,34.022146],[-87.123129,34.021249],[-87.118329,34.018866],[-87.115977,34.018255],[-87.112039,34.016672],[-87.112088,34.009708],[-87.113943,34.008668],[-87.115482,34.009226],[-87.115155,34.007603],[-87.117678,34.00798],[-87.117254,34.006212],[-87.119692,34.00759],[-87.11839,34.005327],[-87.116591,34.00486],[-87.11712,34.003804],[-87.112152,34.003283],[-87.112154,34.001538],[-87.115097,34.001427],[-87.117155,33.997896],[-87.118314,33.99818],[-87.120287,33.996297],[-87.122463,33.996557],[-87.126085,33.998417],[-87.126504,33.995789],[-87.128207,33.996055],[-87.129777,33.994827],[-87.130202,33.996928],[-87.132066,33.997575],[-87.136123,33.995713],[-87.136677,33.997011],[-87.140511,33.996944],[-87.141873,33.995679],[-87.144321,33.9961],[-87.145553,33.994764],[-87.145669,33.99315],[-87.151036,33.993225],[-87.147388,33.990603],[-87.143661,33.986361],[-87.141326,33.981128],[-87.138193,33.977632],[-87.139066,33.971596],[-87.138504,33.968909],[-87.136884,33.966602],[-87.13408,33.965093],[-87.126125,33.964842],[-87.122689,33.964327],[-87.11927,33.961772],[-87.112377,33.959487],[-87.111196,33.958219],[-87.110645,33.956473],[-87.106342,33.957856],[-87.102456,33.95713],[-87.100485,33.957368],[-87.098975,33.95901],[-87.099317,33.960693],[-87.101287,33.963376],[-87.103431,33.96509],[-87.103977,33.966989],[-87.103704,33.969517],[-87.104166,33.971573],[-87.103799,33.972203],[-87.099037,33.972994],[-87.096201,33.975685],[-87.094804,33.978957],[-87.093028,33.979132],[-87.089833,33.977714],[-87.088015,33.977933],[-87.085042,33.981301],[-87.084558,33.983173],[-87.085156,33.984587],[-87.083895,33.988831],[-87.087206,33.992805],[-87.083833,33.995876],[-87.083486,33.997144],[-87.082236,33.998159],[-87.077802,33.998465],[-87.078274,33.994782],[-87.076688,33.992307],[-87.074061,33.991406],[-87.071455,33.992814],[-87.067882,33.992202],[-87.065791,33.989498],[-87.063216,33.988632],[-87.061831,33.98957],[-87.06163,33.991047],[-87.062491,33.993829],[-87.0612,33.99547],[-87.061837,33.997295],[-87.065139,33.998439],[-87.068218,33.998352],[-87.069649,33.999841],[-87.070482,34.003237],[-87.070187,34.005759],[-87.068815,34.00937],[-87.067766,34.011005],[-87.062733,34.014571],[-87.061532,34.01606],[-87.058833,34.017828],[-87.058444,34.019155],[-87.058757,34.021127],[-87.057849,34.018444],[-87.053717,34.017829],[-87.052592,34.016537],[-87.050044,34.015552],[-87.048175,34.015322],[-87.045124,34.015646],[-87.046421,34.019674],[-87.046425,34.023747],[-87.045147,34.028632],[-87.043541,34.029466],[-87.041172,34.028831],[-87.038777,34.028823],[-87.037683,34.028082],[-87.037926,34.029569],[-87.038881,34.029958],[-87.040838,34.032711],[-87.041394,34.034658],[-87.045105,34.036118],[-87.045705,34.037309],[-87.044908,34.042227],[-87.043466,34.041716],[-87.036536,34.036733],[-87.034633,34.036222],[-87.030468,34.037795],[-87.028753,34.042069],[-87.023926,34.04873],[-87.018445,34.052214],[-87.015749,34.052002],[-87.007787,34.048167],[-86.998508,34.045733],[-86.995248,34.04572],[-86.991599,34.046547],[-86.989821,34.048816],[-86.988646,34.051803],[-86.987106,34.053879],[-86.982262,34.058514],[-86.97839,34.060933],[-86.976704,34.062303],[-86.967171,34.067823],[-86.966369,34.068456],[-86.965812,34.071907],[-86.96596,34.074806],[-86.965194,34.079324],[-86.963231,34.082887],[-86.961541,34.084294],[-86.959517,34.084961],[-86.956105,34.084995],[-86.952948,34.083654],[-86.949693,34.084196],[-86.949484,34.085287],[-86.949767,34.085715],[-86.95408,34.087698],[-86.955894,34.087984],[-86.957466,34.092946],[-86.958708,34.093316],[-86.957951,34.091035],[-86.958656,34.08966],[-86.957391,34.087387],[-86.958502,34.08803],[-86.961923,34.08811],[-86.962441,34.089194],[-86.964508,34.090947],[-86.965858,34.093233],[-86.967335,34.092543],[-86.970008,34.09297],[-86.970756,34.093797],[-86.975651,34.094004],[-86.976211,34.09213],[-86.979758,34.092223],[-86.981482,34.091341],[-86.983943,34.087521],[-86.984059,34.086234],[-86.982795,34.083257],[-86.982552,34.080963],[-86.983406,34.079603],[-86.987027,34.077913],[-86.988958,34.076591],[-86.992703,34.0776],[-86.995777,34.077134],[-86.996957,34.076227],[-86.998952,34.077796],[-87.000322,34.079543],[-87.000029,34.081121],[-87.000856,34.084655],[-87.002449,34.086693],[-87.000663,34.090311],[-86.999718,34.091315],[-86.999478,34.092814],[-87.001197,34.093838],[-87.00361,34.096188],[-87.004489,34.098336],[-87.006702,34.100385],[-87.008515,34.101255],[-87.010461,34.101437],[-87.009984,34.104106],[-87.01125,34.105827],[-87.011568,34.109203],[-87.010788,34.112112],[-87.010804,34.115447],[-87.012319,34.115554],[-87.012819,34.116873],[-87.015341,34.120282],[-87.018182,34.122359],[-87.019394,34.125732],[-87.021901,34.126569],[-87.023029,34.127462],[-87.025708,34.128228],[-87.031294,34.129029],[-87.033062,34.130048],[-87.034894,34.127847],[-87.034979,34.125103],[-87.036486,34.124068],[-87.038861,34.123697],[-87.040768,34.120738],[-87.042124,34.121432],[-87.043101,34.123037],[-87.04464,34.122369],[-87.046244,34.12006],[-87.048266,34.119268],[-87.049795,34.117926],[-87.05039,34.116158],[-87.05356,34.114592],[-87.055427,34.116209],[-87.058143,34.115192],[-87.060683,34.116258],[-87.061538,34.116111],[-87.061953,34.115199],[-87.061546,34.112988],[-87.061542,34.108898],[-87.062738,34.106842],[-87.06421,34.107426],[-87.064978,34.108644],[-87.065118,34.112254],[-87.066991,34.111555],[-87.069399,34.108082],[-87.071006,34.107297],[-87.074211,34.106883],[-87.075514,34.105546],[-87.076197,34.103843],[-87.076052,34.099775],[-87.076777,34.09972],[-87.079907,34.101121],[-87.079877,34.103295],[-87.080507,34.104323],[-87.082728,34.103293],[-87.083338,34.105728],[-87.084032,34.106575],[-87.085355,34.104214],[-87.086704,34.104518],[-87.088423,34.103439],[-87.090196,34.103919],[-87.091309,34.105476],[-87.092924,34.106064],[-87.096425,34.106112],[-87.098739,34.10717],[-87.101774,34.109288],[-87.104998,34.112221],[-87.107561,34.111904],[-87.107902,34.108808],[-87.110476,34.107951],[-87.111213,34.106362],[-87.110931,34.102537],[-87.111949,34.100476],[-87.111767,34.062271],[-87.115703,34.062221],[-87.119391,34.064378],[-87.124487,34.06254],[-87.128168,34.065686],[-87.129501,34.068264],[-87.133001,34.067845]]]}},{"type":"Feature","properties":{"zcta5":"35070","AFFGEOID10":"8600000US35070","GEOID10":"35070","ALAND10":3595988,"AWATER10":20335,"county_name":"Cullman","state_code":"AL","county_state":"Cullman County, AL","county_fips":"01043","risk_level_county":"Medium Risk (70–79% vaccinated)","mean_vaccination_rate_county":78.34,"risk_level_zcta":"Very High Risk (<60% vaccinated)","mean_vaccination_rate_zips":49.21,"cases":1},"geometry":{"type":"Polygon","coordinates":[[[-86.736688,34.012006],[-86.738202,34.013928],[-86.74025,34.015092],[-86.743453,34.01578],[-86.746661,34.016956],[-86.746129,34.019819],[-86.747894,34.016737],[-86.748332,34.015143],[-86.750703,34.015376],[-86.750064,34.013031],[-86.752227,34.013382],[-86.752408,34.014861],[-86.755156,34.020428],[-86.760311,34.021375],[-86.762749,34.022726],[-86.763072,33.99741],[-86.758214,33.997325],[-86.754715,33.997869],[-86.753861,33.99903],[-86.75183,34.006089],[-86.750533,34.005869],[-86.751031,34.002154],[-86.748132,34.001964],[-86.749388,34.004412],[-86.746856,34.003919],[-86.747181,34.008674],[-86.746349,34.011989],[-86.745619,34.011886],[-86.745471,34.008019],[-86.744089,34.007807],[-86.743827,34.008226],[-86.742668,34.009238],[-86.740555,34.010289],[-86.739177,34.010733],[-86.736688,34.012006]]]}},{"type":"Feature","properties":{"zcta5":"35077","AFFGEOID10":"8600000US35077","GEOID10":"35077","ALAND10":389812440,"AWATER10":3025907,"county_name":"Cullman","state_code":"AL","county_state":"Cullman County, AL","county_fips":"01043","risk_level_county":"Medium Risk (70–79% vaccinated)","mean_vaccination_rate_county":78.34,"risk_level_zcta":"Higher Risk (60–69% vaccinated)","mean_vaccination_rate_zips":67,"cases":1},"geometry":{"type":"Polygon","coordinates":[[[-86.965678,33.990304],[-86.966793,33.987268],[-86.966938,33.984943],[-86.967894,33.983288],[-86.973708,33.982945],[-86.973503,33.981202],[-86.977125,33.979217],[-86.980014,33.97645],[-86.979987,33.974042],[-86.983246,33.973584],[-86.983074,33.972507],[-86.984868,33.969895],[-86.986735,33.969339],[-86.986906,33.967838],[-86.988364,33.967859],[-86.99092,33.961288],[-86.99369,33.959483],[-86.99634,33.956782],[-86.99828,33.956045],[-86.998008,33.954973],[-87.000025,33.95435],[-87.000917,33.952586],[-87.00531,33.952715],[-87.005924,33.951989],[-87.007969,33.952337],[-87.009474,33.95126],[-87.01379,33.9497],[-87.013652,33.948589],[-87.015771,33.946622],[-87.014348,33.94247],[-87.012964,33.940661],[-87.012161,33.937576],[-87.009959,33.935244],[-87.008172,33.934402],[-87.007711,33.932565],[-87.008701,33.931169],[-87.006269,33.929645],[-87.009463,33.925814],[-87.012432,33.924683],[-87.014016,33.922297],[-87.012664,33.921263],[-87.009775,33.922169],[-87.007752,33.919216],[-87.004713,33.917235],[-87.00277,33.914045],[-87.003689,33.910362],[-87.00464,33.90874],[-87.001707,33.906105],[-86.999713,33.905753],[-86.998406,33.903917],[-86.996462,33.905122],[-86.993522,33.906102],[-86.990957,33.906169],[-86.990217,33.904404],[-86.99015,33.902238],[-86.989226,33.900617],[-86.98602,33.898968],[-86.985314,33.897677],[-86.983897,33.898188],[-86.981457,33.897392],[-86.981313,33.898965],[-86.977599,33.894582],[-86.97626,33.895814],[-86.969196,33.899669],[-86.966842,33.901841],[-86.962127,33.905305],[-86.959478,33.903174],[-86.953261,33.89951],[-86.951339,33.898947],[-86.943862,33.899973],[-86.941087,33.899343],[-86.939565,33.896977],[-86.937048,33.884757],[-86.937058,33.876586],[-86.935749,33.874853],[-86.9304,33.873524],[-86.925898,33.874257],[-86.92369,33.872224],[-86.92022,33.872658],[-86.92054,33.873762],[-86.924172,33.876471],[-86.924161,33.877662],[-86.921456,33.880686],[-86.919824,33.884618],[-86.920653,33.888037],[-86.920674,33.890909],[-86.921158,33.894911],[-86.921726,33.895434],[-86.926714,33.896912],[-86.927412,33.897847],[-86.927055,33.901617],[-86.926222,33.90593],[-86.925341,33.908082],[-86.924387,33.909222],[-86.921002,33.911129],[-86.916933,33.91537],[-86.914911,33.91585],[-86.911751,33.913829],[-86.908867,33.912689],[-86.907733,33.912766],[-86.900149,33.915159],[-86.892607,33.916524],[-86.887121,33.916758],[-86.886022,33.917432],[-86.883532,33.922299],[-86.883187,33.924718],[-86.883678,33.927736],[-86.884588,33.930618],[-86.886218,33.932989],[-86.885162,33.934095],[-86.877416,33.936363],[-86.869789,33.933553],[-86.866879,33.932155],[-86.864336,33.930027],[-86.862376,33.929259],[-86.859505,33.929149],[-86.859419,33.932341],[-86.860451,33.934351],[-86.855317,33.939748],[-86.852838,33.94111],[-86.850642,33.942903],[-86.848519,33.944091],[-86.843291,33.948531],[-86.841601,33.949255],[-86.836215,33.95062],[-86.834315,33.949995],[-86.83134,33.947349],[-86.829695,33.946477],[-86.827421,33.944234],[-86.823072,33.942509],[-86.821315,33.941531],[-86.819778,33.941676],[-86.818568,33.942644],[-86.818474,33.943567],[-86.822374,33.950201],[-86.823998,33.952123],[-86.823159,33.955128],[-86.821142,33.957369],[-86.820438,33.957618],[-86.818346,33.95642],[-86.811349,33.953556],[-86.807133,33.953793],[-86.803747,33.95476],[-86.802108,33.954758],[-86.799642,33.953977],[-86.797081,33.952516],[-86.793914,33.952059],[-86.791756,33.952548],[-86.790197,33.953568],[-86.787922,33.956961],[-86.788022,33.959213],[-86.791842,33.960357],[-86.792965,33.962283],[-86.791678,33.963558],[-86.78892,33.964844],[-86.785054,33.966196],[-86.782555,33.969177],[-86.778549,33.967366],[-86.773254,33.965465],[-86.772535,33.965556],[-86.770807,33.967127],[-86.771235,33.969144],[-86.776236,33.970363],[-86.776525,33.970738],[-86.774914,33.973319],[-86.77169,33.973226],[-86.767508,33.973829],[-86.764794,33.973854],[-86.762906,33.975273],[-86.762404,33.976247],[-86.762523,33.985004],[-86.757682,33.989635],[-86.757618,33.991359],[-86.758841,33.992916],[-86.761238,33.994034],[-86.761112,33.995618],[-86.756564,33.996135],[-86.753566,33.996735],[-86.751493,33.997644],[-86.745264,33.997854],[-86.741783,33.998782],[-86.740069,34.001197],[-86.740669,34.003437],[-86.743872,34.006567],[-86.744089,34.007807],[-86.745471,34.008019],[-86.745619,34.011886],[-86.746349,34.011989],[-86.747181,34.008674],[-86.746856,34.003919],[-86.749388,34.004412],[-86.748132,34.001964],[-86.751031,34.002154],[-86.750533,34.005869],[-86.75183,34.006089],[-86.753861,33.99903],[-86.754715,33.997869],[-86.758214,33.997325],[-86.763072,33.99741],[-86.762749,34.022726],[-86.760311,34.021375],[-86.755156,34.020428],[-86.752408,34.014861],[-86.752227,34.013382],[-86.750064,34.013031],[-86.750703,34.015376],[-86.748332,34.015143],[-86.747894,34.016737],[-86.746129,34.019819],[-86.746661,34.016956],[-86.743453,34.01578],[-86.74025,34.015092],[-86.738202,34.013928],[-86.736688,34.012006],[-86.732364,34.013879],[-86.729493,34.015829],[-86.727097,34.016911],[-86.724884,34.016993],[-86.723624,34.017701],[-86.722916,34.019686],[-86.724715,34.022361],[-86.724845,34.024726],[-86.720304,34.032354],[-86.717946,34.032769],[-86.715534,34.031945],[-86.71329,34.030026],[-86.711213,34.029088],[-86.709746,34.029047],[-86.706949,34.030129],[-86.706017,34.031306],[-86.701702,34.035561],[-86.700918,34.037621],[-86.701465,34.039633],[-86.704651,34.042416],[-86.707355,34.043788],[-86.709191,34.046201],[-86.70951,34.047721],[-86.706378,34.053114],[-86.704342,34.058134],[-86.701025,34.060517],[-86.697853,34.061471],[-86.695668,34.061111],[-86.696156,34.05851],[-86.6957,34.057697],[-86.69284,34.05629],[-86.690339,34.053553],[-86.687709,34.05204],[-86.686262,34.052279],[-86.684555,34.053899],[-86.684152,34.055494],[-86.684414,34.057509],[-86.685365,34.05914],[-86.690581,34.063789],[-86.691746,34.065116],[-86.693259,34.06818],[-86.696858,34.072268],[-86.700862,34.077764],[-86.704037,34.079718],[-86.704514,34.081054],[-86.702468,34.082779],[-86.698115,34.085085],[-86.695346,34.087137],[-86.692061,34.092654],[-86.6883,34.092601],[-86.687751,34.091791],[-86.687651,34.089101],[-86.688703,34.08628],[-86.687748,34.084064],[-86.687697,34.080735],[-86.68682,34.079642],[-86.685605,34.079626],[-86.682884,34.082356],[-86.681097,34.083288],[-86.67727,34.084355],[-86.675547,34.08535],[-86.673993,34.087687],[-86.671895,34.088273],[-86.670213,34.085812],[-86.670426,34.084478],[-86.668423,34.083932],[-86.664327,34.087035],[-86.658764,34.089997],[-86.65682,34.091646],[-86.655439,34.094782],[-86.654522,34.098935],[-86.654666,34.103391],[-86.653448,34.107223],[-86.651201,34.108357],[-86.647871,34.108474],[-86.647751,34.110043],[-86.651134,34.113189],[-86.651345,34.11458],[-86.65268,34.114713],[-86.654669,34.11633],[-86.654873,34.118358],[-86.653542,34.123614],[-86.65501,34.125417],[-86.65639,34.128249],[-86.657739,34.129099],[-86.661793,34.126142],[-86.665897,34.123969],[-86.66336,34.122792],[-86.661592,34.121069],[-86.660523,34.116607],[-86.666405,34.1164],[-86.667049,34.118147],[-86.670979,34.122505],[-86.675098,34.119418],[-86.680073,34.118007],[-86.681752,34.120399],[-86.68839,34.119277],[-86.689167,34.120158],[-86.69193,34.119589],[-86.69314,34.118512],[-86.696865,34.116677],[-86.699228,34.116902],[-86.699749,34.117759],[-86.69965,34.12791],[-86.701075,34.129092],[-86.704858,34.130553],[-86.706973,34.129393],[-86.706562,34.124869],[-86.707167,34.12318],[-86.70805,34.122578],[-86.712265,34.122891],[-86.713311,34.125738],[-86.714455,34.126804],[-86.714843,34.128601],[-86.721635,34.127267],[-86.721647,34.128298],[-86.723045,34.128209],[-86.726585,34.126363],[-86.730034,34.123467],[-86.731369,34.124602],[-86.734247,34.12487],[-86.735708,34.124463],[-86.73531,34.122956],[-86.734048,34.122891],[-86.733419,34.121511],[-86.734298,34.12062],[-86.736519,34.12162],[-86.73741,34.11908],[-86.738243,34.118452],[-86.742117,34.118814],[-86.741512,34.120775],[-86.742689,34.122174],[-86.745819,34.12298],[-86.747993,34.124297],[-86.749727,34.124587],[-86.750433,34.123755],[-86.751632,34.118697],[-86.753132,34.119672],[-86.755145,34.123802],[-86.756377,34.124727],[-86.760898,34.124839],[-86.765683,34.126092],[-86.768612,34.125827],[-86.769926,34.124762],[-86.77321,34.125827],[-86.775988,34.125164],[-86.778157,34.123258],[-86.779564,34.124743],[-86.779421,34.127263],[-86.777814,34.127945],[-86.777735,34.128918],[-86.783993,34.132378],[-86.787131,34.132734],[-86.794134,34.132711],[-86.815018,34.133042],[-86.817295,34.133055],[-86.817441,34.133051],[-86.822956,34.133165],[-86.823507,34.130502],[-86.824032,34.129672],[-86.830995,34.132069],[-86.830981,34.133213],[-86.839728,34.133291],[-86.839821,34.126345],[-86.831246,34.126272],[-86.831674,34.099778],[-86.836066,34.099695],[-86.83593,34.097911],[-86.833971,34.097897],[-86.837934,34.095205],[-86.84329,34.09131],[-86.847863,34.09254],[-86.851099,34.09444],[-86.849117,34.0983],[-86.849322,34.100808],[-86.85064,34.102588],[-86.853665,34.103331],[-86.857918,34.105435],[-86.858377,34.105421],[-86.859253,34.104084],[-86.85959,34.102748],[-86.860111,34.101681],[-86.866138,34.101469],[-86.866181,34.094481],[-86.871322,34.094105],[-86.87664,34.094042],[-86.876757,34.091183],[-86.87847,34.09063],[-86.880972,34.090948],[-86.884242,34.089721],[-86.883645,34.086075],[-86.883694,34.083321],[-86.885559,34.081843],[-86.887166,34.078611],[-86.890075,34.076158],[-86.892164,34.075603],[-86.895067,34.073682],[-86.895518,34.072846],[-86.893885,34.073878],[-86.891922,34.073544],[-86.892353,34.069927],[-86.893852,34.06461],[-86.896446,34.063916],[-86.895723,34.061539],[-86.894081,34.059179],[-86.892769,34.058261],[-86.894382,34.055445],[-86.887608,34.050841],[-86.884588,34.050685],[-86.884632,34.046295],[-86.885728,34.046292],[-86.886095,34.0407],[-86.884509,34.037503],[-86.884362,34.030333],[-86.886811,34.029732],[-86.888233,34.027603],[-86.888471,34.025785],[-86.892427,34.02423],[-86.892188,34.02296],[-86.890039,34.021409],[-86.883817,34.019164],[-86.884676,34.016785],[-86.888498,34.017825],[-86.892381,34.017508],[-86.894303,34.014738],[-86.897678,34.013562],[-86.898542,34.014146],[-86.903205,34.011282],[-86.904928,34.009502],[-86.90852,34.008876],[-86.906185,34.004251],[-86.903387,34.001067],[-86.903632,33.998911],[-86.906966,33.997092],[-86.908419,33.994162],[-86.908611,33.992733],[-86.912354,33.99126],[-86.913892,33.991574],[-86.916901,33.993449],[-86.918188,33.995154],[-86.921363,33.996452],[-86.922326,33.997744],[-86.924207,33.998685],[-86.92525,34.000357],[-86.92791,34.001138],[-86.929316,33.999147],[-86.930664,33.995963],[-86.931991,33.995231],[-86.934279,33.99538],[-86.93412,33.991996],[-86.934548,33.989584],[-86.936772,33.986699],[-86.939087,33.98503],[-86.945038,33.982693],[-86.946711,33.980219],[-86.949622,33.980817],[-86.950223,33.982295],[-86.951646,33.983126],[-86.954021,33.983397],[-86.955463,33.985853],[-86.957033,33.9864],[-86.96361,33.986667],[-86.965678,33.990304]],[[-86.94218,33.974587],[-86.942062,33.978508],[-86.936967,33.981729],[-86.932604,33.983742],[-86.933819,33.986034],[-86.933188,33.987142],[-86.927889,33.986556],[-86.922765,33.983295],[-86.919863,33.983255],[-86.917912,33.97965],[-86.914377,33.97878],[-86.911243,33.976404],[-86.91061,33.973446],[-86.906282,33.970372],[-86.906216,33.969475],[-86.910559,33.966711],[-86.91089,33.964622],[-86.909624,33.961515],[-86.91204,33.958156],[-86.916856,33.957673],[-86.918209,33.956634],[-86.927149,33.95602],[-86.928977,33.953199],[-86.93727,33.956389],[-86.938972,33.959193],[-86.938702,33.960672],[-86.938531,33.963465],[-86.936439,33.966918],[-86.938128,33.968996],[-86.938359,33.971102],[-86.94218,33.974587]]]}},{"type":"Feature","properties":{"zcta5":"35976","AFFGEOID10":"8600000US35976","GEOID10":"35976","ALAND10":331327546,"AWATER10":91537938,"county_name":"Cullman","state_code":"AL","county_state":"Cullman County, AL","county_fips":"01043","risk_level_county":"Medium Risk (70–79% vaccinated)","mean_vaccination_rate_county":78.34,"risk_level_zcta":"Medium Risk (70–79% vaccinated)","mean_vaccination_rate_zips":70.25,"cases":1},"geometry":{"type":"MultiPolygon","coordinates":[[[[-86.442218,34.304471],[-86.442212,34.304622],[-86.442122,34.30725],[-86.4473,34.311595],[-86.448711,34.314822],[-86.453651,34.304655],[-86.452006,34.303676],[-86.448085,34.304294],[-86.44483,34.303424],[-86.442682,34.304512],[-86.442218,34.304471]]],[[[-86.493673,34.223882],[-86.492601,34.205948],[-86.492913,34.202972],[-86.464317,34.205621],[-86.44049,34.213659],[-86.436677,34.213814],[-86.434266,34.212381],[-86.431763,34.209862],[-86.429151,34.208133],[-86.426595,34.209552],[-86.41694,34.214887],[-86.416662,34.214361],[-86.414834,34.212215],[-86.413167,34.214866],[-86.407178,34.21926],[-86.39927,34.214554],[-86.398138,34.213405],[-86.393588,34.211291],[-86.392902,34.21324],[-86.389527,34.218312],[-86.387469,34.219801],[-86.378712,34.223032],[-86.380175,34.226889],[-86.383904,34.230988],[-86.384541,34.232433],[-86.384192,34.23621],[-86.383201,34.237916],[-86.381865,34.238863],[-86.376213,34.235895],[-86.368465,34.24134],[-86.363448,34.240541],[-86.361707,34.238909],[-86.361706,34.237249],[-86.362863,34.236453],[-86.363161,34.233826],[-86.360875,34.23464],[-86.356749,34.234489],[-86.358147,34.237347],[-86.335543,34.242468],[-86.330639,34.242576],[-86.331412,34.244505],[-86.333452,34.245624],[-86.334729,34.247591],[-86.334051,34.248788],[-86.337195,34.252005],[-86.340588,34.25348],[-86.34442,34.253764],[-86.348104,34.251867],[-86.34906,34.255318],[-86.348997,34.258352],[-86.356583,34.258533],[-86.355895,34.263932],[-86.350892,34.263921],[-86.351407,34.265369],[-86.350007,34.266415],[-86.351109,34.268599],[-86.351149,34.270355],[-86.35026,34.271708],[-86.346233,34.273747],[-86.343684,34.274243],[-86.34336,34.276167],[-86.344939,34.279257],[-86.343193,34.281908],[-86.342145,34.285358],[-86.338722,34.287236],[-86.332465,34.288956],[-86.330022,34.291045],[-86.320484,34.291032],[-86.318975,34.290754],[-86.319175,34.285018],[-86.304433,34.293842],[-86.302008,34.294561],[-86.303039,34.291974],[-86.30589,34.288945],[-86.303247,34.287396],[-86.301467,34.285625],[-86.296462,34.285733],[-86.292521,34.288893],[-86.289962,34.287112],[-86.289327,34.288349],[-86.288196,34.288188],[-86.284028,34.290501],[-86.286701,34.294589],[-86.286112,34.294607],[-86.283915,34.294574],[-86.279418,34.294545],[-86.279667,34.295137],[-86.279129,34.296216],[-86.277585,34.297452],[-86.27692,34.297694],[-86.273115,34.296384],[-86.269388,34.297424],[-86.272152,34.298523],[-86.271602,34.299518],[-86.275029,34.300717],[-86.275014,34.299826],[-86.279082,34.301336],[-86.27874,34.302003],[-86.280446,34.302954],[-86.278531,34.302982],[-86.275012,34.302892],[-86.275016,34.300875],[-86.266139,34.297754],[-86.266067,34.301691],[-86.25773,34.301851],[-86.257888,34.309722],[-86.256402,34.309881],[-86.253153,34.311189],[-86.253802,34.310443],[-86.253697,34.306344],[-86.252709,34.306342],[-86.2527,34.309285],[-86.250159,34.309243],[-86.250147,34.310802],[-86.247685,34.310569],[-86.244682,34.311107],[-86.243881,34.312212],[-86.24603,34.325192],[-86.24845,34.324228],[-86.248253,34.32756],[-86.24628,34.330043],[-86.248977,34.332502],[-86.240785,34.32907],[-86.238407,34.332996],[-86.235342,34.33524],[-86.234457,34.337004],[-86.235174,34.34399],[-86.23509,34.347426],[-86.236664,34.348457],[-86.239094,34.348389],[-86.241857,34.347381],[-86.250713,34.348015],[-86.250703,34.352479],[-86.260756,34.352358],[-86.260821,34.352983],[-86.258378,34.355879],[-86.253837,34.357171],[-86.251109,34.357366],[-86.248467,34.358444],[-86.245806,34.361285],[-86.24275,34.360403],[-86.239984,34.360169],[-86.239851,34.356503],[-86.236647,34.356503],[-86.23799,34.357993],[-86.237908,34.360728],[-86.239344,34.362638],[-86.23737,34.363022],[-86.236109,34.364046],[-86.233461,34.364386],[-86.230514,34.364072],[-86.227211,34.362788],[-86.224978,34.363926],[-86.224808,34.365594],[-86.223718,34.367193],[-86.217022,34.369845],[-86.21221,34.371434],[-86.20775,34.373967],[-86.205191,34.376839],[-86.200409,34.379059],[-86.19962,34.381049],[-86.198162,34.382235],[-86.197985,34.375713],[-86.191576,34.375773],[-86.191541,34.382224],[-86.188357,34.381971],[-86.187252,34.382913],[-86.185885,34.387555],[-86.180009,34.392911],[-86.178093,34.398646],[-86.177925,34.401334],[-86.177135,34.403097],[-86.175228,34.40329],[-86.174243,34.405216],[-86.171183,34.407831],[-86.170075,34.409245],[-86.169394,34.412304],[-86.166985,34.419965],[-86.164482,34.422379],[-86.162672,34.427453],[-86.157865,34.430699],[-86.15542,34.433101],[-86.156714,34.434634],[-86.156946,34.43491],[-86.154945,34.444462],[-86.154938,34.450003],[-86.158147,34.449027],[-86.161473,34.447396],[-86.174395,34.440006],[-86.177302,34.445585],[-86.176757,34.448118],[-86.177649,34.448982],[-86.179302,34.452252],[-86.18073,34.454071],[-86.182174,34.454587],[-86.186223,34.453583],[-86.190077,34.454234],[-86.191837,34.453612],[-86.194658,34.456292],[-86.195277,34.453936],[-86.197766,34.452928],[-86.198927,34.451599],[-86.199949,34.448736],[-86.199203,34.448163],[-86.199534,34.445827],[-86.20194,34.445254],[-86.203128,34.443398],[-86.205284,34.442963],[-86.204952,34.440833],[-86.206888,34.440901],[-86.208242,34.438405],[-86.209486,34.439481],[-86.211393,34.436275],[-86.213052,34.438153],[-86.212306,34.440832],[-86.213992,34.440648],[-86.21507,34.439205],[-86.216701,34.438358],[-86.218166,34.439136],[-86.219881,34.43838],[-86.218276,34.435609],[-86.219768,34.434257],[-86.218993,34.432448],[-86.216478,34.432563],[-86.219656,34.430455],[-86.218274,34.429539],[-86.218052,34.428119],[-86.219185,34.426355],[-86.221424,34.427499],[-86.22264,34.427316],[-86.2225,34.423445],[-86.221063,34.423606],[-86.221257,34.425186],[-86.219985,34.422483],[-86.221758,34.422088],[-86.227391,34.422055],[-86.225148,34.433459],[-86.221765,34.443146],[-86.226095,34.444661],[-86.235974,34.445944],[-86.238215,34.447398],[-86.236418,34.446734],[-86.234925,34.447193],[-86.23371,34.449438],[-86.232438,34.449851],[-86.232191,34.452348],[-86.230284,34.454021],[-86.228763,34.454021],[-86.227962,34.456472],[-86.225971,34.457],[-86.225252,34.455855],[-86.224146,34.456084],[-86.224313,34.457802],[-86.223594,34.459222],[-86.22141,34.459887],[-86.221245,34.461376],[-86.222821,34.461627],[-86.223374,34.462773],[-86.22097,34.465522],[-86.221274,34.466369],[-86.219588,34.468179],[-86.219505,34.469141],[-86.220888,34.470195],[-86.221912,34.469874],[-86.225036,34.467193],[-86.228612,34.466752],[-86.23044,34.464441],[-86.232039,34.46539],[-86.2343,34.461251],[-86.237601,34.463744],[-86.238137,34.465798],[-86.239391,34.466559],[-86.243132,34.465105],[-86.245221,34.466956],[-86.249039,34.465939],[-86.261121,34.466074],[-86.262732,34.464073],[-86.267102,34.463067],[-86.269537,34.459586],[-86.272027,34.457434],[-86.273382,34.45693],[-86.2778,34.458388],[-86.277622,34.457554],[-86.279742,34.457115],[-86.289253,34.451651],[-86.287896,34.447807],[-86.289288,34.448947],[-86.291467,34.449423],[-86.291561,34.450322],[-86.296224,34.447637],[-86.311253,34.446254],[-86.329873,34.440972],[-86.32954,34.438086],[-86.327439,34.433963],[-86.330894,34.433596],[-86.331696,34.43252],[-86.334487,34.431832],[-86.336285,34.429816],[-86.340404,34.431258],[-86.343837,34.430934],[-86.346396,34.431529],[-86.348259,34.429606],[-86.351167,34.429783],[-86.355199,34.429271],[-86.365713,34.42514],[-86.369058,34.424326],[-86.373567,34.423671],[-86.374985,34.422619],[-86.382728,34.422502],[-86.385673,34.422691],[-86.392573,34.424041],[-86.39807,34.426017],[-86.412477,34.432996],[-86.417023,34.435962],[-86.421261,34.439602],[-86.419532,34.437872],[-86.420902,34.436422],[-86.420721,34.433821],[-86.419998,34.430852],[-86.417809,34.430164],[-86.416602,34.428136],[-86.414526,34.425909],[-86.415064,34.422924],[-86.416027,34.420791],[-86.419643,34.41801],[-86.422363,34.416917],[-86.425686,34.414317],[-86.427531,34.41397],[-86.429289,34.412486],[-86.429322,34.410529],[-86.431206,34.408864],[-86.431007,34.405857],[-86.429575,34.404152],[-86.428713,34.400942],[-86.42988,34.399628],[-86.431333,34.395802],[-86.43055,34.393762],[-86.429503,34.393196],[-86.426233,34.392811],[-86.423946,34.391574],[-86.423979,34.39065],[-86.425073,34.388974],[-86.427607,34.388792],[-86.428436,34.386879],[-86.432335,34.384494],[-86.432686,34.383416],[-86.430419,34.383224],[-86.428509,34.381124],[-86.432203,34.380222],[-86.432892,34.379519],[-86.43276,34.377111],[-86.435021,34.37683],[-86.435503,34.374138],[-86.436385,34.373841],[-86.436273,34.37178],[-86.439893,34.371521],[-86.441344,34.370191],[-86.445329,34.373374],[-86.446151,34.37344],[-86.445614,34.3714],[-86.442491,34.368063],[-86.442949,34.367415],[-86.445598,34.367923],[-86.444512,34.366722],[-86.444155,34.364672],[-86.441193,34.364703],[-86.441123,34.368216],[-86.436733,34.368326],[-86.435768,34.368237],[-86.43415,34.368178],[-86.432129,34.366111],[-86.429846,34.365205],[-86.424518,34.364478],[-86.423546,34.366488],[-86.423552,34.365266],[-86.423565,34.363888],[-86.423234,34.363929],[-86.423003,34.363664],[-86.422248,34.363194],[-86.421981,34.362863],[-86.423646,34.362063],[-86.42371,34.360924],[-86.420279,34.360855],[-86.419254,34.361508],[-86.412986,34.355703],[-86.408735,34.350931],[-86.405643,34.349324],[-86.405147,34.345085],[-86.402029,34.34016],[-86.399682,34.338945],[-86.400152,34.337161],[-86.40308,34.339331],[-86.404545,34.339521],[-86.407946,34.33499],[-86.410295,34.334703],[-86.412617,34.332314],[-86.41248,34.331038],[-86.414442,34.329903],[-86.415738,34.327477],[-86.417657,34.325616],[-86.419556,34.325591],[-86.420515,34.324443],[-86.423542,34.324162],[-86.425301,34.325707],[-86.427209,34.32265],[-86.423781,34.321566],[-86.419884,34.322097],[-86.415206,34.321959],[-86.411479,34.323069],[-86.407122,34.323536],[-86.406185,34.322918],[-86.409861,34.316456],[-86.413695,34.317355],[-86.416233,34.317131],[-86.417723,34.316172],[-86.419986,34.31629],[-86.422275,34.314851],[-86.422657,34.313427],[-86.424202,34.312928],[-86.425984,34.310019],[-86.426787,34.310063],[-86.427992,34.307329],[-86.430187,34.308007],[-86.430916,34.306192],[-86.433945,34.303821],[-86.435528,34.304754],[-86.436694,34.304408],[-86.439578,34.305362],[-86.442218,34.304471],[-86.442446,34.292122],[-86.443453,34.291725],[-86.441159,34.28948],[-86.44208,34.288685],[-86.444211,34.288267],[-86.447428,34.288727],[-86.44921,34.287349],[-86.449516,34.285397],[-86.451432,34.285478],[-86.453816,34.286873],[-86.455334,34.290271],[-86.459746,34.29128],[-86.459449,34.289148],[-86.459648,34.27456],[-86.451111,34.274539],[-86.455259,34.265531],[-86.456962,34.265981],[-86.458907,34.262448],[-86.459013,34.259639],[-86.459596,34.259485],[-86.462021,34.257691],[-86.458401,34.256453],[-86.45573,34.25616],[-86.45958,34.252188],[-86.461313,34.251397],[-86.464944,34.251994],[-86.466348,34.252861],[-86.469319,34.250984],[-86.47072,34.249396],[-86.471302,34.247582],[-86.470587,34.24646],[-86.471394,34.245608],[-86.472903,34.248283],[-86.477164,34.249483],[-86.477818,34.251812],[-86.479436,34.252836],[-86.478113,34.251081],[-86.483685,34.243216],[-86.486606,34.243127],[-86.486808,34.240381],[-86.489277,34.239763],[-86.486396,34.236776],[-86.487418,34.234332],[-86.493673,34.223882]],[[-86.302369,34.304644],[-86.301413,34.304994],[-86.30139,34.308861],[-86.300194,34.308377],[-86.29978,34.306873],[-86.297284,34.304833],[-86.293376,34.301813],[-86.301201,34.301786],[-86.301106,34.298628],[-86.301477,34.296976],[-86.301369,34.303576],[-86.302369,34.304644]]]]}},{"type":"Feature","properties":{"zcta5":"35057","AFFGEOID10":"8600000US35057","GEOID10":"35057","ALAND10":328551928,"AWATER10":9050520,"county_name":"Cullman","state_code":"AL","county_state":"Cullman County, AL","county_fips":"01043","risk_level_county":"Medium Risk (70–79% vaccinated)","mean_vaccination_rate_county":78.34,"risk_level_zcta":"Higher Risk (60–69% vaccinated)","mean_vaccination_rate_zips":64.21,"cases":1},"geometry":{"type":"MultiPolygon","coordinates":[[[[-86.94218,33.974587],[-86.938359,33.971102],[-86.938128,33.968996],[-86.936439,33.966918],[-86.938531,33.963465],[-86.938702,33.960672],[-86.938972,33.959193],[-86.93727,33.956389],[-86.928977,33.953199],[-86.927149,33.95602],[-86.918209,33.956634],[-86.916856,33.957673],[-86.91204,33.958156],[-86.909624,33.961515],[-86.91089,33.964622],[-86.910559,33.966711],[-86.906216,33.969475],[-86.906282,33.970372],[-86.91061,33.973446],[-86.911243,33.976404],[-86.914377,33.97878],[-86.917912,33.97965],[-86.919863,33.983255],[-86.922765,33.983295],[-86.927889,33.986556],[-86.933188,33.987142],[-86.933819,33.986034],[-86.932604,33.983742],[-86.936967,33.981729],[-86.942062,33.978508],[-86.94218,33.974587]]],[[[-87.110941,34.172554],[-87.111268,34.156908],[-87.109885,34.156992],[-87.10425,34.159623],[-87.103862,34.158311],[-87.102994,34.157797],[-87.102319,34.15658],[-87.100847,34.158935],[-87.099718,34.158747],[-87.099494,34.161615],[-87.098866,34.162373],[-87.09743,34.162399],[-87.09605,34.160686],[-87.093765,34.159483],[-87.093157,34.157433],[-87.093311,34.155682],[-87.090342,34.156726],[-87.088592,34.158368],[-87.087723,34.162631],[-87.086271,34.164055],[-87.084212,34.163957],[-87.084396,34.160286],[-87.08173,34.157534],[-87.079161,34.156452],[-87.076145,34.156559],[-87.074503,34.155698],[-87.073479,34.15427],[-87.071649,34.153264],[-87.068476,34.152492],[-87.067886,34.147525],[-87.067046,34.145442],[-87.066816,34.141877],[-87.066223,34.139583],[-87.063612,34.13802],[-87.05923,34.137413],[-87.056213,34.137566],[-87.05375,34.136391],[-87.051592,34.133549],[-87.05207,34.131089],[-87.051036,34.128262],[-87.04871,34.126566],[-87.045159,34.126725],[-87.041297,34.126068],[-87.038408,34.127456],[-87.036371,34.129585],[-87.03474,34.130338],[-87.032587,34.130566],[-87.032155,34.138201],[-87.029868,34.138594],[-87.027756,34.139508],[-87.024837,34.141847],[-87.023561,34.142343],[-87.02001,34.14184],[-87.018803,34.14246],[-87.016135,34.141906],[-87.015659,34.140719],[-87.014704,34.140845],[-87.014753,34.143619],[-87.016425,34.145274],[-87.016589,34.148304],[-87.015655,34.153751],[-87.016344,34.159496],[-87.014572,34.160231],[-87.014112,34.164314],[-87.01,34.165821],[-87.008677,34.165461],[-87.005308,34.165437],[-86.996969,34.169552],[-86.994651,34.167106],[-86.994096,34.165903],[-86.991625,34.166001],[-86.989987,34.167806],[-86.988384,34.165285],[-86.984948,34.163919],[-86.984507,34.167532],[-86.983872,34.169589],[-86.98364,34.175758],[-86.982736,34.177407],[-86.979423,34.175949],[-86.976004,34.175992],[-86.973784,34.175354],[-86.971694,34.175428],[-86.968475,34.172294],[-86.967093,34.172196],[-86.968038,34.167508],[-86.966466,34.165281],[-86.967133,34.161062],[-86.971098,34.158141],[-86.972155,34.158047],[-86.970832,34.153186],[-86.969925,34.152155],[-86.968461,34.147865],[-86.96877,34.145226],[-86.966616,34.143842],[-86.965516,34.142084],[-86.963399,34.140812],[-86.960815,34.140605],[-86.959425,34.142165],[-86.958294,34.142491],[-86.955456,34.141976],[-86.952653,34.142236],[-86.951232,34.141615],[-86.95061,34.142427],[-86.949007,34.142146],[-86.948053,34.1408],[-86.946342,34.14104],[-86.947443,34.138288],[-86.953033,34.134223],[-86.953749,34.132487],[-86.953685,34.130836],[-86.955627,34.130152],[-86.95849,34.129882],[-86.960735,34.129071],[-86.962103,34.127782],[-86.96014,34.126203],[-86.960271,34.125473],[-86.965718,34.123812],[-86.96794,34.124537],[-86.968968,34.125475],[-86.970029,34.12463],[-86.970174,34.123014],[-86.972983,34.12188],[-86.97671,34.119471],[-86.979671,34.118074],[-86.979023,34.117139],[-86.975751,34.117162],[-86.975499,34.11658],[-86.977363,34.115633],[-86.976727,34.112318],[-86.976224,34.111747],[-86.97286,34.112045],[-86.968879,34.10822],[-86.969966,34.107864],[-86.971144,34.106169],[-86.974058,34.105125],[-86.971271,34.102651],[-86.973163,34.10004],[-86.976033,34.09768],[-86.975651,34.094004],[-86.970756,34.093797],[-86.970008,34.09297],[-86.967335,34.092543],[-86.965858,34.093233],[-86.964508,34.090947],[-86.962441,34.089194],[-86.961923,34.08811],[-86.958502,34.08803],[-86.957391,34.087387],[-86.958656,34.08966],[-86.957951,34.091035],[-86.958708,34.093316],[-86.957466,34.092946],[-86.955894,34.087984],[-86.95408,34.087698],[-86.949767,34.085715],[-86.949484,34.085287],[-86.949693,34.084196],[-86.952948,34.083654],[-86.956105,34.084995],[-86.959517,34.084961],[-86.961541,34.084294],[-86.963231,34.082887],[-86.965194,34.079324],[-86.96596,34.074806],[-86.965812,34.071907],[-86.966369,34.068456],[-86.967171,34.067823],[-86.976704,34.062303],[-86.97839,34.060933],[-86.982262,34.058514],[-86.987106,34.053879],[-86.988646,34.051803],[-86.989821,34.048816],[-86.991599,34.046547],[-86.987889,34.043547],[-86.979032,34.039366],[-86.976289,34.037081],[-86.974045,34.033857],[-86.971289,34.030812],[-86.968814,34.029231],[-86.968226,34.024387],[-86.964515,34.024694],[-86.962486,34.022641],[-86.958719,34.020549],[-86.958852,34.019261],[-86.963192,34.018526],[-86.965495,34.017595],[-86.965663,34.016167],[-86.964279,34.011404],[-86.964038,34.007953],[-86.96523,34.00326],[-86.968918,33.996712],[-86.971303,33.99383],[-86.97177,33.990502],[-86.96953,33.990193],[-86.965678,33.990304],[-86.96361,33.986667],[-86.957033,33.9864],[-86.955463,33.985853],[-86.954021,33.983397],[-86.951646,33.983126],[-86.950223,33.982295],[-86.949622,33.980817],[-86.946711,33.980219],[-86.945038,33.982693],[-86.939087,33.98503],[-86.936772,33.986699],[-86.934548,33.989584],[-86.93412,33.991996],[-86.934279,33.99538],[-86.931991,33.995231],[-86.930664,33.995963],[-86.929316,33.999147],[-86.92791,34.001138],[-86.92525,34.000357],[-86.924207,33.998685],[-86.922326,33.997744],[-86.921363,33.996452],[-86.918188,33.995154],[-86.916901,33.993449],[-86.913892,33.991574],[-86.912354,33.99126],[-86.908611,33.992733],[-86.908419,33.994162],[-86.906966,33.997092],[-86.903632,33.998911],[-86.903387,34.001067],[-86.906185,34.004251],[-86.90852,34.008876],[-86.904928,34.009502],[-86.903205,34.011282],[-86.898542,34.014146],[-86.897678,34.013562],[-86.894303,34.014738],[-86.892381,34.017508],[-86.888498,34.017825],[-86.884676,34.016785],[-86.883817,34.019164],[-86.890039,34.021409],[-86.892188,34.02296],[-86.892427,34.02423],[-86.888471,34.025785],[-86.888233,34.027603],[-86.886811,34.029732],[-86.884362,34.030333],[-86.884509,34.037503],[-86.886095,34.0407],[-86.885728,34.046292],[-86.884632,34.046295],[-86.884588,34.050685],[-86.887608,34.050841],[-86.894382,34.055445],[-86.892769,34.058261],[-86.894081,34.059179],[-86.895723,34.061539],[-86.896446,34.063916],[-86.893852,34.06461],[-86.892353,34.069927],[-86.891922,34.073544],[-86.893885,34.073878],[-86.895518,34.072846],[-86.895067,34.073682],[-86.892164,34.075603],[-86.890075,34.076158],[-86.887166,34.078611],[-86.885559,34.081843],[-86.883694,34.083321],[-86.883645,34.086075],[-86.884242,34.089721],[-86.880972,34.090948],[-86.87847,34.09063],[-86.876757,34.091183],[-86.87664,34.094042],[-86.871322,34.094105],[-86.866181,34.094481],[-86.866138,34.101469],[-86.866122,34.104625],[-86.866073,34.113435],[-86.866303,34.12125],[-86.867567,34.130251],[-86.869138,34.143755],[-86.869627,34.148913],[-86.872678,34.158559],[-86.874407,34.167115],[-86.874983,34.170028],[-86.87507,34.170467],[-86.875787,34.174091],[-86.878297,34.186749],[-86.878801,34.190656],[-86.878695,34.193045],[-86.877795,34.200676],[-86.877948,34.203344],[-86.878719,34.207513],[-86.879048,34.210241],[-86.878842,34.211959],[-86.876492,34.217596],[-86.87574,34.221843],[-86.876407,34.224674],[-86.878911,34.230695],[-86.883378,34.241317],[-86.885742,34.245502],[-86.88833,34.249835],[-86.886413,34.245194],[-86.886365,34.240824],[-86.884471,34.237048],[-86.884933,34.234799],[-86.888792,34.233026],[-86.891302,34.23353],[-86.892625,34.235064],[-86.894579,34.235679],[-86.895727,34.238052],[-86.899694,34.238305],[-86.899701,34.235956],[-86.912882,34.241971],[-86.916472,34.241631],[-86.91476,34.239684],[-86.915472,34.234812],[-86.917347,34.234864],[-86.917312,34.242586],[-86.91934,34.244883],[-86.944527,34.256274],[-86.945738,34.254117],[-86.943822,34.253029],[-86.943646,34.251519],[-86.939697,34.251309],[-86.939665,34.249722],[-86.938646,34.24861],[-86.9395,34.244922],[-86.94187,34.244992],[-86.941874,34.24618],[-86.945335,34.246855],[-86.948396,34.246876],[-86.948643,34.247599],[-86.951872,34.2477],[-86.952583,34.246054],[-86.957266,34.243703],[-86.958313,34.245188],[-86.961037,34.245192],[-86.95787,34.243067],[-86.959275,34.241268],[-86.959541,34.238601],[-86.958322,34.2392],[-86.957476,34.23589],[-86.957612,34.23317],[-86.961667,34.233243],[-86.961168,34.230846],[-86.96143,34.228136],[-86.956891,34.228475],[-86.956898,34.226811],[-86.961492,34.226909],[-86.960933,34.223546],[-86.958357,34.22336],[-86.955928,34.223857],[-86.953275,34.223258],[-86.95155,34.221489],[-86.947346,34.220595],[-86.946791,34.222294],[-86.944405,34.220777],[-86.943836,34.218537],[-86.950666,34.21218],[-86.951624,34.2108],[-86.953768,34.209845],[-86.954361,34.208793],[-86.956424,34.208889],[-86.95717,34.211802],[-86.961669,34.213519],[-86.962965,34.21212],[-86.965188,34.211779],[-86.971916,34.207907],[-86.972992,34.207897],[-86.973521,34.2118],[-86.975169,34.213776],[-86.97638,34.220706],[-86.979129,34.220617],[-86.979769,34.223368],[-86.982201,34.223648],[-86.984471,34.222223],[-86.98712,34.221899],[-86.987337,34.22345],[-86.985144,34.223892],[-86.98637,34.226787],[-86.985675,34.227608],[-86.986131,34.22933],[-86.988085,34.231838],[-86.990083,34.232794],[-86.988378,34.234408],[-86.989517,34.239242],[-86.990375,34.240451],[-86.989525,34.241647],[-86.989669,34.244266],[-86.990863,34.245862],[-86.992166,34.246683],[-86.994153,34.245676],[-86.99676,34.24864],[-86.998118,34.249091],[-87.002243,34.246972],[-87.004437,34.243768],[-87.004547,34.24243],[-87.029194,34.242912],[-87.029987,34.240442],[-87.031539,34.239084],[-87.035657,34.233132],[-87.037513,34.234647],[-87.040791,34.232067],[-87.042515,34.231726],[-87.042595,34.227901],[-87.043191,34.225115],[-87.044332,34.223576],[-87.044369,34.225136],[-87.054185,34.225271],[-87.055173,34.22463],[-87.061578,34.222652],[-87.069069,34.222359],[-87.074322,34.219903],[-87.074963,34.22112],[-87.077319,34.221083],[-87.078762,34.21953],[-87.083765,34.218057],[-87.087282,34.217369],[-87.087487,34.215926],[-87.086811,34.213726],[-87.088927,34.212534],[-87.091198,34.214336],[-87.094673,34.215127],[-87.094622,34.21814],[-87.096447,34.219545],[-87.097511,34.219147],[-87.097976,34.217506],[-87.101003,34.216186],[-87.099009,34.213723],[-87.097024,34.211554],[-87.096545,34.210012],[-87.09486,34.207786],[-87.095922,34.206811],[-87.100469,34.205797],[-87.100946,34.204922],[-87.099108,34.202371],[-87.099735,34.19999],[-87.101014,34.19823],[-87.101828,34.198536],[-87.102711,34.201178],[-87.104914,34.20077],[-87.104444,34.198417],[-87.105105,34.197298],[-87.106916,34.1968],[-87.109077,34.197366],[-87.110614,34.196787],[-87.110941,34.172554]],[[-86.931294,34.243315],[-86.931243,34.243254],[-86.929909,34.240863],[-86.929716,34.237984],[-86.926299,34.237949],[-86.926291,34.231013],[-86.927435,34.234035],[-86.941605,34.234135],[-86.941483,34.23257],[-86.943395,34.23247],[-86.943547,34.234157],[-86.945622,34.234861],[-86.941944,34.23505],[-86.940352,34.237889],[-86.933052,34.23802],[-86.93132,34.243275],[-86.931294,34.243315]],[[-86.931294,34.243315],[-86.931319,34.243344],[-86.932338,34.245347],[-86.933216,34.248342],[-86.928719,34.248569],[-86.931282,34.244809],[-86.931208,34.243449],[-86.931294,34.243315]]]]}},{"type":"Feature","properties":{"zcta5":"35540","AFFGEOID10":"8600000US35540","GEOID10":"35540","ALAND10":190976796,"AWATER10":1506928,"county_name":"Cullman","state_code":"AL","county_state":"Cullman County, AL","county_fips":"01043","risk_level_county":"Medium Risk (70–79% vaccinated)","mean_vaccination_rate_county":78.34,"risk_level_zcta":"Medium Risk (70–79% vaccinated)","mean_vaccination_rate_zips":70.1,"cases":1},"geometry":{"type":"MultiPolygon","coordinates":[[[[-87.152772,34.172423],[-87.152407,34.170681],[-87.149809,34.171694],[-87.146225,34.175558],[-87.146288,34.176666],[-87.146957,34.177153],[-87.148668,34.174165],[-87.152772,34.172423]]],[[[-87.26955,34.299302],[-87.268839,34.297684],[-87.272117,34.294262],[-87.273905,34.291301],[-87.275106,34.28623],[-87.276578,34.284549],[-87.28369,34.283225],[-87.284254,34.282863],[-87.283486,34.280691],[-87.285258,34.277837],[-87.289425,34.27633],[-87.290187,34.273722],[-87.289771,34.272912],[-87.286159,34.271261],[-87.282792,34.271386],[-87.281769,34.270847],[-87.281448,34.268981],[-87.279964,34.267018],[-87.281977,34.264985],[-87.282916,34.263215],[-87.28225,34.262143],[-87.277912,34.264209],[-87.277195,34.264012],[-87.277502,34.261685],[-87.278496,34.25996],[-87.278415,34.258472],[-87.277369,34.257699],[-87.274153,34.257237],[-87.274095,34.25942],[-87.27325,34.260188],[-87.270511,34.259491],[-87.27248,34.257286],[-87.269946,34.256056],[-87.269142,34.256184],[-87.267302,34.258154],[-87.262958,34.255728],[-87.262278,34.254365],[-87.262449,34.251951],[-87.261005,34.251837],[-87.259038,34.254962],[-87.258514,34.257713],[-87.257983,34.258156],[-87.254756,34.257875],[-87.252301,34.254155],[-87.250942,34.253464],[-87.247143,34.252757],[-87.244919,34.25151],[-87.240923,34.251842],[-87.24507,34.251175],[-87.244485,34.24678],[-87.24362,34.246183],[-87.240887,34.246898],[-87.239345,34.245844],[-87.239175,34.244076],[-87.239681,34.241326],[-87.241037,34.238188],[-87.243951,34.233684],[-87.245632,34.233142],[-87.249243,34.233951],[-87.251069,34.233808],[-87.253336,34.232138],[-87.253772,34.2305],[-87.253121,34.228642],[-87.250334,34.228144],[-87.247348,34.230057],[-87.246649,34.229178],[-87.246813,34.225852],[-87.251351,34.225669],[-87.254887,34.222669],[-87.256525,34.22087],[-87.256885,34.219507],[-87.255997,34.21917],[-87.252491,34.220201],[-87.249376,34.221575],[-87.247258,34.221534],[-87.246482,34.220146],[-87.247437,34.217923],[-87.251643,34.214802],[-87.252532,34.211964],[-87.251554,34.208481],[-87.252406,34.203877],[-87.254049,34.20013],[-87.255783,34.199233],[-87.259231,34.198117],[-87.259658,34.195843],[-87.255728,34.195491],[-87.254394,34.195773],[-87.250014,34.195266],[-87.248277,34.193558],[-87.245989,34.190631],[-87.243748,34.18857],[-87.240139,34.186756],[-87.238943,34.185721],[-87.23885,34.18352],[-87.237698,34.183144],[-87.235893,34.185537],[-87.23604,34.187765],[-87.23306,34.189367],[-87.230094,34.194707],[-87.229117,34.192069],[-87.226977,34.191763],[-87.224543,34.190061],[-87.223685,34.187702],[-87.22288,34.187003],[-87.224177,34.186245],[-87.225872,34.184366],[-87.23006,34.183243],[-87.232628,34.179974],[-87.23276,34.176877],[-87.234237,34.175096],[-87.237836,34.174675],[-87.240585,34.172053],[-87.242645,34.171753],[-87.248639,34.171994],[-87.246708,34.170548],[-87.243399,34.170686],[-87.243122,34.168878],[-87.247161,34.163963],[-87.247596,34.161657],[-87.24507,34.158681],[-87.24306,34.157295],[-87.241173,34.157479],[-87.241452,34.156342],[-87.244043,34.155606],[-87.244019,34.154876],[-87.242481,34.155663],[-87.241665,34.155124],[-87.240143,34.158596],[-87.23792,34.159944],[-87.237653,34.162645],[-87.236743,34.162861],[-87.234693,34.161254],[-87.232274,34.161572],[-87.229571,34.16247],[-87.227988,34.1615],[-87.227356,34.158871],[-87.226796,34.158708],[-87.225886,34.15888],[-87.225534,34.161102],[-87.22678,34.165696],[-87.226328,34.16653],[-87.224185,34.16638],[-87.222189,34.161964],[-87.222772,34.161184],[-87.21928,34.161488],[-87.217726,34.162625],[-87.218632,34.163095],[-87.217139,34.164233],[-87.214709,34.164156],[-87.213853,34.164627],[-87.214704,34.163619],[-87.213913,34.16234],[-87.213806,34.157757],[-87.21001,34.153405],[-87.20982,34.151163],[-87.210312,34.148966],[-87.209796,34.148004],[-87.208325,34.147896],[-87.206337,34.148985],[-87.204846,34.148685],[-87.206622,34.14947],[-87.208843,34.148221],[-87.209614,34.148463],[-87.209072,34.151893],[-87.198225,34.151408],[-87.196515,34.152935],[-87.193571,34.152942],[-87.193044,34.154246],[-87.185198,34.154011],[-87.182887,34.154567],[-87.184159,34.158737],[-87.184243,34.160362],[-87.181976,34.16485],[-87.180926,34.164963],[-87.178419,34.163979],[-87.175388,34.163539],[-87.17103,34.158538],[-87.168728,34.157595],[-87.166881,34.158214],[-87.16623,34.159209],[-87.168522,34.158609],[-87.17064,34.160004],[-87.171142,34.161302],[-87.169801,34.163378],[-87.16517,34.164323],[-87.162076,34.163326],[-87.158766,34.163014],[-87.157889,34.163674],[-87.158228,34.165558],[-87.162193,34.16761],[-87.163095,34.168474],[-87.16301,34.170002],[-87.160498,34.172536],[-87.156386,34.172541],[-87.154457,34.173887],[-87.155157,34.177052],[-87.152567,34.178607],[-87.150961,34.178672],[-87.149054,34.180352],[-87.15102,34.181233],[-87.153946,34.179245],[-87.154747,34.178243],[-87.156668,34.178349],[-87.157344,34.180044],[-87.155488,34.18534],[-87.153936,34.185423],[-87.150416,34.183579],[-87.148614,34.183058],[-87.146219,34.184108],[-87.137077,34.180943],[-87.136403,34.178518],[-87.137828,34.176047],[-87.134409,34.176671],[-87.131436,34.176674],[-87.13039,34.17396],[-87.11635,34.171522],[-87.114722,34.17272],[-87.112142,34.172168],[-87.110941,34.172554],[-87.110614,34.196787],[-87.109077,34.197366],[-87.106916,34.1968],[-87.105105,34.197298],[-87.104444,34.198417],[-87.104914,34.20077],[-87.102711,34.201178],[-87.101828,34.198536],[-87.101014,34.19823],[-87.099735,34.19999],[-87.099108,34.202371],[-87.100946,34.204922],[-87.100469,34.205797],[-87.095922,34.206811],[-87.09486,34.207786],[-87.096545,34.210012],[-87.097024,34.211554],[-87.099009,34.213723],[-87.097778,34.211768],[-87.097412,34.209383],[-87.101875,34.209515],[-87.103864,34.211115],[-87.107608,34.211699],[-87.109101,34.214173],[-87.109768,34.216466],[-87.109483,34.219132],[-87.108789,34.221208],[-87.107148,34.224071],[-87.10652,34.228329],[-87.106667,34.229469],[-87.110199,34.228364],[-87.110002,34.269196],[-87.111805,34.265167],[-87.11492,34.263108],[-87.114546,34.259717],[-87.116901,34.258046],[-87.11704,34.25645],[-87.118535,34.254158],[-87.1196,34.254427],[-87.120077,34.253417],[-87.12226,34.253568],[-87.125518,34.253141],[-87.127872,34.251335],[-87.130326,34.251287],[-87.132571,34.24921],[-87.132221,34.24775],[-87.133718,34.24635],[-87.133743,34.248307],[-87.13583,34.249586],[-87.134704,34.251517],[-87.135956,34.253833],[-87.137261,34.254743],[-87.140107,34.254947],[-87.141151,34.255451],[-87.138525,34.257384],[-87.1403,34.260078],[-87.139986,34.2608],[-87.136273,34.261706],[-87.136111,34.262365],[-87.138042,34.267404],[-87.139653,34.269467],[-87.141828,34.270709],[-87.141821,34.272693],[-87.139116,34.27285],[-87.137597,34.27424],[-87.137404,34.275512],[-87.136297,34.276406],[-87.137885,34.277487],[-87.137887,34.278668],[-87.136914,34.281735],[-87.136285,34.282178],[-87.132753,34.281866],[-87.12941,34.2838],[-87.126499,34.284227],[-87.124339,34.285771],[-87.121666,34.286062],[-87.120234,34.28711],[-87.117094,34.287185],[-87.11239,34.287748],[-87.111378,34.28719],[-87.110054,34.288328],[-87.109941,34.289507],[-87.109911,34.299299],[-87.255956,34.299106],[-87.261554,34.299486],[-87.264961,34.299364],[-87.26955,34.299302]]]]}},{"type":"Feature","properties":{"zcta5":"35541","AFFGEOID10":"8600000US35541","GEOID10":"35541","ALAND10":173716884,"AWATER10":21674645,"county_name":"Cullman","state_code":"AL","county_state":"Cullman County, AL","county_fips":"01043","risk_level_county":"Medium Risk (70–79% vaccinated)","mean_vaccination_rate_county":78.34,"risk_level_zcta":"Higher Risk (60–69% vaccinated)","mean_vaccination_rate_zips":64.37,"cases":1},"geometry":{"type":"Polygon","coordinates":[[[-87.260328,34.066863],[-87.25757,34.065597],[-87.257462,34.063716],[-87.258044,34.061869],[-87.259231,34.060761],[-87.263637,34.058446],[-87.266462,34.055592],[-87.267247,34.053846],[-87.267352,34.050286],[-87.26676,34.047766],[-87.2645,34.045582],[-87.262711,34.045648],[-87.259613,34.046956],[-87.258477,34.04662],[-87.257506,34.046014],[-87.256301,34.043998],[-87.25535,34.040674],[-87.255212,34.037247],[-87.254534,34.035332],[-87.251911,34.032879],[-87.25001,34.031668],[-87.248761,34.029978],[-87.24645,34.028784],[-87.245152,34.02758],[-87.242749,34.024561],[-87.238145,34.020454],[-87.2357,34.017123],[-87.232758,34.013981],[-87.229562,34.01099],[-87.224979,34.003846],[-87.220324,34.000105],[-87.216735,33.993907],[-87.214579,33.992195],[-87.210556,33.990425],[-87.208459,33.989931],[-87.207278,33.989063],[-87.206974,33.987774],[-87.20549,33.986093],[-87.203546,33.985219],[-87.199606,33.985004],[-87.198551,33.986958],[-87.197236,33.99192],[-87.195441,33.995124],[-87.192257,33.998817],[-87.189608,34.003004],[-87.184907,34.003704],[-87.182507,34.002904],[-87.180407,34.002704],[-87.178207,34.003104],[-87.172507,34.005304],[-87.168907,34.005104],[-87.161707,34.000404],[-87.159291,33.999002],[-87.156111,33.998018],[-87.152995,33.9958],[-87.152391,33.994108],[-87.151036,33.993225],[-87.145669,33.99315],[-87.145553,33.994764],[-87.144321,33.9961],[-87.141873,33.995679],[-87.140511,33.996944],[-87.136677,33.997011],[-87.136123,33.995713],[-87.132066,33.997575],[-87.130202,33.996928],[-87.129777,33.994827],[-87.128207,33.996055],[-87.126504,33.995789],[-87.126085,33.998417],[-87.122463,33.996557],[-87.120287,33.996297],[-87.118314,33.99818],[-87.117155,33.997896],[-87.115097,34.001427],[-87.112154,34.001538],[-87.112152,34.003283],[-87.11712,34.003804],[-87.116591,34.00486],[-87.11839,34.005327],[-87.119692,34.00759],[-87.117254,34.006212],[-87.117678,34.00798],[-87.115155,34.007603],[-87.115482,34.009226],[-87.113943,34.008668],[-87.112088,34.009708],[-87.112039,34.016672],[-87.115977,34.018255],[-87.118329,34.018866],[-87.123129,34.021249],[-87.123915,34.022146],[-87.12465,34.027257],[-87.124996,34.028095],[-87.124991,34.035817],[-87.128586,34.037479],[-87.130243,34.037495],[-87.130632,34.036548],[-87.131424,34.037765],[-87.13054,34.040444],[-87.133095,34.039449],[-87.134193,34.04182],[-87.133904,34.043471],[-87.135395,34.041152],[-87.136521,34.040934],[-87.138268,34.042375],[-87.140631,34.042941],[-87.141939,34.047863],[-87.140965,34.048406],[-87.14166,34.049397],[-87.140698,34.050877],[-87.139317,34.054306],[-87.140028,34.058616],[-87.141396,34.060067],[-87.140357,34.060952],[-87.138418,34.061477],[-87.139475,34.064768],[-87.141545,34.064648],[-87.14445,34.065312],[-87.148327,34.063883],[-87.149708,34.066199],[-87.149929,34.063743],[-87.150671,34.062528],[-87.151487,34.066308],[-87.153632,34.069653],[-87.151302,34.076382],[-87.14983,34.077405],[-87.149833,34.07977],[-87.149109,34.081128],[-87.144639,34.082585],[-87.142535,34.084318],[-87.14217,34.080981],[-87.140862,34.077086],[-87.142353,34.074544],[-87.141411,34.071862],[-87.140887,34.068358],[-87.139387,34.065629],[-87.138453,34.065651],[-87.13789,34.063012],[-87.135168,34.064394],[-87.133001,34.067845],[-87.134349,34.070182],[-87.134141,34.07323],[-87.132502,34.075097],[-87.13251,34.076525],[-87.130932,34.081303],[-87.131671,34.084125],[-87.130865,34.08658],[-87.131534,34.088698],[-87.131698,34.091311],[-87.133812,34.092926],[-87.133623,34.093999],[-87.13144,34.096246],[-87.131899,34.097285],[-87.134345,34.099008],[-87.137608,34.100102],[-87.136704,34.100242],[-87.135463,34.103554],[-87.135942,34.105005],[-87.134512,34.105602],[-87.131669,34.104252],[-87.130598,34.105723],[-87.130559,34.108177],[-87.12927,34.108791],[-87.128502,34.1101],[-87.126652,34.111147],[-87.126591,34.113044],[-87.128084,34.113744],[-87.127154,34.115359],[-87.124545,34.117743],[-87.122518,34.118746],[-87.124291,34.122279],[-87.124423,34.123308],[-87.121615,34.123951],[-87.121533,34.125106],[-87.120057,34.126189],[-87.119528,34.128047],[-87.120399,34.130175],[-87.119502,34.132818],[-87.117321,34.131846],[-87.11638,34.133822],[-87.113063,34.135413],[-87.111858,34.134105],[-87.110859,34.133665],[-87.108702,34.134289],[-87.108042,34.135543],[-87.106254,34.136402],[-87.104412,34.13864],[-87.102309,34.139435],[-87.102885,34.1404],[-87.102204,34.141699],[-87.103388,34.143105],[-87.102869,34.144504],[-87.105061,34.145539],[-87.104858,34.148082],[-87.103699,34.149265],[-87.102909,34.151123],[-87.103583,34.152367],[-87.103228,34.154108],[-87.102317,34.154659],[-87.102319,34.15658],[-87.102994,34.157797],[-87.103862,34.158311],[-87.10425,34.159623],[-87.109885,34.156992],[-87.111268,34.156908],[-87.110941,34.172554],[-87.112142,34.172168],[-87.114722,34.17272],[-87.11635,34.171522],[-87.13039,34.17396],[-87.131436,34.176674],[-87.134409,34.176671],[-87.137828,34.176047],[-87.136403,34.178518],[-87.137077,34.180943],[-87.146219,34.184108],[-87.148614,34.183058],[-87.150416,34.183579],[-87.153936,34.185423],[-87.155488,34.18534],[-87.157344,34.180044],[-87.156668,34.178349],[-87.154747,34.178243],[-87.153946,34.179245],[-87.15102,34.181233],[-87.149054,34.180352],[-87.150961,34.178672],[-87.152567,34.178607],[-87.155157,34.177052],[-87.154457,34.173887],[-87.156386,34.172541],[-87.160498,34.172536],[-87.16301,34.170002],[-87.163095,34.168474],[-87.162193,34.16761],[-87.158228,34.165558],[-87.157889,34.163674],[-87.158766,34.163014],[-87.162076,34.163326],[-87.16517,34.164323],[-87.169801,34.163378],[-87.171142,34.161302],[-87.17064,34.160004],[-87.168522,34.158609],[-87.16623,34.159209],[-87.166881,34.158214],[-87.168728,34.157595],[-87.17103,34.158538],[-87.175388,34.163539],[-87.178419,34.163979],[-87.180926,34.164963],[-87.181976,34.16485],[-87.184243,34.160362],[-87.184159,34.158737],[-87.182887,34.154567],[-87.185198,34.154011],[-87.193044,34.154246],[-87.193571,34.152942],[-87.196515,34.152935],[-87.198225,34.151408],[-87.209072,34.151893],[-87.209614,34.148463],[-87.208843,34.148221],[-87.206622,34.14947],[-87.204846,34.148685],[-87.204299,34.1455],[-87.205412,34.143401],[-87.207273,34.142665],[-87.215051,34.142184],[-87.217139,34.14153],[-87.217729,34.140231],[-87.213919,34.133958],[-87.214165,34.132243],[-87.216164,34.132047],[-87.21932,34.132564],[-87.222131,34.132406],[-87.22327,34.131894],[-87.224006,34.128582],[-87.226383,34.122548],[-87.224106,34.115317],[-87.222987,34.11373],[-87.222942,34.1126],[-87.228568,34.113011],[-87.229251,34.113922],[-87.232568,34.113402],[-87.235709,34.116039],[-87.239313,34.117493],[-87.236456,34.115749],[-87.234031,34.1133],[-87.235502,34.112071],[-87.235672,34.110628],[-87.234293,34.108556],[-87.235759,34.108437],[-87.236943,34.111805],[-87.239001,34.115265],[-87.24142,34.115584],[-87.243457,34.117885],[-87.243587,34.120603],[-87.244559,34.121565],[-87.247613,34.122506],[-87.248411,34.120781],[-87.250811,34.119199],[-87.252232,34.117453],[-87.255125,34.114808],[-87.255996,34.112964],[-87.255764,34.110886],[-87.256174,34.10932],[-87.255433,34.106615],[-87.255889,34.105757],[-87.25488,34.103392],[-87.252489,34.102732],[-87.247308,34.103236],[-87.241605,34.101955],[-87.239643,34.103131],[-87.239307,34.105278],[-87.240736,34.106929],[-87.245986,34.107866],[-87.240781,34.107632],[-87.24097,34.109319],[-87.239122,34.107491],[-87.238043,34.109478],[-87.238623,34.106964],[-87.235816,34.10463],[-87.235232,34.102529],[-87.233572,34.100776],[-87.233339,34.099737],[-87.234381,34.09714],[-87.236385,34.09418],[-87.238202,34.092757],[-87.240273,34.090083],[-87.241067,34.087537],[-87.241419,34.083166],[-87.242199,34.080561],[-87.245423,34.078164],[-87.24909,34.076721],[-87.249989,34.074508],[-87.256882,34.0698],[-87.260328,34.066863]],[[-87.152772,34.172423],[-87.148668,34.174165],[-87.146957,34.177153],[-87.146288,34.176666],[-87.146225,34.175558],[-87.149809,34.171694],[-87.152407,34.170681],[-87.152772,34.172423]]]}},{"type":"Feature","properties":{"zcta5":"35055","AFFGEOID10":"8600000US35055","GEOID10":"35055","ALAND10":165850215,"AWATER10":2364631,"county_name":"Cullman","state_code":"AL","county_state":"Cullman County, AL","county_fips":"01043","risk_level_county":"Medium Risk (70–79% vaccinated)","mean_vaccination_rate_county":78.34,"risk_level_zcta":"Higher Risk (60–69% vaccinated)","mean_vaccination_rate_zips":67.4,"cases":1},"geometry":{"type":"Polygon","coordinates":[[[-86.878719,34.207513],[-86.877948,34.203344],[-86.877795,34.200676],[-86.878695,34.193045],[-86.878801,34.190656],[-86.878297,34.186749],[-86.875787,34.174091],[-86.87507,34.170467],[-86.874983,34.170028],[-86.874407,34.167115],[-86.872678,34.158559],[-86.869627,34.148913],[-86.869138,34.143755],[-86.867567,34.130251],[-86.866303,34.12125],[-86.866073,34.113435],[-86.866122,34.104625],[-86.866138,34.101469],[-86.860111,34.101681],[-86.85959,34.102748],[-86.859253,34.104084],[-86.858377,34.105421],[-86.857918,34.105435],[-86.853665,34.103331],[-86.85064,34.102588],[-86.849322,34.100808],[-86.849117,34.0983],[-86.851099,34.09444],[-86.847863,34.09254],[-86.84329,34.09131],[-86.837934,34.095205],[-86.833971,34.097897],[-86.83593,34.097911],[-86.836066,34.099695],[-86.831674,34.099778],[-86.831246,34.126272],[-86.839821,34.126345],[-86.839728,34.133291],[-86.830981,34.133213],[-86.830995,34.132069],[-86.824032,34.129672],[-86.823507,34.130502],[-86.822956,34.133165],[-86.817441,34.133051],[-86.817295,34.133055],[-86.815018,34.133042],[-86.794134,34.132711],[-86.787131,34.132734],[-86.783993,34.132378],[-86.777735,34.128918],[-86.777814,34.127945],[-86.779421,34.127263],[-86.779564,34.124743],[-86.778157,34.123258],[-86.775988,34.125164],[-86.77321,34.125827],[-86.769926,34.124762],[-86.768612,34.125827],[-86.765683,34.126092],[-86.760898,34.124839],[-86.756377,34.124727],[-86.755145,34.123802],[-86.753132,34.119672],[-86.751632,34.118697],[-86.750433,34.123755],[-86.749727,34.124587],[-86.747993,34.124297],[-86.745819,34.12298],[-86.742689,34.122174],[-86.741512,34.120775],[-86.742117,34.118814],[-86.738243,34.118452],[-86.73741,34.11908],[-86.736519,34.12162],[-86.734298,34.12062],[-86.733419,34.121511],[-86.734048,34.122891],[-86.73531,34.122956],[-86.735708,34.124463],[-86.734247,34.12487],[-86.731369,34.124602],[-86.730034,34.123467],[-86.726585,34.126363],[-86.723045,34.128209],[-86.721647,34.128298],[-86.721635,34.127267],[-86.714843,34.128601],[-86.714455,34.126804],[-86.713311,34.125738],[-86.712265,34.122891],[-86.70805,34.122578],[-86.707167,34.12318],[-86.706562,34.124869],[-86.706973,34.129393],[-86.704858,34.130553],[-86.701075,34.129092],[-86.69965,34.12791],[-86.699749,34.117759],[-86.699228,34.116902],[-86.696865,34.116677],[-86.69314,34.118512],[-86.69193,34.119589],[-86.689167,34.120158],[-86.68839,34.119277],[-86.681752,34.120399],[-86.680073,34.118007],[-86.675098,34.119418],[-86.670979,34.122505],[-86.667049,34.118147],[-86.666405,34.1164],[-86.660523,34.116607],[-86.661592,34.121069],[-86.66336,34.122792],[-86.665897,34.123969],[-86.661793,34.126142],[-86.657739,34.129099],[-86.65639,34.128249],[-86.65501,34.125417],[-86.653542,34.123614],[-86.654873,34.118358],[-86.654669,34.11633],[-86.65268,34.114713],[-86.651345,34.11458],[-86.651134,34.113189],[-86.647751,34.110043],[-86.647871,34.108474],[-86.644091,34.108334],[-86.641934,34.106651],[-86.639869,34.106314],[-86.63843,34.108499],[-86.638657,34.109701],[-86.64025,34.112572],[-86.637203,34.115108],[-86.632469,34.116798],[-86.630703,34.117758],[-86.627509,34.120488],[-86.624127,34.122211],[-86.62209,34.122649],[-86.620769,34.122165],[-86.619706,34.120796],[-86.619618,34.120857],[-86.620696,34.122242],[-86.619798,34.123506],[-86.622251,34.123109],[-86.621339,34.124726],[-86.62331,34.125099],[-86.623418,34.127171],[-86.625913,34.128182],[-86.626296,34.129436],[-86.625335,34.132135],[-86.625678,34.133531],[-86.625181,34.135906],[-86.623814,34.136028],[-86.623327,34.138942],[-86.621721,34.138822],[-86.621292,34.140208],[-86.619909,34.139565],[-86.620373,34.141016],[-86.619587,34.142303],[-86.620805,34.143254],[-86.617791,34.145366],[-86.616858,34.14551],[-86.617904,34.147384],[-86.619115,34.147884],[-86.620209,34.149788],[-86.616876,34.151081],[-86.616087,34.152678],[-86.615875,34.172898],[-86.616432,34.174304],[-86.629562,34.174552],[-86.632243,34.175318],[-86.636917,34.17918],[-86.637598,34.181959],[-86.641669,34.182031],[-86.64439,34.181666],[-86.655789,34.178423],[-86.661171,34.178823],[-86.668167,34.178803],[-86.672666,34.178235],[-86.672744,34.175332],[-86.676681,34.175069],[-86.685148,34.171689],[-86.688672,34.171265],[-86.704494,34.173734],[-86.733852,34.177428],[-86.733856,34.180791],[-86.73603,34.181566],[-86.742445,34.181495],[-86.742562,34.178498],[-86.773479,34.182386],[-86.774726,34.184028],[-86.775533,34.186807],[-86.776778,34.188291],[-86.777035,34.184328],[-86.779276,34.185112],[-86.781717,34.184437],[-86.781748,34.187087],[-86.784678,34.187038],[-86.785074,34.190585],[-86.785425,34.185159],[-86.788464,34.183841],[-86.793757,34.18327],[-86.791369,34.184995],[-86.786263,34.192453],[-86.790152,34.196541],[-86.79164,34.197719],[-86.794734,34.198801],[-86.794993,34.191804],[-86.803217,34.191848],[-86.803609,34.191329],[-86.802734,34.189452],[-86.79917,34.191313],[-86.800411,34.189664],[-86.799436,34.189212],[-86.797776,34.188821],[-86.800502,34.187933],[-86.798695,34.187508],[-86.799511,34.185692],[-86.801585,34.185258],[-86.802785,34.182381],[-86.80275,34.183664],[-86.804134,34.184854],[-86.804838,34.185335],[-86.804105,34.186225],[-86.803788,34.188367],[-86.805705,34.192776],[-86.810655,34.19631],[-86.811827,34.198929],[-86.812728,34.199018],[-86.816745,34.199508],[-86.820704,34.200499],[-86.827758,34.202997],[-86.830036,34.197638],[-86.832076,34.196125],[-86.838107,34.193912],[-86.837865,34.194906],[-86.835594,34.196319],[-86.834721,34.198545],[-86.836769,34.20037],[-86.836332,34.202254],[-86.834647,34.203761],[-86.834914,34.205014],[-86.839084,34.205758],[-86.851881,34.206085],[-86.855807,34.206364],[-86.869479,34.206613],[-86.878719,34.207513]]]}},{"type":"Feature","properties":{"zcta5":"35621","AFFGEOID10":"8600000US35621","GEOID10":"35621","ALAND10":118744930,"AWATER10":416684,"county_name":"Cullman","state_code":"AL","county_state":"Cullman County, AL","county_fips":"01043","risk_level_county":"Medium Risk (70–79% vaccinated)","mean_vaccination_rate_county":78.34,"risk_level_zcta":"Very High Risk (<60% vaccinated)","mean_vaccination_rate_zips":57.6,"cases":1},"geometry":{"type":"Polygon","coordinates":[[[-86.764384,34.397017],[-86.768072,34.396969],[-86.772911,34.393337],[-86.771752,34.39106],[-86.772496,34.389101],[-86.766973,34.373683],[-86.768903,34.372583],[-86.770068,34.370325],[-86.772713,34.36928],[-86.776747,34.369033],[-86.779607,34.369811],[-86.781477,34.368943],[-86.781959,34.363304],[-86.783093,34.361935],[-86.784988,34.361046],[-86.787647,34.358904],[-86.788305,34.356813],[-86.790602,34.355834],[-86.790832,34.355014],[-86.793202,34.355306],[-86.793694,34.354306],[-86.797435,34.353862],[-86.797552,34.355016],[-86.799618,34.355119],[-86.799914,34.353992],[-86.80275,34.354826],[-86.80684,34.35431],[-86.808541,34.352536],[-86.811029,34.353505],[-86.815101,34.351184],[-86.816587,34.349604],[-86.81489,34.347081],[-86.812577,34.345409],[-86.808152,34.343613],[-86.80661,34.342208],[-86.805573,34.338934],[-86.801857,34.336988],[-86.797234,34.336959],[-86.792695,34.338502],[-86.789507,34.339905],[-86.787107,34.340201],[-86.789124,34.337921],[-86.788543,34.335647],[-86.786818,34.333976],[-86.786279,34.32814],[-86.78548,34.325739],[-86.782694,34.322803],[-86.785335,34.318732],[-86.787128,34.319078],[-86.788664,34.318403],[-86.789026,34.30745],[-86.751396,34.306928],[-86.743525,34.306979],[-86.736604,34.306648],[-86.723382,34.306559],[-86.723662,34.305135],[-86.722405,34.303337],[-86.721562,34.299742],[-86.720477,34.298456],[-86.717054,34.296187],[-86.714266,34.293392],[-86.711502,34.291736],[-86.709225,34.290822],[-86.707781,34.289714],[-86.706909,34.287913],[-86.697052,34.287912],[-86.68992,34.291641],[-86.686771,34.293089],[-86.696009,34.300407],[-86.693645,34.303803],[-86.695922,34.304803],[-86.697478,34.306278],[-86.690716,34.306171],[-86.685616,34.310871],[-86.683478,34.31325],[-86.678955,34.313142],[-86.678804,34.318291],[-86.679819,34.319288],[-86.67481,34.325211],[-86.67432,34.326516],[-86.672803,34.326062],[-86.669678,34.323912],[-86.666109,34.323597],[-86.666207,34.319136],[-86.666024,34.315354],[-86.663054,34.316413],[-86.660986,34.318255],[-86.656963,34.32059],[-86.653119,34.322167],[-86.652436,34.324619],[-86.652753,34.327131],[-86.653554,34.329226],[-86.653022,34.33159],[-86.652127,34.332618],[-86.651662,34.335927],[-86.65241,34.337142],[-86.651972,34.338407],[-86.652455,34.3411],[-86.65433,34.343756],[-86.653143,34.344581],[-86.653706,34.345686],[-86.653419,34.349683],[-86.653537,34.352393],[-86.654611,34.355486],[-86.657912,34.354678],[-86.659171,34.356124],[-86.659887,34.357979],[-86.662788,34.359009],[-86.667151,34.358388],[-86.669547,34.36039],[-86.669718,34.364226],[-86.665106,34.365522],[-86.66023,34.366469],[-86.657174,34.369461],[-86.653888,34.369274],[-86.654292,34.370673],[-86.655903,34.371031],[-86.654742,34.372471],[-86.656618,34.373637],[-86.657279,34.375462],[-86.659255,34.376133],[-86.659466,34.378453],[-86.660315,34.378767],[-86.661515,34.377503],[-86.663312,34.37935],[-86.660539,34.380614],[-86.663443,34.383677],[-86.663463,34.382297],[-86.67536,34.388775],[-86.67364,34.390759],[-86.674052,34.392176],[-86.677172,34.392575],[-86.676806,34.386772],[-86.678329,34.384517],[-86.682396,34.380345],[-86.683439,34.378617],[-86.686192,34.379589],[-86.686831,34.382042],[-86.68893,34.386729],[-86.689872,34.387782],[-86.692014,34.387506],[-86.693764,34.389089],[-86.696567,34.389169],[-86.699689,34.389968],[-86.702197,34.392832],[-86.705685,34.39384],[-86.710752,34.397395],[-86.706569,34.401472],[-86.703965,34.402811],[-86.702921,34.403898],[-86.702084,34.406571],[-86.721632,34.413542],[-86.721603,34.414464],[-86.725997,34.412682],[-86.726252,34.410978],[-86.725488,34.406108],[-86.726794,34.405523],[-86.730746,34.404896],[-86.734779,34.405284],[-86.737168,34.404679],[-86.739223,34.405742],[-86.739475,34.406628],[-86.741643,34.404728],[-86.742411,34.403381],[-86.743911,34.403452],[-86.747988,34.401174],[-86.749082,34.400063],[-86.750932,34.400227],[-86.752405,34.399266],[-86.754328,34.399938],[-86.757094,34.399224],[-86.75909,34.399225],[-86.76061,34.397071],[-86.764384,34.397017]]]}},{"type":"Feature","properties":{"zcta5":"35087","AFFGEOID10":"8600000US35087","GEOID10":"35087","ALAND10":58091830,"AWATER10":447159,"county_name":"Cullman","state_code":"AL","county_state":"Cullman County, AL","county_fips":"01043","risk_level_county":"Medium Risk (70–79% vaccinated)","mean_vaccination_rate_county":78.34,"risk_level_zcta":"Higher Risk (60–69% vaccinated)","mean_vaccination_rate_zips":62.9,"cases":1},"geometry":{"type":"Polygon","coordinates":[[[-86.607808,34.37025],[-86.607388,34.364164],[-86.608116,34.361777],[-86.610624,34.359735],[-86.611471,34.360399],[-86.615835,34.361138],[-86.61466,34.348897],[-86.610607,34.344296],[-86.612269,34.340102],[-86.61744,34.337089],[-86.617583,34.327737],[-86.623067,34.324747],[-86.624767,34.325455],[-86.629798,34.326243],[-86.630776,34.327235],[-86.633863,34.324616],[-86.635565,34.322013],[-86.635607,34.319897],[-86.635012,34.315176],[-86.637486,34.314536],[-86.637526,34.313816],[-86.63575,34.313634],[-86.634401,34.31034],[-86.631917,34.308717],[-86.631207,34.305409],[-86.631842,34.30278],[-86.631279,34.301812],[-86.631937,34.299712],[-86.631694,34.29627],[-86.629295,34.296852],[-86.627561,34.295196],[-86.624872,34.296839],[-86.623367,34.2954],[-86.620982,34.294472],[-86.615907,34.294951],[-86.608607,34.297961],[-86.608618,34.29456],[-86.600883,34.294469],[-86.599918,34.296374],[-86.595329,34.292838],[-86.594514,34.29167],[-86.590035,34.288025],[-86.592289,34.288058],[-86.59211,34.283822],[-86.58912,34.284158],[-86.589113,34.282148],[-86.590196,34.28215],[-86.590279,34.276243],[-86.583877,34.276204],[-86.581659,34.276449],[-86.57374,34.261381],[-86.583148,34.261641],[-86.580455,34.259552],[-86.579024,34.252658],[-86.579567,34.25207],[-86.578183,34.251311],[-86.578818,34.250558],[-86.577453,34.249769],[-86.574798,34.24701],[-86.575215,34.24558],[-86.574566,34.244431],[-86.572851,34.243348],[-86.571468,34.24364],[-86.572116,34.241754],[-86.567985,34.24005],[-86.565033,34.239874],[-86.566026,34.238164],[-86.565668,34.235982],[-86.563901,34.23442],[-86.564347,34.231672],[-86.56156,34.231057],[-86.55814,34.239243],[-86.556868,34.241021],[-86.560209,34.243127],[-86.570279,34.243268],[-86.571986,34.2444],[-86.5673,34.246947],[-86.564508,34.250499],[-86.561964,34.251747],[-86.560494,34.251967],[-86.559195,34.251284],[-86.559187,34.249962],[-86.556837,34.249005],[-86.555678,34.249203],[-86.5545,34.247658],[-86.552527,34.2468],[-86.551468,34.247801],[-86.549859,34.247839],[-86.547899,34.249774],[-86.547244,34.251476],[-86.545681,34.252982],[-86.544013,34.253477],[-86.542774,34.256533],[-86.54484,34.258502],[-86.544362,34.260189],[-86.543429,34.260272],[-86.542124,34.262547],[-86.542541,34.263905],[-86.54162,34.264944],[-86.542461,34.266176],[-86.540195,34.268963],[-86.54085,34.271228],[-86.538956,34.272618],[-86.542313,34.27456],[-86.543346,34.276011],[-86.543782,34.278518],[-86.543729,34.28108],[-86.544781,34.282174],[-86.544271,34.284571],[-86.545854,34.285385],[-86.546645,34.290394],[-86.541685,34.289891],[-86.539489,34.290115],[-86.534578,34.290082],[-86.533279,34.291775],[-86.531294,34.293394],[-86.534396,34.29339],[-86.534898,34.299822],[-86.534085,34.301139],[-86.534005,34.303502],[-86.561081,34.304026],[-86.561599,34.304935],[-86.561392,34.316243],[-86.565335,34.3158],[-86.567296,34.316455],[-86.57057,34.316678],[-86.570989,34.319015],[-86.569633,34.322482],[-86.569648,34.328053],[-86.572131,34.330439],[-86.575008,34.333802],[-86.577914,34.333825],[-86.578344,34.331758],[-86.581634,34.33168],[-86.581328,34.367154],[-86.584819,34.368907],[-86.585713,34.370151],[-86.587548,34.371209],[-86.589508,34.373477],[-86.59162,34.372298],[-86.592594,34.370123],[-86.591876,34.367267],[-86.593394,34.366588],[-86.595909,34.368096],[-86.600913,34.368659],[-86.607808,34.37025]],[[-86.5782,34.275072],[-86.577841,34.277368],[-86.576125,34.276924],[-86.572638,34.275702],[-86.569831,34.273644],[-86.557764,34.271897],[-86.560565,34.264539],[-86.562584,34.265446],[-86.564458,34.264831],[-86.565988,34.268294],[-86.568955,34.267052],[-86.571531,34.266947],[-86.572948,34.269311],[-86.572458,34.270949],[-86.576418,34.271999],[-86.5782,34.275072]]]}},{"type":"Feature","properties":{"zcta5":"35083","AFFGEOID10":"8600000US35083","GEOID10":"35083","ALAND10":94492032,"AWATER10":640305,"county_name":"Cullman","state_code":"AL","county_state":"Cullman County, AL","county_fips":"01043","risk_level_county":"Medium Risk (70–79% vaccinated)","mean_vaccination_rate_county":78.34,"risk_level_zcta":"Higher Risk (60–69% vaccinated)","mean_vaccination_rate_zips":64.76,"cases":1},"geometry":{"type":"Polygon","coordinates":[[[-86.645016,34.245606],[-86.645022,34.244623],[-86.637984,34.241207],[-86.636051,34.237287],[-86.63959,34.237343],[-86.642703,34.236395],[-86.642563,34.235008],[-86.644315,34.234166],[-86.646829,34.232024],[-86.648711,34.229447],[-86.649592,34.229081],[-86.649735,34.226601],[-86.651161,34.224985],[-86.651992,34.219344],[-86.649952,34.216218],[-86.649776,34.21499],[-86.641109,34.214756],[-86.641313,34.207601],[-86.63696,34.207432],[-86.636942,34.206142],[-86.639442,34.204504],[-86.641407,34.206437],[-86.642041,34.205068],[-86.644794,34.201772],[-86.648464,34.199905],[-86.649914,34.198614],[-86.655842,34.198016],[-86.657907,34.197043],[-86.660376,34.192448],[-86.662593,34.192355],[-86.663513,34.191179],[-86.665101,34.191294],[-86.666834,34.190113],[-86.667516,34.188474],[-86.669587,34.188244],[-86.670189,34.187441],[-86.669462,34.185522],[-86.670765,34.184813],[-86.672618,34.185649],[-86.674768,34.185008],[-86.67334,34.184114],[-86.672612,34.182259],[-86.672666,34.178235],[-86.668167,34.178803],[-86.661171,34.178823],[-86.655789,34.178423],[-86.64439,34.181666],[-86.641669,34.182031],[-86.637598,34.181959],[-86.636917,34.17918],[-86.632243,34.175318],[-86.629562,34.174552],[-86.616432,34.174304],[-86.615875,34.172898],[-86.616087,34.152678],[-86.616876,34.151081],[-86.620209,34.149788],[-86.619115,34.147884],[-86.617904,34.147384],[-86.616858,34.14551],[-86.617791,34.145366],[-86.620805,34.143254],[-86.619587,34.142303],[-86.620373,34.141016],[-86.619909,34.139565],[-86.621292,34.140208],[-86.621721,34.138822],[-86.623327,34.138942],[-86.623814,34.136028],[-86.625181,34.135906],[-86.625678,34.133531],[-86.625335,34.132135],[-86.626296,34.129436],[-86.625913,34.128182],[-86.623418,34.127171],[-86.62331,34.125099],[-86.621339,34.124726],[-86.622251,34.123109],[-86.619798,34.123506],[-86.620696,34.122242],[-86.619618,34.120857],[-86.619706,34.120796],[-86.616107,34.117963],[-86.615144,34.115171],[-86.61344,34.113627],[-86.612185,34.113585],[-86.61087,34.113807],[-86.608179,34.115355],[-86.606144,34.118006],[-86.601147,34.11904],[-86.599349,34.120228],[-86.599785,34.12172],[-86.602704,34.122742],[-86.60405,34.123806],[-86.604296,34.125182],[-86.601427,34.128418],[-86.599488,34.132882],[-86.595698,34.135145],[-86.59253,34.136077],[-86.588687,34.136329],[-86.587614,34.137517],[-86.588778,34.142411],[-86.59065,34.145366],[-86.590478,34.146263],[-86.58919,34.147137],[-86.585552,34.14538],[-86.58379,34.146782],[-86.584133,34.150483],[-86.58273,34.153118],[-86.580025,34.155813],[-86.575608,34.157698],[-86.574963,34.158562],[-86.573517,34.162971],[-86.573969,34.165436],[-86.572649,34.166721],[-86.569824,34.16801],[-86.566996,34.170783],[-86.564227,34.17042],[-86.56299,34.171291],[-86.56066,34.174974],[-86.55697,34.17885],[-86.551743,34.180896],[-86.549988,34.181257],[-86.545594,34.185464],[-86.545211,34.18727],[-86.547619,34.187369],[-86.549114,34.186435],[-86.550834,34.186622],[-86.552111,34.187859],[-86.554943,34.18792],[-86.555796,34.189129],[-86.556695,34.193093],[-86.555286,34.194462],[-86.553089,34.195562],[-86.549715,34.198156],[-86.549073,34.200201],[-86.550535,34.201109],[-86.554332,34.205155],[-86.553287,34.205908],[-86.550282,34.205595],[-86.549263,34.206249],[-86.547192,34.20886],[-86.54338,34.210811],[-86.54238,34.211993],[-86.542565,34.212977],[-86.545219,34.213753],[-86.546674,34.214836],[-86.54725,34.216134],[-86.54637,34.216535],[-86.543835,34.21582],[-86.542624,34.21627],[-86.539055,34.221476],[-86.538413,34.224406],[-86.540213,34.224874],[-86.540729,34.224951],[-86.541344,34.226067],[-86.541278,34.227447],[-86.543111,34.2288],[-86.543183,34.231862],[-86.542772,34.232807],[-86.540727,34.233934],[-86.5416,34.236914],[-86.542745,34.237596],[-86.542559,34.239201],[-86.543637,34.24106],[-86.542981,34.244441],[-86.545815,34.244012],[-86.549535,34.24658],[-86.549859,34.247839],[-86.551468,34.247801],[-86.552527,34.2468],[-86.5545,34.247658],[-86.555678,34.249203],[-86.556837,34.249005],[-86.559187,34.249962],[-86.559195,34.251284],[-86.560494,34.251967],[-86.561964,34.251747],[-86.564508,34.250499],[-86.5673,34.246947],[-86.571986,34.2444],[-86.570279,34.243268],[-86.560209,34.243127],[-86.556868,34.241021],[-86.55814,34.239243],[-86.56156,34.231057],[-86.564347,34.231672],[-86.563901,34.23442],[-86.565668,34.235982],[-86.566026,34.238164],[-86.565033,34.239874],[-86.567985,34.24005],[-86.572116,34.241754],[-86.571468,34.24364],[-86.572851,34.243348],[-86.574566,34.244431],[-86.575215,34.24558],[-86.574798,34.24701],[-86.577453,34.249769],[-86.578818,34.250558],[-86.578183,34.251311],[-86.579567,34.25207],[-86.579024,34.252658],[-86.580455,34.259552],[-86.583148,34.261641],[-86.585855,34.260664],[-86.590714,34.260788],[-86.590575,34.25789],[-86.590933,34.253152],[-86.592036,34.251009],[-86.592083,34.247072],[-86.590463,34.247053],[-86.590401,34.242728],[-86.59361,34.243062],[-86.618594,34.2434],[-86.618505,34.247296],[-86.627385,34.247373],[-86.627911,34.24363],[-86.638133,34.243792],[-86.638033,34.247127],[-86.645016,34.245606]]]}},{"type":"Feature","properties":{"zcta5":"35019","AFFGEOID10":"8600000US35019","GEOID10":"35019","ALAND10":77416532,"AWATER10":637859,"county_name":"Cullman","state_code":"AL","county_state":"Cullman County, AL","county_fips":"01043","risk_level_county":"Medium Risk (70–79% vaccinated)","mean_vaccination_rate_county":78.34,"risk_level_zcta":"Very High Risk (<60% vaccinated)","mean_vaccination_rate_zips":57.42,"cases":1},"geometry":{"type":"MultiPolygon","coordinates":[[[[-86.5782,34.275072],[-86.576418,34.271999],[-86.572458,34.270949],[-86.572948,34.269311],[-86.571531,34.266947],[-86.568955,34.267052],[-86.565988,34.268294],[-86.564458,34.264831],[-86.562584,34.265446],[-86.560565,34.264539],[-86.557764,34.271897],[-86.569831,34.273644],[-86.572638,34.275702],[-86.576125,34.276924],[-86.577841,34.277368],[-86.5782,34.275072]]],[[[-86.653888,34.369274],[-86.657174,34.369461],[-86.66023,34.366469],[-86.665106,34.365522],[-86.669718,34.364226],[-86.669547,34.36039],[-86.667151,34.358388],[-86.662788,34.359009],[-86.659887,34.357979],[-86.659171,34.356124],[-86.657912,34.354678],[-86.654611,34.355486],[-86.653537,34.352393],[-86.653419,34.349683],[-86.653706,34.345686],[-86.653143,34.344581],[-86.65433,34.343756],[-86.652455,34.3411],[-86.651972,34.338407],[-86.65241,34.337142],[-86.651662,34.335927],[-86.652127,34.332618],[-86.653022,34.33159],[-86.653554,34.329226],[-86.652753,34.327131],[-86.652436,34.324619],[-86.653119,34.322167],[-86.656963,34.32059],[-86.660986,34.318255],[-86.663054,34.316413],[-86.666024,34.315354],[-86.666207,34.319136],[-86.666109,34.323597],[-86.669678,34.323912],[-86.672803,34.326062],[-86.67432,34.326516],[-86.67481,34.325211],[-86.679819,34.319288],[-86.678804,34.318291],[-86.678955,34.313142],[-86.683478,34.31325],[-86.685616,34.310871],[-86.690716,34.306171],[-86.697478,34.306278],[-86.695922,34.304803],[-86.693645,34.303803],[-86.696009,34.300407],[-86.686771,34.293089],[-86.68345,34.294615],[-86.6834,34.291503],[-86.676952,34.291417],[-86.677027,34.284599],[-86.674827,34.282451],[-86.674628,34.280485],[-86.675078,34.279084],[-86.673673,34.275587],[-86.670818,34.276969],[-86.668171,34.278806],[-86.667739,34.27629],[-86.670831,34.275662],[-86.675602,34.273994],[-86.674086,34.272038],[-86.672517,34.270773],[-86.670881,34.270262],[-86.672186,34.269019],[-86.670803,34.266688],[-86.67079,34.264291],[-86.671533,34.263614],[-86.670904,34.261414],[-86.670049,34.263401],[-86.667744,34.262614],[-86.664784,34.262338],[-86.662693,34.258775],[-86.664196,34.257418],[-86.663409,34.256934],[-86.661575,34.257296],[-86.659734,34.255652],[-86.6599,34.254481],[-86.658974,34.254041],[-86.656861,34.255019],[-86.654218,34.253685],[-86.653255,34.250197],[-86.653493,34.248941],[-86.65254,34.247984],[-86.652673,34.246192],[-86.649846,34.246565],[-86.651182,34.248281],[-86.650526,34.250024],[-86.647414,34.25274],[-86.644895,34.252114],[-86.645016,34.245606],[-86.638033,34.247127],[-86.638133,34.243792],[-86.627911,34.24363],[-86.627385,34.247373],[-86.618505,34.247296],[-86.618594,34.2434],[-86.59361,34.243062],[-86.590401,34.242728],[-86.590463,34.247053],[-86.592083,34.247072],[-86.592036,34.251009],[-86.590933,34.253152],[-86.590575,34.25789],[-86.590714,34.260788],[-86.585855,34.260664],[-86.583148,34.261641],[-86.57374,34.261381],[-86.581659,34.276449],[-86.583877,34.276204],[-86.590279,34.276243],[-86.590196,34.28215],[-86.589113,34.282148],[-86.58912,34.284158],[-86.59211,34.283822],[-86.592289,34.288058],[-86.590035,34.288025],[-86.594514,34.29167],[-86.595329,34.292838],[-86.599918,34.296374],[-86.600883,34.294469],[-86.608618,34.29456],[-86.608607,34.297961],[-86.615907,34.294951],[-86.620982,34.294472],[-86.623367,34.2954],[-86.624872,34.296839],[-86.627561,34.295196],[-86.629295,34.296852],[-86.631694,34.29627],[-86.631937,34.299712],[-86.631279,34.301812],[-86.631842,34.30278],[-86.631207,34.305409],[-86.631917,34.308717],[-86.634401,34.31034],[-86.63575,34.313634],[-86.637526,34.313816],[-86.637486,34.314536],[-86.635012,34.315176],[-86.635607,34.319897],[-86.635565,34.322013],[-86.633863,34.324616],[-86.630776,34.327235],[-86.629798,34.326243],[-86.624767,34.325455],[-86.623067,34.324747],[-86.617583,34.327737],[-86.61744,34.337089],[-86.612269,34.340102],[-86.610607,34.344296],[-86.61466,34.348897],[-86.615835,34.361138],[-86.611471,34.360399],[-86.610624,34.359735],[-86.608116,34.361777],[-86.607388,34.364164],[-86.607808,34.37025],[-86.607837,34.370683],[-86.61139,34.370041],[-86.615737,34.368921],[-86.620068,34.369585],[-86.623763,34.370989],[-86.626301,34.371612],[-86.630519,34.371889],[-86.636791,34.370971],[-86.643286,34.370806],[-86.64656,34.37219],[-86.648444,34.367947],[-86.650445,34.368753],[-86.653888,34.369274]]]]}}]}