{"type":"FeatureCollection","features":[{"type":"Feature","properties":{"zcta5":"53047","AFFGEOID10":"8600000US53047","GEOID10":"53047","ALAND10":422654,"AWATER10":0,"county_name":"Dodge","state_code":"WI","county_state":"Dodge County, WI","county_fips":"55027","risk_level_county":"Medium Risk (70–79% vaccinated)","mean_vaccination_rate_county":75.21,"risk_level_zcta":"Medium Risk (70–79% vaccinated)","mean_vaccination_rate_zips":75.2,"cases":36},"geometry":{"type":"Polygon","coordinates":[[[-88.636033,43.260301],[-88.63593,43.255321],[-88.622152,43.255407],[-88.621886,43.257006],[-88.636033,43.260301]]]}},{"type":"Feature","properties":{"zcta5":"53016","AFFGEOID10":"8600000US53016","GEOID10":"53016","ALAND10":1233342,"AWATER10":0,"county_name":"Dodge","state_code":"WI","county_state":"Dodge County, WI","county_fips":"55027","risk_level_county":"Medium Risk (70–79% vaccinated)","mean_vaccination_rate_county":75.21,"risk_level_zcta":"Lower Risk (80–84% vaccinated)","mean_vaccination_rate_zips":81.99,"cases":36},"geometry":{"type":"Polygon","coordinates":[[[-88.704842,43.313844],[-88.720012,43.313984],[-88.721347,43.315829],[-88.723497,43.315823],[-88.723531,43.314014],[-88.725296,43.314014],[-88.725381,43.310405],[-88.721042,43.310342],[-88.720355,43.309064],[-88.720409,43.306698],[-88.704649,43.30658],[-88.705095,43.31144],[-88.704842,43.313844]]]}},{"type":"Feature","properties":{"zcta5":"53003","AFFGEOID10":"8600000US53003","GEOID10":"53003","ALAND10":1213077,"AWATER10":0,"county_name":"Dodge","state_code":"WI","county_state":"Dodge County, WI","county_fips":"55027","risk_level_county":"Medium Risk (70–79% vaccinated)","mean_vaccination_rate_county":75.21,"risk_level_zcta":"Medium Risk (70–79% vaccinated)","mean_vaccination_rate_zips":75.12,"cases":36},"geometry":{"type":"Polygon","coordinates":[[[-88.516799,43.212645],[-88.524898,43.216907],[-88.526907,43.215529],[-88.527231,43.214467],[-88.525271,43.213057],[-88.521769,43.212373],[-88.521477,43.210251],[-88.518911,43.210197],[-88.517889,43.211247],[-88.515464,43.210132],[-88.513842,43.207021],[-88.511813,43.2054],[-88.510571,43.202711],[-88.507139,43.201758],[-88.502494,43.19933],[-88.492418,43.199362],[-88.495102,43.201216],[-88.516799,43.212645]]]}},{"type":"Feature","properties":{"zcta5":"53059","AFFGEOID10":"8600000US53059","GEOID10":"53059","ALAND10":81695979,"AWATER10":1500822,"county_name":"Dodge","state_code":"WI","county_state":"Dodge County, WI","county_fips":"55027","risk_level_county":"Medium Risk (70–79% vaccinated)","mean_vaccination_rate_county":75.21,"risk_level_zcta":"Higher Risk (60–69% vaccinated)","mean_vaccination_rate_zips":69.06,"cases":36},"geometry":{"type":"Polygon","coordinates":[[[-88.592615,43.346953],[-88.592348,43.343555],[-88.59247,43.338833],[-88.590524,43.332963],[-88.589054,43.331126],[-88.59176,43.327375],[-88.589691,43.326103],[-88.587042,43.326223],[-88.583971,43.327352],[-88.582576,43.327079],[-88.582597,43.325118],[-88.58375,43.32451],[-88.586402,43.324795],[-88.587702,43.324025],[-88.587529,43.320967],[-88.585785,43.31716],[-88.584484,43.31632],[-88.581449,43.317242],[-88.580424,43.317004],[-88.582657,43.314394],[-88.585018,43.31379],[-88.58411,43.311293],[-88.586937,43.310399],[-88.589075,43.314249],[-88.590993,43.313773],[-88.591978,43.310781],[-88.594399,43.308531],[-88.590121,43.306723],[-88.587064,43.30796],[-88.583481,43.308093],[-88.582228,43.307127],[-88.580704,43.304507],[-88.580744,43.303292],[-88.583667,43.302254],[-88.583408,43.300708],[-88.582043,43.29949],[-88.580368,43.29947],[-88.579144,43.300465],[-88.574997,43.300879],[-88.577736,43.29851],[-88.578059,43.297307],[-88.577995,43.295495],[-88.576583,43.289879],[-88.57567,43.288156],[-88.571732,43.288514],[-88.568098,43.288332],[-88.566609,43.286953],[-88.567351,43.284161],[-88.570443,43.284292],[-88.571352,43.2812],[-88.571095,43.280151],[-88.575132,43.277714],[-88.575261,43.276875],[-88.573491,43.274146],[-88.571341,43.272086],[-88.5719,43.270224],[-88.574945,43.270209],[-88.573422,43.271579],[-88.57547,43.272669],[-88.578641,43.272675],[-88.579465,43.271591],[-88.577477,43.269356],[-88.573606,43.263594],[-88.574538,43.261899],[-88.573646,43.259664],[-88.573662,43.257588],[-88.571156,43.253576],[-88.572093,43.252577],[-88.571771,43.246466],[-88.569271,43.245062],[-88.567499,43.246026],[-88.567284,43.249055],[-88.565003,43.251468],[-88.564006,43.250427],[-88.560232,43.24911],[-88.560707,43.246312],[-88.564665,43.244627],[-88.565534,43.240697],[-88.564393,43.239257],[-88.560707,43.239389],[-88.557011,43.238716],[-88.5548,43.239736],[-88.55447,43.237583],[-88.552475,43.239577],[-88.549456,43.239449],[-88.549043,43.23945],[-88.54873,43.238589],[-88.543041,43.236249],[-88.536227,43.236029],[-88.534424,43.237925],[-88.533992,43.239607],[-88.530326,43.239532],[-88.529319,43.23789],[-88.526131,43.236642],[-88.52264,43.23609],[-88.52173,43.237091],[-88.522504,43.238907],[-88.519452,43.239147],[-88.518507,43.238677],[-88.517925,43.247736],[-88.498152,43.247665],[-88.498187,43.253482],[-88.492668,43.253624],[-88.492687,43.25681],[-88.488278,43.256825],[-88.488302,43.261016],[-88.484166,43.261139],[-88.484158,43.257291],[-88.478126,43.257205],[-88.478088,43.251068],[-88.4781,43.249853],[-88.472974,43.249867],[-88.472971,43.246557],[-88.468852,43.246575],[-88.468891,43.253672],[-88.463475,43.253635],[-88.464601,43.263129],[-88.463703,43.268197],[-88.460836,43.268151],[-88.460586,43.282336],[-88.463832,43.282325],[-88.463849,43.285019],[-88.4591,43.283904],[-88.459008,43.293048],[-88.462666,43.294478],[-88.466113,43.293372],[-88.467445,43.292367],[-88.467437,43.293885],[-88.470737,43.294041],[-88.470765,43.294853],[-88.473401,43.295838],[-88.475836,43.295127],[-88.477458,43.298308],[-88.4787,43.29837],[-88.483056,43.301764],[-88.48425,43.302494],[-88.489718,43.302326],[-88.490184,43.303578],[-88.493682,43.304799],[-88.495337,43.305961],[-88.495836,43.308283],[-88.497879,43.308882],[-88.498649,43.311429],[-88.499666,43.323406],[-88.51498,43.323684],[-88.514887,43.326298],[-88.518173,43.326381],[-88.518686,43.332517],[-88.518362,43.334295],[-88.515124,43.333583],[-88.513579,43.34079],[-88.530385,43.341091],[-88.53505,43.341308],[-88.553183,43.341319],[-88.553139,43.337349],[-88.552374,43.333629],[-88.562462,43.33224],[-88.585583,43.340642],[-88.588663,43.341344],[-88.591977,43.341351],[-88.588941,43.341569],[-88.58876,43.348836],[-88.591123,43.34884],[-88.591096,43.346929],[-88.592615,43.346953]]]}},{"type":"Feature","properties":{"zcta5":"53050","AFFGEOID10":"8600000US53050","GEOID10":"53050","ALAND10":177547976,"AWATER10":6245693,"county_name":"Dodge","state_code":"WI","county_state":"Dodge County, WI","county_fips":"55027","risk_level_county":"Medium Risk (70–79% vaccinated)","mean_vaccination_rate_county":75.21,"risk_level_zcta":"Medium Risk (70–79% vaccinated)","mean_vaccination_rate_zips":71.56,"cases":36},"geometry":{"type":"Polygon","coordinates":[[[-88.644616,43.568551],[-88.644674,43.541468],[-88.644774,43.540704],[-88.644477,43.525292],[-88.646336,43.526666],[-88.644523,43.524226],[-88.644257,43.509323],[-88.644312,43.489438],[-88.643586,43.490427],[-88.638766,43.492685],[-88.636568,43.49283],[-88.634074,43.491461],[-88.630853,43.490274],[-88.627269,43.493389],[-88.625164,43.494684],[-88.623689,43.4997],[-88.622233,43.501147],[-88.624259,43.500595],[-88.627706,43.500454],[-88.623235,43.501221],[-88.621744,43.501208],[-88.618873,43.502356],[-88.612369,43.501319],[-88.611316,43.500181],[-88.609737,43.500127],[-88.607955,43.502953],[-88.608231,43.503957],[-88.610284,43.504075],[-88.611204,43.506098],[-88.609735,43.507215],[-88.606643,43.506597],[-88.604407,43.506995],[-88.602253,43.505584],[-88.602313,43.504153],[-88.599071,43.50355],[-88.597051,43.504314],[-88.596435,43.505678],[-88.594314,43.504967],[-88.589812,43.505988],[-88.589347,43.504081],[-88.588109,43.50276],[-88.584796,43.502627],[-88.582718,43.502008],[-88.581187,43.502747],[-88.581025,43.47554],[-88.580856,43.474906],[-88.584633,43.473225],[-88.577543,43.473144],[-88.577404,43.457992],[-88.561469,43.457814],[-88.554341,43.45777],[-88.554034,43.460353],[-88.553496,43.457741],[-88.544407,43.457576],[-88.543052,43.448236],[-88.543902,43.446526],[-88.544051,43.44283],[-88.500022,43.442816],[-88.500137,43.428397],[-88.489839,43.428285],[-88.479936,43.428406],[-88.480263,43.399513],[-88.460225,43.399419],[-88.4504,43.399293],[-88.450206,43.415252],[-88.450991,43.415931],[-88.45019,43.418378],[-88.450419,43.442582],[-88.449082,43.44254],[-88.448101,43.444428],[-88.448258,43.449669],[-88.445551,43.449762],[-88.445386,43.454358],[-88.443583,43.456897],[-88.460131,43.456922],[-88.460026,43.478613],[-88.499779,43.478679],[-88.499692,43.481212],[-88.497396,43.48598],[-88.489334,43.486235],[-88.480037,43.486001],[-88.480069,43.500443],[-88.489921,43.500435],[-88.489931,43.501911],[-88.487249,43.50213],[-88.485733,43.507836],[-88.484367,43.508493],[-88.484462,43.515119],[-88.480132,43.515021],[-88.479961,43.54399],[-88.479731,43.562367],[-88.480464,43.564348],[-88.482795,43.565619],[-88.484165,43.565745],[-88.496908,43.565766],[-88.499372,43.565896],[-88.521267,43.565732],[-88.521315,43.572886],[-88.531201,43.573053],[-88.537712,43.57319],[-88.53742,43.569086],[-88.536047,43.567612],[-88.532956,43.566695],[-88.533844,43.562757],[-88.535747,43.560401],[-88.53561,43.558708],[-88.541124,43.558776],[-88.541081,43.566034],[-88.55752,43.566324],[-88.55917,43.568709],[-88.560658,43.573656],[-88.561145,43.573656],[-88.580967,43.57416],[-88.581309,43.595931],[-88.643954,43.596979],[-88.644567,43.596874],[-88.644616,43.568551]]]}},{"type":"Feature","properties":{"zcta5":"53925","AFFGEOID10":"8600000US53925","GEOID10":"53925","ALAND10":325167600,"AWATER10":1938820,"county_name":"Dodge","state_code":"WI","county_state":"Dodge County, WI","county_fips":"55027","risk_level_county":"Medium Risk (70–79% vaccinated)","mean_vaccination_rate_county":75.21,"risk_level_zcta":"Medium Risk (70–79% vaccinated)","mean_vaccination_rate_zips":75.16,"cases":36},"geometry":{"type":"Polygon","coordinates":[[[-89.165118,43.402232],[-89.165015,43.369529],[-89.193984,43.369548],[-89.19707,43.369467],[-89.197048,43.366181],[-89.193189,43.365317],[-89.187423,43.361236],[-89.18702,43.36053],[-89.186963,43.351525],[-89.181968,43.3514],[-89.181826,43.340488],[-89.217753,43.340653],[-89.21775,43.3261],[-89.197146,43.32605],[-89.207696,43.319249],[-89.206774,43.285297],[-89.206863,43.28422],[-89.207544,43.283151],[-89.209561,43.282428],[-89.20619,43.282532],[-89.156829,43.282698],[-89.156835,43.27867],[-89.146974,43.278673],[-89.147026,43.266852],[-89.134702,43.267209],[-89.134083,43.26794],[-89.132144,43.26611],[-89.134416,43.263581],[-89.13868,43.261061],[-89.133408,43.261013],[-89.133495,43.250617],[-89.131666,43.250644],[-89.127022,43.253607],[-89.12703,43.254038],[-89.121962,43.25771],[-89.106933,43.267914],[-89.068509,43.268212],[-89.068213,43.239218],[-89.058171,43.239574],[-89.058194,43.243683],[-89.042571,43.243663],[-89.04259,43.24712],[-89.036384,43.247231],[-89.018258,43.247068],[-89.018257,43.259758],[-89.021861,43.259752],[-89.021818,43.262475],[-89.009018,43.263007],[-89.009139,43.28483],[-88.982118,43.285056],[-88.981875,43.28503],[-88.935271,43.285124],[-88.911662,43.285113],[-88.913371,43.287066],[-88.908522,43.290329],[-88.908969,43.292983],[-88.906493,43.295869],[-88.906418,43.297191],[-88.907744,43.299648],[-88.906095,43.299662],[-88.906386,43.303276],[-88.896266,43.303259],[-88.893115,43.311577],[-88.892498,43.312418],[-88.897262,43.314781],[-88.911416,43.321764],[-88.911207,43.352377],[-88.906498,43.3578],[-88.921184,43.357782],[-88.921397,43.371927],[-88.913939,43.371934],[-88.91381,43.382934],[-88.924037,43.383254],[-88.924073,43.386404],[-88.928586,43.386407],[-88.929172,43.386933],[-88.92902,43.394076],[-88.929561,43.394928],[-88.933623,43.397753],[-88.934335,43.400281],[-88.937063,43.401133],[-88.940391,43.405251],[-88.941288,43.408011],[-88.944461,43.409365],[-88.944524,43.414154],[-88.945796,43.412983],[-88.949453,43.412383],[-88.949726,43.404842],[-88.956477,43.404744],[-88.956287,43.406935],[-88.954912,43.407941],[-88.954713,43.41696],[-88.94994,43.420704],[-88.944646,43.42337],[-88.944672,43.42977],[-88.949709,43.429805],[-88.949784,43.436309],[-88.955151,43.439723],[-88.955197,43.444],[-88.970113,43.436599],[-88.973535,43.435113],[-88.976636,43.433765],[-88.982703,43.430248],[-88.985512,43.4296],[-88.994718,43.429693],[-88.994452,43.413696],[-88.994934,43.412174],[-88.999094,43.408655],[-88.999996,43.407058],[-89.000551,43.403155],[-89.005145,43.403568],[-89.015145,43.406969],[-89.020008,43.40582],[-89.024073,43.402944],[-89.025267,43.401731],[-89.031853,43.39663],[-89.020039,43.396813],[-89.023981,43.393095],[-89.029625,43.393035],[-89.029539,43.385574],[-89.029155,43.383987],[-89.024738,43.383952],[-89.024645,43.385793],[-89.015794,43.38601],[-89.009775,43.385828],[-89.013735,43.383288],[-89.015334,43.383869],[-89.024552,43.382115],[-89.029678,43.378628],[-89.029845,43.376191],[-89.032429,43.377827],[-89.03441,43.378389],[-89.037831,43.378331],[-89.044474,43.378215],[-89.044827,43.376687],[-89.047666,43.3723],[-89.048731,43.370809],[-89.050222,43.37091],[-89.054255,43.370811],[-89.05651,43.370713],[-89.096654,43.370199],[-89.104337,43.368598],[-89.104381,43.370001],[-89.124889,43.369665],[-89.1257,43.421208],[-89.116979,43.416985],[-89.115312,43.41701],[-89.115301,43.420664],[-89.10988,43.420675],[-89.109904,43.421379],[-89.107475,43.422574],[-89.105301,43.422845],[-89.104867,43.423684],[-89.104858,43.42786],[-89.120454,43.427839],[-89.120444,43.43143],[-89.125896,43.431337],[-89.125858,43.427744],[-89.136219,43.427599],[-89.136784,43.428102],[-89.136953,43.43128],[-89.140741,43.431253],[-89.140826,43.436081],[-89.145692,43.437999],[-89.145515,43.427521],[-89.145522,43.423461],[-89.155701,43.423424],[-89.156478,43.423868],[-89.160159,43.42383],[-89.162074,43.423053],[-89.165344,43.419897],[-89.165294,43.412984],[-89.145341,43.413096],[-89.145393,43.41198],[-89.146023,43.411335],[-89.148738,43.411771],[-89.148875,43.410438],[-89.156713,43.407876],[-89.158022,43.406856],[-89.161916,43.405837],[-89.161997,43.405043],[-89.165376,43.404237],[-89.167486,43.402895],[-89.165118,43.402232]],[[-89.165118,43.402232],[-89.165115,43.402578],[-89.165138,43.403507],[-89.160747,43.402379],[-89.160833,43.402191],[-89.160979,43.402153],[-89.164585,43.402227],[-89.165118,43.402232]]]}},{"type":"Feature","properties":{"zcta5":"53091","AFFGEOID10":"8600000US53091","GEOID10":"53091","ALAND10":66780717,"AWATER10":1151539,"county_name":"Dodge","state_code":"WI","county_state":"Dodge County, WI","county_fips":"55027","risk_level_county":"Medium Risk (70–79% vaccinated)","mean_vaccination_rate_county":75.21,"risk_level_zcta":"Very High Risk (<60% vaccinated)","mean_vaccination_rate_zips":59.7,"cases":36},"geometry":{"type":"Polygon","coordinates":[[[-88.479961,43.54399],[-88.480132,43.515021],[-88.484462,43.515119],[-88.484367,43.508493],[-88.485733,43.507836],[-88.487249,43.50213],[-88.489931,43.501911],[-88.489921,43.500435],[-88.480069,43.500443],[-88.480037,43.486001],[-88.489334,43.486235],[-88.497396,43.48598],[-88.499692,43.481212],[-88.499779,43.478679],[-88.460026,43.478613],[-88.460131,43.456922],[-88.443583,43.456897],[-88.445386,43.454358],[-88.445551,43.449762],[-88.448258,43.449669],[-88.448101,43.444428],[-88.449082,43.44254],[-88.419987,43.442196],[-88.400806,43.442845],[-88.400609,43.467713],[-88.397543,43.467141],[-88.396798,43.469727],[-88.394982,43.471885],[-88.395367,43.474108],[-88.393812,43.475236],[-88.392111,43.475288],[-88.392205,43.478688],[-88.388261,43.477462],[-88.385282,43.477249],[-88.3836,43.4765],[-88.384378,43.478461],[-88.388609,43.490873],[-88.389723,43.493388],[-88.392025,43.496434],[-88.395046,43.498939],[-88.400514,43.502313],[-88.400608,43.536911],[-88.401608,43.53864],[-88.404997,43.53892],[-88.411075,43.543574],[-88.439638,43.543767],[-88.440787,43.543181],[-88.442446,43.542062],[-88.443643,43.539491],[-88.446195,43.536469],[-88.438434,43.536454],[-88.447076,43.536197],[-88.455425,43.536334],[-88.455649,43.543834],[-88.479961,43.54399]]]}},{"type":"Feature","properties":{"zcta5":"53066","AFFGEOID10":"8600000US53066","GEOID10":"53066","ALAND10":274067131,"AWATER10":23648009,"county_name":"Dodge","state_code":"WI","county_state":"Dodge County, WI","county_fips":"55027","risk_level_county":"Medium Risk (70–79% vaccinated)","mean_vaccination_rate_county":75.21,"risk_level_zcta":"Medium Risk (70–79% vaccinated)","mean_vaccination_rate_zips":75.71,"cases":36},"geometry":{"type":"Polygon","coordinates":[[[-88.618138,43.107919],[-88.624877,43.107857],[-88.623227,43.106425],[-88.622132,43.104437],[-88.622214,43.101501],[-88.621389,43.099753],[-88.613339,43.084967],[-88.620402,43.085082],[-88.620339,43.078537],[-88.615178,43.078565],[-88.614978,43.07473],[-88.610563,43.074859],[-88.610359,43.06802],[-88.60069,43.069186],[-88.599318,43.071052],[-88.59153,43.075199],[-88.58932,43.073659],[-88.584222,43.071396],[-88.579897,43.070435],[-88.575909,43.070147],[-88.555221,43.07006],[-88.555294,43.062816],[-88.553766,43.062923],[-88.553742,43.05337],[-88.555361,43.053368],[-88.555341,43.043065],[-88.560489,43.043062],[-88.560518,43.041451],[-88.555502,43.041456],[-88.555491,43.038678],[-88.56048,43.038674],[-88.560469,43.03234],[-88.571029,43.032332],[-88.571029,43.029863],[-88.565175,43.029867],[-88.565155,43.019139],[-88.561189,43.019131],[-88.559265,43.020022],[-88.542426,43.023764],[-88.541372,43.024135],[-88.541709,43.007197],[-88.541237,43.010626],[-88.540603,43.010805],[-88.506383,43.012323],[-88.505859,43.013606],[-88.504666,43.012897],[-88.502477,43.013811],[-88.501084,43.012868],[-88.500007,43.014245],[-88.498359,43.013995],[-88.498526,43.015466],[-88.497055,43.016039],[-88.497452,43.016889],[-88.496901,43.016889],[-88.497497,43.017347],[-88.498134,43.017403],[-88.498168,43.017833],[-88.497618,43.018394],[-88.496951,43.018309],[-88.497114,43.019904],[-88.496977,43.020156],[-88.496052,43.021327],[-88.494601,43.020808],[-88.487277,43.021732],[-88.488115,43.019419],[-88.487683,43.018493],[-88.484695,43.018463],[-88.482723,43.01845],[-88.482646,43.019591],[-88.482675,43.020792],[-88.484761,43.022356],[-88.484142,43.022743],[-88.482213,43.022389],[-88.481394,43.02123],[-88.479663,43.020185],[-88.478676,43.020515],[-88.477089,43.019824],[-88.476807,43.020411],[-88.473636,43.01995],[-88.473484,43.02449],[-88.471043,43.024052],[-88.472593,43.025686],[-88.470627,43.033006],[-88.462939,43.033013],[-88.462263,43.022427],[-88.462488,43.017432],[-88.449387,43.017928],[-88.442579,43.017966],[-88.443496,43.015958],[-88.446627,43.014015],[-88.448413,43.012234],[-88.449655,43.012573],[-88.450004,43.010645],[-88.454366,43.010446],[-88.458031,43.01146],[-88.458505,43.009408],[-88.457632,43.004595],[-88.456027,43.001346],[-88.457717,43.001314],[-88.459212,43.000169],[-88.458514,42.995861],[-88.460207,42.995895],[-88.459981,42.993873],[-88.458112,42.991553],[-88.459098,42.990701],[-88.460772,42.991935],[-88.462358,42.992088],[-88.463334,42.990596],[-88.460917,42.99183],[-88.460868,42.990299],[-88.463626,42.988539],[-88.463555,42.983539],[-88.454395,42.978804],[-88.449418,42.976007],[-88.434027,42.982851],[-88.425577,42.984783],[-88.421047,42.98611],[-88.414977,42.999017],[-88.413959,43.003039],[-88.413692,42.996332],[-88.401722,42.995735],[-88.399265,42.994863],[-88.39898,42.993701],[-88.396577,42.995046],[-88.394083,42.995475],[-88.394036,42.999186],[-88.399144,42.999266],[-88.399653,43.000859],[-88.399463,43.004704],[-88.398846,43.006513],[-88.391592,43.006419],[-88.391538,43.009125],[-88.393855,43.010607],[-88.393747,43.01164],[-88.398511,43.012814],[-88.401454,43.013859],[-88.40376,43.014685],[-88.41279,43.017474],[-88.415874,43.017642],[-88.422815,43.017144],[-88.422775,43.01812],[-88.413816,43.017878],[-88.414351,43.033759],[-88.41429,43.03789],[-88.419056,43.037619],[-88.421344,43.038045],[-88.422887,43.037427],[-88.422832,43.055539],[-88.422814,43.059197],[-88.425524,43.058589],[-88.428657,43.059706],[-88.427865,43.060524],[-88.425756,43.05995],[-88.422821,43.060098],[-88.422448,43.075275],[-88.423171,43.075892],[-88.42578,43.076881],[-88.428228,43.078845],[-88.43006,43.078693],[-88.430011,43.080079],[-88.428121,43.079249],[-88.426635,43.080463],[-88.427104,43.083379],[-88.425754,43.084524],[-88.424877,43.08714],[-88.426476,43.090438],[-88.422183,43.090222],[-88.421925,43.103589],[-88.427468,43.105826],[-88.43013,43.106939],[-88.431864,43.107499],[-88.432881,43.107732],[-88.441766,43.108564],[-88.441717,43.111665],[-88.439623,43.112199],[-88.443493,43.1148],[-88.442779,43.116416],[-88.439446,43.116699],[-88.435817,43.118608],[-88.434666,43.117985],[-88.430488,43.119097],[-88.431652,43.121087],[-88.423816,43.12082],[-88.421424,43.125064],[-88.416371,43.126098],[-88.408331,43.135535],[-88.406414,43.139914],[-88.406286,43.140567],[-88.40683,43.140692],[-88.407342,43.141316],[-88.407275,43.141866],[-88.407235,43.142379],[-88.407357,43.142378],[-88.407677,43.142687],[-88.408335,43.144286],[-88.408021,43.148017],[-88.402634,43.152908],[-88.400677,43.153403],[-88.400207,43.155371],[-88.398984,43.156885],[-88.399071,43.159231],[-88.400448,43.16167],[-88.400211,43.175974],[-88.402654,43.17591],[-88.405272,43.177366],[-88.406135,43.183487],[-88.405453,43.189312],[-88.40478,43.191889],[-88.40323,43.193192],[-88.40337,43.194087],[-88.414011,43.194407],[-88.416859,43.194686],[-88.417987,43.194697],[-88.418278,43.217149],[-88.420574,43.217152],[-88.424702,43.216678],[-88.435566,43.217189],[-88.435189,43.22437],[-88.437239,43.223804],[-88.438697,43.224408],[-88.458335,43.22463],[-88.458277,43.237618],[-88.45878,43.23914],[-88.470047,43.239247],[-88.470736,43.241476],[-88.478352,43.246475],[-88.488038,43.25048],[-88.488365,43.251465],[-88.483361,43.251206],[-88.480368,43.251548],[-88.478088,43.251068],[-88.478126,43.257205],[-88.484158,43.257291],[-88.484166,43.261139],[-88.488302,43.261016],[-88.488278,43.256825],[-88.492687,43.25681],[-88.492668,43.253624],[-88.498187,43.253482],[-88.498152,43.247665],[-88.517925,43.247736],[-88.518507,43.238677],[-88.519452,43.239147],[-88.522504,43.238907],[-88.52173,43.237091],[-88.52264,43.23609],[-88.526131,43.236642],[-88.529319,43.23789],[-88.530326,43.239532],[-88.533992,43.239607],[-88.534424,43.237925],[-88.536227,43.236029],[-88.543041,43.236249],[-88.54873,43.238589],[-88.549043,43.23945],[-88.549456,43.239449],[-88.54935,43.236307],[-88.545052,43.232982],[-88.543794,43.232985],[-88.54226,43.234734],[-88.536518,43.23476],[-88.536427,43.225052],[-88.527791,43.224998],[-88.519856,43.224718],[-88.518538,43.216488],[-88.516799,43.212645],[-88.495102,43.201216],[-88.492418,43.199362],[-88.502494,43.19933],[-88.507139,43.201758],[-88.510571,43.202711],[-88.511813,43.2054],[-88.513842,43.207021],[-88.511685,43.202963],[-88.507846,43.19701],[-88.50744,43.19567],[-88.517124,43.195742],[-88.51761,43.192476],[-88.519346,43.190389],[-88.51823,43.186554],[-88.518753,43.179771],[-88.523364,43.179561],[-88.528517,43.178983],[-88.533321,43.177426],[-88.535655,43.177701],[-88.537051,43.176831],[-88.53846,43.145613],[-88.53879,43.138178],[-88.543204,43.138231],[-88.543398,43.135443],[-88.548499,43.135588],[-88.548642,43.132669],[-88.573784,43.138764],[-88.573317,43.138183],[-88.572955,43.137765],[-88.572067,43.13634],[-88.572021,43.135888],[-88.572761,43.133747],[-88.573006,43.131084],[-88.574017,43.12938],[-88.578039,43.129471],[-88.579568,43.130416],[-88.580692,43.125894],[-88.579068,43.122794],[-88.59306,43.122843],[-88.593198,43.118918],[-88.596119,43.118083],[-88.594362,43.115001],[-88.594787,43.113945],[-88.598705,43.109209],[-88.599826,43.108998],[-88.602441,43.110453],[-88.601624,43.113079],[-88.602386,43.114507],[-88.605927,43.117203],[-88.607194,43.117663],[-88.608235,43.116857],[-88.6082,43.11511],[-88.609767,43.113762],[-88.611563,43.113485],[-88.613373,43.115123],[-88.613347,43.116273],[-88.615461,43.11948],[-88.617578,43.120967],[-88.620242,43.119279],[-88.62106,43.118217],[-88.621223,43.117307],[-88.620273,43.116566],[-88.620492,43.115199],[-88.617852,43.11364],[-88.618548,43.11286],[-88.61809,43.112894],[-88.617934,43.112688],[-88.618153,43.112298],[-88.617997,43.111906],[-88.617393,43.111615],[-88.616856,43.111512],[-88.61666,43.110736],[-88.61694,43.110617],[-88.617659,43.110762],[-88.617964,43.110386],[-88.618228,43.109944],[-88.618681,43.109457],[-88.616473,43.108897],[-88.616678,43.10846],[-88.618138,43.107919]],[[-88.455399,43.107807],[-88.454902,43.109908],[-88.453085,43.109483],[-88.453867,43.108497],[-88.453948,43.107983],[-88.455399,43.107807]]]}},{"type":"Feature","properties":{"zcta5":"53048","AFFGEOID10":"8600000US53048","GEOID10":"53048","ALAND10":68659840,"AWATER10":110060,"county_name":"Dodge","state_code":"WI","county_state":"Dodge County, WI","county_fips":"55027","risk_level_county":"Medium Risk (70–79% vaccinated)","mean_vaccination_rate_county":75.21,"risk_level_zcta":"Medium Risk (70–79% vaccinated)","mean_vaccination_rate_zips":72.64,"cases":36},"geometry":{"type":"MultiPolygon","coordinates":[[[[-88.440913,43.631384],[-88.442955,43.631402],[-88.442162,43.628465],[-88.441492,43.623522],[-88.446269,43.623556],[-88.448123,43.627862],[-88.448088,43.630455],[-88.451028,43.63045],[-88.450666,43.626192],[-88.450311,43.604963],[-88.44895,43.604955],[-88.450268,43.601595],[-88.450236,43.597162],[-88.455484,43.597073],[-88.455426,43.595916],[-88.451436,43.595918],[-88.451088,43.594408],[-88.455186,43.594414],[-88.455032,43.587208],[-88.471916,43.587508],[-88.473509,43.588735],[-88.472232,43.590289],[-88.476484,43.59026],[-88.477818,43.592038],[-88.479702,43.592483],[-88.479797,43.587428],[-88.521573,43.587362],[-88.521315,43.572886],[-88.521267,43.565732],[-88.499372,43.565896],[-88.496908,43.565766],[-88.484165,43.565745],[-88.482795,43.565619],[-88.480464,43.564348],[-88.479731,43.562367],[-88.479961,43.54399],[-88.455649,43.543834],[-88.455425,43.536334],[-88.447076,43.536197],[-88.438434,43.536454],[-88.446195,43.536469],[-88.443643,43.539491],[-88.442446,43.542062],[-88.440787,43.543181],[-88.439638,43.543767],[-88.411075,43.543574],[-88.404997,43.53892],[-88.401608,43.53864],[-88.400608,43.536911],[-88.400426,43.543532],[-88.391047,43.543456],[-88.390861,43.552266],[-88.394726,43.552245],[-88.394688,43.554158],[-88.386454,43.554179],[-88.386494,43.557956],[-88.389153,43.557971],[-88.389209,43.561833],[-88.380863,43.561827],[-88.38085,43.565213],[-88.391929,43.565288],[-88.391937,43.568213],[-88.395259,43.568727],[-88.398776,43.566627],[-88.398809,43.565334],[-88.400492,43.565367],[-88.401041,43.630933],[-88.413263,43.631085],[-88.440913,43.631384]]],[[[-88.531201,43.573053],[-88.531366,43.587513],[-88.541262,43.587705],[-88.541385,43.594172],[-88.550755,43.594143],[-88.550672,43.587771],[-88.561347,43.588116],[-88.561145,43.573656],[-88.560658,43.573656],[-88.55917,43.568709],[-88.55752,43.566324],[-88.541081,43.566034],[-88.541124,43.558776],[-88.53561,43.558708],[-88.535747,43.560401],[-88.533844,43.562757],[-88.532956,43.566695],[-88.536047,43.567612],[-88.53742,43.569086],[-88.537712,43.57319],[-88.531201,43.573053]]]]}},{"type":"Feature","properties":{"zcta5":"53963","AFFGEOID10":"8600000US53963","GEOID10":"53963","ALAND10":216994481,"AWATER10":3895118,"county_name":"Dodge","state_code":"WI","county_state":"Dodge County, WI","county_fips":"55027","risk_level_county":"Medium Risk (70–79% vaccinated)","mean_vaccination_rate_county":75.21,"risk_level_zcta":"Higher Risk (60–69% vaccinated)","mean_vaccination_rate_zips":68.6,"cases":36},"geometry":{"type":"MultiPolygon","coordinates":[[[[-88.623513,43.719796],[-88.623779,43.721064],[-88.623792,43.72653],[-88.627071,43.727269],[-88.630485,43.728853],[-88.633653,43.732104],[-88.633703,43.734175],[-88.634822,43.735281],[-88.638983,43.737907],[-88.643729,43.73364],[-88.64423,43.732806],[-88.644159,43.719957],[-88.623513,43.719796]]],[[[-88.845383,43.683855],[-88.845495,43.662066],[-88.885457,43.662694],[-88.886052,43.63354],[-88.910665,43.63339],[-88.910643,43.627475],[-88.896149,43.627506],[-88.896267,43.619296],[-88.871303,43.619066],[-88.87136,43.604422],[-88.82679,43.604077],[-88.826459,43.596786],[-88.819279,43.596649],[-88.815947,43.594787],[-88.811085,43.593721],[-88.806438,43.593777],[-88.806421,43.596845],[-88.784739,43.596377],[-88.775605,43.596523],[-88.775653,43.590639],[-88.777998,43.590231],[-88.780316,43.589003],[-88.780796,43.588006],[-88.780961,43.574681],[-88.793238,43.574755],[-88.796864,43.571245],[-88.806208,43.571284],[-88.805872,43.560334],[-88.775895,43.560235],[-88.775875,43.562604],[-88.774972,43.565403],[-88.773879,43.566799],[-88.76513,43.575263],[-88.763978,43.574882],[-88.704974,43.57557],[-88.704815,43.585908],[-88.704133,43.590497],[-88.694285,43.590394],[-88.687552,43.589998],[-88.685878,43.588786],[-88.683579,43.58977],[-88.681314,43.58981],[-88.683721,43.587584],[-88.686653,43.587337],[-88.687474,43.584907],[-88.687392,43.582379],[-88.685153,43.582284],[-88.684826,43.580584],[-88.682158,43.582226],[-88.685144,43.583525],[-88.687323,43.583675],[-88.686027,43.584738],[-88.684192,43.583905],[-88.681983,43.585941],[-88.682213,43.584223],[-88.681025,43.583982],[-88.680698,43.586375],[-88.679163,43.586359],[-88.679568,43.589498],[-88.674804,43.589955],[-88.674519,43.576156],[-88.677758,43.575378],[-88.680356,43.575419],[-88.680898,43.574402],[-88.677435,43.574938],[-88.676257,43.574238],[-88.675506,43.575175],[-88.65112,43.57494],[-88.649919,43.574588],[-88.647632,43.570873],[-88.644616,43.568551],[-88.644567,43.596874],[-88.644605,43.605281],[-88.645667,43.606056],[-88.6473,43.606813],[-88.655058,43.608341],[-88.667931,43.608587],[-88.671704,43.609013],[-88.677339,43.607786],[-88.678823,43.60856],[-88.680976,43.608589],[-88.683134,43.614554],[-88.681006,43.613554],[-88.677883,43.61589],[-88.677571,43.617607],[-88.679574,43.619201],[-88.683755,43.621695],[-88.683442,43.62424],[-88.686676,43.624789],[-88.683266,43.627819],[-88.67464,43.633179],[-88.60162,43.632658],[-88.601645,43.633608],[-88.592083,43.646842],[-88.596512,43.647146],[-88.601526,43.648553],[-88.602654,43.649432],[-88.603938,43.649189],[-88.608847,43.649713],[-88.611568,43.649182],[-88.615631,43.647304],[-88.626406,43.647447],[-88.626501,43.654412],[-88.63503,43.65494],[-88.635025,43.66943],[-88.644378,43.669662],[-88.644159,43.719957],[-88.657235,43.720085],[-88.666546,43.720127],[-88.66661,43.726497],[-88.674429,43.726516],[-88.675563,43.723237],[-88.675713,43.720198],[-88.694382,43.720222],[-88.69428,43.70549],[-88.690178,43.705492],[-88.689315,43.691048],[-88.704247,43.69094],[-88.704305,43.705483],[-88.722505,43.705417],[-88.728924,43.695445],[-88.729427,43.679387],[-88.732001,43.679368],[-88.74169,43.680402],[-88.745603,43.676389],[-88.746517,43.672956],[-88.750511,43.672964],[-88.74896,43.669389],[-88.775335,43.669312],[-88.775329,43.67469],[-88.79309,43.676436],[-88.81528,43.676589],[-88.815334,43.683862],[-88.845383,43.683855]]]]}},{"type":"Feature","properties":{"zcta5":"53946","AFFGEOID10":"8600000US53946","GEOID10":"53946","ALAND10":327892857,"AWATER10":33264872,"county_name":"Dodge","state_code":"WI","county_state":"Dodge County, WI","county_fips":"55027","risk_level_county":"Medium Risk (70–79% vaccinated)","mean_vaccination_rate_county":75.21,"risk_level_zcta":"Higher Risk (60–69% vaccinated)","mean_vaccination_rate_zips":66.69,"cases":36},"geometry":{"type":"Polygon","coordinates":[[[-89.12776,43.770245],[-89.132646,43.768854],[-89.135731,43.7687],[-89.142595,43.769457],[-89.143332,43.768268],[-89.14568,43.767841],[-89.148432,43.76612],[-89.148356,43.764147],[-89.155178,43.76328],[-89.154231,43.761822],[-89.150323,43.762171],[-89.149307,43.761339],[-89.143812,43.761288],[-89.141347,43.760203],[-89.138971,43.76023],[-89.138615,43.759543],[-89.141777,43.756659],[-89.145946,43.755937],[-89.147241,43.754621],[-89.148716,43.755187],[-89.150241,43.754493],[-89.154406,43.755652],[-89.157566,43.758249],[-89.157039,43.761683],[-89.157493,43.763571],[-89.160308,43.764784],[-89.164125,43.76418],[-89.167577,43.765522],[-89.172691,43.766489],[-89.175016,43.766497],[-89.178853,43.76491],[-89.181578,43.764554],[-89.184681,43.764801],[-89.190943,43.766083],[-89.194576,43.766192],[-89.199724,43.765631],[-89.208475,43.765521],[-89.215398,43.766314],[-89.222795,43.766326],[-89.22676,43.767735],[-89.229136,43.769452],[-89.234094,43.768518],[-89.239174,43.76787],[-89.244467,43.767788],[-89.245471,43.766416],[-89.245298,43.746378],[-89.264732,43.746444],[-89.266436,43.748252],[-89.270396,43.746122],[-89.271687,43.744173],[-89.271917,43.742122],[-89.273436,43.741735],[-89.273617,43.740383],[-89.271936,43.738131],[-89.27155,43.736385],[-89.269404,43.734453],[-89.26981,43.732806],[-89.271881,43.730575],[-89.252114,43.730906],[-89.251447,43.730029],[-89.250131,43.72938],[-89.245591,43.728587],[-89.245561,43.718328],[-89.244106,43.716967],[-89.242113,43.717918],[-89.241095,43.717113],[-89.238478,43.717146],[-89.240085,43.716349],[-89.237336,43.716298],[-89.237919,43.717699],[-89.237062,43.71698],[-89.23357,43.717371],[-89.230911,43.716116],[-89.22732,43.712402],[-89.225311,43.712924],[-89.221823,43.711694],[-89.223132,43.71069],[-89.221756,43.709445],[-89.22177,43.710908],[-89.220238,43.712246],[-89.215498,43.71231],[-89.21527,43.708975],[-89.215751,43.708038],[-89.212731,43.706328],[-89.209026,43.706174],[-89.207138,43.707074],[-89.204509,43.708519],[-89.206139,43.708622],[-89.205692,43.712959],[-89.202296,43.711033],[-89.200343,43.712047],[-89.201658,43.712634],[-89.200884,43.713655],[-89.196674,43.711418],[-89.196283,43.710548],[-89.193575,43.711056],[-89.19258,43.711938],[-89.190221,43.710827],[-89.186414,43.712226],[-89.185391,43.710862],[-89.183491,43.711268],[-89.18391,43.712736],[-89.182563,43.712747],[-89.183688,43.714476],[-89.182078,43.715796],[-89.166642,43.715818],[-89.164249,43.715583],[-89.161105,43.716106],[-89.160938,43.716753],[-89.157446,43.717016],[-89.15619,43.718337],[-89.154258,43.718254],[-89.153711,43.716039],[-89.150558,43.716015],[-89.153599,43.71609],[-89.154258,43.720375],[-89.152339,43.721185],[-89.150719,43.723168],[-89.151514,43.726384],[-89.150399,43.726662],[-89.145625,43.725583],[-89.14166,43.726023],[-89.137021,43.725073],[-89.136585,43.723261],[-89.126474,43.723352],[-89.126408,43.70052],[-89.12624,43.696576],[-89.127169,43.695831],[-89.124991,43.697102],[-89.121755,43.696931],[-89.120663,43.695787],[-89.120369,43.691669],[-89.119034,43.690753],[-89.116374,43.691371],[-89.116391,43.689958],[-89.125692,43.689965],[-89.12651,43.689121],[-89.126538,43.683584],[-89.136585,43.683455],[-89.136759,43.673968],[-89.136542,43.67328],[-89.126653,43.674344],[-89.121337,43.674696],[-89.12133,43.668485],[-89.11635,43.668014],[-89.116335,43.66105],[-89.086829,43.661059],[-89.086778,43.669409],[-89.08356,43.669457],[-89.080131,43.667889],[-89.077228,43.665217],[-89.076696,43.663511],[-89.074463,43.661546],[-89.074972,43.659514],[-89.072676,43.659157],[-89.067036,43.659749],[-89.066904,43.646903],[-89.046921,43.647326],[-89.046847,43.654588],[-89.039628,43.654682],[-89.037931,43.652926],[-89.037929,43.65146],[-89.036729,43.650576],[-89.032234,43.649903],[-89.031419,43.648889],[-89.029156,43.648932],[-89.028277,43.648166],[-89.027529,43.645455],[-89.023852,43.645326],[-89.022258,43.643998],[-89.016676,43.644051],[-89.016874,43.633024],[-89.006848,43.633045],[-88.981132,43.632939],[-88.981062,43.654984],[-88.95609,43.655082],[-88.956274,43.633106],[-88.926079,43.633311],[-88.926464,43.61921],[-88.896267,43.619296],[-88.896149,43.627506],[-88.910643,43.627475],[-88.910665,43.63339],[-88.886052,43.63354],[-88.885457,43.662694],[-88.845495,43.662066],[-88.845383,43.683855],[-88.84529,43.699161],[-88.850058,43.69917],[-88.850042,43.694914],[-88.855015,43.694861],[-88.855073,43.705686],[-88.870106,43.705876],[-88.870364,43.703148],[-88.874405,43.698573],[-88.875717,43.697992],[-88.87517,43.696078],[-88.875914,43.688309],[-88.875906,43.681107],[-88.885356,43.681075],[-88.885295,43.757124],[-88.905292,43.75705],[-88.905485,43.776465],[-88.909561,43.776476],[-88.909546,43.778895],[-88.925476,43.778775],[-88.92543,43.771527],[-88.95567,43.771526],[-88.956027,43.799755],[-88.963112,43.797372],[-88.9689,43.797418],[-88.96868,43.804294],[-88.976187,43.804235],[-88.976205,43.809031],[-88.974645,43.80964],[-88.971535,43.809648],[-88.970018,43.810869],[-88.970014,43.813308],[-88.969119,43.815726],[-88.956309,43.815488],[-88.956312,43.817372],[-88.958967,43.818207],[-88.96372,43.81839],[-88.968686,43.817891],[-88.971098,43.81705],[-88.971889,43.816097],[-88.972595,43.812093],[-88.973126,43.811197],[-88.975821,43.810033],[-88.979846,43.809901],[-88.986297,43.807633],[-88.989033,43.806054],[-88.992681,43.803303],[-88.994668,43.800598],[-88.998172,43.798049],[-89.006314,43.793605],[-89.008599,43.791349],[-89.010476,43.790877],[-89.014073,43.790823],[-89.01567,43.789453],[-89.020435,43.787848],[-89.026511,43.786459],[-89.028173,43.78515],[-89.030822,43.784445],[-89.034067,43.78482],[-89.037739,43.785689],[-89.040457,43.784114],[-89.041177,43.783251],[-89.037531,43.784531],[-89.042741,43.780917],[-89.048781,43.779176],[-89.054399,43.776948],[-89.056474,43.777086],[-89.059132,43.778535],[-89.06211,43.780875],[-89.065257,43.784382],[-89.067975,43.788884],[-89.077346,43.788666],[-89.077217,43.786374],[-89.075891,43.784147],[-89.069582,43.77766],[-89.08508,43.777927],[-89.093508,43.777848],[-89.076133,43.764369],[-89.116721,43.764016],[-89.127804,43.767748],[-89.12776,43.770245]],[[-89.146604,43.748709],[-89.14251,43.749911],[-89.134067,43.749647],[-89.134019,43.747028],[-89.130767,43.747034],[-89.130331,43.745384],[-89.136657,43.74438],[-89.14488,43.744358],[-89.144942,43.741779],[-89.146585,43.741659],[-89.146604,43.748709]]]}},{"type":"Feature","properties":{"zcta5":"53922","AFFGEOID10":"8600000US53922","GEOID10":"53922","ALAND10":118603010,"AWATER10":1919478,"county_name":"Dodge","state_code":"WI","county_state":"Dodge County, WI","county_fips":"55027","risk_level_county":"Medium Risk (70–79% vaccinated)","mean_vaccination_rate_county":75.21,"risk_level_zcta":"Higher Risk (60–69% vaccinated)","mean_vaccination_rate_zips":61.54,"cases":36},"geometry":{"type":"Polygon","coordinates":[[[-88.783496,43.545717],[-88.784931,43.543458],[-88.791698,43.531396],[-88.784947,43.531029],[-88.759345,43.531418],[-88.759131,43.516949],[-88.765499,43.516905],[-88.765383,43.502409],[-88.775283,43.502299],[-88.775123,43.488372],[-88.765212,43.489804],[-88.764528,43.466269],[-88.761843,43.4675],[-88.757083,43.471686],[-88.754626,43.473066],[-88.752626,43.473334],[-88.733802,43.473449],[-88.733887,43.458874],[-88.701481,43.458891],[-88.70369,43.464127],[-88.703749,43.473398],[-88.700494,43.473411],[-88.698072,43.458895],[-88.658903,43.458997],[-88.658834,43.461353],[-88.65609,43.461569],[-88.668515,43.472683],[-88.668439,43.479904],[-88.669135,43.480802],[-88.67286,43.481073],[-88.673457,43.481907],[-88.673446,43.491932],[-88.675211,43.492358],[-88.673362,43.496217],[-88.67051,43.496303],[-88.664292,43.49508],[-88.656882,43.494844],[-88.654183,43.495098],[-88.656507,43.498964],[-88.653715,43.500545],[-88.655439,43.503632],[-88.656772,43.504965],[-88.656059,43.502985],[-88.657416,43.503832],[-88.65743,43.509705],[-88.644257,43.509323],[-88.644523,43.524226],[-88.646336,43.526666],[-88.644477,43.525292],[-88.644774,43.540704],[-88.644674,43.541468],[-88.644616,43.568551],[-88.647632,43.570873],[-88.649919,43.574588],[-88.65112,43.57494],[-88.675506,43.575175],[-88.676257,43.574238],[-88.677435,43.574938],[-88.680898,43.574402],[-88.680356,43.575419],[-88.677758,43.575378],[-88.674519,43.576156],[-88.674804,43.589955],[-88.679568,43.589498],[-88.679163,43.586359],[-88.680698,43.586375],[-88.681025,43.583982],[-88.682213,43.584223],[-88.681983,43.585941],[-88.684192,43.583905],[-88.686027,43.584738],[-88.687323,43.583675],[-88.685144,43.583525],[-88.682158,43.582226],[-88.684826,43.580584],[-88.685153,43.582284],[-88.687392,43.582379],[-88.687474,43.584907],[-88.686653,43.587337],[-88.683721,43.587584],[-88.681314,43.58981],[-88.683579,43.58977],[-88.685878,43.588786],[-88.687552,43.589998],[-88.694285,43.590394],[-88.704133,43.590497],[-88.704815,43.585908],[-88.704974,43.57557],[-88.763978,43.574882],[-88.76513,43.575263],[-88.773879,43.566799],[-88.774972,43.565403],[-88.775875,43.562604],[-88.775895,43.560235],[-88.776094,43.558655],[-88.776398,43.556742],[-88.783496,43.545717]],[[-88.759131,43.516949],[-88.758246,43.516927],[-88.747833,43.516882],[-88.747644,43.509292],[-88.752308,43.509286],[-88.753865,43.507574],[-88.753731,43.502435],[-88.751789,43.502448],[-88.751625,43.494051],[-88.754747,43.49555],[-88.754591,43.49155],[-88.758661,43.490874],[-88.759114,43.516205],[-88.759131,43.516949]]]}},{"type":"Feature","properties":{"zcta5":"53932","AFFGEOID10":"8600000US53932","GEOID10":"53932","ALAND10":96084743,"AWATER10":1502070,"county_name":"Dodge","state_code":"WI","county_state":"Dodge County, WI","county_fips":"55027","risk_level_county":"Medium Risk (70–79% vaccinated)","mean_vaccination_rate_county":75.21,"risk_level_zcta":"Higher Risk (60–69% vaccinated)","mean_vaccination_rate_zips":63.5,"cases":36},"geometry":{"type":"Polygon","coordinates":[[[-89.126484,43.475026],[-89.125896,43.431337],[-89.120444,43.43143],[-89.120454,43.427839],[-89.104858,43.42786],[-89.104867,43.423684],[-89.105301,43.422845],[-89.107475,43.422574],[-89.109904,43.421379],[-89.10988,43.420675],[-89.115301,43.420664],[-89.115312,43.41701],[-89.116979,43.416985],[-89.1257,43.421208],[-89.124889,43.369665],[-89.104381,43.370001],[-89.104337,43.368598],[-89.096654,43.370199],[-89.05651,43.370713],[-89.054255,43.370811],[-89.050222,43.37091],[-89.048731,43.370809],[-89.047666,43.3723],[-89.044827,43.376687],[-89.044474,43.378215],[-89.037831,43.378331],[-89.03441,43.378389],[-89.032429,43.377827],[-89.029845,43.376191],[-89.029678,43.378628],[-89.024552,43.382115],[-89.015334,43.383869],[-89.013735,43.383288],[-89.009775,43.385828],[-89.015794,43.38601],[-89.024645,43.385793],[-89.024738,43.383952],[-89.029155,43.383987],[-89.029539,43.385574],[-89.029625,43.393035],[-89.023981,43.393095],[-89.020039,43.396813],[-89.031853,43.39663],[-89.025267,43.401731],[-89.024073,43.402944],[-89.020008,43.40582],[-89.015145,43.406969],[-89.005145,43.403568],[-89.000551,43.403155],[-88.999996,43.407058],[-88.999094,43.408655],[-88.994934,43.412174],[-88.994452,43.413696],[-88.994718,43.429693],[-88.985512,43.4296],[-88.982703,43.430248],[-88.976636,43.433765],[-88.973535,43.435113],[-88.974745,43.437159],[-88.977076,43.440071],[-88.976391,43.444591],[-88.984061,43.444625],[-88.984154,43.451417],[-88.989275,43.451449],[-88.991782,43.444167],[-89.005826,43.444346],[-89.006047,43.455297],[-89.010557,43.45528],[-89.01057,43.451941],[-89.015443,43.451924],[-89.015378,43.458608],[-89.036206,43.458147],[-89.036042,43.456299],[-89.041042,43.456302],[-89.040948,43.450148],[-89.041197,43.447348],[-89.045569,43.447247],[-89.045766,43.44647],[-89.051237,43.446561],[-89.052093,43.447475],[-89.050548,43.458029],[-89.06828,43.457758],[-89.070681,43.456642],[-89.070679,43.457724],[-89.075549,43.45764],[-89.075529,43.460178],[-89.08168,43.460183],[-89.081647,43.466754],[-89.076775,43.466763],[-89.076782,43.472182],[-89.083305,43.472104],[-89.083311,43.469454],[-89.086653,43.468007],[-89.08661,43.464647],[-89.093725,43.46335],[-89.093713,43.462588],[-89.096049,43.462525],[-89.095838,43.464937],[-89.091585,43.471293],[-89.091151,43.472733],[-89.091298,43.479193],[-89.116244,43.478727],[-89.116353,43.476438],[-89.119119,43.476233],[-89.121381,43.476312],[-89.126484,43.475026]]]}},{"type":"Feature","properties":{"zcta5":"53916","AFFGEOID10":"8600000US53916","GEOID10":"53916","ALAND10":260086869,"AWATER10":24676628,"county_name":"Dodge","state_code":"WI","county_state":"Dodge County, WI","county_fips":"55027","risk_level_county":"Medium Risk (70–79% vaccinated)","mean_vaccination_rate_county":75.21,"risk_level_zcta":"Medium Risk (70–79% vaccinated)","mean_vaccination_rate_zips":72.8,"cases":36},"geometry":{"type":"MultiPolygon","coordinates":[[[[-88.759131,43.516949],[-88.759114,43.516205],[-88.758661,43.490874],[-88.754591,43.49155],[-88.754747,43.49555],[-88.751625,43.494051],[-88.751789,43.502448],[-88.753731,43.502435],[-88.753865,43.507574],[-88.752308,43.509286],[-88.747644,43.509292],[-88.747833,43.516882],[-88.758246,43.516927],[-88.759131,43.516949]]],[[[-88.976391,43.444591],[-88.977076,43.440071],[-88.974745,43.437159],[-88.973535,43.435113],[-88.970113,43.436599],[-88.955197,43.444],[-88.955151,43.439723],[-88.949784,43.436309],[-88.949709,43.429805],[-88.944672,43.42977],[-88.944646,43.42337],[-88.94994,43.420704],[-88.954713,43.41696],[-88.954912,43.407941],[-88.956287,43.406935],[-88.956477,43.404744],[-88.949726,43.404842],[-88.949453,43.412383],[-88.945796,43.412983],[-88.944524,43.414154],[-88.944461,43.409365],[-88.941288,43.408011],[-88.940391,43.405251],[-88.937063,43.401133],[-88.934335,43.400281],[-88.933623,43.397753],[-88.929561,43.394928],[-88.92902,43.394076],[-88.929172,43.386933],[-88.928586,43.386407],[-88.924073,43.386404],[-88.924037,43.383254],[-88.91381,43.382934],[-88.913939,43.371934],[-88.921397,43.371927],[-88.921184,43.357782],[-88.906498,43.3578],[-88.891093,43.357888],[-88.891258,43.328749],[-88.88288,43.328823],[-88.882732,43.357835],[-88.874402,43.357905],[-88.852495,43.357465],[-88.852108,43.360966],[-88.851478,43.362378],[-88.853453,43.363307],[-88.852834,43.365152],[-88.853544,43.366651],[-88.856118,43.368928],[-88.857418,43.372202],[-88.855045,43.373152],[-88.85317,43.373319],[-88.85271,43.371824],[-88.838328,43.3718],[-88.839569,43.370097],[-88.835491,43.370147],[-88.835557,43.367915],[-88.830347,43.36787],[-88.824335,43.363558],[-88.819238,43.360754],[-88.819297,43.359144],[-88.821199,43.357982],[-88.820531,43.357878],[-88.812864,43.357887],[-88.813039,43.364122],[-88.809854,43.367033],[-88.805306,43.37794],[-88.807252,43.37946],[-88.803691,43.383815],[-88.803514,43.386067],[-88.78858,43.386235],[-88.788411,43.387337],[-88.788536,43.400734],[-88.783575,43.400771],[-88.784095,43.41527],[-88.779126,43.415477],[-88.774104,43.415215],[-88.763851,43.415166],[-88.764433,43.444231],[-88.761262,43.444316],[-88.759949,43.44365],[-88.754884,43.44383],[-88.751616,43.444608],[-88.7522,43.449407],[-88.753621,43.451439],[-88.761025,43.458831],[-88.733887,43.458874],[-88.733802,43.473449],[-88.752626,43.473334],[-88.754626,43.473066],[-88.757083,43.471686],[-88.761843,43.4675],[-88.764528,43.466269],[-88.765212,43.489804],[-88.775123,43.488372],[-88.775283,43.502299],[-88.765383,43.502409],[-88.765499,43.516905],[-88.759131,43.516949],[-88.759345,43.531418],[-88.784947,43.531029],[-88.791698,43.531396],[-88.784931,43.543458],[-88.783496,43.545717],[-88.820405,43.545762],[-88.821221,43.545323],[-88.825244,43.546216],[-88.826066,43.54577],[-88.85311,43.545789],[-88.861762,43.550819],[-88.861748,43.545928],[-88.865795,43.545847],[-88.865233,43.53189],[-88.886222,43.531433],[-88.886061,43.522179],[-88.889594,43.524309],[-88.891178,43.524114],[-88.890344,43.517998],[-88.887702,43.515782],[-88.888169,43.517374],[-88.885981,43.517801],[-88.885803,43.509148],[-88.906742,43.518983],[-88.922874,43.525921],[-88.925769,43.532265],[-88.926105,43.536298],[-88.927738,43.536603],[-88.93374,43.536684],[-88.939895,43.534276],[-88.938428,43.535174],[-88.939426,43.537067],[-88.939265,43.535692],[-88.942119,43.533535],[-88.942396,43.531875],[-88.943763,43.53026],[-88.948013,43.528976],[-88.952193,43.526106],[-88.953372,43.52439],[-88.956833,43.523072],[-88.962303,43.520159],[-88.961909,43.518841],[-88.959044,43.518497],[-88.958709,43.515605],[-88.959903,43.513706],[-88.958723,43.512237],[-88.965125,43.514255],[-88.965209,43.477712],[-88.967607,43.477699],[-88.967628,43.480481],[-88.975189,43.480444],[-88.975183,43.473175],[-88.965132,43.473184],[-88.965301,43.458739],[-88.955269,43.458799],[-88.95542,43.452241],[-88.965542,43.452169],[-88.965524,43.449413],[-88.968636,43.447528],[-88.972092,43.446731],[-88.974527,43.447141],[-88.976391,43.444591]]]]}},{"type":"Feature","properties":{"zcta5":"53933","AFFGEOID10":"8600000US53933","GEOID10":"53933","ALAND10":96574465,"AWATER10":16343295,"county_name":"Dodge","state_code":"WI","county_state":"Dodge County, WI","county_fips":"55027","risk_level_county":"Medium Risk (70–79% vaccinated)","mean_vaccination_rate_county":75.21,"risk_level_zcta":"Higher Risk (60–69% vaccinated)","mean_vaccination_rate_zips":67.62,"cases":36},"geometry":{"type":"Polygon","coordinates":[[[-88.926464,43.61921],[-88.931504,43.619212],[-88.931712,43.604779],[-88.962098,43.604605],[-88.96209,43.608304],[-88.966825,43.60816],[-88.966898,43.604617],[-88.971772,43.604709],[-88.971729,43.601862],[-88.977006,43.601762],[-88.977,43.601018],[-88.980515,43.600809],[-88.980893,43.603335],[-88.987101,43.601929],[-88.986671,43.591638],[-88.986969,43.590348],[-88.985405,43.590309],[-88.986926,43.588845],[-88.983401,43.589522],[-88.982866,43.591552],[-88.978767,43.590337],[-88.973636,43.588255],[-88.967422,43.590371],[-88.965986,43.59047],[-88.965866,43.573361],[-88.963609,43.572809],[-88.955171,43.572873],[-88.950541,43.566661],[-88.948254,43.563027],[-88.954522,43.561534],[-88.954365,43.540759],[-88.944133,43.540832],[-88.942881,43.537566],[-88.939426,43.537067],[-88.938428,43.535174],[-88.939895,43.534276],[-88.93374,43.536684],[-88.927738,43.536603],[-88.926105,43.536298],[-88.925769,43.532265],[-88.922874,43.525921],[-88.906742,43.518983],[-88.885803,43.509148],[-88.885981,43.517801],[-88.888169,43.517374],[-88.887702,43.515782],[-88.890344,43.517998],[-88.891178,43.524114],[-88.889594,43.524309],[-88.886061,43.522179],[-88.886222,43.531433],[-88.865233,43.53189],[-88.865795,43.545847],[-88.861748,43.545928],[-88.861762,43.550819],[-88.85311,43.545789],[-88.826066,43.54577],[-88.825244,43.546216],[-88.821221,43.545323],[-88.820405,43.545762],[-88.783496,43.545717],[-88.776398,43.556742],[-88.776094,43.558655],[-88.775895,43.560235],[-88.805872,43.560334],[-88.806208,43.571284],[-88.796864,43.571245],[-88.793238,43.574755],[-88.780961,43.574681],[-88.780796,43.588006],[-88.780316,43.589003],[-88.777998,43.590231],[-88.775653,43.590639],[-88.775605,43.596523],[-88.784739,43.596377],[-88.806421,43.596845],[-88.806438,43.593777],[-88.811085,43.593721],[-88.815947,43.594787],[-88.819279,43.596649],[-88.826459,43.596786],[-88.82679,43.604077],[-88.87136,43.604422],[-88.871303,43.619066],[-88.896267,43.619296],[-88.926464,43.61921]]]}},{"type":"Feature","properties":{"zcta5":"53039","AFFGEOID10":"8600000US53039","GEOID10":"53039","ALAND10":183536181,"AWATER10":1663463,"county_name":"Dodge","state_code":"WI","county_state":"Dodge County, WI","county_fips":"55027","risk_level_county":"Medium Risk (70–79% vaccinated)","mean_vaccination_rate_county":75.21,"risk_level_zcta":"Higher Risk (60–69% vaccinated)","mean_vaccination_rate_zips":61.27,"cases":36},"geometry":{"type":"Polygon","coordinates":[[[-88.733887,43.458874],[-88.761025,43.458831],[-88.753621,43.451439],[-88.7522,43.449407],[-88.751616,43.444608],[-88.754884,43.44383],[-88.759949,43.44365],[-88.761262,43.444316],[-88.764433,43.444231],[-88.763851,43.415166],[-88.774104,43.415215],[-88.779126,43.415477],[-88.784095,43.41527],[-88.783575,43.400771],[-88.788536,43.400734],[-88.788411,43.387337],[-88.78858,43.386235],[-88.803514,43.386067],[-88.803691,43.383815],[-88.807252,43.37946],[-88.805306,43.37794],[-88.809854,43.367033],[-88.813039,43.364122],[-88.812864,43.357887],[-88.794347,43.357693],[-88.792851,43.361337],[-88.792475,43.36492],[-88.79109,43.364935],[-88.790462,43.361383],[-88.790676,43.359081],[-88.788377,43.356119],[-88.78713,43.357161],[-88.787868,43.358052],[-88.786781,43.359131],[-88.785489,43.357897],[-88.779966,43.358268],[-88.779704,43.357588],[-88.775374,43.358123],[-88.773427,43.357565],[-88.773197,43.357141],[-88.773681,43.321874],[-88.773324,43.318317],[-88.773813,43.314049],[-88.764653,43.31396],[-88.764764,43.307058],[-88.761514,43.30718],[-88.761816,43.2995],[-88.762858,43.295998],[-88.763484,43.292041],[-88.763059,43.289531],[-88.762187,43.288658],[-88.762047,43.285045],[-88.723861,43.284893],[-88.720409,43.306698],[-88.720355,43.309064],[-88.721042,43.310342],[-88.725381,43.310405],[-88.725296,43.314014],[-88.723531,43.314014],[-88.723497,43.315823],[-88.721347,43.315829],[-88.720012,43.313984],[-88.704842,43.313844],[-88.669139,43.313643],[-88.669586,43.310116],[-88.675535,43.310058],[-88.675541,43.306568],[-88.683574,43.306543],[-88.683529,43.294753],[-88.675726,43.294763],[-88.675632,43.291546],[-88.655771,43.291584],[-88.655551,43.29903],[-88.647061,43.298852],[-88.646506,43.300578],[-88.643314,43.303298],[-88.637273,43.313368],[-88.631171,43.323748],[-88.627586,43.327004],[-88.626619,43.328777],[-88.62634,43.333173],[-88.623635,43.337076],[-88.622688,43.342331],[-88.641438,43.342614],[-88.641291,43.350417],[-88.643145,43.357126],[-88.639918,43.356365],[-88.638947,43.356666],[-88.636558,43.355482],[-88.635467,43.356144],[-88.629104,43.35567],[-88.627222,43.358827],[-88.627125,43.362897],[-88.628239,43.363367],[-88.626958,43.365745],[-88.625604,43.369711],[-88.624252,43.378274],[-88.622169,43.37848],[-88.6217,43.376025],[-88.620755,43.375519],[-88.6194,43.377033],[-88.617846,43.380744],[-88.619077,43.381973],[-88.621314,43.378673],[-88.623158,43.379156],[-88.625366,43.378168],[-88.626838,43.383332],[-88.629216,43.381267],[-88.632393,43.382174],[-88.636681,43.382633],[-88.634607,43.386286],[-88.633967,43.3887],[-88.63397,43.391762],[-88.63703,43.395291],[-88.639994,43.397454],[-88.643758,43.398962],[-88.647382,43.398966],[-88.648444,43.400188],[-88.650959,43.400593],[-88.654056,43.400149],[-88.655321,43.404084],[-88.655709,43.422406],[-88.674539,43.42269],[-88.673942,43.424285],[-88.674177,43.432578],[-88.684738,43.432551],[-88.684747,43.429964],[-88.694813,43.429743],[-88.694511,43.435093],[-88.695613,43.441884],[-88.696549,43.444884],[-88.695626,43.444868],[-88.696874,43.452283],[-88.698047,43.452199],[-88.700431,43.455264],[-88.701481,43.458891],[-88.733887,43.458874]]]}},{"type":"Feature","properties":{"zcta5":"53078","AFFGEOID10":"8600000US53078","GEOID10":"53078","ALAND10":87389642,"AWATER10":628333,"county_name":"Dodge","state_code":"WI","county_state":"Dodge County, WI","county_fips":"55027","risk_level_county":"Medium Risk (70–79% vaccinated)","mean_vaccination_rate_county":75.21,"risk_level_zcta":"Higher Risk (60–69% vaccinated)","mean_vaccination_rate_zips":62.14,"cases":36},"geometry":{"type":"Polygon","coordinates":[[[-88.513579,43.34079],[-88.515124,43.333583],[-88.518362,43.334295],[-88.518686,43.332517],[-88.518173,43.326381],[-88.514887,43.326298],[-88.51498,43.323684],[-88.499666,43.323406],[-88.498649,43.311429],[-88.497879,43.308882],[-88.495836,43.308283],[-88.495337,43.305961],[-88.493682,43.304799],[-88.490184,43.303578],[-88.489718,43.302326],[-88.48425,43.302494],[-88.483056,43.301764],[-88.4787,43.29837],[-88.477458,43.298308],[-88.475836,43.295127],[-88.473401,43.295838],[-88.470765,43.294853],[-88.470737,43.294041],[-88.467437,43.293885],[-88.467445,43.292367],[-88.466113,43.293372],[-88.462666,43.294478],[-88.459008,43.293048],[-88.4591,43.283904],[-88.463849,43.285019],[-88.463832,43.282325],[-88.460586,43.282336],[-88.460836,43.268151],[-88.463703,43.268197],[-88.464601,43.263129],[-88.463475,43.253635],[-88.468891,43.253672],[-88.468852,43.246575],[-88.472971,43.246557],[-88.472974,43.249867],[-88.4781,43.249853],[-88.478088,43.251068],[-88.480368,43.251548],[-88.483361,43.251206],[-88.488365,43.251465],[-88.488038,43.25048],[-88.478352,43.246475],[-88.470736,43.241476],[-88.470047,43.239247],[-88.45878,43.23914],[-88.458277,43.237618],[-88.458335,43.22463],[-88.438697,43.224408],[-88.437239,43.223804],[-88.435189,43.22437],[-88.431295,43.224257],[-88.429137,43.225011],[-88.428355,43.22618],[-88.428592,43.238754],[-88.433767,43.238893],[-88.433883,43.242577],[-88.438571,43.245617],[-88.438195,43.250304],[-88.440829,43.250817],[-88.441807,43.25025],[-88.443706,43.250957],[-88.443653,43.253485],[-88.428954,43.253197],[-88.428465,43.251737],[-88.425664,43.253168],[-88.418656,43.252925],[-88.419183,43.284278],[-88.421367,43.284258],[-88.422698,43.285964],[-88.427048,43.287397],[-88.430397,43.290221],[-88.431816,43.29044],[-88.429392,43.291089],[-88.42862,43.293316],[-88.427349,43.294879],[-88.425243,43.295212],[-88.423935,43.296475],[-88.419064,43.296425],[-88.41877,43.34703],[-88.428693,43.347036],[-88.428658,43.354224],[-88.433534,43.354478],[-88.435367,43.357091],[-88.437536,43.357577],[-88.437238,43.358788],[-88.435495,43.358868],[-88.435751,43.359851],[-88.434064,43.360716],[-88.434504,43.361508],[-88.43263,43.36213],[-88.43254,43.363069],[-88.436118,43.3663],[-88.435522,43.367404],[-88.436479,43.369294],[-88.435933,43.370396],[-88.459575,43.370561],[-88.460614,43.371904],[-88.461192,43.374045],[-88.460685,43.383992],[-88.459161,43.384953],[-88.450759,43.384848],[-88.452105,43.387289],[-88.455687,43.389242],[-88.45755,43.391391],[-88.460432,43.391737],[-88.460225,43.399419],[-88.480263,43.399513],[-88.500198,43.399465],[-88.500231,43.385044],[-88.501241,43.370617],[-88.498212,43.370623],[-88.498074,43.355043],[-88.502872,43.355115],[-88.495863,43.350572],[-88.492593,43.347722],[-88.514393,43.347956],[-88.51353,43.344184],[-88.513579,43.34079]]]}},{"type":"Feature","properties":{"zcta5":"53098","AFFGEOID10":"8600000US53098","GEOID10":"53098","ALAND10":267557529,"AWATER10":2547719,"county_name":"Dodge","state_code":"WI","county_state":"Dodge County, WI","county_fips":"55027","risk_level_county":"Medium Risk (70–79% vaccinated)","mean_vaccination_rate_county":75.21,"risk_level_zcta":"Higher Risk (60–69% vaccinated)","mean_vaccination_rate_zips":65.68,"cases":36},"geometry":{"type":"Polygon","coordinates":[[[-88.873121,43.225971],[-88.872184,43.223408],[-88.872753,43.22053],[-88.879207,43.217291],[-88.880109,43.214548],[-88.879914,43.2133],[-88.878341,43.21028],[-88.87566,43.20939],[-88.871057,43.20845],[-88.869857,43.206219],[-88.86994,43.204641],[-88.871636,43.202132],[-88.873803,43.197986],[-88.872582,43.198152],[-88.760983,43.197714],[-88.758769,43.197717],[-88.742203,43.197686],[-88.735563,43.197838],[-88.694344,43.197174],[-88.693453,43.197167],[-88.654065,43.197232],[-88.652221,43.197094],[-88.585466,43.196867],[-88.585457,43.20044],[-88.565789,43.200382],[-88.565905,43.207805],[-88.561474,43.209998],[-88.561021,43.211249],[-88.564635,43.212441],[-88.565837,43.213617],[-88.566035,43.225738],[-88.561089,43.225637],[-88.561166,43.233598],[-88.576043,43.240161],[-88.576407,43.243887],[-88.570353,43.243842],[-88.566399,43.244614],[-88.566739,43.240676],[-88.565534,43.240697],[-88.564665,43.244627],[-88.560707,43.246312],[-88.560232,43.24911],[-88.564006,43.250427],[-88.565003,43.251468],[-88.567284,43.249055],[-88.567499,43.246026],[-88.569271,43.245062],[-88.571771,43.246466],[-88.572093,43.252577],[-88.571156,43.253576],[-88.573662,43.257588],[-88.573646,43.259664],[-88.574538,43.261899],[-88.573606,43.263594],[-88.577477,43.269356],[-88.579465,43.271591],[-88.578641,43.272675],[-88.57547,43.272669],[-88.573422,43.271579],[-88.574945,43.270209],[-88.5719,43.270224],[-88.571341,43.272086],[-88.573491,43.274146],[-88.575261,43.276875],[-88.575132,43.277714],[-88.571095,43.280151],[-88.571352,43.2812],[-88.570443,43.284292],[-88.567351,43.284161],[-88.566609,43.286953],[-88.568098,43.288332],[-88.571732,43.288514],[-88.57567,43.288156],[-88.576583,43.289879],[-88.577995,43.295495],[-88.578059,43.297307],[-88.584632,43.297182],[-88.589197,43.298362],[-88.611902,43.298779],[-88.608533,43.30257],[-88.60725,43.30454],[-88.606871,43.309732],[-88.621941,43.309737],[-88.621862,43.313313],[-88.637273,43.313368],[-88.643314,43.303298],[-88.646506,43.300578],[-88.647061,43.298852],[-88.655551,43.29903],[-88.655771,43.291584],[-88.675632,43.291546],[-88.675726,43.294763],[-88.683529,43.294753],[-88.683574,43.306543],[-88.675541,43.306568],[-88.675535,43.310058],[-88.669586,43.310116],[-88.669139,43.313643],[-88.704842,43.313844],[-88.705095,43.31144],[-88.704649,43.30658],[-88.720409,43.306698],[-88.723861,43.284893],[-88.762047,43.285045],[-88.762187,43.288658],[-88.763059,43.289531],[-88.763484,43.292041],[-88.762858,43.295998],[-88.761816,43.2995],[-88.761514,43.30718],[-88.764764,43.307058],[-88.764653,43.31396],[-88.773813,43.314049],[-88.773324,43.318317],[-88.773681,43.321874],[-88.7753,43.321538],[-88.775513,43.320243],[-88.778621,43.318349],[-88.781208,43.318244],[-88.783018,43.314091],[-88.783575,43.328626],[-88.821002,43.328967],[-88.821478,43.328297],[-88.82483,43.327913],[-88.825264,43.325458],[-88.824726,43.323011],[-88.826733,43.315179],[-88.823926,43.314206],[-88.823669,43.313477],[-88.825323,43.310825],[-88.824204,43.310006],[-88.821372,43.309617],[-88.822964,43.307082],[-88.824417,43.307155],[-88.826681,43.308721],[-88.827963,43.308003],[-88.82544,43.30667],[-88.824016,43.304114],[-88.825482,43.303603],[-88.824499,43.301992],[-88.820744,43.301171],[-88.818471,43.305864],[-88.816143,43.305889],[-88.812505,43.308683],[-88.814436,43.310582],[-88.81324,43.311471],[-88.812292,43.311282],[-88.812135,43.309276],[-88.807411,43.306438],[-88.808806,43.304587],[-88.808365,43.303067],[-88.805215,43.301804],[-88.806354,43.298469],[-88.809887,43.298868],[-88.809557,43.29759],[-88.806999,43.295888],[-88.810254,43.293445],[-88.810823,43.29144],[-88.812685,43.28993],[-88.80838,43.287759],[-88.810351,43.286933],[-88.81044,43.285566],[-88.813197,43.285632],[-88.816261,43.286984],[-88.818108,43.286715],[-88.818463,43.287651],[-88.82153,43.287267],[-88.822725,43.284891],[-88.824325,43.284587],[-88.825448,43.282808],[-88.828182,43.281875],[-88.829809,43.280277],[-88.831175,43.280206],[-88.831499,43.277923],[-88.833942,43.276269],[-88.834143,43.272918],[-88.836128,43.268401],[-88.83618,43.265984],[-88.834979,43.262533],[-88.837639,43.258097],[-88.839879,43.255582],[-88.842118,43.254425],[-88.842907,43.251918],[-88.844308,43.251677],[-88.847174,43.246735],[-88.850071,43.24496],[-88.850269,43.243599],[-88.851785,43.243608],[-88.85377,43.241833],[-88.86103,43.239103],[-88.863187,43.23913],[-88.865627,43.237787],[-88.870138,43.236327],[-88.873814,43.236112],[-88.875602,43.234473],[-88.876504,43.23102],[-88.873763,43.228634],[-88.873121,43.225971]],[[-88.636033,43.260301],[-88.621886,43.257006],[-88.622152,43.255407],[-88.63593,43.255321],[-88.636033,43.260301]]]}},{"type":"Feature","properties":{"zcta5":"53006","AFFGEOID10":"8600000US53006","GEOID10":"53006","ALAND10":106388178,"AWATER10":532339,"county_name":"Dodge","state_code":"WI","county_state":"Dodge County, WI","county_fips":"55027","risk_level_county":"Medium Risk (70–79% vaccinated)","mean_vaccination_rate_county":75.21,"risk_level_zcta":"Higher Risk (60–69% vaccinated)","mean_vaccination_rate_zips":66.85,"cases":36},"geometry":{"type":"Polygon","coordinates":[[[-88.60162,43.632658],[-88.67464,43.633179],[-88.683266,43.627819],[-88.686676,43.624789],[-88.683442,43.62424],[-88.683755,43.621695],[-88.679574,43.619201],[-88.677571,43.617607],[-88.677883,43.61589],[-88.681006,43.613554],[-88.683134,43.614554],[-88.680976,43.608589],[-88.678823,43.60856],[-88.677339,43.607786],[-88.671704,43.609013],[-88.667931,43.608587],[-88.655058,43.608341],[-88.6473,43.606813],[-88.645667,43.606056],[-88.644605,43.605281],[-88.644567,43.596874],[-88.643954,43.596979],[-88.581309,43.595931],[-88.580967,43.57416],[-88.561145,43.573656],[-88.561347,43.588116],[-88.550672,43.587771],[-88.550755,43.594143],[-88.541385,43.594172],[-88.541262,43.587705],[-88.531366,43.587513],[-88.531201,43.573053],[-88.521315,43.572886],[-88.521573,43.587362],[-88.479797,43.587428],[-88.479702,43.592483],[-88.477818,43.592038],[-88.476484,43.59026],[-88.472232,43.590289],[-88.473509,43.588735],[-88.471916,43.587508],[-88.455032,43.587208],[-88.455186,43.594414],[-88.451088,43.594408],[-88.451436,43.595918],[-88.455426,43.595916],[-88.455484,43.597073],[-88.450236,43.597162],[-88.450268,43.601595],[-88.44895,43.604955],[-88.450311,43.604963],[-88.450666,43.626192],[-88.451028,43.63045],[-88.448088,43.630455],[-88.448123,43.627862],[-88.446269,43.623556],[-88.441492,43.623522],[-88.442162,43.628465],[-88.442955,43.631402],[-88.440913,43.631384],[-88.441496,43.660517],[-88.451309,43.660619],[-88.45143,43.675182],[-88.479325,43.675485],[-88.479788,43.673639],[-88.479716,43.669223],[-88.48156,43.666186],[-88.481534,43.66247],[-88.4833,43.662678],[-88.483833,43.664204],[-88.48506,43.663693],[-88.486813,43.665396],[-88.486582,43.666102],[-88.514111,43.661657],[-88.514252,43.664809],[-88.515052,43.665499],[-88.516843,43.661504],[-88.52225,43.661704],[-88.521949,43.639179],[-88.541924,43.639336],[-88.541703,43.632051],[-88.541593,43.623818],[-88.601107,43.625536],[-88.601396,43.625603],[-88.601694,43.626283],[-88.60162,43.632658]]]}},{"type":"Feature","properties":{"zcta5":"53010","AFFGEOID10":"8600000US53010","GEOID10":"53010","ALAND10":266604867,"AWATER10":6570412,"county_name":"Dodge","state_code":"WI","county_state":"Dodge County, WI","county_fips":"55027","risk_level_county":"Medium Risk (70–79% vaccinated)","mean_vaccination_rate_county":75.21,"risk_level_zcta":"Higher Risk (60–69% vaccinated)","mean_vaccination_rate_zips":68.77,"cases":36},"geometry":{"type":"MultiPolygon","coordinates":[[[[-88.380569,43.660233],[-88.380465,43.652931],[-88.401275,43.652828],[-88.401185,43.64604],[-88.39082,43.64603],[-88.390802,43.636385],[-88.3859,43.636362],[-88.386015,43.635541],[-88.380292,43.635544],[-88.380269,43.631096],[-88.401041,43.630933],[-88.400492,43.565367],[-88.398809,43.565334],[-88.398776,43.566627],[-88.395259,43.568727],[-88.391937,43.568213],[-88.391929,43.565288],[-88.38085,43.565213],[-88.380863,43.561827],[-88.389209,43.561833],[-88.389153,43.557971],[-88.386494,43.557956],[-88.386454,43.554179],[-88.394688,43.554158],[-88.394726,43.552245],[-88.390861,43.552266],[-88.391047,43.543456],[-88.371105,43.543341],[-88.372105,43.515099],[-88.362063,43.51505],[-88.362117,43.507773],[-88.34208,43.50757],[-88.341249,43.50903],[-88.342045,43.51233],[-88.341762,43.514841],[-88.321588,43.514478],[-88.32124,43.52907],[-88.301151,43.529024],[-88.301008,43.543016],[-88.290883,43.542908],[-88.290874,43.550184],[-88.281273,43.550074],[-88.278668,43.551447],[-88.276637,43.550652],[-88.273561,43.551999],[-88.269845,43.552948],[-88.266535,43.551607],[-88.267049,43.549636],[-88.266448,43.548538],[-88.263798,43.549302],[-88.262867,43.548665],[-88.260292,43.548941],[-88.260702,43.547608],[-88.258568,43.547948],[-88.257254,43.547194],[-88.253194,43.547704],[-88.251386,43.544854],[-88.248658,43.546741],[-88.246031,43.54471],[-88.249755,43.550126],[-88.240698,43.550192],[-88.240605,43.557481],[-88.236162,43.557486],[-88.237335,43.556699],[-88.238008,43.553484],[-88.236882,43.550927],[-88.23432,43.549076],[-88.23144,43.549884],[-88.229361,43.547989],[-88.228266,43.547945],[-88.225283,43.550179],[-88.220582,43.552036],[-88.220525,43.557579],[-88.21366,43.557556],[-88.214012,43.556151],[-88.213029,43.555013],[-88.214075,43.550518],[-88.200564,43.550316],[-88.20038,43.557583],[-88.190003,43.557566],[-88.189366,43.556019],[-88.186138,43.557119],[-88.186486,43.559205],[-88.185341,43.560841],[-88.186073,43.562915],[-88.184576,43.565026],[-88.183118,43.564739],[-88.1807,43.566444],[-88.180187,43.567578],[-88.18008,43.573298],[-88.17854,43.57519],[-88.173262,43.579058],[-88.169072,43.580647],[-88.16381,43.58116],[-88.160795,43.583193],[-88.160419,43.584088],[-88.160379,43.586708],[-88.160035,43.617277],[-88.160219,43.656151],[-88.160396,43.656913],[-88.160211,43.657784],[-88.160265,43.664997],[-88.163192,43.665021],[-88.168648,43.663952],[-88.169819,43.662624],[-88.167943,43.671299],[-88.168061,43.674601],[-88.166488,43.676815],[-88.166005,43.679437],[-88.166334,43.681974],[-88.164801,43.683158],[-88.163869,43.685976],[-88.164018,43.688446],[-88.163282,43.688626],[-88.162804,43.689174],[-88.162146,43.689503],[-88.161588,43.69005],[-88.160701,43.69],[-88.160702,43.690117],[-88.161655,43.690246],[-88.163443,43.688664],[-88.165687,43.68928],[-88.170364,43.688714],[-88.171029,43.687419],[-88.170535,43.689533],[-88.169406,43.690276],[-88.168576,43.69348],[-88.172261,43.693264],[-88.172646,43.69388],[-88.175823,43.694293],[-88.177285,43.69595],[-88.190276,43.695959],[-88.190867,43.710434],[-88.193189,43.710076],[-88.195652,43.710486],[-88.195783,43.717514],[-88.212445,43.717895],[-88.220252,43.717936],[-88.2314,43.717902],[-88.231118,43.717295],[-88.231198,43.699496],[-88.23758,43.698284],[-88.240927,43.696539],[-88.240704,43.677643],[-88.238746,43.674031],[-88.239356,43.671341],[-88.240244,43.670507],[-88.244778,43.669996],[-88.24359,43.668768],[-88.245924,43.666721],[-88.243376,43.666776],[-88.242275,43.665837],[-88.242861,43.661916],[-88.244002,43.660797],[-88.245389,43.661161],[-88.244782,43.65881],[-88.247485,43.657856],[-88.24701,43.656349],[-88.249358,43.654281],[-88.24856,43.652448],[-88.249017,43.652138],[-88.260207,43.652088],[-88.260281,43.655777],[-88.280169,43.655728],[-88.280177,43.65815],[-88.285936,43.661216],[-88.30236,43.661518],[-88.306451,43.659543],[-88.311778,43.643883],[-88.313558,43.646847],[-88.315544,43.649219],[-88.318044,43.649524],[-88.321454,43.651138],[-88.321852,43.651401],[-88.326166,43.659907],[-88.380569,43.660233]],[[-88.32124,43.52907],[-88.351643,43.529529],[-88.351413,43.543321],[-88.321036,43.543142],[-88.321113,43.542687],[-88.32124,43.52907]]],[[[-88.401041,43.630933],[-88.401116,43.63826],[-88.405429,43.638199],[-88.407953,43.636963],[-88.40778,43.635681],[-88.412023,43.634154],[-88.413627,43.632332],[-88.413263,43.631085],[-88.401041,43.630933]]]]}},{"type":"Feature","properties":{"zcta5":"53594","AFFGEOID10":"8600000US53594","GEOID10":"53594","ALAND10":183089120,"AWATER10":1519141,"county_name":"Dodge","state_code":"WI","county_state":"Dodge County, WI","county_fips":"55027","risk_level_county":"Medium Risk (70–79% vaccinated)","mean_vaccination_rate_county":75.21,"risk_level_zcta":"Higher Risk (60–69% vaccinated)","mean_vaccination_rate_zips":65.42,"cases":36},"geometry":{"type":"Polygon","coordinates":[[[-89.058171,43.239574],[-89.058215,43.22501],[-89.048327,43.225397],[-89.048615,43.198518],[-89.048517,43.196364],[-89.03889,43.196703],[-89.039276,43.182949],[-89.029173,43.18303],[-89.027483,43.181727],[-89.026438,43.182197],[-89.025446,43.18093],[-89.026277,43.17831],[-89.027787,43.176164],[-89.02537,43.176222],[-89.024009,43.175406],[-89.026857,43.173766],[-89.027452,43.172772],[-89.027126,43.170583],[-89.025681,43.170866],[-89.022879,43.172604],[-89.02044,43.169679],[-89.018106,43.170157],[-89.016221,43.17224],[-89.013547,43.173606],[-89.01185,43.175774],[-89.011588,43.177874],[-89.009283,43.180162],[-89.009648,43.168722],[-89.010448,43.168189],[-89.010095,43.157784],[-89.011382,43.125186],[-89.002527,43.125321],[-89.002606,43.117079],[-89.006855,43.113358],[-89.008299,43.110707],[-89.01207,43.11065],[-89.01127,43.064357],[-89.011368,43.057335],[-89.011239,43.056872],[-89.009511,43.058738],[-89.007015,43.057567],[-89.008006,43.05466],[-89.008054,43.052844],[-89.005127,43.051945],[-89.005465,43.050539],[-89.00416,43.050211],[-88.98801,43.055496],[-88.987986,43.056895],[-88.985913,43.058927],[-88.982749,43.067197],[-88.991315,43.067706],[-88.991367,43.071623],[-88.988691,43.07451],[-88.984716,43.081116],[-88.982633,43.08288],[-88.982836,43.086987],[-88.978021,43.088347],[-88.975862,43.088512],[-88.958149,43.088351],[-88.954891,43.088781],[-88.953186,43.089876],[-88.95246,43.103348],[-88.952461,43.106139],[-88.953448,43.110858],[-88.95805,43.118136],[-88.961524,43.122099],[-88.946422,43.122248],[-88.946452,43.124395],[-88.947625,43.123956],[-88.949555,43.125122],[-88.949581,43.126625],[-88.947929,43.126544],[-88.947857,43.130259],[-88.946512,43.130259],[-88.946567,43.1333],[-88.946297,43.1438],[-88.945207,43.143939],[-88.932465,43.143406],[-88.93153,43.143927],[-88.920516,43.144128],[-88.920423,43.141618],[-88.916109,43.14153],[-88.916107,43.146099],[-88.910757,43.14614],[-88.910796,43.1499],[-88.906546,43.149935],[-88.906596,43.153923],[-88.902663,43.153813],[-88.901123,43.156359],[-88.900625,43.159861],[-88.899848,43.161133],[-88.893317,43.160966],[-88.893303,43.159054],[-88.890851,43.159197],[-88.89087,43.192401],[-88.882306,43.193686],[-88.883764,43.194629],[-88.880995,43.194241],[-88.878026,43.194422],[-88.8775,43.196445],[-88.875651,43.197831],[-88.873803,43.197986],[-88.871636,43.202132],[-88.86994,43.204641],[-88.869857,43.206219],[-88.871057,43.20845],[-88.87566,43.20939],[-88.878341,43.21028],[-88.879914,43.2133],[-88.880109,43.214548],[-88.879207,43.217291],[-88.872753,43.22053],[-88.872184,43.223408],[-88.873121,43.225971],[-88.879083,43.228403],[-88.884139,43.227003],[-88.886297,43.227002],[-88.887818,43.227852],[-88.888984,43.230659],[-88.887542,43.234639],[-88.889879,43.230362],[-88.889472,43.228607],[-88.887893,43.226984],[-88.890728,43.227069],[-88.890775,43.218746],[-88.896379,43.219589],[-88.920772,43.21955],[-88.920657,43.226548],[-88.923683,43.226556],[-88.929307,43.22432],[-88.932111,43.222446],[-88.934388,43.221697],[-88.936028,43.223397],[-88.942146,43.223798],[-88.942297,43.225814],[-88.943469,43.22756],[-88.946044,43.228674],[-88.947175,43.227827],[-88.94837,43.228438],[-88.94893,43.232129],[-88.946901,43.233814],[-88.944907,43.234248],[-88.943358,43.235878],[-88.944246,43.237417],[-88.947018,43.237964],[-88.946134,43.239738],[-88.945744,43.242493],[-88.946745,43.244833],[-88.944182,43.243917],[-88.940795,43.243775],[-88.940052,43.249268],[-88.942377,43.251305],[-88.940353,43.253085],[-88.9385,43.256042],[-88.965398,43.256102],[-88.965399,43.263316],[-88.954076,43.26338],[-88.950457,43.269973],[-88.949972,43.271431],[-88.939371,43.28158],[-88.935271,43.285124],[-88.981875,43.28503],[-88.982118,43.285056],[-89.009139,43.28483],[-89.009018,43.263007],[-89.021818,43.262475],[-89.021861,43.259752],[-89.018257,43.259758],[-89.018258,43.247068],[-89.036384,43.247231],[-89.04259,43.24712],[-89.042571,43.243663],[-89.058194,43.243683],[-89.058171,43.239574]]]}},{"type":"Feature","properties":{"zcta5":"53579","AFFGEOID10":"8600000US53579","GEOID10":"53579","ALAND10":110949666,"AWATER10":1958728,"county_name":"Dodge","state_code":"WI","county_state":"Dodge County, WI","county_fips":"55027","risk_level_county":"Medium Risk (70–79% vaccinated)","mean_vaccination_rate_county":75.21,"risk_level_zcta":"Very High Risk (<60% vaccinated)","mean_vaccination_rate_zips":58.86,"cases":36},"geometry":{"type":"Polygon","coordinates":[[[-88.935271,43.285124],[-88.939371,43.28158],[-88.949972,43.271431],[-88.950457,43.269973],[-88.954076,43.26338],[-88.965399,43.263316],[-88.965398,43.256102],[-88.9385,43.256042],[-88.940353,43.253085],[-88.942377,43.251305],[-88.940052,43.249268],[-88.940795,43.243775],[-88.944182,43.243917],[-88.946745,43.244833],[-88.945744,43.242493],[-88.946134,43.239738],[-88.947018,43.237964],[-88.944246,43.237417],[-88.943358,43.235878],[-88.944907,43.234248],[-88.946901,43.233814],[-88.94893,43.232129],[-88.94837,43.228438],[-88.947175,43.227827],[-88.946044,43.228674],[-88.943469,43.22756],[-88.942297,43.225814],[-88.942146,43.223798],[-88.936028,43.223397],[-88.934388,43.221697],[-88.932111,43.222446],[-88.929307,43.22432],[-88.923683,43.226556],[-88.920657,43.226548],[-88.920772,43.21955],[-88.896379,43.219589],[-88.890775,43.218746],[-88.890728,43.227069],[-88.887893,43.226984],[-88.889472,43.228607],[-88.889879,43.230362],[-88.887542,43.234639],[-88.888984,43.230659],[-88.887818,43.227852],[-88.886297,43.227002],[-88.884139,43.227003],[-88.879083,43.228403],[-88.873121,43.225971],[-88.873763,43.228634],[-88.876504,43.23102],[-88.875602,43.234473],[-88.873814,43.236112],[-88.870138,43.236327],[-88.865627,43.237787],[-88.863187,43.23913],[-88.86103,43.239103],[-88.85377,43.241833],[-88.851785,43.243608],[-88.850269,43.243599],[-88.850071,43.24496],[-88.847174,43.246735],[-88.844308,43.251677],[-88.842907,43.251918],[-88.842118,43.254425],[-88.839879,43.255582],[-88.837639,43.258097],[-88.834979,43.262533],[-88.83618,43.265984],[-88.836128,43.268401],[-88.834143,43.272918],[-88.833942,43.276269],[-88.831499,43.277923],[-88.831175,43.280206],[-88.829809,43.280277],[-88.828182,43.281875],[-88.825448,43.282808],[-88.824325,43.284587],[-88.822725,43.284891],[-88.82153,43.287267],[-88.818463,43.287651],[-88.818108,43.286715],[-88.816261,43.286984],[-88.813197,43.285632],[-88.81044,43.285566],[-88.810351,43.286933],[-88.80838,43.287759],[-88.812685,43.28993],[-88.810823,43.29144],[-88.810254,43.293445],[-88.806999,43.295888],[-88.809557,43.29759],[-88.809887,43.298868],[-88.806354,43.298469],[-88.805215,43.301804],[-88.808365,43.303067],[-88.808806,43.304587],[-88.807411,43.306438],[-88.812135,43.309276],[-88.812292,43.311282],[-88.81324,43.311471],[-88.814436,43.310582],[-88.812505,43.308683],[-88.816143,43.305889],[-88.818471,43.305864],[-88.820744,43.301171],[-88.824499,43.301992],[-88.825482,43.303603],[-88.824016,43.304114],[-88.82544,43.30667],[-88.827963,43.308003],[-88.826681,43.308721],[-88.824417,43.307155],[-88.822964,43.307082],[-88.821372,43.309617],[-88.824204,43.310006],[-88.825323,43.310825],[-88.823669,43.313477],[-88.823926,43.314206],[-88.826733,43.315179],[-88.824726,43.323011],[-88.825264,43.325458],[-88.82483,43.327913],[-88.821478,43.328297],[-88.821002,43.328967],[-88.828407,43.329003],[-88.82782,43.330538],[-88.824964,43.333215],[-88.828359,43.332904],[-88.828158,43.343457],[-88.825367,43.347394],[-88.826758,43.348457],[-88.825742,43.352503],[-88.824373,43.352059],[-88.823114,43.353751],[-88.824135,43.35502],[-88.825294,43.355219],[-88.829869,43.353289],[-88.831868,43.351815],[-88.833221,43.351945],[-88.831374,43.352336],[-88.830103,43.353838],[-88.826279,43.355489],[-88.824108,43.356945],[-88.821199,43.357982],[-88.819297,43.359144],[-88.819238,43.360754],[-88.824335,43.363558],[-88.830347,43.36787],[-88.835557,43.367915],[-88.835491,43.370147],[-88.839569,43.370097],[-88.838328,43.3718],[-88.85271,43.371824],[-88.85317,43.373319],[-88.855045,43.373152],[-88.857418,43.372202],[-88.856118,43.368928],[-88.853544,43.366651],[-88.852834,43.365152],[-88.853453,43.363307],[-88.851478,43.362378],[-88.852108,43.360966],[-88.852495,43.357465],[-88.874402,43.357905],[-88.882732,43.357835],[-88.88288,43.328823],[-88.891258,43.328749],[-88.891093,43.357888],[-88.906498,43.3578],[-88.911207,43.352377],[-88.911416,43.321764],[-88.897262,43.314781],[-88.892498,43.312418],[-88.893115,43.311577],[-88.896266,43.303259],[-88.906386,43.303276],[-88.906095,43.299662],[-88.907744,43.299648],[-88.906418,43.297191],[-88.906493,43.295869],[-88.908969,43.292983],[-88.908522,43.290329],[-88.913371,43.287066],[-88.911662,43.285113],[-88.935271,43.285124]]]}},{"type":"Feature","properties":{"zcta5":"53027","AFFGEOID10":"8600000US53027","GEOID10":"53027","ALAND10":239087626,"AWATER10":2977413,"county_name":"Dodge","state_code":"WI","county_state":"Dodge County, WI","county_fips":"55027","risk_level_county":"Medium Risk (70–79% vaccinated)","mean_vaccination_rate_county":75.21,"risk_level_zcta":"Medium Risk (70–79% vaccinated)","mean_vaccination_rate_zips":78.57,"cases":36},"geometry":{"type":"Polygon","coordinates":[[[-88.460225,43.399419],[-88.460432,43.391737],[-88.45755,43.391391],[-88.455687,43.389242],[-88.452105,43.387289],[-88.450759,43.384848],[-88.459161,43.384953],[-88.460685,43.383992],[-88.461192,43.374045],[-88.460614,43.371904],[-88.459575,43.370561],[-88.435933,43.370396],[-88.436479,43.369294],[-88.435522,43.367404],[-88.436118,43.3663],[-88.43254,43.363069],[-88.43263,43.36213],[-88.434504,43.361508],[-88.434064,43.360716],[-88.435751,43.359851],[-88.435495,43.358868],[-88.437238,43.358788],[-88.437536,43.357577],[-88.435367,43.357091],[-88.433534,43.354478],[-88.428658,43.354224],[-88.428693,43.347036],[-88.41877,43.34703],[-88.419064,43.296425],[-88.423935,43.296475],[-88.425243,43.295212],[-88.427349,43.294879],[-88.42862,43.293316],[-88.429392,43.291089],[-88.431816,43.29044],[-88.430397,43.290221],[-88.427048,43.287397],[-88.422698,43.285964],[-88.421367,43.284258],[-88.419183,43.284278],[-88.418656,43.252925],[-88.425664,43.253168],[-88.428465,43.251737],[-88.428954,43.253197],[-88.443653,43.253485],[-88.443706,43.250957],[-88.441807,43.25025],[-88.440829,43.250817],[-88.438195,43.250304],[-88.438571,43.245617],[-88.433883,43.242577],[-88.433767,43.238893],[-88.428592,43.238754],[-88.428355,43.22618],[-88.429137,43.225011],[-88.431295,43.224257],[-88.435189,43.22437],[-88.435566,43.217189],[-88.424702,43.216678],[-88.420574,43.217152],[-88.418278,43.217149],[-88.417987,43.194697],[-88.416859,43.194686],[-88.414011,43.194407],[-88.413938,43.203372],[-88.410031,43.203415],[-88.409941,43.207608],[-88.392514,43.200172],[-88.389991,43.193888],[-88.368452,43.193253],[-88.368912,43.194743],[-88.367654,43.198006],[-88.36502,43.198787],[-88.3647,43.199802],[-88.365418,43.204111],[-88.365053,43.205142],[-88.367205,43.207122],[-88.367002,43.209422],[-88.367896,43.213232],[-88.367513,43.213218],[-88.349231,43.20763],[-88.344259,43.198514],[-88.346011,43.194871],[-88.345966,43.193029],[-88.338113,43.192932],[-88.339862,43.195707],[-88.33865,43.198116],[-88.337651,43.197145],[-88.333877,43.198536],[-88.330286,43.20211],[-88.328697,43.202533],[-88.328694,43.203897],[-88.326954,43.205278],[-88.329513,43.206874],[-88.328244,43.207826],[-88.329092,43.208618],[-88.327046,43.210197],[-88.32652,43.212971],[-88.324929,43.214161],[-88.320894,43.21554],[-88.315797,43.215654],[-88.313206,43.217205],[-88.313747,43.218866],[-88.311454,43.220175],[-88.310884,43.220396],[-88.311753,43.231943],[-88.306767,43.231962],[-88.306852,43.240232],[-88.30107,43.240344],[-88.300193,43.238682],[-88.297251,43.242142],[-88.297249,43.249896],[-88.299704,43.249896],[-88.3002,43.251953],[-88.295917,43.254387],[-88.292238,43.265742],[-88.289964,43.266922],[-88.290144,43.281328],[-88.300431,43.281351],[-88.310504,43.281304],[-88.310089,43.293596],[-88.310718,43.296835],[-88.309977,43.299525],[-88.30944,43.322743],[-88.309586,43.32347],[-88.310182,43.324406],[-88.31313,43.322575],[-88.313439,43.322437],[-88.312588,43.323003],[-88.311132,43.324035],[-88.310545,43.324361],[-88.309833,43.324664],[-88.309688,43.324712],[-88.309632,43.330691],[-88.319231,43.328752],[-88.318877,43.341879],[-88.322354,43.34201],[-88.322427,43.346367],[-88.32586,43.346573],[-88.325908,43.35365],[-88.318608,43.353579],[-88.31859,43.354849],[-88.317322,43.353593],[-88.298775,43.353813],[-88.298572,43.368957],[-88.298824,43.36944],[-88.297616,43.369516],[-88.296194,43.367464],[-88.290486,43.358092],[-88.27894,43.369357],[-88.277963,43.369335],[-88.277624,43.369373],[-88.276769,43.371581],[-88.271918,43.375008],[-88.272986,43.375208],[-88.275363,43.374784],[-88.274783,43.376617],[-88.278947,43.376697],[-88.281103,43.37853],[-88.281145,43.383905],[-88.304242,43.383916],[-88.305762,43.384461],[-88.306248,43.386113],[-88.304026,43.38894],[-88.301453,43.39079],[-88.300991,43.391673],[-88.301161,43.405624],[-88.312535,43.405753],[-88.320509,43.399562],[-88.32099,43.394863],[-88.335891,43.413114],[-88.339387,43.412354],[-88.338979,43.410578],[-88.336611,43.41125],[-88.333252,43.409037],[-88.334226,43.408426],[-88.332651,43.407084],[-88.332123,43.405102],[-88.329089,43.404182],[-88.330455,43.403366],[-88.330426,43.40044],[-88.332112,43.399217],[-88.333392,43.39696],[-88.335628,43.395988],[-88.337026,43.393369],[-88.341579,43.394053],[-88.343548,43.393427],[-88.344728,43.395159],[-88.345944,43.394607],[-88.351454,43.395299],[-88.352805,43.394745],[-88.357055,43.398039],[-88.360565,43.399137],[-88.36112,43.400735],[-88.364208,43.400896],[-88.372678,43.413893],[-88.375995,43.413549],[-88.395665,43.413675],[-88.395827,43.422661],[-88.401088,43.42208],[-88.400806,43.442845],[-88.419987,43.442196],[-88.449082,43.44254],[-88.450419,43.442582],[-88.45019,43.418378],[-88.450991,43.415931],[-88.450206,43.415252],[-88.4504,43.399293],[-88.460225,43.399419]],[[-88.306852,43.240232],[-88.306971,43.240211],[-88.310442,43.238339],[-88.31089,43.236851],[-88.315823,43.231164],[-88.315784,43.229203],[-88.340606,43.229284],[-88.340779,43.250616],[-88.338829,43.251063],[-88.330503,43.251063],[-88.328175,43.249805],[-88.326053,43.250479],[-88.3255,43.244427],[-88.313125,43.244356],[-88.313137,43.242208],[-88.3154,43.242206],[-88.315417,43.24081],[-88.311721,43.240815],[-88.311826,43.244359],[-88.306703,43.244365],[-88.306852,43.240232]]]}},{"type":"Feature","properties":{"zcta5":"53035","AFFGEOID10":"8600000US53035","GEOID10":"53035","ALAND10":91735615,"AWATER10":1193101,"county_name":"Dodge","state_code":"WI","county_state":"Dodge County, WI","county_fips":"55027","risk_level_county":"Medium Risk (70–79% vaccinated)","mean_vaccination_rate_county":75.21,"risk_level_zcta":"Higher Risk (60–69% vaccinated)","mean_vaccination_rate_zips":64.51,"cases":36},"geometry":{"type":"Polygon","coordinates":[[[-88.561469,43.457814],[-88.562134,43.454285],[-88.561913,43.418496],[-88.568151,43.421361],[-88.583037,43.427298],[-88.585435,43.425499],[-88.596618,43.425894],[-88.596697,43.414345],[-88.597663,43.41194],[-88.597875,43.40022],[-88.607053,43.400353],[-88.617211,43.400247],[-88.617479,43.38223],[-88.613866,43.381105],[-88.60637,43.382322],[-88.606983,43.379325],[-88.604979,43.379515],[-88.604178,43.380921],[-88.603899,43.384619],[-88.600653,43.384646],[-88.600102,43.385518],[-88.596699,43.385569],[-88.59589,43.380263],[-88.59612,43.371065],[-88.585478,43.370696],[-88.58695,43.366347],[-88.590189,43.36645],[-88.591624,43.365983],[-88.592222,43.364513],[-88.591411,43.361461],[-88.589578,43.359354],[-88.589201,43.357059],[-88.592632,43.350784],[-88.594191,43.350013],[-88.59266,43.34935],[-88.592615,43.346953],[-88.591096,43.346929],[-88.591123,43.34884],[-88.58876,43.348836],[-88.588941,43.341569],[-88.591977,43.341351],[-88.588663,43.341344],[-88.585583,43.340642],[-88.562462,43.33224],[-88.552374,43.333629],[-88.553139,43.337349],[-88.553183,43.341319],[-88.53505,43.341308],[-88.530385,43.341091],[-88.513579,43.34079],[-88.51353,43.344184],[-88.514393,43.347956],[-88.492593,43.347722],[-88.495863,43.350572],[-88.502872,43.355115],[-88.498074,43.355043],[-88.498212,43.370623],[-88.501241,43.370617],[-88.500231,43.385044],[-88.500198,43.399465],[-88.480263,43.399513],[-88.479936,43.428406],[-88.489839,43.428285],[-88.500137,43.428397],[-88.500022,43.442816],[-88.544051,43.44283],[-88.543902,43.446526],[-88.543052,43.448236],[-88.544407,43.457576],[-88.553496,43.457741],[-88.554034,43.460353],[-88.554341,43.45777],[-88.561469,43.457814]]]}},{"type":"Feature","properties":{"zcta5":"53036","AFFGEOID10":"8600000US53036","GEOID10":"53036","ALAND10":69389099,"AWATER10":1369180,"county_name":"Dodge","state_code":"WI","county_state":"Dodge County, WI","county_fips":"55027","risk_level_county":"Medium Risk (70–79% vaccinated)","mean_vaccination_rate_county":75.21,"risk_level_zcta":"Medium Risk (70–79% vaccinated)","mean_vaccination_rate_zips":73.51,"cases":36},"geometry":{"type":"Polygon","coordinates":[[[-88.585466,43.196867],[-88.551926,43.196417],[-88.552454,43.194556],[-88.554171,43.193603],[-88.560265,43.193512],[-88.560843,43.191229],[-88.562329,43.188687],[-88.559682,43.186872],[-88.559928,43.185827],[-88.563507,43.184362],[-88.563628,43.183671],[-88.561341,43.181748],[-88.558188,43.180605],[-88.56442,43.180619],[-88.569149,43.181559],[-88.571864,43.183082],[-88.573899,43.185438],[-88.576784,43.187936],[-88.578862,43.18904],[-88.580961,43.189316],[-88.581767,43.173376],[-88.576662,43.173436],[-88.576785,43.169831],[-88.575588,43.167536],[-88.575343,43.165674],[-88.57606,43.161671],[-88.580827,43.157539],[-88.582351,43.156993],[-88.588272,43.158764],[-88.597291,43.158712],[-88.597219,43.16595],[-88.596797,43.173198],[-88.607131,43.172983],[-88.606789,43.182112],[-88.607809,43.183484],[-88.61237,43.183317],[-88.613627,43.184227],[-88.613263,43.187954],[-88.615508,43.187991],[-88.630714,43.187441],[-88.631295,43.184868],[-88.631723,43.179965],[-88.646426,43.180065],[-88.647067,43.166528],[-88.647642,43.165467],[-88.632765,43.15904],[-88.628471,43.157332],[-88.6285,43.15117],[-88.630113,43.151148],[-88.630035,43.149364],[-88.628932,43.149295],[-88.62918,43.144013],[-88.640484,43.144027],[-88.642435,43.143679],[-88.644566,43.142007],[-88.643297,43.141432],[-88.640496,43.136795],[-88.637939,43.13336],[-88.637064,43.12926],[-88.63548,43.125528],[-88.634057,43.123834],[-88.63226,43.123114],[-88.630478,43.121184],[-88.62856,43.116875],[-88.627191,43.115283],[-88.623957,43.113677],[-88.621892,43.114571],[-88.6204,43.116266],[-88.620674,43.11526],[-88.618005,43.113679],[-88.61876,43.11294],[-88.618595,43.112786],[-88.618191,43.112766],[-88.618178,43.112494],[-88.618241,43.112007],[-88.617975,43.111719],[-88.617529,43.111554],[-88.617297,43.111535],[-88.617011,43.111422],[-88.616793,43.111142],[-88.616936,43.110765],[-88.617755,43.110851],[-88.618011,43.110597],[-88.618308,43.110059],[-88.618722,43.109645],[-88.618721,43.109196],[-88.616591,43.108802],[-88.618053,43.108438],[-88.618138,43.107919],[-88.616678,43.10846],[-88.616473,43.108897],[-88.618681,43.109457],[-88.618228,43.109944],[-88.617964,43.110386],[-88.617659,43.110762],[-88.61694,43.110617],[-88.61666,43.110736],[-88.616856,43.111512],[-88.617393,43.111615],[-88.617997,43.111906],[-88.618153,43.112298],[-88.617934,43.112688],[-88.61809,43.112894],[-88.618548,43.11286],[-88.617852,43.11364],[-88.620492,43.115199],[-88.620273,43.116566],[-88.621223,43.117307],[-88.62106,43.118217],[-88.620242,43.119279],[-88.617578,43.120967],[-88.615461,43.11948],[-88.613347,43.116273],[-88.613373,43.115123],[-88.611563,43.113485],[-88.609767,43.113762],[-88.6082,43.11511],[-88.608235,43.116857],[-88.607194,43.117663],[-88.605927,43.117203],[-88.602386,43.114507],[-88.601624,43.113079],[-88.602441,43.110453],[-88.599826,43.108998],[-88.598705,43.109209],[-88.594787,43.113945],[-88.594362,43.115001],[-88.596119,43.118083],[-88.593198,43.118918],[-88.59306,43.122843],[-88.579068,43.122794],[-88.580692,43.125894],[-88.579568,43.130416],[-88.578039,43.129471],[-88.574017,43.12938],[-88.573006,43.131084],[-88.572761,43.133747],[-88.572021,43.135888],[-88.572067,43.13634],[-88.572955,43.137765],[-88.573317,43.138183],[-88.573784,43.138764],[-88.548642,43.132669],[-88.548499,43.135588],[-88.543398,43.135443],[-88.543204,43.138231],[-88.53879,43.138178],[-88.53846,43.145613],[-88.537051,43.176831],[-88.535655,43.177701],[-88.533321,43.177426],[-88.528517,43.178983],[-88.523364,43.179561],[-88.518753,43.179771],[-88.51823,43.186554],[-88.519346,43.190389],[-88.51761,43.192476],[-88.517124,43.195742],[-88.50744,43.19567],[-88.507846,43.19701],[-88.511685,43.202963],[-88.513842,43.207021],[-88.515464,43.210132],[-88.517889,43.211247],[-88.518911,43.210197],[-88.521477,43.210251],[-88.521769,43.212373],[-88.525271,43.213057],[-88.527231,43.214467],[-88.526907,43.215529],[-88.524898,43.216907],[-88.516799,43.212645],[-88.518538,43.216488],[-88.519856,43.224718],[-88.527791,43.224998],[-88.536427,43.225052],[-88.536518,43.23476],[-88.54226,43.234734],[-88.543794,43.232985],[-88.545052,43.232982],[-88.54935,43.236307],[-88.549456,43.239449],[-88.552475,43.239577],[-88.55447,43.237583],[-88.5548,43.239736],[-88.557011,43.238716],[-88.560707,43.239389],[-88.564393,43.239257],[-88.565534,43.240697],[-88.566739,43.240676],[-88.566399,43.244614],[-88.570353,43.243842],[-88.576407,43.243887],[-88.576043,43.240161],[-88.561166,43.233598],[-88.561089,43.225637],[-88.566035,43.225738],[-88.565837,43.213617],[-88.564635,43.212441],[-88.561021,43.211249],[-88.561474,43.209998],[-88.565905,43.207805],[-88.565789,43.200382],[-88.585457,43.20044],[-88.585466,43.196867]]]}},{"type":"Feature","properties":{"zcta5":"53032","AFFGEOID10":"8600000US53032","GEOID10":"53032","ALAND10":83461151,"AWATER10":6352918,"county_name":"Dodge","state_code":"WI","county_state":"Dodge County, WI","county_fips":"55027","risk_level_county":"Medium Risk (70–79% vaccinated)","mean_vaccination_rate_county":75.21,"risk_level_zcta":"Lower Risk (80–84% vaccinated)","mean_vaccination_rate_zips":81.69,"cases":36},"geometry":{"type":"Polygon","coordinates":[[[-88.644257,43.509323],[-88.65743,43.509705],[-88.657416,43.503832],[-88.656059,43.502985],[-88.656772,43.504965],[-88.655439,43.503632],[-88.653715,43.500545],[-88.656507,43.498964],[-88.654183,43.495098],[-88.656882,43.494844],[-88.664292,43.49508],[-88.67051,43.496303],[-88.673362,43.496217],[-88.675211,43.492358],[-88.673446,43.491932],[-88.673457,43.481907],[-88.67286,43.481073],[-88.669135,43.480802],[-88.668439,43.479904],[-88.668515,43.472683],[-88.65609,43.461569],[-88.658834,43.461353],[-88.658903,43.458997],[-88.698072,43.458895],[-88.700494,43.473411],[-88.703749,43.473398],[-88.70369,43.464127],[-88.701481,43.458891],[-88.700431,43.455264],[-88.698047,43.452199],[-88.696874,43.452283],[-88.695626,43.444868],[-88.696549,43.444884],[-88.695613,43.441884],[-88.694511,43.435093],[-88.694813,43.429743],[-88.684747,43.429964],[-88.684738,43.432551],[-88.674177,43.432578],[-88.673942,43.424285],[-88.674539,43.42269],[-88.655709,43.422406],[-88.655321,43.404084],[-88.654056,43.400149],[-88.650959,43.400593],[-88.648444,43.400188],[-88.647382,43.398966],[-88.643758,43.398962],[-88.639994,43.397454],[-88.63703,43.395291],[-88.63397,43.391762],[-88.633967,43.3887],[-88.634607,43.386286],[-88.636681,43.382633],[-88.632393,43.382174],[-88.629216,43.381267],[-88.626838,43.383332],[-88.625252,43.38471],[-88.617479,43.38223],[-88.617211,43.400247],[-88.607053,43.400353],[-88.597875,43.40022],[-88.597663,43.41194],[-88.596697,43.414345],[-88.596618,43.425894],[-88.585435,43.425499],[-88.583037,43.427298],[-88.568151,43.421361],[-88.561913,43.418496],[-88.562134,43.454285],[-88.561469,43.457814],[-88.577404,43.457992],[-88.577543,43.473144],[-88.584633,43.473225],[-88.580856,43.474906],[-88.581025,43.47554],[-88.581187,43.502747],[-88.582718,43.502008],[-88.584796,43.502627],[-88.588109,43.50276],[-88.589347,43.504081],[-88.589812,43.505988],[-88.594314,43.504967],[-88.596435,43.505678],[-88.597051,43.504314],[-88.599071,43.50355],[-88.602313,43.504153],[-88.602253,43.505584],[-88.604407,43.506995],[-88.606643,43.506597],[-88.609735,43.507215],[-88.611204,43.506098],[-88.610284,43.504075],[-88.608231,43.503957],[-88.607955,43.502953],[-88.609737,43.500127],[-88.611316,43.500181],[-88.612369,43.501319],[-88.618873,43.502356],[-88.621744,43.501208],[-88.623235,43.501221],[-88.627706,43.500454],[-88.624259,43.500595],[-88.622233,43.501147],[-88.623689,43.4997],[-88.625164,43.494684],[-88.627269,43.493389],[-88.630853,43.490274],[-88.634074,43.491461],[-88.636568,43.49283],[-88.638766,43.492685],[-88.643586,43.490427],[-88.644312,43.489438],[-88.644257,43.509323]]]}},{"type":"Feature","properties":{"zcta5":"53002","AFFGEOID10":"8600000US53002","GEOID10":"53002","ALAND10":82280987,"AWATER10":152572,"county_name":"Dodge","state_code":"WI","county_state":"Dodge County, WI","county_fips":"55027","risk_level_county":"Medium Risk (70–79% vaccinated)","mean_vaccination_rate_county":75.21,"risk_level_zcta":"Higher Risk (60–69% vaccinated)","mean_vaccination_rate_zips":66.01,"cases":36},"geometry":{"type":"MultiPolygon","coordinates":[[[[-88.32124,43.52907],[-88.321113,43.542687],[-88.321036,43.543142],[-88.351413,43.543321],[-88.351643,43.529529],[-88.32124,43.52907]]],[[[-88.400806,43.442845],[-88.401088,43.42208],[-88.395827,43.422661],[-88.395665,43.413675],[-88.375995,43.413549],[-88.372678,43.413893],[-88.364208,43.400896],[-88.36112,43.400735],[-88.360565,43.399137],[-88.357055,43.398039],[-88.352805,43.394745],[-88.351454,43.395299],[-88.345944,43.394607],[-88.344728,43.395159],[-88.343548,43.393427],[-88.341579,43.394053],[-88.337026,43.393369],[-88.335628,43.395988],[-88.333392,43.39696],[-88.332112,43.399217],[-88.330426,43.40044],[-88.330455,43.403366],[-88.329089,43.404182],[-88.332123,43.405102],[-88.332651,43.407084],[-88.334226,43.408426],[-88.333252,43.409037],[-88.336611,43.41125],[-88.338979,43.410578],[-88.339387,43.412354],[-88.335891,43.413114],[-88.32099,43.394863],[-88.320509,43.399562],[-88.312535,43.405753],[-88.301161,43.405624],[-88.301699,43.427552],[-88.312483,43.427363],[-88.323544,43.427518],[-88.327559,43.42687],[-88.333189,43.424846],[-88.336144,43.425857],[-88.339217,43.430721],[-88.341579,43.436643],[-88.341751,43.442341],[-88.350122,43.442421],[-88.362428,43.454785],[-88.364132,43.456719],[-88.341899,43.456626],[-88.342127,43.457678],[-88.341869,43.47114],[-88.362065,43.471361],[-88.361851,43.483348],[-88.356204,43.482765],[-88.352935,43.482252],[-88.350518,43.483785],[-88.34338,43.482266],[-88.337041,43.481786],[-88.336349,43.480988],[-88.337409,43.479395],[-88.33706,43.478332],[-88.321874,43.477973],[-88.322026,43.493008],[-88.293925,43.512126],[-88.293007,43.514341],[-88.292107,43.524506],[-88.301151,43.529024],[-88.32124,43.52907],[-88.321588,43.514478],[-88.341762,43.514841],[-88.342045,43.51233],[-88.341249,43.50903],[-88.34208,43.50757],[-88.362117,43.507773],[-88.362063,43.51505],[-88.372105,43.515099],[-88.371105,43.543341],[-88.391047,43.543456],[-88.400426,43.543532],[-88.400608,43.536911],[-88.400514,43.502313],[-88.395046,43.498939],[-88.392025,43.496434],[-88.389723,43.493388],[-88.388609,43.490873],[-88.384378,43.478461],[-88.3836,43.4765],[-88.385282,43.477249],[-88.388261,43.477462],[-88.392205,43.478688],[-88.392111,43.475288],[-88.393812,43.475236],[-88.395367,43.474108],[-88.394982,43.471885],[-88.396798,43.469727],[-88.397543,43.467141],[-88.400609,43.467713],[-88.400806,43.442845]]]]}},{"type":"Feature","properties":{"zcta5":"53034","AFFGEOID10":"8600000US53034","GEOID10":"53034","ALAND10":21612775,"AWATER10":6808617,"county_name":"Dodge","state_code":"WI","county_state":"Dodge County, WI","county_fips":"55027","risk_level_county":"Medium Risk (70–79% vaccinated)","mean_vaccination_rate_county":75.21,"risk_level_zcta":"Medium Risk (70–79% vaccinated)","mean_vaccination_rate_zips":71.18,"cases":36},"geometry":{"type":"Polygon","coordinates":[[[-88.626838,43.383332],[-88.625366,43.378168],[-88.623158,43.379156],[-88.621314,43.378673],[-88.619077,43.381973],[-88.617846,43.380744],[-88.6194,43.377033],[-88.620755,43.375519],[-88.6217,43.376025],[-88.622169,43.37848],[-88.624252,43.378274],[-88.625604,43.369711],[-88.626958,43.365745],[-88.628239,43.363367],[-88.627125,43.362897],[-88.627222,43.358827],[-88.629104,43.35567],[-88.635467,43.356144],[-88.636558,43.355482],[-88.638947,43.356666],[-88.639918,43.356365],[-88.643145,43.357126],[-88.641291,43.350417],[-88.641438,43.342614],[-88.622688,43.342331],[-88.623635,43.337076],[-88.62634,43.333173],[-88.626619,43.328777],[-88.627586,43.327004],[-88.631171,43.323748],[-88.637273,43.313368],[-88.621862,43.313313],[-88.621941,43.309737],[-88.606871,43.309732],[-88.60725,43.30454],[-88.608533,43.30257],[-88.611902,43.298779],[-88.589197,43.298362],[-88.584632,43.297182],[-88.578059,43.297307],[-88.577736,43.29851],[-88.574997,43.300879],[-88.579144,43.300465],[-88.580368,43.29947],[-88.582043,43.29949],[-88.583408,43.300708],[-88.583667,43.302254],[-88.580744,43.303292],[-88.580704,43.304507],[-88.582228,43.307127],[-88.583481,43.308093],[-88.587064,43.30796],[-88.590121,43.306723],[-88.594399,43.308531],[-88.591978,43.310781],[-88.590993,43.313773],[-88.589075,43.314249],[-88.586937,43.310399],[-88.58411,43.311293],[-88.585018,43.31379],[-88.582657,43.314394],[-88.580424,43.317004],[-88.581449,43.317242],[-88.584484,43.31632],[-88.585785,43.31716],[-88.587529,43.320967],[-88.587702,43.324025],[-88.586402,43.324795],[-88.58375,43.32451],[-88.582597,43.325118],[-88.582576,43.327079],[-88.583971,43.327352],[-88.587042,43.326223],[-88.589691,43.326103],[-88.59176,43.327375],[-88.589054,43.331126],[-88.590524,43.332963],[-88.59247,43.338833],[-88.592348,43.343555],[-88.592615,43.346953],[-88.59266,43.34935],[-88.594191,43.350013],[-88.592632,43.350784],[-88.589201,43.357059],[-88.589578,43.359354],[-88.591411,43.361461],[-88.592222,43.364513],[-88.591624,43.365983],[-88.590189,43.36645],[-88.58695,43.366347],[-88.585478,43.370696],[-88.59612,43.371065],[-88.59589,43.380263],[-88.596699,43.385569],[-88.600102,43.385518],[-88.600653,43.384646],[-88.603899,43.384619],[-88.604178,43.380921],[-88.604979,43.379515],[-88.606983,43.379325],[-88.60637,43.382322],[-88.613866,43.381105],[-88.617479,43.38223],[-88.625252,43.38471],[-88.626838,43.383332]]]}},{"type":"Feature","properties":{"zcta5":"53065","AFFGEOID10":"8600000US53065","GEOID10":"53065","ALAND10":115875138,"AWATER10":837825,"county_name":"Dodge","state_code":"WI","county_state":"Dodge County, WI","county_fips":"55027","risk_level_county":"Medium Risk (70–79% vaccinated)","mean_vaccination_rate_county":75.21,"risk_level_zcta":"Very High Risk (<60% vaccinated)","mean_vaccination_rate_zips":58.3,"cases":36},"geometry":{"type":"Polygon","coordinates":[[[-88.644159,43.719957],[-88.644378,43.669662],[-88.635025,43.66943],[-88.63503,43.65494],[-88.626501,43.654412],[-88.626406,43.647447],[-88.615631,43.647304],[-88.611568,43.649182],[-88.608847,43.649713],[-88.603938,43.649189],[-88.602654,43.649432],[-88.601526,43.648553],[-88.596512,43.647146],[-88.592083,43.646842],[-88.601645,43.633608],[-88.60162,43.632658],[-88.601694,43.626283],[-88.601396,43.625603],[-88.601107,43.625536],[-88.541593,43.623818],[-88.541703,43.632051],[-88.541924,43.639336],[-88.521949,43.639179],[-88.52225,43.661704],[-88.516843,43.661504],[-88.515052,43.665499],[-88.514252,43.664809],[-88.514111,43.661657],[-88.486582,43.666102],[-88.486813,43.665396],[-88.48506,43.663693],[-88.483833,43.664204],[-88.4833,43.662678],[-88.481534,43.66247],[-88.48156,43.666186],[-88.479716,43.669223],[-88.479788,43.673639],[-88.479325,43.675485],[-88.478903,43.679636],[-88.480075,43.682795],[-88.491815,43.682901],[-88.492209,43.708341],[-88.493306,43.708398],[-88.522478,43.708392],[-88.522876,43.70757],[-88.523303,43.735774],[-88.538108,43.73502],[-88.558364,43.732584],[-88.56329,43.733292],[-88.563409,43.747065],[-88.566896,43.748419],[-88.573451,43.748505],[-88.573366,43.734042],[-88.613667,43.734328],[-88.613608,43.724067],[-88.612722,43.722714],[-88.612443,43.719766],[-88.623513,43.719796],[-88.644159,43.719957]]]}},{"type":"Feature","properties":{"zcta5":"53956","AFFGEOID10":"8600000US53956","GEOID10":"53956","ALAND10":203521572,"AWATER10":2075743,"county_name":"Dodge","state_code":"WI","county_state":"Dodge County, WI","county_fips":"55027","risk_level_county":"Medium Risk (70–79% vaccinated)","mean_vaccination_rate_county":75.21,"risk_level_zcta":"Higher Risk (60–69% vaccinated)","mean_vaccination_rate_zips":62.9,"cases":36},"geometry":{"type":"Polygon","coordinates":[[[-89.062372,43.581447],[-89.058422,43.566847],[-89.057222,43.566853],[-89.056788,43.563414],[-89.043461,43.545276],[-89.036919,43.545338],[-89.036923,43.541184],[-89.044562,43.539744],[-89.05145,43.537957],[-89.067478,43.538083],[-89.0708,43.538256],[-89.075745,43.539155],[-89.082114,43.53363],[-89.101933,43.528699],[-89.10182,43.518941],[-89.108948,43.518623],[-89.117179,43.514966],[-89.126988,43.514768],[-89.126027,43.493011],[-89.116357,43.492982],[-89.116244,43.478727],[-89.091298,43.479193],[-89.091151,43.472733],[-89.091585,43.471293],[-89.095838,43.464937],[-89.096049,43.462525],[-89.093713,43.462588],[-89.093725,43.46335],[-89.08661,43.464647],[-89.086653,43.468007],[-89.083311,43.469454],[-89.083305,43.472104],[-89.076782,43.472182],[-89.076775,43.466763],[-89.081647,43.466754],[-89.08168,43.460183],[-89.075529,43.460178],[-89.075549,43.45764],[-89.070679,43.457724],[-89.070681,43.456642],[-89.06828,43.457758],[-89.050548,43.458029],[-89.052093,43.447475],[-89.051237,43.446561],[-89.045766,43.44647],[-89.045569,43.447247],[-89.041197,43.447348],[-89.040948,43.450148],[-89.041042,43.456302],[-89.036042,43.456299],[-89.036206,43.458147],[-89.015378,43.458608],[-89.015443,43.451924],[-89.01057,43.451941],[-89.010557,43.45528],[-89.006047,43.455297],[-89.005826,43.444346],[-88.991782,43.444167],[-88.989275,43.451449],[-88.984154,43.451417],[-88.984061,43.444625],[-88.976391,43.444591],[-88.974527,43.447141],[-88.972092,43.446731],[-88.968636,43.447528],[-88.965524,43.449413],[-88.965542,43.452169],[-88.95542,43.452241],[-88.955269,43.458799],[-88.965301,43.458739],[-88.965132,43.473184],[-88.975183,43.473175],[-88.975189,43.480444],[-88.967628,43.480481],[-88.967607,43.477699],[-88.965209,43.477712],[-88.965125,43.514255],[-88.958723,43.512237],[-88.959903,43.513706],[-88.958709,43.515605],[-88.959044,43.518497],[-88.961909,43.518841],[-88.962303,43.520159],[-88.956833,43.523072],[-88.953372,43.52439],[-88.952193,43.526106],[-88.948013,43.528976],[-88.943763,43.53026],[-88.942396,43.531875],[-88.942119,43.533535],[-88.939265,43.535692],[-88.939426,43.537067],[-88.942881,43.537566],[-88.944133,43.540832],[-88.954365,43.540759],[-88.954522,43.561534],[-88.948254,43.563027],[-88.950541,43.566661],[-88.955171,43.572873],[-88.963609,43.572809],[-88.965866,43.573361],[-88.965986,43.59047],[-88.967422,43.590371],[-88.973636,43.588255],[-88.978767,43.590337],[-88.982866,43.591552],[-88.983401,43.589522],[-88.986926,43.588845],[-88.985405,43.590309],[-88.986969,43.590348],[-88.986671,43.591638],[-88.987101,43.601929],[-88.980893,43.603335],[-88.980515,43.600809],[-88.977,43.601018],[-88.977006,43.601762],[-88.971729,43.601862],[-88.971772,43.604709],[-88.966898,43.604617],[-88.966825,43.60816],[-88.96209,43.608304],[-88.962098,43.604605],[-88.931712,43.604779],[-88.931504,43.619212],[-88.926464,43.61921],[-88.926079,43.633311],[-88.956274,43.633106],[-88.95609,43.655082],[-88.981062,43.654984],[-88.981132,43.632939],[-89.006848,43.633045],[-89.016874,43.633024],[-89.016676,43.644051],[-89.022258,43.643998],[-89.023852,43.645326],[-89.027529,43.645455],[-89.028277,43.648166],[-89.029156,43.648932],[-89.031419,43.648889],[-89.032234,43.649903],[-89.036729,43.650576],[-89.037929,43.65146],[-89.037931,43.652926],[-89.039628,43.654682],[-89.046847,43.654588],[-89.046921,43.647326],[-89.04685,43.640887],[-89.052576,43.640901],[-89.052577,43.637033],[-89.046809,43.637024],[-89.046853,43.632822],[-89.04737,43.610764],[-89.06718,43.610468],[-89.067108,43.595956],[-89.057061,43.596071],[-89.056974,43.581505],[-89.061091,43.580644],[-89.062372,43.581447]]]}},{"type":"Feature","properties":{"zcta5":"53557","AFFGEOID10":"8600000US53557","GEOID10":"53557","ALAND10":14587211,"AWATER10":459096,"county_name":"Dodge","state_code":"WI","county_state":"Dodge County, WI","county_fips":"55027","risk_level_county":"Medium Risk (70–79% vaccinated)","mean_vaccination_rate_county":75.21,"risk_level_zcta":"Lowest Risk (85%+)","mean_vaccination_rate_zips":87.18,"cases":36},"geometry":{"type":"Polygon","coordinates":[[[-88.821199,43.357982],[-88.824108,43.356945],[-88.826279,43.355489],[-88.830103,43.353838],[-88.831374,43.352336],[-88.833221,43.351945],[-88.831868,43.351815],[-88.829869,43.353289],[-88.825294,43.355219],[-88.824135,43.35502],[-88.823114,43.353751],[-88.824373,43.352059],[-88.825742,43.352503],[-88.826758,43.348457],[-88.825367,43.347394],[-88.828158,43.343457],[-88.828359,43.332904],[-88.824964,43.333215],[-88.82782,43.330538],[-88.828407,43.329003],[-88.821002,43.328967],[-88.783575,43.328626],[-88.783018,43.314091],[-88.781208,43.318244],[-88.778621,43.318349],[-88.775513,43.320243],[-88.7753,43.321538],[-88.773681,43.321874],[-88.773197,43.357141],[-88.773427,43.357565],[-88.775374,43.358123],[-88.779704,43.357588],[-88.779966,43.358268],[-88.785489,43.357897],[-88.786781,43.359131],[-88.787868,43.358052],[-88.78713,43.357161],[-88.788377,43.356119],[-88.790676,43.359081],[-88.790462,43.361383],[-88.79109,43.364935],[-88.792475,43.36492],[-88.792851,43.361337],[-88.794347,43.357693],[-88.812864,43.357887],[-88.820531,43.357878],[-88.821199,43.357982]]]}}]}