{"type":"FeatureCollection","features":[{"type":"Feature","properties":{"zcta5":"59032","AFFGEOID10":"8600000US59032","GEOID10":"59032","ALAND10":1093484576,"AWATER10":1651942,"county_name":"Fergus","state_code":"MT","county_state":"Fergus County, MT","county_fips":"30027","risk_level_county":"Medium Risk (70–79% vaccinated)","mean_vaccination_rate_county":77.25,"risk_level_zcta":"Lowest Risk (85%+)","mean_vaccination_rate_zips":93.63,"cases":5},"geometry":{"type":"Polygon","coordinates":[[[-108.800144,47.202148],[-108.799998,47.156847],[-108.802526,47.158663],[-108.862893,47.158736],[-108.865524,47.158151],[-108.869601,47.158286],[-108.874353,47.157934],[-108.877485,47.15839],[-108.883014,47.160451],[-108.888321,47.160955],[-108.899219,47.161052],[-108.904572,47.160106],[-108.907572,47.160598],[-108.913117,47.160708],[-108.914465,47.159451],[-108.914189,47.157046],[-108.922024,47.157036],[-108.949711,47.157445],[-108.949635,47.164415],[-108.951572,47.164398],[-108.951576,47.16707],[-108.989895,47.167192],[-108.988943,47.148932],[-108.982176,47.148893],[-108.98187,47.14355],[-108.96355,47.143399],[-108.963337,47.139695],[-108.963715,47.135432],[-108.96006,47.135477],[-108.959936,47.128214],[-108.970796,47.128104],[-108.970754,47.131725],[-108.977327,47.131496],[-108.977359,47.1375],[-108.986968,47.13751],[-108.986984,47.129415],[-108.997879,47.129415],[-108.997872,47.120808],[-109.008749,47.120795],[-109.008723,47.111861],[-108.994362,47.111877],[-108.992184,47.111158],[-108.992093,47.103046],[-108.99187,47.098172],[-108.992248,47.096016],[-108.991851,47.093414],[-108.991778,47.07786],[-108.992224,47.069018],[-108.991886,47.061853],[-109.000037,47.061822],[-109.00131,47.060356],[-108.996473,47.058698],[-108.993969,47.058337],[-108.990414,47.058734],[-108.989812,47.058005],[-108.986297,47.058977],[-108.9849,47.057996],[-108.984918,47.059427],[-108.979524,47.058513],[-108.978206,47.055876],[-108.975364,47.056416],[-108.975414,47.055138],[-108.969232,47.053953],[-108.954877,47.048503],[-108.95161,47.047963],[-108.935369,47.047996],[-108.936591,47.045213],[-108.906493,47.045226],[-108.906448,47.030169],[-108.906041,47.028006],[-108.907387,47.026417],[-108.906493,47.022731],[-108.906663,47.001083],[-108.906046,47.000468],[-108.902377,46.999697],[-108.898784,46.998262],[-108.898097,46.996634],[-108.899835,46.994197],[-108.898039,46.992773],[-108.900561,46.992476],[-108.900895,46.991511],[-108.896241,46.990473],[-108.895468,46.988774],[-108.891235,46.989077],[-108.887941,46.990129],[-108.881936,46.994191],[-108.879701,46.99502],[-108.87416,46.996132],[-108.870866,46.997484],[-108.868257,46.999247],[-108.856494,47.004854],[-108.855183,47.005787],[-108.854626,47.007536],[-108.849512,47.009937],[-108.8435,47.011661],[-108.835545,47.012229],[-108.829598,47.014502],[-108.817282,47.020666],[-108.814616,47.019468],[-108.812415,47.019227],[-108.811928,47.016997],[-108.814736,47.014976],[-108.815938,47.010246],[-108.82007,47.006944],[-108.820504,47.000007],[-108.820321,46.99803],[-108.822098,46.995381],[-108.823071,46.992341],[-108.823342,46.988712],[-108.822343,46.985294],[-108.822563,46.965079],[-108.823744,46.96296],[-108.822619,46.960988],[-108.822691,46.949681],[-108.826307,46.949003],[-108.829322,46.949439],[-108.83093,46.948927],[-108.836053,46.94874],[-108.840776,46.947341],[-108.850654,46.945958],[-108.850637,46.942954],[-108.848998,46.941004],[-108.846492,46.940466],[-108.844918,46.938669],[-108.840473,46.935992],[-108.840731,46.933482],[-108.840092,46.931688],[-108.844256,46.926874],[-108.846048,46.923106],[-108.848128,46.921217],[-108.849977,46.917845],[-108.854331,46.912972],[-108.858021,46.90819],[-108.861601,46.905451],[-108.865196,46.901784],[-108.875362,46.89385],[-108.876018,46.892893],[-108.87614,46.874855],[-108.876597,46.872213],[-108.875538,46.868476],[-108.875983,46.866328],[-108.876116,46.840606],[-108.876523,46.835458],[-108.872896,46.830106],[-108.870806,46.828934],[-108.867534,46.828432],[-108.864645,46.828786],[-108.862116,46.828146],[-108.84284,46.82232],[-108.84023,46.820828],[-108.836647,46.81624],[-108.827555,46.807577],[-108.824376,46.805335],[-108.818685,46.803355],[-108.815131,46.802483],[-108.802156,46.800544],[-108.779171,46.794177],[-108.776134,46.793139],[-108.757487,46.784181],[-108.758169,46.780873],[-108.755186,46.778239],[-108.756447,46.778289],[-108.756432,46.776885],[-108.754693,46.776265],[-108.754503,46.775085],[-108.752107,46.775764],[-108.749899,46.773951],[-108.747392,46.773722],[-108.746971,46.776141],[-108.748098,46.776875],[-108.74739,46.779223],[-108.744699,46.778314],[-108.743447,46.779663],[-108.742959,46.778347],[-108.741073,46.776928],[-108.743866,46.775835],[-108.741479,46.775156],[-108.74273,46.773423],[-108.740631,46.77361],[-108.740941,46.772552],[-108.738435,46.771917],[-108.736959,46.772592],[-108.737391,46.774045],[-108.734167,46.77499],[-108.729736,46.773505],[-108.726575,46.774159],[-108.722488,46.773294],[-108.720733,46.774068],[-108.720685,46.775576],[-108.717707,46.774299],[-108.714196,46.775133],[-108.711841,46.773807],[-108.710368,46.774423],[-108.714566,46.767872],[-108.715107,46.763373],[-108.715731,46.762343],[-108.715023,46.76035],[-108.715769,46.757725],[-108.715592,46.749466],[-108.631016,46.749386],[-108.631451,46.749969],[-108.630689,46.836807],[-108.611116,46.836776],[-108.610663,46.852503],[-108.610902,46.85478],[-108.610217,46.906071],[-108.608954,47.098126],[-108.619971,47.098061],[-108.614669,47.100636],[-108.61249,47.1012],[-108.608788,47.100994],[-108.602705,47.101215],[-108.598741,47.101857],[-108.590148,47.101934],[-108.588369,47.100966],[-108.588239,47.104788],[-108.588017,47.170165],[-108.587313,47.1714],[-108.589841,47.176403],[-108.597518,47.184022],[-108.596744,47.187471],[-108.595069,47.191752],[-108.591159,47.194365],[-108.591055,47.216627],[-108.590192,47.218378],[-108.590993,47.222064],[-108.585694,47.220182],[-108.582854,47.219973],[-108.57813,47.221046],[-108.574097,47.221242],[-108.572023,47.222185],[-108.568753,47.222173],[-108.56289,47.221346],[-108.558124,47.222328],[-108.554912,47.223911],[-108.552976,47.225613],[-108.546521,47.225054],[-108.540891,47.223946],[-108.534685,47.225597],[-108.527158,47.226067],[-108.527242,47.241009],[-108.542384,47.2411],[-108.543084,47.24219],[-108.548399,47.243636],[-108.548769,47.247456],[-108.550638,47.247256],[-108.550676,47.248698],[-108.553776,47.248567],[-108.555105,47.249302],[-108.555717,47.247712],[-108.55736,47.248238],[-108.558173,47.24741],[-108.559639,47.248781],[-108.558944,47.250224],[-108.561673,47.250937],[-108.562455,47.25023],[-108.562672,47.251398],[-108.564637,47.251935],[-108.56512,47.252977],[-108.567021,47.252966],[-108.567303,47.254221],[-108.569695,47.254967],[-108.56951,47.25568],[-108.565274,47.256486],[-108.566272,47.25812],[-108.569679,47.259556],[-108.570235,47.258301],[-108.57154,47.258503],[-108.574069,47.260812],[-108.575914,47.261606],[-108.577065,47.260389],[-108.577885,47.262749],[-108.577507,47.263934],[-108.57865,47.263561],[-108.578298,47.261469],[-108.580481,47.261765],[-108.581118,47.264764],[-108.582987,47.264056],[-108.583382,47.26591],[-108.584171,47.264248],[-108.586974,47.264631],[-108.588723,47.266331],[-108.59101,47.264811],[-108.592967,47.264871],[-108.593602,47.262941],[-108.59498,47.263489],[-108.595158,47.264914],[-108.593959,47.265946],[-108.596472,47.266109],[-108.596963,47.264815],[-108.599275,47.265149],[-108.598059,47.266608],[-108.599873,47.268472],[-108.600526,47.270168],[-108.719189,47.270342],[-108.719282,47.184275],[-108.724854,47.184286],[-108.723374,47.183374],[-108.736077,47.183414],[-108.736394,47.184423],[-108.736988,47.204305],[-108.792515,47.203725],[-108.793435,47.203007],[-108.795575,47.203369],[-108.79741,47.202377],[-108.796894,47.20372],[-108.798367,47.203638],[-108.798118,47.202136],[-108.800144,47.202148]]]}},{"type":"Feature","properties":{"zcta5":"59430","AFFGEOID10":"8600000US59430","GEOID10":"59430","ALAND10":1319767931,"AWATER10":2827125,"county_name":"Fergus","state_code":"MT","county_state":"Fergus County, MT","county_fips":"30027","risk_level_county":"Medium Risk (70–79% vaccinated)","mean_vaccination_rate_county":77.25,"risk_level_zcta":"Lower Risk (80–84% vaccinated)","mean_vaccination_rate_zips":83.6,"cases":5},"geometry":{"type":"Polygon","coordinates":[[[-110.213293,47.416659],[-110.21357,47.413079],[-110.213285,47.358771],[-110.211137,47.35878],[-110.127952,47.35902],[-110.128082,47.371463],[-110.128272,47.387728],[-110.086484,47.388016],[-110.086254,47.394646],[-110.084855,47.395272],[-110.06648,47.395248],[-110.064643,47.398588],[-110.045039,47.398826],[-110.043757,47.399979],[-110.043812,47.416071],[-110.043666,47.416606],[-110.042539,47.417009],[-110.001834,47.41692],[-110.000908,47.417732],[-110.000962,47.430451],[-110.000826,47.430889],[-109.999263,47.431364],[-109.9808,47.431583],[-109.979894,47.432542],[-109.97969,47.434962],[-109.974769,47.435878],[-109.974715,47.445176],[-109.959215,47.445935],[-109.958392,47.420183],[-109.959209,47.417778],[-109.958911,47.414688],[-109.958042,47.411241],[-109.958466,47.407374],[-109.959447,47.405724],[-109.96118,47.405008],[-109.962052,47.403571],[-109.960427,47.401727],[-109.960593,47.400114],[-109.959142,47.399127],[-109.958417,47.395173],[-109.95832,47.370826],[-109.959099,47.36672],[-109.958265,47.363448],[-109.957884,47.318165],[-109.963581,47.31919],[-109.964422,47.319685],[-109.968793,47.320489],[-109.973672,47.322121],[-109.976908,47.323605],[-109.980481,47.326249],[-109.985848,47.331517],[-109.990298,47.334457],[-109.992458,47.335057],[-110.000733,47.336603],[-110.064456,47.343697],[-110.064504,47.344509],[-110.070054,47.344611],[-110.080734,47.345789],[-110.085711,47.346047],[-110.085651,47.330833],[-110.086065,47.330304],[-110.087356,47.329938],[-110.106118,47.330006],[-110.107014,47.329284],[-110.107179,47.323369],[-110.108573,47.32282],[-110.127854,47.322649],[-110.127771,47.30095],[-110.127699,47.27191],[-110.106184,47.271985],[-110.042944,47.272031],[-110.042961,47.268513],[-110.043953,47.266522],[-110.042103,47.264095],[-110.042681,47.26258],[-110.042593,47.214201],[-110.084958,47.213698],[-110.084784,47.199688],[-110.021287,47.199726],[-110.018075,47.200159],[-110.016047,47.19977],[-109.978969,47.199912],[-109.978592,47.200049],[-109.975977,47.202427],[-109.97618,47.204667],[-109.973096,47.207159],[-109.968301,47.207937],[-109.9657,47.209151],[-109.968158,47.210482],[-109.968465,47.216901],[-109.969468,47.218666],[-109.966411,47.22055],[-109.963657,47.22113],[-109.96268,47.223423],[-109.960832,47.224343],[-109.957809,47.224556],[-109.957268,47.228737],[-109.872475,47.228883],[-109.871985,47.185323],[-109.802912,47.185477],[-109.803298,47.192125],[-109.80384,47.192763],[-109.807628,47.1928],[-109.808591,47.193392],[-109.808593,47.199747],[-109.80813,47.200113],[-109.787258,47.200062],[-109.787292,47.224008],[-109.786681,47.224738],[-109.78547,47.225524],[-109.779761,47.225171],[-109.777373,47.223711],[-109.775014,47.224565],[-109.773841,47.225638],[-109.762301,47.225524],[-109.755849,47.226309],[-109.754966,47.229057],[-109.749248,47.229202],[-109.747445,47.229718],[-109.744565,47.22899],[-109.74453,47.23505],[-109.745496,47.236362],[-109.744394,47.23842],[-109.740219,47.239737],[-109.737636,47.239752],[-109.734764,47.238986],[-109.727762,47.238724],[-109.724255,47.239409],[-109.723516,47.241726],[-109.723635,47.25017],[-109.723018,47.250905],[-109.719159,47.25092],[-109.718286,47.251701],[-109.718279,47.265381],[-109.719433,47.268032],[-109.721548,47.269546],[-109.723565,47.273551],[-109.746184,47.273494],[-109.746443,47.323221],[-109.723955,47.323276],[-109.723738,47.342954],[-109.724186,47.343527],[-109.726789,47.343789],[-109.729366,47.342819],[-109.733273,47.344635],[-109.737292,47.345651],[-109.740884,47.348287],[-109.743769,47.348398],[-109.745139,47.346648],[-109.749164,47.347061],[-109.750187,47.346674],[-109.750844,47.350233],[-109.750261,47.351325],[-109.750332,47.354529],[-109.748946,47.357218],[-109.746295,47.35896],[-109.744941,47.36063],[-109.744536,47.365027],[-109.739092,47.366358],[-109.728742,47.366415],[-109.724434,47.367605],[-109.721915,47.367133],[-109.713786,47.366582],[-109.707522,47.367524],[-109.706545,47.367913],[-109.705794,47.366312],[-109.702285,47.36473],[-109.702444,47.387938],[-109.67041,47.387941],[-109.670428,47.391559],[-109.658913,47.391549],[-109.649065,47.391553],[-109.650493,47.397382],[-109.642641,47.397394],[-109.639834,47.400661],[-109.638445,47.400553],[-109.638498,47.413524],[-109.639622,47.415068],[-109.638699,47.417765],[-109.640062,47.419579],[-109.636698,47.421764],[-109.632499,47.422852],[-109.628842,47.422864],[-109.625753,47.422284],[-109.62279,47.423305],[-109.621315,47.424665],[-109.620723,47.427156],[-109.621849,47.429165],[-109.623458,47.43068],[-109.623118,47.432334],[-109.620805,47.432459],[-109.617008,47.430613],[-109.61588,47.429253],[-109.614411,47.428786],[-109.611281,47.425247],[-109.608849,47.424205],[-109.606819,47.424088],[-109.604185,47.423113],[-109.601097,47.42274],[-109.595155,47.425635],[-109.595237,47.426397],[-109.597926,47.426879],[-109.601281,47.426734],[-109.603586,47.428544],[-109.605595,47.431208],[-109.605296,47.432294],[-109.600372,47.436591],[-109.598245,47.438742],[-109.593861,47.441195],[-109.593458,47.442741],[-109.595597,47.44497],[-109.595217,47.446923],[-109.589563,47.447495],[-109.586553,47.450911],[-109.584902,47.451428],[-109.5799,47.448986],[-109.579903,47.450828],[-109.582403,47.452154],[-109.579882,47.454413],[-109.579866,47.4571],[-109.58518,47.457115],[-109.585129,47.47528],[-109.579733,47.475271],[-109.579664,47.487401],[-109.584098,47.48797],[-109.585571,47.488921],[-109.586243,47.491389],[-109.584747,47.49296],[-109.584932,47.493984],[-109.587483,47.493628],[-109.589976,47.494236],[-109.590471,47.495262],[-109.588798,47.496283],[-109.585856,47.496964],[-109.583459,47.500947],[-109.584251,47.502859],[-109.589346,47.50283],[-109.588524,47.501174],[-109.591151,47.500087],[-109.595048,47.499252],[-109.597491,47.49982],[-109.599187,47.500887],[-109.598257,47.502847],[-109.621509,47.502802],[-109.621571,47.51073],[-109.638878,47.510842],[-109.638877,47.503569],[-109.644733,47.503537],[-109.644731,47.504399],[-109.646863,47.507228],[-109.646751,47.507661],[-109.641966,47.512567],[-109.638911,47.515208],[-109.638877,47.533427],[-109.636213,47.535143],[-109.633868,47.540056],[-109.633991,47.543993],[-109.634491,47.545139],[-109.633272,47.54839],[-109.632617,47.552117],[-109.630913,47.552617],[-109.630208,47.554433],[-109.630219,47.561372],[-109.630748,47.56382],[-109.632277,47.565954],[-109.627638,47.568278],[-109.618456,47.568271],[-109.616342,47.568488],[-109.612801,47.569549],[-109.609396,47.572457],[-109.607325,47.573189],[-109.607378,47.572426],[-109.605557,47.57157],[-109.604346,47.572305],[-109.603447,47.571211],[-109.599748,47.571164],[-109.599506,47.570424],[-109.595911,47.569377],[-109.595006,47.567493],[-109.592933,47.565975],[-109.592362,47.561978],[-109.590061,47.559252],[-109.591719,47.562007],[-109.592128,47.563946],[-109.589743,47.571815],[-109.587516,47.574562],[-109.587294,47.578315],[-109.587699,47.581537],[-109.585977,47.583689],[-109.587154,47.584586],[-109.592603,47.586286],[-109.598741,47.586631],[-109.600451,47.588358],[-109.597751,47.588902],[-109.593934,47.590325],[-109.591061,47.590283],[-109.590941,47.591217],[-109.594043,47.593161],[-109.599554,47.594217],[-109.603799,47.596145],[-109.604984,47.598084],[-109.605256,47.600334],[-109.607759,47.601296],[-109.610594,47.600346],[-109.611174,47.60405],[-109.608775,47.605122],[-109.608581,47.606383],[-109.611607,47.606088],[-109.613732,47.607403],[-109.618138,47.608981],[-109.620237,47.608025],[-109.623946,47.608422],[-109.625486,47.610578],[-109.625524,47.611904],[-109.628321,47.612238],[-109.627147,47.613714],[-109.627615,47.614624],[-109.629941,47.615056],[-109.632307,47.614416],[-109.631686,47.616234],[-109.630304,47.617461],[-109.633401,47.619269],[-109.636538,47.620072],[-109.637438,47.621232],[-109.636082,47.622428],[-109.633501,47.62266],[-109.633429,47.624702],[-109.634954,47.625995],[-109.637187,47.625788],[-109.638827,47.627857],[-109.640647,47.627651],[-109.644989,47.62613],[-109.646546,47.626796],[-109.647302,47.631639],[-109.648765,47.632634],[-109.651425,47.632654],[-109.651345,47.633853],[-109.648951,47.636755],[-109.648256,47.640233],[-109.64902,47.641591],[-109.652313,47.643147],[-109.652038,47.648354],[-109.650046,47.650434],[-109.646439,47.652219],[-109.646729,47.65547],[-109.649331,47.655931],[-109.648872,47.657888],[-109.646918,47.661167],[-109.652641,47.665695],[-109.652372,47.66749],[-109.652975,47.671954],[-109.651861,47.673687],[-109.653647,47.675479],[-109.655759,47.679739],[-109.650274,47.682607],[-109.650155,47.683331],[-109.6539,47.683799],[-109.655507,47.684658],[-109.655105,47.685559],[-109.652077,47.686949],[-109.651211,47.688343],[-109.653936,47.68969],[-109.65338,47.69118],[-109.651621,47.691327],[-109.651065,47.692833],[-109.654712,47.697365],[-109.653099,47.699735],[-109.649571,47.701254],[-109.64945,47.706371],[-109.651344,47.707616],[-109.654937,47.708671],[-109.655867,47.709571],[-109.65331,47.716158],[-109.648181,47.721004],[-109.648018,47.722043],[-109.649508,47.72447],[-109.647261,47.725464],[-109.647703,47.726196],[-109.651655,47.727283],[-109.655033,47.726665],[-109.657199,47.726975],[-109.658997,47.728218],[-109.657311,47.729662],[-109.65524,47.729481],[-109.651959,47.730936],[-109.644468,47.732961],[-109.644256,47.734459],[-109.646231,47.734967],[-109.645874,47.736286],[-109.649149,47.735501],[-109.652769,47.735228],[-109.658083,47.735363],[-109.661381,47.73518],[-109.665206,47.735688],[-109.67078,47.735709],[-109.678341,47.734606],[-109.683387,47.733243],[-109.686871,47.731676],[-109.691058,47.728554],[-109.692511,47.724321],[-109.694409,47.721473],[-109.697401,47.718373],[-109.704235,47.714225],[-109.711726,47.710993],[-109.714621,47.708062],[-109.718919,47.704419],[-109.72371,47.702377],[-109.728866,47.702944],[-109.742307,47.703361],[-109.747153,47.703654],[-109.750746,47.702915],[-109.75342,47.702897],[-109.757653,47.704561],[-109.76095,47.707575],[-109.769699,47.709732],[-109.772319,47.709779],[-109.783767,47.708018],[-109.787095,47.708592],[-109.794831,47.711462],[-109.799644,47.71275],[-109.805826,47.712272],[-109.813427,47.712099],[-109.818224,47.713072],[-109.823401,47.715579],[-109.826409,47.716235],[-109.829635,47.715978],[-109.829663,47.715286],[-109.830575,47.711525],[-109.834632,47.712777],[-109.836861,47.712041],[-109.832982,47.709135],[-109.838887,47.706714],[-109.83916,47.705211],[-109.837368,47.703216],[-109.837668,47.70221],[-109.835159,47.702585],[-109.833462,47.701249],[-109.836278,47.700501],[-109.838099,47.700897],[-109.840374,47.698881],[-109.836673,47.698468],[-109.836664,47.697199],[-109.838638,47.69713],[-109.84062,47.698245],[-109.841074,47.695832],[-109.83913,47.696255],[-109.838336,47.693936],[-109.840713,47.693252],[-109.840826,47.691305],[-109.837256,47.691675],[-109.836461,47.68972],[-109.833827,47.688739],[-109.832267,47.689174],[-109.831026,47.687154],[-109.835975,47.687362],[-109.834937,47.685489],[-109.835569,47.68286],[-109.839121,47.682273],[-109.839183,47.681625],[-109.836313,47.681115],[-109.833432,47.67957],[-109.836923,47.678748],[-109.839907,47.676594],[-109.840022,47.673278],[-109.841099,47.671639],[-109.839014,47.672658],[-109.835914,47.671124],[-109.833845,47.667522],[-109.834709,47.66551],[-109.834262,47.66422],[-109.838926,47.66372],[-109.838981,47.662577],[-109.834793,47.661486],[-109.834548,47.657133],[-109.832273,47.656932],[-109.833074,47.655347],[-109.839024,47.654537],[-109.839224,47.651617],[-109.835656,47.65147],[-109.831519,47.648816],[-109.833095,47.642944],[-109.835284,47.643229],[-109.8389,47.640213],[-109.837578,47.639138],[-109.839777,47.635323],[-109.837088,47.634598],[-109.836175,47.635037],[-109.835562,47.633045],[-109.832114,47.632116],[-109.834517,47.630105],[-109.83718,47.630591],[-109.837802,47.629891],[-109.837651,47.62709],[-109.836491,47.625251],[-109.839842,47.624889],[-109.842631,47.622155],[-109.838834,47.622918],[-109.837116,47.622249],[-109.839161,47.620393],[-109.839085,47.619358],[-109.842253,47.619065],[-109.840913,47.617787],[-109.839115,47.617464],[-109.83825,47.616339],[-109.841987,47.616594],[-109.843439,47.616103],[-109.84525,47.612658],[-109.842014,47.610281],[-109.843257,47.60898],[-109.848407,47.605439],[-109.848645,47.603779],[-109.845612,47.602463],[-109.843522,47.60082],[-109.844065,47.59983],[-109.846534,47.60011],[-109.849274,47.599484],[-109.849294,47.597286],[-109.84695,47.597687],[-109.845566,47.595969],[-109.847595,47.595099],[-109.850921,47.59588],[-109.849763,47.594131],[-109.847708,47.593915],[-109.845881,47.590494],[-109.848375,47.591322],[-109.852426,47.590676],[-109.85359,47.586698],[-109.853412,47.585619],[-109.851979,47.584641],[-109.848968,47.584233],[-109.848451,47.583586],[-109.850667,47.58264],[-109.851989,47.580285],[-109.850702,47.579733],[-109.847617,47.580205],[-109.84799,47.57852],[-109.843075,47.576945],[-109.843844,47.575321],[-109.847764,47.575514],[-109.848522,47.573624],[-109.847013,47.573246],[-109.847776,47.572109],[-109.849504,47.571976],[-109.850518,47.57012],[-109.848798,47.571468],[-109.844854,47.571169],[-109.847985,47.568876],[-109.847446,47.567313],[-109.849663,47.567632],[-109.851042,47.565562],[-109.850381,47.564907],[-109.845249,47.565108],[-109.846827,47.562974],[-109.848992,47.563344],[-109.849653,47.56112],[-109.848109,47.561474],[-109.846991,47.560401],[-109.844305,47.560935],[-109.844069,47.560056],[-109.846013,47.557726],[-109.848387,47.557599],[-109.848482,47.554483],[-109.849227,47.553688],[-109.84793,47.55269],[-109.845192,47.552362],[-109.845839,47.551166],[-109.844708,47.548965],[-109.846137,47.547957],[-109.845601,47.54578],[-109.847918,47.546213],[-109.848658,47.542481],[-109.852071,47.54314],[-109.854151,47.541963],[-109.852045,47.542196],[-109.851958,47.540908],[-109.849102,47.540357],[-109.851967,47.538903],[-109.851842,47.539915],[-109.856047,47.541213],[-109.857148,47.540977],[-109.856794,47.537945],[-109.860303,47.53845],[-109.860637,47.536311],[-109.859721,47.536034],[-109.861862,47.533933],[-109.864277,47.533811],[-109.863134,47.531799],[-109.865287,47.530641],[-109.865409,47.532028],[-109.868129,47.531078],[-109.868166,47.530049],[-109.871473,47.529754],[-109.871118,47.528006],[-109.869842,47.526755],[-109.87175,47.524407],[-109.872493,47.525568],[-109.874245,47.525568],[-109.874242,47.523062],[-109.875765,47.523302],[-109.877911,47.525079],[-109.877158,47.526379],[-109.881777,47.52399],[-109.88346,47.524825],[-109.885506,47.524759],[-109.886499,47.523591],[-109.888549,47.524218],[-109.888973,47.52232],[-109.890882,47.521718],[-109.891896,47.523319],[-109.890061,47.52551],[-109.891697,47.525903],[-109.893587,47.524412],[-109.895942,47.526003],[-109.896385,47.524132],[-109.897646,47.523936],[-109.900755,47.526329],[-109.902881,47.526395],[-109.902496,47.523403],[-109.905491,47.523072],[-109.906825,47.5201],[-109.908537,47.521908],[-109.913193,47.5217],[-109.915564,47.521209],[-109.91516,47.520359],[-109.912115,47.520348],[-109.910037,47.518924],[-109.911378,47.517788],[-109.913412,47.518839],[-109.913657,47.517009],[-109.916958,47.517436],[-109.917169,47.516224],[-109.91959,47.516032],[-109.922999,47.514808],[-109.918904,47.514357],[-109.91976,47.512593],[-109.923014,47.514307],[-109.923439,47.512639],[-109.92682,47.513401],[-109.927983,47.512209],[-109.929619,47.512542],[-109.930674,47.511211],[-109.929614,47.509863],[-109.931476,47.509874],[-109.932763,47.511915],[-109.934811,47.511608],[-109.935388,47.510073],[-109.93472,47.508306],[-109.937365,47.507028],[-109.934564,47.505121],[-109.937078,47.503282],[-109.936392,47.50249],[-109.937753,47.501261],[-109.939412,47.502007],[-109.941165,47.50049],[-109.943836,47.500172],[-109.945913,47.501392],[-109.947144,47.50034],[-109.945426,47.499056],[-109.946581,47.497519],[-109.948325,47.499445],[-109.950084,47.500165],[-109.95136,47.498518],[-109.95701,47.498005],[-109.956531,47.495042],[-109.962066,47.494803],[-109.962689,47.494265],[-109.962906,47.490673],[-109.964136,47.489641],[-109.96561,47.491069],[-109.967268,47.491149],[-109.967549,47.487957],[-109.968965,47.487457],[-109.971264,47.488328],[-109.971994,47.490564],[-109.974818,47.491097],[-109.976906,47.489883],[-109.979404,47.488929],[-109.975731,47.48875],[-109.974991,47.487958],[-109.976904,47.488223],[-109.977024,47.486354],[-109.976046,47.485576],[-109.977492,47.485573],[-109.978109,47.48712],[-109.981265,47.488084],[-109.981555,47.486219],[-109.983836,47.484814],[-109.981528,47.483515],[-109.984514,47.483245],[-109.98595,47.481594],[-109.986203,47.482435],[-109.990669,47.48316],[-109.989975,47.481545],[-109.987783,47.480957],[-109.989046,47.478941],[-109.990249,47.478578],[-109.993863,47.480556],[-109.993137,47.478208],[-109.997156,47.479142],[-109.994982,47.48137],[-109.99761,47.480014],[-109.999059,47.481121],[-109.999989,47.480545],[-110.002921,47.475517],[-110.005687,47.476737],[-110.004523,47.47763],[-110.008709,47.478154],[-110.007057,47.478983],[-110.010107,47.479221],[-110.010287,47.477635],[-110.012276,47.478481],[-110.01254,47.47627],[-110.010343,47.475313],[-110.012532,47.473802],[-110.015735,47.47365],[-110.014723,47.474928],[-110.017828,47.47624],[-110.018083,47.475203],[-110.019846,47.476303],[-110.018482,47.478078],[-110.019476,47.478819],[-110.022333,47.477909],[-110.021128,47.476636],[-110.024923,47.476616],[-110.023384,47.478842],[-110.027178,47.479095],[-110.027212,47.476918],[-110.028732,47.477736],[-110.028504,47.478769],[-110.031015,47.479404],[-110.030108,47.477326],[-110.031636,47.478269],[-110.032987,47.476789],[-110.030292,47.476509],[-110.029236,47.4749],[-110.03138,47.475087],[-110.033467,47.474287],[-110.035743,47.472286],[-110.037318,47.474409],[-110.040148,47.473133],[-110.039228,47.472553],[-110.041935,47.471815],[-110.040623,47.471216],[-110.042554,47.46978],[-110.04375,47.471283],[-110.046606,47.47214],[-110.046841,47.470487],[-110.045496,47.468707],[-110.048089,47.469666],[-110.050769,47.468897],[-110.049732,47.467763],[-110.04731,47.46787],[-110.047996,47.46577],[-110.049471,47.465722],[-110.052512,47.466924],[-110.052962,47.465397],[-110.05587,47.462876],[-110.057598,47.463875],[-110.06001,47.462844],[-110.058667,47.461315],[-110.059633,47.460663],[-110.060604,47.462145],[-110.064133,47.461372],[-110.064778,47.462113],[-110.066891,47.461215],[-110.067301,47.459918],[-110.066097,47.458113],[-110.069061,47.458247],[-110.071058,47.459832],[-110.073144,47.458929],[-110.072829,47.457516],[-110.076582,47.457824],[-110.074945,47.455394],[-110.078918,47.45524],[-110.082541,47.453005],[-110.080338,47.452354],[-110.080696,47.450402],[-110.079185,47.448489],[-110.083639,47.448125],[-110.085462,47.446849],[-110.085689,47.445025],[-110.088031,47.445757],[-110.089653,47.443733],[-110.090322,47.445074],[-110.093497,47.444446],[-110.096241,47.443016],[-110.097898,47.441205],[-110.100306,47.440716],[-110.101225,47.441443],[-110.103063,47.440288],[-110.106371,47.442656],[-110.108506,47.443308],[-110.109194,47.442541],[-110.106453,47.440984],[-110.106811,47.439782],[-110.109889,47.438483],[-110.112895,47.441381],[-110.113701,47.440946],[-110.112335,47.438998],[-110.112914,47.435961],[-110.115227,47.436931],[-110.118096,47.436568],[-110.119685,47.435624],[-110.119323,47.433371],[-110.120296,47.431855],[-110.122764,47.431662],[-110.124568,47.433405],[-110.12603,47.432459],[-110.125944,47.434187],[-110.12783,47.435244],[-110.129668,47.433675],[-110.127772,47.431778],[-110.130664,47.432616],[-110.131273,47.431855],[-110.128665,47.42959],[-110.130671,47.428872],[-110.1309,47.430274],[-110.134828,47.428706],[-110.136612,47.429129],[-110.137373,47.430711],[-110.138411,47.428837],[-110.139913,47.429077],[-110.138696,47.426941],[-110.140669,47.426302],[-110.140402,47.427306],[-110.142754,47.426742],[-110.147246,47.42854],[-110.146206,47.427227],[-110.148023,47.427],[-110.146108,47.425044],[-110.147549,47.423957],[-110.151311,47.425555],[-110.151098,47.424045],[-110.152526,47.420894],[-110.155757,47.42078],[-110.157058,47.420029],[-110.156314,47.418558],[-110.158354,47.417682],[-110.158104,47.416041],[-110.159579,47.415312],[-110.159863,47.416858],[-110.161654,47.415864],[-110.161601,47.4174],[-110.164048,47.419389],[-110.165335,47.417774],[-110.166988,47.417153],[-110.167548,47.418061],[-110.170721,47.416855],[-110.213293,47.416659]]]}},{"type":"Feature","properties":{"zcta5":"59441","AFFGEOID10":"8600000US59441","GEOID10":"59441","ALAND10":640930370,"AWATER10":145193,"county_name":"Fergus","state_code":"MT","county_state":"Fergus County, MT","county_fips":"30027","risk_level_county":"Medium Risk (70–79% vaccinated)","mean_vaccination_rate_county":77.25,"risk_level_zcta":"Uninhabited","mean_vaccination_rate_zips":null,"cases":5},"geometry":{"type":"Polygon","coordinates":[[[-108.900895,46.991511],[-108.905623,46.991336],[-108.906722,46.990248],[-108.906734,46.988196],[-108.911054,46.986562],[-108.915412,46.987256],[-108.92034,46.989824],[-108.924366,46.99117],[-108.930847,46.992046],[-108.937577,46.991777],[-108.943251,46.990417],[-108.946643,46.991273],[-108.948936,46.991271],[-108.954093,46.989548],[-108.959001,46.989922],[-108.963582,46.991481],[-108.967456,46.996493],[-108.97132,46.997612],[-108.976708,46.997602],[-108.986239,46.995211],[-108.988585,46.994942],[-108.996452,46.995103],[-109.003064,46.995786],[-109.011359,46.99907],[-109.013679,46.99958],[-109.017555,46.998969],[-109.020021,46.99919],[-109.023801,47.000266],[-109.026612,47.000191],[-109.036298,46.997461],[-109.046162,46.996401],[-109.048643,46.996497],[-109.056505,46.997605],[-109.066168,47.000756],[-109.070735,47.00056],[-109.075678,46.997669],[-109.083476,46.994529],[-109.081183,46.992792],[-109.080929,46.990411],[-109.079526,46.989967],[-109.082275,46.98808],[-109.083404,46.985453],[-109.085969,46.985118],[-109.086674,46.984174],[-109.089406,46.983752],[-109.089598,46.982775],[-109.092283,46.983345],[-109.093469,46.982676],[-109.092538,46.980954],[-109.094028,46.979939],[-109.094917,46.977394],[-109.092471,46.974608],[-109.092396,46.968641],[-109.089231,46.967057],[-109.09052,46.964375],[-109.09003,46.962927],[-109.093402,46.960996],[-109.093626,46.960063],[-109.096221,46.959015],[-109.097524,46.955785],[-109.09943,46.955345],[-109.100758,46.952323],[-109.102872,46.951626],[-109.104328,46.94868],[-109.102524,46.946328],[-109.103251,46.943969],[-109.105236,46.9416],[-109.107844,46.93958],[-109.109614,46.939431],[-109.110046,46.938362],[-109.112911,46.936748],[-109.112637,46.934681],[-109.114082,46.929854],[-109.11243,46.927491],[-109.111948,46.925067],[-109.112122,46.922374],[-109.110655,46.920526],[-109.111495,46.919747],[-109.109603,46.916857],[-109.109186,46.915092],[-109.107472,46.914303],[-109.100628,46.909401],[-109.099017,46.90757],[-109.092822,46.9057],[-109.090221,46.906137],[-109.088671,46.905545],[-109.085585,46.905618],[-109.081483,46.905131],[-109.079383,46.905377],[-109.079077,46.901689],[-109.082539,46.898921],[-109.078967,46.891897],[-109.077755,46.890465],[-109.080147,46.886012],[-109.078021,46.88483],[-109.07842,46.881196],[-109.081742,46.880832],[-109.080945,46.878288],[-109.078553,46.876834],[-109.077224,46.871018],[-109.07749,46.865838],[-109.079483,46.865656],[-109.080413,46.864021],[-109.078287,46.863476],[-109.080014,46.862658],[-109.080731,46.860908],[-109.086339,46.860568],[-109.090436,46.859593],[-109.093565,46.860055],[-109.095081,46.865443],[-109.097267,46.866056],[-109.100232,46.869429],[-109.102656,46.869826],[-109.10635,46.869321],[-109.110337,46.872513],[-109.112318,46.872851],[-109.115574,46.871615],[-109.117614,46.872014],[-109.119157,46.873264],[-109.121996,46.872599],[-109.125441,46.872413],[-109.127687,46.873215],[-109.135698,46.873263],[-109.135692,46.86966],[-109.146296,46.869698],[-109.146276,46.858871],[-109.140983,46.85886],[-109.140963,46.838878],[-109.180484,46.838993],[-109.180674,46.796398],[-109.226487,46.796462],[-109.226245,46.793191],[-109.22754,46.792465],[-109.227385,46.790021],[-109.226342,46.788913],[-109.220558,46.78487],[-109.21327,46.782577],[-109.210941,46.780079],[-109.204912,46.777384],[-109.202756,46.775942],[-109.196515,46.773934],[-109.192443,46.770726],[-109.190314,46.768611],[-109.188342,46.767546],[-109.183234,46.766683],[-109.181206,46.765143],[-109.183397,46.760662],[-109.189707,46.755996],[-109.192299,46.751324],[-109.00957,46.750702],[-108.972627,46.750708],[-108.794213,46.749986],[-108.793486,46.749653],[-108.789916,46.749949],[-108.715592,46.749466],[-108.715769,46.757725],[-108.715023,46.76035],[-108.715731,46.762343],[-108.715107,46.763373],[-108.714566,46.767872],[-108.710368,46.774423],[-108.711841,46.773807],[-108.714196,46.775133],[-108.717707,46.774299],[-108.720685,46.775576],[-108.720733,46.774068],[-108.722488,46.773294],[-108.726575,46.774159],[-108.729736,46.773505],[-108.734167,46.77499],[-108.737391,46.774045],[-108.736959,46.772592],[-108.738435,46.771917],[-108.740941,46.772552],[-108.740631,46.77361],[-108.74273,46.773423],[-108.741479,46.775156],[-108.743866,46.775835],[-108.741073,46.776928],[-108.742959,46.778347],[-108.743447,46.779663],[-108.744699,46.778314],[-108.74739,46.779223],[-108.748098,46.776875],[-108.746971,46.776141],[-108.747392,46.773722],[-108.749899,46.773951],[-108.752107,46.775764],[-108.754503,46.775085],[-108.754693,46.776265],[-108.756432,46.776885],[-108.756447,46.778289],[-108.755186,46.778239],[-108.758169,46.780873],[-108.757487,46.784181],[-108.776134,46.793139],[-108.779171,46.794177],[-108.802156,46.800544],[-108.815131,46.802483],[-108.818685,46.803355],[-108.824376,46.805335],[-108.827555,46.807577],[-108.836647,46.81624],[-108.84023,46.820828],[-108.84284,46.82232],[-108.862116,46.828146],[-108.864645,46.828786],[-108.867534,46.828432],[-108.870806,46.828934],[-108.872896,46.830106],[-108.876523,46.835458],[-108.876116,46.840606],[-108.875983,46.866328],[-108.875538,46.868476],[-108.876597,46.872213],[-108.87614,46.874855],[-108.876018,46.892893],[-108.875362,46.89385],[-108.865196,46.901784],[-108.861601,46.905451],[-108.858021,46.90819],[-108.854331,46.912972],[-108.849977,46.917845],[-108.848128,46.921217],[-108.846048,46.923106],[-108.844256,46.926874],[-108.840092,46.931688],[-108.840731,46.933482],[-108.840473,46.935992],[-108.844918,46.938669],[-108.846492,46.940466],[-108.848998,46.941004],[-108.850637,46.942954],[-108.850654,46.945958],[-108.840776,46.947341],[-108.836053,46.94874],[-108.83093,46.948927],[-108.829322,46.949439],[-108.826307,46.949003],[-108.822691,46.949681],[-108.822619,46.960988],[-108.823744,46.96296],[-108.822563,46.965079],[-108.822343,46.985294],[-108.823342,46.988712],[-108.823071,46.992341],[-108.822098,46.995381],[-108.820321,46.99803],[-108.820504,47.000007],[-108.82007,47.006944],[-108.815938,47.010246],[-108.814736,47.014976],[-108.811928,47.016997],[-108.812415,47.019227],[-108.814616,47.019468],[-108.817282,47.020666],[-108.829598,47.014502],[-108.835545,47.012229],[-108.8435,47.011661],[-108.849512,47.009937],[-108.854626,47.007536],[-108.855183,47.005787],[-108.856494,47.004854],[-108.868257,46.999247],[-108.870866,46.997484],[-108.87416,46.996132],[-108.879701,46.99502],[-108.881936,46.994191],[-108.887941,46.990129],[-108.891235,46.989077],[-108.895468,46.988774],[-108.896241,46.990473],[-108.900895,46.991511]]]}},{"type":"Feature","properties":{"zcta5":"59471","AFFGEOID10":"8600000US59471","GEOID10":"59471","ALAND10":2446584483,"AWATER10":8025851,"county_name":"Fergus","state_code":"MT","county_state":"Fergus County, MT","county_fips":"30027","risk_level_county":"Medium Risk (70–79% vaccinated)","mean_vaccination_rate_county":77.25,"risk_level_zcta":"Lowest Risk (85%+)","mean_vaccination_rate_zips":99.19,"cases":5},"geometry":{"type":"Polygon","coordinates":[[[-109.207991,47.472731],[-109.207087,47.377893],[-109.208486,47.378531],[-109.208477,47.375909],[-109.206583,47.374488],[-109.206534,47.37264],[-109.207219,47.371389],[-109.208729,47.372382],[-109.210982,47.372272],[-109.212919,47.370675],[-109.211368,47.369837],[-109.207679,47.369815],[-109.209244,47.367408],[-109.206952,47.367611],[-109.205289,47.36584],[-109.205175,47.363981],[-109.207023,47.363114],[-109.205497,47.35944],[-109.207345,47.359363],[-109.206344,47.3582],[-109.209185,47.357432],[-109.206521,47.355118],[-109.208424,47.352589],[-109.209143,47.353204],[-109.212225,47.351009],[-109.210328,47.351037],[-109.211377,47.350176],[-109.216074,47.350383],[-109.218462,47.350608],[-109.218673,47.352335],[-109.220222,47.351715],[-109.221942,47.353579],[-109.223459,47.353348],[-109.22575,47.351467],[-109.223934,47.351626],[-109.225749,47.350129],[-109.228679,47.350643],[-109.228185,47.348587],[-109.225758,47.347444],[-109.221955,47.342525],[-109.218445,47.340233],[-109.21833,47.338845],[-109.214488,47.336445],[-109.206409,47.332502],[-109.195625,47.326636],[-109.18947,47.324022],[-109.186575,47.322234],[-109.187076,47.320574],[-109.185106,47.31549],[-109.182124,47.315406],[-109.178003,47.314277],[-109.173559,47.311948],[-109.172452,47.309805],[-109.166748,47.305212],[-109.163858,47.303913],[-109.161405,47.301613],[-109.161096,47.300781],[-109.161096,47.292549],[-109.142184,47.291512],[-109.138078,47.289996],[-109.136852,47.289069],[-109.133627,47.288835],[-109.128594,47.287667],[-109.125079,47.284734],[-109.120866,47.285013],[-109.117307,47.282117],[-109.116128,47.281787],[-109.10965,47.283369],[-109.10866,47.279724],[-109.109545,47.271162],[-109.111603,47.264424],[-109.111912,47.260451],[-109.110021,47.255484],[-109.108665,47.253028],[-109.104356,47.24619],[-109.103464,47.243147],[-109.008719,47.243292],[-109.007907,47.192043],[-108.932659,47.192125],[-108.932483,47.19852],[-108.820552,47.198017],[-108.805076,47.203279],[-108.804192,47.20337],[-108.800154,47.203378],[-108.800144,47.202148],[-108.798118,47.202136],[-108.798367,47.203638],[-108.796894,47.20372],[-108.79741,47.202377],[-108.795575,47.203369],[-108.793435,47.203007],[-108.792515,47.203725],[-108.736988,47.204305],[-108.736394,47.184423],[-108.736077,47.183414],[-108.723374,47.183374],[-108.724854,47.184286],[-108.719282,47.184275],[-108.719189,47.270342],[-108.600526,47.270168],[-108.591111,47.270135],[-108.590901,47.306262],[-108.585424,47.306269],[-108.579277,47.30655],[-108.464255,47.306838],[-108.464257,47.307967],[-108.421903,47.307979],[-108.418235,47.307663],[-108.406512,47.307693],[-108.399175,47.307975],[-108.398737,47.307561],[-108.396723,47.307975],[-108.3368,47.307932],[-108.336803,47.315159],[-108.315481,47.315152],[-108.31586,47.445612],[-108.31543,47.449944],[-108.31485,47.450915],[-108.314807,47.454034],[-108.315434,47.45491],[-108.31549,47.531071],[-108.313146,47.531071],[-108.313048,47.58365],[-108.316342,47.585464],[-108.323904,47.58544],[-108.328231,47.584535],[-108.332978,47.582719],[-108.332682,47.580277],[-108.328976,47.578003],[-108.325403,47.576578],[-108.323762,47.573817],[-108.32476,47.571659],[-108.326383,47.570761],[-108.333251,47.568052],[-108.335819,47.5674],[-108.343293,47.566626],[-108.3489,47.566684],[-108.350385,47.567444],[-108.350931,47.574598],[-108.352133,47.576914],[-108.354044,47.578869],[-108.356267,47.580207],[-108.358022,47.580089],[-108.361684,47.577483],[-108.364561,47.576474],[-108.366771,47.576076],[-108.372677,47.576167],[-108.377853,47.577607],[-108.380015,47.579427],[-108.380742,47.581573],[-108.379318,47.584919],[-108.379423,47.586741],[-108.383038,47.589916],[-108.386342,47.592007],[-108.391857,47.5938],[-108.396893,47.594106],[-108.400487,47.595186],[-108.402485,47.59536],[-108.404464,47.595058],[-108.405918,47.593359],[-108.405466,47.591017],[-108.405753,47.589224],[-108.407194,47.587374],[-108.409792,47.585847],[-108.412458,47.5849],[-108.417872,47.584226],[-108.424522,47.584747],[-108.42828,47.586241],[-108.428956,47.588458],[-108.424281,47.591803],[-108.421942,47.594708],[-108.421463,47.596956],[-108.422361,47.600924],[-108.425143,47.604153],[-108.426587,47.604866],[-108.428885,47.604704],[-108.43249,47.601941],[-108.435911,47.601227],[-108.439342,47.602479],[-108.441443,47.605174],[-108.438722,47.60847],[-108.438348,47.610654],[-108.440017,47.61356],[-108.442461,47.61477],[-108.447651,47.615961],[-108.450943,47.616377],[-108.456908,47.615726],[-108.459953,47.613794],[-108.461199,47.611821],[-108.461103,47.609951],[-108.461715,47.60722],[-108.463169,47.605434],[-108.466495,47.602918],[-108.470167,47.601155],[-108.474541,47.598274],[-108.477325,47.597402],[-108.47987,47.598459],[-108.490404,47.600768],[-108.493688,47.600723],[-108.499724,47.599685],[-108.505486,47.599934],[-108.509227,47.601199],[-108.510376,47.602396],[-108.510538,47.60443],[-108.508132,47.607188],[-108.507494,47.609147],[-108.508601,47.611562],[-108.510078,47.612964],[-108.513343,47.615008],[-108.521008,47.618703],[-108.527063,47.621103],[-108.528671,47.620913],[-108.530348,47.619606],[-108.531234,47.61775],[-108.533021,47.615902],[-108.535453,47.614756],[-108.538516,47.61394],[-108.547981,47.6141],[-108.554873,47.61308],[-108.562866,47.610906],[-108.572422,47.609483],[-108.574528,47.609739],[-108.576437,47.610654],[-108.579358,47.613671],[-108.582157,47.615466],[-108.588012,47.615847],[-108.590207,47.614826],[-108.592604,47.614674],[-108.595766,47.615936],[-108.600261,47.620667],[-108.605175,47.623407],[-108.608029,47.624102],[-108.610972,47.624329],[-108.615282,47.622847],[-108.620593,47.621483],[-108.624991,47.620703],[-108.628442,47.619656],[-108.631376,47.619525],[-108.641576,47.620522],[-108.648716,47.620912],[-108.656879,47.621982],[-108.660777,47.621163],[-108.664243,47.619803],[-108.66888,47.619126],[-108.6714,47.619556],[-108.675337,47.622191],[-108.677002,47.621371],[-108.679165,47.61937],[-108.678439,47.618174],[-108.794954,47.618039],[-108.799028,47.616072],[-108.810081,47.614147],[-108.837268,47.613891],[-108.837707,47.615588],[-108.84118,47.612958],[-108.845801,47.611723],[-108.847193,47.608181],[-108.847245,47.605841],[-108.848079,47.605063],[-108.850828,47.604535],[-108.855126,47.605228],[-108.858252,47.60314],[-108.861399,47.602863],[-108.862907,47.601472],[-108.865743,47.600807],[-108.875244,47.600207],[-108.882129,47.598782],[-108.883472,47.598997],[-108.891276,47.601574],[-108.892747,47.601775],[-108.901028,47.599992],[-108.90627,47.59989],[-108.911678,47.600761],[-108.915621,47.600669],[-108.92189,47.59895],[-108.924251,47.596567],[-108.929855,47.595773],[-108.935146,47.59127],[-108.937541,47.590659],[-108.95834,47.593794],[-108.964514,47.593988],[-108.964651,47.573059],[-108.97264,47.572715],[-108.970921,47.569315],[-109.024474,47.569363],[-109.024461,47.554282],[-109.0221,47.554466],[-109.022112,47.553776],[-109.024458,47.553249],[-109.024433,47.540379],[-109.059789,47.54043],[-109.05965,47.547715],[-109.088417,47.547598],[-109.088604,47.54051],[-109.140112,47.540546],[-109.139765,47.495649],[-109.160889,47.495577],[-109.160948,47.480961],[-109.20806,47.48102],[-109.207991,47.472731]]]}},{"type":"Feature","properties":{"zcta5":"59451","AFFGEOID10":"8600000US59451","GEOID10":"59451","ALAND10":596379185,"AWATER10":648066,"county_name":"Fergus","state_code":"MT","county_state":"Fergus County, MT","county_fips":"30027","risk_level_county":"Medium Risk (70–79% vaccinated)","mean_vaccination_rate_county":77.25,"risk_level_zcta":"Lower Risk (80–84% vaccinated)","mean_vaccination_rate_zips":82.07,"cases":5},"geometry":{"type":"MultiPolygon","coordinates":[[[[-109.590061,47.559252],[-109.592362,47.561978],[-109.592933,47.565975],[-109.595006,47.567493],[-109.595911,47.569377],[-109.599506,47.570424],[-109.599748,47.571164],[-109.603447,47.571211],[-109.604346,47.572305],[-109.605557,47.57157],[-109.607378,47.572426],[-109.607325,47.573189],[-109.609396,47.572457],[-109.612801,47.569549],[-109.616342,47.568488],[-109.618456,47.568271],[-109.627638,47.568278],[-109.632277,47.565954],[-109.630748,47.56382],[-109.630219,47.561372],[-109.630208,47.554433],[-109.630913,47.552617],[-109.632617,47.552117],[-109.633272,47.54839],[-109.634491,47.545139],[-109.633991,47.543993],[-109.633868,47.540056],[-109.636213,47.535143],[-109.638877,47.533427],[-109.638911,47.515208],[-109.641966,47.512567],[-109.646751,47.507661],[-109.646863,47.507228],[-109.644731,47.504399],[-109.644733,47.503537],[-109.638877,47.503569],[-109.638878,47.510842],[-109.621571,47.51073],[-109.621509,47.502802],[-109.598257,47.502847],[-109.599187,47.500887],[-109.597491,47.49982],[-109.595048,47.499252],[-109.591151,47.500087],[-109.588524,47.501174],[-109.589346,47.50283],[-109.584251,47.502859],[-109.583459,47.500947],[-109.585856,47.496964],[-109.588798,47.496283],[-109.590471,47.495262],[-109.589976,47.494236],[-109.587483,47.493628],[-109.584932,47.493984],[-109.584747,47.49296],[-109.586243,47.491389],[-109.585571,47.488921],[-109.584098,47.48797],[-109.579664,47.487401],[-109.579733,47.475271],[-109.585129,47.47528],[-109.58518,47.457115],[-109.579866,47.4571],[-109.579882,47.454413],[-109.582403,47.452154],[-109.579903,47.450828],[-109.5799,47.448986],[-109.584902,47.451428],[-109.586553,47.450911],[-109.589563,47.447495],[-109.595217,47.446923],[-109.595597,47.44497],[-109.593458,47.442741],[-109.593861,47.441195],[-109.598245,47.438742],[-109.600372,47.436591],[-109.605296,47.432294],[-109.605595,47.431208],[-109.603586,47.428544],[-109.601281,47.426734],[-109.597926,47.426879],[-109.595237,47.426397],[-109.595155,47.425635],[-109.601097,47.42274],[-109.604185,47.423113],[-109.606819,47.424088],[-109.608849,47.424205],[-109.611281,47.425247],[-109.614411,47.428786],[-109.61588,47.429253],[-109.617008,47.430613],[-109.620805,47.432459],[-109.623118,47.432334],[-109.623458,47.43068],[-109.621849,47.429165],[-109.620723,47.427156],[-109.621315,47.424665],[-109.62279,47.423305],[-109.625753,47.422284],[-109.628842,47.422864],[-109.632499,47.422852],[-109.636698,47.421764],[-109.640062,47.419579],[-109.638699,47.417765],[-109.639622,47.415068],[-109.638498,47.413524],[-109.638522,47.419977],[-109.617542,47.419893],[-109.612741,47.423131],[-109.606481,47.423124],[-109.602633,47.422029],[-109.595823,47.423105],[-109.574452,47.423062],[-109.574459,47.406185],[-109.579272,47.404002],[-109.574087,47.406192],[-109.531734,47.406892],[-109.531731,47.408602],[-109.489185,47.40809],[-109.484662,47.407891],[-109.484285,47.405471],[-109.485,47.401734],[-109.4873,47.39556],[-109.489558,47.391912],[-109.490775,47.388984],[-109.492578,47.386305],[-109.491747,47.383793],[-109.489353,47.380685],[-109.489035,47.375924],[-109.488178,47.374682],[-109.482992,47.369365],[-109.477589,47.364463],[-109.474632,47.362788],[-109.473571,47.352555],[-109.474525,47.351405],[-109.472719,47.351245],[-109.471063,47.349325],[-109.46133,47.345605],[-109.454037,47.342102],[-109.450116,47.339963],[-109.442893,47.339906],[-109.438512,47.338799],[-109.434228,47.338182],[-109.434142,47.330587],[-109.416089,47.330663],[-109.414236,47.328925],[-109.414203,47.323379],[-109.413307,47.322437],[-109.40558,47.322631],[-109.403865,47.322],[-109.403561,47.312511],[-109.404596,47.307813],[-109.403815,47.306909],[-109.403843,47.304251],[-109.399505,47.304168],[-109.383686,47.304345],[-109.383618,47.290866],[-109.376276,47.290889],[-109.376296,47.297376],[-109.3605,47.297825],[-109.361293,47.255255],[-109.369757,47.255231],[-109.384922,47.254598],[-109.395786,47.254811],[-109.396627,47.255113],[-109.398915,47.258558],[-109.416656,47.258761],[-109.419729,47.258981],[-109.419898,47.258192],[-109.422477,47.257135],[-109.425593,47.255169],[-109.427732,47.251726],[-109.429736,47.246242],[-109.429375,47.230841],[-109.426746,47.228833],[-109.426519,47.227982],[-109.43032,47.225345],[-109.43056,47.224145],[-109.429916,47.222991],[-109.42778,47.221723],[-109.426832,47.22001],[-109.427259,47.218097],[-109.426542,47.216582],[-109.42393,47.21513],[-109.423053,47.213418],[-109.424601,47.207841],[-109.411114,47.207568],[-109.409299,47.20713],[-109.408548,47.205652],[-109.408485,47.200259],[-109.398712,47.200025],[-109.387956,47.212609],[-109.387368,47.213619],[-109.387061,47.215086],[-109.386968,47.232863],[-109.385995,47.235591],[-109.383401,47.237084],[-109.372403,47.24126],[-109.369218,47.243271],[-109.366094,47.246796],[-109.3631,47.252017],[-109.361936,47.253189],[-109.354977,47.253206],[-109.355032,47.255301],[-109.35205,47.255391],[-109.349652,47.256126],[-109.343783,47.259071],[-109.340917,47.259891],[-109.305385,47.259888],[-109.303545,47.26013],[-109.263745,47.268072],[-109.261711,47.268629],[-109.256868,47.271099],[-109.232725,47.289921],[-109.229717,47.29171],[-109.226769,47.292957],[-109.178349,47.308081],[-109.179145,47.305912],[-109.178857,47.255281],[-109.110021,47.255484],[-109.111912,47.260451],[-109.111603,47.264424],[-109.109545,47.271162],[-109.10866,47.279724],[-109.10965,47.283369],[-109.116128,47.281787],[-109.117307,47.282117],[-109.120866,47.285013],[-109.125079,47.284734],[-109.128594,47.287667],[-109.133627,47.288835],[-109.136852,47.289069],[-109.138078,47.289996],[-109.142184,47.291512],[-109.161096,47.292549],[-109.161096,47.300781],[-109.161405,47.301613],[-109.163858,47.303913],[-109.166748,47.305212],[-109.172452,47.309805],[-109.173559,47.311948],[-109.178003,47.314277],[-109.182124,47.315406],[-109.185106,47.31549],[-109.187076,47.320574],[-109.186575,47.322234],[-109.18947,47.324022],[-109.195625,47.326636],[-109.206409,47.332502],[-109.214488,47.336445],[-109.21833,47.338845],[-109.218445,47.340233],[-109.221955,47.342525],[-109.225758,47.347444],[-109.228185,47.348587],[-109.228679,47.350643],[-109.225749,47.350129],[-109.223934,47.351626],[-109.22575,47.351467],[-109.223459,47.353348],[-109.221942,47.353579],[-109.220222,47.351715],[-109.218673,47.352335],[-109.218462,47.350608],[-109.216074,47.350383],[-109.211377,47.350176],[-109.210328,47.351037],[-109.212225,47.351009],[-109.209143,47.353204],[-109.208424,47.352589],[-109.206521,47.355118],[-109.209185,47.357432],[-109.206344,47.3582],[-109.207345,47.359363],[-109.205497,47.35944],[-109.207023,47.363114],[-109.205175,47.363981],[-109.205289,47.36584],[-109.206952,47.367611],[-109.209244,47.367408],[-109.207679,47.369815],[-109.211368,47.369837],[-109.212919,47.370675],[-109.210982,47.372272],[-109.208729,47.372382],[-109.207219,47.371389],[-109.206534,47.37264],[-109.206583,47.374488],[-109.208477,47.375909],[-109.208486,47.378531],[-109.207087,47.377893],[-109.207991,47.472731],[-109.209255,47.472045],[-109.21367,47.472158],[-109.232034,47.471964],[-109.233684,47.471711],[-109.238363,47.469285],[-109.244285,47.46551],[-109.244855,47.463864],[-109.246673,47.463131],[-109.251284,47.462964],[-109.253213,47.461938],[-109.256141,47.461737],[-109.258652,47.46206],[-109.262838,47.461478],[-109.265472,47.461586],[-109.269896,47.463744],[-109.273191,47.463809],[-109.279938,47.466438],[-109.284202,47.467492],[-109.288663,47.467457],[-109.290221,47.468496],[-109.29171,47.467877],[-109.318569,47.467785],[-109.353018,47.467858],[-109.353997,47.467693],[-109.357425,47.471104],[-109.358812,47.473039],[-109.359283,47.476498],[-109.358319,47.478755],[-109.364432,47.478827],[-109.372535,47.480556],[-109.380662,47.483188],[-109.385768,47.481985],[-109.38862,47.48224],[-109.425176,47.481912],[-109.431402,47.481995],[-109.435954,47.483102],[-109.441834,47.483162],[-109.44484,47.481663],[-109.465645,47.481468],[-109.469386,47.481738],[-109.475062,47.480665],[-109.472758,47.48326],[-109.473487,47.484641],[-109.475316,47.484685],[-109.47521,47.483094],[-109.478389,47.483143],[-109.476853,47.484778],[-109.477121,47.486011],[-109.474832,47.487054],[-109.472396,47.48706],[-109.474728,47.488787],[-109.471509,47.49204],[-109.473663,47.49374],[-109.47287,47.494163],[-109.478187,47.494808],[-109.480046,47.492416],[-109.480801,47.494818],[-109.478983,47.498455],[-109.482834,47.497313],[-109.486306,47.498035],[-109.484191,47.494598],[-109.485324,47.494334],[-109.488741,47.496927],[-109.49056,47.495182],[-109.491693,47.495247],[-109.490708,47.497057],[-109.49138,47.498072],[-109.495208,47.497565],[-109.496285,47.498497],[-109.499757,47.498825],[-109.501899,47.499981],[-109.502502,47.503365],[-109.507067,47.503296],[-109.507696,47.505491],[-109.508669,47.503747],[-109.512361,47.502032],[-109.513272,47.505323],[-109.515523,47.504732],[-109.515732,47.506032],[-109.517602,47.506131],[-109.517763,47.507091],[-109.521755,47.505222],[-109.522264,47.506127],[-109.524458,47.505519],[-109.525325,47.504148],[-109.528286,47.504972],[-109.528779,47.506107],[-109.530479,47.505943],[-109.531133,47.508231],[-109.532065,47.50737],[-109.533691,47.508615],[-109.536087,47.508215],[-109.537001,47.509148],[-109.540385,47.508869],[-109.542157,47.50973],[-109.542221,47.511787],[-109.544123,47.512435],[-109.546519,47.5121],[-109.54715,47.512967],[-109.549546,47.512578],[-109.549182,47.51351],[-109.553221,47.5148],[-109.552144,47.51566],[-109.554103,47.517158],[-109.553552,47.5178],[-109.556977,47.517169],[-109.557981,47.518151],[-109.559657,47.516741],[-109.560555,47.518864],[-109.563785,47.518776],[-109.565526,47.519643],[-109.567008,47.519187],[-109.573566,47.521183],[-109.574627,47.523432],[-109.576003,47.522428],[-109.577088,47.523991],[-109.585282,47.524527],[-109.586521,47.525229],[-109.585226,47.525542],[-109.584466,47.528098],[-109.585332,47.526792],[-109.588594,47.525826],[-109.589579,47.527834],[-109.589822,47.531748],[-109.59148,47.53479],[-109.589401,47.535645],[-109.585571,47.535799],[-109.581683,47.537127],[-109.580182,47.539256],[-109.581696,47.540169],[-109.586631,47.54049],[-109.590346,47.542263],[-109.591814,47.543879],[-109.595087,47.545849],[-109.594563,47.548286],[-109.592024,47.549806],[-109.586416,47.54898],[-109.584547,47.549724],[-109.58161,47.551832],[-109.581523,47.553374],[-109.582543,47.556199],[-109.589671,47.558137],[-109.590061,47.559252]]],[[[-109.658913,47.391549],[-109.670428,47.391559],[-109.67041,47.387941],[-109.702444,47.387938],[-109.702285,47.36473],[-109.705794,47.366312],[-109.706545,47.367913],[-109.707522,47.367524],[-109.713786,47.366582],[-109.721915,47.367133],[-109.724434,47.367605],[-109.728742,47.366415],[-109.739092,47.366358],[-109.744536,47.365027],[-109.744941,47.36063],[-109.746295,47.35896],[-109.748946,47.357218],[-109.750332,47.354529],[-109.750261,47.351325],[-109.750844,47.350233],[-109.750187,47.346674],[-109.749164,47.347061],[-109.745139,47.346648],[-109.743769,47.348398],[-109.740884,47.348287],[-109.737292,47.345651],[-109.733273,47.344635],[-109.729366,47.342819],[-109.726789,47.343789],[-109.724186,47.343527],[-109.723738,47.342954],[-109.723955,47.323276],[-109.715208,47.323262],[-109.716477,47.32451],[-109.716281,47.325886],[-109.714987,47.327712],[-109.715107,47.329493],[-109.71358,47.330752],[-109.709414,47.331658],[-109.708798,47.332872],[-109.70939,47.335754],[-109.708214,47.338491],[-109.707881,47.340566],[-109.704772,47.34131],[-109.70542,47.342208],[-109.708411,47.342583],[-109.711131,47.343871],[-109.712208,47.344921],[-109.7119,47.346753],[-109.710534,47.347609],[-109.704233,47.348666],[-109.702454,47.35049],[-109.700918,47.353883],[-109.699596,47.35414],[-109.696829,47.353314],[-109.691475,47.353701],[-109.687553,47.356251],[-109.686707,47.357564],[-109.690576,47.359077],[-109.690851,47.361106],[-109.689587,47.362347],[-109.686832,47.361332],[-109.685515,47.361792],[-109.684195,47.36397],[-109.682936,47.363493],[-109.683004,47.362277],[-109.673351,47.362114],[-109.671546,47.362519],[-109.670645,47.364429],[-109.674833,47.367588],[-109.675079,47.369118],[-109.677147,47.370305],[-109.677454,47.371949],[-109.676419,47.372426],[-109.674326,47.371438],[-109.672086,47.373587],[-109.672296,47.37601],[-109.670776,47.376676],[-109.66941,47.376091],[-109.669223,47.377551],[-109.667337,47.378452],[-109.669206,47.380183],[-109.670038,47.38236],[-109.668672,47.383703],[-109.667824,47.381491],[-109.665894,47.381946],[-109.666265,47.38465],[-109.663026,47.387518],[-109.662633,47.389213],[-109.661238,47.389062],[-109.659701,47.387487],[-109.658487,47.389792],[-109.658913,47.391549]]]]}},{"type":"Feature","properties":{"zcta5":"59489","AFFGEOID10":"8600000US59489","GEOID10":"59489","ALAND10":1642087884,"AWATER10":13902815,"county_name":"Fergus","state_code":"MT","county_state":"Fergus County, MT","county_fips":"30027","risk_level_county":"Medium Risk (70–79% vaccinated)","mean_vaccination_rate_county":77.25,"risk_level_zcta":"Lowest Risk (85%+)","mean_vaccination_rate_zips":94.95,"cases":5},"geometry":{"type":"Polygon","coordinates":[[[-109.645874,47.736286],[-109.646231,47.734967],[-109.644256,47.734459],[-109.644468,47.732961],[-109.651959,47.730936],[-109.65524,47.729481],[-109.657311,47.729662],[-109.658997,47.728218],[-109.657199,47.726975],[-109.655033,47.726665],[-109.651655,47.727283],[-109.647703,47.726196],[-109.647261,47.725464],[-109.649508,47.72447],[-109.648018,47.722043],[-109.648181,47.721004],[-109.65331,47.716158],[-109.655867,47.709571],[-109.654937,47.708671],[-109.651344,47.707616],[-109.64945,47.706371],[-109.649571,47.701254],[-109.653099,47.699735],[-109.654712,47.697365],[-109.651065,47.692833],[-109.651621,47.691327],[-109.65338,47.69118],[-109.653936,47.68969],[-109.651211,47.688343],[-109.652077,47.686949],[-109.655105,47.685559],[-109.655507,47.684658],[-109.6539,47.683799],[-109.650155,47.683331],[-109.650274,47.682607],[-109.655759,47.679739],[-109.653647,47.675479],[-109.651861,47.673687],[-109.652975,47.671954],[-109.652372,47.66749],[-109.652641,47.665695],[-109.646918,47.661167],[-109.648872,47.657888],[-109.649331,47.655931],[-109.646729,47.65547],[-109.646439,47.652219],[-109.650046,47.650434],[-109.652038,47.648354],[-109.652313,47.643147],[-109.64902,47.641591],[-109.648256,47.640233],[-109.648951,47.636755],[-109.651345,47.633853],[-109.651425,47.632654],[-109.648765,47.632634],[-109.647302,47.631639],[-109.646546,47.626796],[-109.644989,47.62613],[-109.640647,47.627651],[-109.638827,47.627857],[-109.637187,47.625788],[-109.634954,47.625995],[-109.633429,47.624702],[-109.633501,47.62266],[-109.636082,47.622428],[-109.637438,47.621232],[-109.636538,47.620072],[-109.633401,47.619269],[-109.630304,47.617461],[-109.631686,47.616234],[-109.632307,47.614416],[-109.629941,47.615056],[-109.627615,47.614624],[-109.627147,47.613714],[-109.628321,47.612238],[-109.625524,47.611904],[-109.625486,47.610578],[-109.623946,47.608422],[-109.620237,47.608025],[-109.618138,47.608981],[-109.613732,47.607403],[-109.611607,47.606088],[-109.608581,47.606383],[-109.608775,47.605122],[-109.611174,47.60405],[-109.610594,47.600346],[-109.607759,47.601296],[-109.605256,47.600334],[-109.604984,47.598084],[-109.603799,47.596145],[-109.599554,47.594217],[-109.594043,47.593161],[-109.590941,47.591217],[-109.591061,47.590283],[-109.593934,47.590325],[-109.597751,47.588902],[-109.600451,47.588358],[-109.598741,47.586631],[-109.592603,47.586286],[-109.587154,47.584586],[-109.585977,47.583689],[-109.587699,47.581537],[-109.587294,47.578315],[-109.587516,47.574562],[-109.589743,47.571815],[-109.592128,47.563946],[-109.591719,47.562007],[-109.590061,47.559252],[-109.589671,47.558137],[-109.582543,47.556199],[-109.581523,47.553374],[-109.58161,47.551832],[-109.584547,47.549724],[-109.586416,47.54898],[-109.592024,47.549806],[-109.594563,47.548286],[-109.595087,47.545849],[-109.591814,47.543879],[-109.590346,47.542263],[-109.586631,47.54049],[-109.581696,47.540169],[-109.580182,47.539256],[-109.581683,47.537127],[-109.585571,47.535799],[-109.589401,47.535645],[-109.59148,47.53479],[-109.589822,47.531748],[-109.589579,47.527834],[-109.588594,47.525826],[-109.585332,47.526792],[-109.584466,47.528098],[-109.585226,47.525542],[-109.586521,47.525229],[-109.585282,47.524527],[-109.577088,47.523991],[-109.576003,47.522428],[-109.574627,47.523432],[-109.573566,47.521183],[-109.567008,47.519187],[-109.565526,47.519643],[-109.563785,47.518776],[-109.560555,47.518864],[-109.559657,47.516741],[-109.557981,47.518151],[-109.556977,47.517169],[-109.553552,47.5178],[-109.554103,47.517158],[-109.552144,47.51566],[-109.553221,47.5148],[-109.549182,47.51351],[-109.549546,47.512578],[-109.54715,47.512967],[-109.546519,47.5121],[-109.544123,47.512435],[-109.542221,47.511787],[-109.542157,47.50973],[-109.540385,47.508869],[-109.537001,47.509148],[-109.536087,47.508215],[-109.533691,47.508615],[-109.532065,47.50737],[-109.531133,47.508231],[-109.530479,47.505943],[-109.528779,47.506107],[-109.528286,47.504972],[-109.525325,47.504148],[-109.524458,47.505519],[-109.522264,47.506127],[-109.521755,47.505222],[-109.517763,47.507091],[-109.517602,47.506131],[-109.515732,47.506032],[-109.515523,47.504732],[-109.513272,47.505323],[-109.512361,47.502032],[-109.508669,47.503747],[-109.507696,47.505491],[-109.507067,47.503296],[-109.502502,47.503365],[-109.501899,47.499981],[-109.499757,47.498825],[-109.496285,47.498497],[-109.495208,47.497565],[-109.49138,47.498072],[-109.490708,47.497057],[-109.491693,47.495247],[-109.49056,47.495182],[-109.488741,47.496927],[-109.485324,47.494334],[-109.484191,47.494598],[-109.486306,47.498035],[-109.482834,47.497313],[-109.478983,47.498455],[-109.480801,47.494818],[-109.480046,47.492416],[-109.478187,47.494808],[-109.47287,47.494163],[-109.473663,47.49374],[-109.471509,47.49204],[-109.474728,47.488787],[-109.472396,47.48706],[-109.474832,47.487054],[-109.477121,47.486011],[-109.476853,47.484778],[-109.478389,47.483143],[-109.47521,47.483094],[-109.475316,47.484685],[-109.473487,47.484641],[-109.472758,47.48326],[-109.475062,47.480665],[-109.469386,47.481738],[-109.465645,47.481468],[-109.44484,47.481663],[-109.441834,47.483162],[-109.435954,47.483102],[-109.431402,47.481995],[-109.425176,47.481912],[-109.38862,47.48224],[-109.385768,47.481985],[-109.380662,47.483188],[-109.372535,47.480556],[-109.364432,47.478827],[-109.358319,47.478755],[-109.359283,47.476498],[-109.358812,47.473039],[-109.357425,47.471104],[-109.353997,47.467693],[-109.353018,47.467858],[-109.318569,47.467785],[-109.29171,47.467877],[-109.290221,47.468496],[-109.288663,47.467457],[-109.284202,47.467492],[-109.279938,47.466438],[-109.273191,47.463809],[-109.269896,47.463744],[-109.265472,47.461586],[-109.262838,47.461478],[-109.258652,47.46206],[-109.256141,47.461737],[-109.253213,47.461938],[-109.251284,47.462964],[-109.246673,47.463131],[-109.244855,47.463864],[-109.244285,47.46551],[-109.238363,47.469285],[-109.233684,47.471711],[-109.232034,47.471964],[-109.21367,47.472158],[-109.209255,47.472045],[-109.207991,47.472731],[-109.20806,47.48102],[-109.160948,47.480961],[-109.160889,47.495577],[-109.139765,47.495649],[-109.140112,47.540546],[-109.088604,47.54051],[-109.088417,47.547598],[-109.05965,47.547715],[-109.059789,47.54043],[-109.024433,47.540379],[-109.024458,47.553249],[-109.022112,47.553776],[-109.0221,47.554466],[-109.024461,47.554282],[-109.024474,47.569363],[-108.970921,47.569315],[-108.97264,47.572715],[-108.964651,47.573059],[-108.964514,47.593988],[-108.95834,47.593794],[-108.937541,47.590659],[-108.935146,47.59127],[-108.929855,47.595773],[-108.924251,47.596567],[-108.92189,47.59895],[-108.915621,47.600669],[-108.911678,47.600761],[-108.90627,47.59989],[-108.901028,47.599992],[-108.892747,47.601775],[-108.891276,47.601574],[-108.883472,47.598997],[-108.882129,47.598782],[-108.875244,47.600207],[-108.865743,47.600807],[-108.862907,47.601472],[-108.861399,47.602863],[-108.858252,47.60314],[-108.855126,47.605228],[-108.850828,47.604535],[-108.848079,47.605063],[-108.847245,47.605841],[-108.847193,47.608181],[-108.845801,47.611723],[-108.84118,47.612958],[-108.837707,47.615588],[-108.837268,47.613891],[-108.810081,47.614147],[-108.799028,47.616072],[-108.794954,47.618039],[-108.678439,47.618174],[-108.679165,47.61937],[-108.677002,47.621371],[-108.675337,47.622191],[-108.67863,47.626445],[-108.68167,47.628721],[-108.686034,47.631114],[-108.6883,47.631485],[-108.696956,47.629531],[-108.70208,47.629851],[-108.70872,47.632121],[-108.710291,47.633605],[-108.711305,47.638432],[-108.71295,47.641638],[-108.715457,47.644004],[-108.716819,47.644425],[-108.724718,47.648928],[-108.727883,47.649887],[-108.733724,47.648097],[-108.738043,47.647296],[-108.744211,47.647621],[-108.749459,47.646916],[-108.753607,47.644526],[-108.755437,47.643842],[-108.762339,47.643519],[-108.766441,47.643919],[-108.771619,47.645523],[-108.780868,47.652073],[-108.782866,47.653204],[-108.786231,47.655911],[-108.788781,47.660474],[-108.78982,47.662943],[-108.788413,47.665784],[-108.783814,47.669814],[-108.782298,47.672106],[-108.781524,47.675583],[-108.782303,47.678476],[-108.78406,47.682104],[-108.787332,47.684117],[-108.790131,47.685344],[-108.796278,47.690164],[-108.800142,47.691319],[-108.803689,47.692826],[-108.810622,47.697983],[-108.815707,47.705229],[-108.818359,47.70738],[-108.821449,47.709084],[-108.828729,47.711904],[-108.835327,47.714807],[-108.839759,47.717732],[-108.844864,47.719847],[-108.84858,47.720781],[-108.857377,47.722065],[-108.861062,47.723402],[-108.862331,47.72463],[-108.88005,47.730725],[-108.88369,47.732227],[-108.88934,47.733621],[-108.891022,47.734407],[-108.892384,47.735118],[-108.900532,47.735859],[-108.905179,47.735915],[-108.909562,47.735371],[-108.919407,47.735396],[-108.929659,47.733171],[-108.936652,47.728798],[-108.939372,47.728323],[-108.943659,47.729125],[-108.945635,47.730364],[-108.948975,47.733491],[-108.950006,47.736901],[-108.949202,47.739267],[-108.946064,47.74253],[-108.94142,47.745106],[-108.939266,47.745987],[-108.930873,47.74824],[-108.922486,47.752882],[-108.921122,47.754514],[-108.920422,47.756494],[-108.920749,47.757868],[-108.924171,47.760567],[-108.929961,47.763332],[-108.935704,47.766757],[-108.939188,47.769471],[-108.945661,47.772897],[-108.947139,47.776202],[-108.946535,47.779301],[-108.944348,47.781545],[-108.94195,47.782889],[-108.939117,47.785116],[-108.937748,47.787819],[-108.93902,47.790216],[-108.942745,47.791824],[-108.946678,47.792495],[-108.95103,47.792622],[-108.955897,47.792156],[-108.959958,47.792624],[-108.962793,47.79333],[-108.965394,47.794311],[-108.967893,47.796035],[-108.971457,47.799568],[-108.97402,47.801469],[-108.978383,47.802658],[-108.982949,47.802873],[-108.987752,47.801993],[-108.989856,47.80202],[-108.995265,47.803424],[-109.000719,47.803119],[-109.007926,47.80074],[-109.015471,47.800153],[-109.018435,47.799034],[-109.02133,47.797326],[-109.025654,47.794176],[-109.030258,47.792451],[-109.037088,47.792117],[-109.040138,47.792374],[-109.044797,47.793292],[-109.058873,47.798107],[-109.0659,47.801067],[-109.070409,47.801372],[-109.072713,47.801141],[-109.076109,47.800379],[-109.079473,47.79891],[-109.084348,47.796174],[-109.087909,47.795251],[-109.090549,47.795171],[-109.098538,47.792987],[-109.10268,47.790915],[-109.106199,47.789589],[-109.114462,47.788274],[-109.120209,47.785708],[-109.127101,47.784109],[-109.130736,47.781779],[-109.132768,47.781122],[-109.139956,47.780423],[-109.148558,47.780537],[-109.153163,47.780405],[-109.160341,47.77981],[-109.163681,47.780045],[-109.166083,47.780846],[-109.169327,47.784353],[-109.171621,47.785588],[-109.179293,47.788032],[-109.190276,47.790903],[-109.193934,47.7914],[-109.199101,47.791275],[-109.206501,47.789991],[-109.209256,47.790152],[-109.2116,47.790984],[-109.216549,47.793473],[-109.221586,47.79388],[-109.226574,47.794689],[-109.229905,47.794923],[-109.236295,47.794638],[-109.242658,47.793356],[-109.24749,47.793194],[-109.250742,47.7939],[-109.255355,47.794035],[-109.260742,47.793353],[-109.265372,47.792386],[-109.269753,47.79237],[-109.274171,47.793239],[-109.275945,47.792936],[-109.27958,47.791043],[-109.282609,47.788215],[-109.28394,47.786431],[-109.284474,47.783916],[-109.284078,47.782165],[-109.281814,47.778544],[-109.281933,47.776942],[-109.282886,47.776041],[-109.288089,47.772832],[-109.290598,47.772225],[-109.297874,47.771261],[-109.301081,47.770263],[-109.303702,47.768465],[-109.306113,47.766249],[-109.308988,47.761664],[-109.312838,47.758383],[-109.316084,47.75691],[-109.318876,47.756172],[-109.323294,47.755639],[-109.329625,47.75542],[-109.334874,47.754679],[-109.34202,47.751782],[-109.347548,47.751255],[-109.349699,47.750787],[-109.360642,47.747305],[-109.366004,47.744229],[-109.369936,47.742977],[-109.372001,47.742814],[-109.379153,47.743264],[-109.38567,47.742937],[-109.38797,47.742244],[-109.389703,47.741049],[-109.390203,47.738381],[-109.391163,47.736289],[-109.393473,47.734671],[-109.400284,47.731443],[-109.403972,47.730483],[-109.411506,47.724617],[-109.417243,47.722265],[-109.425315,47.720153],[-109.427906,47.7199],[-109.43076,47.720652],[-109.432807,47.723269],[-109.436685,47.725727],[-109.442299,47.726402],[-109.446058,47.726349],[-109.449644,47.725863],[-109.454837,47.723731],[-109.458748,47.723556],[-109.464006,47.725093],[-109.465608,47.728043],[-109.46948,47.730718],[-109.472156,47.731454],[-109.474679,47.731474],[-109.481258,47.729748],[-109.483867,47.729993],[-109.487237,47.730941],[-109.490018,47.733044],[-109.49123,47.734483],[-109.493966,47.735935],[-109.499012,47.736748],[-109.505152,47.738794],[-109.50784,47.741766],[-109.510907,47.74451],[-109.514499,47.746004],[-109.518413,47.746522],[-109.522816,47.745983],[-109.529425,47.743404],[-109.53416,47.740592],[-109.538677,47.738864],[-109.54303,47.738949],[-109.549106,47.740991],[-109.553528,47.744282],[-109.555942,47.744904],[-109.561681,47.744525],[-109.567731,47.745303],[-109.571939,47.745471],[-109.576606,47.747134],[-109.579712,47.7478],[-109.582964,47.747587],[-109.58784,47.745851],[-109.590486,47.743888],[-109.593178,47.742841],[-109.597615,47.740238],[-109.602376,47.735001],[-109.604029,47.733759],[-109.608155,47.732197],[-109.609869,47.732065],[-109.613571,47.732831],[-109.615217,47.733915],[-109.616393,47.735574],[-109.618445,47.736632],[-109.622581,47.737765],[-109.62799,47.738868],[-109.633538,47.739449],[-109.638836,47.738607],[-109.645874,47.736286]]]}},{"type":"Feature","properties":{"zcta5":"59457","AFFGEOID10":"8600000US59457","GEOID10":"59457","ALAND10":2801030798,"AWATER10":1164000,"county_name":"Fergus","state_code":"MT","county_state":"Fergus County, MT","county_fips":"30027","risk_level_county":"Medium Risk (70–79% vaccinated)","mean_vaccination_rate_county":77.25,"risk_level_zcta":"Medium Risk (70–79% vaccinated)","mean_vaccination_rate_zips":79.16,"cases":5},"geometry":{"type":"Polygon","coordinates":[[[-109.723955,47.323276],[-109.746443,47.323221],[-109.746184,47.273494],[-109.723565,47.273551],[-109.721548,47.269546],[-109.719433,47.268032],[-109.718279,47.265381],[-109.718286,47.251701],[-109.719159,47.25092],[-109.723018,47.250905],[-109.723635,47.25017],[-109.723516,47.241726],[-109.724255,47.239409],[-109.727762,47.238724],[-109.734764,47.238986],[-109.737636,47.239752],[-109.740219,47.239737],[-109.744394,47.23842],[-109.745496,47.236362],[-109.74453,47.23505],[-109.744565,47.22899],[-109.747445,47.229718],[-109.749248,47.229202],[-109.754966,47.229057],[-109.755849,47.226309],[-109.762301,47.225524],[-109.773841,47.225638],[-109.775014,47.224565],[-109.777373,47.223711],[-109.779761,47.225171],[-109.78547,47.225524],[-109.786681,47.224738],[-109.787292,47.224008],[-109.787258,47.200062],[-109.80813,47.200113],[-109.808593,47.199747],[-109.808591,47.193392],[-109.807628,47.1928],[-109.80384,47.192763],[-109.803298,47.192125],[-109.802912,47.185477],[-109.756568,47.185694],[-109.756513,47.124127],[-109.755057,47.125171],[-109.749421,47.123112],[-109.747415,47.121348],[-109.746419,47.116766],[-109.745323,47.115712],[-109.746277,47.114035],[-109.745806,47.074347],[-109.737847,47.077892],[-109.735265,47.079346],[-109.731658,47.080305],[-109.72846,47.078457],[-109.716488,47.074502],[-109.716744,47.074173],[-109.719312,47.072461],[-109.722363,47.071824],[-109.722048,47.069696],[-109.724737,47.068505],[-109.726383,47.068554],[-109.727907,47.067286],[-109.73228,47.065732],[-109.731453,47.065107],[-109.733372,47.063174],[-109.725195,47.065201],[-109.722488,47.065011],[-109.713439,47.062392],[-109.710886,47.062205],[-109.706268,47.060083],[-109.702591,47.056206],[-109.700923,47.055462],[-109.692949,47.055388],[-109.69266,47.026407],[-109.671495,47.026465],[-109.67183,47.080683],[-109.664999,47.079627],[-109.662367,47.077333],[-109.66256,47.075589],[-109.659934,47.074813],[-109.6575,47.072215],[-109.655448,47.070984],[-109.654506,47.069328],[-109.650687,47.068475],[-109.650415,47.066168],[-109.660964,47.066148],[-109.66093,47.048198],[-109.626128,47.04819],[-109.623609,47.047319],[-109.619297,47.045006],[-109.617499,47.044645],[-109.615604,47.04277],[-109.610001,47.039789],[-109.6089,47.037952],[-109.610158,47.035812],[-109.609908,47.033876],[-109.60876,47.032894],[-109.609311,47.030163],[-109.608219,47.029615],[-109.608779,47.027843],[-109.607278,47.026296],[-109.60843,47.026442],[-109.626572,47.013168],[-109.631025,47.01052],[-109.671057,46.990263],[-109.670977,46.982994],[-109.607997,46.98307],[-109.608062,46.997458],[-109.603456,46.997165],[-109.603434,47.00471],[-109.587086,47.004735],[-109.586555,46.954015],[-109.584593,46.954018],[-109.580195,46.955998],[-109.569301,46.956049],[-109.569269,46.939685],[-109.576695,46.939676],[-109.576078,46.936237],[-109.569337,46.935349],[-109.563947,46.935039],[-109.561721,46.935351],[-109.55958,46.937498],[-109.550617,46.939516],[-109.544805,46.939774],[-109.543818,46.942429],[-109.54532,46.945674],[-109.543344,46.949546],[-109.540801,46.952723],[-109.538034,46.950653],[-109.536752,46.950834],[-109.536393,46.949216],[-109.531845,46.946192],[-109.531702,46.94538],[-109.527298,46.942905],[-109.52854,46.942215],[-109.523865,46.940052],[-109.52208,46.938362],[-109.518343,46.935947],[-109.51576,46.932172],[-109.516321,46.930522],[-109.513928,46.929901],[-109.508646,46.927348],[-109.505132,46.924602],[-109.505132,46.926125],[-109.50126,46.926135],[-109.496861,46.924821],[-109.480804,46.924877],[-109.480735,46.910318],[-109.459663,46.910348],[-109.45961,46.895808],[-109.44695,46.895794],[-109.447047,46.868963],[-109.483035,46.868828],[-109.495246,46.791035],[-109.494595,46.791035],[-109.388583,46.790942],[-109.388955,46.752076],[-109.389208,46.751351],[-109.199768,46.751347],[-109.192299,46.751324],[-109.189707,46.755996],[-109.183397,46.760662],[-109.181206,46.765143],[-109.183234,46.766683],[-109.188342,46.767546],[-109.190314,46.768611],[-109.192443,46.770726],[-109.196515,46.773934],[-109.202756,46.775942],[-109.204912,46.777384],[-109.210941,46.780079],[-109.21327,46.782577],[-109.220558,46.78487],[-109.226342,46.788913],[-109.227385,46.790021],[-109.22754,46.792465],[-109.226245,46.793191],[-109.226487,46.796462],[-109.180674,46.796398],[-109.180484,46.838993],[-109.140963,46.838878],[-109.140983,46.85886],[-109.146276,46.858871],[-109.146296,46.869698],[-109.135692,46.86966],[-109.135698,46.873263],[-109.127687,46.873215],[-109.125441,46.872413],[-109.121996,46.872599],[-109.119157,46.873264],[-109.117614,46.872014],[-109.115574,46.871615],[-109.112318,46.872851],[-109.110337,46.872513],[-109.10635,46.869321],[-109.102656,46.869826],[-109.100232,46.869429],[-109.097267,46.866056],[-109.095081,46.865443],[-109.093565,46.860055],[-109.090436,46.859593],[-109.086339,46.860568],[-109.080731,46.860908],[-109.080014,46.862658],[-109.078287,46.863476],[-109.080413,46.864021],[-109.079483,46.865656],[-109.07749,46.865838],[-109.077224,46.871018],[-109.078553,46.876834],[-109.080945,46.878288],[-109.081742,46.880832],[-109.07842,46.881196],[-109.078021,46.88483],[-109.080147,46.886012],[-109.077755,46.890465],[-109.078967,46.891897],[-109.082539,46.898921],[-109.079077,46.901689],[-109.079383,46.905377],[-109.081483,46.905131],[-109.085585,46.905618],[-109.088671,46.905545],[-109.090221,46.906137],[-109.092822,46.9057],[-109.099017,46.90757],[-109.100628,46.909401],[-109.107472,46.914303],[-109.109186,46.915092],[-109.109603,46.916857],[-109.111495,46.919747],[-109.110655,46.920526],[-109.112122,46.922374],[-109.111948,46.925067],[-109.11243,46.927491],[-109.114082,46.929854],[-109.112637,46.934681],[-109.112911,46.936748],[-109.110046,46.938362],[-109.109614,46.939431],[-109.107844,46.93958],[-109.105236,46.9416],[-109.103251,46.943969],[-109.102524,46.946328],[-109.104328,46.94868],[-109.102872,46.951626],[-109.100758,46.952323],[-109.09943,46.955345],[-109.097524,46.955785],[-109.096221,46.959015],[-109.093626,46.960063],[-109.093402,46.960996],[-109.09003,46.962927],[-109.09052,46.964375],[-109.089231,46.967057],[-109.092396,46.968641],[-109.092471,46.974608],[-109.094917,46.977394],[-109.094028,46.979939],[-109.092538,46.980954],[-109.093469,46.982676],[-109.092283,46.983345],[-109.089598,46.982775],[-109.089406,46.983752],[-109.086674,46.984174],[-109.085969,46.985118],[-109.083404,46.985453],[-109.082275,46.98808],[-109.079526,46.989967],[-109.080929,46.990411],[-109.081183,46.992792],[-109.083476,46.994529],[-109.075678,46.997669],[-109.070735,47.00056],[-109.066168,47.000756],[-109.056505,46.997605],[-109.048643,46.996497],[-109.046162,46.996401],[-109.036298,46.997461],[-109.026612,47.000191],[-109.023801,47.000266],[-109.020021,46.99919],[-109.017555,46.998969],[-109.013679,46.99958],[-109.011359,46.99907],[-109.003064,46.995786],[-108.996452,46.995103],[-108.988585,46.994942],[-108.986239,46.995211],[-108.976708,46.997602],[-108.97132,46.997612],[-108.967456,46.996493],[-108.963582,46.991481],[-108.959001,46.989922],[-108.954093,46.989548],[-108.948936,46.991271],[-108.946643,46.991273],[-108.943251,46.990417],[-108.937577,46.991777],[-108.930847,46.992046],[-108.924366,46.99117],[-108.92034,46.989824],[-108.915412,46.987256],[-108.911054,46.986562],[-108.906734,46.988196],[-108.906722,46.990248],[-108.905623,46.991336],[-108.900895,46.991511],[-108.900561,46.992476],[-108.898039,46.992773],[-108.899835,46.994197],[-108.898097,46.996634],[-108.898784,46.998262],[-108.902377,46.999697],[-108.906046,47.000468],[-108.906663,47.001083],[-108.906493,47.022731],[-108.907387,47.026417],[-108.906041,47.028006],[-108.906448,47.030169],[-108.906493,47.045226],[-108.936591,47.045213],[-108.935369,47.047996],[-108.95161,47.047963],[-108.954877,47.048503],[-108.969232,47.053953],[-108.975414,47.055138],[-108.975364,47.056416],[-108.978206,47.055876],[-108.979524,47.058513],[-108.984918,47.059427],[-108.9849,47.057996],[-108.986297,47.058977],[-108.989812,47.058005],[-108.990414,47.058734],[-108.993969,47.058337],[-108.996473,47.058698],[-109.00131,47.060356],[-109.000037,47.061822],[-108.991886,47.061853],[-108.992224,47.069018],[-108.991778,47.07786],[-108.991851,47.093414],[-108.992248,47.096016],[-108.99187,47.098172],[-108.992093,47.103046],[-108.992184,47.111158],[-108.994362,47.111877],[-109.008723,47.111861],[-109.008749,47.120795],[-108.997872,47.120808],[-108.997879,47.129415],[-108.986984,47.129415],[-108.986968,47.13751],[-108.977359,47.1375],[-108.977327,47.131496],[-108.970754,47.131725],[-108.970796,47.128104],[-108.959936,47.128214],[-108.96006,47.135477],[-108.963715,47.135432],[-108.963337,47.139695],[-108.96355,47.143399],[-108.98187,47.14355],[-108.982176,47.148893],[-108.988943,47.148932],[-108.989895,47.167192],[-108.951576,47.16707],[-108.951572,47.164398],[-108.949635,47.164415],[-108.949711,47.157445],[-108.922024,47.157036],[-108.914189,47.157046],[-108.914465,47.159451],[-108.913117,47.160708],[-108.907572,47.160598],[-108.904572,47.160106],[-108.899219,47.161052],[-108.888321,47.160955],[-108.883014,47.160451],[-108.877485,47.15839],[-108.874353,47.157934],[-108.869601,47.158286],[-108.865524,47.158151],[-108.862893,47.158736],[-108.802526,47.158663],[-108.799998,47.156847],[-108.800144,47.202148],[-108.800154,47.203378],[-108.804192,47.20337],[-108.805076,47.203279],[-108.820552,47.198017],[-108.932483,47.19852],[-108.932659,47.192125],[-109.007907,47.192043],[-109.008719,47.243292],[-109.103464,47.243147],[-109.104356,47.24619],[-109.108665,47.253028],[-109.110021,47.255484],[-109.178857,47.255281],[-109.179145,47.305912],[-109.178349,47.308081],[-109.226769,47.292957],[-109.229717,47.29171],[-109.232725,47.289921],[-109.256868,47.271099],[-109.261711,47.268629],[-109.263745,47.268072],[-109.303545,47.26013],[-109.305385,47.259888],[-109.340917,47.259891],[-109.343783,47.259071],[-109.349652,47.256126],[-109.35205,47.255391],[-109.355032,47.255301],[-109.354977,47.253206],[-109.361936,47.253189],[-109.3631,47.252017],[-109.366094,47.246796],[-109.369218,47.243271],[-109.372403,47.24126],[-109.383401,47.237084],[-109.385995,47.235591],[-109.386968,47.232863],[-109.387061,47.215086],[-109.387368,47.213619],[-109.387956,47.212609],[-109.398712,47.200025],[-109.408485,47.200259],[-109.408548,47.205652],[-109.409299,47.20713],[-109.411114,47.207568],[-109.424601,47.207841],[-109.423053,47.213418],[-109.42393,47.21513],[-109.426542,47.216582],[-109.427259,47.218097],[-109.426832,47.22001],[-109.42778,47.221723],[-109.429916,47.222991],[-109.43056,47.224145],[-109.43032,47.225345],[-109.426519,47.227982],[-109.426746,47.228833],[-109.429375,47.230841],[-109.429736,47.246242],[-109.427732,47.251726],[-109.425593,47.255169],[-109.422477,47.257135],[-109.419898,47.258192],[-109.419729,47.258981],[-109.416656,47.258761],[-109.398915,47.258558],[-109.396627,47.255113],[-109.395786,47.254811],[-109.384922,47.254598],[-109.369757,47.255231],[-109.361293,47.255255],[-109.3605,47.297825],[-109.376296,47.297376],[-109.376276,47.290889],[-109.383618,47.290866],[-109.383686,47.304345],[-109.399505,47.304168],[-109.403843,47.304251],[-109.403815,47.306909],[-109.404596,47.307813],[-109.403561,47.312511],[-109.403865,47.322],[-109.40558,47.322631],[-109.413307,47.322437],[-109.414203,47.323379],[-109.414236,47.328925],[-109.416089,47.330663],[-109.434142,47.330587],[-109.434228,47.338182],[-109.438512,47.338799],[-109.442893,47.339906],[-109.450116,47.339963],[-109.454037,47.342102],[-109.46133,47.345605],[-109.471063,47.349325],[-109.472719,47.351245],[-109.474525,47.351405],[-109.473571,47.352555],[-109.474632,47.362788],[-109.477589,47.364463],[-109.482992,47.369365],[-109.488178,47.374682],[-109.489035,47.375924],[-109.489353,47.380685],[-109.491747,47.383793],[-109.492578,47.386305],[-109.490775,47.388984],[-109.489558,47.391912],[-109.4873,47.39556],[-109.485,47.401734],[-109.484285,47.405471],[-109.484662,47.407891],[-109.489185,47.40809],[-109.531731,47.408602],[-109.531734,47.406892],[-109.574087,47.406192],[-109.579272,47.404002],[-109.574459,47.406185],[-109.574452,47.423062],[-109.595823,47.423105],[-109.602633,47.422029],[-109.606481,47.423124],[-109.612741,47.423131],[-109.617542,47.419893],[-109.638522,47.419977],[-109.638498,47.413524],[-109.638445,47.400553],[-109.639834,47.400661],[-109.642641,47.397394],[-109.650493,47.397382],[-109.649065,47.391553],[-109.658913,47.391549],[-109.658487,47.389792],[-109.659701,47.387487],[-109.661238,47.389062],[-109.662633,47.389213],[-109.663026,47.387518],[-109.666265,47.38465],[-109.665894,47.381946],[-109.667824,47.381491],[-109.668672,47.383703],[-109.670038,47.38236],[-109.669206,47.380183],[-109.667337,47.378452],[-109.669223,47.377551],[-109.66941,47.376091],[-109.670776,47.376676],[-109.672296,47.37601],[-109.672086,47.373587],[-109.674326,47.371438],[-109.676419,47.372426],[-109.677454,47.371949],[-109.677147,47.370305],[-109.675079,47.369118],[-109.674833,47.367588],[-109.670645,47.364429],[-109.671546,47.362519],[-109.673351,47.362114],[-109.683004,47.362277],[-109.682936,47.363493],[-109.684195,47.36397],[-109.685515,47.361792],[-109.686832,47.361332],[-109.689587,47.362347],[-109.690851,47.361106],[-109.690576,47.359077],[-109.686707,47.357564],[-109.687553,47.356251],[-109.691475,47.353701],[-109.696829,47.353314],[-109.699596,47.35414],[-109.700918,47.353883],[-109.702454,47.35049],[-109.704233,47.348666],[-109.710534,47.347609],[-109.7119,47.346753],[-109.712208,47.344921],[-109.711131,47.343871],[-109.708411,47.342583],[-109.70542,47.342208],[-109.704772,47.34131],[-109.707881,47.340566],[-109.708214,47.338491],[-109.70939,47.335754],[-109.708798,47.332872],[-109.709414,47.331658],[-109.71358,47.330752],[-109.715107,47.329493],[-109.714987,47.327712],[-109.716281,47.325886],[-109.716477,47.32451],[-109.715208,47.323262],[-109.723955,47.323276]]]}},{"type":"Feature","properties":{"zcta5":"59418","AFFGEOID10":"8600000US59418","GEOID10":"59418","ALAND10":264300903,"AWATER10":11787,"county_name":"Fergus","state_code":"MT","county_state":"Fergus County, MT","county_fips":"30027","risk_level_county":"Medium Risk (70–79% vaccinated)","mean_vaccination_rate_county":77.25,"risk_level_zcta":"Medium Risk (70–79% vaccinated)","mean_vaccination_rate_zips":77.23,"cases":5},"geometry":{"type":"Polygon","coordinates":[[[-109.830364,46.838148],[-109.901528,46.83802],[-109.902472,46.838331],[-109.902641,46.838805],[-109.902833,46.867117],[-110.029304,46.86691],[-110.029305,46.871884],[-110.032461,46.870327],[-110.035588,46.870188],[-110.036367,46.869492],[-110.035035,46.867908],[-110.038051,46.863267],[-110.038933,46.863384],[-110.039063,46.867697],[-110.044447,46.868269],[-110.047807,46.86684],[-110.049186,46.865111],[-110.047002,46.863585],[-110.049563,46.859667],[-110.051207,46.858237],[-110.05801,46.854374],[-110.060827,46.852409],[-110.062602,46.852102],[-110.062447,46.844755],[-110.068881,46.834384],[-110.070798,46.831869],[-110.075937,46.826301],[-110.0792,46.824152],[-110.076288,46.823954],[-110.074427,46.821004],[-110.072045,46.820648],[-110.066268,46.823929],[-110.06302,46.824781],[-110.061098,46.824753],[-110.05337,46.826411],[-110.047297,46.830223],[-110.046988,46.829116],[-110.051583,46.82584],[-110.064445,46.817734],[-110.066013,46.813913],[-110.068211,46.812129],[-110.070073,46.805272],[-110.06711,46.79949],[-110.067176,46.792312],[-110.065679,46.790941],[-110.063749,46.791261],[-110.059389,46.790941],[-110.055596,46.791193],[-110.050337,46.794643],[-110.040917,46.799533],[-110.035259,46.799875],[-110.032695,46.801063],[-110.031131,46.800855],[-110.026337,46.801491],[-110.025971,46.799112],[-110.024574,46.798271],[-110.024349,46.795677],[-110.025153,46.794551],[-110.024187,46.793073],[-110.024252,46.790303],[-110.020242,46.78889],[-110.026514,46.786638],[-110.024918,46.784947],[-110.026084,46.782272],[-110.029648,46.781752],[-110.03169,46.780487],[-110.031915,46.7776],[-110.03468,46.774821],[-110.03486,46.772353],[-110.03392,46.769443],[-110.030669,46.770357],[-110.024953,46.770206],[-110.023545,46.769067],[-110.017828,46.769715],[-110.014616,46.770908],[-110.009753,46.771451],[-110.005226,46.771344],[-110.003514,46.770824],[-109.996142,46.77103],[-109.995077,46.772198],[-109.99395,46.76951],[-109.992467,46.769324],[-109.992763,46.771164],[-109.983017,46.769032],[-109.988586,46.766267],[-109.987202,46.764558],[-109.988915,46.763201],[-109.986369,46.760217],[-109.984315,46.760118],[-109.979624,46.759019],[-109.978661,46.7582],[-109.977022,46.75491],[-109.975195,46.752513],[-109.972477,46.751357],[-109.971243,46.751727],[-109.969404,46.75295],[-109.9678,46.750875],[-109.965282,46.749954],[-109.960683,46.749009],[-109.959939,46.748439],[-109.955403,46.747049],[-109.952945,46.746828],[-109.951356,46.745416],[-109.946482,46.744418],[-109.94438,46.742152],[-109.941751,46.741854],[-109.938543,46.739859],[-109.936151,46.737808],[-109.931769,46.737383],[-109.929719,46.736641],[-109.926608,46.734486],[-109.919214,46.732158],[-109.915639,46.730325],[-109.912696,46.72976],[-109.910811,46.730021],[-109.908388,46.731261],[-109.904284,46.729923],[-109.89966,46.727238],[-109.898297,46.727149],[-109.895758,46.725927],[-109.893251,46.723647],[-109.889721,46.722589],[-109.885014,46.720063],[-109.879968,46.71628],[-109.875829,46.714099],[-109.873006,46.713814],[-109.87128,46.712572],[-109.867022,46.710326],[-109.863065,46.709977],[-109.857791,46.708259],[-109.855478,46.708197],[-109.851995,46.708907],[-109.846087,46.711024],[-109.84294,46.709975],[-109.84036,46.708672],[-109.840379,46.713697],[-109.828626,46.715264],[-109.824657,46.715115],[-109.836138,46.729589],[-109.843524,46.734156],[-109.843524,46.736362],[-109.839606,46.736559],[-109.839523,46.737575],[-109.841567,46.739111],[-109.842324,46.741642],[-109.83916,46.743802],[-109.835734,46.744156],[-109.83039,46.746769],[-109.829699,46.748527],[-109.827209,46.751101],[-109.826358,46.75136],[-109.772673,46.751441],[-109.769584,46.74865],[-109.767683,46.747736],[-109.756333,46.748054],[-109.756666,46.780389],[-109.787614,46.780261],[-109.787763,46.794745],[-109.787845,46.806713],[-109.78618,46.807649],[-109.786345,46.809249],[-109.766897,46.809244],[-109.766834,46.799586],[-109.765283,46.798958],[-109.745747,46.799039],[-109.745746,46.824169],[-109.750691,46.824557],[-109.761339,46.824041],[-109.760339,46.818968],[-109.761631,46.819337],[-109.769356,46.822105],[-109.771841,46.822178],[-109.774588,46.824197],[-109.777225,46.824801],[-109.779663,46.824468],[-109.780524,46.826695],[-109.783026,46.82652],[-109.782895,46.831254],[-109.783661,46.833207],[-109.786027,46.834447],[-109.784491,46.835764],[-109.786551,46.841475],[-109.784623,46.843482],[-109.786661,46.845303],[-109.786053,46.84594],[-109.788155,46.846906],[-109.787866,46.849253],[-109.793406,46.85067],[-109.792559,46.852691],[-109.797363,46.852692],[-109.797257,46.838093],[-109.798888,46.838093],[-109.798833,46.830933],[-109.830137,46.830866],[-109.830364,46.838148]]]}},{"type":"Feature","properties":{"zcta5":"59453","AFFGEOID10":"8600000US59453","GEOID10":"59453","ALAND10":1148316117,"AWATER10":49782,"county_name":"Fergus","state_code":"MT","county_state":"Fergus County, MT","county_fips":"30027","risk_level_county":"Medium Risk (70–79% vaccinated)","mean_vaccination_rate_county":77.25,"risk_level_zcta":"Lower Risk (80–84% vaccinated)","mean_vaccination_rate_zips":84.06,"cases":5},"geometry":{"type":"Polygon","coordinates":[[[-110.029692,46.736377],[-110.031072,46.734005],[-110.02785,46.734292],[-110.025656,46.733225],[-110.024356,46.731662],[-110.021481,46.731732],[-110.019333,46.73125],[-110.017411,46.730045],[-110.015486,46.727743],[-110.012009,46.725841],[-110.00903,46.725127],[-110.004849,46.723646],[-110.002106,46.723506],[-109.999783,46.722392],[-109.996617,46.719597],[-109.99645,46.718578],[-109.994883,46.71762],[-109.994357,46.715986],[-109.99626,46.713659],[-109.995705,46.710765],[-109.992539,46.708168],[-109.992196,46.70578],[-109.993001,46.703897],[-109.989799,46.69909],[-109.990022,46.698296],[-109.992671,46.696497],[-109.995384,46.695815],[-109.990112,46.695833],[-109.984785,46.69556],[-109.978174,46.694578],[-109.975017,46.693584],[-109.969884,46.691448],[-109.965986,46.690711],[-109.965587,46.636498],[-109.961371,46.633848],[-109.957786,46.631951],[-109.944945,46.62585],[-109.939469,46.622767],[-109.935322,46.620825],[-109.77247,46.621003],[-109.770783,46.620598],[-109.765846,46.61729],[-109.766096,46.599357],[-109.766048,46.519056],[-109.687373,46.519078],[-109.654613,46.49141],[-109.65388,46.49007],[-109.652941,46.490071],[-109.638357,46.47817],[-109.610471,46.452949],[-109.605905,46.453926],[-109.592557,46.460833],[-109.571367,46.467109],[-109.557887,46.472],[-109.553811,46.473798],[-109.553641,46.475146],[-109.508286,46.47517],[-109.508061,46.460949],[-109.486649,46.460587],[-109.48882,46.462655],[-109.487567,46.464411],[-109.489709,46.465909],[-109.491243,46.465615],[-109.494832,46.467691],[-109.497704,46.471869],[-109.498022,46.475318],[-109.496373,46.476748],[-109.496734,46.478243],[-109.495855,46.481366],[-109.495172,46.485942],[-109.492786,46.485004],[-109.491633,46.48377],[-109.487499,46.482942],[-109.487838,46.489035],[-109.486209,46.490324],[-109.482492,46.490639],[-109.482548,46.504874],[-109.448528,46.504905],[-109.444016,46.505499],[-109.441276,46.508696],[-109.440179,46.510792],[-109.439456,46.516918],[-109.438168,46.519693],[-109.432241,46.524469],[-109.430619,46.526481],[-109.430254,46.530137],[-109.42582,46.529847],[-109.423207,46.531214],[-109.422696,46.532286],[-109.422645,46.535983],[-109.420527,46.54333],[-109.421552,46.546821],[-109.388677,46.546823],[-109.389163,46.693625],[-109.389208,46.751351],[-109.388955,46.752076],[-109.388583,46.790942],[-109.494595,46.791035],[-109.602913,46.783526],[-109.603002,46.779785],[-109.618373,46.779732],[-109.61845,46.772539],[-109.623714,46.772536],[-109.623675,46.776132],[-109.628939,46.776128],[-109.628817,46.786941],[-109.640412,46.786932],[-109.640409,46.788184],[-109.650817,46.788158],[-109.650838,46.784522],[-109.66123,46.784489],[-109.661237,46.780849],[-109.671776,46.780836],[-109.672503,46.777332],[-109.679121,46.779648],[-109.680574,46.781348],[-109.689174,46.783603],[-109.697454,46.783503],[-109.700729,46.78675],[-109.704185,46.789115],[-109.713469,46.79387],[-109.713864,46.795475],[-109.734257,46.795441],[-109.735071,46.795824],[-109.735432,46.799097],[-109.745747,46.799039],[-109.765283,46.798958],[-109.766834,46.799586],[-109.766897,46.809244],[-109.786345,46.809249],[-109.78618,46.807649],[-109.787845,46.806713],[-109.787763,46.794745],[-109.787614,46.780261],[-109.756666,46.780389],[-109.756333,46.748054],[-109.767683,46.747736],[-109.769584,46.74865],[-109.772673,46.751441],[-109.826358,46.75136],[-109.827209,46.751101],[-109.829699,46.748527],[-109.83039,46.746769],[-109.835734,46.744156],[-109.83916,46.743802],[-109.842324,46.741642],[-109.841567,46.739111],[-109.839523,46.737575],[-109.839606,46.736559],[-109.843524,46.736362],[-109.843524,46.734156],[-109.836138,46.729589],[-109.824657,46.715115],[-109.828626,46.715264],[-109.840379,46.713697],[-109.84036,46.708672],[-109.84294,46.709975],[-109.846087,46.711024],[-109.851995,46.708907],[-109.855478,46.708197],[-109.857791,46.708259],[-109.863065,46.709977],[-109.867022,46.710326],[-109.87128,46.712572],[-109.873006,46.713814],[-109.875829,46.714099],[-109.879968,46.71628],[-109.885014,46.720063],[-109.889721,46.722589],[-109.893251,46.723647],[-109.895758,46.725927],[-109.898297,46.727149],[-109.89966,46.727238],[-109.904284,46.729923],[-109.908388,46.731261],[-109.910811,46.730021],[-109.912696,46.72976],[-109.915639,46.730325],[-109.919214,46.732158],[-109.926608,46.734486],[-109.929719,46.736641],[-109.931769,46.737383],[-109.936151,46.737808],[-109.938543,46.739859],[-109.941751,46.741854],[-109.94438,46.742152],[-109.946482,46.744418],[-109.951356,46.745416],[-109.952945,46.746828],[-109.955403,46.747049],[-109.959939,46.748439],[-109.960683,46.749009],[-109.965282,46.749954],[-109.9678,46.750875],[-109.969404,46.75295],[-109.971243,46.751727],[-109.972477,46.751357],[-109.974846,46.750049],[-109.978611,46.749536],[-109.981848,46.751068],[-109.984705,46.751022],[-109.989237,46.750226],[-109.99196,46.749202],[-109.992557,46.746919],[-109.994449,46.74544],[-110.000312,46.743096],[-110.003885,46.742087],[-110.007862,46.742101],[-110.010645,46.741069],[-110.013967,46.742388],[-110.020036,46.73884],[-110.023506,46.738447],[-110.029692,46.736377]]]}},{"type":"Feature","properties":{"zcta5":"59424","AFFGEOID10":"8600000US59424","GEOID10":"59424","ALAND10":178070061,"AWATER10":30037,"county_name":"Fergus","state_code":"MT","county_state":"Fergus County, MT","county_fips":"30027","risk_level_county":"Medium Risk (70–79% vaccinated)","mean_vaccination_rate_county":77.25,"risk_level_zcta":"Lower Risk (80–84% vaccinated)","mean_vaccination_rate_zips":84.72,"cases":5},"geometry":{"type":"Polygon","coordinates":[[[-110.220508,47.320747],[-110.216659,47.319455],[-110.216154,47.318015],[-110.213701,47.318267],[-110.210978,47.317125],[-110.209466,47.317856],[-110.210944,47.315593],[-110.208582,47.315004],[-110.207997,47.301019],[-110.212952,47.300761],[-110.213248,47.299943],[-110.213128,47.271815],[-110.233785,47.27166],[-110.234095,47.27158],[-110.23441,47.270882],[-110.234316,47.251619],[-110.232837,47.248071],[-110.234308,47.245208],[-110.23418,47.228113],[-110.191741,47.228303],[-110.191713,47.260831],[-110.189573,47.263157],[-110.171984,47.27519],[-110.170962,47.276225],[-110.170574,47.277614],[-110.170631,47.286349],[-110.156488,47.286387],[-110.156491,47.300872],[-110.127771,47.30095],[-110.127854,47.322649],[-110.108573,47.32282],[-110.107179,47.323369],[-110.107014,47.329284],[-110.106118,47.330006],[-110.087356,47.329938],[-110.086065,47.330304],[-110.085651,47.330833],[-110.085711,47.346047],[-110.080734,47.345789],[-110.070054,47.344611],[-110.064504,47.344509],[-110.064456,47.343697],[-110.000733,47.336603],[-109.992458,47.335057],[-109.990298,47.334457],[-109.985848,47.331517],[-109.980481,47.326249],[-109.976908,47.323605],[-109.973672,47.322121],[-109.968793,47.320489],[-109.964422,47.319685],[-109.963581,47.31919],[-109.957884,47.318165],[-109.958265,47.363448],[-109.959099,47.36672],[-109.95832,47.370826],[-109.958417,47.395173],[-109.959142,47.399127],[-109.960593,47.400114],[-109.960427,47.401727],[-109.962052,47.403571],[-109.96118,47.405008],[-109.959447,47.405724],[-109.958466,47.407374],[-109.958042,47.411241],[-109.958911,47.414688],[-109.959209,47.417778],[-109.958392,47.420183],[-109.959215,47.445935],[-109.974715,47.445176],[-109.974769,47.435878],[-109.97969,47.434962],[-109.979894,47.432542],[-109.9808,47.431583],[-109.999263,47.431364],[-110.000826,47.430889],[-110.000962,47.430451],[-110.000908,47.417732],[-110.001834,47.41692],[-110.042539,47.417009],[-110.043666,47.416606],[-110.043812,47.416071],[-110.043757,47.399979],[-110.045039,47.398826],[-110.064643,47.398588],[-110.06648,47.395248],[-110.084855,47.395272],[-110.086254,47.394646],[-110.086484,47.388016],[-110.128272,47.387728],[-110.128082,47.371463],[-110.127952,47.35902],[-110.211137,47.35878],[-110.212894,47.355868],[-110.213368,47.352895],[-110.217225,47.350694],[-110.214876,47.349724],[-110.216061,47.346526],[-110.217498,47.346218],[-110.218521,47.343684],[-110.216606,47.338172],[-110.214846,47.337569],[-110.214636,47.335786],[-110.215708,47.334376],[-110.214368,47.332841],[-110.215683,47.331853],[-110.215342,47.327585],[-110.216132,47.326379],[-110.217947,47.326098],[-110.218979,47.324425],[-110.218147,47.323756],[-110.218889,47.321973],[-110.22097,47.322176],[-110.220508,47.320747]]]}},{"type":"Feature","properties":{"zcta5":"59464","AFFGEOID10":"8600000US59464","GEOID10":"59464","ALAND10":567142001,"AWATER10":242735,"county_name":"Fergus","state_code":"MT","county_state":"Fergus County, MT","county_fips":"30027","risk_level_county":"Medium Risk (70–79% vaccinated)","mean_vaccination_rate_county":77.25,"risk_level_zcta":"Lower Risk (80–84% vaccinated)","mean_vaccination_rate_zips":84.27,"cases":5},"geometry":{"type":"Polygon","coordinates":[[[-109.830364,46.838148],[-109.830137,46.830866],[-109.798833,46.830933],[-109.798888,46.838093],[-109.797257,46.838093],[-109.797363,46.852692],[-109.792559,46.852691],[-109.793406,46.85067],[-109.787866,46.849253],[-109.788155,46.846906],[-109.786053,46.84594],[-109.786661,46.845303],[-109.784623,46.843482],[-109.786551,46.841475],[-109.784491,46.835764],[-109.786027,46.834447],[-109.783661,46.833207],[-109.782895,46.831254],[-109.783026,46.82652],[-109.780524,46.826695],[-109.779663,46.824468],[-109.777225,46.824801],[-109.774588,46.824197],[-109.771841,46.822178],[-109.769356,46.822105],[-109.761631,46.819337],[-109.760339,46.818968],[-109.761339,46.824041],[-109.750691,46.824557],[-109.745746,46.824169],[-109.745747,46.799039],[-109.735432,46.799097],[-109.735071,46.795824],[-109.734257,46.795441],[-109.713864,46.795475],[-109.713469,46.79387],[-109.704185,46.789115],[-109.700729,46.78675],[-109.697454,46.783503],[-109.689174,46.783603],[-109.680574,46.781348],[-109.679121,46.779648],[-109.672503,46.777332],[-109.671776,46.780836],[-109.661237,46.780849],[-109.66123,46.784489],[-109.650838,46.784522],[-109.650817,46.788158],[-109.640409,46.788184],[-109.640412,46.786932],[-109.628817,46.786941],[-109.628939,46.776128],[-109.623675,46.776132],[-109.623714,46.772536],[-109.61845,46.772539],[-109.618373,46.779732],[-109.603002,46.779785],[-109.602913,46.783526],[-109.494595,46.791035],[-109.495246,46.791035],[-109.483035,46.868828],[-109.447047,46.868963],[-109.44695,46.895794],[-109.45961,46.895808],[-109.459663,46.910348],[-109.480735,46.910318],[-109.480804,46.924877],[-109.496861,46.924821],[-109.50126,46.926135],[-109.505132,46.926125],[-109.505132,46.924602],[-109.508646,46.927348],[-109.513928,46.929901],[-109.516321,46.930522],[-109.51576,46.932172],[-109.518343,46.935947],[-109.52208,46.938362],[-109.523865,46.940052],[-109.52854,46.942215],[-109.527298,46.942905],[-109.531702,46.94538],[-109.531845,46.946192],[-109.536393,46.949216],[-109.536752,46.950834],[-109.538034,46.950653],[-109.540801,46.952723],[-109.543344,46.949546],[-109.54532,46.945674],[-109.543818,46.942429],[-109.544805,46.939774],[-109.550617,46.939516],[-109.55958,46.937498],[-109.561721,46.935351],[-109.563947,46.935039],[-109.569337,46.935349],[-109.576078,46.936237],[-109.576695,46.939676],[-109.569269,46.939685],[-109.569301,46.956049],[-109.580195,46.955998],[-109.584593,46.954018],[-109.586555,46.954015],[-109.587086,47.004735],[-109.603434,47.00471],[-109.603456,46.997165],[-109.608062,46.997458],[-109.607997,46.98307],[-109.670977,46.982994],[-109.671057,46.990263],[-109.631025,47.01052],[-109.626572,47.013168],[-109.60843,47.026442],[-109.607278,47.026296],[-109.608779,47.027843],[-109.608219,47.029615],[-109.609311,47.030163],[-109.60876,47.032894],[-109.609908,47.033876],[-109.610158,47.035812],[-109.6089,47.037952],[-109.610001,47.039789],[-109.615604,47.04277],[-109.617499,47.044645],[-109.619297,47.045006],[-109.623609,47.047319],[-109.626128,47.04819],[-109.66093,47.048198],[-109.660964,47.066148],[-109.650415,47.066168],[-109.650687,47.068475],[-109.654506,47.069328],[-109.655448,47.070984],[-109.6575,47.072215],[-109.659934,47.074813],[-109.66256,47.075589],[-109.662367,47.077333],[-109.664999,47.079627],[-109.67183,47.080683],[-109.671495,47.026465],[-109.69266,47.026407],[-109.692949,47.055388],[-109.700923,47.055462],[-109.702591,47.056206],[-109.706268,47.060083],[-109.710886,47.062205],[-109.713439,47.062392],[-109.722488,47.065011],[-109.725195,47.065201],[-109.733372,47.063174],[-109.731453,47.065107],[-109.73228,47.065732],[-109.727907,47.067286],[-109.726383,47.068554],[-109.724737,47.068505],[-109.722048,47.069696],[-109.722363,47.071824],[-109.719312,47.072461],[-109.716744,47.074173],[-109.716488,47.074502],[-109.72846,47.078457],[-109.731658,47.080305],[-109.735265,47.079346],[-109.737847,47.077892],[-109.745806,47.074347],[-109.746277,47.114035],[-109.745323,47.115712],[-109.746419,47.116766],[-109.747415,47.121348],[-109.749421,47.123112],[-109.755057,47.125171],[-109.756513,47.124127],[-109.755873,47.028695],[-109.755772,46.984677],[-109.792689,46.995296],[-109.788617,46.993644],[-109.787968,46.992163],[-109.787963,46.990451],[-109.794275,46.987008],[-109.795996,46.984075],[-109.793825,46.982986],[-109.793507,46.981475],[-109.795981,46.97878],[-109.793481,46.977929],[-109.793169,46.976903],[-109.795117,46.976783],[-109.793522,46.975527],[-109.794388,46.973865],[-109.797121,46.973854],[-109.797794,46.97285],[-109.796064,46.970398],[-109.79915,46.969329],[-109.798141,46.96725],[-109.802872,46.968021],[-109.808145,46.967238],[-109.807837,46.953966],[-109.797625,46.953808],[-109.797965,46.932364],[-109.806828,46.93229],[-109.790981,46.913731],[-109.790195,46.911321],[-109.790214,46.903847],[-109.789769,46.902387],[-109.790286,46.899147],[-109.790692,46.897799],[-109.801555,46.886861],[-109.804376,46.883523],[-109.805624,46.880516],[-109.805073,46.865167],[-109.805264,46.863488],[-109.806519,46.86154],[-109.809005,46.860116],[-109.812326,46.859198],[-109.814979,46.857935],[-109.816496,46.856071],[-109.821025,46.838152],[-109.830364,46.838148]]]}}]}