{"type":"FeatureCollection","features":[{"type":"Feature","properties":{"zcta5":"80423","AFFGEOID10":"8600000US80423","GEOID10":"80423","ALAND10":410891870,"AWATER10":1636850,"county_name":"Grand","state_code":"CO","county_state":"Grand County, CO","county_fips":"08049","risk_level_county":"Medium Risk (70–79% vaccinated)","mean_vaccination_rate_county":70.18,"risk_level_zcta":"Lowest Risk (85%+)","mean_vaccination_rate_zips":92.43,"cases":35},"geometry":{"type":"Polygon","coordinates":[[[-106.637004,40.057344],[-106.637031,40.002106],[-106.62653,40.001871],[-106.626112,39.999986],[-106.626569,39.924785],[-106.626555,39.918671],[-106.653653,39.919927],[-106.720539,39.920612],[-106.721313,39.918104],[-106.722175,39.917247],[-106.723709,39.917532],[-106.7243,39.916762],[-106.724531,39.915786],[-106.723737,39.912168],[-106.722571,39.909878],[-106.721373,39.909005],[-106.716908,39.907689],[-106.715653,39.906322],[-106.715652,39.905059],[-106.712178,39.900458],[-106.714396,39.903044],[-106.716395,39.90419],[-106.719127,39.9042],[-106.719508,39.903285],[-106.717961,39.902439],[-106.719785,39.900978],[-106.724904,39.900229],[-106.727599,39.900404],[-106.728133,39.900992],[-106.732296,39.900013],[-106.733878,39.899123],[-106.736625,39.901098],[-106.73768,39.900637],[-106.738109,39.902284],[-106.745238,39.902121],[-106.74811,39.900407],[-106.749384,39.897902],[-106.748948,39.896793],[-106.750115,39.895029],[-106.74994,39.891345],[-106.749404,39.889918],[-106.749545,39.887622],[-106.750462,39.88492],[-106.750134,39.884267],[-106.752146,39.882274],[-106.752582,39.880792],[-106.751936,39.877272],[-106.75079,39.875855],[-106.750008,39.87305],[-106.748988,39.871678],[-106.748801,39.869855],[-106.74989,39.868086],[-106.749631,39.866466],[-106.746922,39.864793],[-106.744534,39.863207],[-106.743499,39.861022],[-106.740583,39.858207],[-106.737525,39.85722],[-106.736441,39.856051],[-106.732295,39.856118],[-106.730463,39.854801],[-106.727256,39.853671],[-106.725232,39.851673],[-106.723178,39.848368],[-106.718569,39.847502],[-106.716879,39.844779],[-106.71368,39.843033],[-106.715146,39.841254],[-106.714269,39.838992],[-106.716384,39.837635],[-106.719995,39.837881],[-106.721719,39.836903],[-106.721845,39.834684],[-106.722813,39.831889],[-106.722171,39.829644],[-106.723217,39.828468],[-106.726763,39.826529],[-106.729498,39.826901],[-106.732227,39.829519],[-106.732753,39.828942],[-106.734416,39.823895],[-106.737721,39.824696],[-106.739838,39.826238],[-106.740485,39.825628],[-106.741224,39.824118],[-106.741522,39.821251],[-106.74083,39.820669],[-106.741603,39.817429],[-106.743212,39.816155],[-106.743687,39.813886],[-106.746405,39.811408],[-106.748537,39.811207],[-106.747136,39.808768],[-106.748499,39.807173],[-106.745904,39.805441],[-106.745277,39.803384],[-106.745113,39.799839],[-106.74648,39.798856],[-106.747666,39.796362],[-106.746895,39.793831],[-106.745208,39.793673],[-106.744972,39.792558],[-106.740614,39.790287],[-106.740541,39.787794],[-106.739294,39.786163],[-106.735741,39.78343],[-106.734253,39.783102],[-106.731461,39.780719],[-106.73294,39.777748],[-106.731366,39.777337],[-106.72891,39.775712],[-106.733244,39.775414],[-106.735685,39.774815],[-106.740358,39.772951],[-106.743715,39.77116],[-106.74298,39.767602],[-106.740744,39.764945],[-106.735948,39.764134],[-106.7332,39.762795],[-106.729393,39.761951],[-106.726292,39.762748],[-106.726207,39.763907],[-106.727751,39.764285],[-106.727837,39.765334],[-106.725347,39.766411],[-106.720281,39.767863],[-106.713422,39.767994],[-106.711106,39.769407],[-106.708122,39.769226],[-106.701575,39.771452],[-106.700437,39.769846],[-106.695733,39.768877],[-106.694853,39.769755],[-106.69306,39.769443],[-106.6933,39.77073],[-106.69105,39.7693],[-106.687713,39.766009],[-106.684375,39.76445],[-106.678868,39.763505],[-106.677805,39.762939],[-106.677795,39.764687],[-106.682946,39.772578],[-106.683409,39.774681],[-106.679594,39.780766],[-106.678006,39.784565],[-106.677927,39.787794],[-106.679479,39.791429],[-106.679955,39.794295],[-106.679833,39.798486],[-106.677662,39.802456],[-106.678444,39.804312],[-106.67759,39.805827],[-106.677847,39.808178],[-106.674543,39.808847],[-106.673681,39.809923],[-106.675503,39.811972],[-106.675446,39.813597],[-106.672783,39.815936],[-106.670454,39.816095],[-106.666488,39.814936],[-106.663519,39.81504],[-106.661268,39.816774],[-106.659452,39.817279],[-106.652944,39.817299],[-106.648335,39.820395],[-106.643114,39.822831],[-106.641345,39.826916],[-106.639524,39.824889],[-106.638049,39.824147],[-106.633889,39.826183],[-106.631844,39.827939],[-106.632464,39.826934],[-106.631405,39.825424],[-106.628613,39.824983],[-106.626941,39.823038],[-106.623789,39.821906],[-106.623275,39.823895],[-106.621093,39.824007],[-106.621995,39.826102],[-106.621382,39.828825],[-106.618783,39.828661],[-106.617927,39.827538],[-106.614684,39.828223],[-106.612569,39.829261],[-106.598009,39.830368],[-106.595436,39.82998],[-106.574081,39.829121],[-106.557177,39.82937],[-106.500189,39.829109],[-106.4997,39.825981],[-106.497994,39.826481],[-106.495292,39.825596],[-106.491001,39.826988],[-106.491969,39.8291],[-106.488707,39.828647],[-106.486655,39.829094],[-106.459518,39.829126],[-106.45752,39.829978],[-106.455945,39.832286],[-106.453279,39.83332],[-106.44937,39.830242],[-106.446953,39.830318],[-106.445502,39.82919],[-106.413245,39.829257],[-106.413125,39.829696],[-106.415107,39.831441],[-106.418724,39.836273],[-106.420612,39.840003],[-106.423739,39.841425],[-106.425575,39.845488],[-106.423497,39.848052],[-106.423625,39.850106],[-106.425786,39.855369],[-106.42709,39.857675],[-106.430382,39.861526],[-106.432969,39.865402],[-106.43274,39.865968],[-106.433959,39.870264],[-106.434419,39.873001],[-106.433792,39.874987],[-106.433962,39.877375],[-106.431097,39.880103],[-106.428103,39.882164],[-106.429474,39.887114],[-106.428683,39.895107],[-106.429237,39.898387],[-106.43076,39.90162],[-106.430649,39.903901],[-106.42999,39.905403],[-106.4304,39.908906],[-106.431724,39.911271],[-106.432875,39.912607],[-106.439179,39.915632],[-106.440301,39.918323],[-106.439202,39.919945],[-106.434424,39.923387],[-106.434508,39.924914],[-106.442574,39.924804],[-106.44378,39.924948],[-106.485398,39.925045],[-106.486254,39.92525],[-106.522119,39.925032],[-106.522321,39.927185],[-106.526491,39.930125],[-106.526454,39.931035],[-106.528416,39.934762],[-106.528551,39.93608],[-106.530456,39.939242],[-106.53195,39.943759],[-106.533581,39.945526],[-106.538752,39.948386],[-106.542747,39.951777],[-106.546452,39.952734],[-106.548248,39.954325],[-106.549872,39.954573],[-106.55654,39.95166],[-106.558162,39.95323],[-106.556736,39.954221],[-106.550938,39.95505],[-106.549767,39.955971],[-106.550783,39.960373],[-106.548356,39.961598],[-106.54543,39.961234],[-106.542586,39.960195],[-106.541361,39.96069],[-106.540717,39.962931],[-106.543916,39.964383],[-106.544948,39.966108],[-106.548149,39.968475],[-106.541805,39.966893],[-106.540698,39.96757],[-106.542163,39.969607],[-106.541775,39.972459],[-106.543383,39.975291],[-106.543485,39.97807],[-106.542779,39.980305],[-106.540833,39.983216],[-106.537175,39.983978],[-106.535266,39.985814],[-106.538571,39.989933],[-106.540852,39.990575],[-106.543643,39.9887],[-106.54563,39.986513],[-106.544521,39.989837],[-106.544931,39.990988],[-106.544226,39.994073],[-106.541722,39.995797],[-106.540996,39.998523],[-106.542146,39.999765],[-106.545071,39.999584],[-106.545602,40.00326],[-106.547171,40.000972],[-106.546508,39.997791],[-106.549894,39.996525],[-106.55145,39.998329],[-106.552548,40.001521],[-106.555088,40.003496],[-106.555728,40.005893],[-106.557569,40.006454],[-106.559859,40.00618],[-106.561004,40.007615],[-106.559842,40.010063],[-106.55777,40.011163],[-106.55792,40.012098],[-106.56149,40.01451],[-106.568426,40.017074],[-106.570868,40.017275],[-106.571788,40.018542],[-106.571173,40.019866],[-106.572125,40.021501],[-106.571366,40.022115],[-106.571192,40.025244],[-106.573112,40.026209],[-106.575829,40.028658],[-106.576,40.02999],[-106.5749,40.031608],[-106.575735,40.033759],[-106.579912,40.038009],[-106.580156,40.03996],[-106.579023,40.042156],[-106.580408,40.044254],[-106.581566,40.04468],[-106.582915,40.046733],[-106.583406,40.048727],[-106.582984,40.050724],[-106.583498,40.052415],[-106.585728,40.054645],[-106.583887,40.059904],[-106.585628,40.062677],[-106.587215,40.062897],[-106.588893,40.060423],[-106.593681,40.058984],[-106.595681,40.059504],[-106.597005,40.060733],[-106.601316,40.059765],[-106.600567,40.058378],[-106.603478,40.059098],[-106.60584,40.057864],[-106.608204,40.058501],[-106.637004,40.057344]]]}},{"type":"Feature","properties":{"zcta5":"80447","AFFGEOID10":"8600000US80447","GEOID10":"80447","ALAND10":608269214,"AWATER10":22568579,"county_name":"Grand","state_code":"CO","county_state":"Grand County, CO","county_fips":"08049","risk_level_county":"Medium Risk (70–79% vaccinated)","mean_vaccination_rate_county":70.18,"risk_level_zcta":"Higher Risk (60–69% vaccinated)","mean_vaccination_rate_zips":68.58,"cases":35},"geometry":{"type":"Polygon","coordinates":[[[-105.854926,40.486252],[-105.857175,40.483271],[-105.860595,40.482035],[-105.862474,40.480226],[-105.865585,40.481373],[-105.869152,40.480986],[-105.871136,40.480065],[-105.872265,40.478296],[-105.874101,40.478441],[-105.87915,40.477094],[-105.881548,40.475866],[-105.886019,40.477343],[-105.888693,40.476413],[-105.891754,40.476661],[-105.892213,40.474148],[-105.894305,40.469547],[-105.897225,40.469205],[-105.899345,40.465645],[-105.898351,40.463509],[-105.898334,40.457397],[-105.899824,40.4545],[-105.898891,40.450258],[-105.897069,40.448788],[-105.898772,40.446206],[-105.899814,40.440769],[-105.902176,40.435656],[-105.901833,40.434778],[-105.903265,40.432762],[-105.902679,40.430342],[-105.898578,40.426806],[-105.8985,40.424296],[-105.897831,40.42358],[-105.898098,40.418985],[-105.897669,40.417727],[-105.899013,40.415211],[-105.902098,40.412907],[-105.902313,40.410258],[-105.901658,40.40649],[-105.903193,40.402657],[-105.90332,40.400751],[-105.905068,40.398816],[-105.90599,40.399652],[-105.909169,40.400762],[-105.910843,40.400513],[-105.9136,40.401617],[-105.916616,40.401863],[-105.920734,40.401565],[-105.922071,40.39812],[-105.923473,40.396484],[-105.92441,40.393162],[-105.927536,40.391026],[-105.930817,40.390238],[-105.93179,40.389088],[-105.933861,40.388506],[-105.936322,40.386196],[-105.940462,40.384524],[-105.943896,40.384542],[-105.946607,40.385047],[-105.945919,40.381449],[-105.947223,40.378069],[-105.946712,40.377248],[-105.941623,40.374129],[-105.937312,40.371941],[-105.938724,40.368684],[-105.938701,40.366058],[-105.940214,40.365814],[-105.942557,40.36434],[-105.945147,40.363947],[-105.944002,40.35938],[-105.944643,40.357935],[-105.943194,40.355536],[-105.943682,40.353288],[-105.942006,40.349351],[-105.943534,40.347358],[-105.941993,40.345366],[-105.941753,40.342525],[-105.940798,40.34074],[-105.940664,40.33749],[-105.941445,40.334706],[-105.940895,40.331638],[-105.943504,40.330371],[-105.944898,40.329054],[-105.944842,40.327851],[-105.946704,40.327987],[-105.944321,40.32694],[-105.941692,40.324124],[-105.939144,40.32269],[-105.938117,40.320137],[-105.935037,40.317602],[-105.933131,40.315529],[-105.932774,40.310253],[-105.934112,40.305812],[-105.933316,40.300192],[-105.933437,40.29596],[-105.932252,40.296218],[-105.929068,40.298616],[-105.926296,40.297352],[-105.926477,40.296207],[-105.928808,40.295838],[-105.92594,40.294966],[-105.92364,40.293499],[-105.921072,40.294523],[-105.918473,40.293879],[-105.917249,40.292092],[-105.915488,40.290786],[-105.915877,40.289273],[-105.912622,40.289499],[-105.909366,40.288694],[-105.907426,40.287066],[-105.907217,40.288848],[-105.905722,40.289281],[-105.903782,40.288661],[-105.901003,40.28916],[-105.903454,40.291103],[-105.898724,40.291232],[-105.893392,40.288972],[-105.891921,40.28874],[-105.888245,40.285627],[-105.888261,40.284185],[-105.88666,40.282535],[-105.886668,40.278343],[-105.885519,40.277111],[-105.885317,40.276354],[-105.887881,40.274805],[-105.885337,40.273618],[-105.885516,40.270935],[-105.887804,40.268266],[-105.888435,40.266039],[-105.887572,40.264639],[-105.887856,40.263293],[-105.889405,40.261641],[-105.893437,40.261369],[-105.893946,40.26067],[-105.89329,40.256984],[-105.893845,40.254325],[-105.891765,40.250762],[-105.888385,40.249216],[-105.887409,40.246155],[-105.884812,40.242379],[-105.8831,40.242421],[-105.882538,40.241301],[-105.882959,40.234653],[-105.884737,40.232339],[-105.888899,40.232125],[-105.890754,40.23146],[-105.891187,40.226136],[-105.890277,40.225617],[-105.895987,40.224392],[-105.898404,40.224538],[-105.900874,40.225804],[-105.90231,40.224934],[-105.90518,40.226829],[-105.908221,40.226312],[-105.909363,40.227204],[-105.913191,40.226334],[-105.910313,40.222752],[-105.904584,40.219707],[-105.903276,40.219663],[-105.900549,40.217702],[-105.899559,40.215683],[-105.894947,40.214367],[-105.893981,40.213284],[-105.893849,40.212186],[-105.895648,40.211434],[-105.897273,40.208069],[-105.896189,40.206988],[-105.895047,40.204105],[-105.894565,40.19964],[-105.893508,40.197017],[-105.898235,40.190562],[-105.896073,40.188357],[-105.89286,40.187464],[-105.890934,40.186099],[-105.888691,40.183365],[-105.885274,40.184703],[-105.878454,40.19386],[-105.877171,40.192605],[-105.87703,40.189136],[-105.878977,40.183363],[-105.879781,40.178522],[-105.881938,40.174187],[-105.883067,40.169541],[-105.875569,40.169484],[-105.863476,40.167759],[-105.859923,40.163945],[-105.858634,40.159463],[-105.858501,40.153865],[-105.858913,40.151011],[-105.853862,40.147444],[-105.849253,40.145232],[-105.84715,40.143268],[-105.842737,40.14135],[-105.837145,40.140534],[-105.815232,40.139833],[-105.807585,40.137819],[-105.797855,40.136305],[-105.795792,40.135005],[-105.793532,40.132686],[-105.790323,40.131467],[-105.778669,40.130512],[-105.771765,40.129347],[-105.766046,40.126512],[-105.766415,40.124988],[-105.763402,40.12314],[-105.761332,40.11955],[-105.75863,40.119071],[-105.758679,40.120361],[-105.760594,40.120866],[-105.763204,40.123733],[-105.76473,40.124507],[-105.763039,40.126054],[-105.761397,40.125798],[-105.758954,40.123098],[-105.756143,40.119325],[-105.754411,40.11973],[-105.752123,40.117007],[-105.750061,40.113327],[-105.746297,40.110828],[-105.748563,40.109041],[-105.747024,40.108369],[-105.745244,40.106348],[-105.73985,40.104951],[-105.734995,40.104738],[-105.731584,40.105048],[-105.726747,40.102529],[-105.724368,40.102778],[-105.720356,40.103929],[-105.716054,40.107731],[-105.712289,40.11007],[-105.709469,40.109754],[-105.704275,40.110092],[-105.699633,40.109417],[-105.69816,40.108804],[-105.696615,40.109237],[-105.693652,40.107426],[-105.691762,40.107365],[-105.687264,40.104635],[-105.68433,40.103427],[-105.684274,40.102454],[-105.681937,40.101053],[-105.682022,40.100179],[-105.679148,40.09907],[-105.678731,40.097243],[-105.676047,40.097484],[-105.676313,40.095924],[-105.674364,40.0958],[-105.674314,40.094278],[-105.672151,40.092668],[-105.669391,40.092279],[-105.668211,40.090439],[-105.666122,40.089108],[-105.661766,40.090094],[-105.655815,40.091951],[-105.652076,40.092306],[-105.646037,40.090548],[-105.64292,40.087933],[-105.634947,40.075799],[-105.634566,40.079975],[-105.63262,40.081447],[-105.634253,40.081509],[-105.635633,40.082871],[-105.636004,40.084553],[-105.635147,40.084976],[-105.635211,40.087183],[-105.63376,40.088379],[-105.634719,40.093848],[-105.634539,40.095485],[-105.633266,40.095454],[-105.632022,40.097191],[-105.635386,40.100443],[-105.63661,40.102536],[-105.636104,40.104741],[-105.636681,40.106994],[-105.634652,40.113232],[-105.63163,40.113489],[-105.629973,40.114158],[-105.629121,40.117036],[-105.626566,40.118654],[-105.62821,40.120353],[-105.627574,40.122062],[-105.628782,40.123512],[-105.628185,40.124987],[-105.626226,40.127069],[-105.626659,40.127963],[-105.629133,40.129158],[-105.629983,40.130434],[-105.630048,40.134588],[-105.629454,40.137468],[-105.632541,40.138431],[-105.635166,40.139948],[-105.635097,40.14419],[-105.635656,40.146006],[-105.641089,40.147549],[-105.644809,40.148076],[-105.647341,40.149213],[-105.64729,40.150968],[-105.648744,40.150505],[-105.655996,40.151281],[-105.656862,40.152937],[-105.660248,40.154735],[-105.661343,40.156524],[-105.664684,40.156743],[-105.666399,40.157335],[-105.667729,40.158276],[-105.667536,40.161186],[-105.67058,40.162691],[-105.671336,40.166497],[-105.669591,40.167485],[-105.669506,40.168625],[-105.666919,40.169887],[-105.668115,40.170858],[-105.668573,40.17358],[-105.669733,40.174258],[-105.668281,40.176914],[-105.670771,40.178489],[-105.671791,40.180029],[-105.671682,40.182004],[-105.670315,40.183417],[-105.670626,40.185393],[-105.675469,40.186392],[-105.677554,40.188507],[-105.677644,40.197211],[-105.676405,40.199503],[-105.677688,40.201673],[-105.677645,40.202331],[-105.675252,40.203213],[-105.670559,40.207802],[-105.671194,40.209692],[-105.671119,40.212163],[-105.670192,40.213608],[-105.670946,40.214602],[-105.671255,40.217079],[-105.669458,40.220041],[-105.66766,40.22037],[-105.663462,40.219929],[-105.668915,40.223725],[-105.667767,40.226719],[-105.668444,40.22814],[-105.667354,40.230959],[-105.664378,40.233213],[-105.664479,40.235101],[-105.665437,40.23727],[-105.66495,40.238555],[-105.660204,40.245177],[-105.660006,40.248833],[-105.658932,40.249413],[-105.650396,40.249379],[-105.647074,40.249132],[-105.644262,40.249793],[-105.649789,40.252877],[-105.651199,40.254247],[-105.651197,40.257257],[-105.653321,40.260457],[-105.657235,40.262886],[-105.66072,40.264228],[-105.662378,40.264124],[-105.665236,40.266894],[-105.667909,40.267718],[-105.672055,40.268101],[-105.67559,40.267267],[-105.678187,40.26812],[-105.678903,40.269869],[-105.681508,40.271684],[-105.682233,40.273164],[-105.680347,40.274668],[-105.681469,40.279046],[-105.679262,40.278912],[-105.680732,40.282927],[-105.680579,40.28446],[-105.685046,40.286409],[-105.686346,40.287486],[-105.686403,40.288918],[-105.68365,40.29119],[-105.681165,40.291945],[-105.684758,40.292383],[-105.687368,40.293733],[-105.688272,40.297334],[-105.686177,40.303075],[-105.689295,40.303479],[-105.691278,40.306164],[-105.69014,40.308648],[-105.691863,40.309373],[-105.694834,40.309323],[-105.697764,40.310939],[-105.700909,40.310715],[-105.702109,40.312083],[-105.701507,40.314445],[-105.700167,40.316364],[-105.697648,40.318273],[-105.698719,40.32078],[-105.70202,40.321711],[-105.70168,40.324309],[-105.706773,40.325051],[-105.713127,40.325568],[-105.721438,40.332018],[-105.724533,40.3327],[-105.729088,40.335278],[-105.728786,40.337935],[-105.729944,40.339624],[-105.733108,40.340774],[-105.735441,40.342984],[-105.736444,40.344906],[-105.736345,40.346615],[-105.739613,40.347108],[-105.742441,40.349263],[-105.747757,40.347508],[-105.752383,40.349093],[-105.753782,40.35152],[-105.757117,40.35165],[-105.759271,40.353307],[-105.759765,40.355779],[-105.763028,40.357118],[-105.764441,40.359263],[-105.767699,40.359764],[-105.769133,40.364474],[-105.772596,40.364411],[-105.774105,40.365233],[-105.774219,40.366759],[-105.776437,40.369545],[-105.78195,40.373759],[-105.78182,40.37699],[-105.784997,40.379715],[-105.78725,40.380872],[-105.788561,40.384282],[-105.790729,40.386263],[-105.791232,40.387863],[-105.790545,40.38964],[-105.791664,40.394335],[-105.790951,40.39864],[-105.793815,40.4008],[-105.794182,40.401882],[-105.798265,40.405835],[-105.800423,40.407218],[-105.801294,40.410175],[-105.808265,40.414954],[-105.811126,40.419399],[-105.81534,40.421486],[-105.816423,40.423991],[-105.817266,40.424323],[-105.817231,40.426488],[-105.814456,40.428522],[-105.814337,40.431334],[-105.816366,40.435519],[-105.815784,40.437434],[-105.813019,40.439161],[-105.811728,40.442853],[-105.810399,40.443231],[-105.806557,40.446202],[-105.80569,40.447882],[-105.807614,40.452262],[-105.805136,40.459233],[-105.804479,40.464224],[-105.805691,40.4665],[-105.80818,40.468868],[-105.810669,40.471087],[-105.808865,40.471078],[-105.807133,40.47241],[-105.806793,40.473913],[-105.808543,40.475061],[-105.812793,40.475855],[-105.81542,40.475339],[-105.820114,40.475972],[-105.822463,40.476829],[-105.827956,40.478289],[-105.830608,40.479568],[-105.834605,40.479869],[-105.837823,40.483033],[-105.841082,40.483618],[-105.843064,40.482994],[-105.846967,40.482791],[-105.847308,40.483931],[-105.854926,40.486252]]]}},{"type":"Feature","properties":{"zcta5":"80468","AFFGEOID10":"8600000US80468","GEOID10":"80468","ALAND10":994175378,"AWATER10":6657257,"county_name":"Grand","state_code":"CO","county_state":"Grand County, CO","county_fips":"08049","risk_level_county":"Medium Risk (70–79% vaccinated)","mean_vaccination_rate_county":70.18,"risk_level_zcta":"Uninhabited","mean_vaccination_rate_zips":null,"cases":35},"geometry":{"type":"Polygon","coordinates":[[[-106.143101,40.290593],[-106.144316,40.289578],[-106.148641,40.287211],[-106.151087,40.286457],[-106.15393,40.283455],[-106.155318,40.282793],[-106.157267,40.278413],[-106.159547,40.274832],[-106.15895,40.274306],[-106.158899,40.271342],[-106.15762,40.269454],[-106.161925,40.265456],[-106.163313,40.264771],[-106.165695,40.263725],[-106.167992,40.261819],[-106.172911,40.262048],[-106.173329,40.261026],[-106.178214,40.259976],[-106.181141,40.256496],[-106.184468,40.254969],[-106.186574,40.254416],[-106.191265,40.253955],[-106.198926,40.251478],[-106.201947,40.250274],[-106.205076,40.248534],[-106.207732,40.246224],[-106.209274,40.244324],[-106.210262,40.241774],[-106.209497,40.238278],[-106.208335,40.235071],[-106.208362,40.231304],[-106.209664,40.229831],[-106.208686,40.229076],[-106.208951,40.227451],[-106.208424,40.225529],[-106.209168,40.22508],[-106.208978,40.223027],[-106.216615,40.222227],[-106.219637,40.222312],[-106.224719,40.22389],[-106.223662,40.222674],[-106.220879,40.221103],[-106.218158,40.220618],[-106.217768,40.21929],[-106.218844,40.218363],[-106.21861,40.216587],[-106.219646,40.215618],[-106.22042,40.216136],[-106.221431,40.214983],[-106.217888,40.21388],[-106.218724,40.21333],[-106.218984,40.211436],[-106.217724,40.210602],[-106.216917,40.208854],[-106.215065,40.20845],[-106.214952,40.207397],[-106.2161,40.205205],[-106.215556,40.204363],[-106.218166,40.20185],[-106.219602,40.199375],[-106.221589,40.198102],[-106.22256,40.196569],[-106.221964,40.195467],[-106.223668,40.193503],[-106.224229,40.189461],[-106.227582,40.187759],[-106.230098,40.188534],[-106.232095,40.187882],[-106.232453,40.184959],[-106.234326,40.184597],[-106.233946,40.181745],[-106.238211,40.179915],[-106.239692,40.180575],[-106.239521,40.179595],[-106.243528,40.17966],[-106.244881,40.179186],[-106.245775,40.177933],[-106.250582,40.175242],[-106.256432,40.175611],[-106.258636,40.174155],[-106.259893,40.172249],[-106.264137,40.170572],[-106.265905,40.170291],[-106.268088,40.170826],[-106.270008,40.169904],[-106.271636,40.17094],[-106.27402,40.170275],[-106.277513,40.168029],[-106.28071,40.166647],[-106.281028,40.165774],[-106.280309,40.164998],[-106.279971,40.162614],[-106.280431,40.161465],[-106.282331,40.159471],[-106.283701,40.156798],[-106.282304,40.153705],[-106.281864,40.150899],[-106.282619,40.149828],[-106.283067,40.147408],[-106.282032,40.146717],[-106.283262,40.145947],[-106.283665,40.142374],[-106.282304,40.140552],[-106.282633,40.139944],[-106.283345,40.139099],[-106.284835,40.139686],[-106.286182,40.138923],[-106.286536,40.13655],[-106.287949,40.135181],[-106.285162,40.134519],[-106.281844,40.134763],[-106.280627,40.13433],[-106.279958,40.128521],[-106.279347,40.129239],[-106.27657,40.12916],[-106.273798,40.131055],[-106.268842,40.131797],[-106.261517,40.132797],[-106.263548,40.133232],[-106.256131,40.133909],[-106.25308,40.13691],[-106.251639,40.135617],[-106.24972,40.134865],[-106.246694,40.135098],[-106.24336,40.133466],[-106.241099,40.13085],[-106.24356,40.127981],[-106.24435,40.126426],[-106.245595,40.126544],[-106.246121,40.124754],[-106.248092,40.123789],[-106.249316,40.121166],[-106.253112,40.121217],[-106.256096,40.119892],[-106.257861,40.1176],[-106.259478,40.116911],[-106.261551,40.116875],[-106.263068,40.114422],[-106.262531,40.113715],[-106.268273,40.111757],[-106.270559,40.110334],[-106.27214,40.110317],[-106.276975,40.113358],[-106.279542,40.113408],[-106.279459,40.10725],[-106.278348,40.105831],[-106.27797,40.10364],[-106.275841,40.097066],[-106.275711,40.094965],[-106.276593,40.091753],[-106.277314,40.090797],[-106.280508,40.088312],[-106.28225,40.085704],[-106.28383,40.084149],[-106.289033,40.079953],[-106.291157,40.077709],[-106.29439,40.075365],[-106.295848,40.073148],[-106.295782,40.07032],[-106.294495,40.065838],[-106.293492,40.064253],[-106.289529,40.065122],[-106.28725,40.065243],[-106.282008,40.064694],[-106.275672,40.067444],[-106.272253,40.068335],[-106.267646,40.068362],[-106.263125,40.067715],[-106.255904,40.066396],[-106.251893,40.065139],[-106.247036,40.064252],[-106.243515,40.064144],[-106.237642,40.065083],[-106.229459,40.067805],[-106.22515,40.068338],[-106.207057,40.066818],[-106.220858,40.067648],[-106.22378,40.067668],[-106.228157,40.067107],[-106.234357,40.065498],[-106.239852,40.063249],[-106.242875,40.063],[-106.242465,40.061049],[-106.241653,40.06043],[-106.2443,40.060614],[-106.250931,40.062021],[-106.254219,40.063815],[-106.257194,40.063801],[-106.260658,40.062275],[-106.263695,40.05943],[-106.267744,40.05922],[-106.270061,40.058401],[-106.272328,40.056646],[-106.276865,40.05705],[-106.279281,40.05604],[-106.284913,40.055404],[-106.286393,40.054054],[-106.289638,40.053798],[-106.292716,40.051103],[-106.295084,40.050499],[-106.296801,40.000005],[-106.294685,40.000025],[-106.294554,39.991694],[-106.293629,39.98964],[-106.294988,39.986318],[-106.29416,39.98314],[-106.296804,39.979038],[-106.293915,39.978544],[-106.29408,39.967153],[-106.295401,39.968682],[-106.296903,39.969368],[-106.298423,39.972064],[-106.30129,39.972932],[-106.302236,39.975155],[-106.302086,39.97679],[-106.300158,39.978953],[-106.305455,39.977945],[-106.307789,39.978367],[-106.308152,39.974903],[-106.309354,39.973222],[-106.312302,39.970949],[-106.314954,39.969737],[-106.32355,39.96664],[-106.325364,39.966709],[-106.327341,39.96872],[-106.330096,39.969442],[-106.334955,39.96897],[-106.338801,39.969254],[-106.345102,39.970395],[-106.349012,39.969843],[-106.351354,39.970186],[-106.349648,39.964662],[-106.343811,39.935901],[-106.342695,39.933733],[-106.340618,39.931274],[-106.344798,39.929511],[-106.344643,39.927103],[-106.343726,39.924689],[-106.344632,39.924268],[-106.340949,39.921208],[-106.340942,39.923183],[-106.342627,39.92492],[-106.336601,39.926536],[-106.325952,39.91375],[-106.294624,39.91396],[-106.294777,39.91892],[-106.289785,39.918851],[-106.252027,39.914712],[-106.250581,39.913048],[-106.24691,39.9127],[-106.243624,39.90929],[-106.241115,39.907269],[-106.239298,39.906814],[-106.234824,39.902708],[-106.231688,39.900806],[-106.231881,39.899895],[-106.230009,39.897996],[-106.228361,39.893517],[-106.22752,39.892508],[-106.224126,39.889968],[-106.223089,39.888304],[-106.220782,39.887686],[-106.219374,39.885304],[-106.219321,39.883611],[-106.21686,39.88063],[-106.214174,39.878801],[-106.207989,39.878399],[-106.206499,39.877701],[-106.206368,39.874985],[-106.205192,39.873168],[-106.203201,39.871258],[-106.202762,39.869756],[-106.201391,39.868524],[-106.201545,39.865465],[-106.200566,39.864042],[-106.195424,39.861085],[-106.194289,39.859681],[-106.18568,39.855421],[-106.183305,39.853524],[-106.180446,39.852456],[-106.1777,39.849258],[-106.173527,39.847626],[-106.172511,39.847913],[-106.172522,39.846397],[-106.171143,39.845293],[-106.168906,39.845024],[-106.167603,39.845541],[-106.165117,39.843822],[-106.161611,39.843665],[-106.151657,39.840687],[-106.14889,39.839448],[-106.143404,39.839348],[-106.139413,39.843011],[-106.137912,39.843538],[-106.134527,39.843677],[-106.131483,39.8442],[-106.129727,39.844004],[-106.124453,39.841798],[-106.120694,39.837395],[-106.12031,39.835672],[-106.11704,39.831992],[-106.114587,39.830386],[-106.112427,39.829706],[-106.109863,39.827457],[-106.105284,39.822381],[-106.102885,39.82084],[-106.099916,39.819804],[-106.099003,39.81843],[-106.095803,39.816202],[-106.092016,39.812871],[-106.089974,39.809336],[-106.086532,39.807994],[-106.084115,39.806655],[-106.083946,39.803325],[-106.082353,39.800706],[-106.082163,39.796336],[-106.079487,39.794159],[-106.078082,39.793684],[-106.079197,39.792266],[-106.081207,39.787399],[-106.078982,39.785356],[-106.077652,39.782888],[-106.075168,39.78096],[-106.073009,39.777135],[-106.071032,39.772679],[-106.071045,39.769744],[-106.06957,39.766244],[-106.067521,39.763934],[-106.065555,39.762624],[-106.064827,39.760733],[-106.065015,39.758554],[-106.065736,39.757558],[-106.065898,39.753799],[-106.064055,39.752181],[-106.062181,39.751644],[-106.064815,39.748201],[-106.064026,39.745924],[-106.059469,39.739432],[-106.060267,39.738017],[-106.059821,39.736105],[-106.060017,39.733176],[-106.058039,39.728812],[-106.058661,39.726272],[-106.058548,39.724701],[-106.056649,39.723013],[-106.056454,39.721928],[-106.055951,39.721404],[-106.051262,39.721483],[-106.048635,39.721072],[-106.04793,39.720019],[-106.04467,39.718924],[-106.044065,39.717675],[-106.041583,39.71602],[-106.038106,39.712058],[-106.038262,39.709597],[-106.037888,39.707579],[-106.036751,39.705524],[-106.03431,39.702958],[-106.033642,39.69676],[-106.031889,39.694175],[-106.026699,39.691026],[-106.026662,39.689812],[-106.023783,39.68842],[-106.021188,39.688403],[-106.019436,39.68755],[-106.015601,39.687116],[-106.012987,39.686341],[-106.008814,39.687774],[-106.006484,39.687953],[-106.004604,39.687344],[-106.0029,39.685838],[-105.996339,39.684122],[-105.990978,39.68752],[-105.988571,39.687001],[-105.985401,39.687376],[-105.980951,39.689769],[-105.978187,39.689762],[-105.97235,39.69169],[-105.970427,39.690572],[-105.961941,39.690782],[-105.951036,39.695149],[-105.945601,39.688866],[-105.940571,39.690602],[-105.932801,39.694682],[-105.93009,39.697518],[-105.924618,39.698972],[-105.924061,39.701574],[-105.924546,39.703423],[-105.92186,39.708125],[-105.921407,39.709936],[-105.918065,39.712084],[-105.916765,39.713576],[-105.911775,39.715295],[-105.912014,39.716155],[-105.910499,39.720713],[-105.90746,39.724045],[-105.90828,39.726246],[-105.904729,39.728779],[-105.903857,39.728815],[-105.899959,39.728781],[-105.891755,39.730387],[-105.88944,39.731548],[-105.88695,39.734176],[-105.883714,39.737012],[-105.882375,39.740328],[-105.883266,39.743807],[-105.882343,39.745579],[-105.883166,39.747635],[-105.885001,39.749986],[-105.884588,39.752859],[-105.882121,39.755769],[-105.880481,39.759303],[-105.881524,39.760517],[-105.882849,39.763383],[-105.885106,39.764155],[-105.886716,39.766003],[-105.887544,39.770477],[-105.889638,39.773658],[-105.890029,39.77864],[-105.89209,39.7808],[-105.892657,39.782638],[-105.892346,39.784108],[-105.890739,39.786384],[-105.887695,39.789022],[-105.887902,39.790134],[-105.887622,39.7966],[-105.897358,39.80529],[-105.901948,39.809044],[-105.905554,39.810042],[-105.908315,39.809826],[-105.909672,39.807446],[-105.916195,39.808163],[-105.919343,39.803231],[-105.921304,39.802067],[-105.922667,39.799324],[-105.926097,39.798006],[-105.927597,39.796667],[-105.931074,39.796035],[-105.932876,39.793435],[-105.934196,39.793016],[-105.935395,39.794236],[-105.93709,39.793726],[-105.940214,39.794428],[-105.943786,39.793948],[-105.947474,39.796066],[-105.951834,39.796179],[-105.952622,39.796828],[-105.958589,39.79941],[-105.959047,39.799877],[-105.961286,39.800226],[-105.96259,39.801388],[-105.96329,39.802716],[-105.962393,39.804852],[-105.96191,39.811318],[-105.95867,39.813927],[-105.957477,39.818082],[-105.95672,39.819611],[-105.953622,39.821929],[-105.953654,39.824244],[-105.95245,39.826067],[-105.953582,39.828893],[-105.957623,39.833906],[-105.956947,39.836395],[-105.955957,39.837692],[-105.955634,39.840042],[-105.955903,39.842058],[-105.957411,39.843809],[-105.95904,39.844002],[-105.960187,39.84502],[-105.962651,39.845216],[-105.964475,39.846182],[-105.966254,39.848948],[-105.947551,39.864523],[-105.94673,39.867215],[-105.944552,39.871052],[-105.939704,39.87681],[-105.940611,39.879821],[-105.940721,39.882231],[-105.942625,39.887875],[-105.942007,39.893743],[-105.940059,39.900929],[-105.940147,39.902428],[-105.947896,39.906013],[-105.949324,39.907007],[-105.954167,39.909467],[-105.963087,39.915097],[-105.963691,39.918351],[-105.964997,39.922743],[-105.968861,39.927282],[-105.970381,39.930077],[-105.972151,39.937019],[-105.972525,39.936181],[-105.974544,39.936343],[-105.975075,39.937475],[-105.977771,39.940199],[-105.978459,39.941881],[-105.978558,39.944168],[-105.980699,39.943888],[-105.984064,39.943807],[-105.985624,39.943401],[-105.988102,39.946796],[-105.988472,39.94782],[-105.984313,39.949804],[-105.983243,39.951697],[-105.983723,39.953917],[-105.985872,39.955391],[-105.988122,39.957888],[-105.988077,39.959542],[-105.990739,39.962398],[-105.991565,39.965094],[-105.995622,39.966604],[-105.998095,39.967833],[-106.002319,39.97045],[-106.002738,39.971475],[-106.008093,39.975628],[-106.008871,39.977865],[-106.012362,39.980986],[-106.012637,39.982709],[-106.014377,39.982603],[-106.016981,39.98392],[-106.017546,39.985175],[-106.020012,39.987393],[-106.019663,39.990408],[-106.021387,39.996162],[-106.022209,39.997569],[-106.024998,39.999997],[-106.02949,40.001084],[-106.034748,40.002951],[-106.038048,40.00628],[-106.04215,40.008704],[-106.044385,40.012066],[-106.048021,40.013857],[-106.050141,40.015835],[-106.050935,40.018543],[-106.054745,40.020384],[-106.057251,40.022872],[-106.060384,40.022354],[-106.065227,40.023243],[-106.067544,40.021952],[-106.069908,40.021435],[-106.073551,40.021272],[-106.076946,40.019607],[-106.080766,40.020374],[-106.081974,40.021024],[-106.084996,40.021034],[-106.087498,40.022051],[-106.089854,40.024269],[-106.090987,40.024447],[-106.094549,40.027015],[-106.097409,40.028656],[-106.09861,40.029941],[-106.102136,40.030499],[-106.103867,40.031561],[-106.107237,40.030365],[-106.107962,40.031252],[-106.111319,40.032345],[-106.112106,40.032062],[-106.114435,40.034449],[-106.11733,40.035625],[-106.11906,40.037392],[-106.120378,40.039493],[-106.119229,40.042809],[-106.120657,40.04615],[-106.122876,40.048081],[-106.128549,40.050114],[-106.127883,40.051467],[-106.131167,40.05233],[-106.132908,40.053285],[-106.133043,40.052115],[-106.134485,40.050974],[-106.136192,40.050614],[-106.152801,40.051163],[-106.142978,40.051126],[-106.14293,40.057562],[-106.142619,40.160088],[-106.142286,40.209235],[-106.14284,40.21101],[-106.142454,40.213126],[-106.142696,40.216205],[-106.144644,40.22135],[-106.144805,40.22291],[-106.143883,40.223654],[-106.143831,40.226164],[-106.141833,40.230649],[-106.141578,40.237029],[-106.140284,40.240671],[-106.140788,40.244541],[-106.140073,40.247249],[-106.141387,40.250149],[-106.140951,40.252825],[-106.140378,40.269803],[-106.141738,40.270305],[-106.141398,40.274978],[-106.140379,40.27548],[-106.14035,40.288334],[-106.142571,40.289428],[-106.143101,40.290593]]]}},{"type":"Feature","properties":{"zcta5":"80482","AFFGEOID10":"8600000US80482","GEOID10":"80482","ALAND10":336138316,"AWATER10":73649,"county_name":"Grand","state_code":"CO","county_state":"Grand County, CO","county_fips":"08049","risk_level_county":"Medium Risk (70–79% vaccinated)","mean_vaccination_rate_county":70.18,"risk_level_zcta":"Higher Risk (60–69% vaccinated)","mean_vaccination_rate_zips":63.91,"cases":35},"geometry":{"type":"Polygon","coordinates":[[[-105.959047,39.799877],[-105.958589,39.79941],[-105.952622,39.796828],[-105.951834,39.796179],[-105.947474,39.796066],[-105.943786,39.793948],[-105.940214,39.794428],[-105.93709,39.793726],[-105.935395,39.794236],[-105.934196,39.793016],[-105.932876,39.793435],[-105.931074,39.796035],[-105.927597,39.796667],[-105.926097,39.798006],[-105.922667,39.799324],[-105.921304,39.802067],[-105.919343,39.803231],[-105.916195,39.808163],[-105.909672,39.807446],[-105.908315,39.809826],[-105.905554,39.810042],[-105.901948,39.809044],[-105.897358,39.80529],[-105.887622,39.7966],[-105.883358,39.798009],[-105.878139,39.7986],[-105.875566,39.799258],[-105.872306,39.796692],[-105.868735,39.796629],[-105.860115,39.796944],[-105.855761,39.795505],[-105.854942,39.796154],[-105.853357,39.792274],[-105.850901,39.789091],[-105.851363,39.788033],[-105.847823,39.789194],[-105.844088,39.789518],[-105.838609,39.788132],[-105.833419,39.787889],[-105.829997,39.788219],[-105.825687,39.786859],[-105.822954,39.785605],[-105.821416,39.788064],[-105.818413,39.790013],[-105.814177,39.790298],[-105.810511,39.791475],[-105.80972,39.794963],[-105.807517,39.798054],[-105.804861,39.799033],[-105.80194,39.799336],[-105.801265,39.801452],[-105.799555,39.803282],[-105.795804,39.802919],[-105.793731,39.801944],[-105.79094,39.803101],[-105.784662,39.802434],[-105.782314,39.801177],[-105.779712,39.79905],[-105.773374,39.797237],[-105.76946,39.795704],[-105.764601,39.794892],[-105.76096,39.797101],[-105.756781,39.798222],[-105.752667,39.79994],[-105.750561,39.801303],[-105.747074,39.801325],[-105.74449,39.803375],[-105.74142,39.804489],[-105.735925,39.804985],[-105.736056,39.805711],[-105.734981,39.810231],[-105.733457,39.812542],[-105.731426,39.814319],[-105.725176,39.817328],[-105.724359,39.818229],[-105.724125,39.819018],[-105.724558,39.821986],[-105.724245,39.824073],[-105.723279,39.825353],[-105.719243,39.827544],[-105.71934,39.831051],[-105.716981,39.835472],[-105.713369,39.838212],[-105.708142,39.836724],[-105.703271,39.836712],[-105.701266,39.837126],[-105.696345,39.838919],[-105.695747,39.839482],[-105.694618,39.843712],[-105.693795,39.845475],[-105.693542,39.847853],[-105.691311,39.851338],[-105.690348,39.851996],[-105.692699,39.854993],[-105.693577,39.858228],[-105.696125,39.861516],[-105.696938,39.865501],[-105.697769,39.867986],[-105.696851,39.8717],[-105.699154,39.874141],[-105.699704,39.876531],[-105.700724,39.878656],[-105.698383,39.880956],[-105.697789,39.884455],[-105.699425,39.885873],[-105.699038,39.887894],[-105.699707,39.889452],[-105.699719,39.891499],[-105.697913,39.893999],[-105.693918,39.8963],[-105.691176,39.897215],[-105.691802,39.898394],[-105.690315,39.9019],[-105.687233,39.904193],[-105.688532,39.907149],[-105.687859,39.911701],[-105.686507,39.912838],[-105.685735,39.915827],[-105.683001,39.917254],[-105.682272,39.921908],[-105.680194,39.925259],[-105.68008,39.926503],[-105.67888,39.927653],[-105.676614,39.928565],[-105.677881,39.930717],[-105.675798,39.932445],[-105.675265,39.933323],[-105.678941,39.93286],[-105.682943,39.933789],[-105.686616,39.937469],[-105.689627,39.938634],[-105.6932,39.941239],[-105.693453,39.944017],[-105.691796,39.946241],[-105.694351,39.950153],[-105.691199,39.952991],[-105.6894,39.953506],[-105.688383,39.95653],[-105.685504,39.958532],[-105.688185,39.959663],[-105.688331,39.96288],[-105.689255,39.96473],[-105.688827,39.967762],[-105.690345,39.969855],[-105.688414,39.975426],[-105.684938,39.97933],[-105.685462,39.981387],[-105.685127,39.9831],[-105.68748,39.985418],[-105.686048,39.987477],[-105.685968,39.989743],[-105.683164,39.992881],[-105.68321,39.99465],[-105.685013,39.994517],[-105.690185,39.995934],[-105.691194,39.997313],[-105.690497,40.000869],[-105.691052,40.003764],[-105.689767,40.005955],[-105.688469,40.006946],[-105.690015,40.009317],[-105.689666,40.015541],[-105.689127,40.015853],[-105.690226,40.018698],[-105.69143,40.018226],[-105.690969,40.019794],[-105.692556,40.020264],[-105.694655,40.022969],[-105.694706,40.024185],[-105.69655,40.025439],[-105.697625,40.027282],[-105.699724,40.027674],[-105.70039,40.028732],[-105.70551,40.030497],[-105.712626,40.029752],[-105.713587,40.028795],[-105.7175,40.030834],[-105.718873,40.032168],[-105.723739,40.035678],[-105.724802,40.037509],[-105.727297,40.039611],[-105.728066,40.041125],[-105.737992,40.041219],[-105.734987,40.039689],[-105.734887,40.037161],[-105.732062,40.035111],[-105.73412,40.035073],[-105.734199,40.033157],[-105.736614,40.030477],[-105.737497,40.027875],[-105.73691,40.027332],[-105.737621,40.025623],[-105.73976,40.024565],[-105.739673,40.022429],[-105.740856,40.022948],[-105.741726,40.022248],[-105.740951,40.019847],[-105.742407,40.017964],[-105.74402,40.016548],[-105.747378,40.01504],[-105.750825,40.014117],[-105.754272,40.014257],[-105.755601,40.013698],[-105.757478,40.013857],[-105.761199,40.013418],[-105.765376,40.011868],[-105.767823,40.010645],[-105.770131,40.010584],[-105.772719,40.011522],[-105.77744,40.01141],[-105.780426,40.010254],[-105.783885,40.007713],[-105.785386,40.009165],[-105.786271,40.00769],[-105.787554,40.007409],[-105.790109,40.004549],[-105.79379,40.004292],[-105.796119,40.001793],[-105.797756,39.999368],[-105.803669,39.996778],[-105.804363,39.996214],[-105.808107,39.99675],[-105.810697,39.997944],[-105.813307,39.998074],[-105.817489,39.998841],[-105.821066,39.997782],[-105.822707,39.998013],[-105.825471,40.000069],[-105.826761,39.999815],[-105.828528,39.998655],[-105.831214,39.99543],[-105.82811,39.990529],[-105.829538,39.990251],[-105.827853,39.988176],[-105.828386,39.987208],[-105.826957,39.986236],[-105.827709,39.985429],[-105.826188,39.983638],[-105.826608,39.982499],[-105.825249,39.981491],[-105.821057,39.979602],[-105.819773,39.979962],[-105.819165,39.978137],[-105.81803,39.978163],[-105.816487,39.973516],[-105.815621,39.973585],[-105.816277,39.971644],[-105.81554,39.970703],[-105.817112,39.969944],[-105.816608,39.968884],[-105.816742,39.966379],[-105.814752,39.964456],[-105.815317,39.961803],[-105.814209,39.960162],[-105.814858,39.958571],[-105.814133,39.957694],[-105.815254,39.956469],[-105.81372,39.95348],[-105.814756,39.951936],[-105.812737,39.95193],[-105.812093,39.952679],[-105.809938,39.952899],[-105.807524,39.95206],[-105.793944,39.951972],[-105.789933,39.951831],[-105.789757,39.950693],[-105.785893,39.949557],[-105.785294,39.948537],[-105.789151,39.949045],[-105.793866,39.948755],[-105.797684,39.949697],[-105.798611,39.949346],[-105.798798,39.948093],[-105.797261,39.945532],[-105.798172,39.944697],[-105.798017,39.943527],[-105.799253,39.94239],[-105.797792,39.941779],[-105.797823,39.941109],[-105.784352,39.941179],[-105.784284,39.937551],[-105.774832,39.93764],[-105.775225,39.926648],[-105.779837,39.926622],[-105.780468,39.922959],[-105.781784,39.925496],[-105.78441,39.927639],[-105.784372,39.930265],[-105.787171,39.930246],[-105.789632,39.930224],[-105.791925,39.932655],[-105.792318,39.929995],[-105.795053,39.927008],[-105.796048,39.929405],[-105.799601,39.931306],[-105.802882,39.93473],[-105.804767,39.935578],[-105.810002,39.934552],[-105.813281,39.933775],[-105.813307,39.932677],[-105.810516,39.932091],[-105.808759,39.929853],[-105.807491,39.926036],[-105.808453,39.924363],[-105.810069,39.918549],[-105.812051,39.916049],[-105.813957,39.911994],[-105.815792,39.909435],[-105.815795,39.907868],[-105.821324,39.907845],[-105.823583,39.905144],[-105.823255,39.903359],[-105.823939,39.901872],[-105.822927,39.900247],[-105.823195,39.898988],[-105.826642,39.899285],[-105.828098,39.898553],[-105.825899,39.89821],[-105.824889,39.896906],[-105.825278,39.894602],[-105.826743,39.892352],[-105.832077,39.892373],[-105.832973,39.894082],[-105.834867,39.895475],[-105.836336,39.898766],[-105.837599,39.899522],[-105.835788,39.900191],[-105.834701,39.903562],[-105.835675,39.906159],[-105.837786,39.907179],[-105.839457,39.906946],[-105.843644,39.90333],[-105.846279,39.902634],[-105.851552,39.899085],[-105.853574,39.898877],[-105.856041,39.897079],[-105.857144,39.895432],[-105.857235,39.893323],[-105.855047,39.891456],[-105.854942,39.889573],[-105.856783,39.887039],[-105.856224,39.885979],[-105.856619,39.883505],[-105.859055,39.882433],[-105.860587,39.879756],[-105.863366,39.877663],[-105.865994,39.87996],[-105.864546,39.880964],[-105.865371,39.882738],[-105.864531,39.887529],[-105.866558,39.89064],[-105.869183,39.891936],[-105.869048,39.894226],[-105.870008,39.895192],[-105.870007,39.897776],[-105.870485,39.895648],[-105.872445,39.898358],[-105.875328,39.899146],[-105.876677,39.900437],[-105.879301,39.901246],[-105.880875,39.903712],[-105.881713,39.904023],[-105.882897,39.898716],[-105.882002,39.895588],[-105.882901,39.894472],[-105.885702,39.894019],[-105.88687,39.893001],[-105.888359,39.889544],[-105.890871,39.886681],[-105.893803,39.880117],[-105.896719,39.876842],[-105.900322,39.874273],[-105.901815,39.873946],[-105.903765,39.871048],[-105.904186,39.868387],[-105.905415,39.867584],[-105.906245,39.864938],[-105.905627,39.863249],[-105.906176,39.861443],[-105.908111,39.859119],[-105.908046,39.857578],[-105.910118,39.851907],[-105.912481,39.84418],[-105.915836,39.841284],[-105.915965,39.840521],[-105.918715,39.838197],[-105.920194,39.83605],[-105.920753,39.833298],[-105.922832,39.831176],[-105.925845,39.829515],[-105.927663,39.826838],[-105.928819,39.821741],[-105.931108,39.814888],[-105.930969,39.812638],[-105.931928,39.810125],[-105.935038,39.807694],[-105.942332,39.806293],[-105.946924,39.806328],[-105.951596,39.807109],[-105.953552,39.807933],[-105.953237,39.806804],[-105.955786,39.805521],[-105.953497,39.804289],[-105.95372,39.801886],[-105.952837,39.799589],[-105.950905,39.797282],[-105.953368,39.797301],[-105.959047,39.799877]]]}},{"type":"Feature","properties":{"zcta5":"80442","AFFGEOID10":"8600000US80442","GEOID10":"80442","ALAND10":182366780,"AWATER10":57207,"county_name":"Grand","state_code":"CO","county_state":"Grand County, CO","county_fips":"08049","risk_level_county":"Medium Risk (70–79% vaccinated)","mean_vaccination_rate_county":70.18,"risk_level_zcta":"Higher Risk (60–69% vaccinated)","mean_vaccination_rate_zips":66.73,"cases":35},"geometry":{"type":"MultiPolygon","coordinates":[[[[-105.737992,40.041219],[-105.739502,40.042104],[-105.738948,40.04354],[-105.737207,40.043672],[-105.734939,40.045589],[-105.736009,40.046349],[-105.738943,40.047781],[-105.739282,40.048743],[-105.741482,40.049459],[-105.74187,40.050646],[-105.743929,40.051885],[-105.745432,40.053664],[-105.746633,40.053647],[-105.751366,40.050643],[-105.752241,40.052327],[-105.753503,40.051824],[-105.759262,40.051146],[-105.762544,40.051079],[-105.767097,40.051482],[-105.773195,40.050522],[-105.77772,40.050702],[-105.778342,40.04916],[-105.784594,40.04666],[-105.786792,40.044712],[-105.784297,40.041881],[-105.785898,40.042441],[-105.787224,40.040814],[-105.791397,40.040414],[-105.795676,40.038342],[-105.795219,40.036873],[-105.79763,40.034874],[-105.797285,40.033403],[-105.799829,40.035232],[-105.801274,40.034271],[-105.804942,40.033911],[-105.805802,40.032995],[-105.807418,40.028904],[-105.807294,40.0273],[-105.808079,40.024684],[-105.806755,40.022438],[-105.805817,40.023028],[-105.805385,40.020218],[-105.808653,40.017966],[-105.812167,40.014661],[-105.813564,40.01207],[-105.815299,40.010694],[-105.817401,40.010081],[-105.81948,40.007579],[-105.819552,40.004272],[-105.822759,40.002411],[-105.825471,40.000069],[-105.822707,39.998013],[-105.821066,39.997782],[-105.817489,39.998841],[-105.813307,39.998074],[-105.810697,39.997944],[-105.808107,39.99675],[-105.804363,39.996214],[-105.803669,39.996778],[-105.797756,39.999368],[-105.796119,40.001793],[-105.79379,40.004292],[-105.790109,40.004549],[-105.787554,40.007409],[-105.786271,40.00769],[-105.785386,40.009165],[-105.783885,40.007713],[-105.780426,40.010254],[-105.77744,40.01141],[-105.772719,40.011522],[-105.770131,40.010584],[-105.767823,40.010645],[-105.765376,40.011868],[-105.761199,40.013418],[-105.757478,40.013857],[-105.755601,40.013698],[-105.754272,40.014257],[-105.750825,40.014117],[-105.747378,40.01504],[-105.74402,40.016548],[-105.742407,40.017964],[-105.740951,40.019847],[-105.741726,40.022248],[-105.740856,40.022948],[-105.739673,40.022429],[-105.73976,40.024565],[-105.737621,40.025623],[-105.73691,40.027332],[-105.737497,40.027875],[-105.736614,40.030477],[-105.734199,40.033157],[-105.73412,40.035073],[-105.732062,40.035111],[-105.734887,40.037161],[-105.734987,40.039689],[-105.737992,40.041219]]],[[[-105.912495,39.98351],[-105.914472,39.983407],[-105.921773,39.98371],[-105.923777,39.98291],[-105.925359,39.98297],[-105.927825,39.981716],[-105.932586,39.981326],[-105.937691,39.981195],[-105.941833,39.980053],[-105.946687,39.979572],[-105.948807,39.978789],[-105.950505,39.976716],[-105.952115,39.97577],[-105.95359,39.974028],[-105.959486,39.972745],[-105.96351,39.973316],[-105.964546,39.972892],[-105.965286,39.971319],[-105.971594,39.968599],[-105.973395,39.969278],[-105.980312,39.968685],[-105.981072,39.961469],[-105.980706,39.956206],[-105.980699,39.943888],[-105.978558,39.944168],[-105.978459,39.941881],[-105.977771,39.940199],[-105.975075,39.937475],[-105.974544,39.936343],[-105.972525,39.936181],[-105.972151,39.937019],[-105.970381,39.930077],[-105.968861,39.927282],[-105.964997,39.922743],[-105.963691,39.918351],[-105.963087,39.915097],[-105.954167,39.909467],[-105.949324,39.907007],[-105.947896,39.906013],[-105.940147,39.902428],[-105.940059,39.900929],[-105.942007,39.893743],[-105.942625,39.887875],[-105.940721,39.882231],[-105.940611,39.879821],[-105.939704,39.87681],[-105.944552,39.871052],[-105.94673,39.867215],[-105.947551,39.864523],[-105.966254,39.848948],[-105.964475,39.846182],[-105.962651,39.845216],[-105.960187,39.84502],[-105.95904,39.844002],[-105.957411,39.843809],[-105.955903,39.842058],[-105.955634,39.840042],[-105.955957,39.837692],[-105.956947,39.836395],[-105.957623,39.833906],[-105.953582,39.828893],[-105.95245,39.826067],[-105.953654,39.824244],[-105.953622,39.821929],[-105.95672,39.819611],[-105.957477,39.818082],[-105.95867,39.813927],[-105.96191,39.811318],[-105.962393,39.804852],[-105.96329,39.802716],[-105.96259,39.801388],[-105.961286,39.800226],[-105.959047,39.799877],[-105.953368,39.797301],[-105.950905,39.797282],[-105.952837,39.799589],[-105.95372,39.801886],[-105.953497,39.804289],[-105.955786,39.805521],[-105.953237,39.806804],[-105.953552,39.807933],[-105.951596,39.807109],[-105.946924,39.806328],[-105.942332,39.806293],[-105.935038,39.807694],[-105.931928,39.810125],[-105.930969,39.812638],[-105.931108,39.814888],[-105.928819,39.821741],[-105.927663,39.826838],[-105.925845,39.829515],[-105.922832,39.831176],[-105.920753,39.833298],[-105.920194,39.83605],[-105.918715,39.838197],[-105.915965,39.840521],[-105.915836,39.841284],[-105.912481,39.84418],[-105.910118,39.851907],[-105.908046,39.857578],[-105.908111,39.859119],[-105.906176,39.861443],[-105.905627,39.863249],[-105.906245,39.864938],[-105.905415,39.867584],[-105.904186,39.868387],[-105.903765,39.871048],[-105.901815,39.873946],[-105.900322,39.874273],[-105.896719,39.876842],[-105.893803,39.880117],[-105.890871,39.886681],[-105.888359,39.889544],[-105.88687,39.893001],[-105.885702,39.894019],[-105.882901,39.894472],[-105.882002,39.895588],[-105.882897,39.898716],[-105.881713,39.904023],[-105.880875,39.903712],[-105.879301,39.901246],[-105.876677,39.900437],[-105.875328,39.899146],[-105.872445,39.898358],[-105.870485,39.895648],[-105.870007,39.897776],[-105.870008,39.895192],[-105.869048,39.894226],[-105.869183,39.891936],[-105.866558,39.89064],[-105.864531,39.887529],[-105.865371,39.882738],[-105.864546,39.880964],[-105.865994,39.87996],[-105.863366,39.877663],[-105.860587,39.879756],[-105.859055,39.882433],[-105.856619,39.883505],[-105.856224,39.885979],[-105.856783,39.887039],[-105.854942,39.889573],[-105.855047,39.891456],[-105.857235,39.893323],[-105.857144,39.895432],[-105.856041,39.897079],[-105.853574,39.898877],[-105.851552,39.899085],[-105.846279,39.902634],[-105.843644,39.90333],[-105.839457,39.906946],[-105.837786,39.907179],[-105.835675,39.906159],[-105.834701,39.903562],[-105.835788,39.900191],[-105.837599,39.899522],[-105.836336,39.898766],[-105.834867,39.895475],[-105.832973,39.894082],[-105.832077,39.892373],[-105.826743,39.892352],[-105.825278,39.894602],[-105.824889,39.896906],[-105.825899,39.89821],[-105.828098,39.898553],[-105.826642,39.899285],[-105.823195,39.898988],[-105.822927,39.900247],[-105.823939,39.901872],[-105.823255,39.903359],[-105.823583,39.905144],[-105.821324,39.907845],[-105.815795,39.907868],[-105.815792,39.909435],[-105.813957,39.911994],[-105.812051,39.916049],[-105.810069,39.918549],[-105.808453,39.924363],[-105.807491,39.926036],[-105.808759,39.929853],[-105.810516,39.932091],[-105.813307,39.932677],[-105.813281,39.933775],[-105.810002,39.934552],[-105.804767,39.935578],[-105.802882,39.93473],[-105.799601,39.931306],[-105.796048,39.929405],[-105.795053,39.927008],[-105.792318,39.929995],[-105.791925,39.932655],[-105.789632,39.930224],[-105.787171,39.930246],[-105.784372,39.930265],[-105.78441,39.927639],[-105.781784,39.925496],[-105.780468,39.922959],[-105.779837,39.926622],[-105.775225,39.926648],[-105.774832,39.93764],[-105.784284,39.937551],[-105.784352,39.941179],[-105.797823,39.941109],[-105.797792,39.941779],[-105.799253,39.94239],[-105.798017,39.943527],[-105.798172,39.944697],[-105.797261,39.945532],[-105.798798,39.948093],[-105.798611,39.949346],[-105.797684,39.949697],[-105.793866,39.948755],[-105.789151,39.949045],[-105.785294,39.948537],[-105.785893,39.949557],[-105.789757,39.950693],[-105.789933,39.951831],[-105.793944,39.951972],[-105.807524,39.95206],[-105.809938,39.952899],[-105.812093,39.952679],[-105.812737,39.95193],[-105.814756,39.951936],[-105.81372,39.95348],[-105.815254,39.956469],[-105.814133,39.957694],[-105.814858,39.958571],[-105.814209,39.960162],[-105.815317,39.961803],[-105.814752,39.964456],[-105.816742,39.966379],[-105.816608,39.968884],[-105.817112,39.969944],[-105.81554,39.970703],[-105.816277,39.971644],[-105.815621,39.973585],[-105.816487,39.973516],[-105.81803,39.978163],[-105.819165,39.978137],[-105.819773,39.979962],[-105.821057,39.979602],[-105.825249,39.981491],[-105.826608,39.982499],[-105.826188,39.983638],[-105.827709,39.985429],[-105.826957,39.986236],[-105.828386,39.987208],[-105.827853,39.988176],[-105.829538,39.990251],[-105.830245,39.99003],[-105.82929,39.986198],[-105.829536,39.984255],[-105.819776,39.955477],[-105.841909,39.955466],[-105.844229,39.956712],[-105.848364,39.958204],[-105.84923,39.9594],[-105.849854,39.962934],[-105.853416,39.966999],[-105.855746,39.967257],[-105.860985,39.971875],[-105.862871,39.97128],[-105.864377,39.969191],[-105.868792,39.96902],[-105.869877,39.967835],[-105.873159,39.97015],[-105.873052,39.972502],[-105.871972,39.973062],[-105.867674,39.973054],[-105.86689,39.97535],[-105.864573,39.975372],[-105.864572,39.979384],[-105.873794,39.98328],[-105.87736,39.983667],[-105.88028,39.983086],[-105.884024,39.983643],[-105.88934,39.982684],[-105.89311,39.982556],[-105.899514,39.983299],[-105.902732,39.983049],[-105.906265,39.983607],[-105.912495,39.98351]]]]}},{"type":"Feature","properties":{"zcta5":"80446","AFFGEOID10":"8600000US80446","GEOID10":"80446","ALAND10":774453605,"AWATER10":16607941,"county_name":"Grand","state_code":"CO","county_state":"Grand County, CO","county_fips":"08049","risk_level_county":"Medium Risk (70–79% vaccinated)","mean_vaccination_rate_county":70.18,"risk_level_zcta":"Higher Risk (60–69% vaccinated)","mean_vaccination_rate_zips":69.68,"cases":35},"geometry":{"type":"Polygon","coordinates":[[[-106.140284,40.330103],[-106.140309,40.318703],[-106.142947,40.317258],[-106.144334,40.315794],[-106.147997,40.315226],[-106.150372,40.313716],[-106.151722,40.310757],[-106.151366,40.309193],[-106.152993,40.305861],[-106.154648,40.304241],[-106.151833,40.303386],[-106.151584,40.302605],[-106.149254,40.301205],[-106.147556,40.298212],[-106.145306,40.29664],[-106.146661,40.294699],[-106.145737,40.293008],[-106.144484,40.292704],[-106.143101,40.290593],[-106.142571,40.289428],[-106.14035,40.288334],[-106.140379,40.27548],[-106.141398,40.274978],[-106.141738,40.270305],[-106.140378,40.269803],[-106.140951,40.252825],[-106.141387,40.250149],[-106.140073,40.247249],[-106.140788,40.244541],[-106.140284,40.240671],[-106.141578,40.237029],[-106.141833,40.230649],[-106.143831,40.226164],[-106.143883,40.223654],[-106.144805,40.22291],[-106.144644,40.22135],[-106.142696,40.216205],[-106.142454,40.213126],[-106.14284,40.21101],[-106.142286,40.209235],[-106.142619,40.160088],[-106.139439,40.158209],[-106.137989,40.160087],[-106.136365,40.161056],[-106.133648,40.161722],[-106.129253,40.161794],[-106.127336,40.166525],[-106.125078,40.168429],[-106.123575,40.168911],[-106.107034,40.172096],[-106.104732,40.17235],[-106.092694,40.172209],[-106.093267,40.173237],[-106.090433,40.174183],[-106.087549,40.174499],[-106.084707,40.173555],[-106.081915,40.175293],[-106.081753,40.177503],[-106.080133,40.177271],[-106.078957,40.175892],[-106.076974,40.175117],[-106.072762,40.177938],[-106.067983,40.178692],[-106.065445,40.17648],[-106.062762,40.176782],[-106.060942,40.176262],[-106.056732,40.17391],[-106.050713,40.168981],[-106.042982,40.161994],[-106.040294,40.158862],[-106.037487,40.156488],[-106.03325,40.155304],[-106.027183,40.15425],[-106.019916,40.15383],[-106.013676,40.153226],[-106.009233,40.149391],[-106.006519,40.14419],[-106.003802,40.136426],[-106.001711,40.124952],[-105.998776,40.119593],[-105.99861,40.117197],[-105.998938,40.110029],[-106.003286,40.108977],[-106.002632,40.108177],[-105.998788,40.108597],[-105.998461,40.104336],[-105.998417,40.075738],[-105.998918,40.068585],[-105.99956,40.064931],[-106.000573,40.063013],[-106.00598,40.060738],[-106.011721,40.057227],[-106.01326,40.055597],[-106.020031,40.051402],[-106.02743,40.050085],[-106.030979,40.046936],[-106.033448,40.045289],[-106.03944,40.042399],[-106.042809,40.041324],[-106.041444,40.03704],[-106.041237,40.033948],[-106.036697,40.032374],[-106.037293,40.031273],[-106.0365,40.025728],[-106.038135,40.022787],[-106.034845,40.020461],[-106.029113,40.018653],[-106.02716,40.017123],[-106.025501,40.015279],[-106.024181,40.01271],[-106.022613,40.008153],[-106.020679,40.006741],[-106.01747,39.999985],[-106.024998,39.999997],[-106.022209,39.997569],[-106.021387,39.996162],[-106.019663,39.990408],[-106.020012,39.987393],[-106.017546,39.985175],[-106.016981,39.98392],[-106.014377,39.982603],[-106.012637,39.982709],[-106.012362,39.980986],[-106.008871,39.977865],[-106.008093,39.975628],[-106.002738,39.971475],[-106.002319,39.97045],[-105.998095,39.967833],[-105.995622,39.966604],[-105.991565,39.965094],[-105.990739,39.962398],[-105.988077,39.959542],[-105.988122,39.957888],[-105.985872,39.955391],[-105.983723,39.953917],[-105.983243,39.951697],[-105.984313,39.949804],[-105.988472,39.94782],[-105.988102,39.946796],[-105.985624,39.943401],[-105.984064,39.943807],[-105.980699,39.943888],[-105.980706,39.956206],[-105.981072,39.961469],[-105.980312,39.968685],[-105.973395,39.969278],[-105.971594,39.968599],[-105.965286,39.971319],[-105.964546,39.972892],[-105.96351,39.973316],[-105.959486,39.972745],[-105.95359,39.974028],[-105.952115,39.97577],[-105.950505,39.976716],[-105.948807,39.978789],[-105.946687,39.979572],[-105.941833,39.980053],[-105.937691,39.981195],[-105.932586,39.981326],[-105.927825,39.981716],[-105.925359,39.98297],[-105.923777,39.98291],[-105.921773,39.98371],[-105.914472,39.983407],[-105.912495,39.98351],[-105.915053,39.984648],[-105.915052,39.987264],[-105.923519,39.987271],[-105.926274,39.988767],[-105.926602,39.994405],[-105.925956,39.996557],[-105.925937,39.999171],[-105.924769,40.001326],[-105.920302,40.002968],[-105.919603,40.004676],[-105.917472,40.005413],[-105.92109,40.009322],[-105.922055,40.010861],[-105.920944,40.012717],[-105.922989,40.015683],[-105.921305,40.017437],[-105.916262,40.026545],[-105.91485,40.025592],[-105.911437,40.027888],[-105.910277,40.030118],[-105.908424,40.031929],[-105.906692,40.034498],[-105.904128,40.036211],[-105.903238,40.038208],[-105.9043,40.038613],[-105.902949,40.040919],[-105.900006,40.043124],[-105.895293,40.045219],[-105.893017,40.048047],[-105.890371,40.049112],[-105.891039,40.052303],[-105.888353,40.05244],[-105.886567,40.05435],[-105.887634,40.056177],[-105.882537,40.056672],[-105.882881,40.055372],[-105.878537,40.055306],[-105.87804,40.054088],[-105.877495,40.055533],[-105.878062,40.061623],[-105.878938,40.064892],[-105.880147,40.065871],[-105.883173,40.06658],[-105.884728,40.068037],[-105.886631,40.07259],[-105.884334,40.074864],[-105.882557,40.075274],[-105.879396,40.077596],[-105.876557,40.078446],[-105.871386,40.083125],[-105.869615,40.083156],[-105.869041,40.082233],[-105.864998,40.081623],[-105.861799,40.07998],[-105.858408,40.077059],[-105.857591,40.075525],[-105.857312,40.071986],[-105.855695,40.071178],[-105.853589,40.071536],[-105.850981,40.071204],[-105.846148,40.072068],[-105.84407,40.07375],[-105.841666,40.074759],[-105.836308,40.075824],[-105.83488,40.076979],[-105.832005,40.081667],[-105.831769,40.083506],[-105.829329,40.086398],[-105.825173,40.08704],[-105.824938,40.087979],[-105.821041,40.089691],[-105.818146,40.086027],[-105.81606,40.084186],[-105.816875,40.082675],[-105.816533,40.08056],[-105.815026,40.078138],[-105.811051,40.075274],[-105.806462,40.072973],[-105.804151,40.072944],[-105.79617,40.074449],[-105.792178,40.072981],[-105.790047,40.073293],[-105.788856,40.07477],[-105.785612,40.076188],[-105.783443,40.076284],[-105.777811,40.074998],[-105.775981,40.073983],[-105.771796,40.073038],[-105.769673,40.072043],[-105.7686,40.070455],[-105.764096,40.06825],[-105.760057,40.066817],[-105.757316,40.067073],[-105.750672,40.063714],[-105.747563,40.062389],[-105.747642,40.061309],[-105.743793,40.060523],[-105.738296,40.056301],[-105.735972,40.055273],[-105.735104,40.052767],[-105.735753,40.050329],[-105.734517,40.047354],[-105.732074,40.044444],[-105.72965,40.043916],[-105.728066,40.041125],[-105.727297,40.039611],[-105.724802,40.037509],[-105.723739,40.035678],[-105.718873,40.032168],[-105.7175,40.030834],[-105.713587,40.028795],[-105.712626,40.029752],[-105.70551,40.030497],[-105.70039,40.028732],[-105.699724,40.027674],[-105.697625,40.027282],[-105.69655,40.025439],[-105.694706,40.024185],[-105.694655,40.022969],[-105.692556,40.020264],[-105.690969,40.019794],[-105.69143,40.018226],[-105.690226,40.018698],[-105.689127,40.015853],[-105.687826,40.015979],[-105.686347,40.015095],[-105.683052,40.014142],[-105.680431,40.01402],[-105.677977,40.014541],[-105.67451,40.016186],[-105.670136,40.016879],[-105.667098,40.016317],[-105.661606,40.016466],[-105.66019,40.018349],[-105.657408,40.019528],[-105.65191,40.020905],[-105.652779,40.02177],[-105.652793,40.023772],[-105.649574,40.027742],[-105.643938,40.033301],[-105.641197,40.034172],[-105.640193,40.037255],[-105.638797,40.038787],[-105.639149,40.040469],[-105.638601,40.043552],[-105.637412,40.045509],[-105.638507,40.046739],[-105.640709,40.047138],[-105.645099,40.05067],[-105.645582,40.05266],[-105.648425,40.053937],[-105.651061,40.058445],[-105.649419,40.059992],[-105.647533,40.064286],[-105.646692,40.06522],[-105.641814,40.06787],[-105.638873,40.067031],[-105.640739,40.069871],[-105.640911,40.073117],[-105.638838,40.073405],[-105.635429,40.074947],[-105.634947,40.075799],[-105.64292,40.087933],[-105.646037,40.090548],[-105.652076,40.092306],[-105.655815,40.091951],[-105.661766,40.090094],[-105.666122,40.089108],[-105.668211,40.090439],[-105.669391,40.092279],[-105.672151,40.092668],[-105.674314,40.094278],[-105.674364,40.0958],[-105.676313,40.095924],[-105.676047,40.097484],[-105.678731,40.097243],[-105.679148,40.09907],[-105.682022,40.100179],[-105.681937,40.101053],[-105.684274,40.102454],[-105.68433,40.103427],[-105.687264,40.104635],[-105.691762,40.107365],[-105.693652,40.107426],[-105.696615,40.109237],[-105.69816,40.108804],[-105.699633,40.109417],[-105.704275,40.110092],[-105.709469,40.109754],[-105.712289,40.11007],[-105.716054,40.107731],[-105.720356,40.103929],[-105.724368,40.102778],[-105.726747,40.102529],[-105.731584,40.105048],[-105.734995,40.104738],[-105.73985,40.104951],[-105.745244,40.106348],[-105.747024,40.108369],[-105.748563,40.109041],[-105.746297,40.110828],[-105.750061,40.113327],[-105.752123,40.117007],[-105.754411,40.11973],[-105.756143,40.119325],[-105.758954,40.123098],[-105.761397,40.125798],[-105.763039,40.126054],[-105.76473,40.124507],[-105.763204,40.123733],[-105.760594,40.120866],[-105.758679,40.120361],[-105.75863,40.119071],[-105.761332,40.11955],[-105.763402,40.12314],[-105.766415,40.124988],[-105.766046,40.126512],[-105.771765,40.129347],[-105.778669,40.130512],[-105.790323,40.131467],[-105.793532,40.132686],[-105.795792,40.135005],[-105.797855,40.136305],[-105.807585,40.137819],[-105.815232,40.139833],[-105.837145,40.140534],[-105.842737,40.14135],[-105.84715,40.143268],[-105.849253,40.145232],[-105.853862,40.147444],[-105.858913,40.151011],[-105.858501,40.153865],[-105.858634,40.159463],[-105.859923,40.163945],[-105.863476,40.167759],[-105.875569,40.169484],[-105.883067,40.169541],[-105.881938,40.174187],[-105.879781,40.178522],[-105.878977,40.183363],[-105.87703,40.189136],[-105.877171,40.192605],[-105.878454,40.19386],[-105.885274,40.184703],[-105.888691,40.183365],[-105.890934,40.186099],[-105.89286,40.187464],[-105.896073,40.188357],[-105.898235,40.190562],[-105.893508,40.197017],[-105.894565,40.19964],[-105.895047,40.204105],[-105.896189,40.206988],[-105.897273,40.208069],[-105.895648,40.211434],[-105.893849,40.212186],[-105.893981,40.213284],[-105.894947,40.214367],[-105.899559,40.215683],[-105.900549,40.217702],[-105.903276,40.219663],[-105.904584,40.219707],[-105.910313,40.222752],[-105.913191,40.226334],[-105.909363,40.227204],[-105.908221,40.226312],[-105.90518,40.226829],[-105.90231,40.224934],[-105.900874,40.225804],[-105.898404,40.224538],[-105.895987,40.224392],[-105.890277,40.225617],[-105.891187,40.226136],[-105.890754,40.23146],[-105.888899,40.232125],[-105.884737,40.232339],[-105.882959,40.234653],[-105.882538,40.241301],[-105.8831,40.242421],[-105.884812,40.242379],[-105.887409,40.246155],[-105.888385,40.249216],[-105.891765,40.250762],[-105.893845,40.254325],[-105.89329,40.256984],[-105.893946,40.26067],[-105.893437,40.261369],[-105.889405,40.261641],[-105.887856,40.263293],[-105.887572,40.264639],[-105.888435,40.266039],[-105.887804,40.268266],[-105.885516,40.270935],[-105.885337,40.273618],[-105.887881,40.274805],[-105.885317,40.276354],[-105.885519,40.277111],[-105.886668,40.278343],[-105.88666,40.282535],[-105.888261,40.284185],[-105.888245,40.285627],[-105.891921,40.28874],[-105.893392,40.288972],[-105.898724,40.291232],[-105.903454,40.291103],[-105.901003,40.28916],[-105.903782,40.288661],[-105.905722,40.289281],[-105.907217,40.288848],[-105.907426,40.287066],[-105.909366,40.288694],[-105.912622,40.289499],[-105.915877,40.289273],[-105.915488,40.290786],[-105.917249,40.292092],[-105.918473,40.293879],[-105.921072,40.294523],[-105.92364,40.293499],[-105.92594,40.294966],[-105.928808,40.295838],[-105.926477,40.296207],[-105.926296,40.297352],[-105.929068,40.298616],[-105.932252,40.296218],[-105.933437,40.29596],[-105.933316,40.300192],[-105.934112,40.305812],[-105.932774,40.310253],[-105.933131,40.315529],[-105.935037,40.317602],[-105.938117,40.320137],[-105.939144,40.32269],[-105.941692,40.324124],[-105.944321,40.32694],[-105.946704,40.327987],[-105.944842,40.327851],[-105.944898,40.329054],[-105.943504,40.330371],[-105.940895,40.331638],[-105.941445,40.334706],[-105.940664,40.33749],[-105.940798,40.34074],[-105.941753,40.342525],[-105.941993,40.345366],[-105.943534,40.347358],[-105.942006,40.349351],[-105.943682,40.353288],[-105.943194,40.355536],[-105.944643,40.357935],[-105.944002,40.35938],[-105.945147,40.363947],[-105.949812,40.362947],[-105.951179,40.361753],[-105.954343,40.360297],[-105.955439,40.35481],[-105.95741,40.353007],[-105.95762,40.351692],[-105.959723,40.349381],[-105.959659,40.348149],[-105.962403,40.34805],[-105.96615,40.349523],[-105.969368,40.34955],[-105.97231,40.351561],[-105.973149,40.35469],[-105.975949,40.358225],[-105.978345,40.358023],[-105.981263,40.359631],[-105.983853,40.363134],[-105.986654,40.364582],[-105.992204,40.364189],[-105.994395,40.364568],[-105.996671,40.363803],[-105.998341,40.362493],[-106.007774,40.362476],[-106.011183,40.362249],[-106.01113,40.363956],[-106.01254,40.365483],[-106.013075,40.367977],[-106.011742,40.369488],[-106.011605,40.370276],[-106.013904,40.370586],[-106.013484,40.372129],[-106.014581,40.372864],[-106.018622,40.373295],[-106.02739,40.370867],[-106.029834,40.368432],[-106.03118,40.368267],[-106.036028,40.369099],[-106.039711,40.36665],[-106.040855,40.364775],[-106.043384,40.362896],[-106.046986,40.361864],[-106.050539,40.359454],[-106.051821,40.359296],[-106.054568,40.357636],[-106.057909,40.357029],[-106.061115,40.357418],[-106.064396,40.356601],[-106.065769,40.354357],[-106.071713,40.352329],[-106.076532,40.349952],[-106.085681,40.347183],[-106.087444,40.350379],[-106.091528,40.350091],[-106.094978,40.351142],[-106.097771,40.352849],[-106.09939,40.354473],[-106.101621,40.35384],[-106.105057,40.350171],[-106.118213,40.345037],[-106.12105,40.343312],[-106.121211,40.342524],[-106.127899,40.338042],[-106.131388,40.336638],[-106.133171,40.336513],[-106.134699,40.335439],[-106.136372,40.33029],[-106.1368,40.330131],[-106.140284,40.330103]]]}},{"type":"Feature","properties":{"zcta5":"80498","AFFGEOID10":"8600000US80498","GEOID10":"80498","ALAND10":677131699,"AWATER10":10454895,"county_name":"Grand","state_code":"CO","county_state":"Grand County, CO","county_fips":"08049","risk_level_county":"Medium Risk (70–79% vaccinated)","mean_vaccination_rate_county":70.18,"risk_level_zcta":"Higher Risk (60–69% vaccinated)","mean_vaccination_rate_zips":65.61,"cases":35},"geometry":{"type":"Polygon","coordinates":[[[-106.434508,39.924914],[-106.434424,39.923387],[-106.439202,39.919945],[-106.440301,39.918323],[-106.439179,39.915632],[-106.432875,39.912607],[-106.431724,39.911271],[-106.4304,39.908906],[-106.42999,39.905403],[-106.430649,39.903901],[-106.43076,39.90162],[-106.429237,39.898387],[-106.428683,39.895107],[-106.429474,39.887114],[-106.428103,39.882164],[-106.431097,39.880103],[-106.433962,39.877375],[-106.433792,39.874987],[-106.434419,39.873001],[-106.433959,39.870264],[-106.43274,39.865968],[-106.432969,39.865402],[-106.430382,39.861526],[-106.42709,39.857675],[-106.425786,39.855369],[-106.423625,39.850106],[-106.423497,39.848052],[-106.425575,39.845488],[-106.423739,39.841425],[-106.420612,39.840003],[-106.418724,39.836273],[-106.415107,39.831441],[-106.413125,39.829696],[-106.412011,39.82867],[-106.41223,39.826786],[-106.410679,39.823699],[-106.411199,39.822089],[-106.410713,39.820364],[-106.409468,39.819202],[-106.407161,39.812804],[-106.406189,39.811241],[-106.401889,39.807545],[-106.4011,39.805648],[-106.400904,39.802815],[-106.40128,39.799855],[-106.400737,39.798736],[-106.39642,39.795781],[-106.395791,39.792707],[-106.396862,39.790093],[-106.394307,39.790564],[-106.390316,39.788725],[-106.38857,39.786545],[-106.388888,39.784225],[-106.391033,39.776942],[-106.385903,39.769562],[-106.385478,39.767164],[-106.379933,39.764326],[-106.379219,39.763036],[-106.374197,39.762218],[-106.373353,39.759549],[-106.370539,39.756612],[-106.368472,39.755587],[-106.365325,39.752918],[-106.362198,39.751947],[-106.359138,39.753152],[-106.353986,39.752557],[-106.352109,39.755588],[-106.350744,39.756879],[-106.343275,39.75873],[-106.343338,39.755292],[-106.342105,39.75303],[-106.338896,39.75067],[-106.335628,39.749526],[-106.333879,39.746552],[-106.332986,39.744071],[-106.331363,39.742548],[-106.331272,39.740131],[-106.329389,39.737827],[-106.326963,39.736552],[-106.325415,39.733233],[-106.322146,39.732521],[-106.320481,39.731674],[-106.318495,39.72866],[-106.316195,39.727176],[-106.304163,39.722919],[-106.299377,39.720489],[-106.298346,39.720569],[-106.296549,39.717329],[-106.295187,39.716417],[-106.295179,39.714694],[-106.293933,39.712317],[-106.294188,39.709345],[-106.292838,39.706484],[-106.29132,39.705387],[-106.290916,39.704066],[-106.289293,39.703202],[-106.287295,39.70295],[-106.285485,39.701957],[-106.277401,39.699539],[-106.275922,39.700044],[-106.273626,39.702997],[-106.272052,39.704348],[-106.269026,39.702563],[-106.264084,39.700938],[-106.262622,39.697851],[-106.264055,39.694575],[-106.264331,39.691805],[-106.265897,39.689536],[-106.265442,39.688287],[-106.261617,39.685874],[-106.261321,39.682716],[-106.258247,39.679804],[-106.255582,39.680034],[-106.251994,39.679037],[-106.250581,39.680211],[-106.242847,39.680918],[-106.238745,39.680274],[-106.238827,39.675992],[-106.239301,39.670935],[-106.240476,39.669318],[-106.239863,39.666957],[-106.234317,39.662029],[-106.230565,39.66189],[-106.229517,39.661147],[-106.226463,39.660941],[-106.224196,39.662591],[-106.222452,39.663027],[-106.219965,39.662586],[-106.218655,39.661505],[-106.218955,39.65628],[-106.217165,39.654592],[-106.209227,39.654278],[-106.207701,39.655288],[-106.206654,39.654443],[-106.202161,39.654034],[-106.198015,39.652342],[-106.197099,39.651464],[-106.194394,39.651123],[-106.191473,39.651861],[-106.189205,39.653341],[-106.18384,39.652153],[-106.184232,39.650636],[-106.18349,39.648612],[-106.18205,39.647666],[-106.179344,39.642503],[-106.179561,39.639604],[-106.178208,39.63714],[-106.176464,39.635722],[-106.176156,39.633327],[-106.177465,39.631677],[-106.176218,39.623919],[-106.176413,39.619729],[-106.17592,39.616111],[-106.176115,39.614221],[-106.177967,39.611795],[-106.177604,39.609056],[-106.167793,39.606286],[-106.164334,39.60589],[-106.161217,39.604803],[-106.159973,39.604828],[-106.15855,39.605688],[-106.155868,39.608804],[-106.154183,39.610079],[-106.150779,39.611053],[-106.148922,39.611983],[-106.143941,39.613398],[-106.143706,39.614445],[-106.13905,39.614443],[-106.134174,39.613887],[-106.129867,39.615479],[-106.128188,39.614009],[-106.125129,39.612867],[-106.121805,39.60971],[-106.116685,39.609335],[-106.108582,39.609611],[-106.107326,39.607542],[-106.105939,39.606771],[-106.102708,39.606299],[-106.102536,39.605583],[-106.100039,39.605347],[-106.098665,39.604435],[-106.095334,39.603885],[-106.093134,39.605689],[-106.092875,39.60722],[-106.090174,39.607391],[-106.087803,39.608711],[-106.087583,39.609584],[-106.089131,39.610134],[-106.085037,39.610149],[-106.07759,39.612479],[-106.074076,39.615504],[-106.073066,39.618181],[-106.072763,39.619075],[-106.071218,39.620549],[-106.070957,39.624195],[-106.068352,39.624],[-106.066542,39.62185],[-106.065669,39.624771],[-106.063555,39.620225],[-106.058859,39.624023],[-106.059077,39.62435],[-106.063067,39.624276],[-106.063068,39.624743],[-106.063302,39.626162],[-106.061736,39.627779],[-106.062264,39.628647],[-106.062394,39.630737],[-106.063278,39.631411],[-106.063193,39.633343],[-106.063407,39.634291],[-106.063355,39.634879],[-106.059582,39.634852],[-106.058153,39.635796],[-106.063353,39.635794],[-106.063718,39.636663],[-106.058158,39.636669],[-106.05547,39.636719],[-106.053453,39.636688],[-106.053515,39.637528],[-106.054121,39.638425],[-106.058162,39.638463],[-106.063397,39.638491],[-106.064874,39.640093],[-106.065282,39.641208],[-106.059241,39.641195],[-106.055832,39.639376],[-106.052721,39.639224],[-106.052901,39.642998],[-106.0538,39.645733],[-106.053602,39.647696],[-106.054392,39.649713],[-106.053929,39.650495],[-106.054579,39.652743],[-106.053775,39.655287],[-106.052348,39.657447],[-106.054382,39.657925],[-106.054235,39.659957],[-106.052814,39.661718],[-106.054644,39.663156],[-106.05686,39.666737],[-106.053435,39.667568],[-106.052191,39.668348],[-106.050985,39.667651],[-106.049075,39.668684],[-106.047967,39.667833],[-106.046589,39.668827],[-106.044192,39.671518],[-106.042989,39.670246],[-106.042639,39.672203],[-106.040735,39.671486],[-106.039928,39.672339],[-106.037248,39.679519],[-106.034426,39.681392],[-106.034433,39.683344],[-106.032744,39.686168],[-106.029945,39.686976],[-106.028447,39.689771],[-106.026699,39.691026],[-106.031889,39.694175],[-106.033642,39.69676],[-106.03431,39.702958],[-106.036751,39.705524],[-106.037888,39.707579],[-106.038262,39.709597],[-106.038106,39.712058],[-106.041583,39.71602],[-106.044065,39.717675],[-106.04467,39.718924],[-106.04793,39.720019],[-106.048635,39.721072],[-106.051262,39.721483],[-106.055951,39.721404],[-106.056454,39.721928],[-106.056649,39.723013],[-106.058548,39.724701],[-106.058661,39.726272],[-106.058039,39.728812],[-106.060017,39.733176],[-106.059821,39.736105],[-106.060267,39.738017],[-106.059469,39.739432],[-106.064026,39.745924],[-106.064815,39.748201],[-106.062181,39.751644],[-106.064055,39.752181],[-106.065898,39.753799],[-106.065736,39.757558],[-106.065015,39.758554],[-106.064827,39.760733],[-106.065555,39.762624],[-106.067521,39.763934],[-106.06957,39.766244],[-106.071045,39.769744],[-106.071032,39.772679],[-106.073009,39.777135],[-106.075168,39.78096],[-106.077652,39.782888],[-106.078982,39.785356],[-106.081207,39.787399],[-106.079197,39.792266],[-106.078082,39.793684],[-106.079487,39.794159],[-106.082163,39.796336],[-106.082353,39.800706],[-106.083946,39.803325],[-106.084115,39.806655],[-106.086532,39.807994],[-106.089974,39.809336],[-106.092016,39.812871],[-106.095803,39.816202],[-106.099003,39.81843],[-106.099916,39.819804],[-106.102885,39.82084],[-106.105284,39.822381],[-106.109863,39.827457],[-106.112427,39.829706],[-106.114587,39.830386],[-106.11704,39.831992],[-106.12031,39.835672],[-106.120694,39.837395],[-106.124453,39.841798],[-106.129727,39.844004],[-106.131483,39.8442],[-106.134527,39.843677],[-106.137912,39.843538],[-106.139413,39.843011],[-106.143404,39.839348],[-106.14889,39.839448],[-106.151657,39.840687],[-106.161611,39.843665],[-106.165117,39.843822],[-106.167603,39.845541],[-106.168906,39.845024],[-106.171143,39.845293],[-106.172522,39.846397],[-106.172511,39.847913],[-106.173527,39.847626],[-106.1777,39.849258],[-106.180446,39.852456],[-106.183305,39.853524],[-106.18568,39.855421],[-106.194289,39.859681],[-106.195424,39.861085],[-106.200566,39.864042],[-106.201545,39.865465],[-106.201391,39.868524],[-106.202762,39.869756],[-106.203201,39.871258],[-106.205192,39.873168],[-106.206368,39.874985],[-106.206499,39.877701],[-106.207989,39.878399],[-106.214174,39.878801],[-106.21686,39.88063],[-106.219321,39.883611],[-106.219374,39.885304],[-106.220782,39.887686],[-106.223089,39.888304],[-106.224126,39.889968],[-106.22752,39.892508],[-106.228361,39.893517],[-106.230009,39.897996],[-106.231881,39.899895],[-106.231688,39.900806],[-106.234824,39.902708],[-106.239298,39.906814],[-106.241115,39.907269],[-106.243624,39.90929],[-106.24691,39.9127],[-106.250581,39.913048],[-106.252027,39.914712],[-106.289785,39.918851],[-106.294777,39.91892],[-106.294624,39.91396],[-106.325952,39.91375],[-106.375585,39.913636],[-106.380737,39.914008],[-106.387245,39.913842],[-106.395433,39.914016],[-106.395257,39.924589],[-106.434508,39.924914]],[[-106.098919,39.619307],[-106.098784,39.619551],[-106.094742,39.619295],[-106.095249,39.617009],[-106.097372,39.617824],[-106.098919,39.619307]]]}},{"type":"Feature","properties":{"zcta5":"80459","AFFGEOID10":"8600000US80459","GEOID10":"80459","ALAND10":1502859430,"AWATER10":13507091,"county_name":"Grand","state_code":"CO","county_state":"Grand County, CO","county_fips":"08049","risk_level_county":"Medium Risk (70–79% vaccinated)","mean_vaccination_rate_county":70.18,"risk_level_zcta":"Medium Risk (70–79% vaccinated)","mean_vaccination_rate_zips":75.48,"cases":35},"geometry":{"type":"Polygon","coordinates":[[[-106.652112,40.445231],[-106.652187,40.445207],[-106.652832,40.341562],[-106.649872,40.341638],[-106.632257,40.341559],[-106.63248,40.311137],[-106.632324,40.309757],[-106.632485,40.266977],[-106.633121,40.178996],[-106.636995,40.178985],[-106.63704,40.157938],[-106.637109,40.124985],[-106.636974,40.123578],[-106.637004,40.057344],[-106.608204,40.058501],[-106.60584,40.057864],[-106.603478,40.059098],[-106.600567,40.058378],[-106.601316,40.059765],[-106.597005,40.060733],[-106.595681,40.059504],[-106.593681,40.058984],[-106.588893,40.060423],[-106.587215,40.062897],[-106.585628,40.062677],[-106.583887,40.059904],[-106.585728,40.054645],[-106.583498,40.052415],[-106.582984,40.050724],[-106.583406,40.048727],[-106.582915,40.046733],[-106.581566,40.04468],[-106.580408,40.044254],[-106.579023,40.042156],[-106.580156,40.03996],[-106.579912,40.038009],[-106.575735,40.033759],[-106.5749,40.031608],[-106.576,40.02999],[-106.575829,40.028658],[-106.573112,40.026209],[-106.571192,40.025244],[-106.571366,40.022115],[-106.572125,40.021501],[-106.571173,40.019866],[-106.571788,40.018542],[-106.570868,40.017275],[-106.568426,40.017074],[-106.56149,40.01451],[-106.55792,40.012098],[-106.55777,40.011163],[-106.559842,40.010063],[-106.561004,40.007615],[-106.559859,40.00618],[-106.557569,40.006454],[-106.555728,40.005893],[-106.555088,40.003496],[-106.552548,40.001521],[-106.55145,39.998329],[-106.549894,39.996525],[-106.546508,39.997791],[-106.547171,40.000972],[-106.545602,40.00326],[-106.545071,39.999584],[-106.542146,39.999765],[-106.540996,39.998523],[-106.541722,39.995797],[-106.544226,39.994073],[-106.544931,39.990988],[-106.544521,39.989837],[-106.54563,39.986513],[-106.543643,39.9887],[-106.540852,39.990575],[-106.538571,39.989933],[-106.535266,39.985814],[-106.537175,39.983978],[-106.540833,39.983216],[-106.542779,39.980305],[-106.543485,39.97807],[-106.543383,39.975291],[-106.541775,39.972459],[-106.542163,39.969607],[-106.540698,39.96757],[-106.541805,39.966893],[-106.548149,39.968475],[-106.544948,39.966108],[-106.543916,39.964383],[-106.540717,39.962931],[-106.541361,39.96069],[-106.542586,39.960195],[-106.54543,39.961234],[-106.548356,39.961598],[-106.550783,39.960373],[-106.549767,39.955971],[-106.550938,39.95505],[-106.556736,39.954221],[-106.558162,39.95323],[-106.55654,39.95166],[-106.549872,39.954573],[-106.548248,39.954325],[-106.546452,39.952734],[-106.542747,39.951777],[-106.538752,39.948386],[-106.533581,39.945526],[-106.53195,39.943759],[-106.530456,39.939242],[-106.528551,39.93608],[-106.528416,39.934762],[-106.526454,39.931035],[-106.526491,39.930125],[-106.522321,39.927185],[-106.522119,39.925032],[-106.486254,39.92525],[-106.485398,39.925045],[-106.44378,39.924948],[-106.442574,39.924804],[-106.434508,39.924914],[-106.395257,39.924589],[-106.395433,39.914016],[-106.387245,39.913842],[-106.380737,39.914008],[-106.375585,39.913636],[-106.325952,39.91375],[-106.336601,39.926536],[-106.342627,39.92492],[-106.340942,39.923183],[-106.340949,39.921208],[-106.344632,39.924268],[-106.343726,39.924689],[-106.344643,39.927103],[-106.344798,39.929511],[-106.340618,39.931274],[-106.342695,39.933733],[-106.343811,39.935901],[-106.349648,39.964662],[-106.351354,39.970186],[-106.349012,39.969843],[-106.345102,39.970395],[-106.338801,39.969254],[-106.334955,39.96897],[-106.330096,39.969442],[-106.327341,39.96872],[-106.325364,39.966709],[-106.32355,39.96664],[-106.314954,39.969737],[-106.312302,39.970949],[-106.309354,39.973222],[-106.308152,39.974903],[-106.307789,39.978367],[-106.305455,39.977945],[-106.300158,39.978953],[-106.302086,39.97679],[-106.302236,39.975155],[-106.30129,39.972932],[-106.298423,39.972064],[-106.296903,39.969368],[-106.295401,39.968682],[-106.29408,39.967153],[-106.293915,39.978544],[-106.296804,39.979038],[-106.29416,39.98314],[-106.294988,39.986318],[-106.293629,39.98964],[-106.294554,39.991694],[-106.294685,40.000025],[-106.296801,40.000005],[-106.295084,40.050499],[-106.292716,40.051103],[-106.289638,40.053798],[-106.286393,40.054054],[-106.284913,40.055404],[-106.279281,40.05604],[-106.276865,40.05705],[-106.272328,40.056646],[-106.270061,40.058401],[-106.267744,40.05922],[-106.263695,40.05943],[-106.260658,40.062275],[-106.257194,40.063801],[-106.254219,40.063815],[-106.250931,40.062021],[-106.2443,40.060614],[-106.241653,40.06043],[-106.242465,40.061049],[-106.242875,40.063],[-106.239852,40.063249],[-106.234357,40.065498],[-106.228157,40.067107],[-106.22378,40.067668],[-106.220858,40.067648],[-106.207057,40.066818],[-106.22515,40.068338],[-106.229459,40.067805],[-106.237642,40.065083],[-106.243515,40.064144],[-106.247036,40.064252],[-106.251893,40.065139],[-106.255904,40.066396],[-106.263125,40.067715],[-106.267646,40.068362],[-106.272253,40.068335],[-106.275672,40.067444],[-106.282008,40.064694],[-106.28725,40.065243],[-106.289529,40.065122],[-106.293492,40.064253],[-106.294495,40.065838],[-106.295782,40.07032],[-106.295848,40.073148],[-106.29439,40.075365],[-106.291157,40.077709],[-106.289033,40.079953],[-106.28383,40.084149],[-106.28225,40.085704],[-106.280508,40.088312],[-106.277314,40.090797],[-106.276593,40.091753],[-106.275711,40.094965],[-106.275841,40.097066],[-106.27797,40.10364],[-106.278348,40.105831],[-106.279459,40.10725],[-106.279542,40.113408],[-106.276975,40.113358],[-106.27214,40.110317],[-106.270559,40.110334],[-106.268273,40.111757],[-106.262531,40.113715],[-106.263068,40.114422],[-106.261551,40.116875],[-106.259478,40.116911],[-106.257861,40.1176],[-106.256096,40.119892],[-106.253112,40.121217],[-106.249316,40.121166],[-106.248092,40.123789],[-106.246121,40.124754],[-106.245595,40.126544],[-106.24435,40.126426],[-106.24356,40.127981],[-106.241099,40.13085],[-106.24336,40.133466],[-106.246694,40.135098],[-106.24972,40.134865],[-106.251639,40.135617],[-106.25308,40.13691],[-106.256131,40.133909],[-106.263548,40.133232],[-106.261517,40.132797],[-106.268842,40.131797],[-106.273798,40.131055],[-106.27657,40.12916],[-106.279347,40.129239],[-106.279958,40.128521],[-106.280627,40.13433],[-106.281844,40.134763],[-106.285162,40.134519],[-106.287949,40.135181],[-106.286536,40.13655],[-106.286182,40.138923],[-106.284835,40.139686],[-106.283345,40.139099],[-106.282633,40.139944],[-106.282304,40.140552],[-106.283665,40.142374],[-106.283262,40.145947],[-106.282032,40.146717],[-106.283067,40.147408],[-106.282619,40.149828],[-106.281864,40.150899],[-106.282304,40.153705],[-106.283701,40.156798],[-106.282331,40.159471],[-106.280431,40.161465],[-106.279971,40.162614],[-106.280309,40.164998],[-106.281028,40.165774],[-106.28071,40.166647],[-106.277513,40.168029],[-106.27402,40.170275],[-106.271636,40.17094],[-106.270008,40.169904],[-106.268088,40.170826],[-106.265905,40.170291],[-106.264137,40.170572],[-106.259893,40.172249],[-106.258636,40.174155],[-106.256432,40.175611],[-106.250582,40.175242],[-106.245775,40.177933],[-106.244881,40.179186],[-106.243528,40.17966],[-106.239521,40.179595],[-106.239692,40.180575],[-106.238211,40.179915],[-106.233946,40.181745],[-106.234326,40.184597],[-106.232453,40.184959],[-106.232095,40.187882],[-106.230098,40.188534],[-106.227582,40.187759],[-106.224229,40.189461],[-106.223668,40.193503],[-106.221964,40.195467],[-106.22256,40.196569],[-106.221589,40.198102],[-106.219602,40.199375],[-106.218166,40.20185],[-106.215556,40.204363],[-106.2161,40.205205],[-106.214952,40.207397],[-106.215065,40.20845],[-106.216917,40.208854],[-106.217724,40.210602],[-106.218984,40.211436],[-106.218724,40.21333],[-106.217888,40.21388],[-106.221431,40.214983],[-106.22042,40.216136],[-106.219646,40.215618],[-106.21861,40.216587],[-106.218844,40.218363],[-106.217768,40.21929],[-106.218158,40.220618],[-106.220879,40.221103],[-106.223662,40.222674],[-106.224719,40.22389],[-106.219637,40.222312],[-106.216615,40.222227],[-106.208978,40.223027],[-106.209168,40.22508],[-106.208424,40.225529],[-106.208951,40.227451],[-106.208686,40.229076],[-106.209664,40.229831],[-106.208362,40.231304],[-106.208335,40.235071],[-106.209497,40.238278],[-106.210262,40.241774],[-106.209274,40.244324],[-106.207732,40.246224],[-106.205076,40.248534],[-106.201947,40.250274],[-106.198926,40.251478],[-106.191265,40.253955],[-106.186574,40.254416],[-106.184468,40.254969],[-106.181141,40.256496],[-106.178214,40.259976],[-106.173329,40.261026],[-106.172911,40.262048],[-106.167992,40.261819],[-106.165695,40.263725],[-106.163313,40.264771],[-106.161925,40.265456],[-106.15762,40.269454],[-106.158899,40.271342],[-106.15895,40.274306],[-106.159547,40.274832],[-106.157267,40.278413],[-106.155318,40.282793],[-106.15393,40.283455],[-106.151087,40.286457],[-106.148641,40.287211],[-106.144316,40.289578],[-106.143101,40.290593],[-106.144484,40.292704],[-106.145737,40.293008],[-106.146661,40.294699],[-106.145306,40.29664],[-106.147556,40.298212],[-106.149254,40.301205],[-106.151584,40.302605],[-106.151833,40.303386],[-106.154648,40.304241],[-106.152993,40.305861],[-106.151366,40.309193],[-106.151722,40.310757],[-106.150372,40.313716],[-106.147997,40.315226],[-106.144334,40.315794],[-106.142947,40.317258],[-106.140309,40.318703],[-106.140284,40.330103],[-106.142627,40.33018],[-106.149384,40.331967],[-106.152245,40.335359],[-106.156396,40.337049],[-106.157612,40.338981],[-106.160686,40.3405],[-106.162011,40.342612],[-106.164297,40.343329],[-106.168856,40.343546],[-106.17049,40.344006],[-106.174734,40.343183],[-106.175748,40.341508],[-106.177407,40.340565],[-106.179194,40.338264],[-106.180137,40.336014],[-106.179829,40.333991],[-106.18103,40.333424],[-106.189005,40.32768],[-106.189178,40.326532],[-106.19273,40.325853],[-106.194767,40.326467],[-106.196927,40.325617],[-106.198866,40.327107],[-106.201734,40.326451],[-106.206211,40.32789],[-106.211492,40.327663],[-106.214351,40.327991],[-106.217064,40.32908],[-106.218696,40.328797],[-106.220996,40.327579],[-106.221719,40.325791],[-106.225668,40.325169],[-106.230889,40.323522],[-106.230746,40.324486],[-106.23622,40.325746],[-106.238984,40.327956],[-106.2389,40.329816],[-106.241215,40.331684],[-106.243435,40.335694],[-106.244771,40.337322],[-106.247318,40.339188],[-106.251223,40.340765],[-106.250908,40.341783],[-106.253567,40.346626],[-106.253573,40.350325],[-106.255557,40.350924],[-106.256789,40.352397],[-106.257686,40.355177],[-106.260347,40.35819],[-106.261435,40.358104],[-106.26599,40.360907],[-106.269208,40.359295],[-106.269596,40.357562],[-106.271216,40.357282],[-106.277947,40.353723],[-106.280577,40.354953],[-106.284229,40.35579],[-106.286627,40.358853],[-106.28841,40.358038],[-106.291071,40.358204],[-106.295516,40.354242],[-106.295514,40.352138],[-106.297077,40.350537],[-106.298621,40.349958],[-106.297182,40.346927],[-106.298696,40.344833],[-106.298869,40.342853],[-106.298055,40.340389],[-106.29387,40.337625],[-106.296476,40.335284],[-106.29597,40.333091],[-106.298339,40.332406],[-106.299548,40.330291],[-106.302834,40.330266],[-106.305335,40.330829],[-106.305106,40.329644],[-106.306192,40.328502],[-106.308054,40.329315],[-106.312241,40.330184],[-106.316221,40.333565],[-106.319734,40.335188],[-106.321221,40.337325],[-106.32948,40.339148],[-106.334562,40.338943],[-106.337124,40.33973],[-106.337416,40.342659],[-106.341465,40.345499],[-106.34389,40.346531],[-106.345203,40.350051],[-106.350374,40.353111],[-106.351456,40.355837],[-106.353758,40.357536],[-106.356482,40.358073],[-106.360098,40.35835],[-106.36365,40.357546],[-106.364239,40.35646],[-106.366308,40.355922],[-106.370005,40.357474],[-106.372462,40.357031],[-106.37493,40.355395],[-106.378039,40.354927],[-106.381227,40.352797],[-106.383091,40.352894],[-106.385711,40.35216],[-106.386463,40.349588],[-106.388157,40.348327],[-106.389732,40.3457],[-106.3943,40.346025],[-106.395828,40.347012],[-106.400105,40.345654],[-106.404016,40.344952],[-106.407689,40.34642],[-106.410328,40.350156],[-106.414032,40.350945],[-106.417097,40.35008],[-106.419652,40.350862],[-106.420045,40.352214],[-106.421793,40.352793],[-106.423622,40.352525],[-106.427454,40.350814],[-106.429198,40.351376],[-106.431925,40.350748],[-106.433037,40.34956],[-106.436119,40.350356],[-106.439085,40.350151],[-106.439525,40.348792],[-106.44342,40.346533],[-106.445864,40.348112],[-106.44821,40.350311],[-106.450062,40.350955],[-106.454283,40.354294],[-106.457018,40.35451],[-106.457826,40.356118],[-106.455549,40.357984],[-106.456304,40.360641],[-106.456146,40.363337],[-106.458338,40.366528],[-106.463178,40.366993],[-106.463001,40.368697],[-106.464131,40.37187],[-106.464395,40.375912],[-106.467118,40.379193],[-106.470586,40.379034],[-106.473082,40.379389],[-106.471108,40.382276],[-106.474494,40.387984],[-106.477817,40.389251],[-106.481283,40.389431],[-106.47968,40.391949],[-106.479982,40.394802],[-106.477082,40.399717],[-106.477897,40.401041],[-106.477142,40.40253],[-106.478248,40.404805],[-106.48252,40.408429],[-106.4854,40.410122],[-106.489842,40.411578],[-106.491852,40.410045],[-106.492747,40.407976],[-106.494902,40.406879],[-106.495781,40.403585],[-106.498827,40.403594],[-106.500984,40.402596],[-106.50248,40.4004],[-106.506359,40.396949],[-106.509029,40.394121],[-106.51048,40.393386],[-106.510296,40.389277],[-106.5123,40.386753],[-106.515783,40.388384],[-106.518899,40.391022],[-106.520408,40.388455],[-106.525279,40.385807],[-106.526741,40.384085],[-106.527143,40.381182],[-106.526465,40.380553],[-106.526819,40.377212],[-106.529539,40.371784],[-106.52972,40.369113],[-106.531328,40.366622],[-106.534165,40.365839],[-106.534921,40.36508],[-106.538335,40.368641],[-106.539031,40.370949],[-106.543716,40.372064],[-106.545605,40.370766],[-106.547672,40.37017],[-106.550665,40.370435],[-106.553458,40.369869],[-106.555292,40.37204],[-106.555353,40.374233],[-106.556685,40.377276],[-106.559301,40.378079],[-106.562501,40.378392],[-106.564709,40.377538],[-106.56942,40.378567],[-106.576553,40.378558],[-106.583612,40.381026],[-106.585425,40.38226],[-106.587697,40.38143],[-106.589432,40.381801],[-106.591053,40.380581],[-106.594818,40.382945],[-106.594535,40.381427],[-106.596666,40.380992],[-106.596525,40.378853],[-106.601046,40.375804],[-106.602505,40.376082],[-106.603734,40.378334],[-106.60819,40.379732],[-106.60943,40.378288],[-106.612321,40.379383],[-106.611693,40.383248],[-106.611981,40.386831],[-106.613126,40.388716],[-106.617645,40.393198],[-106.618282,40.395282],[-106.618033,40.398929],[-106.619525,40.405245],[-106.62099,40.408018],[-106.62392,40.410903],[-106.625196,40.415007],[-106.627089,40.417316],[-106.629153,40.418925],[-106.629109,40.421051],[-106.626518,40.426955],[-106.623665,40.429583],[-106.622167,40.429763],[-106.62381,40.431636],[-106.624636,40.431164],[-106.628146,40.431108],[-106.632508,40.432565],[-106.636136,40.432009],[-106.638601,40.432244],[-106.643351,40.436041],[-106.648612,40.438544],[-106.650342,40.439781],[-106.651856,40.442145],[-106.652112,40.445231]]]}},{"type":"Feature","properties":{"zcta5":"80451","AFFGEOID10":"8600000US80451","GEOID10":"80451","ALAND10":177737408,"AWATER10":0,"county_name":"Grand","state_code":"CO","county_state":"Grand County, CO","county_fips":"08049","risk_level_county":"Medium Risk (70–79% vaccinated)","mean_vaccination_rate_county":70.18,"risk_level_zcta":"Higher Risk (60–69% vaccinated)","mean_vaccination_rate_zips":66.1,"cases":35},"geometry":{"type":"Polygon","coordinates":[[[-106.142619,40.160088],[-106.14293,40.057562],[-106.142978,40.051126],[-106.152801,40.051163],[-106.136192,40.050614],[-106.134485,40.050974],[-106.133043,40.052115],[-106.132908,40.053285],[-106.131167,40.05233],[-106.127883,40.051467],[-106.128549,40.050114],[-106.122876,40.048081],[-106.120657,40.04615],[-106.119229,40.042809],[-106.120378,40.039493],[-106.11906,40.037392],[-106.11733,40.035625],[-106.114435,40.034449],[-106.112106,40.032062],[-106.111319,40.032345],[-106.107962,40.031252],[-106.107237,40.030365],[-106.103867,40.031561],[-106.102136,40.030499],[-106.09861,40.029941],[-106.097409,40.028656],[-106.094549,40.027015],[-106.090987,40.024447],[-106.089854,40.024269],[-106.087498,40.022051],[-106.084996,40.021034],[-106.081974,40.021024],[-106.080766,40.020374],[-106.076946,40.019607],[-106.073551,40.021272],[-106.069908,40.021435],[-106.067544,40.021952],[-106.065227,40.023243],[-106.060384,40.022354],[-106.057251,40.022872],[-106.054745,40.020384],[-106.050935,40.018543],[-106.050141,40.015835],[-106.048021,40.013857],[-106.044385,40.012066],[-106.04215,40.008704],[-106.038048,40.00628],[-106.034748,40.002951],[-106.02949,40.001084],[-106.024998,39.999997],[-106.01747,39.999985],[-106.020679,40.006741],[-106.022613,40.008153],[-106.024181,40.01271],[-106.025501,40.015279],[-106.02716,40.017123],[-106.029113,40.018653],[-106.034845,40.020461],[-106.038135,40.022787],[-106.0365,40.025728],[-106.037293,40.031273],[-106.036697,40.032374],[-106.041237,40.033948],[-106.041444,40.03704],[-106.042809,40.041324],[-106.03944,40.042399],[-106.033448,40.045289],[-106.030979,40.046936],[-106.02743,40.050085],[-106.020031,40.051402],[-106.01326,40.055597],[-106.011721,40.057227],[-106.00598,40.060738],[-106.000573,40.063013],[-105.99956,40.064931],[-105.998918,40.068585],[-105.998417,40.075738],[-105.998461,40.104336],[-105.998788,40.108597],[-106.002632,40.108177],[-106.003286,40.108977],[-105.998938,40.110029],[-105.99861,40.117197],[-105.998776,40.119593],[-106.001711,40.124952],[-106.003802,40.136426],[-106.006519,40.14419],[-106.009233,40.149391],[-106.013676,40.153226],[-106.019916,40.15383],[-106.027183,40.15425],[-106.03325,40.155304],[-106.037487,40.156488],[-106.040294,40.158862],[-106.042982,40.161994],[-106.050713,40.168981],[-106.056732,40.17391],[-106.060942,40.176262],[-106.062762,40.176782],[-106.065445,40.17648],[-106.067983,40.178692],[-106.072762,40.177938],[-106.076974,40.175117],[-106.078957,40.175892],[-106.080133,40.177271],[-106.081753,40.177503],[-106.081915,40.175293],[-106.084707,40.173555],[-106.087549,40.174499],[-106.090433,40.174183],[-106.093267,40.173237],[-106.092694,40.172209],[-106.104732,40.17235],[-106.107034,40.172096],[-106.123575,40.168911],[-106.125078,40.168429],[-106.127336,40.166525],[-106.129253,40.161794],[-106.133648,40.161722],[-106.136365,40.161056],[-106.137989,40.160087],[-106.139439,40.158209],[-106.142619,40.160088]]]}},{"type":"Feature","properties":{"zcta5":"80478","AFFGEOID10":"8600000US80478","GEOID10":"80478","ALAND10":108370030,"AWATER10":421723,"county_name":"Grand","state_code":"CO","county_state":"Grand County, CO","county_fips":"08049","risk_level_county":"Medium Risk (70–79% vaccinated)","mean_vaccination_rate_county":70.18,"risk_level_zcta":"Higher Risk (60–69% vaccinated)","mean_vaccination_rate_zips":67.34,"cases":35},"geometry":{"type":"Polygon","coordinates":[[[-105.728066,40.041125],[-105.72965,40.043916],[-105.732074,40.044444],[-105.734517,40.047354],[-105.735753,40.050329],[-105.735104,40.052767],[-105.735972,40.055273],[-105.738296,40.056301],[-105.743793,40.060523],[-105.747642,40.061309],[-105.747563,40.062389],[-105.750672,40.063714],[-105.757316,40.067073],[-105.760057,40.066817],[-105.764096,40.06825],[-105.7686,40.070455],[-105.769673,40.072043],[-105.771796,40.073038],[-105.775981,40.073983],[-105.777811,40.074998],[-105.783443,40.076284],[-105.785612,40.076188],[-105.788856,40.07477],[-105.790047,40.073293],[-105.792178,40.072981],[-105.79617,40.074449],[-105.804151,40.072944],[-105.806462,40.072973],[-105.811051,40.075274],[-105.815026,40.078138],[-105.816533,40.08056],[-105.816875,40.082675],[-105.81606,40.084186],[-105.818146,40.086027],[-105.821041,40.089691],[-105.824938,40.087979],[-105.825173,40.08704],[-105.829329,40.086398],[-105.831769,40.083506],[-105.832005,40.081667],[-105.83488,40.076979],[-105.836308,40.075824],[-105.841666,40.074759],[-105.84407,40.07375],[-105.846148,40.072068],[-105.850981,40.071204],[-105.853589,40.071536],[-105.855695,40.071178],[-105.857312,40.071986],[-105.857591,40.075525],[-105.858408,40.077059],[-105.861799,40.07998],[-105.864998,40.081623],[-105.869041,40.082233],[-105.869615,40.083156],[-105.871386,40.083125],[-105.876557,40.078446],[-105.879396,40.077596],[-105.882557,40.075274],[-105.884334,40.074864],[-105.886631,40.07259],[-105.884728,40.068037],[-105.883173,40.06658],[-105.880147,40.065871],[-105.878938,40.064892],[-105.878062,40.061623],[-105.877495,40.055533],[-105.87804,40.054088],[-105.878537,40.055306],[-105.882881,40.055372],[-105.882537,40.056672],[-105.887634,40.056177],[-105.886567,40.05435],[-105.888353,40.05244],[-105.891039,40.052303],[-105.890371,40.049112],[-105.893017,40.048047],[-105.895293,40.045219],[-105.900006,40.043124],[-105.902949,40.040919],[-105.9043,40.038613],[-105.903238,40.038208],[-105.904128,40.036211],[-105.906692,40.034498],[-105.908424,40.031929],[-105.910277,40.030118],[-105.911437,40.027888],[-105.91485,40.025592],[-105.916262,40.026545],[-105.921305,40.017437],[-105.922989,40.015683],[-105.920944,40.012717],[-105.922055,40.010861],[-105.92109,40.009322],[-105.917472,40.005413],[-105.919603,40.004676],[-105.920302,40.002968],[-105.924769,40.001326],[-105.925937,39.999171],[-105.925956,39.996557],[-105.926602,39.994405],[-105.926274,39.988767],[-105.923519,39.987271],[-105.915052,39.987264],[-105.915053,39.984648],[-105.912495,39.98351],[-105.906265,39.983607],[-105.902732,39.983049],[-105.899514,39.983299],[-105.89311,39.982556],[-105.88934,39.982684],[-105.884024,39.983643],[-105.88028,39.983086],[-105.87736,39.983667],[-105.873794,39.98328],[-105.864572,39.979384],[-105.864573,39.975372],[-105.86689,39.97535],[-105.867674,39.973054],[-105.871972,39.973062],[-105.873052,39.972502],[-105.873159,39.97015],[-105.869877,39.967835],[-105.868792,39.96902],[-105.864377,39.969191],[-105.862871,39.97128],[-105.860985,39.971875],[-105.855746,39.967257],[-105.853416,39.966999],[-105.849854,39.962934],[-105.84923,39.9594],[-105.848364,39.958204],[-105.844229,39.956712],[-105.841909,39.955466],[-105.819776,39.955477],[-105.829536,39.984255],[-105.82929,39.986198],[-105.830245,39.99003],[-105.829538,39.990251],[-105.82811,39.990529],[-105.831214,39.99543],[-105.828528,39.998655],[-105.826761,39.999815],[-105.825471,40.000069],[-105.822759,40.002411],[-105.819552,40.004272],[-105.81948,40.007579],[-105.817401,40.010081],[-105.815299,40.010694],[-105.813564,40.01207],[-105.812167,40.014661],[-105.808653,40.017966],[-105.805385,40.020218],[-105.805817,40.023028],[-105.806755,40.022438],[-105.808079,40.024684],[-105.807294,40.0273],[-105.807418,40.028904],[-105.805802,40.032995],[-105.804942,40.033911],[-105.801274,40.034271],[-105.799829,40.035232],[-105.797285,40.033403],[-105.79763,40.034874],[-105.795219,40.036873],[-105.795676,40.038342],[-105.791397,40.040414],[-105.787224,40.040814],[-105.785898,40.042441],[-105.784297,40.041881],[-105.786792,40.044712],[-105.784594,40.04666],[-105.778342,40.04916],[-105.77772,40.050702],[-105.773195,40.050522],[-105.767097,40.051482],[-105.762544,40.051079],[-105.759262,40.051146],[-105.753503,40.051824],[-105.752241,40.052327],[-105.751366,40.050643],[-105.746633,40.053647],[-105.745432,40.053664],[-105.743929,40.051885],[-105.74187,40.050646],[-105.741482,40.049459],[-105.739282,40.048743],[-105.738943,40.047781],[-105.736009,40.046349],[-105.734939,40.045589],[-105.737207,40.043672],[-105.738948,40.04354],[-105.739502,40.042104],[-105.737992,40.041219],[-105.728066,40.041125]]]}}]}