{"type":"FeatureCollection","features":[{"type":"Feature","properties":{"zcta5":"53820","AFFGEOID10":"8600000US53820","GEOID10":"53820","ALAND10":232938353,"AWATER10":38017880,"county_name":"Grant","state_code":"WI","county_state":"Grant County, WI","county_fips":"55043","risk_level_county":"Lower Risk (80–84% vaccinated)","mean_vaccination_rate_county":80.92,"risk_level_zcta":"Higher Risk (60–69% vaccinated)","mean_vaccination_rate_zips":67.9,"cases":36},"geometry":{"type":"Polygon","coordinates":[[[-90.82754,42.774466],[-90.829131,42.772381],[-90.831452,42.772005],[-90.831418,42.770649],[-90.83464,42.770667],[-90.839443,42.768878],[-90.842943,42.767907],[-90.845044,42.765485],[-90.845353,42.763859],[-90.843409,42.760646],[-90.84345,42.758963],[-90.846203,42.756915],[-90.847569,42.757817],[-90.850098,42.760824],[-90.853551,42.759714],[-90.852363,42.757539],[-90.852317,42.754476],[-90.851279,42.752368],[-90.848302,42.750435],[-90.844187,42.749228],[-90.848092,42.74792],[-90.850052,42.747732],[-90.853267,42.745398],[-90.855518,42.74534],[-90.860157,42.743942],[-90.861377,42.742937],[-90.857821,42.742611],[-90.853357,42.740782],[-90.849999,42.740067],[-90.849976,42.737365],[-90.846654,42.737066],[-90.841681,42.735903],[-90.838181,42.733672],[-90.838465,42.731654],[-90.840002,42.726851],[-90.843921,42.72323],[-90.846952,42.721834],[-90.844922,42.717856],[-90.845093,42.714952],[-90.84428,42.71426],[-90.840579,42.713728],[-90.836561,42.715511],[-90.835376,42.717266],[-90.834621,42.721136],[-90.837074,42.722017],[-90.835084,42.72317],[-90.829752,42.720919],[-90.829476,42.7189],[-90.830304,42.71714],[-90.829676,42.71507],[-90.826681,42.71399],[-90.825446,42.714401],[-90.821787,42.717418],[-90.81942,42.720384],[-90.818432,42.719597],[-90.817992,42.718008],[-90.818923,42.716922],[-90.821963,42.715741],[-90.823505,42.714554],[-90.826002,42.709407],[-90.828157,42.707604],[-90.829526,42.704929],[-90.828509,42.703221],[-90.827763,42.696841],[-90.825919,42.69546],[-90.821185,42.693984],[-90.818566,42.692577],[-90.812983,42.691458],[-90.804174,42.690862],[-90.801662,42.689751],[-90.80373,42.689627],[-90.804932,42.687448],[-90.808107,42.685838],[-90.815919,42.683553],[-90.816795,42.682743],[-90.820378,42.683032],[-90.820557,42.684101],[-90.822402,42.684402],[-90.822647,42.683144],[-90.824676,42.683265],[-90.8281534667702,42.660911240276796],[-90.797017,42.655772],[-90.788226,42.653888],[-90.778752,42.652965],[-90.769495,42.651443],[-90.760389,42.649131],[-90.743677,42.64556],[-90.731132,42.643437],[-90.720209,42.640758],[-90.709204,42.636078],[-90.706303,42.634169],[-90.702671,42.630756],[-90.700856,42.626445],[-90.700095,42.622461],[-90.693999,42.614509],[-90.692031,42.610366],[-90.687999,42.599198],[-90.687775,42.594606],[-90.686975,42.591774],[-90.685487,42.589614],[-90.679375,42.581503],[-90.677055,42.579215],[-90.67475204391779,42.57782300990969],[-90.672727,42.576599],[-90.661527,42.567999],[-90.661077,42.574201],[-90.66268,42.577906],[-90.663203,42.585912],[-90.663862,42.591416],[-90.664167,42.607351],[-90.664685,42.611049],[-90.663474,42.612251],[-90.661051,42.613331],[-90.658056,42.615849],[-90.657156,42.617583],[-90.65752,42.618033],[-90.654614,42.618965],[-90.650105,42.618881],[-90.649412,42.620966],[-90.648283,42.621366],[-90.646895,42.619198],[-90.645758,42.618786],[-90.644033,42.620579],[-90.642719,42.61969],[-90.640216,42.619272],[-90.638959,42.619864],[-90.635661,42.619038],[-90.635624,42.617961],[-90.632847,42.61811],[-90.629309,42.619623],[-90.625125,42.619738],[-90.623832,42.622473],[-90.618236,42.627066],[-90.616562,42.629835],[-90.613079,42.630774],[-90.605682,42.631052],[-90.602664,42.629781],[-90.602766,42.631442],[-90.60273,42.631947],[-90.602673,42.632181],[-90.597364,42.639407],[-90.597219,42.640677],[-90.599296,42.643738],[-90.604697,42.64872],[-90.604508,42.65008],[-90.606525,42.65219],[-90.602489,42.654754],[-90.604512,42.655977],[-90.604647,42.657272],[-90.602327,42.656746],[-90.60116,42.657476],[-90.599368,42.656791],[-90.599919,42.65819],[-90.598663,42.658766],[-90.596343,42.658218],[-90.593919,42.656886],[-90.594751,42.656013],[-90.593732,42.654987],[-90.591963,42.655317],[-90.593583,42.653906],[-90.592505,42.652216],[-90.590973,42.651531],[-90.589909,42.649572],[-90.587954,42.647905],[-90.586638,42.648448],[-90.582751,42.648701],[-90.579242,42.648241],[-90.578182,42.645885],[-90.576216,42.646121],[-90.574382,42.64818],[-90.574113,42.65049],[-90.574779,42.652962],[-90.573808,42.655987],[-90.572174,42.657306],[-90.57775,42.655978],[-90.575097,42.659259],[-90.572554,42.659666],[-90.568704,42.659452],[-90.568283,42.66148],[-90.570218,42.663275],[-90.570876,42.664716],[-90.570946,42.667843],[-90.574856,42.673958],[-90.586424,42.674084],[-90.5935,42.672372],[-90.594144,42.672932],[-90.595047,42.677911],[-90.594696,42.682173],[-90.594025,42.684132],[-90.594374,42.686024],[-90.593017,42.689299],[-90.602913,42.689205],[-90.603174,42.700172],[-90.608556,42.70407],[-90.612155,42.705249],[-90.607359,42.711107],[-90.605728,42.712125],[-90.609882,42.716528],[-90.613549,42.721268],[-90.61632,42.721007],[-90.617893,42.722553],[-90.617958,42.719092],[-90.626111,42.719123],[-90.62608,42.722993],[-90.632119,42.722849],[-90.632076,42.725135],[-90.634358,42.730782],[-90.635867,42.732991],[-90.628232,42.735508],[-90.623405,42.740801],[-90.627523,42.740851],[-90.625435,42.7434],[-90.624323,42.748302],[-90.621932,42.749222],[-90.622318,42.751481],[-90.619642,42.752696],[-90.618008,42.755564],[-90.614066,42.758275],[-90.613511,42.762882],[-90.615625,42.761995],[-90.620167,42.761543],[-90.623184,42.760548],[-90.625986,42.760278],[-90.629451,42.761354],[-90.630108,42.764617],[-90.627174,42.765972],[-90.626448,42.769561],[-90.63015,42.769587],[-90.644987,42.769678],[-90.645106,42.761833],[-90.648123,42.761792],[-90.648067,42.765418],[-90.652329,42.766634],[-90.656447,42.767345],[-90.656782,42.769587],[-90.697835,42.769812],[-90.6976,42.76078],[-90.703416,42.76192],[-90.704154,42.762743],[-90.712427,42.763444],[-90.713067,42.762978],[-90.71528,42.764097],[-90.717893,42.763569],[-90.721207,42.761861],[-90.721393,42.737844],[-90.724047,42.736322],[-90.729607,42.736266],[-90.733031,42.735622],[-90.734593,42.734596],[-90.735872,42.732505],[-90.737509,42.731582],[-90.741164,42.732179],[-90.743977,42.731563],[-90.74452,42.730405],[-90.747623,42.7298],[-90.750125,42.731011],[-90.753385,42.729177],[-90.752248,42.726976],[-90.753417,42.726544],[-90.755188,42.727225],[-90.758259,42.729745],[-90.759184,42.729219],[-90.760879,42.730277],[-90.765134,42.731727],[-90.768113,42.734922],[-90.773345,42.738286],[-90.770402,42.740237],[-90.767045,42.740374],[-90.765337,42.742485],[-90.767551,42.74828],[-90.767432,42.75134],[-90.768896,42.754498],[-90.771107,42.753778],[-90.773038,42.754777],[-90.780883,42.754939],[-90.781605,42.784948],[-90.802937,42.785126],[-90.807041,42.784583],[-90.809666,42.785847],[-90.817875,42.786368],[-90.818823,42.78385],[-90.817975,42.781203],[-90.819712,42.779525],[-90.823399,42.780045],[-90.825562,42.779802],[-90.828094,42.777662],[-90.82843,42.776118],[-90.82754,42.774466]]]}},{"type":"Feature","properties":{"zcta5":"53808","AFFGEOID10":"8600000US53808","GEOID10":"53808","ALAND10":2140164,"AWATER10":0,"county_name":"Grant","state_code":"WI","county_state":"Grant County, WI","county_fips":"55043","risk_level_county":"Lower Risk (80–84% vaccinated)","mean_vaccination_rate_county":80.92,"risk_level_zcta":"Higher Risk (60–69% vaccinated)","mean_vaccination_rate_zips":64.03,"cases":36},"geometry":{"type":"Polygon","coordinates":[[[-90.602673,42.632181],[-90.60273,42.631947],[-90.602766,42.631442],[-90.602664,42.629781],[-90.602449,42.624937],[-90.602706,42.619988],[-90.583093,42.62005],[-90.58318,42.62993],[-90.589415,42.629971],[-90.58976,42.630861],[-90.588027,42.632423],[-90.588162,42.6345],[-90.592257,42.634537],[-90.59247,42.632748],[-90.597972,42.632765],[-90.597926,42.630894],[-90.602673,42.632181]]]}},{"type":"Feature","properties":{"zcta5":"53813","AFFGEOID10":"8600000US53813","GEOID10":"53813","ALAND10":382687798,"AWATER10":28413,"county_name":"Grant","state_code":"WI","county_state":"Grant County, WI","county_fips":"55043","risk_level_county":"Lower Risk (80–84% vaccinated)","mean_vaccination_rate_county":80.92,"risk_level_zcta":"Higher Risk (60–69% vaccinated)","mean_vaccination_rate_zips":67,"cases":36},"geometry":{"type":"Polygon","coordinates":[[[-90.844564,42.903035],[-90.839974,42.903042],[-90.840188,42.900496],[-90.841822,42.900704],[-90.841836,42.895819],[-90.840824,42.894322],[-90.837197,42.893571],[-90.835114,42.891222],[-90.829912,42.889928],[-90.828024,42.888661],[-90.82534,42.88912],[-90.827941,42.883143],[-90.829841,42.881347],[-90.831232,42.881166],[-90.828917,42.879252],[-90.828294,42.876531],[-90.839351,42.876421],[-90.845466,42.875761],[-90.84672,42.874808],[-90.84293,42.874741],[-90.84352,42.867288],[-90.844854,42.86551],[-90.847961,42.864967],[-90.847882,42.86346],[-90.843381,42.859185],[-90.842771,42.858236],[-90.800742,42.858154],[-90.798208,42.85577],[-90.799394,42.855797],[-90.799737,42.853718],[-90.806196,42.853203],[-90.810432,42.853785],[-90.811767,42.852945],[-90.813005,42.8517],[-90.813394,42.847568],[-90.812499,42.846141],[-90.813871,42.84309],[-90.817145,42.84247],[-90.82188,42.844385],[-90.823995,42.843496],[-90.827798,42.847903],[-90.828285,42.852177],[-90.829685,42.853185],[-90.834332,42.852759],[-90.834287,42.850902],[-90.842642,42.850772],[-90.842242,42.853888],[-90.846014,42.853895],[-90.846243,42.858245],[-90.848823,42.859976],[-90.852808,42.86201],[-90.852704,42.862965],[-90.850743,42.864535],[-90.853019,42.86645],[-90.855622,42.866531],[-90.856407,42.869291],[-90.858598,42.869444],[-90.857619,42.870271],[-90.858853,42.870963],[-90.859577,42.87335],[-90.86187,42.874893],[-90.863246,42.878117],[-90.864922,42.879733],[-90.869085,42.882105],[-90.87243,42.884921],[-90.877593,42.885217],[-90.882182,42.884158],[-90.884078,42.884965],[-90.886435,42.88703],[-90.886162,42.884839],[-90.887632,42.884664],[-90.888303,42.886223],[-90.892805,42.885258],[-90.897211,42.881872],[-90.897497,42.88054],[-90.897746,42.869345],[-90.902023,42.869041],[-90.902069,42.86067],[-90.901651,42.852641],[-90.898831,42.851883],[-90.896212,42.850528],[-90.89402,42.848106],[-90.892731,42.848234],[-90.887352,42.850942],[-90.887124,42.832869],[-90.884527,42.831416],[-90.882368,42.831005],[-90.882705,42.840161],[-90.874082,42.840072],[-90.871148,42.837897],[-90.869318,42.835366],[-90.869133,42.831435],[-90.862996,42.82982],[-90.860594,42.82854],[-90.858524,42.826634],[-90.849656,42.822311],[-90.848148,42.820442],[-90.846503,42.817309],[-90.84141,42.814986],[-90.83833,42.814499],[-90.834351,42.814604],[-90.833201,42.812228],[-90.829532,42.812043],[-90.827475,42.812424],[-90.82635,42.810888],[-90.822901,42.81123],[-90.818101,42.810775],[-90.811403,42.814203],[-90.807325,42.814724],[-90.806955,42.801201],[-90.807376,42.800019],[-90.807953,42.799687],[-90.81815,42.799798],[-90.819414,42.799602],[-90.821493,42.797708],[-90.821392,42.792375],[-90.82297,42.7867],[-90.843858,42.783774],[-90.840009,42.781733],[-90.835759,42.781286],[-90.834714,42.77821],[-90.835037,42.775999],[-90.831627,42.776024],[-90.83158,42.774448],[-90.82754,42.774466],[-90.82843,42.776118],[-90.828094,42.777662],[-90.825562,42.779802],[-90.823399,42.780045],[-90.819712,42.779525],[-90.817975,42.781203],[-90.818823,42.78385],[-90.817875,42.786368],[-90.809666,42.785847],[-90.807041,42.784583],[-90.802937,42.785126],[-90.781605,42.784948],[-90.780883,42.754939],[-90.773038,42.754777],[-90.771107,42.753778],[-90.768896,42.754498],[-90.767432,42.75134],[-90.767551,42.74828],[-90.765337,42.742485],[-90.767045,42.740374],[-90.770402,42.740237],[-90.773345,42.738286],[-90.768113,42.734922],[-90.765134,42.731727],[-90.760879,42.730277],[-90.759184,42.729219],[-90.758259,42.729745],[-90.755188,42.727225],[-90.753417,42.726544],[-90.752248,42.726976],[-90.753385,42.729177],[-90.750125,42.731011],[-90.747623,42.7298],[-90.74452,42.730405],[-90.743977,42.731563],[-90.741164,42.732179],[-90.737509,42.731582],[-90.735872,42.732505],[-90.734593,42.734596],[-90.733031,42.735622],[-90.729607,42.736266],[-90.724047,42.736322],[-90.721393,42.737844],[-90.721207,42.761861],[-90.717893,42.763569],[-90.71528,42.764097],[-90.713067,42.762978],[-90.712427,42.763444],[-90.704154,42.762743],[-90.703416,42.76192],[-90.6976,42.76078],[-90.697835,42.769812],[-90.656782,42.769587],[-90.656447,42.767345],[-90.652329,42.766634],[-90.648067,42.765418],[-90.648123,42.761792],[-90.645106,42.761833],[-90.644987,42.769678],[-90.63015,42.769587],[-90.63003,42.772694],[-90.628808,42.777288],[-90.628855,42.784321],[-90.626093,42.784259],[-90.624271,42.784988],[-90.620658,42.783908],[-90.617276,42.781806],[-90.614063,42.780338],[-90.610649,42.780506],[-90.608901,42.781399],[-90.609169,42.78358],[-90.607227,42.783912],[-90.609558,42.786173],[-90.608647,42.788429],[-90.6029,42.790349],[-90.602024,42.791265],[-90.597064,42.793946],[-90.594342,42.795058],[-90.589277,42.798171],[-90.585541,42.799803],[-90.581104,42.80076],[-90.578158,42.803652],[-90.576108,42.804119],[-90.574305,42.805589],[-90.572457,42.805584],[-90.571668,42.806478],[-90.56783,42.807455],[-90.566273,42.809518],[-90.564082,42.80987],[-90.561883,42.812767],[-90.56099,42.813121],[-90.555505,42.811997],[-90.550244,42.812096],[-90.545855,42.81288],[-90.546381,42.856788],[-90.538822,42.856781],[-90.538697,42.861441],[-90.52927,42.861368],[-90.530342,42.864052],[-90.546403,42.864068],[-90.546412,42.880854],[-90.554682,42.88127],[-90.561299,42.880924],[-90.567081,42.881576],[-90.572739,42.883418],[-90.576021,42.882765],[-90.579808,42.881025],[-90.579818,42.879053],[-90.580769,42.877988],[-90.580925,42.875302],[-90.5867,42.873288],[-90.587661,42.872333],[-90.59257,42.87232],[-90.592822,42.869416],[-90.59694,42.869802],[-90.597082,42.873592],[-90.599163,42.877201],[-90.599095,42.882405],[-90.600197,42.886245],[-90.6054,42.886277],[-90.626006,42.886974],[-90.625988,42.882222],[-90.631036,42.882231],[-90.632557,42.883028],[-90.634699,42.88583],[-90.637957,42.886646],[-90.640523,42.886164],[-90.649925,42.886196],[-90.651047,42.886533],[-90.655897,42.889818],[-90.659582,42.889727],[-90.65897,42.892639],[-90.659505,42.894799],[-90.665339,42.90563],[-90.669163,42.912754],[-90.669965,42.915339],[-90.67518,42.915352],[-90.675071,42.90836],[-90.690721,42.908462],[-90.690696,42.912373],[-90.703246,42.912313],[-90.702421,42.913793],[-90.704491,42.915618],[-90.713079,42.916635],[-90.714023,42.922323],[-90.716002,42.924367],[-90.715902,42.925778],[-90.714144,42.926943],[-90.714072,42.929673],[-90.715633,42.932774],[-90.718088,42.934062],[-90.719,42.936026],[-90.716055,42.938853],[-90.719478,42.939405],[-90.719167,42.944606],[-90.743843,42.944842],[-90.745517,42.947498],[-90.750923,42.951432],[-90.759133,42.955452],[-90.76006,42.954084],[-90.764563,42.954279],[-90.764926,42.955886],[-90.774627,42.955883],[-90.77456,42.944923],[-90.784362,42.944916],[-90.784309,42.934102],[-90.7885,42.934071],[-90.788504,42.932742],[-90.793541,42.932835],[-90.793539,42.931231],[-90.799149,42.931174],[-90.799106,42.921732],[-90.816634,42.922053],[-90.816582,42.919852],[-90.818424,42.919535],[-90.82375,42.920268],[-90.823734,42.922003],[-90.829397,42.921959],[-90.829867,42.926935],[-90.833269,42.927367],[-90.83296,42.916136],[-90.838391,42.91611],[-90.838356,42.912246],[-90.839521,42.90966],[-90.841641,42.90926],[-90.842516,42.905861],[-90.844564,42.903035]]]}},{"type":"Feature","properties":{"zcta5":"53821","AFFGEOID10":"8600000US53821","GEOID10":"53821","ALAND10":268034468,"AWATER10":15997852,"county_name":"Grant","state_code":"WI","county_state":"Grant County, WI","county_fips":"55043","risk_level_county":"Lower Risk (80–84% vaccinated)","mean_vaccination_rate_county":80.92,"risk_level_zcta":"Medium Risk (70–79% vaccinated)","mean_vaccination_rate_zips":72.64,"cases":36},"geometry":{"type":"MultiPolygon","coordinates":[[[[-91.164687,43.020964],[-91.164717,43.018708],[-91.164185,43.01854],[-91.163669,43.022778],[-91.164069,43.02293],[-91.164687,43.020964]]],[[[-91.177222,43.080247],[-91.177264,43.072983],[-91.178761,43.070578],[-91.179457,43.067427],[-91.177894,43.064206],[-91.178087,43.062044],[-91.1765541263454,43.051509839400694],[-91.17548164765338,43.044139588925304],[-91.17546322553419,43.0440129890837],[-91.17546238566109,43.0440072173376],[-91.165575,43.044651],[-91.162862,43.045236],[-91.159481,43.046525],[-91.157522,43.042726],[-91.15616,43.039386],[-91.155224,43.035758],[-91.155117,43.032726],[-91.152943,43.030978],[-91.148854,43.028539],[-91.148367,43.029286],[-91.148481,43.032561],[-91.146508,43.032439],[-91.143602,43.029417],[-91.144682,43.02849],[-91.144316,43.027442],[-91.144798,43.026031],[-91.14268,43.021217],[-91.140633,43.017946],[-91.142084,43.018819],[-91.143925,43.017244],[-91.141361,43.015394],[-91.140278,43.01299],[-91.13746,43.011836],[-91.140899,43.012809],[-91.142041,43.015339],[-91.145757,43.016993],[-91.14608,43.015522],[-91.142327,43.013913],[-91.142754,43.012135],[-91.145677,43.01376],[-91.144848,43.01241],[-91.144715,43.009424],[-91.143475,43.007443],[-91.141045,43.00742],[-91.139715,43.006333],[-91.140973,43.004341],[-91.143783,43.006055],[-91.14453,43.007833],[-91.147154,43.008476],[-91.147013,43.007203],[-91.144233,43.004249],[-91.146647,43.006176],[-91.147449,43.003482],[-91.14386,43.002427],[-91.148415,43.00121],[-91.145779,42.999871],[-91.146378,42.998686],[-91.150468,42.998216],[-91.15304,42.99598],[-91.150828,42.99663],[-91.15213,42.995193],[-91.146477,42.997414],[-91.142191,42.999524],[-91.141587,42.997569],[-91.138879,42.998634],[-91.13788,43.000246],[-91.13483,43.000459],[-91.131384,43.001311],[-91.131235,42.999513],[-91.122767,42.999655],[-91.118328,42.999303],[-91.114534,43.000302],[-91.110504,43.000297],[-91.109581,42.999574],[-91.104932,43.00038],[-91.101442,43.000124],[-91.098922,42.998242],[-91.095366,42.997214],[-91.091017,42.994558],[-91.087085,42.993649],[-91.07971,42.993476],[-91.07723,42.99444],[-91.068918,42.992483],[-91.06527,42.992074],[-91.062211,42.992552],[-91.057275,42.994083],[-91.054772,42.996034],[-91.053679,42.997921],[-91.053541,43.000374],[-91.052584,43.001665],[-91.049853,42.998046],[-91.046809,42.993064],[-91.047104,42.990653],[-91.04618,42.990177],[-91.048416,42.989683],[-91.049047,42.988159],[-91.050732,42.988629],[-91.050258,42.985462],[-91.048502,42.983116],[-91.047938,42.981514],[-91.043592,42.979613],[-91.040993,42.976191],[-91.03854,42.973771],[-91.035154,42.971175],[-91.030545,42.968512],[-91.026282,42.967495],[-91.024626,42.965944],[-91.022423,42.964793],[-91.022188,42.952564],[-90.992016,42.952682],[-90.99193,42.938523],[-90.982256,42.938492],[-90.982265,42.938636],[-90.98245,42.948512],[-90.981832,42.949511],[-90.981674,42.952727],[-90.952607,42.952622],[-90.944299,42.95268],[-90.942728,42.953689],[-90.942597,42.952661],[-90.922755,42.952639],[-90.922702,42.959946],[-90.940356,42.96002],[-90.942557,42.959761],[-90.942515,42.964085],[-90.947398,42.965449],[-90.94697,42.967394],[-90.94797,42.972809],[-90.945363,42.975036],[-90.94426,42.976929],[-90.944212,42.980764],[-90.943339,42.982197],[-90.938376,42.985283],[-90.934245,42.986719],[-90.933028,42.98789],[-90.930459,42.988947],[-90.951069,42.988988],[-90.941459,43.040062],[-90.940588,43.039781],[-90.942963,43.041846],[-90.945304,43.042647],[-90.950107,43.042938],[-90.952584,43.042194],[-90.953078,43.043754],[-90.950619,43.046275],[-90.949154,43.048433],[-90.945495,43.055208],[-90.940087,43.061882],[-90.937481,43.063534],[-90.931849,43.065337],[-90.929187,43.065243],[-90.923665,43.064318],[-90.916218,43.062722],[-90.914136,43.062584],[-90.911843,43.063026],[-90.903985,43.065333],[-90.898222,43.069459],[-90.896149,43.069948],[-90.892253,43.070119],[-90.88765,43.071301],[-90.882949,43.073247],[-90.879581,43.073558],[-90.879793,43.075569],[-90.88362,43.075732],[-90.883976,43.07672],[-90.886404,43.076888],[-90.889159,43.076664],[-90.891675,43.075689],[-90.892791,43.074438],[-90.895914,43.072102],[-90.901627,43.068866],[-90.904862,43.066151],[-90.907571,43.065493],[-90.913021,43.063673],[-90.91662,43.064354],[-90.918288,43.065589],[-90.92239,43.066528],[-90.922257,43.079279],[-90.923201,43.079354],[-90.930764,43.07801],[-90.933832,43.075937],[-90.943909,43.07055],[-90.947067,43.068227],[-90.950755,43.064507],[-90.954749,43.061212],[-90.958101,43.061456],[-90.960019,43.062019],[-90.963608,43.063757],[-90.966526,43.066493],[-90.968913,43.066669],[-90.973535,43.068525],[-90.974692,43.07019],[-90.976548,43.071363],[-90.982721,43.070121],[-90.983856,43.070892],[-90.986453,43.071476],[-90.990044,43.073659],[-90.990469,43.075725],[-90.993711,43.080283],[-90.993077,43.081615],[-90.994082,43.083994],[-90.996212,43.086435],[-90.996409,43.091087],[-90.996858,43.092372],[-90.995881,43.09496],[-91.001577,43.095604],[-91.005689,43.097044],[-91.006389,43.068949],[-91.010931,43.073589],[-91.016673,43.073935],[-91.017936,43.075253],[-91.01945,43.075323],[-91.021536,43.076942],[-91.023247,43.076821],[-91.02285,43.118516],[-91.054133,43.118542],[-91.054237,43.120843],[-91.053625,43.1219],[-91.050999,43.123874],[-91.04982,43.124264],[-91.041654,43.125805],[-91.039468,43.126397],[-91.037004,43.128225],[-91.036293,43.1296],[-91.036319,43.131666],[-91.037468,43.135469],[-91.038068,43.139833],[-91.039837,43.144257],[-91.0398,43.147014],[-91.051347,43.147476],[-91.053072,43.149175],[-91.055269,43.149214],[-91.05835,43.150934],[-91.062185,43.15112],[-91.06496,43.152738],[-91.067163,43.152876],[-91.069309,43.154183],[-91.072014,43.154644],[-91.076367,43.154642],[-91.07733,43.153521],[-91.082146,43.152796],[-91.085382,43.153078],[-91.085556,43.151763],[-91.084418,43.150222],[-91.083899,43.146885],[-91.084327,43.14512],[-91.083978,43.143007],[-91.084463,43.14018],[-91.088973,43.139921],[-91.092806,43.141248],[-91.095485,43.14153],[-91.097437,43.140224],[-91.103151,43.141012],[-91.105637,43.141896],[-91.108422,43.140516],[-91.109993,43.140431],[-91.111028,43.141295],[-91.11905,43.141335],[-91.12742,43.140787],[-91.132553,43.141204],[-91.136714,43.14034],[-91.138982,43.141007],[-91.142681,43.141384],[-91.152382,43.137756],[-91.15451,43.140939],[-91.153947,43.141845],[-91.15585875589619,43.143267816922204],[-91.1562,43.142945],[-91.160449,43.140575],[-91.170372,43.137384],[-91.175253,43.134665],[-91.177003,43.131846],[-91.177932,43.128875],[-91.178251,43.124982],[-91.177728,43.118733],[-91.175193,43.103771],[-91.177222,43.080247]]]]}},{"type":"Feature","properties":{"zcta5":"53817","AFFGEOID10":"8600000US53817","GEOID10":"53817","ALAND10":4033923,"AWATER10":0,"county_name":"Grant","state_code":"WI","county_state":"Grant County, WI","county_fips":"55043","risk_level_county":"Lower Risk (80–84% vaccinated)","mean_vaccination_rate_county":80.92,"risk_level_zcta":"Lower Risk (80–84% vaccinated)","mean_vaccination_rate_zips":80.62,"cases":36},"geometry":{"type":"Polygon","coordinates":[[[-90.952607,42.952622],[-90.981674,42.952727],[-90.981832,42.949511],[-90.98245,42.948512],[-90.982265,42.938636],[-90.977291,42.938633],[-90.977178,42.934827],[-90.97013,42.934792],[-90.971271,42.935955],[-90.972175,42.938428],[-90.95245,42.938263],[-90.952607,42.952622]]]}},{"type":"Feature","properties":{"zcta5":"53805","AFFGEOID10":"8600000US53805","GEOID10":"53805","ALAND10":360067771,"AWATER10":5214093,"county_name":"Grant","state_code":"WI","county_state":"Grant County, WI","county_fips":"55043","risk_level_county":"Lower Risk (80–84% vaccinated)","mean_vaccination_rate_county":80.92,"risk_level_zcta":"Medium Risk (70–79% vaccinated)","mean_vaccination_rate_zips":73.13,"cases":36},"geometry":{"type":"MultiPolygon","coordinates":[[[[-90.534337,43.1822],[-90.53592,43.183565],[-90.536167,43.185069],[-90.538687,43.184312],[-90.540187,43.182902],[-90.542405,43.182369],[-90.544528,43.18338],[-90.544895,43.182272],[-90.54722,43.181625],[-90.547227,43.155264],[-90.542822,43.156586],[-90.541499,43.158304],[-90.541491,43.159903],[-90.537699,43.16199],[-90.532018,43.164445],[-90.529332,43.16426],[-90.527441,43.163395],[-90.525518,43.163412],[-90.521674,43.162626],[-90.517563,43.163686],[-90.513484,43.165109],[-90.511936,43.166616],[-90.503836,43.171926],[-90.504336,43.173176],[-90.507444,43.176428],[-90.507577,43.178754],[-90.509345,43.179907],[-90.509766,43.179024],[-90.512443,43.177835],[-90.512772,43.179223],[-90.515073,43.179762],[-90.51511,43.181067],[-90.513437,43.181632],[-90.517058,43.182544],[-90.519451,43.180345],[-90.526188,43.181074],[-90.527555,43.18094],[-90.534337,43.1822]]],[[[-90.81965,43.206923],[-90.813801,43.20674],[-90.811346,43.205501],[-90.824496,43.205454],[-90.824487,43.190252],[-90.801069,43.190385],[-90.801069,43.183707],[-90.824576,43.183535],[-90.824539,43.187235],[-90.82764,43.185708],[-90.829529,43.185305],[-90.829153,43.182503],[-90.824576,43.179878],[-90.824653,43.177239],[-90.816184,43.173997],[-90.809965,43.170502],[-90.809935,43.165686],[-90.819723,43.165115],[-90.819689,43.162361],[-90.814931,43.162469],[-90.809749,43.164137],[-90.804766,43.164507],[-90.80424,43.161636],[-90.804687,43.159368],[-90.804636,43.15151],[-90.795526,43.151483],[-90.794876,43.151035],[-90.794916,43.137599],[-90.792497,43.135695],[-90.792254,43.129651],[-90.79068,43.12567],[-90.791516,43.123424],[-90.789705,43.120318],[-90.782132,43.120311],[-90.773938,43.123329],[-90.770393,43.125835],[-90.7683,43.126738],[-90.764329,43.126805],[-90.764501,43.12243],[-90.776245,43.122269],[-90.776365,43.119259],[-90.756989,43.118892],[-90.760368,43.116779],[-90.7633,43.115572],[-90.766814,43.114926],[-90.769277,43.11514],[-90.774995,43.114563],[-90.779313,43.113323],[-90.786929,43.111484],[-90.792734,43.110923],[-90.799859,43.10835],[-90.806198,43.104464],[-90.808701,43.102134],[-90.808856,43.099705],[-90.803387,43.102005],[-90.804453,43.101359],[-90.795965,43.096803],[-90.796308,43.098261],[-90.792142,43.100559],[-90.791581,43.098234],[-90.801782,43.092408],[-90.801431,43.090079],[-90.798905,43.090654],[-90.802398,43.088827],[-90.790884,43.092851],[-90.789177,43.093001],[-90.787003,43.088434],[-90.789972,43.083822],[-90.789901,43.079268],[-90.788514,43.077781],[-90.789617,43.075703],[-90.778876,43.075702],[-90.776482,43.077093],[-90.77299,43.08198],[-90.771078,43.083258],[-90.766244,43.082987],[-90.765355,43.081828],[-90.765643,43.077376],[-90.768538,43.075352],[-90.769251,43.072749],[-90.767929,43.070277],[-90.769907,43.070071],[-90.769107,43.068139],[-90.766367,43.065955],[-90.76647,43.064572],[-90.768098,43.062545],[-90.770421,43.060708],[-90.770701,43.056513],[-90.767185,43.056296],[-90.767363,43.060734],[-90.75995,43.060686],[-90.758013,43.059821],[-90.75737,43.056446],[-90.749873,43.056199],[-90.743297,43.051393],[-90.74182,43.050831],[-90.733945,43.049086],[-90.731747,43.048862],[-90.72811,43.047511],[-90.724246,43.046664],[-90.723987,43.054898],[-90.716992,43.054831],[-90.716949,43.053847],[-90.721216,43.053864],[-90.721313,43.050461],[-90.715095,43.050443],[-90.715245,43.046555],[-90.705297,43.046536],[-90.705497,43.039643],[-90.705984,43.037643],[-90.706107,43.034624],[-90.710072,43.031993],[-90.665914,43.03197],[-90.665032,43.037268],[-90.664943,43.039208],[-90.659318,43.039236],[-90.656642,43.040333],[-90.656242,43.041203],[-90.65683,43.047813],[-90.657693,43.051636],[-90.65717,43.054181],[-90.65606,43.056143],[-90.655874,43.056707],[-90.660595,43.05686],[-90.66057,43.051983],[-90.666011,43.052017],[-90.665877,43.082868],[-90.660136,43.082882],[-90.657757,43.080806],[-90.651439,43.078236],[-90.647047,43.075704],[-90.644719,43.075485],[-90.642747,43.07389],[-90.643555,43.072724],[-90.643678,43.070001],[-90.640641,43.068348],[-90.636022,43.067421],[-90.630912,43.064872],[-90.630926,43.066369],[-90.626248,43.06638],[-90.626268,43.064458],[-90.618952,43.064341],[-90.618807,43.065701],[-90.621869,43.068708],[-90.615471,43.068693],[-90.615545,43.065734],[-90.604843,43.065496],[-90.604927,43.063005],[-90.603615,43.064193],[-90.600522,43.065664],[-90.593734,43.065725],[-90.589212,43.066482],[-90.585251,43.066204],[-90.577375,43.070001],[-90.573521,43.07265],[-90.57351,43.073683],[-90.569691,43.072579],[-90.569399,43.073424],[-90.567543,43.072897],[-90.566617,43.073835],[-90.56296,43.073648],[-90.547102,43.073591],[-90.547123,43.0797],[-90.54538,43.079606],[-90.543315,43.078223],[-90.542904,43.076687],[-90.539347,43.077111],[-90.539134,43.075139],[-90.533803,43.075116],[-90.52982,43.075114],[-90.53223,43.076729],[-90.533597,43.0785],[-90.535753,43.079379],[-90.541067,43.080371],[-90.543292,43.082174],[-90.543079,43.085827],[-90.547155,43.08577],[-90.54722,43.095422],[-90.545936,43.09628],[-90.543331,43.096345],[-90.543053,43.097141],[-90.540733,43.096833],[-90.539871,43.097486],[-90.539266,43.095681],[-90.53818,43.095538],[-90.535701,43.097298],[-90.534749,43.100349],[-90.532225,43.101692],[-90.531627,43.100276],[-90.52807,43.09988],[-90.526977,43.100637],[-90.526578,43.102969],[-90.527752,43.105394],[-90.529257,43.10596],[-90.531285,43.107897],[-90.531486,43.109796],[-90.530655,43.110569],[-90.531605,43.112095],[-90.529238,43.112862],[-90.530075,43.115276],[-90.533818,43.117198],[-90.533913,43.118586],[-90.547305,43.118736],[-90.547227,43.155264],[-90.557412,43.151729],[-90.573836,43.147872],[-90.574789,43.148184],[-90.574846,43.150904],[-90.575979,43.156395],[-90.575544,43.158644],[-90.574252,43.15933],[-90.572359,43.163042],[-90.57397,43.166384],[-90.573774,43.167635],[-90.571165,43.172596],[-90.570528,43.176138],[-90.568289,43.177348],[-90.568292,43.17818],[-90.569,43.178328],[-90.582074,43.178402],[-90.582755,43.184184],[-90.624362,43.174549],[-90.623667,43.173355],[-90.62192,43.173298],[-90.625632,43.170373],[-90.630392,43.170283],[-90.636667,43.168962],[-90.637384,43.17107],[-90.637687,43.178995],[-90.64049,43.179304],[-90.642515,43.178737],[-90.650053,43.175444],[-90.65203,43.174087],[-90.65657,43.171833],[-90.660435,43.17113],[-90.666786,43.171777],[-90.666819,43.189311],[-90.666879,43.189623],[-90.666881,43.229559],[-90.671622,43.23351],[-90.672158,43.235164],[-90.675906,43.238156],[-90.679137,43.242126],[-90.680246,43.245042],[-90.683136,43.247562],[-90.690511,43.248522],[-90.688588,43.249922],[-90.686791,43.249841],[-90.686325,43.252163],[-90.681785,43.252226],[-90.681619,43.256068],[-90.684243,43.262159],[-90.687171,43.264836],[-90.686978,43.266608],[-90.685612,43.267219],[-90.681643,43.266672],[-90.681658,43.269387],[-90.676809,43.268745],[-90.674863,43.270212],[-90.66716,43.269769],[-90.666376,43.26899],[-90.666179,43.291585],[-90.668533,43.292152],[-90.672437,43.290317],[-90.674101,43.288031],[-90.678328,43.286889],[-90.679116,43.285585],[-90.683476,43.285189],[-90.685564,43.281023],[-90.685206,43.278034],[-90.685655,43.274355],[-90.684823,43.272742],[-90.686944,43.273841],[-90.696025,43.273907],[-90.695594,43.272216],[-90.696203,43.271422],[-90.700748,43.269163],[-90.704807,43.268313],[-90.70803,43.269102],[-90.712346,43.267719],[-90.71523,43.267879],[-90.71767,43.274347],[-90.718462,43.273622],[-90.726311,43.271498],[-90.729392,43.269802],[-90.735748,43.270209],[-90.734429,43.267493],[-90.734151,43.265208],[-90.734214,43.256983],[-90.735759,43.255838],[-90.743287,43.255913],[-90.745134,43.255174],[-90.748207,43.25584],[-90.755502,43.255741],[-90.75567,43.252009],[-90.759644,43.248861],[-90.759893,43.24616],[-90.760595,43.244503],[-90.756971,43.240723],[-90.755946,43.23832],[-90.755675,43.235372],[-90.753389,43.231001],[-90.754051,43.229673],[-90.753108,43.227077],[-90.750126,43.224582],[-90.749486,43.222325],[-90.757293,43.224058],[-90.758491,43.226341],[-90.75964,43.226643],[-90.76377,43.226503],[-90.765975,43.227179],[-90.770258,43.227455],[-90.776723,43.230149],[-90.778892,43.230107],[-90.781324,43.232303],[-90.785994,43.233769],[-90.791328,43.234348],[-90.791939,43.233876],[-90.792614,43.22761],[-90.790725,43.226144],[-90.790315,43.223742],[-90.794347,43.223547],[-90.795718,43.224072],[-90.800196,43.223517],[-90.804431,43.223533],[-90.807803,43.225394],[-90.809735,43.225386],[-90.81242,43.223557],[-90.812692,43.222073],[-90.814017,43.221683],[-90.814813,43.220034],[-90.810163,43.220078],[-90.809921,43.20967],[-90.819475,43.209646],[-90.81965,43.206923]]]]}},{"type":"Feature","properties":{"zcta5":"53573","AFFGEOID10":"8600000US53573","GEOID10":"53573","ALAND10":281982263,"AWATER10":1849845,"county_name":"Grant","state_code":"WI","county_state":"Grant County, WI","county_fips":"55043","risk_level_county":"Lower Risk (80–84% vaccinated)","mean_vaccination_rate_county":80.92,"risk_level_zcta":"Higher Risk (60–69% vaccinated)","mean_vaccination_rate_zips":69.19,"cases":36},"geometry":{"type":"Polygon","coordinates":[[[-90.595682,43.343023],[-90.595846,43.338035],[-90.59653,43.335461],[-90.594459,43.333379],[-90.594248,43.331499],[-90.595758,43.328914],[-90.595479,43.319963],[-90.591802,43.321948],[-90.590123,43.324726],[-90.588283,43.326483],[-90.574235,43.326691],[-90.574582,43.32586],[-90.573816,43.322943],[-90.577081,43.323181],[-90.58042,43.3245],[-90.582914,43.323396],[-90.586116,43.320115],[-90.578347,43.320244],[-90.573718,43.319201],[-90.57093,43.317448],[-90.569004,43.318042],[-90.567766,43.319747],[-90.559547,43.317657],[-90.556782,43.318043],[-90.555081,43.31987],[-90.55358,43.320355],[-90.548502,43.320593],[-90.546788,43.320189],[-90.547013,43.291876],[-90.523593,43.292007],[-90.523421,43.284725],[-90.522302,43.282447],[-90.523111,43.27859],[-90.52258,43.27667],[-90.52083,43.273926],[-90.520674,43.271973],[-90.521934,43.27198],[-90.522053,43.26283],[-90.527493,43.262848],[-90.527542,43.25676],[-90.532148,43.255785],[-90.533341,43.254944],[-90.533261,43.244764],[-90.532652,43.243172],[-90.529539,43.239315],[-90.528281,43.235892],[-90.528109,43.219765],[-90.49359,43.219822],[-90.493785,43.208433],[-90.494814,43.20779],[-90.491939,43.207837],[-90.486187,43.206468],[-90.483,43.2072],[-90.475125,43.206334],[-90.464498,43.203206],[-90.45853,43.204601],[-90.449905,43.202934],[-90.446284,43.201644],[-90.442134,43.200918],[-90.442444,43.199767],[-90.442841,43.198279],[-90.447681,43.197374],[-90.453629,43.199941],[-90.457813,43.19977],[-90.46304,43.200016],[-90.466408,43.200959],[-90.471987,43.200936],[-90.474334,43.200584],[-90.478677,43.201685],[-90.482765,43.201881],[-90.489726,43.20438],[-90.493762,43.205174],[-90.497652,43.204761],[-90.497682,43.204354],[-90.48975,43.203529],[-90.489617,43.200737],[-90.488527,43.197821],[-90.488943,43.193863],[-90.488656,43.190434],[-90.499091,43.190534],[-90.502323,43.190276],[-90.506794,43.190892],[-90.50856,43.190462],[-90.50828,43.185075],[-90.534165,43.185338],[-90.535419,43.183371],[-90.534337,43.1822],[-90.527555,43.18094],[-90.526188,43.181074],[-90.519451,43.180345],[-90.517058,43.182544],[-90.513437,43.181632],[-90.51511,43.181067],[-90.515073,43.179762],[-90.512772,43.179223],[-90.512443,43.177835],[-90.509766,43.179024],[-90.509345,43.179907],[-90.507577,43.178754],[-90.507444,43.176428],[-90.504336,43.173176],[-90.503836,43.171926],[-90.511936,43.166616],[-90.513484,43.165109],[-90.517563,43.163686],[-90.521674,43.162626],[-90.525518,43.163412],[-90.527441,43.163395],[-90.529332,43.16426],[-90.532018,43.164445],[-90.537699,43.16199],[-90.541491,43.159903],[-90.541499,43.158304],[-90.542822,43.156586],[-90.547227,43.155264],[-90.547305,43.118736],[-90.533913,43.118586],[-90.533818,43.117198],[-90.530075,43.115276],[-90.529238,43.112862],[-90.531605,43.112095],[-90.530655,43.110569],[-90.531486,43.109796],[-90.531285,43.107897],[-90.529257,43.10596],[-90.527752,43.105394],[-90.526578,43.102969],[-90.526977,43.100637],[-90.52807,43.09988],[-90.531627,43.100276],[-90.532225,43.101692],[-90.534749,43.100349],[-90.535701,43.097298],[-90.53818,43.095538],[-90.539266,43.095681],[-90.539871,43.097486],[-90.540733,43.096833],[-90.543053,43.097141],[-90.543331,43.096345],[-90.545936,43.09628],[-90.54722,43.095422],[-90.547155,43.08577],[-90.543079,43.085827],[-90.543292,43.082174],[-90.541067,43.080371],[-90.535753,43.079379],[-90.533597,43.0785],[-90.53223,43.076729],[-90.52982,43.075114],[-90.533803,43.075116],[-90.532893,43.071132],[-90.534847,43.069975],[-90.534495,43.069382],[-90.536277,43.067885],[-90.539465,43.067326],[-90.542316,43.067299],[-90.544854,43.065807],[-90.546022,43.064584],[-90.544556,43.061807],[-90.543127,43.061895],[-90.540785,43.060769],[-90.538443,43.060352],[-90.536169,43.061758],[-90.535257,43.06075],[-90.5333,43.061603],[-90.531009,43.060966],[-90.527771,43.061737],[-90.529571,43.059661],[-90.532034,43.059833],[-90.534268,43.059001],[-90.535708,43.05693],[-90.533947,43.054976],[-90.527217,43.051076],[-90.524084,43.050291],[-90.521812,43.045483],[-90.518307,43.049191],[-90.517198,43.049725],[-90.513009,43.049653],[-90.51065,43.050248],[-90.505244,43.050256],[-90.502132,43.048932],[-90.500159,43.048737],[-90.497644,43.045991],[-90.494332,43.041504],[-90.489494,43.038561],[-90.483703,43.038526],[-90.482951,43.037319],[-90.477756,43.035709],[-90.477926,43.032417],[-90.476334,43.031727],[-90.471569,43.031282],[-90.467996,43.031387],[-90.468102,43.075226],[-90.481574,43.075244],[-90.483633,43.076586],[-90.483862,43.079292],[-90.483118,43.082156],[-90.481232,43.084805],[-90.481742,43.091286],[-90.482665,43.092533],[-90.478227,43.092644],[-90.478285,43.097488],[-90.473848,43.097462],[-90.474042,43.104046],[-90.471084,43.102181],[-90.467931,43.100805],[-90.464053,43.100257],[-90.463903,43.099434],[-90.462097,43.100072],[-90.469606,43.103347],[-90.469112,43.106885],[-90.465737,43.108215],[-90.458188,43.108184],[-90.457971,43.104614],[-90.443648,43.104571],[-90.443827,43.108446],[-90.431079,43.108233],[-90.429766,43.10746],[-90.429799,43.109915],[-90.427335,43.108226],[-90.425725,43.105889],[-90.425195,43.1041],[-90.420651,43.100435],[-90.416502,43.098722],[-90.413509,43.098081],[-90.411966,43.099821],[-90.411178,43.104107],[-90.406907,43.1044],[-90.387679,43.104675],[-90.384058,43.104589],[-90.373935,43.105015],[-90.36764,43.105013],[-90.37061,43.109081],[-90.370859,43.11234],[-90.369675,43.115687],[-90.370111,43.118679],[-90.368971,43.120499],[-90.359924,43.120477],[-90.358836,43.12275],[-90.352197,43.122742],[-90.352262,43.127728],[-90.347737,43.127732],[-90.347748,43.133575],[-90.355625,43.133624],[-90.355645,43.134702],[-90.360056,43.134693],[-90.356809,43.141047],[-90.354108,43.144399],[-90.356379,43.145216],[-90.359095,43.144707],[-90.362083,43.145702],[-90.366281,43.145997],[-90.371002,43.144918],[-90.376809,43.144799],[-90.379224,43.144142],[-90.379226,43.147295],[-90.381271,43.147372],[-90.386614,43.148951],[-90.39053,43.151066],[-90.391746,43.154492],[-90.392847,43.154947],[-90.393238,43.157725],[-90.395465,43.161111],[-90.390693,43.165044],[-90.390209,43.166588],[-90.390551,43.171468],[-90.389079,43.171919],[-90.389221,43.183518],[-90.39204,43.183917],[-90.405674,43.184005],[-90.404816,43.185759],[-90.402436,43.186817],[-90.402402,43.188987],[-90.404695,43.188047],[-90.40636,43.188405],[-90.409255,43.186886],[-90.410897,43.1867],[-90.412276,43.187753],[-90.417367,43.188863],[-90.422442,43.192699],[-90.424706,43.192638],[-90.429691,43.193568],[-90.429825,43.20094],[-90.427077,43.200972],[-90.420403,43.201764],[-90.416248,43.201474],[-90.409772,43.200145],[-90.408663,43.200188],[-90.40518,43.201005],[-90.400895,43.201507],[-90.39419,43.203055],[-90.387081,43.203281],[-90.382088,43.204018],[-90.37723,43.205212],[-90.370907,43.20646],[-90.360312,43.207938],[-90.35602,43.208383],[-90.352654,43.20958],[-90.350513,43.209786],[-90.345673,43.209504],[-90.339639,43.209532],[-90.336576,43.209782],[-90.331048,43.209044],[-90.330989,43.234231],[-90.351027,43.234195],[-90.351082,43.241336],[-90.370821,43.241321],[-90.370948,43.254974],[-90.380495,43.254947],[-90.380405,43.248355],[-90.400307,43.24839],[-90.40033,43.251438],[-90.407064,43.249392],[-90.410009,43.249227],[-90.411537,43.248337],[-90.420177,43.248393],[-90.420079,43.254873],[-90.43325,43.254858],[-90.433305,43.248418],[-90.438493,43.248474],[-90.43846,43.249762],[-90.442595,43.249799],[-90.442496,43.255743],[-90.44392,43.257154],[-90.444255,43.259724],[-90.445098,43.259949],[-90.446178,43.264132],[-90.448044,43.265907],[-90.448253,43.264076],[-90.447352,43.258079],[-90.447777,43.255847],[-90.44957,43.251616],[-90.449773,43.249526],[-90.45948,43.249642],[-90.460668,43.250055],[-90.46081,43.259114],[-90.465719,43.259145],[-90.465676,43.263309],[-90.46909,43.263345],[-90.469127,43.267171],[-90.465769,43.269467],[-90.466689,43.277219],[-90.472732,43.277235],[-90.474234,43.289425],[-90.474268,43.292231],[-90.520316,43.292373],[-90.520126,43.295688],[-90.520658,43.296648],[-90.518982,43.297877],[-90.518117,43.299852],[-90.513321,43.301961],[-90.513293,43.303488],[-90.511197,43.305953],[-90.509676,43.306266],[-90.506782,43.308026],[-90.503113,43.309168],[-90.507091,43.318042],[-90.515067,43.324203],[-90.522294,43.327181],[-90.528008,43.327112],[-90.529834,43.324205],[-90.529896,43.32294],[-90.526363,43.320979],[-90.527871,43.320826],[-90.530157,43.322071],[-90.531002,43.323306],[-90.529337,43.326994],[-90.532698,43.331456],[-90.5331,43.334506],[-90.52787,43.334836],[-90.527237,43.3364],[-90.52736,43.339467],[-90.528862,43.342736],[-90.535502,43.343241],[-90.537599,43.343946],[-90.545919,43.343675],[-90.546768,43.343134],[-90.546751,43.349738],[-90.549865,43.351053],[-90.553704,43.354167],[-90.556766,43.357992],[-90.565587,43.356596],[-90.572015,43.355123],[-90.577593,43.353403],[-90.586846,43.353778],[-90.587507,43.350141],[-90.59555,43.350393],[-90.595682,43.343023]]]}},{"type":"Feature","properties":{"zcta5":"53802","AFFGEOID10":"8600000US53802","GEOID10":"53802","ALAND10":2465314,"AWATER10":0,"county_name":"Grant","state_code":"WI","county_state":"Grant County, WI","county_fips":"55043","risk_level_county":"Lower Risk (80–84% vaccinated)","mean_vaccination_rate_county":80.92,"risk_level_zcta":"Lowest Risk (85%+)","mean_vaccination_rate_zips":85.75,"cases":36},"geometry":{"type":"Polygon","coordinates":[[[-90.881325,42.799201],[-90.88067,42.80024],[-90.881563,42.814616],[-90.899761,42.814864],[-90.901023,42.814158],[-90.897686,42.809967],[-90.894548,42.806803],[-90.893077,42.802462],[-90.888304,42.796714],[-90.89308,42.79632],[-90.892775,42.791513],[-90.884017,42.795712],[-90.881325,42.799201]]]}},{"type":"Feature","properties":{"zcta5":"53809","AFFGEOID10":"8600000US53809","GEOID10":"53809","ALAND10":262237229,"AWATER10":0,"county_name":"Grant","state_code":"WI","county_state":"Grant County, WI","county_fips":"55043","risk_level_county":"Lower Risk (80–84% vaccinated)","mean_vaccination_rate_county":80.92,"risk_level_zcta":"Medium Risk (70–79% vaccinated)","mean_vaccination_rate_zips":76.75,"cases":36},"geometry":{"type":"Polygon","coordinates":[[[-90.768809,43.020348],[-90.765865,43.018978],[-90.766267,43.017074],[-90.764815,43.014268],[-90.76604,43.010744],[-90.764884,43.009468],[-90.764736,43.007198],[-90.761745,43.006272],[-90.759873,43.002012],[-90.760817,42.999734],[-90.763308,42.997801],[-90.764711,42.994754],[-90.764756,42.992311],[-90.765405,42.987103],[-90.76537,42.982679],[-90.766702,42.979156],[-90.764632,42.973835],[-90.767203,42.974203],[-90.780089,42.973949],[-90.784594,42.974319],[-90.784568,42.955941],[-90.781615,42.956144],[-90.774627,42.955883],[-90.764926,42.955886],[-90.764563,42.954279],[-90.76006,42.954084],[-90.759133,42.955452],[-90.750923,42.951432],[-90.745517,42.947498],[-90.743843,42.944842],[-90.719167,42.944606],[-90.719478,42.939405],[-90.716055,42.938853],[-90.719,42.936026],[-90.718088,42.934062],[-90.715633,42.932774],[-90.714072,42.929673],[-90.714144,42.926943],[-90.715902,42.925778],[-90.716002,42.924367],[-90.714023,42.922323],[-90.713079,42.916635],[-90.704491,42.915618],[-90.702421,42.913793],[-90.703246,42.912313],[-90.690696,42.912373],[-90.690721,42.908462],[-90.675071,42.90836],[-90.67518,42.915352],[-90.669965,42.915339],[-90.669163,42.912754],[-90.665339,42.90563],[-90.665331,42.923918],[-90.648546,42.940185],[-90.645446,42.944758],[-90.627643,42.944853],[-90.625705,42.944755],[-90.62572,42.959326],[-90.585922,42.959163],[-90.586005,42.944663],[-90.572271,42.944622],[-90.571671,42.943033],[-90.570065,42.941535],[-90.570819,42.940591],[-90.568967,42.935006],[-90.569795,42.932413],[-90.567625,42.93257],[-90.56122,42.934142],[-90.55913,42.933516],[-90.551698,42.93332],[-90.552114,42.940583],[-90.556317,42.94108],[-90.556335,42.944578],[-90.519324,42.94451],[-90.517756,42.944971],[-90.517321,42.947204],[-90.516102,42.949656],[-90.516699,42.95015],[-90.513033,42.951769],[-90.502576,42.951752],[-90.502501,42.944462],[-90.477641,42.944378],[-90.477612,42.948573],[-90.477157,42.950785],[-90.477647,42.953807],[-90.477945,42.973472],[-90.497771,42.973494],[-90.497872,42.980543],[-90.489766,42.98122],[-90.489853,42.988229],[-90.507537,42.988379],[-90.507849,42.995265],[-90.517075,42.99532],[-90.517359,43.000003],[-90.522341,43.00004],[-90.522361,43.002196],[-90.51912,43.002184],[-90.522117,43.00491],[-90.523688,43.007503],[-90.523064,43.010471],[-90.527349,43.010298],[-90.52852,43.011403],[-90.530292,43.01165],[-90.533357,43.010559],[-90.534905,43.011174],[-90.540422,43.01202],[-90.53939,43.014011],[-90.539546,43.016234],[-90.541302,43.01794],[-90.542243,43.017442],[-90.542528,43.014446],[-90.545261,43.015144],[-90.546984,43.014825],[-90.547072,43.030374],[-90.547904,43.031459],[-90.547081,43.03343],[-90.547095,43.045306],[-90.543311,43.046239],[-90.539803,43.04589],[-90.536624,43.046739],[-90.532816,43.05039],[-90.529994,43.048894],[-90.529169,43.04698],[-90.525433,43.044947],[-90.521812,43.045483],[-90.524084,43.050291],[-90.527217,43.051076],[-90.533947,43.054976],[-90.535708,43.05693],[-90.534268,43.059001],[-90.532034,43.059833],[-90.529571,43.059661],[-90.527771,43.061737],[-90.531009,43.060966],[-90.5333,43.061603],[-90.535257,43.06075],[-90.536169,43.061758],[-90.538443,43.060352],[-90.540785,43.060769],[-90.543127,43.061895],[-90.544556,43.061807],[-90.546022,43.064584],[-90.544854,43.065807],[-90.542316,43.067299],[-90.539465,43.067326],[-90.536277,43.067885],[-90.534495,43.069382],[-90.534847,43.069975],[-90.532893,43.071132],[-90.533803,43.075116],[-90.539134,43.075139],[-90.539347,43.077111],[-90.542904,43.076687],[-90.543315,43.078223],[-90.54538,43.079606],[-90.547123,43.0797],[-90.547102,43.073591],[-90.56296,43.073648],[-90.566617,43.073835],[-90.567543,43.072897],[-90.569399,43.073424],[-90.569691,43.072579],[-90.57351,43.073683],[-90.573521,43.07265],[-90.577375,43.070001],[-90.585251,43.066204],[-90.589212,43.066482],[-90.593734,43.065725],[-90.600522,43.065664],[-90.603615,43.064193],[-90.604927,43.063005],[-90.604843,43.065496],[-90.615545,43.065734],[-90.615471,43.068693],[-90.621869,43.068708],[-90.618807,43.065701],[-90.618952,43.064341],[-90.626268,43.064458],[-90.626248,43.06638],[-90.630926,43.066369],[-90.630912,43.064872],[-90.636022,43.067421],[-90.640641,43.068348],[-90.643678,43.070001],[-90.643555,43.072724],[-90.642747,43.07389],[-90.644719,43.075485],[-90.647047,43.075704],[-90.651439,43.078236],[-90.657757,43.080806],[-90.660136,43.082882],[-90.665877,43.082868],[-90.666011,43.052017],[-90.66057,43.051983],[-90.660595,43.05686],[-90.655874,43.056707],[-90.65606,43.056143],[-90.65717,43.054181],[-90.657693,43.051636],[-90.65683,43.047813],[-90.656242,43.041203],[-90.656642,43.040333],[-90.659318,43.039236],[-90.664943,43.039208],[-90.665032,43.037268],[-90.665914,43.03197],[-90.710072,43.031993],[-90.706107,43.034624],[-90.705984,43.037643],[-90.708087,43.034664],[-90.710835,43.034687],[-90.710988,43.031994],[-90.757798,43.032515],[-90.759835,43.028483],[-90.762004,43.027409],[-90.763148,43.026039],[-90.765328,43.025148],[-90.767689,43.022998],[-90.768809,43.020348]]]}},{"type":"Feature","properties":{"zcta5":"53816","AFFGEOID10":"8600000US53816","GEOID10":"53816","ALAND10":156309658,"AWATER10":0,"county_name":"Grant","state_code":"WI","county_state":"Grant County, WI","county_fips":"55043","risk_level_county":"Lower Risk (80–84% vaccinated)","mean_vaccination_rate_county":80.92,"risk_level_zcta":"Higher Risk (60–69% vaccinated)","mean_vaccination_rate_zips":65.04,"cases":36},"geometry":{"type":"Polygon","coordinates":[[[-90.940588,43.039781],[-90.941459,43.040062],[-90.951069,42.988988],[-90.930459,42.988947],[-90.933028,42.98789],[-90.934245,42.986719],[-90.938376,42.985283],[-90.943339,42.982197],[-90.944212,42.980764],[-90.94426,42.976929],[-90.945363,42.975036],[-90.94797,42.972809],[-90.94697,42.967394],[-90.947398,42.965449],[-90.942515,42.964085],[-90.942557,42.959761],[-90.940356,42.96002],[-90.922702,42.959946],[-90.922755,42.952639],[-90.922655,42.938253],[-90.902841,42.938473],[-90.902655,42.93118],[-90.87979,42.930984],[-90.878347,42.930607],[-90.877933,42.920375],[-90.875034,42.919848],[-90.871188,42.916722],[-90.868179,42.915629],[-90.868095,42.909264],[-90.853921,42.910077],[-90.848978,42.909294],[-90.848845,42.90689],[-90.854008,42.906926],[-90.854134,42.905935],[-90.856581,42.905988],[-90.85515,42.903012],[-90.844564,42.903035],[-90.842516,42.905861],[-90.841641,42.90926],[-90.839521,42.90966],[-90.838356,42.912246],[-90.838391,42.91611],[-90.83296,42.916136],[-90.833269,42.927367],[-90.829867,42.926935],[-90.829397,42.921959],[-90.823734,42.922003],[-90.82375,42.920268],[-90.818424,42.919535],[-90.816582,42.919852],[-90.816634,42.922053],[-90.799106,42.921732],[-90.799149,42.931174],[-90.793539,42.931231],[-90.793541,42.932835],[-90.788504,42.932742],[-90.7885,42.934071],[-90.784309,42.934102],[-90.784362,42.944916],[-90.77456,42.944923],[-90.774627,42.955883],[-90.781615,42.956144],[-90.784568,42.955941],[-90.784594,42.974319],[-90.780089,42.973949],[-90.767203,42.974203],[-90.764632,42.973835],[-90.766702,42.979156],[-90.76537,42.982679],[-90.765405,42.987103],[-90.764756,42.992311],[-90.764711,42.994754],[-90.763308,42.997801],[-90.760817,42.999734],[-90.759873,43.002012],[-90.761745,43.006272],[-90.764736,43.007198],[-90.764884,43.009468],[-90.76604,43.010744],[-90.764815,43.014268],[-90.766267,43.017074],[-90.765865,43.018978],[-90.768809,43.020348],[-90.774547,43.023741],[-90.778868,43.027547],[-90.779905,43.02991],[-90.782732,43.02848],[-90.783784,43.03052],[-90.790019,43.035228],[-90.793729,43.036324],[-90.794793,43.037295],[-90.797009,43.036961],[-90.799399,43.037449],[-90.802588,43.036665],[-90.806477,43.033329],[-90.811076,43.031688],[-90.81606,43.028284],[-90.817213,43.025581],[-90.818004,43.025149],[-90.824184,43.025169],[-90.824722,43.026933],[-90.826321,43.027772],[-90.829521,43.035865],[-90.833156,43.036158],[-90.834268,43.037047],[-90.833993,43.03834],[-90.837313,43.041855],[-90.838695,43.04223],[-90.839147,43.040715],[-90.841093,43.039473],[-90.845429,43.038122],[-90.844937,43.03545],[-90.846608,43.033674],[-90.846256,43.031323],[-90.848569,43.028673],[-90.849521,43.026761],[-90.852757,43.024241],[-90.853159,43.022504],[-90.852257,43.019578],[-90.852888,43.017731],[-90.902734,43.017884],[-90.903413,43.019871],[-90.902799,43.032392],[-90.902789,43.035974],[-90.908166,43.036225],[-90.909595,43.036995],[-90.911591,43.036183],[-90.912326,43.03498],[-90.916982,43.036267],[-90.918103,43.034394],[-90.922552,43.031583],[-90.922235,43.030673],[-90.924382,43.030602],[-90.926296,43.031771],[-90.92973,43.031596],[-90.933948,43.034433],[-90.935788,43.036227],[-90.938915,43.035678],[-90.939641,43.037874],[-90.940588,43.039781]]]}},{"type":"Feature","properties":{"zcta5":"53818","AFFGEOID10":"8600000US53818","GEOID10":"53818","ALAND10":397468318,"AWATER10":49176,"county_name":"Grant","state_code":"WI","county_state":"Grant County, WI","county_fips":"55043","risk_level_county":"Lower Risk (80–84% vaccinated)","mean_vaccination_rate_county":80.92,"risk_level_zcta":"Medium Risk (70–79% vaccinated)","mean_vaccination_rate_zips":77.18,"cases":36},"geometry":{"type":"Polygon","coordinates":[[[-90.63015,42.769587],[-90.626448,42.769561],[-90.627174,42.765972],[-90.630108,42.764617],[-90.629451,42.761354],[-90.625986,42.760278],[-90.623184,42.760548],[-90.620167,42.761543],[-90.615625,42.761995],[-90.613511,42.762882],[-90.614066,42.758275],[-90.618008,42.755564],[-90.619642,42.752696],[-90.622318,42.751481],[-90.621932,42.749222],[-90.624323,42.748302],[-90.625435,42.7434],[-90.627523,42.740851],[-90.623405,42.740801],[-90.628232,42.735508],[-90.635867,42.732991],[-90.634358,42.730782],[-90.632076,42.725135],[-90.632119,42.722849],[-90.62608,42.722993],[-90.626111,42.719123],[-90.617958,42.719092],[-90.617893,42.722553],[-90.61632,42.721007],[-90.613549,42.721268],[-90.609882,42.716528],[-90.605728,42.712125],[-90.607359,42.711107],[-90.612155,42.705249],[-90.608556,42.70407],[-90.603174,42.700172],[-90.602913,42.689205],[-90.593017,42.689299],[-90.594374,42.686024],[-90.594025,42.684132],[-90.594696,42.682173],[-90.595047,42.677911],[-90.594144,42.672932],[-90.5935,42.672372],[-90.586424,42.674084],[-90.574856,42.673958],[-90.570946,42.667843],[-90.570876,42.664716],[-90.570218,42.663275],[-90.568283,42.66148],[-90.568704,42.659452],[-90.572554,42.659666],[-90.575097,42.659259],[-90.57775,42.655978],[-90.572174,42.657306],[-90.570882,42.656072],[-90.569427,42.657153],[-90.566519,42.655789],[-90.564436,42.656426],[-90.560545,42.656678],[-90.559193,42.654899],[-90.551172,42.654925],[-90.551182,42.66052],[-90.548609,42.660409],[-90.548657,42.659189],[-90.54506,42.658727],[-90.543862,42.658036],[-90.543924,42.643975],[-90.524106,42.643814],[-90.524108,42.638369],[-90.522426,42.63837],[-90.518325,42.637258],[-90.5099,42.636104],[-90.505437,42.634482],[-90.504577,42.634832],[-90.504579,42.643708],[-90.486765,42.64372],[-90.486609,42.64682],[-90.485612,42.646029],[-90.475136,42.64585],[-90.475136,42.643652],[-90.470244,42.64368],[-90.470213,42.636718],[-90.456875,42.636651],[-90.456809,42.645786],[-90.43573,42.645682],[-90.435719,42.649347],[-90.429052,42.649544],[-90.425887,42.651385],[-90.425879,42.658053],[-90.415394,42.658103],[-90.415439,42.65682],[-90.41353,42.658329],[-90.406875,42.662065],[-90.406752,42.667366],[-90.396925,42.667373],[-90.396933,42.682281],[-90.386716,42.682384],[-90.385859,42.690142],[-90.3788,42.703633],[-90.378435,42.703996],[-90.372894,42.704721],[-90.372303,42.705577],[-90.372271,42.710018],[-90.370261,42.711774],[-90.366034,42.714473],[-90.36023,42.719463],[-90.357097,42.72056],[-90.348746,42.722582],[-90.347673,42.723912],[-90.347739,42.73371],[-90.342946,42.733737],[-90.342915,42.735511],[-90.340507,42.735534],[-90.34067,42.740943],[-90.344661,42.742552],[-90.350627,42.740189],[-90.362709,42.74041],[-90.39745,42.742585],[-90.400208,42.743698],[-90.402348,42.743741],[-90.407079,42.742217],[-90.407259,42.761816],[-90.393353,42.761876],[-90.389338,42.76173],[-90.387608,42.762148],[-90.382782,42.762266],[-90.382388,42.747734],[-90.347884,42.748225],[-90.347336,42.748607],[-90.347968,42.749775],[-90.348196,42.765873],[-90.3513,42.766562],[-90.357961,42.768561],[-90.363776,42.768809],[-90.367102,42.771111],[-90.369435,42.773855],[-90.372671,42.779534],[-90.374573,42.781839],[-90.372912,42.791437],[-90.372922,42.805974],[-90.363159,42.806006],[-90.35945,42.807779],[-90.357929,42.811538],[-90.355506,42.813513],[-90.375127,42.813323],[-90.377729,42.813191],[-90.397502,42.812987],[-90.397825,42.835048],[-90.40278,42.835029],[-90.40293,42.842402],[-90.412832,42.842393],[-90.419511,42.839206],[-90.422742,42.839931],[-90.424514,42.839131],[-90.427253,42.839632],[-90.427362,42.849533],[-90.44022,42.849653],[-90.442419,42.848985],[-90.442446,42.850001],[-90.457585,42.849858],[-90.457253,42.842253],[-90.467038,42.842171],[-90.467157,42.84475],[-90.460312,42.844924],[-90.460418,42.850055],[-90.478582,42.849289],[-90.4789,42.856492],[-90.506414,42.856685],[-90.506101,42.859197],[-90.506786,42.860887],[-90.506899,42.871215],[-90.511966,42.871223],[-90.515547,42.870592],[-90.519153,42.867664],[-90.526765,42.867668],[-90.526681,42.864066],[-90.530342,42.864052],[-90.52927,42.861368],[-90.538697,42.861441],[-90.538822,42.856781],[-90.546381,42.856788],[-90.545855,42.81288],[-90.550244,42.812096],[-90.555505,42.811997],[-90.56099,42.813121],[-90.561883,42.812767],[-90.564082,42.80987],[-90.566273,42.809518],[-90.56783,42.807455],[-90.571668,42.806478],[-90.572457,42.805584],[-90.574305,42.805589],[-90.576108,42.804119],[-90.578158,42.803652],[-90.581104,42.80076],[-90.585541,42.799803],[-90.589277,42.798171],[-90.594342,42.795058],[-90.597064,42.793946],[-90.602024,42.791265],[-90.6029,42.790349],[-90.608647,42.788429],[-90.609558,42.786173],[-90.607227,42.783912],[-90.609169,42.78358],[-90.608901,42.781399],[-90.610649,42.780506],[-90.614063,42.780338],[-90.617276,42.781806],[-90.620658,42.783908],[-90.624271,42.784988],[-90.626093,42.784259],[-90.628855,42.784321],[-90.628808,42.777288],[-90.63003,42.772694],[-90.63015,42.769587]]]}},{"type":"Feature","properties":{"zcta5":"53807","AFFGEOID10":"8600000US53807","GEOID10":"53807","ALAND10":276256199,"AWATER10":116740,"county_name":"Grant","state_code":"WI","county_state":"Grant County, WI","county_fips":"55043","risk_level_county":"Lower Risk (80–84% vaccinated)","mean_vaccination_rate_county":80.92,"risk_level_zcta":"Medium Risk (70–79% vaccinated)","mean_vaccination_rate_zips":70.14,"cases":36},"geometry":{"type":"Polygon","coordinates":[[[-90.602664,42.629781],[-90.605682,42.631052],[-90.613079,42.630774],[-90.616562,42.629835],[-90.618236,42.627066],[-90.623832,42.622473],[-90.625125,42.619738],[-90.629309,42.619623],[-90.632847,42.61811],[-90.635624,42.617961],[-90.635661,42.619038],[-90.638959,42.619864],[-90.640216,42.619272],[-90.642719,42.61969],[-90.644033,42.620579],[-90.645758,42.618786],[-90.646895,42.619198],[-90.648283,42.621366],[-90.649412,42.620966],[-90.650105,42.618881],[-90.654614,42.618965],[-90.65752,42.618033],[-90.657156,42.617583],[-90.658056,42.615849],[-90.661051,42.613331],[-90.663474,42.612251],[-90.664685,42.611049],[-90.664167,42.607351],[-90.663862,42.591416],[-90.663203,42.585912],[-90.66268,42.577906],[-90.661077,42.574201],[-90.661527,42.567999],[-90.66142409344519,42.567565977793],[-90.656704,42.567669],[-90.654351,42.568815],[-90.651029,42.571291],[-90.649832,42.571262],[-90.648405,42.573583],[-90.646341,42.574383],[-90.646904,42.575404],[-90.645225,42.576518],[-90.645202,42.577527],[-90.642818,42.578997],[-90.63941,42.578737],[-90.637921,42.580496],[-90.634895,42.581886],[-90.630958,42.58083],[-90.624973,42.581177],[-90.615443,42.580464],[-90.612795,42.580547],[-90.612838,42.576892],[-90.610331,42.57735],[-90.611628,42.574261],[-90.612404,42.570072],[-90.610754,42.562431],[-90.604335,42.562215],[-90.60152,42.563581],[-90.60237,42.561894],[-90.599305,42.563547],[-90.596476,42.562193],[-90.593335,42.561896],[-90.586783,42.563028],[-90.586596,42.562182],[-90.583226,42.559031],[-90.578332,42.559029],[-90.578295,42.554861],[-90.577499,42.551951],[-90.57577,42.549541],[-90.577989,42.547318],[-90.579251,42.54445],[-90.570634,42.544358],[-90.568709,42.543118],[-90.567825,42.541133],[-90.56246,42.53698],[-90.561373,42.535283],[-90.55461,42.536778],[-90.554474,42.540478],[-90.548855,42.543903],[-90.544163,42.544375],[-90.543832,42.551314],[-90.494732,42.5509],[-90.494618,42.552381],[-90.484788,42.55095],[-90.484785,42.555898],[-90.485452,42.557366],[-90.488817,42.557878],[-90.490638,42.56084],[-90.493164,42.561994],[-90.491693,42.563012],[-90.492608,42.565268],[-90.49237,42.568931],[-90.493921,42.570141],[-90.492538,42.573221],[-90.469921,42.573187],[-90.470138,42.570553],[-90.468269,42.572609],[-90.456003,42.572667],[-90.455972,42.570407],[-90.435033,42.570506],[-90.435037,42.569508],[-90.433395,42.569364],[-90.434951,42.565083],[-90.430959,42.565274],[-90.430953,42.56656],[-90.429105,42.566551],[-90.429048,42.567971],[-90.425898,42.568064],[-90.425921,42.565048],[-90.420035,42.565084],[-90.419991,42.558066],[-90.406595,42.55792],[-90.406531,42.57244],[-90.393244,42.573124],[-90.388092,42.573235],[-90.387408,42.57377],[-90.389633,42.579773],[-90.38211,42.579767],[-90.381715,42.583422],[-90.377638,42.58343],[-90.376825,42.587462],[-90.376105,42.585154],[-90.373847,42.583078],[-90.37397,42.581912],[-90.371927,42.58077],[-90.371028,42.578964],[-90.367413,42.57747],[-90.367599,42.565314],[-90.364026,42.565036],[-90.359259,42.565276],[-90.359235,42.569071],[-90.358497,42.573665],[-90.356408,42.572759],[-90.356134,42.571591],[-90.353084,42.571177],[-90.352757,42.566817],[-90.345352,42.567781],[-90.345327,42.571107],[-90.347001,42.571878],[-90.352123,42.573235],[-90.352629,42.574368],[-90.352539,42.579913],[-90.327974,42.58041],[-90.328044,42.595225],[-90.308461,42.595387],[-90.308446,42.609935],[-90.313618,42.609892],[-90.31317,42.61816],[-90.313142,42.624444],[-90.308306,42.624477],[-90.308294,42.635767],[-90.302505,42.636193],[-90.299897,42.637417],[-90.30003,42.653502],[-90.308195,42.653586],[-90.308215,42.66076],[-90.309873,42.664918],[-90.308272,42.666699],[-90.308309,42.668088],[-90.310186,42.668079],[-90.30815,42.66981],[-90.308382,42.679615],[-90.308758,42.67765],[-90.313253,42.675333],[-90.315193,42.675025],[-90.317973,42.6734],[-90.317989,42.668022],[-90.339144,42.667785],[-90.339815,42.672958],[-90.338077,42.677447],[-90.336092,42.680631],[-90.333918,42.683089],[-90.366734,42.682775],[-90.366226,42.684237],[-90.364539,42.685608],[-90.362677,42.693307],[-90.362993,42.69655],[-90.360809,42.697259],[-90.360548,42.699109],[-90.356833,42.704571],[-90.372894,42.704721],[-90.378435,42.703996],[-90.3788,42.703633],[-90.385859,42.690142],[-90.386716,42.682384],[-90.396933,42.682281],[-90.396925,42.667373],[-90.406752,42.667366],[-90.406875,42.662065],[-90.41353,42.658329],[-90.415439,42.65682],[-90.415394,42.658103],[-90.425879,42.658053],[-90.425887,42.651385],[-90.429052,42.649544],[-90.435719,42.649347],[-90.43573,42.645682],[-90.456809,42.645786],[-90.456875,42.636651],[-90.470213,42.636718],[-90.470244,42.64368],[-90.475136,42.643652],[-90.475136,42.64585],[-90.485612,42.646029],[-90.486609,42.64682],[-90.486765,42.64372],[-90.504579,42.643708],[-90.504577,42.634832],[-90.505437,42.634482],[-90.5099,42.636104],[-90.518325,42.637258],[-90.522426,42.63837],[-90.524108,42.638369],[-90.524106,42.643814],[-90.543924,42.643975],[-90.543862,42.658036],[-90.54506,42.658727],[-90.548657,42.659189],[-90.548609,42.660409],[-90.551182,42.66052],[-90.551172,42.654925],[-90.559193,42.654899],[-90.560545,42.656678],[-90.564436,42.656426],[-90.566519,42.655789],[-90.569427,42.657153],[-90.570882,42.656072],[-90.572174,42.657306],[-90.573808,42.655987],[-90.574779,42.652962],[-90.574113,42.65049],[-90.574382,42.64818],[-90.576216,42.646121],[-90.578182,42.645885],[-90.579242,42.648241],[-90.582751,42.648701],[-90.586638,42.648448],[-90.587954,42.647905],[-90.589909,42.649572],[-90.590973,42.651531],[-90.592505,42.652216],[-90.593583,42.653906],[-90.591963,42.655317],[-90.593732,42.654987],[-90.594751,42.656013],[-90.593919,42.656886],[-90.596343,42.658218],[-90.598663,42.658766],[-90.599919,42.65819],[-90.599368,42.656791],[-90.60116,42.657476],[-90.602327,42.656746],[-90.604647,42.657272],[-90.604512,42.655977],[-90.602489,42.654754],[-90.606525,42.65219],[-90.604508,42.65008],[-90.604697,42.64872],[-90.599296,42.643738],[-90.597219,42.640677],[-90.597364,42.639407],[-90.602673,42.632181],[-90.597926,42.630894],[-90.597972,42.632765],[-90.59247,42.632748],[-90.592257,42.634537],[-90.588162,42.6345],[-90.588027,42.632423],[-90.58976,42.630861],[-90.589415,42.629971],[-90.58318,42.62993],[-90.583093,42.62005],[-90.602706,42.619988],[-90.602449,42.624937],[-90.602664,42.629781]]]}},{"type":"Feature","properties":{"zcta5":"53810","AFFGEOID10":"8600000US53810","GEOID10":"53810","ALAND10":95432990,"AWATER10":3306890,"county_name":"Grant","state_code":"WI","county_state":"Grant County, WI","county_fips":"55043","risk_level_county":"Lower Risk (80–84% vaccinated)","mean_vaccination_rate_county":80.92,"risk_level_zcta":"Lower Risk (80–84% vaccinated)","mean_vaccination_rate_zips":81.02,"cases":36},"geometry":{"type":"MultiPolygon","coordinates":[[[[-90.956987,42.791007],[-90.956934,42.791132],[-90.957441,42.793667],[-90.958895,42.794342],[-90.961651,42.793271],[-90.962934,42.794517],[-90.96736,42.794746],[-90.970347,42.793368],[-90.9734,42.793581],[-90.973492,42.788431],[-90.975087,42.785909],[-90.963418,42.785894],[-90.963411,42.78817],[-90.961686,42.788556],[-90.958295,42.791005],[-90.957186,42.791029],[-90.956987,42.791007]]],[[[-91.09492982891649,42.8357049666267],[-91.095114,42.834966],[-91.09406,42.830813],[-91.090136,42.829237],[-91.08277,42.829977],[-91.078665,42.827678],[-91.079314,42.820309],[-91.078097,42.806526],[-91.075481,42.795466],[-91.072447,42.787732],[-91.071138,42.783004],[-91.070716,42.775502],[-91.0699097662306,42.771443887607894],[-91.061993,42.77147],[-91.060666,42.77205],[-91.05386,42.773797],[-91.054301,42.781467],[-91.054423,42.786034],[-91.052381,42.790146],[-91.052418,42.792841],[-91.037849,42.793092],[-91.037818,42.790407],[-91.033138,42.785512],[-91.031933,42.785884],[-91.018814,42.785963],[-91.017184,42.785842],[-90.988251,42.785886],[-90.988576,42.800317],[-90.973581,42.800317],[-90.973738,42.806036],[-90.972123,42.809976],[-90.969957,42.812177],[-90.969009,42.811511],[-90.968546,42.8068],[-90.966852,42.808136],[-90.964306,42.808697],[-90.964182,42.804996],[-90.957474,42.804935],[-90.957261,42.796728],[-90.955252,42.796677],[-90.955482,42.793294],[-90.956987,42.791007],[-90.956867,42.790451],[-90.951659,42.790781],[-90.949825,42.789547],[-90.948255,42.789825],[-90.947969,42.786296],[-90.928797,42.786258],[-90.928884,42.792539],[-90.923778,42.792912],[-90.923803,42.787508],[-90.91194,42.787218],[-90.911808,42.791341],[-90.909136,42.791467],[-90.909228,42.795021],[-90.902711,42.795467],[-90.90346,42.807575],[-90.909695,42.807434],[-90.909977,42.814726],[-90.928226,42.814539],[-90.924306,42.819992],[-90.925021,42.823389],[-90.924752,42.826352],[-90.926451,42.828778],[-90.910581,42.829204],[-90.910866,42.836544],[-90.919133,42.836228],[-90.930419,42.836128],[-90.930768,42.84338],[-90.940559,42.843331],[-90.941645,42.858316],[-90.981256,42.858208],[-90.981361,42.865497],[-90.98696,42.865466],[-90.99055,42.860778],[-90.991058,42.87277],[-91.001197,42.872752],[-91.001134,42.86544],[-91.030963,42.865306],[-91.030065,42.843995],[-91.0929781161165,42.8435360039228],[-91.09492982891649,42.8357049666267]]]]}},{"type":"Feature","properties":{"zcta5":"53825","AFFGEOID10":"8600000US53825","GEOID10":"53825","ALAND10":79899647,"AWATER10":0,"county_name":"Grant","state_code":"WI","county_state":"Grant County, WI","county_fips":"55043","risk_level_county":"Lower Risk (80–84% vaccinated)","mean_vaccination_rate_county":80.92,"risk_level_zcta":"Medium Risk (70–79% vaccinated)","mean_vaccination_rate_zips":70.08,"cases":36},"geometry":{"type":"Polygon","coordinates":[[[-90.477641,42.944378],[-90.502501,42.944462],[-90.502576,42.951752],[-90.513033,42.951769],[-90.516699,42.95015],[-90.516102,42.949656],[-90.517321,42.947204],[-90.517756,42.944971],[-90.519324,42.94451],[-90.556335,42.944578],[-90.556317,42.94108],[-90.552114,42.940583],[-90.551698,42.93332],[-90.55913,42.933516],[-90.56122,42.934142],[-90.567625,42.93257],[-90.569795,42.932413],[-90.568967,42.935006],[-90.570819,42.940591],[-90.570065,42.941535],[-90.571671,42.943033],[-90.572271,42.944622],[-90.586005,42.944663],[-90.585922,42.959163],[-90.62572,42.959326],[-90.625705,42.944755],[-90.627643,42.944853],[-90.645446,42.944758],[-90.648546,42.940185],[-90.665331,42.923918],[-90.665339,42.90563],[-90.659505,42.894799],[-90.65897,42.892639],[-90.659582,42.889727],[-90.655897,42.889818],[-90.651047,42.886533],[-90.649925,42.886196],[-90.640523,42.886164],[-90.637957,42.886646],[-90.634699,42.88583],[-90.632557,42.883028],[-90.631036,42.882231],[-90.625988,42.882222],[-90.626006,42.886974],[-90.6054,42.886277],[-90.600197,42.886245],[-90.599095,42.882405],[-90.599163,42.877201],[-90.597082,42.873592],[-90.59694,42.869802],[-90.592822,42.869416],[-90.59257,42.87232],[-90.587661,42.872333],[-90.5867,42.873288],[-90.580925,42.875302],[-90.580769,42.877988],[-90.579818,42.879053],[-90.579808,42.881025],[-90.576021,42.882765],[-90.572739,42.883418],[-90.567081,42.881576],[-90.561299,42.880924],[-90.554682,42.88127],[-90.546412,42.880854],[-90.54635,42.895778],[-90.542263,42.895774],[-90.542225,42.899121],[-90.54638,42.899336],[-90.546329,42.906401],[-90.542983,42.907407],[-90.539545,42.9078],[-90.541938,42.908906],[-90.539552,42.910693],[-90.536809,42.910788],[-90.538554,42.913214],[-90.537674,42.914545],[-90.535264,42.915729],[-90.531492,42.919372],[-90.5239,42.921949],[-90.522009,42.923922],[-90.51962,42.924919],[-90.517569,42.926585],[-90.517243,42.929451],[-90.514829,42.930814],[-90.511064,42.931504],[-90.506108,42.933186],[-90.50593,42.929346],[-90.504607,42.928194],[-90.501574,42.927118],[-90.500738,42.92921],[-90.497074,42.928743],[-90.497941,42.930158],[-90.497487,42.931755],[-90.495493,42.93158],[-90.490709,42.933629],[-90.491173,42.935023],[-90.489964,42.936203],[-90.487194,42.937181],[-90.48423,42.937626],[-90.481543,42.939224],[-90.4799,42.938714],[-90.477706,42.940575],[-90.477641,42.944378]]]}},{"type":"Feature","properties":{"zcta5":"53811","AFFGEOID10":"8600000US53811","GEOID10":"53811","ALAND10":125644077,"AWATER10":6107003,"county_name":"Grant","state_code":"WI","county_state":"Grant County, WI","county_fips":"55043","risk_level_county":"Lower Risk (80–84% vaccinated)","mean_vaccination_rate_county":80.92,"risk_level_zcta":"Higher Risk (60–69% vaccinated)","mean_vaccination_rate_zips":67.48,"cases":36},"geometry":{"type":"Polygon","coordinates":[[[-90.66142409344519,42.567565977793],[-90.659127,42.5579],[-90.654127,42.5499],[-90.645627,42.5441],[-90.643927,42.540401],[-90.640627,42.527701],[-90.636727,42.518702],[-90.636927,42.513202],[-90.642843,42.508481],[-90.6390251084131,42.50841957804229],[-90.62970876009939,42.5082696973192],[-90.617731,42.508077],[-90.61460699131179,42.5080531374257],[-90.614589,42.508053],[-90.5899143535312,42.5078255723356],[-90.565441,42.5076],[-90.555862,42.507509],[-90.551165,42.507691],[-90.544799,42.507713],[-90.544347,42.507707],[-90.532254,42.507573],[-90.491716,42.507624],[-90.48587646146319,42.5075250086377],[-90.479446,42.507416],[-90.474955,42.507484],[-90.437011,42.507147],[-90.4263779353442,42.507059428755895],[-90.405927,42.506891],[-90.3818842248873,42.5070410371738],[-90.370673,42.507111],[-90.367874,42.507114],[-90.3627574381554,42.507049332615495],[-90.357776,42.510625],[-90.358254,42.512606],[-90.364033,42.512238],[-90.36781,42.51387],[-90.369801,42.514879],[-90.373902,42.521068],[-90.376957,42.520424],[-90.378075,42.519067],[-90.378329,42.516802],[-90.377915,42.513718],[-90.381695,42.513553],[-90.380786,42.515795],[-90.381977,42.520206],[-90.380611,42.521746],[-90.380386,42.524571],[-90.378485,42.529235],[-90.376966,42.530295],[-90.376831,42.533902],[-90.375541,42.537255],[-90.374354,42.53818],[-90.376209,42.541616],[-90.377717,42.542636],[-90.377744,42.550636],[-90.380145,42.550631],[-90.384594,42.558412],[-90.383169,42.560423],[-90.383106,42.562115],[-90.384423,42.564226],[-90.384672,42.562303],[-90.387209,42.560138],[-90.387088,42.550684],[-90.406543,42.550668],[-90.406595,42.55792],[-90.419991,42.558066],[-90.420035,42.565084],[-90.425921,42.565048],[-90.425898,42.568064],[-90.429048,42.567971],[-90.429105,42.566551],[-90.430953,42.56656],[-90.430959,42.565274],[-90.434951,42.565083],[-90.433395,42.569364],[-90.435037,42.569508],[-90.435033,42.570506],[-90.455972,42.570407],[-90.456003,42.572667],[-90.468269,42.572609],[-90.470138,42.570553],[-90.469921,42.573187],[-90.492538,42.573221],[-90.493921,42.570141],[-90.49237,42.568931],[-90.492608,42.565268],[-90.491693,42.563012],[-90.493164,42.561994],[-90.490638,42.56084],[-90.488817,42.557878],[-90.485452,42.557366],[-90.484785,42.555898],[-90.484788,42.55095],[-90.494618,42.552381],[-90.494732,42.5509],[-90.543832,42.551314],[-90.544163,42.544375],[-90.548855,42.543903],[-90.554474,42.540478],[-90.55461,42.536778],[-90.561373,42.535283],[-90.56246,42.53698],[-90.567825,42.541133],[-90.568709,42.543118],[-90.570634,42.544358],[-90.579251,42.54445],[-90.577989,42.547318],[-90.57577,42.549541],[-90.577499,42.551951],[-90.578295,42.554861],[-90.578332,42.559029],[-90.583226,42.559031],[-90.586596,42.562182],[-90.586783,42.563028],[-90.593335,42.561896],[-90.596476,42.562193],[-90.599305,42.563547],[-90.60237,42.561894],[-90.60152,42.563581],[-90.604335,42.562215],[-90.610754,42.562431],[-90.612404,42.570072],[-90.611628,42.574261],[-90.610331,42.57735],[-90.612838,42.576892],[-90.612795,42.580547],[-90.615443,42.580464],[-90.624973,42.581177],[-90.630958,42.58083],[-90.634895,42.581886],[-90.637921,42.580496],[-90.63941,42.578737],[-90.642818,42.578997],[-90.645202,42.577527],[-90.645225,42.576518],[-90.646904,42.575404],[-90.646341,42.574383],[-90.648405,42.573583],[-90.649832,42.571262],[-90.651029,42.571291],[-90.654351,42.568815],[-90.656704,42.567669],[-90.66142409344519,42.567565977793]]]}},{"type":"Feature","properties":{"zcta5":"53518","AFFGEOID10":"8600000US53518","GEOID10":"53518","ALAND10":194354664,"AWATER10":8466811,"county_name":"Grant","state_code":"WI","county_state":"Grant County, WI","county_fips":"55043","risk_level_county":"Lower Risk (80–84% vaccinated)","mean_vaccination_rate_county":80.92,"risk_level_zcta":"Higher Risk (60–69% vaccinated)","mean_vaccination_rate_zips":64.3,"cases":36},"geometry":{"type":"Polygon","coordinates":[[[-90.666179,43.291585],[-90.666376,43.26899],[-90.66716,43.269769],[-90.674863,43.270212],[-90.676809,43.268745],[-90.681658,43.269387],[-90.681643,43.266672],[-90.685612,43.267219],[-90.686978,43.266608],[-90.687171,43.264836],[-90.684243,43.262159],[-90.681619,43.256068],[-90.681785,43.252226],[-90.686325,43.252163],[-90.686791,43.249841],[-90.688588,43.249922],[-90.690511,43.248522],[-90.683136,43.247562],[-90.680246,43.245042],[-90.679137,43.242126],[-90.675906,43.238156],[-90.672158,43.235164],[-90.671622,43.23351],[-90.666881,43.229559],[-90.666879,43.189623],[-90.666819,43.189311],[-90.666786,43.171777],[-90.660435,43.17113],[-90.65657,43.171833],[-90.65203,43.174087],[-90.650053,43.175444],[-90.642515,43.178737],[-90.64049,43.179304],[-90.637687,43.178995],[-90.637384,43.17107],[-90.636667,43.168962],[-90.630392,43.170283],[-90.625632,43.170373],[-90.62192,43.173298],[-90.623667,43.173355],[-90.624362,43.174549],[-90.582755,43.184184],[-90.582074,43.178402],[-90.569,43.178328],[-90.568292,43.17818],[-90.568289,43.177348],[-90.570528,43.176138],[-90.571165,43.172596],[-90.573774,43.167635],[-90.57397,43.166384],[-90.572359,43.163042],[-90.574252,43.15933],[-90.575544,43.158644],[-90.575979,43.156395],[-90.574846,43.150904],[-90.574789,43.148184],[-90.573836,43.147872],[-90.557412,43.151729],[-90.547227,43.155264],[-90.54722,43.181625],[-90.544895,43.182272],[-90.544528,43.18338],[-90.542405,43.182369],[-90.540187,43.182902],[-90.538687,43.184312],[-90.536167,43.185069],[-90.53592,43.183565],[-90.534337,43.1822],[-90.535419,43.183371],[-90.534165,43.185338],[-90.50828,43.185075],[-90.50856,43.190462],[-90.506794,43.190892],[-90.502323,43.190276],[-90.499091,43.190534],[-90.488656,43.190434],[-90.488943,43.193863],[-90.488527,43.197821],[-90.489617,43.200737],[-90.48975,43.203529],[-90.497682,43.204354],[-90.497652,43.204761],[-90.493762,43.205174],[-90.489726,43.20438],[-90.482765,43.201881],[-90.478677,43.201685],[-90.474334,43.200584],[-90.471987,43.200936],[-90.466408,43.200959],[-90.46304,43.200016],[-90.457813,43.19977],[-90.453629,43.199941],[-90.447681,43.197374],[-90.442841,43.198279],[-90.442444,43.199767],[-90.442134,43.200918],[-90.446284,43.201644],[-90.449905,43.202934],[-90.45853,43.204601],[-90.464498,43.203206],[-90.475125,43.206334],[-90.483,43.2072],[-90.486187,43.206468],[-90.491939,43.207837],[-90.494814,43.20779],[-90.493785,43.208433],[-90.49359,43.219822],[-90.528109,43.219765],[-90.528281,43.235892],[-90.529539,43.239315],[-90.532652,43.243172],[-90.533261,43.244764],[-90.533341,43.254944],[-90.532148,43.255785],[-90.527542,43.25676],[-90.527493,43.262848],[-90.522053,43.26283],[-90.521934,43.27198],[-90.520674,43.271973],[-90.52083,43.273926],[-90.52258,43.27667],[-90.523111,43.27859],[-90.522302,43.282447],[-90.523421,43.284725],[-90.523593,43.292007],[-90.547013,43.291876],[-90.546788,43.320189],[-90.548502,43.320593],[-90.55358,43.320355],[-90.555081,43.31987],[-90.556782,43.318043],[-90.559547,43.317657],[-90.567766,43.319747],[-90.569004,43.318042],[-90.57093,43.317448],[-90.573718,43.319201],[-90.578347,43.320244],[-90.586116,43.320115],[-90.582914,43.323396],[-90.58042,43.3245],[-90.577081,43.323181],[-90.573816,43.322943],[-90.574582,43.32586],[-90.574235,43.326691],[-90.588283,43.326483],[-90.590123,43.324726],[-90.591802,43.321948],[-90.595479,43.319963],[-90.595758,43.328914],[-90.594248,43.331499],[-90.594459,43.333379],[-90.59653,43.335461],[-90.595846,43.338035],[-90.595682,43.343023],[-90.599789,43.342539],[-90.603727,43.339416],[-90.608733,43.338475],[-90.61319,43.338635],[-90.614273,43.339794],[-90.616272,43.340325],[-90.6199,43.342581],[-90.619704,43.345786],[-90.62048,43.346802],[-90.625816,43.348042],[-90.628501,43.348084],[-90.632628,43.350358],[-90.633641,43.352204],[-90.634887,43.352535],[-90.637846,43.352264],[-90.639037,43.353065],[-90.645753,43.350212],[-90.651472,43.349013],[-90.652961,43.347293],[-90.646986,43.345635],[-90.64288,43.343442],[-90.639735,43.341258],[-90.635662,43.342617],[-90.631108,43.342351],[-90.62886,43.339741],[-90.626574,43.340708],[-90.627507,43.338395],[-90.631096,43.337024],[-90.631636,43.335624],[-90.634593,43.332648],[-90.635029,43.329584],[-90.639473,43.324532],[-90.639689,43.321825],[-90.642943,43.321775],[-90.645672,43.3208],[-90.651848,43.320795],[-90.651861,43.318925],[-90.65276,43.317632],[-90.652306,43.314438],[-90.65113,43.312314],[-90.646328,43.307167],[-90.646398,43.301923],[-90.647065,43.300985],[-90.647709,43.296078],[-90.649746,43.294972],[-90.650651,43.29074],[-90.660792,43.290784],[-90.666179,43.291585]]]}},{"type":"Feature","properties":{"zcta5":"53569","AFFGEOID10":"8600000US53569","GEOID10":"53569","ALAND10":114447686,"AWATER10":28604,"county_name":"Grant","state_code":"WI","county_state":"Grant County, WI","county_fips":"55043","risk_level_county":"Lower Risk (80–84% vaccinated)","mean_vaccination_rate_county":80.92,"risk_level_zcta":"Medium Risk (70–79% vaccinated)","mean_vaccination_rate_zips":74.77,"cases":36},"geometry":{"type":"Polygon","coordinates":[[[-90.521812,43.045483],[-90.525433,43.044947],[-90.529169,43.04698],[-90.529994,43.048894],[-90.532816,43.05039],[-90.536624,43.046739],[-90.539803,43.04589],[-90.543311,43.046239],[-90.547095,43.045306],[-90.547081,43.03343],[-90.547904,43.031459],[-90.547072,43.030374],[-90.546984,43.014825],[-90.545261,43.015144],[-90.542528,43.014446],[-90.542243,43.017442],[-90.541302,43.01794],[-90.539546,43.016234],[-90.53939,43.014011],[-90.540422,43.01202],[-90.534905,43.011174],[-90.533357,43.010559],[-90.530292,43.01165],[-90.52852,43.011403],[-90.527349,43.010298],[-90.523064,43.010471],[-90.523688,43.007503],[-90.522117,43.00491],[-90.51912,43.002184],[-90.522361,43.002196],[-90.522341,43.00004],[-90.517359,43.000003],[-90.517075,42.99532],[-90.507849,42.995265],[-90.507537,42.988379],[-90.489853,42.988229],[-90.489766,42.98122],[-90.497872,42.980543],[-90.497771,42.973494],[-90.477945,42.973472],[-90.477647,42.953807],[-90.477157,42.950785],[-90.477612,42.948573],[-90.477641,42.944378],[-90.428311,42.944213],[-90.365677,42.945097],[-90.3658,42.942963],[-90.365206,42.93894],[-90.366386,42.936196],[-90.369619,42.932377],[-90.37109,42.929785],[-90.373259,42.927906],[-90.377686,42.922931],[-90.378029,42.921628],[-90.375949,42.91774],[-90.373773,42.916284],[-90.373696,42.914929],[-90.35905,42.915052],[-90.359521,42.929675],[-90.336183,42.929931],[-90.335053,42.928858],[-90.332783,42.928685],[-90.331787,42.926833],[-90.329675,42.925205],[-90.329511,42.915485],[-90.309883,42.915788],[-90.309942,42.93042],[-90.300249,42.930204],[-90.300481,42.939705],[-90.301125,42.940641],[-90.301174,42.945671],[-90.30721,42.949443],[-90.307303,42.95038],[-90.307263,42.953139],[-90.295773,42.952983],[-90.29582,42.967604],[-90.317405,42.967534],[-90.317419,42.965726],[-90.319893,42.96569],[-90.319913,42.960251],[-90.329762,42.960155],[-90.32985,42.945544],[-90.349766,42.945303],[-90.349723,42.952532],[-90.369597,42.952328],[-90.369652,42.966866],[-90.359505,42.96698],[-90.35956,42.98151],[-90.3738,42.981322],[-90.378986,42.983495],[-90.382396,42.98452],[-90.383931,42.985478],[-90.386044,42.988369],[-90.387922,42.990084],[-90.392185,42.995464],[-90.394262,42.995979],[-90.394278,42.997474],[-90.396894,42.999849],[-90.400672,43.002058],[-90.404468,43.002756],[-90.407822,43.005231],[-90.408121,43.00653],[-90.411888,43.00746],[-90.419403,43.006691],[-90.424507,43.005613],[-90.427805,43.003799],[-90.428391,43.001931],[-90.428393,43.003138],[-90.434469,43.003979],[-90.436628,43.003852],[-90.437014,43.005031],[-90.439399,43.004674],[-90.439855,43.00609],[-90.441679,43.007056],[-90.444542,43.007105],[-90.445148,43.008767],[-90.441529,43.00964],[-90.440042,43.011066],[-90.442202,43.012043],[-90.444012,43.011905],[-90.449328,43.013244],[-90.453792,43.016014],[-90.455804,43.018148],[-90.455864,43.020633],[-90.454922,43.020842],[-90.45757,43.02286],[-90.456568,43.023563],[-90.461138,43.025564],[-90.461063,43.02687],[-90.462851,43.027183],[-90.464755,43.031411],[-90.467996,43.031387],[-90.471569,43.031282],[-90.476334,43.031727],[-90.477926,43.032417],[-90.477756,43.035709],[-90.482951,43.037319],[-90.483703,43.038526],[-90.489494,43.038561],[-90.494332,43.041504],[-90.497644,43.045991],[-90.500159,43.048737],[-90.502132,43.048932],[-90.505244,43.050256],[-90.51065,43.050248],[-90.513009,43.049653],[-90.517198,43.049725],[-90.518307,43.049191],[-90.521812,43.045483]]]}},{"type":"Feature","properties":{"zcta5":"53554","AFFGEOID10":"8600000US53554","GEOID10":"53554","ALAND10":121113567,"AWATER10":13077,"county_name":"Grant","state_code":"WI","county_state":"Grant County, WI","county_fips":"55043","risk_level_county":"Lower Risk (80–84% vaccinated)","mean_vaccination_rate_county":80.92,"risk_level_zcta":"Medium Risk (70–79% vaccinated)","mean_vaccination_rate_zips":71.75,"cases":36},"geometry":{"type":"Polygon","coordinates":[[[-90.546412,42.880854],[-90.546403,42.864068],[-90.530342,42.864052],[-90.526681,42.864066],[-90.526765,42.867668],[-90.519153,42.867664],[-90.515547,42.870592],[-90.511966,42.871223],[-90.506899,42.871215],[-90.506786,42.860887],[-90.506101,42.859197],[-90.506414,42.856685],[-90.4789,42.856492],[-90.478582,42.849289],[-90.460418,42.850055],[-90.460312,42.844924],[-90.467157,42.84475],[-90.467038,42.842171],[-90.457253,42.842253],[-90.457585,42.849858],[-90.442446,42.850001],[-90.442419,42.848985],[-90.44022,42.849653],[-90.427362,42.849533],[-90.427411,42.870834],[-90.398338,42.871039],[-90.402738,42.879694],[-90.403338,42.882133],[-90.403572,42.904216],[-90.399664,42.905047],[-90.396289,42.907557],[-90.397086,42.908973],[-90.393902,42.909107],[-90.39297,42.908306],[-90.388709,42.908214],[-90.386905,42.90883],[-90.387744,42.909768],[-90.386095,42.910224],[-90.383017,42.909971],[-90.379256,42.907821],[-90.375865,42.908301],[-90.373449,42.907286],[-90.372045,42.905581],[-90.374802,42.902193],[-90.374098,42.900338],[-90.369207,42.900354],[-90.368656,42.896915],[-90.353102,42.896883],[-90.35131,42.894681],[-90.351541,42.892102],[-90.350039,42.891525],[-90.346857,42.89205],[-90.34608,42.893043],[-90.348165,42.896951],[-90.344185,42.897935],[-90.339677,42.896656],[-90.334578,42.89691],[-90.333148,42.897893],[-90.332744,42.899631],[-90.329791,42.900751],[-90.329511,42.915485],[-90.329675,42.925205],[-90.331787,42.926833],[-90.332783,42.928685],[-90.335053,42.928858],[-90.336183,42.929931],[-90.359521,42.929675],[-90.35905,42.915052],[-90.373696,42.914929],[-90.373773,42.916284],[-90.375949,42.91774],[-90.378029,42.921628],[-90.377686,42.922931],[-90.373259,42.927906],[-90.37109,42.929785],[-90.369619,42.932377],[-90.366386,42.936196],[-90.365206,42.93894],[-90.3658,42.942963],[-90.365677,42.945097],[-90.428311,42.944213],[-90.477641,42.944378],[-90.477706,42.940575],[-90.4799,42.938714],[-90.481543,42.939224],[-90.48423,42.937626],[-90.487194,42.937181],[-90.489964,42.936203],[-90.491173,42.935023],[-90.490709,42.933629],[-90.495493,42.93158],[-90.497487,42.931755],[-90.497941,42.930158],[-90.497074,42.928743],[-90.500738,42.92921],[-90.501574,42.927118],[-90.504607,42.928194],[-90.50593,42.929346],[-90.506108,42.933186],[-90.511064,42.931504],[-90.514829,42.930814],[-90.517243,42.929451],[-90.517569,42.926585],[-90.51962,42.924919],[-90.522009,42.923922],[-90.5239,42.921949],[-90.531492,42.919372],[-90.535264,42.915729],[-90.537674,42.914545],[-90.538554,42.913214],[-90.536809,42.910788],[-90.539552,42.910693],[-90.541938,42.908906],[-90.539545,42.9078],[-90.542983,42.907407],[-90.546329,42.906401],[-90.54638,42.899336],[-90.542225,42.899121],[-90.542263,42.895774],[-90.54635,42.895778],[-90.546412,42.880854]]]}},{"type":"Feature","properties":{"zcta5":"53804","AFFGEOID10":"8600000US53804","GEOID10":"53804","ALAND10":131133936,"AWATER10":0,"county_name":"Grant","state_code":"WI","county_state":"Grant County, WI","county_fips":"55043","risk_level_county":"Lower Risk (80–84% vaccinated)","mean_vaccination_rate_county":80.92,"risk_level_zcta":"Higher Risk (60–69% vaccinated)","mean_vaccination_rate_zips":65.41,"cases":36},"geometry":{"type":"Polygon","coordinates":[[[-90.982256,42.938492],[-90.981623,42.89467],[-90.991624,42.894652],[-90.991471,42.880067],[-91.001361,42.880022],[-91.001197,42.872752],[-90.991058,42.87277],[-90.99055,42.860778],[-90.98696,42.865466],[-90.981361,42.865497],[-90.981256,42.858208],[-90.941645,42.858316],[-90.940559,42.843331],[-90.930768,42.84338],[-90.930419,42.836128],[-90.919133,42.836228],[-90.910866,42.836544],[-90.910581,42.829204],[-90.926451,42.828778],[-90.924752,42.826352],[-90.925021,42.823389],[-90.924306,42.819992],[-90.928226,42.814539],[-90.909977,42.814726],[-90.909695,42.807434],[-90.90346,42.807575],[-90.902711,42.795467],[-90.899456,42.795498],[-90.89308,42.79632],[-90.888304,42.796714],[-90.893077,42.802462],[-90.894548,42.806803],[-90.897686,42.809967],[-90.901023,42.814158],[-90.899761,42.814864],[-90.881563,42.814616],[-90.88067,42.80024],[-90.881325,42.799201],[-90.878934,42.801993],[-90.877377,42.802653],[-90.873972,42.802794],[-90.867609,42.801168],[-90.866156,42.801138],[-90.863398,42.795644],[-90.862323,42.792041],[-90.862273,42.788885],[-90.860457,42.788903],[-90.860379,42.785473],[-90.848653,42.785317],[-90.848768,42.783102],[-90.843858,42.783774],[-90.82297,42.7867],[-90.821392,42.792375],[-90.821493,42.797708],[-90.819414,42.799602],[-90.81815,42.799798],[-90.807953,42.799687],[-90.807376,42.800019],[-90.806955,42.801201],[-90.807325,42.814724],[-90.811403,42.814203],[-90.818101,42.810775],[-90.822901,42.81123],[-90.82635,42.810888],[-90.827475,42.812424],[-90.829532,42.812043],[-90.833201,42.812228],[-90.834351,42.814604],[-90.83833,42.814499],[-90.84141,42.814986],[-90.846503,42.817309],[-90.848148,42.820442],[-90.849656,42.822311],[-90.858524,42.826634],[-90.860594,42.82854],[-90.862996,42.82982],[-90.869133,42.831435],[-90.869318,42.835366],[-90.871148,42.837897],[-90.874082,42.840072],[-90.882705,42.840161],[-90.882368,42.831005],[-90.884527,42.831416],[-90.887124,42.832869],[-90.887352,42.850942],[-90.892731,42.848234],[-90.89402,42.848106],[-90.896212,42.850528],[-90.898831,42.851883],[-90.901651,42.852641],[-90.902069,42.86067],[-90.902023,42.869041],[-90.897746,42.869345],[-90.897497,42.88054],[-90.897211,42.881872],[-90.892805,42.885258],[-90.888303,42.886223],[-90.887632,42.884664],[-90.886162,42.884839],[-90.886435,42.88703],[-90.884078,42.884965],[-90.882182,42.884158],[-90.877593,42.885217],[-90.87243,42.884921],[-90.869085,42.882105],[-90.864922,42.879733],[-90.863246,42.878117],[-90.86187,42.874893],[-90.859577,42.87335],[-90.858853,42.870963],[-90.857619,42.870271],[-90.858598,42.869444],[-90.856407,42.869291],[-90.855622,42.866531],[-90.853019,42.86645],[-90.850743,42.864535],[-90.852704,42.862965],[-90.852808,42.86201],[-90.848823,42.859976],[-90.846243,42.858245],[-90.846014,42.853895],[-90.842242,42.853888],[-90.842642,42.850772],[-90.834287,42.850902],[-90.834332,42.852759],[-90.829685,42.853185],[-90.828285,42.852177],[-90.827798,42.847903],[-90.823995,42.843496],[-90.82188,42.844385],[-90.817145,42.84247],[-90.813871,42.84309],[-90.812499,42.846141],[-90.813394,42.847568],[-90.813005,42.8517],[-90.811767,42.852945],[-90.810432,42.853785],[-90.806196,42.853203],[-90.799737,42.853718],[-90.799394,42.855797],[-90.798208,42.85577],[-90.800742,42.858154],[-90.842771,42.858236],[-90.843381,42.859185],[-90.847882,42.86346],[-90.847961,42.864967],[-90.844854,42.86551],[-90.84352,42.867288],[-90.84293,42.874741],[-90.84672,42.874808],[-90.845466,42.875761],[-90.839351,42.876421],[-90.828294,42.876531],[-90.828917,42.879252],[-90.831232,42.881166],[-90.829841,42.881347],[-90.827941,42.883143],[-90.82534,42.88912],[-90.828024,42.888661],[-90.829912,42.889928],[-90.835114,42.891222],[-90.837197,42.893571],[-90.840824,42.894322],[-90.841836,42.895819],[-90.841822,42.900704],[-90.840188,42.900496],[-90.839974,42.903042],[-90.844564,42.903035],[-90.85515,42.903012],[-90.856581,42.905988],[-90.854134,42.905935],[-90.854008,42.906926],[-90.848845,42.90689],[-90.848978,42.909294],[-90.853921,42.910077],[-90.868095,42.909264],[-90.868179,42.915629],[-90.871188,42.916722],[-90.875034,42.919848],[-90.877933,42.920375],[-90.878347,42.930607],[-90.87979,42.930984],[-90.902655,42.93118],[-90.902841,42.938473],[-90.922655,42.938253],[-90.922755,42.952639],[-90.942597,42.952661],[-90.942728,42.953689],[-90.944299,42.95268],[-90.952607,42.952622],[-90.95245,42.938263],[-90.972175,42.938428],[-90.971271,42.935955],[-90.97013,42.934792],[-90.977178,42.934827],[-90.977291,42.938633],[-90.982265,42.938636],[-90.982256,42.938492]]]}},{"type":"Feature","properties":{"zcta5":"53801","AFFGEOID10":"8600000US53801","GEOID10":"53801","ALAND10":153267040,"AWATER10":16965797,"county_name":"Grant","state_code":"WI","county_state":"Grant County, WI","county_fips":"55043","risk_level_county":"Lower Risk (80–84% vaccinated)","mean_vaccination_rate_county":80.92,"risk_level_zcta":"Lowest Risk (85%+)","mean_vaccination_rate_zips":85.46,"cases":36},"geometry":{"type":"Polygon","coordinates":[[[-91.1568126516435,42.9881698664533],[-91.156743,42.98783],[-91.156562,42.978226],[-91.155519,42.975774],[-91.150906,42.970514],[-91.148001,42.966155],[-91.1471226550074,42.96445400108259],[-91.14655,42.963345],[-91.14543,42.958211],[-91.14554,42.95651],[-91.14909,42.946554],[-91.14988,42.941955],[-91.149784,42.940244],[-91.145517,42.930378],[-91.144315,42.926592],[-91.1438,42.922877],[-91.143878,42.920646],[-91.145868,42.914967],[-91.146182,42.912338],[-91.146177,42.90985],[-91.14556,42.90798],[-91.144706,42.905964],[-91.143375,42.90467],[-91.138,42.903772],[-91.117411,42.895837],[-91.115512,42.894672],[-91.112158,42.891149],[-91.104051,42.885971],[-91.100565,42.883078],[-91.098238,42.875798],[-91.09882,42.864421],[-91.097656,42.859871],[-91.095329,42.85532],[-91.091837,42.851225],[-91.091402,42.84986],[-91.0929781161165,42.8435360039228],[-91.030065,42.843995],[-91.030963,42.865306],[-91.001134,42.86544],[-91.001197,42.872752],[-91.001361,42.880022],[-90.991471,42.880067],[-90.991624,42.894652],[-90.981623,42.89467],[-90.982256,42.938492],[-90.99193,42.938523],[-90.992016,42.952682],[-91.022188,42.952564],[-91.022423,42.964793],[-91.024626,42.965944],[-91.026282,42.967495],[-91.030545,42.968512],[-91.035154,42.971175],[-91.03854,42.973771],[-91.040993,42.976191],[-91.043592,42.979613],[-91.047938,42.981514],[-91.048502,42.983116],[-91.050258,42.985462],[-91.050732,42.988629],[-91.049047,42.988159],[-91.048416,42.989683],[-91.04618,42.990177],[-91.047104,42.990653],[-91.046809,42.993064],[-91.049853,42.998046],[-91.052584,43.001665],[-91.053541,43.000374],[-91.053679,42.997921],[-91.054772,42.996034],[-91.057275,42.994083],[-91.062211,42.992552],[-91.06527,42.992074],[-91.068918,42.992483],[-91.07723,42.99444],[-91.07971,42.993476],[-91.087085,42.993649],[-91.091017,42.994558],[-91.095366,42.997214],[-91.098922,42.998242],[-91.101442,43.000124],[-91.104932,43.00038],[-91.109581,42.999574],[-91.110504,43.000297],[-91.114534,43.000302],[-91.118328,42.999303],[-91.122767,42.999655],[-91.131235,42.999513],[-91.136552,42.998915],[-91.145015,42.99419],[-91.149055,42.993214],[-91.153016,42.990118],[-91.1568126516435,42.9881698664533]]]}},{"type":"Feature","properties":{"zcta5":"53806","AFFGEOID10":"8600000US53806","GEOID10":"53806","ALAND10":179792971,"AWATER10":18348220,"county_name":"Grant","state_code":"WI","county_state":"Grant County, WI","county_fips":"55043","risk_level_county":"Lower Risk (80–84% vaccinated)","mean_vaccination_rate_county":80.92,"risk_level_zcta":"Lower Risk (80–84% vaccinated)","mean_vaccination_rate_zips":80.8,"cases":36},"geometry":{"type":"Polygon","coordinates":[[[-91.0699097662306,42.771443887607894],[-91.069549,42.769628],[-91.063254,42.763947],[-91.060261,42.761847],[-91.060129,42.759986],[-91.061432,42.757974],[-91.06312,42.757273],[-91.065492,42.757081],[-91.065783,42.753387],[-91.06468,42.750914],[-91.060172,42.750481],[-91.058091,42.749246],[-91.056297,42.747341],[-91.05481,42.744686],[-91.054801,42.740529],[-91.053733,42.738238],[-91.051275,42.737001],[-91.049972,42.736905],[-91.046571,42.737167],[-91.044139,42.738605],[-91.039383,42.738478],[-91.035418,42.73734],[-91.032013,42.734484],[-91.030984,42.73255],[-91.030718,42.729684],[-91.029692,42.726774],[-91.026786,42.724228],[-91.017239,42.719566],[-91.015687,42.719229],[-91.0151009554964,42.719314748573794],[-91.009577,42.720123],[-91.000128,42.716189],[-90.995536,42.713704],[-90.988776,42.708724],[-90.980578,42.698932],[-90.977735,42.696816],[-90.974237,42.695249],[-90.965048,42.693233],[-90.952415,42.686778],[-90.949213,42.685573],[-90.941567,42.683844],[-90.937045,42.683399],[-90.929881,42.684128],[-90.923634,42.6855],[-90.921155,42.685406],[-90.9134,42.682949],[-90.900261,42.676254],[-90.8968978644181,42.6752621751195],[-90.88743,42.67247],[-90.867125,42.668728],[-90.852497,42.664822],[-90.84391,42.663071],[-90.832702,42.661662],[-90.8281534667702,42.660911240276796],[-90.824676,42.683265],[-90.822647,42.683144],[-90.822402,42.684402],[-90.820557,42.684101],[-90.820378,42.683032],[-90.816795,42.682743],[-90.815919,42.683553],[-90.808107,42.685838],[-90.804932,42.687448],[-90.80373,42.689627],[-90.801662,42.689751],[-90.804174,42.690862],[-90.812983,42.691458],[-90.818566,42.692577],[-90.821185,42.693984],[-90.825919,42.69546],[-90.827763,42.696841],[-90.828509,42.703221],[-90.829526,42.704929],[-90.828157,42.707604],[-90.826002,42.709407],[-90.823505,42.714554],[-90.821963,42.715741],[-90.818923,42.716922],[-90.817992,42.718008],[-90.818432,42.719597],[-90.81942,42.720384],[-90.821787,42.717418],[-90.825446,42.714401],[-90.826681,42.71399],[-90.829676,42.71507],[-90.830304,42.71714],[-90.829476,42.7189],[-90.829752,42.720919],[-90.835084,42.72317],[-90.837074,42.722017],[-90.834621,42.721136],[-90.835376,42.717266],[-90.836561,42.715511],[-90.840579,42.713728],[-90.84428,42.71426],[-90.845093,42.714952],[-90.844922,42.717856],[-90.846952,42.721834],[-90.843921,42.72323],[-90.840002,42.726851],[-90.838465,42.731654],[-90.838181,42.733672],[-90.841681,42.735903],[-90.846654,42.737066],[-90.849976,42.737365],[-90.849999,42.740067],[-90.853357,42.740782],[-90.857821,42.742611],[-90.861377,42.742937],[-90.860157,42.743942],[-90.855518,42.74534],[-90.853267,42.745398],[-90.850052,42.747732],[-90.848092,42.74792],[-90.844187,42.749228],[-90.848302,42.750435],[-90.851279,42.752368],[-90.852317,42.754476],[-90.852363,42.757539],[-90.853551,42.759714],[-90.850098,42.760824],[-90.847569,42.757817],[-90.846203,42.756915],[-90.84345,42.758963],[-90.843409,42.760646],[-90.845353,42.763859],[-90.845044,42.765485],[-90.842943,42.767907],[-90.839443,42.768878],[-90.83464,42.770667],[-90.831418,42.770649],[-90.831452,42.772005],[-90.829131,42.772381],[-90.82754,42.774466],[-90.83158,42.774448],[-90.831627,42.776024],[-90.835037,42.775999],[-90.834714,42.77821],[-90.835759,42.781286],[-90.840009,42.781733],[-90.843858,42.783774],[-90.848768,42.783102],[-90.848653,42.785317],[-90.860379,42.785473],[-90.860457,42.788903],[-90.862273,42.788885],[-90.862323,42.792041],[-90.863398,42.795644],[-90.866156,42.801138],[-90.867609,42.801168],[-90.873972,42.802794],[-90.877377,42.802653],[-90.878934,42.801993],[-90.881325,42.799201],[-90.884017,42.795712],[-90.892775,42.791513],[-90.89308,42.79632],[-90.899456,42.795498],[-90.902711,42.795467],[-90.909228,42.795021],[-90.909136,42.791467],[-90.911808,42.791341],[-90.91194,42.787218],[-90.923803,42.787508],[-90.923778,42.792912],[-90.928884,42.792539],[-90.928797,42.786258],[-90.947969,42.786296],[-90.948255,42.789825],[-90.949825,42.789547],[-90.951659,42.790781],[-90.956867,42.790451],[-90.956987,42.791007],[-90.955482,42.793294],[-90.955252,42.796677],[-90.957261,42.796728],[-90.957474,42.804935],[-90.964182,42.804996],[-90.964306,42.808697],[-90.966852,42.808136],[-90.968546,42.8068],[-90.969009,42.811511],[-90.969957,42.812177],[-90.972123,42.809976],[-90.973738,42.806036],[-90.973581,42.800317],[-90.988576,42.800317],[-90.988251,42.785886],[-91.017184,42.785842],[-91.018814,42.785963],[-91.031933,42.785884],[-91.033138,42.785512],[-91.037818,42.790407],[-91.037849,42.793092],[-91.052418,42.792841],[-91.052381,42.790146],[-91.054423,42.786034],[-91.054301,42.781467],[-91.05386,42.773797],[-91.060666,42.77205],[-91.061993,42.77147],[-91.0699097662306,42.771443887607894]],[[-90.956987,42.791007],[-90.957186,42.791029],[-90.958295,42.791005],[-90.961686,42.788556],[-90.963411,42.78817],[-90.963418,42.785894],[-90.975087,42.785909],[-90.973492,42.788431],[-90.9734,42.793581],[-90.970347,42.793368],[-90.96736,42.794746],[-90.962934,42.794517],[-90.961651,42.793271],[-90.958895,42.794342],[-90.957441,42.793667],[-90.956934,42.791132],[-90.956987,42.791007]]]}},{"type":"Feature","properties":{"zcta5":"53543","AFFGEOID10":"8600000US53543","GEOID10":"53543","ALAND10":205943091,"AWATER10":860645,"county_name":"Grant","state_code":"WI","county_state":"Grant County, WI","county_fips":"55043","risk_level_county":"Lower Risk (80–84% vaccinated)","mean_vaccination_rate_county":80.92,"risk_level_zcta":"Higher Risk (60–69% vaccinated)","mean_vaccination_rate_zips":67.94,"cases":36},"geometry":{"type":"Polygon","coordinates":[[[-90.370111,43.118679],[-90.369675,43.115687],[-90.370859,43.11234],[-90.37061,43.109081],[-90.36764,43.105013],[-90.373935,43.105015],[-90.384058,43.104589],[-90.387679,43.104675],[-90.406907,43.1044],[-90.411178,43.104107],[-90.411966,43.099821],[-90.413509,43.098081],[-90.416502,43.098722],[-90.420651,43.100435],[-90.425195,43.1041],[-90.425725,43.105889],[-90.427335,43.108226],[-90.429799,43.109915],[-90.429766,43.10746],[-90.431079,43.108233],[-90.443827,43.108446],[-90.443648,43.104571],[-90.457971,43.104614],[-90.458188,43.108184],[-90.465737,43.108215],[-90.469112,43.106885],[-90.469606,43.103347],[-90.462097,43.100072],[-90.463903,43.099434],[-90.464053,43.100257],[-90.467931,43.100805],[-90.471084,43.102181],[-90.474042,43.104046],[-90.473848,43.097462],[-90.478285,43.097488],[-90.478227,43.092644],[-90.482665,43.092533],[-90.481742,43.091286],[-90.481232,43.084805],[-90.483118,43.082156],[-90.483862,43.079292],[-90.483633,43.076586],[-90.481574,43.075244],[-90.468102,43.075226],[-90.467996,43.031387],[-90.464755,43.031411],[-90.462851,43.027183],[-90.461063,43.02687],[-90.461138,43.025564],[-90.456568,43.023563],[-90.45757,43.02286],[-90.454922,43.020842],[-90.455864,43.020633],[-90.455804,43.018148],[-90.453792,43.016014],[-90.449328,43.013244],[-90.444012,43.011905],[-90.442202,43.012043],[-90.440042,43.011066],[-90.441529,43.00964],[-90.445148,43.008767],[-90.444542,43.007105],[-90.441679,43.007056],[-90.439855,43.00609],[-90.439399,43.004674],[-90.437014,43.005031],[-90.436628,43.003852],[-90.434469,43.003979],[-90.428393,43.003138],[-90.428391,43.001931],[-90.427805,43.003799],[-90.424507,43.005613],[-90.419403,43.006691],[-90.411888,43.00746],[-90.408121,43.00653],[-90.407822,43.005231],[-90.404468,43.002756],[-90.400672,43.002058],[-90.396894,42.999849],[-90.394278,42.997474],[-90.394262,42.995979],[-90.390973,42.99739],[-90.387492,42.995512],[-90.386378,42.995764],[-90.380835,42.993259],[-90.377845,42.993214],[-90.377306,42.994256],[-90.37522,42.994825],[-90.370907,42.9946],[-90.369374,42.99551],[-90.365156,42.995063],[-90.362109,42.995459],[-90.358068,42.994693],[-90.352039,42.996026],[-90.348481,42.995451],[-90.351447,42.99367],[-90.351918,42.988882],[-90.349573,42.988632],[-90.349594,42.981608],[-90.331953,42.981871],[-90.333964,42.983685],[-90.334743,42.985224],[-90.334852,42.994678],[-90.327071,42.995066],[-90.324118,42.99653],[-90.309954,42.99686],[-90.309929,43.003333],[-90.309147,43.003958],[-90.297371,43.003944],[-90.294151,43.004307],[-90.29263,43.005905],[-90.290888,43.005828],[-90.288382,43.007522],[-90.285614,43.007225],[-90.286917,43.004118],[-90.277462,43.003825],[-90.275715,43.003281],[-90.270471,43.004991],[-90.266737,43.003844],[-90.253835,43.003771],[-90.246988,43.004542],[-90.246257,43.005082],[-90.245932,43.006354],[-90.244116,43.007677],[-90.242987,43.009685],[-90.240733,43.011099],[-90.241176,43.013944],[-90.241096,43.018201],[-90.267062,43.018397],[-90.267081,43.021323],[-90.262677,43.021335],[-90.262784,43.037789],[-90.262919,43.039774],[-90.260331,43.040059],[-90.256032,43.039749],[-90.25793,43.042317],[-90.259605,43.046294],[-90.256997,43.04957],[-90.254354,43.053853],[-90.255953,43.057506],[-90.249483,43.061767],[-90.247327,43.061886],[-90.243346,43.059713],[-90.23968,43.059688],[-90.236715,43.059108],[-90.234066,43.059185],[-90.231087,43.058178],[-90.231048,43.07399],[-90.229112,43.07556],[-90.231624,43.076642],[-90.252868,43.076615],[-90.253657,43.078174],[-90.256559,43.079832],[-90.258485,43.079218],[-90.258694,43.081171],[-90.255907,43.080493],[-90.254157,43.081993],[-90.250102,43.081125],[-90.24672,43.082405],[-90.246321,43.084115],[-90.248825,43.085545],[-90.249344,43.08694],[-90.251249,43.088647],[-90.251638,43.089925],[-90.25569,43.0892],[-90.257249,43.089241],[-90.25789,43.091138],[-90.262198,43.090381],[-90.268386,43.090657],[-90.270299,43.089816],[-90.270711,43.087306],[-90.27309,43.086135],[-90.279505,43.086137],[-90.282173,43.085702],[-90.286349,43.083775],[-90.288027,43.08584],[-90.290157,43.087039],[-90.294155,43.090904],[-90.294526,43.092493],[-90.296308,43.095624],[-90.297717,43.097039],[-90.298662,43.099664],[-90.300049,43.101628],[-90.299876,43.104303],[-90.300428,43.106113],[-90.303311,43.109042],[-90.308453,43.110341],[-90.310795,43.11227],[-90.318495,43.112454],[-90.319873,43.113034],[-90.319829,43.1193],[-90.342196,43.119094],[-90.346045,43.118723],[-90.34546,43.118086],[-90.346789,43.115982],[-90.346846,43.118986],[-90.370111,43.118679]]]}},{"type":"Feature","properties":{"zcta5":"53827","AFFGEOID10":"8600000US53827","GEOID10":"53827","ALAND10":88052197,"AWATER10":1962283,"county_name":"Grant","state_code":"WI","county_state":"Grant County, WI","county_fips":"55043","risk_level_county":"Lower Risk (80–84% vaccinated)","mean_vaccination_rate_county":80.92,"risk_level_zcta":"Medium Risk (70–79% vaccinated)","mean_vaccination_rate_zips":72.34,"cases":36},"geometry":{"type":"Polygon","coordinates":[[[-90.879581,43.073558],[-90.882949,43.073247],[-90.88765,43.071301],[-90.892253,43.070119],[-90.896149,43.069948],[-90.898222,43.069459],[-90.903985,43.065333],[-90.911843,43.063026],[-90.914136,43.062584],[-90.916218,43.062722],[-90.923665,43.064318],[-90.929187,43.065243],[-90.931849,43.065337],[-90.937481,43.063534],[-90.940087,43.061882],[-90.945495,43.055208],[-90.949154,43.048433],[-90.950619,43.046275],[-90.953078,43.043754],[-90.952584,43.042194],[-90.950107,43.042938],[-90.945304,43.042647],[-90.942963,43.041846],[-90.940588,43.039781],[-90.939641,43.037874],[-90.938915,43.035678],[-90.935788,43.036227],[-90.933948,43.034433],[-90.92973,43.031596],[-90.926296,43.031771],[-90.924382,43.030602],[-90.922235,43.030673],[-90.922552,43.031583],[-90.918103,43.034394],[-90.916982,43.036267],[-90.912326,43.03498],[-90.911591,43.036183],[-90.909595,43.036995],[-90.908166,43.036225],[-90.902789,43.035974],[-90.902799,43.032392],[-90.903413,43.019871],[-90.902734,43.017884],[-90.852888,43.017731],[-90.852257,43.019578],[-90.853159,43.022504],[-90.852757,43.024241],[-90.849521,43.026761],[-90.848569,43.028673],[-90.846256,43.031323],[-90.846608,43.033674],[-90.844937,43.03545],[-90.845429,43.038122],[-90.841093,43.039473],[-90.839147,43.040715],[-90.838695,43.04223],[-90.837313,43.041855],[-90.833993,43.03834],[-90.834268,43.037047],[-90.833156,43.036158],[-90.829521,43.035865],[-90.826321,43.027772],[-90.824722,43.026933],[-90.824184,43.025169],[-90.818004,43.025149],[-90.817213,43.025581],[-90.81606,43.028284],[-90.811076,43.031688],[-90.806477,43.033329],[-90.802588,43.036665],[-90.799399,43.037449],[-90.797009,43.036961],[-90.794793,43.037295],[-90.793729,43.036324],[-90.790019,43.035228],[-90.783784,43.03052],[-90.782732,43.02848],[-90.779905,43.02991],[-90.778868,43.027547],[-90.774547,43.023741],[-90.768809,43.020348],[-90.767689,43.022998],[-90.765328,43.025148],[-90.763148,43.026039],[-90.762004,43.027409],[-90.759835,43.028483],[-90.757798,43.032515],[-90.710988,43.031994],[-90.710835,43.034687],[-90.708087,43.034664],[-90.705984,43.037643],[-90.705497,43.039643],[-90.705297,43.046536],[-90.715245,43.046555],[-90.715095,43.050443],[-90.721313,43.050461],[-90.721216,43.053864],[-90.716949,43.053847],[-90.716992,43.054831],[-90.723987,43.054898],[-90.724246,43.046664],[-90.72811,43.047511],[-90.731747,43.048862],[-90.733945,43.049086],[-90.74182,43.050831],[-90.743297,43.051393],[-90.749873,43.056199],[-90.75737,43.056446],[-90.758013,43.059821],[-90.75995,43.060686],[-90.767363,43.060734],[-90.767185,43.056296],[-90.770701,43.056513],[-90.770421,43.060708],[-90.768098,43.062545],[-90.76647,43.064572],[-90.766367,43.065955],[-90.769107,43.068139],[-90.769907,43.070071],[-90.767929,43.070277],[-90.769251,43.072749],[-90.768538,43.075352],[-90.765643,43.077376],[-90.765355,43.081828],[-90.766244,43.082987],[-90.771078,43.083258],[-90.77299,43.08198],[-90.776482,43.077093],[-90.778876,43.075702],[-90.789617,43.075703],[-90.788514,43.077781],[-90.789901,43.079268],[-90.789972,43.083822],[-90.787003,43.088434],[-90.789177,43.093001],[-90.790884,43.092851],[-90.802398,43.088827],[-90.798905,43.090654],[-90.801431,43.090079],[-90.801782,43.092408],[-90.791581,43.098234],[-90.792142,43.100559],[-90.796308,43.098261],[-90.795965,43.096803],[-90.804453,43.101359],[-90.803387,43.102005],[-90.808856,43.099705],[-90.80926,43.097724],[-90.812364,43.095612],[-90.815651,43.094159],[-90.819621,43.091501],[-90.822794,43.088146],[-90.826047,43.08676],[-90.83126,43.085447],[-90.838538,43.085706],[-90.841124,43.084228],[-90.843374,43.081261],[-90.84388,43.079925],[-90.845746,43.077625],[-90.848626,43.076646],[-90.854788,43.076235],[-90.859037,43.074388],[-90.863113,43.073802],[-90.86657,43.072794],[-90.869719,43.073172],[-90.872414,43.072373],[-90.877677,43.073677],[-90.879581,43.073558]]]}}]}