{"type":"FeatureCollection","features":[{"type":"Feature","properties":{"zcta5":"79938","AFFGEOID10":"8600000US79938","GEOID10":"79938","ALAND10":943746896,"AWATER10":171229,"county_name":"Hudspeth","state_code":"TX","county_state":"Hudspeth County, TX","county_fips":"48229","risk_level_county":"Very High Risk (<60% vaccinated)","mean_vaccination_rate_county":49.01,"risk_level_zcta":"Medium Risk (70–79% vaccinated)","mean_vaccination_rate_zips":72.77,"cases":803},"geometry":{"type":"Polygon","coordinates":[[[-106.2335,31.754994],[-106.230377,31.755135],[-106.217033,31.75517],[-106.216557,31.758543],[-106.216404,31.754973],[-106.207395,31.754882],[-106.204657,31.754204],[-106.199298,31.751119],[-106.199071,31.766177],[-106.200842,31.769336],[-106.199588,31.769328],[-106.199742,31.783801],[-106.175787,31.783609],[-106.175796,31.77951],[-106.17453,31.778207],[-106.169016,31.778259],[-106.167163,31.778827],[-106.167397,31.780058],[-106.165417,31.780029],[-106.165407,31.778986],[-106.162667,31.779005],[-106.163414,31.781611],[-106.150942,31.781755],[-106.150817,31.779605],[-106.148483,31.779619],[-106.148663,31.783773],[-106.112457,31.783548],[-106.112512,31.790022],[-106.110954,31.792004],[-106.110933,31.795099],[-106.111461,31.795811],[-106.114404,31.795817],[-106.114424,31.796615],[-106.111846,31.796633],[-106.111827,31.798068],[-106.106995,31.798035],[-106.107045,31.803505],[-106.104662,31.804323],[-106.104704,31.808485],[-106.106749,31.808533],[-106.107304,31.809607],[-106.107311,31.81294],[-106.099747,31.812936],[-106.101085,31.815666],[-106.101122,31.817571],[-106.098069,31.817591],[-106.098047,31.812354],[-106.089596,31.812354],[-106.08953,31.80158],[-106.097947,31.801549],[-106.097864,31.794366],[-106.089453,31.79435],[-106.087778,31.793991],[-106.08774,31.790719],[-106.089449,31.790708],[-106.089305,31.783555],[-106.099959,31.783571],[-106.099932,31.780976],[-106.101165,31.780324],[-106.104132,31.780815],[-106.105995,31.782023],[-106.107514,31.781606],[-106.105797,31.778277],[-106.104336,31.779176],[-106.101977,31.778884],[-106.100862,31.777235],[-106.101587,31.775739],[-106.099503,31.775983],[-106.097702,31.775352],[-106.097738,31.776369],[-106.089248,31.776362],[-106.08915,31.769163],[-106.080729,31.769142],[-106.080799,31.776342],[-106.072786,31.776339],[-106.071569,31.783538],[-106.079315,31.783543],[-106.079338,31.785441],[-106.078281,31.785617],[-106.078308,31.788558],[-106.080934,31.788574],[-106.08092,31.787146],[-106.085142,31.787147],[-106.085193,31.794337],[-106.080039,31.794292],[-106.079213,31.794998],[-106.079223,31.797128],[-106.075897,31.797143],[-106.075875,31.794284],[-106.07502,31.792857],[-106.071669,31.792146],[-106.071675,31.792883],[-106.06632,31.792831],[-106.066301,31.791419],[-106.067466,31.791423],[-106.067452,31.78929],[-106.064997,31.789277],[-106.064058,31.788551],[-106.064067,31.790695],[-106.061657,31.790737],[-106.059684,31.789864],[-106.057521,31.793232],[-106.059074,31.797939],[-106.056969,31.797932],[-106.058861,31.801012],[-106.060276,31.800264],[-106.060762,31.802968],[-106.064211,31.803325],[-106.064196,31.802594],[-106.0682,31.802599],[-106.068225,31.804035],[-106.071689,31.804033],[-106.072842,31.804467],[-106.072818,31.801611],[-106.071528,31.800647],[-106.073624,31.79896],[-106.074193,31.800295],[-106.077072,31.800168],[-106.077038,31.797943],[-106.081028,31.797929],[-106.081142,31.809732],[-106.080219,31.809743],[-106.080232,31.811377],[-106.078552,31.811377],[-106.077762,31.812348],[-106.077779,31.81516],[-106.075247,31.815159],[-106.075266,31.815943],[-106.077781,31.815958],[-106.078596,31.817365],[-106.080333,31.817368],[-106.080324,31.820963],[-106.078693,31.820953],[-106.077857,31.822393],[-106.080378,31.822381],[-106.080413,31.825944],[-106.076212,31.825945],[-106.074527,31.825596],[-106.074475,31.821667],[-106.073651,31.820757],[-106.071852,31.820687],[-106.070498,31.822027],[-106.06738,31.818886],[-106.06632,31.819681],[-106.062675,31.815983],[-106.057373,31.807758],[-106.053525,31.809449],[-106.051531,31.806322],[-106.05305,31.805627],[-106.051207,31.803118],[-106.05213,31.802623],[-106.051119,31.80122],[-106.05244,31.800512],[-106.050812,31.798214],[-106.054968,31.797927],[-106.055835,31.795923],[-106.052177,31.795335],[-106.052637,31.794611],[-106.050425,31.792726],[-106.049855,31.793271],[-106.047233,31.791559],[-106.047224,31.789327],[-106.04509,31.789509],[-106.04465,31.787912],[-106.04334,31.786709],[-106.041576,31.787067],[-106.04047,31.785172],[-106.038609,31.785411],[-106.039852,31.784112],[-106.038187,31.781595],[-106.030136,31.771871],[-106.028489,31.772667],[-106.028495,31.770836],[-106.02401,31.770823],[-106.024025,31.768472],[-106.022115,31.768514],[-106.0221,31.767516],[-106.025575,31.767424],[-106.025589,31.768163],[-106.027547,31.767434],[-106.032686,31.767545],[-106.03743,31.766272],[-106.03741,31.769119],[-106.042204,31.769104],[-106.042165,31.773356],[-106.050909,31.773385],[-106.05296,31.769867],[-106.053022,31.76821],[-106.058327,31.768244],[-106.058046,31.763693],[-106.063796,31.762693],[-106.063708,31.754811],[-106.06182,31.754848],[-106.047895,31.757646],[-106.046849,31.756436],[-106.048513,31.755397],[-106.045553,31.752001],[-106.035979,31.758113],[-106.037967,31.760385],[-106.034919,31.760921],[-106.033163,31.762899],[-106.029559,31.764186],[-106.029524,31.760246],[-106.03092,31.760614],[-106.031449,31.757393],[-106.032709,31.754161],[-106.032105,31.748963],[-106.030305,31.750151],[-106.030422,31.74771],[-106.031646,31.74748],[-106.029941,31.740855],[-106.029451,31.740329],[-106.023761,31.74033],[-106.023791,31.74206],[-106.022071,31.741992],[-106.015221,31.734571],[-106.012479,31.732467],[-106.010643,31.731798],[-106.009624,31.72846],[-106.008053,31.727719],[-105.998774,31.720075],[-105.997792,31.718546],[-105.997737,31.715491],[-105.998346,31.710763],[-105.998,31.708639],[-105.995054,31.710687],[-105.994951,31.700416],[-105.970724,31.6888],[-105.969269,31.688333],[-105.94949,31.683112],[-105.94521,31.682448],[-105.898225,31.672118],[-105.894579,31.673965],[-105.889673,31.677779],[-105.886503,31.686949],[-105.887519,31.690631],[-105.891742,31.695497],[-105.893988,31.696471],[-105.895221,31.696466],[-105.896453,31.695151],[-105.89939,31.694154],[-105.899541,31.692868],[-105.901114,31.69211],[-105.903107,31.693128],[-105.908193,31.691923],[-105.909662,31.693378],[-105.913767,31.694983],[-105.915992,31.695061],[-105.917307,31.696487],[-105.917881,31.698442],[-105.920374,31.699453],[-105.9228,31.701242],[-105.924331,31.702912],[-105.923488,31.712022],[-105.927672,31.724655],[-105.928276,31.727006],[-105.928277,31.728943],[-105.928927,31.73154],[-105.929962,31.739004],[-105.929976,31.744245],[-105.926843,31.749551],[-105.931341,31.75352],[-105.936056,31.756283],[-105.935347,31.758019],[-105.936724,31.760657],[-105.939212,31.761847],[-105.939761,31.764021],[-105.94202,31.765156],[-105.943294,31.766965],[-105.946141,31.76945],[-105.947563,31.769986],[-105.948258,31.772106],[-105.949755,31.773447],[-105.952044,31.773839],[-105.956217,31.777304],[-105.956733,31.78059],[-105.956238,31.78162],[-105.950246,31.781273],[-105.946176,31.782932],[-105.94332,31.782171],[-105.939598,31.780201],[-105.936898,31.779197],[-105.93493,31.779241],[-105.928949,31.776584],[-105.926753,31.775851],[-105.916688,31.76684],[-105.917445,31.765071],[-105.913072,31.763683],[-105.911574,31.761236],[-105.90687,31.760364],[-105.905549,31.75974],[-105.903873,31.757592],[-105.903029,31.75427],[-105.901271,31.752954],[-105.896656,31.752167],[-105.892977,31.749995],[-105.8897,31.748478],[-105.888541,31.746236],[-105.889941,31.7447],[-105.890739,31.742815],[-105.889998,31.741663],[-105.88215,31.740533],[-105.877062,31.740599],[-105.873813,31.73999],[-105.86795,31.737689],[-105.861162,31.729968],[-105.859924,31.726588],[-105.858718,31.72496],[-105.856059,31.726832],[-105.854619,31.727089],[-105.8524,31.726302],[-105.848734,31.723883],[-105.839678,31.718462],[-105.835087,31.716706],[-105.832994,31.716548],[-105.830559,31.717963],[-105.828814,31.720019],[-105.826283,31.717854],[-105.825161,31.713257],[-105.823976,31.713616],[-105.815366,31.715217],[-105.811666,31.712778],[-105.810354,31.712368],[-105.808942,31.710869],[-105.807952,31.710709],[-105.803997,31.710729],[-105.8027,31.711705],[-105.801477,31.71552],[-105.796895,31.717362],[-105.794353,31.717644],[-105.793459,31.717089],[-105.790584,31.7174],[-105.788684,31.719025],[-105.786388,31.718155],[-105.785447,31.719433],[-105.785335,31.721138],[-105.781826,31.722261],[-105.778774,31.722382],[-105.774737,31.72311],[-105.773305,31.724963],[-105.769893,31.725126],[-105.766697,31.726657],[-105.760202,31.725466],[-105.757111,31.728213],[-105.752782,31.731114],[-105.749742,31.731967],[-105.749202,31.733378],[-105.747265,31.732846],[-105.742994,31.733812],[-105.73968,31.733825],[-105.736652,31.733484],[-105.724272,31.733553],[-105.721893,31.733347],[-105.718532,31.733631],[-105.712181,31.733564],[-105.706088,31.73391],[-105.704513,31.733715],[-105.700109,31.729488],[-105.699109,31.728047],[-105.698046,31.724485],[-105.695468,31.724385],[-105.692087,31.725673],[-105.688959,31.727909],[-105.686032,31.728205],[-105.685829,31.727995],[-105.688661,31.684475],[-105.688979,31.682949],[-105.651062,31.694206],[-105.650991,31.692493],[-105.650151,31.690397],[-105.649883,31.687206],[-105.637969,31.689855],[-105.625352,31.691847],[-105.625472,31.694826],[-105.625438,31.697017],[-105.623524,31.70115],[-105.622431,31.702697],[-105.59164,31.711835],[-105.588495,31.711203],[-105.588789,31.720172],[-105.584632,31.733893],[-105.584825,31.745644],[-105.621583,31.759102],[-105.618908,31.765826],[-105.620501,31.770039],[-105.622199,31.770601],[-105.625581,31.770672],[-105.647857,31.768698],[-105.650202,31.767791],[-105.657554,31.765811],[-105.679466,31.761378],[-105.681061,31.759243],[-105.686168,31.758883],[-105.690907,31.757873],[-105.692747,31.756989],[-105.695895,31.756588],[-105.702069,31.753853],[-105.706191,31.752703],[-105.714195,31.751637],[-105.728267,31.751726],[-105.737479,31.752769],[-105.742528,31.754434],[-105.748561,31.754107],[-105.751303,31.754162],[-105.754601,31.755],[-105.756161,31.754841],[-105.757247,31.753616],[-105.763662,31.753467],[-105.768666,31.753113],[-105.77169,31.754163],[-105.7767,31.757206],[-105.783784,31.759653],[-105.789692,31.760411],[-105.792075,31.760994],[-105.793575,31.763016],[-105.79811,31.764291],[-105.800738,31.763661],[-105.802401,31.761905],[-105.803445,31.759202],[-105.804776,31.758],[-105.806708,31.758893],[-105.810237,31.758682],[-105.811447,31.759362],[-105.816989,31.758742],[-105.82019,31.760198],[-105.821999,31.760588],[-105.823483,31.760251],[-105.823005,31.76052],[-105.823347,31.763904],[-105.82404,31.765211],[-105.827633,31.767905],[-105.830085,31.773287],[-105.831503,31.775321],[-105.832961,31.776411],[-105.833942,31.778205],[-105.82992,31.781744],[-105.829111,31.783644],[-105.827517,31.784503],[-105.822902,31.789419],[-105.820651,31.792355],[-105.819078,31.795023],[-105.817678,31.796606],[-105.814636,31.802315],[-105.809164,31.80889],[-105.80616,31.813502],[-105.804854,31.820138],[-105.804893,31.82666],[-105.8394,31.83177],[-105.858366,31.832914],[-105.860536,31.832638],[-105.844771,31.836984],[-105.84126,31.838851],[-105.832379,31.844464],[-105.829963,31.845346],[-105.82345,31.845467],[-105.812137,31.846626],[-105.810556,31.846973],[-105.810872,31.848332],[-105.810334,31.849574],[-105.812805,31.856504],[-105.814231,31.861456],[-105.815666,31.869388],[-105.815902,31.87442],[-105.81831,31.874487],[-105.821375,31.872721],[-105.825398,31.873046],[-105.826926,31.873865],[-105.831373,31.8744],[-105.833405,31.877185],[-105.857509,31.877281],[-105.860355,31.87676],[-105.862855,31.87569],[-105.865749,31.875927],[-105.866434,31.876691],[-105.864775,31.880255],[-105.86281,31.88225],[-105.860512,31.885675],[-105.855269,31.887804],[-105.853913,31.888704],[-105.851485,31.892505],[-105.84923,31.894265],[-105.847533,31.896199],[-105.846714,31.89877],[-105.845773,31.904268],[-105.846425,31.906838],[-105.84673,31.910918],[-105.845084,31.909934],[-105.843509,31.909735],[-105.841347,31.910364],[-105.836269,31.909079],[-105.837713,31.910604],[-105.838718,31.915336],[-105.843511,31.922641],[-105.84689,31.931239],[-105.848339,31.933968],[-105.851484,31.938369],[-105.857276,31.943119],[-105.857461,31.944449],[-105.873697,31.944148],[-105.8763,31.943842],[-105.877567,31.942059],[-105.877778,31.944383],[-105.879616,31.947192],[-105.881658,31.949556],[-105.882125,31.950694],[-105.882304,31.953956],[-105.88347,31.959599],[-105.881891,31.964124],[-105.892345,31.963689],[-105.89515,31.963829],[-105.908978,31.963051],[-105.912476,31.963171],[-105.918456,31.962428],[-105.929803,31.960317],[-105.934071,31.957092],[-105.936911,31.952769],[-105.942153,31.941616],[-105.94226,31.940298],[-105.942756,31.941057],[-105.948896,31.942541],[-105.949591,31.9428],[-105.950657,31.941039],[-105.952015,31.943495],[-105.954626,31.944078],[-105.956126,31.945379],[-105.955254,31.946226],[-105.955148,31.947783],[-105.954215,31.949255],[-105.955749,31.95491],[-105.96351,31.962273],[-105.966115,31.965645],[-105.967918,31.964862],[-105.969476,31.962371],[-105.972058,31.962921],[-105.973925,31.964333],[-105.976678,31.96455],[-105.978232,31.963953],[-105.97964,31.961093],[-105.980929,31.960055],[-105.983247,31.959539],[-105.984375,31.958684],[-105.983576,31.958109],[-105.984499,31.955245],[-105.985396,31.954931],[-105.988558,31.955134],[-105.98926,31.956317],[-105.991027,31.957124],[-105.989097,31.95171],[-105.988257,31.95028],[-105.986437,31.948678],[-105.986468,31.947688],[-105.987573,31.946286],[-105.988839,31.946375],[-105.989702,31.944618],[-105.989425,31.942642],[-105.991377,31.940282],[-105.993773,31.939758],[-105.993715,31.938835],[-105.995085,31.938773],[-105.995647,31.937511],[-105.997144,31.936998],[-105.997806,32.000104],[-105.998003,32.002328],[-106.09973734629399,32.0024915331095],[-106.100437,31.966579],[-106.099706,31.951846],[-106.099924,31.891558],[-106.103261,31.889452],[-106.113496,31.889552],[-106.114173,31.889417],[-106.116203,31.888186],[-106.2008,31.887613],[-106.200355,31.859527],[-106.200325,31.856969],[-106.200291,31.854531],[-106.200377,31.851563],[-106.200289,31.840413],[-106.200103,31.826625],[-106.251596,31.82846],[-106.251694,31.838999],[-106.24132,31.839031],[-106.241352,31.849377],[-106.269258,31.849126],[-106.268938,31.837035],[-106.28248,31.836795],[-106.281921,31.82258],[-106.272299,31.819461],[-106.269472,31.817647],[-106.268216,31.81453],[-106.268185,31.806572],[-106.26767,31.760763],[-106.267278,31.760774],[-106.25239,31.760759],[-106.251027,31.760881],[-106.251093,31.769115],[-106.249306,31.769326],[-106.248853,31.755036],[-106.2335,31.754994]]]}},{"type":"Feature","properties":{"zcta5":"79837","AFFGEOID10":"8600000US79837","GEOID10":"79837","ALAND10":4275679671,"AWATER10":16347005,"county_name":"Hudspeth","state_code":"TX","county_state":"Hudspeth County, TX","county_fips":"48229","risk_level_county":"Very High Risk (<60% vaccinated)","mean_vaccination_rate_county":49.01,"risk_level_zcta":"Uninhabited","mean_vaccination_rate_zips":null,"cases":803},"geometry":{"type":"Polygon","coordinates":[[[-105.522531,32.422131],[-105.524129,32.421158],[-105.525675,32.418652],[-105.526871,32.418847],[-105.526995,32.416319],[-105.532778,32.40878],[-105.554252,32.364074],[-105.552259,32.362277],[-105.550192,32.361192],[-105.549339,32.358809],[-105.551117,32.356912],[-105.554646,32.35989],[-105.56251,32.363571],[-105.568988,32.364607],[-105.568716,32.361793],[-105.571528,32.356704],[-105.573635,32.350911],[-105.575271,32.348573],[-105.578207,32.342793],[-105.579225,32.339795],[-105.581113,32.335945],[-105.581545,32.333722],[-105.58176,32.32994],[-105.582321,32.327759],[-105.583627,32.31973],[-105.583495,32.315776],[-105.58308,32.313544],[-105.583672,32.313052],[-105.58756,32.316215],[-105.58945,32.316443],[-105.59188,32.318094],[-105.594957,32.319146],[-105.596524,32.320223],[-105.598195,32.322994],[-105.598867,32.324872],[-105.605989,32.319806],[-105.610116,32.317926],[-105.611842,32.315817],[-105.613783,32.31215],[-105.615375,32.30845],[-105.625532,32.308818],[-105.634098,32.308344],[-105.635932,32.30917],[-105.638961,32.308886],[-105.642631,32.309863],[-105.642562,32.308832],[-105.658719,32.311358],[-105.673475,32.29681],[-105.675209,32.29298],[-105.675979,32.292046],[-105.675994,32.288857],[-105.678949,32.290522],[-105.685551,32.292945],[-105.694372,32.29681],[-105.696332,32.29531],[-105.697976,32.293321],[-105.698043,32.290337],[-105.704907,32.282383],[-105.708444,32.282108],[-105.713518,32.2824],[-105.718896,32.283015],[-105.723346,32.282663],[-105.723564,32.247864],[-105.723328,32.245432],[-105.723495,32.242289],[-105.724429,32.235743],[-105.725199,32.233815],[-105.729598,32.224635],[-105.733769,32.217672],[-105.740329,32.215556],[-105.742636,32.215119],[-105.746794,32.218015],[-105.751437,32.217744],[-105.761816,32.215736],[-105.764241,32.216087],[-105.766809,32.217142],[-105.764902,32.214488],[-105.764448,32.213251],[-105.765117,32.20995],[-105.766414,32.206004],[-105.769471,32.19868],[-105.771618,32.19623],[-105.773501,32.193423],[-105.775018,32.191803],[-105.774978,32.189402],[-105.775478,32.186704],[-105.775061,32.181567],[-105.776374,32.180321],[-105.77475,32.179367],[-105.774595,32.177222],[-105.775197,32.174639],[-105.774858,32.173347],[-105.77581,32.17137],[-105.77737,32.169331],[-105.793333,32.161526],[-105.799031,32.159529],[-105.802718,32.159168],[-105.805592,32.159596],[-105.809033,32.159208],[-105.812933,32.157901],[-105.813217,32.157302],[-105.811505,32.155966],[-105.811935,32.154786],[-105.816001,32.152313],[-105.821863,32.146642],[-105.823902,32.142629],[-105.823318,32.142313],[-105.821975,32.138945],[-105.822472,32.132396],[-105.82257,32.128736],[-105.823969,32.12424],[-105.824613,32.12364],[-105.821635,32.124981],[-105.817417,32.126117],[-105.801605,32.124786],[-105.800699,32.124623],[-105.796361,32.122383],[-105.795008,32.12108],[-105.797161,32.119493],[-105.798851,32.115451],[-105.79957,32.114781],[-105.801218,32.11094],[-105.80307,32.100918],[-105.817597,32.09465],[-105.823436,32.093279],[-105.826886,32.09219],[-105.833809,32.09214],[-105.835548,32.091611],[-105.839295,32.091391],[-105.849841,32.08764],[-105.852534,32.086171],[-105.856793,32.085638],[-105.863144,32.085864],[-105.865701,32.087432],[-105.866372,32.086601],[-105.867167,32.087508],[-105.867121,32.086275],[-105.8691,32.084767],[-105.8747,32.08306],[-105.876048,32.081775],[-105.879291,32.080719],[-105.88344,32.078006],[-105.88348,32.065179],[-105.882965,32.063735],[-105.87603,32.039831],[-105.875486,32.031757],[-105.878781,32.030853],[-105.90064770132201,32.0021001116588],[-105.9006,32.0021],[-105.886159,32.00197],[-105.854061,32.00235],[-105.750527,32.002206],[-105.731362,32.001564],[-105.429281,32.000577],[-105.428582,32.0006],[-105.427049,32.000638],[-105.390396,32.000607],[-105.339806965353,32.0005834604622],[-105.339062,31.999304],[-105.336823,31.998323],[-105.332743,31.995148],[-105.326026,31.993171],[-105.318159,31.993418],[-105.312832,31.990993],[-105.310079,31.990928],[-105.308367,31.990004],[-105.303939,31.988343],[-105.30082,31.987832],[-105.29225,31.985195],[-105.286978,31.980895],[-105.285006,31.980751],[-105.280711,31.981153],[-105.279529,31.980595],[-105.279304,31.978223],[-105.279396,31.969597],[-105.270984,31.969565],[-105.27115,31.908148],[-105.25346,31.908137],[-105.253346,31.88491],[-105.236068,31.884983],[-105.236231,31.881195],[-105.236031,31.877342],[-105.201236,31.877388],[-105.201216,31.861295],[-105.197229,31.860287],[-105.192377,31.858602],[-105.188098,31.856596],[-105.18728,31.856502],[-105.187106,31.859118],[-105.182734,31.857036],[-105.174456,31.857576],[-105.174457,31.861415],[-105.148212,31.861549],[-105.148732,31.90054],[-105.14029,31.900565],[-105.139978,31.901944],[-105.139974,31.923551],[-105.131187,31.923526],[-105.131225,31.93888],[-105.135622,31.938879],[-105.135669,31.946261],[-105.136933,31.946379],[-105.136844,31.954227],[-105.135646,31.954209],[-105.135664,31.96406],[-105.140124,31.964081],[-105.139974,31.972523],[-105.135703,31.972508],[-105.135692,31.977241],[-105.131403,31.977262],[-105.131481,31.984975],[-105.113818,31.984886],[-105.113944,31.947982],[-105.11371,31.94657],[-105.11136,31.94658],[-105.113697,31.945099],[-105.113733,31.938777],[-105.110467,31.937972],[-105.108664,31.936948],[-105.104786,31.932636],[-105.101712,31.930641],[-105.095749,31.930354],[-105.095686,31.92352],[-105.023114,31.923508],[-105.023078,31.937951],[-105.007082,31.938121],[-105.006006,31.9394],[-105.005538,31.944438],[-105.003955,31.943351],[-104.998754,31.939417],[-104.997245,31.943477],[-104.989437,31.946658],[-104.989155,31.953006],[-104.968626,31.953669],[-104.968384,31.955029],[-104.969511,31.959039],[-104.970125,31.962781],[-104.969833,31.96908],[-104.971397,31.970383],[-104.971458,31.99291],[-104.977051,31.999006],[-104.979488,31.999228],[-104.98021595379801,32.00052838154969],[-104.918356959202,32.0004960444129],[-104.918272,32.000496],[-104.847740007254,32.000482393994396],[-104.847917,32.190834],[-104.847637,32.253497],[-104.851279,32.253489],[-104.851524,32.520541],[-104.892211,32.520592],[-105.110483,32.520694],[-105.149278,32.520722],[-105.149278,32.518854],[-105.162796,32.518854],[-105.1625,32.516627],[-105.161474,32.515554],[-105.161019,32.513863],[-105.15683,32.509389],[-105.156305,32.50141],[-105.154814,32.499426],[-105.153186,32.493226],[-105.151919,32.492939],[-105.152021,32.491176],[-105.152955,32.489947],[-105.156291,32.486883],[-105.15913,32.484616],[-105.160486,32.48417],[-105.157688,32.478218],[-105.156292,32.474395],[-105.164298,32.469859],[-105.16784,32.466637],[-105.167714,32.464531],[-105.166699,32.463161],[-105.166365,32.461588],[-105.167504,32.459076],[-105.167895,32.454666],[-105.167341,32.448293],[-105.166064,32.442265],[-105.163779,32.438361],[-105.162821,32.434635],[-105.160785,32.432088],[-105.161145,32.429516],[-105.16038,32.426915],[-105.159518,32.425956],[-105.1583,32.421004],[-105.158044,32.420166],[-105.166469,32.418978],[-105.166664,32.41751],[-105.16472,32.410705],[-105.163851,32.383037],[-105.165775,32.374435],[-105.167161,32.369812],[-105.167027,32.36801],[-105.168888,32.368003],[-105.171322,32.366979],[-105.176267,32.36677],[-105.178747,32.365535],[-105.184231,32.357295],[-105.184726,32.355511],[-105.184474,32.352471],[-105.18556,32.349162],[-105.186363,32.348537],[-105.187747,32.344837],[-105.187421,32.340528],[-105.192642,32.3406],[-105.19392,32.34022],[-105.200523,32.333367],[-105.203191,32.331277],[-105.204853,32.329345],[-105.210791,32.32535],[-105.213769,32.32415],[-105.214352,32.323068],[-105.2108,32.321658],[-105.203093,32.322913],[-105.199654,32.321928],[-105.197575,32.322023],[-105.196118,32.321154],[-105.19411,32.318486],[-105.196474,32.320455],[-105.197271,32.321682],[-105.199667,32.321654],[-105.202866,32.322567],[-105.204777,32.322462],[-105.210392,32.321284],[-105.214511,32.322581],[-105.215975,32.32345],[-105.221863,32.324267],[-105.223158,32.324103],[-105.228217,32.325871],[-105.229902,32.327675],[-105.23579,32.328696],[-105.238012,32.329482],[-105.242247,32.328265],[-105.245965,32.328197],[-105.248381,32.327607],[-105.249714,32.326469],[-105.254993,32.324106],[-105.257085,32.323909],[-105.259423,32.324482],[-105.261982,32.323537],[-105.266393,32.322961],[-105.267999,32.323402],[-105.273381,32.32293],[-105.275609,32.323723],[-105.277935,32.325507],[-105.279323,32.325691],[-105.279527,32.32654],[-105.28294,32.327756],[-105.286301,32.327378],[-105.288199,32.3286],[-105.29489,32.331648],[-105.296266,32.332529],[-105.305112,32.335108],[-105.30929,32.334895],[-105.311056,32.334],[-105.312631,32.332088],[-105.31488,32.333371],[-105.317125,32.335504],[-105.318499,32.339005],[-105.320766,32.343899],[-105.320498,32.345101],[-105.321777,32.348774],[-105.322182,32.356665],[-105.322144,32.36019],[-105.323549,32.362873],[-105.32534,32.369796],[-105.328491,32.375366],[-105.328861,32.379083],[-105.331572,32.383957],[-105.332626,32.384971],[-105.337809,32.396678],[-105.339651,32.400022],[-105.340926,32.400972],[-105.34295,32.403694],[-105.349648,32.401345],[-105.36728,32.388554],[-105.481998,32.388759],[-105.484914,32.395196],[-105.484234,32.398341],[-105.485372,32.400278],[-105.487625,32.402405],[-105.489701,32.403259],[-105.495954,32.40654],[-105.498211,32.40724],[-105.501732,32.409607],[-105.503725,32.412813],[-105.5073,32.413829],[-105.50964,32.41375],[-105.512365,32.415674],[-105.518117,32.418627],[-105.52136,32.41969],[-105.522614,32.421022],[-105.522531,32.422131]]]}},{"type":"Feature","properties":{"zcta5":"79839","AFFGEOID10":"8600000US79839","GEOID10":"79839","ALAND10":1252372633,"AWATER10":772232,"county_name":"Hudspeth","state_code":"TX","county_state":"Hudspeth County, TX","county_fips":"48229","risk_level_county":"Very High Risk (<60% vaccinated)","mean_vaccination_rate_county":49.01,"risk_level_zcta":"Higher Risk (60–69% vaccinated)","mean_vaccination_rate_zips":65.81,"cases":803},"geometry":{"type":"Polygon","coordinates":[[[-105.99713200125301,31.387246427542],[-105.982046,31.375869],[-105.970101,31.365937],[-105.968706,31.365619],[-105.955596,31.365304],[-105.954687,31.365182],[-105.953786,31.364749],[-105.945852,31.353207],[-105.945491,31.352082],[-105.945502,31.350717],[-105.947826,31.341157],[-105.947815,31.33987],[-105.938452,31.318735],[-105.932553,31.313121],[-105.931019,31.31271],[-105.922092,31.311983],[-105.9181,31.312626],[-105.914199,31.313041],[-105.911161,31.312983],[-105.908771,31.312774],[-105.907952,31.312562],[-105.907388,31.312214],[-105.907039,31.311281],[-105.906689,31.310045],[-105.903471,31.306988],[-105.902098,31.303733],[-105.8967,31.293122],[-105.89622,31.292373],[-105.894595,31.29101],[-105.893149,31.290375],[-105.890872,31.290014],[-105.878093,31.291544],[-105.876387,31.291668],[-105.875111,31.29149],[-105.870456,31.289795],[-105.869163,31.288815],[-105.858462,31.276107],[-105.857272,31.274986],[-105.854057,31.272748],[-105.853369,31.271774],[-105.8517,31.267858],[-105.850511,31.265269],[-105.835722,31.246812],[-105.818835,31.230681],[-105.794386,31.20224],[-105.793182,31.201542],[-105.791413,31.200976],[-105.786308,31.199547],[-105.784684,31.19898],[-105.783554,31.198292],[-105.782895,31.197563],[-105.780784,31.193626],[-105.779725,31.191283],[-105.779458,31.18985],[-105.779637,31.187634],[-105.780047,31.186069],[-105.780253,31.184941],[-105.780021,31.182666],[-105.779122,31.181002],[-105.776126,31.176524],[-105.775358,31.174639],[-105.774268,31.169368],[-105.773847,31.168033],[-105.773257,31.166897],[-105.771776,31.16592],[-105.76956,31.164876],[-105.763531,31.164121],[-105.744431,31.165355],[-105.743685,31.165254],[-105.742678,31.164897],[-105.741564,31.164377],[-105.71954,31.149161],[-105.718758,31.148285],[-105.718298,31.147213],[-105.717749,31.144761],[-105.717691,31.143441],[-105.717525,31.142415],[-105.717006,31.141438],[-105.71618,31.140567],[-105.709491,31.136375],[-105.693414,31.130819],[-105.679419,31.126032],[-105.66912,31.123105],[-105.665031,31.121751],[-105.663473,31.121113],[-105.662283,31.120289],[-105.661167,31.119827],[-105.659861,31.11968],[-105.658833,31.119461],[-105.648834,31.115902],[-105.647604,31.114979],[-105.646731,31.113908],[-105.642593,31.099374],[-105.64189,31.098322],[-105.640849,31.097795],[-105.639828,31.097647],[-105.628519,31.098655],[-105.627349,31.098545],[-105.606099,31.08503],[-105.604467,31.083744],[-105.60333,31.082625],[-105.598773,31.074926],[-105.595921,31.064842],[-105.594467,31.063694],[-105.588598,31.060551],[-105.587162,31.059358],[-105.585323,31.057488],[-105.584848,31.056327],[-105.579542,31.035396],[-105.579507,31.034087],[-105.579913,31.03039],[-105.58106,31.02816],[-105.581404,31.026847],[-105.579114,31.021645],[-105.578151,31.020224],[-105.576853,31.019475],[-105.571976,31.018936],[-105.571146,31.018656],[-105.570532,31.018007],[-105.568956,31.015369],[-105.568756,31.014606],[-105.568868,31.013595],[-105.570233,31.008971],[-105.570096,31.008203],[-105.565684,31.002336],[-105.56368,30.997546],[-105.55743,30.990229],[-105.556168,30.98894],[-105.554044,30.988118],[-105.543676,30.984746],[-105.541892,30.984552],[-105.540574,30.984955],[-105.538042,30.985734],[-105.535789,30.985022],[-105.533088,30.984859],[-105.532268,30.984308],[-105.52738,30.978446],[-105.52634,30.977654],[-105.52471,30.97719],[-105.522977,30.976897],[-105.522094,30.976553],[-105.52165,30.975982],[-105.521319,30.974689],[-105.520338,30.972974],[-105.519628,30.972537],[-105.517864,30.971098],[-105.517731,30.970322],[-105.516811,30.969252],[-105.516865,30.967207],[-105.515718,30.964857],[-105.514916,30.965223],[-105.514217,30.966077],[-105.513764,30.966261],[-105.511838,30.966494],[-105.508236,30.966295],[-105.506674,30.966507],[-105.503669,30.967958],[-105.502756,30.967911],[-105.501968,30.967737],[-105.500061,30.96595],[-105.498981,30.96341],[-105.497958,30.962127],[-105.496991,30.961401],[-105.494128,30.957322],[-105.49395,30.955624],[-105.494204,30.955303],[-105.495766,30.955779],[-105.496897,30.95513],[-105.496463,30.954325],[-105.497538,30.953083],[-105.498094,30.951837],[-105.498992,30.950725],[-105.498428,30.950113],[-105.496648,30.949461],[-105.494808,30.949363],[-105.493728,30.949461],[-105.491109,30.947052],[-105.489442,30.94549],[-105.488027,30.943278],[-105.48629,30.942567],[-105.484145,30.941093],[-105.481918,30.94074],[-105.47822,30.938212],[-105.477144,30.935986],[-105.475923,30.933817],[-105.474206,30.933997],[-105.473603,30.934388],[-105.470886,30.933763],[-105.470706,30.93276],[-105.470789,30.931239],[-105.46985,30.931158],[-105.467552,30.929668],[-105.467448,30.928202],[-105.467207,30.927145],[-105.467339,30.925552],[-105.466534,30.924197],[-105.465462,30.924551],[-105.464927,30.925814],[-105.462611,30.924988],[-105.460751,30.925395],[-105.459474,30.924792],[-105.457787,30.924923],[-105.45646,30.924542],[-105.452971,30.925085],[-105.451604,30.924827],[-105.451205,30.923963],[-105.451208,30.921752],[-105.451989,30.920125],[-105.452423,30.91988],[-105.45375,30.91979],[-105.454375,30.919427],[-105.453361,30.917368],[-105.453152,30.916206],[-105.452091,30.915653],[-105.451074,30.915856],[-105.449989,30.917089],[-105.448665,30.917723],[-105.448051,30.918785],[-105.447127,30.919594],[-105.445569,30.918527],[-105.44432,30.917258],[-105.445451,30.916277],[-105.445342,30.915333],[-105.444602,30.913035],[-105.442236,30.909275],[-105.440918,30.908362],[-105.439535,30.908714],[-105.436172,30.90748],[-105.434559,30.907685],[-105.432387,30.906019],[-105.430136,30.905604],[-105.428825,30.904681],[-105.426284,30.900768],[-105.425624,30.900396],[-105.424762,30.900996],[-105.421665,30.900478],[-105.419272,30.900356],[-105.415051,30.899952],[-105.413802,30.899567],[-105.413552,30.898073],[-105.412288,30.894398],[-105.412108,30.89372],[-105.410702,30.892469],[-105.410533,30.891885],[-105.410764,30.891427],[-105.411897,30.89086],[-105.412352,30.890034],[-105.412101,30.889418],[-105.412273,30.888702],[-105.41165,30.888502],[-105.410378,30.889012],[-105.408235,30.889293],[-105.406323,30.890632],[-105.404418,30.891918],[-105.403369,30.891808],[-105.402142,30.89028],[-105.401293,30.890174],[-105.399866,30.889074],[-105.399488,30.887949],[-105.399953,30.887558],[-105.400008,30.886304],[-105.398828,30.885329],[-105.399276,30.884004],[-105.400983,30.882498],[-105.403117,30.881506],[-105.403857,30.880645],[-105.404158,30.879684],[-105.40258,30.878791],[-105.400444,30.876873],[-105.397619,30.876244],[-105.39498,30.876298],[-105.393994,30.876431],[-105.39284,30.875937],[-105.391414,30.874347],[-105.391299,30.873853],[-105.392021,30.873185],[-105.394249,30.871961],[-105.394958,30.87108],[-105.394438,30.87066],[-105.394787,30.86969],[-105.394012,30.868091],[-105.393644,30.867012],[-105.395765,30.864707],[-105.395981,30.864092],[-105.395007,30.86399],[-105.394404,30.863107],[-105.39503,30.862112],[-105.394523,30.861288],[-105.395216,30.859289],[-105.399063,30.857874],[-105.400453,30.856748],[-105.401668,30.854563],[-105.400462,30.852617],[-105.398013,30.851175],[-105.396423,30.849882],[-105.395364,30.849069],[-105.394357,30.849067],[-105.394057,30.849528],[-105.394514,30.850234],[-105.394096,30.850844],[-105.393084,30.850961],[-105.391952,30.850594],[-105.391036,30.852289],[-105.389971,30.852143],[-105.389041,30.852364],[-105.38784,30.853638],[-105.386969,30.853606],[-105.385877,30.852063],[-105.385518,30.851239],[-105.384779,30.850543],[-105.384052,30.850712],[-105.383626,30.851936],[-105.382936,30.852067],[-105.381895,30.851188],[-105.379766,30.850603],[-105.377897,30.851089],[-105.377162,30.851275],[-105.376723,30.850878],[-105.377703,30.848999],[-105.376896,30.848645],[-105.375465,30.849753],[-105.374946,30.849939],[-105.374679,30.848875],[-105.373042,30.848183],[-105.371893,30.847575],[-105.367638,30.847693],[-105.363852,30.849746],[-105.362041,30.850545],[-105.361592,30.850545],[-105.361352,30.849996],[-105.360408,30.848584],[-105.359949,30.846299],[-105.359331,30.845774],[-105.358007,30.845549],[-105.356194,30.844198],[-105.353871,30.842756],[-105.353057,30.841278],[-105.353749,30.839149],[-105.354423,30.837983],[-105.353339,30.835924],[-105.351837,30.835562],[-105.349691,30.836895],[-105.347395,30.838267],[-105.347372,30.839516],[-105.345755,30.840612],[-105.342692,30.840998],[-105.341676,30.84047],[-105.339293,30.840475],[-105.338749,30.839645],[-105.337925,30.837853],[-105.33741,30.835765],[-105.337192,30.833481],[-105.335513,30.833424],[-105.334135,30.833633],[-105.331093,30.83226],[-105.328333,30.831486],[-105.327762,30.83031],[-105.330035,30.826491],[-105.329777,30.825429],[-105.328866,30.824828],[-105.327043,30.824705],[-105.326759,30.826217],[-105.325482,30.827447],[-105.324408,30.828331],[-105.32235,30.827746],[-105.320108,30.827452],[-105.320082,30.828506],[-105.31965,30.829077],[-105.318897,30.828718],[-105.318064,30.827612],[-105.318242,30.82652],[-105.318967,30.82485],[-105.317841,30.821492],[-105.316409,30.820075],[-105.315958,30.818717],[-105.317586,30.81719],[-105.31783,30.815496],[-105.3186,30.813039],[-105.318599,30.812166],[-105.31702,30.810987],[-105.316101,30.810948],[-105.3148,30.811471],[-105.3144,30.812336],[-105.312688,30.813077],[-105.311366,30.814017],[-105.310772,30.815338],[-105.310184,30.816519],[-105.309085,30.815409],[-105.308489,30.81506],[-105.308176,30.814299],[-105.30878,30.81373],[-105.308862,30.811089],[-105.307588,30.810032],[-105.306541,30.809708],[-105.30605,30.810037],[-105.302861,30.814965],[-105.300519,30.819326],[-105.300988,30.820615],[-105.300832,30.822792],[-105.300171,30.824652],[-105.298803,30.82569],[-105.294165,30.82627],[-105.292225,30.826311],[-105.290397,30.825111],[-105.289258,30.823779],[-105.289474,30.822452],[-105.289372,30.82111],[-105.288658,30.819603],[-105.288512,30.818516],[-105.287953,30.817877],[-105.287208,30.817864],[-105.284309,30.818734],[-105.282185,30.818178],[-105.279401,30.815698],[-105.279092,30.814386],[-105.279221,30.812905],[-105.277565,30.811603],[-105.277007,30.8103],[-105.276557,30.808219],[-105.275558,30.806936],[-105.27437,30.808093],[-105.27276,30.808274],[-105.272017,30.809223],[-105.268478,30.809353],[-105.266725,30.808375],[-105.265936,30.806868],[-105.265661,30.805141],[-105.265504,30.802549],[-105.263826,30.799943],[-105.261232,30.798497],[-105.259198,30.796499],[-105.257941,30.794708],[-105.256677,30.79444],[-105.255536,30.795181],[-105.253909,30.795875],[-105.252825,30.795805],[-105.251244,30.797588],[-105.250095,30.799154],[-105.247664,30.80019],[-105.245619,30.800433],[-105.244476,30.799809],[-105.243745,30.80024],[-105.242957,30.801487],[-105.241783,30.802178],[-105.239712,30.802274],[-105.238893,30.802585],[-105.238298,30.803595],[-105.237501,30.803529],[-105.236335,30.803153],[-105.23557,30.802747],[-105.234402,30.802661],[-105.233853,30.803016],[-105.232133,30.803081],[-105.230898,30.803715],[-105.230019,30.803827],[-105.228391,30.802867],[-105.22835,30.80172],[-105.229049,30.800291],[-105.227891,30.799199],[-105.225767,30.79957],[-105.224791,30.80057],[-105.223396,30.800828],[-105.2199,30.804351],[-105.21841,30.805671],[-105.217675,30.805955],[-105.216713,30.8058],[-105.215017,30.805893],[-105.214685,30.805118],[-105.2138,30.803481],[-105.213798,30.80282],[-105.214014,30.802453],[-105.213942617246,30.8022077870219],[-105.210583,30.803447],[-105.209732,30.804749],[-105.209358,30.80839],[-105.211127,30.810393],[-105.214013,30.812844],[-105.214483,30.815601],[-105.215157,30.816389],[-105.215273,30.81901],[-105.217003,30.823218],[-105.218424,30.824998],[-105.217814,30.827674],[-105.217065,30.828319],[-105.215306,30.827771],[-105.211494,30.828636],[-105.207987,30.832091],[-105.207679,30.83295],[-105.209545,30.835026],[-105.210325,30.836522],[-105.212922,30.839996],[-105.216559,30.844176],[-105.218163,30.845691],[-105.21882,30.847036],[-105.220074,30.852988],[-105.221468,30.855017],[-105.225236,30.859144],[-105.227409,30.862872],[-105.229488,30.865767],[-105.230169,30.867478],[-105.232252,30.870214],[-105.234158,30.874619],[-105.236128,30.878225],[-105.236937,30.88104],[-105.238456,30.884021],[-105.240803,30.886315],[-105.247963,30.890008],[-105.253808,30.892045],[-105.255972,30.892314],[-105.258065,30.893709],[-105.258675,30.898475],[-105.257624,30.89938],[-105.255735,30.899783],[-105.252237,30.901579],[-105.251005,30.904884],[-105.251084,30.905766],[-105.254325,30.911506],[-105.255663,30.916479],[-105.256411,30.920306],[-105.257703,30.921677],[-105.257864,30.924346],[-105.259435,30.929127],[-105.261235,30.931051],[-105.263767,30.936284],[-105.265732,30.940975],[-105.2667,30.942169],[-105.268003,30.952041],[-105.276255,30.971833],[-105.278325,30.974118],[-105.289457,30.970115],[-105.298386,30.966605],[-105.298939,30.965396],[-105.300707,30.965535],[-105.308737,30.961941],[-105.312925,30.961269],[-105.316198,30.962899],[-105.327933,30.965391],[-105.333512,30.967506],[-105.335185,30.967539],[-105.338653,30.970802],[-105.34371,30.973588],[-105.345685,30.974192],[-105.346876,30.975558],[-105.349081,30.976842],[-105.350328,30.980597],[-105.350358,30.981793],[-105.3517,30.982237],[-105.354372,30.987166],[-105.355996,30.993178],[-105.353887,30.996455],[-105.353912,31.00085],[-105.355109,31.00421],[-105.356023,31.009868],[-105.356035,31.012991],[-105.355588,31.014882],[-105.355689,31.022935],[-105.355477,31.024957],[-105.355915,31.027303],[-105.353462,31.032346],[-105.35427,31.032275],[-105.358737,31.033258],[-105.361861,31.03338],[-105.366956,31.034349],[-105.379778,31.03808],[-105.381859,31.038964],[-105.380318,31.042932],[-105.380265,31.045876],[-105.379709,31.048752],[-105.378964,31.054685],[-105.378882,31.059373],[-105.378479,31.065688],[-105.377757,31.070104],[-105.377141,31.076053],[-105.377835,31.076644],[-105.363413,31.091311],[-105.375077,31.109487],[-105.375597,31.113342],[-105.375031,31.115608],[-105.375558,31.115289],[-105.397163,31.10568],[-105.403746,31.102845],[-105.406495,31.100814],[-105.411653,31.097838],[-105.421187,31.098513],[-105.431147,31.086254],[-105.431756,31.085861],[-105.43407,31.085276],[-105.438581,31.085487],[-105.44031,31.086315],[-105.442697,31.086504],[-105.443583,31.084929],[-105.444815,31.08439],[-105.447398,31.085382],[-105.451216,31.085082],[-105.452165,31.083545],[-105.452836,31.080588],[-105.45511,31.080028],[-105.456778,31.078412],[-105.460887,31.077137],[-105.46216,31.07594],[-105.467672,31.075238],[-105.469311,31.073902],[-105.472829,31.074503],[-105.474564,31.072446],[-105.476988,31.070823],[-105.478004,31.069242],[-105.479537,31.068686],[-105.479268,31.070598],[-105.481491,31.074414],[-105.484512,31.076013],[-105.485094,31.077802],[-105.48502,31.07955],[-105.483845,31.080886],[-105.483958,31.083147],[-105.486057,31.082684],[-105.491229,31.083666],[-105.493111,31.083613],[-105.4961,31.082891],[-105.500224,31.080634],[-105.503149,31.078435],[-105.505903,31.077571],[-105.508362,31.075474],[-105.510109,31.075209],[-105.512766,31.073653],[-105.516662,31.073586],[-105.519991,31.072624],[-105.524791,31.070444],[-105.527739,31.067096],[-105.532362,31.063947],[-105.535448,31.066597],[-105.554967,31.085927],[-105.556287,31.082966],[-105.558206,31.081804],[-105.558827,31.080684],[-105.56238,31.079498],[-105.563168,31.077883],[-105.566577,31.077255],[-105.569876,31.075794],[-105.57146,31.075548],[-105.574438,31.073908],[-105.57661,31.072152],[-105.577053,31.070625],[-105.578994,31.067383],[-105.580217,31.066544],[-105.588912,31.077035],[-105.593327,31.084647],[-105.599553,31.090877],[-105.614824,31.103723],[-105.613319,31.106167],[-105.610199,31.108434],[-105.609458,31.110492],[-105.608203,31.112142],[-105.608023,31.113303],[-105.609172,31.115643],[-105.607154,31.116413],[-105.605438,31.117847],[-105.605214,31.118827],[-105.607034,31.120188],[-105.614309,31.124488],[-105.616855,31.126752],[-105.619938,31.128961],[-105.624611,31.131755],[-105.62702,31.133686],[-105.639337,31.142304],[-105.654855,31.154285],[-105.657491,31.15614],[-105.657938,31.160451],[-105.657484,31.163424],[-105.655862,31.169349],[-105.656434,31.171669],[-105.66104,31.171422],[-105.707546,31.177597],[-105.709798,31.178306],[-105.711415,31.17921],[-105.784258,31.234758],[-105.785883,31.236388],[-105.787175,31.239204],[-105.788785,31.24679],[-105.794634,31.270011],[-105.795369,31.272368],[-105.797472,31.275941],[-105.799389,31.277972],[-105.802543,31.280275],[-105.877415,31.328555],[-105.879152,31.329902],[-105.883081,31.333752],[-105.891766,31.343937],[-105.890691,31.344626],[-105.888873,31.347468],[-105.887315,31.351938],[-105.887715,31.35565],[-105.886627,31.359732],[-105.885247,31.36006],[-105.886381,31.360512],[-105.884795,31.366577],[-105.885326,31.368376],[-105.886299,31.374651],[-105.886712,31.375645],[-105.852247,31.37608],[-105.853176,31.376944],[-105.855481,31.377359],[-105.856292,31.379524],[-105.8592,31.379226],[-105.863792,31.382035],[-105.863065,31.38289],[-105.861607,31.382826],[-105.857515,31.383864],[-105.856155,31.385142],[-105.850558,31.387128],[-105.84536,31.389607],[-105.841822,31.393023],[-105.838837,31.394533],[-105.837974,31.395782],[-105.837763,31.398312],[-105.8355,31.398622],[-105.833748,31.399941],[-105.83331,31.402175],[-105.831438,31.404284],[-105.832817,31.406126],[-105.831645,31.40934],[-105.831198,31.411741],[-105.826346,31.411819],[-105.824435,31.413016],[-105.823845,31.414022],[-105.82463,31.41663],[-105.822673,31.418138],[-105.822176,31.419358],[-105.822027,31.422015],[-105.822199,31.42424],[-105.824049,31.427015],[-105.824165,31.428508],[-105.825333,31.430171],[-105.827217,31.431169],[-105.829756,31.433501],[-105.829775,31.43678],[-105.82939,31.438281],[-105.829983,31.439876],[-105.829886,31.441661],[-105.844787,31.46525],[-105.844894,31.466302],[-105.837523,31.468271],[-105.833289,31.468709],[-105.820398,31.473024],[-105.813569,31.475669],[-105.808943,31.476784],[-105.804566,31.477577],[-105.803082,31.477179],[-105.777088,31.458025],[-105.776022,31.45765],[-105.762835,31.449135],[-105.757261,31.448794],[-105.756963,31.447324],[-105.75212,31.44404],[-105.752279,31.443355],[-105.742233,31.442893],[-105.737754,31.442518],[-105.727939,31.442353],[-105.728244,31.440717],[-105.742305,31.406437],[-105.743388,31.404609],[-105.740819,31.404463],[-105.73718,31.404709],[-105.702822,31.404125],[-105.707167,31.373668],[-105.703542,31.373578],[-105.694722,31.374036],[-105.686851,31.375185],[-105.685623,31.37555],[-105.682885,31.375376],[-105.68573,31.37193],[-105.687831,31.370155],[-105.687913,31.369222],[-105.686337,31.366884],[-105.684037,31.364595],[-105.682938,31.362252],[-105.680237,31.360126],[-105.679439,31.357593],[-105.676704,31.355276],[-105.676065,31.354077],[-105.676499,31.352887],[-105.674494,31.352404],[-105.673353,31.350967],[-105.669603,31.351399],[-105.661459,31.349849],[-105.659546,31.349812],[-105.658253,31.348761],[-105.65594,31.349772],[-105.65207,31.354336],[-105.650661,31.355511],[-105.649453,31.361622],[-105.649748,31.362909],[-105.651243,31.366152],[-105.652342,31.366741],[-105.655449,31.372817],[-105.654522,31.377412],[-105.653538,31.380099],[-105.651185,31.380102],[-105.649076,31.381526],[-105.646981,31.382204],[-105.645974,31.381741],[-105.641735,31.382571],[-105.640821,31.381829],[-105.636389,31.381483],[-105.634212,31.382293],[-105.631269,31.382398],[-105.628324,31.383316],[-105.626605,31.384857],[-105.624432,31.384609],[-105.622481,31.3853],[-105.620775,31.385145],[-105.616496,31.386837],[-105.61499,31.385993],[-105.613093,31.386804],[-105.610709,31.386143],[-105.609995,31.384723],[-105.605059,31.385739],[-105.604202,31.385218],[-105.602615,31.38648],[-105.600149,31.389555],[-105.599316,31.389983],[-105.594423,31.389446],[-105.592116,31.389859],[-105.591908,31.390523],[-105.588874,31.389539],[-105.586461,31.390815],[-105.583215,31.391263],[-105.581474,31.392953],[-105.578435,31.392886],[-105.577676,31.391261],[-105.575629,31.3908],[-105.572955,31.389644],[-105.570674,31.389398],[-105.561729,31.384168],[-105.558482,31.382991],[-105.558335,31.383616],[-105.55537,31.386545],[-105.554976,31.387958],[-105.55316,31.390702],[-105.549973,31.393006],[-105.548536,31.394423],[-105.548439,31.396264],[-105.54921,31.404704],[-105.548632,31.405941],[-105.547753,31.406632],[-105.540073,31.410338],[-105.5353,31.410937],[-105.533565,31.410721],[-105.529538,31.411743],[-105.509859,31.415278],[-105.508633,31.415299],[-105.505251,31.418161],[-105.499671,31.420817],[-105.494477,31.423871],[-105.493371,31.468994],[-105.501257,31.468808],[-105.503785,31.468177],[-105.512908,31.469977],[-105.514453,31.46998],[-105.518588,31.471607],[-105.520433,31.471914],[-105.533134,31.472737],[-105.545236,31.472464],[-105.551999,31.471968],[-105.555963,31.471328],[-105.556278,31.471769],[-105.557613,31.470756],[-105.556108,31.465794],[-105.558768,31.464604],[-105.563238,31.463433],[-105.567853,31.463198],[-105.570979,31.461254],[-105.576452,31.45263],[-105.577728,31.451183],[-105.580208,31.450324],[-105.585329,31.449735],[-105.586174,31.449963],[-105.591133,31.453134],[-105.592367,31.454882],[-105.596304,31.448658],[-105.601289,31.442524],[-105.606296,31.441189],[-105.610631,31.440337],[-105.612245,31.440279],[-105.616277,31.44085],[-105.620176,31.443387],[-105.627658,31.446651],[-105.628927,31.449266],[-105.627699,31.453508],[-105.629831,31.455079],[-105.63543,31.455144],[-105.64026,31.456622],[-105.644631,31.456109],[-105.650032,31.454785],[-105.651842,31.453956],[-105.656617,31.455384],[-105.659902,31.45797],[-105.665001,31.459304],[-105.66726,31.459192],[-105.670134,31.457797],[-105.690501,31.460891],[-105.691525,31.462637],[-105.694204,31.465735],[-105.695287,31.468625],[-105.702564,31.474688],[-105.705646,31.476774],[-105.70758,31.479413],[-105.709762,31.479707],[-105.711705,31.480994],[-105.715089,31.483918],[-105.715941,31.485267],[-105.717131,31.488749],[-105.717228,31.493642],[-105.718609,31.49994],[-105.718713,31.504383],[-105.718338,31.508203],[-105.717343,31.512315],[-105.715752,31.515951],[-105.714302,31.520421],[-105.714332,31.522536],[-105.715222,31.523916],[-105.716724,31.52376],[-105.718967,31.524437],[-105.720791,31.524332],[-105.719937,31.527304],[-105.720762,31.528382],[-105.722424,31.546274],[-105.723627,31.55481],[-105.724575,31.572233],[-105.724697,31.572791],[-105.725015,31.573581],[-105.749849,31.615556],[-105.750053,31.616732],[-105.749174,31.619586],[-105.748114,31.621497],[-105.747118,31.625655],[-105.744421,31.631386],[-105.744273,31.633158],[-105.742257,31.635299],[-105.740391,31.638018],[-105.739461,31.640661],[-105.739446,31.643989],[-105.73792,31.645534],[-105.735665,31.649873],[-105.7386,31.653133],[-105.739853,31.65568],[-105.74425,31.655988],[-105.750216,31.657775],[-105.75045,31.658166],[-105.761343,31.655618],[-105.763681,31.655205],[-105.771164,31.652248],[-105.775921,31.643318],[-105.779079,31.636575],[-105.77967,31.634632],[-105.780218,31.628442],[-105.781954,31.624186],[-105.782423,31.622092],[-105.782836,31.613821],[-105.785135,31.611446],[-105.783302,31.605613],[-105.787354,31.602783],[-105.795133,31.599218],[-105.797124,31.598491],[-105.800638,31.595909],[-105.802954,31.593556],[-105.808021,31.587229],[-105.810084,31.585844],[-105.81008,31.58498],[-105.812474,31.58198],[-105.81548,31.57869],[-105.819659,31.577417],[-105.819492,31.575403],[-105.817776,31.574604],[-105.817453,31.573354],[-105.817452,31.570494],[-105.818875,31.568546],[-105.819272,31.566909],[-105.827174,31.543808],[-105.830854,31.542976],[-105.843317,31.5367],[-105.84468,31.535667],[-105.845966,31.53557],[-105.856908,31.531983],[-105.856138,31.530127],[-105.854162,31.527392],[-105.852281,31.525482],[-105.84872,31.521212],[-105.858515,31.48895],[-105.860749,31.486603],[-105.867237,31.479152],[-105.868846,31.481159],[-105.900246,31.478284],[-105.90065,31.476383],[-105.902338,31.474918],[-105.90309,31.473429],[-105.90342,31.468321],[-105.906139,31.470567],[-105.908653,31.470838],[-105.928255,31.48416],[-105.9312,31.485245],[-105.952607,31.495179],[-105.972935,31.508078],[-105.979607,31.510309],[-105.984254,31.512221],[-105.986613,31.512024],[-105.992831,31.512041],[-105.992695,31.500109],[-105.993255,31.478392],[-105.959262,31.478417],[-105.958548,31.423461],[-105.954328,31.423468],[-105.972273,31.408312],[-105.99713200125301,31.387246427542]]]}},{"type":"Feature","properties":{"zcta5":"79855","AFFGEOID10":"8600000US79855","GEOID10":"79855","ALAND10":4717568594,"AWATER10":315558,"county_name":"Hudspeth","state_code":"TX","county_state":"Hudspeth County, TX","county_fips":"48229","risk_level_county":"Very High Risk (<60% vaccinated)","mean_vaccination_rate_county":49.01,"risk_level_zcta":"Higher Risk (60–69% vaccinated)","mean_vaccination_rate_zips":63.66,"cases":803},"geometry":{"type":"MultiPolygon","coordinates":[[[[-104.546534,30.834718],[-104.5472,30.832285],[-104.548869,30.831113],[-104.557209,30.8196],[-104.557815,30.818523],[-104.558608,30.814444],[-104.560062,30.81176],[-104.551824,30.813099],[-104.5473,30.812533],[-104.540362,30.810915],[-104.538879,30.812241],[-104.536605,30.813097],[-104.531106,30.813844],[-104.529013,30.815898],[-104.528535,30.813353],[-104.526579,30.812854],[-104.523237,30.811085],[-104.519595,30.81286],[-104.515833,30.812281],[-104.510283,30.8097],[-104.506854,30.805965],[-104.506654,30.801908],[-104.507637,30.794914],[-104.5075,30.791574],[-104.502024,30.791286],[-104.501869,30.787062],[-104.495128,30.7821],[-104.485102,30.775808],[-104.482984,30.773959],[-104.480515,30.7693],[-104.479255,30.76633],[-104.478055,30.764833],[-104.472754,30.764651],[-104.472501,30.758941],[-104.473325,30.758959],[-104.476378,30.757573],[-104.478666,30.75612],[-104.480293,30.753952],[-104.481526,30.751004],[-104.482902,30.749121],[-104.484778,30.742996],[-104.487369,30.737531],[-104.487871,30.735845],[-104.488117,30.731784],[-104.489602,30.730792],[-104.493356,30.730411],[-104.49546,30.729485],[-104.492424,30.728589],[-104.491673,30.727992],[-104.484335,30.724953],[-104.480446,30.723021],[-104.475895,30.722709],[-104.474176,30.722215],[-104.472342,30.720136],[-104.468946,30.718168],[-104.464327,30.715973],[-104.459804,30.714115],[-104.454942,30.711675],[-104.448892,30.709159],[-104.447523,30.702128],[-104.444913,30.700726],[-104.442777,30.701254],[-104.440296,30.700584],[-104.433845,30.69528],[-104.430713,30.694528],[-104.425139,30.692702],[-104.422706,30.691698],[-104.421048,30.689718],[-104.418213,30.685602],[-104.414944,30.680408],[-104.411465,30.672648],[-104.409216,30.673344],[-104.39343,30.672712],[-104.387101,30.671951],[-104.386551,30.670595],[-104.386329,30.667617],[-104.384844,30.665187],[-104.382067,30.662195],[-104.378031,30.657262],[-104.377512,30.656312],[-104.371223,30.656844],[-104.352855,30.656075],[-104.351504,30.65526],[-104.349394,30.657485],[-104.346519,30.657113],[-104.351879,30.660363],[-104.353615,30.662802],[-104.355308,30.663971],[-104.357494,30.667318],[-104.359791,30.668957],[-104.362561,30.67231],[-104.36409,30.675848],[-104.366229,30.678249],[-104.359965,30.676828],[-104.350907,30.676758],[-104.34508,30.67765],[-104.348587,30.681064],[-104.349358,30.682757],[-104.35088,30.683851],[-104.348271,30.686812],[-104.34698,30.689105],[-104.346946,30.693102],[-104.345308,30.694819],[-104.347421,30.695639],[-104.351295,30.698628],[-104.355045,30.700495],[-104.355964,30.702543],[-104.359101,30.706431],[-104.359303,30.709347],[-104.360213,30.714901],[-104.363528,30.717105],[-104.362611,30.719836],[-104.362611,30.723377],[-104.364375,30.726373],[-104.366533,30.726664],[-104.368242,30.725831],[-104.376781,30.728516],[-104.380058,30.730708],[-104.388685,30.737194],[-104.389864,30.738319],[-104.391244,30.740695],[-104.393158,30.742725],[-104.393627,30.745114],[-104.39342,30.746634],[-104.39494,30.748241],[-104.393667,30.751768],[-104.390603,30.758182],[-104.38965,30.758486],[-104.382287,30.757592],[-104.378531,30.758109],[-104.377036,30.75761],[-104.374881,30.757956],[-104.368444,30.757211],[-104.365985,30.757623],[-104.3614,30.757365],[-104.360274,30.757593],[-104.36173,30.75926],[-104.362887,30.761385],[-104.366952,30.765378],[-104.367243,30.768472],[-104.367848,30.769509],[-104.366024,30.772072],[-104.366304,30.775709],[-104.367625,30.779782],[-104.369635,30.784539],[-104.372407,30.788709],[-104.373216,30.79037],[-104.374036,30.795151],[-104.373842,30.79605],[-104.368063,30.799823],[-104.362185,30.801395],[-104.352456,30.80458],[-104.349369,30.80433],[-104.344859,30.803476],[-104.335781,30.805407],[-104.333478,30.807211],[-104.33302,30.809328],[-104.33217,30.810382],[-104.328734,30.812548],[-104.325521,30.81355],[-104.323072,30.814827],[-104.320784,30.8151],[-104.319227,30.814628],[-104.317072,30.815319],[-104.312961,30.815404],[-104.312059,30.817458],[-104.308439,30.822693],[-104.307133,30.822889],[-104.306245,30.822097],[-104.306021,30.823742],[-104.304724,30.825204],[-104.303224,30.824968],[-104.300186,30.826012],[-104.297825,30.82584],[-104.295567,30.824144],[-104.292637,30.824827],[-104.288544,30.825283],[-104.285436,30.823374],[-104.285077,30.824052],[-104.28255,30.82477],[-104.280225,30.822907],[-104.275104,30.822911],[-104.271785,30.821829],[-104.269467,30.82071],[-104.269891,30.821917],[-104.268101,30.824096],[-104.263748,30.827333],[-104.261847,30.828211],[-104.271721,30.828382],[-104.272302,30.833229],[-104.273169,30.835509],[-104.273486,30.842925],[-104.270305,30.842739],[-104.26784,30.84357],[-104.263834,30.844146],[-104.262776,30.844772],[-104.260099,30.845269],[-104.253821,30.847104],[-104.250541,30.847645],[-104.248672,30.846822],[-104.246548,30.84665],[-104.243611,30.847852],[-104.243412,30.849698],[-104.242089,30.870886],[-104.241012,30.875342],[-104.240006,30.877841],[-104.236177,30.872036],[-104.233951,30.871492],[-104.213456,30.867775],[-104.211476,30.87131],[-104.210504,30.872417],[-104.212209,30.876545],[-104.213627,30.880915],[-104.215409,30.882404],[-104.214472,30.882594],[-104.214419,30.884156],[-104.215759,30.88722],[-104.216989,30.888766],[-104.222074,30.888873],[-104.224288,30.889245],[-104.225926,30.888926],[-104.231434,30.889382],[-104.233466,30.890347],[-104.235057,30.893086],[-104.236297,30.893844],[-104.234281,30.893832],[-104.231544,30.894867],[-104.230979,30.895608],[-104.226919,30.898331],[-104.223628,30.902942],[-104.22035,30.906428],[-104.217462,30.908803],[-104.215523,30.911438],[-104.200612,30.924128],[-104.197183,30.930204],[-104.197888,30.941815],[-104.195537,30.947282],[-104.194467,30.960133],[-104.195151,30.964539],[-104.19922,30.971413],[-104.197581,30.97334],[-104.213242,30.982196],[-104.20976,30.987516],[-104.21279,30.989079],[-104.215157,30.989675],[-104.217553,30.992286],[-104.223302,30.994622],[-104.230062,30.99705],[-104.23094,30.99666],[-104.231232,30.992993],[-104.233331,30.991136],[-104.235878,30.986318],[-104.236459,30.985777],[-104.256315,30.985623],[-104.260411,30.986061],[-104.261674,30.9857],[-104.270237,30.985752],[-104.272182,30.986517],[-104.275217,30.988557],[-104.280204,30.984085],[-104.283547,30.979285],[-104.287791,30.975838],[-104.289585,30.969924],[-104.291541,30.964883],[-104.293237,30.962913],[-104.293549,30.961312],[-104.293004,30.959262],[-104.292625,30.95569],[-104.293629,30.953121],[-104.293685,30.950061],[-104.293105,30.947087],[-104.294113,30.945833],[-104.295874,30.942285],[-104.295139,30.941402],[-104.296605,30.940441],[-104.300321,30.93978],[-104.299917,30.938123],[-104.300333,30.936692],[-104.299262,30.934141],[-104.300338,30.931506],[-104.300563,30.928928],[-104.301674,30.927659],[-104.303201,30.924341],[-104.304251,30.92327],[-104.305091,30.920826],[-104.307671,30.916856],[-104.309899,30.914856],[-104.31149,30.909736],[-104.313504,30.907109],[-104.314275,30.90432],[-104.314437,30.900615],[-104.315519,30.897776],[-104.315281,30.8968],[-104.316167,30.88994],[-104.317552,30.886475],[-104.317512,30.882179],[-104.320743,30.882423],[-104.323973,30.883549],[-104.327371,30.883639],[-104.331882,30.885233],[-104.332873,30.886561],[-104.336567,30.889122],[-104.337592,30.890195],[-104.340379,30.891098],[-104.343632,30.891615],[-104.344933,30.890917],[-104.345865,30.889425],[-104.345511,30.887655],[-104.348042,30.885334],[-104.34907,30.882636],[-104.350145,30.881585],[-104.350977,30.878593],[-104.350514,30.877313],[-104.353645,30.874706],[-104.351879,30.86937],[-104.350708,30.868286],[-104.348742,30.864996],[-104.348622,30.863249],[-104.349237,30.862024],[-104.348946,30.857991],[-104.346343,30.855599],[-104.345801,30.853145],[-104.348282,30.849541],[-104.350304,30.841028],[-104.371228,30.840982],[-104.372368,30.842918],[-104.371929,30.844792],[-104.372356,30.846597],[-104.373674,30.848121],[-104.373822,30.84919],[-104.376612,30.848383],[-104.378079,30.847068],[-104.38081,30.846915],[-104.38075,30.846133],[-104.383855,30.845382],[-104.385762,30.843517],[-104.388702,30.846347],[-104.391109,30.846618],[-104.393131,30.844368],[-104.393755,30.842622],[-104.393198,30.840976],[-104.401246,30.840981],[-104.403218,30.838519],[-104.410852,30.850969],[-104.412202,30.852852],[-104.41239,30.855277],[-104.41148,30.857789],[-104.414492,30.856345],[-104.416852,30.857052],[-104.418769,30.856973],[-104.419693,30.858321],[-104.420716,30.861684],[-104.42059,30.866901],[-104.421241,30.870681],[-104.420569,30.872676],[-104.419608,30.873653],[-104.419276,30.875938],[-104.420065,30.87832],[-104.422557,30.878981],[-104.425572,30.881555],[-104.426371,30.883071],[-104.427932,30.883618],[-104.425638,30.886713],[-104.425899,30.888698],[-104.4269,30.889895],[-104.428657,30.89065],[-104.428185,30.891722],[-104.426248,30.89187],[-104.428259,30.894567],[-104.432376,30.893255],[-104.435826,30.891026],[-104.442243,30.887393],[-104.443691,30.885694],[-104.472053,30.876217],[-104.474182,30.877276],[-104.477438,30.875306],[-104.485856,30.871446],[-104.495459,30.86665],[-104.507743,30.85826],[-104.511061,30.856647],[-104.512503,30.855516],[-104.511215,30.855569],[-104.510361,30.852686],[-104.510587,30.851985],[-104.514135,30.848994],[-104.518389,30.842632],[-104.52283,30.836808],[-104.525177,30.834708],[-104.530605,30.835804],[-104.534194,30.835737],[-104.538297,30.834111],[-104.540287,30.833686],[-104.544594,30.832148],[-104.545965,30.832837],[-104.546534,30.834718]]],[[[-105.168382,30.897719],[-105.167691,30.830521],[-105.189451,30.817201],[-105.188373,30.812104],[-105.186188,30.80802],[-105.183542,30.805642],[-105.183073,30.80458],[-105.181203,30.803504],[-105.177491,30.802591],[-105.177065,30.801458],[-105.174149,30.798966],[-105.169197,30.799604],[-105.166473,30.798796],[-105.161052,30.796524],[-105.154697,30.791956],[-105.151404,30.788251],[-105.148041,30.785249],[-105.146268,30.780976],[-105.145638,30.773538],[-105.146182,30.770767],[-105.14692,30.769264],[-105.146677,30.767639],[-105.144951,30.765226],[-105.143189,30.768406],[-105.138351,30.771434],[-105.134919,30.771974],[-105.131876,30.772896],[-105.130127,30.774219],[-105.127933,30.777288],[-105.126314,30.778507],[-105.122351,30.782571],[-105.119708,30.783529],[-105.117442,30.785092],[-105.113483,30.787186],[-105.112219,30.788689],[-105.109744,30.790279],[-105.108284,30.792091],[-105.104238,30.794525],[-105.101144,30.797551],[-105.098399,30.798869],[-105.096461,30.800231],[-105.09502,30.80019],[-105.094674,30.801147],[-105.091262,30.802073],[-105.088558,30.804834],[-105.086964,30.807366],[-105.085295,30.808835],[-105.083987,30.811531],[-105.082008,30.812982],[-105.079216,30.811687],[-105.078738,30.809427],[-105.07703,30.807101],[-105.076231,30.807117],[-105.075396,30.808923],[-105.075264,30.81077],[-105.073977,30.812798],[-105.071474,30.812837],[-105.069701,30.812257],[-105.069206,30.810785],[-105.066288,30.81164],[-105.064364,30.813327],[-105.062372,30.81296],[-105.062112,30.812057],[-105.061099,30.813625],[-105.058746,30.812534],[-105.057196,30.81308],[-105.054021,30.817608],[-105.051688,30.815796],[-105.048042,30.814072],[-105.046683,30.813885],[-105.045048,30.81243],[-105.044905,30.810654],[-105.042931,30.809867],[-105.041764,30.807808],[-105.039741,30.806145],[-105.038248,30.805098],[-105.038195,30.803276],[-105.035581,30.796652],[-105.035164,30.793455],[-105.036214,30.792115],[-105.035864,30.791084],[-105.034448,30.791231],[-105.03222,30.789432],[-105.031433,30.787663],[-105.032001,30.787014],[-105.030164,30.784153],[-105.026432,30.785096],[-105.025022,30.78461],[-105.023609,30.786494],[-105.020952,30.785889],[-105.017934,30.782529],[-105.017495,30.780558],[-105.017639,30.778612],[-105.018432,30.776656],[-105.016735,30.777003],[-105.015525,30.776368],[-105.01536,30.773347],[-105.013961,30.77225],[-105.009817,30.76994],[-105.008153,30.767861],[-105.005303,30.770048],[-105.005355,30.770906],[-105.003291,30.771786],[-105.000894,30.773711],[-104.999429,30.776405],[-104.995869,30.778944],[-104.994806,30.780507],[-104.995459,30.782617],[-104.993339,30.783153],[-104.990789,30.784891],[-104.989227,30.784997],[-104.988065,30.784321],[-104.986378,30.784491],[-104.985176,30.785288],[-104.983094,30.785061],[-104.981127,30.78612],[-104.97942,30.785395],[-104.97666,30.785689],[-104.974083,30.786423],[-104.972194,30.787514],[-104.971209,30.785484],[-104.970141,30.78585],[-104.967776,30.783981],[-104.965832,30.781829],[-104.963188,30.781372],[-104.962406,30.780091],[-104.959721,30.778252],[-104.959031,30.776375],[-104.957745,30.775957],[-104.952685,30.767601],[-104.951379,30.766945],[-104.949633,30.766607],[-104.947903,30.76964],[-104.945304,30.771182],[-104.944199,30.76944],[-104.942172,30.769988],[-104.938249,30.769042],[-104.93333,30.769307],[-104.9316,30.769978],[-104.928077,30.769624],[-104.926448,30.767175],[-104.925564,30.767118],[-104.925923,30.768139],[-104.925943,30.77145],[-104.926364,30.775129],[-104.926159,30.776729],[-104.926934,30.780978],[-104.928503,30.784037],[-104.929424,30.786842],[-104.930884,30.788815],[-104.933048,30.790164],[-104.931461,30.791593],[-104.927133,30.796267],[-104.922753,30.799107],[-104.920602,30.801055],[-104.916599,30.802981],[-104.91688,30.750138],[-104.916696,30.749721],[-104.917163,30.663626],[-104.899088,30.673546],[-104.649296,30.80983],[-104.654401,30.809691],[-104.661098,30.816197],[-104.665481,30.819688],[-104.66586,30.823102],[-104.664664,30.823147],[-104.661234,30.824898],[-104.658196,30.825744],[-104.653777,30.825883],[-104.651104,30.826364],[-104.649654,30.827493],[-104.644421,30.828633],[-104.642847,30.829546],[-104.641286,30.829628],[-104.637809,30.833819],[-104.638271,30.834891],[-104.636558,30.836515],[-104.634942,30.839165],[-104.630069,30.842074],[-104.629533,30.84337],[-104.629334,30.845948],[-104.630084,30.849676],[-104.632193,30.852316],[-104.631834,30.85564],[-104.632828,30.857565],[-104.640012,30.859786],[-104.642399,30.86146],[-104.643047,30.862974],[-104.645528,30.864242],[-104.645921,30.865775],[-104.650814,30.877002],[-104.655555,30.884596],[-104.654976,30.885145],[-104.650881,30.884905],[-104.650546,30.886332],[-104.646861,30.885532],[-104.638557,30.884287],[-104.633846,30.884157],[-104.629457,30.887319],[-104.627511,30.889951],[-104.627213,30.890932],[-104.628564,30.891863],[-104.636588,30.896367],[-104.645211,30.897964],[-104.648806,30.898839],[-104.649644,30.900322],[-104.649084,30.902437],[-104.647167,30.904236],[-104.647452,30.906096],[-104.648755,30.908634],[-104.654327,30.911172],[-104.65578,30.913691],[-104.657512,30.91997],[-104.658535,30.922907],[-104.661623,30.928468],[-104.664473,30.934402],[-104.666309,30.935261],[-104.666966,30.943178],[-104.667129,30.948219],[-104.666307,30.950303],[-104.666131,30.954689],[-104.667146,30.957038],[-104.670229,30.960472],[-104.671316,30.964492],[-104.671546,30.967711],[-104.673111,30.971804],[-104.672507,30.976416],[-104.671545,30.978132],[-104.671053,30.981187],[-104.666471,30.984507],[-104.665004,30.985116],[-104.662703,30.984218],[-104.658517,30.984456],[-104.654752,30.985441],[-104.653088,30.986729],[-104.651763,30.991104],[-104.652495,30.993779],[-104.6543,30.998451],[-104.654417,31.000474],[-104.65569,31.004491],[-104.655153,31.007875],[-104.655721,31.009857],[-104.657793,31.01326],[-104.660334,31.01681],[-104.663517,31.021971],[-104.66517,31.048041],[-104.661553,31.045106],[-104.656485,31.042201],[-104.647318,31.037731],[-104.647823,31.035965],[-104.651916,31.024343],[-104.648548,31.024852],[-104.643381,31.025286],[-104.631746,31.024638],[-104.626375,31.024605],[-104.625179,31.015152],[-104.61501,31.016006],[-104.610231,31.016567],[-104.606691,31.006528],[-104.604116,30.998011],[-104.602808,30.996254],[-104.604751,30.994937],[-104.60584,30.993553],[-104.607285,30.992898],[-104.609371,30.99079],[-104.611715,30.990508],[-104.612259,30.989176],[-104.615517,30.987937],[-104.617505,30.985417],[-104.618154,30.982176],[-104.615502,30.978935],[-104.61518,30.976864],[-104.616644,30.974456],[-104.617441,30.970938],[-104.618481,30.968322],[-104.619699,30.967111],[-104.618534,30.964924],[-104.619034,30.962948],[-104.618481,30.961898],[-104.617317,30.960894],[-104.615074,30.961032],[-104.614852,30.960152],[-104.61298,30.958398],[-104.611572,30.957953],[-104.606449,30.95794],[-104.602505,30.961078],[-104.593155,30.961095],[-104.591173,30.962258],[-104.587234,30.963544],[-104.587103,30.966149],[-104.586147,30.968428],[-104.584397,30.969276],[-104.581725,30.96972],[-104.578398,30.972223],[-104.578541,30.974292],[-104.57799,30.976653],[-104.579131,30.978164],[-104.582018,30.979132],[-104.582182,30.990719],[-104.558249,30.990974],[-104.557931,30.994092],[-104.558474,30.995272],[-104.548087,30.990518],[-104.546756,30.990726],[-104.544786,30.987421],[-104.542281,30.986899],[-104.541866,30.987887],[-104.539917,30.988375],[-104.538573,30.988024],[-104.534494,30.99166],[-104.521367,31.001744],[-104.518666,31.004054],[-104.516412,31.006704],[-104.514182,31.00783],[-104.513407,31.010175],[-104.511267,31.01202],[-104.510764,31.013874],[-104.512815,31.020705],[-104.513669,31.022474],[-104.51784,31.026052],[-104.521594,31.031838],[-104.521189,31.033194],[-104.522135,31.037718],[-104.523054,31.043805],[-104.522991,31.047992],[-104.523627,31.048882],[-104.52386,31.054898],[-104.523617,31.059853],[-104.509638,31.060977],[-104.502225,31.061348],[-104.505499,31.061659],[-104.42766,31.072398],[-104.413589,31.073442],[-104.410718,31.073311],[-104.389586,31.071346],[-104.389988,31.06659],[-104.382896,31.060197],[-104.381171,31.057606],[-104.378585,31.057439],[-104.378949,31.055961],[-104.382398,31.053402],[-104.386927,31.050825],[-104.392472,31.047071],[-104.393966,31.040564],[-104.395229,31.017285],[-104.396533,31.006052],[-104.39617,31.00333],[-104.397064,30.996075],[-104.399623,30.991869],[-104.40207,30.986045],[-104.403402,30.982006],[-104.401903,30.979959],[-104.400004,30.97658],[-104.400119,30.973288],[-104.400761,30.972033],[-104.402514,30.970609],[-104.402254,30.968481],[-104.401699,30.967133],[-104.399648,30.966109],[-104.39893,30.965088],[-104.398116,30.961467],[-104.392506,30.955434],[-104.389106,30.954194],[-104.389643,30.955727],[-104.388754,30.956475],[-104.386668,30.956028],[-104.384866,30.956187],[-104.38355,30.955035],[-104.328857,30.984763],[-104.33163,30.9892],[-104.337283,30.995102],[-104.341772,31.003234],[-104.34285,31.004878],[-104.356375,31.013008],[-104.35926,31.011602],[-104.36238,31.011505],[-104.36487,31.012148],[-104.36642,31.012027],[-104.366388,31.030864],[-104.365903,31.031701],[-104.362913,31.03182],[-104.362489,31.033177],[-104.36598,31.040611],[-104.363148,31.042545],[-104.360176,31.041586],[-104.356427,31.039543],[-104.349045,31.036282],[-104.346014,31.035539],[-104.343255,31.033653],[-104.339661,31.034472],[-104.338259,31.034317],[-104.333155,31.035139],[-104.329868,31.034335],[-104.328059,31.034496],[-104.324658,31.033883],[-104.320157,31.032548],[-104.315636,31.030418],[-104.313272,31.028478],[-104.312514,31.028727],[-104.309895,31.03148],[-104.305259,31.032615],[-104.302736,31.031573],[-104.297216,31.030989],[-104.292105,31.030034],[-104.292684,31.028518],[-104.292022,31.027362],[-104.291455,31.014515],[-104.291103,31.013796],[-104.292898,31.010987],[-104.29428,31.006908],[-104.293374,31.004339],[-104.211791,31.046126],[-104.179764,31.06342],[-104.102351,31.105203],[-104.101034,31.12474],[-104.100333,31.125136],[-104.100216,31.133361],[-104.099554,31.140544],[-104.100961,31.139709],[-104.10073,31.141268],[-104.100994,31.147448],[-104.101289,31.148752],[-104.104736,31.151418],[-104.108214,31.153374],[-104.108173,31.155097],[-104.111314,31.15461],[-104.113378,31.155997],[-104.11437,31.157617],[-104.118876,31.157091],[-104.120901,31.157981],[-104.123079,31.157985],[-104.125675,31.159502],[-104.129014,31.16189],[-104.132812,31.162788],[-104.137468,31.165431],[-104.140163,31.166385],[-104.142351,31.167609],[-104.143353,31.167461],[-104.145767,31.16905],[-104.147757,31.169553],[-104.152101,31.172159],[-104.155907,31.172985],[-104.166472,31.173106],[-104.168588,31.173471],[-104.172003,31.174882],[-104.172955,31.174909],[-104.175267,31.176536],[-104.179095,31.174782],[-104.181353,31.173087],[-104.184545,31.170021],[-104.187019,31.168716],[-104.188174,31.167485],[-104.191168,31.166044],[-104.19232,31.163239],[-104.197113,31.158512],[-104.204535,31.172901],[-104.215942,31.195809],[-104.21733,31.197754],[-104.217835,31.199623],[-104.218886,31.199739],[-104.227029,31.199365],[-104.227788,31.199661],[-104.23282,31.203551],[-104.237434,31.206478],[-104.24279,31.21046],[-104.243925,31.211016],[-104.245838,31.209067],[-104.248013,31.213768],[-104.247305,31.214266],[-104.227461,31.214251],[-104.208455,31.206258],[-104.206614,31.2053],[-104.205178,31.207429],[-104.203997,31.210278],[-104.205811,31.212117],[-104.205561,31.213438],[-104.204533,31.213829],[-104.202906,31.215568],[-104.200214,31.221055],[-104.200434,31.227846],[-104.20037,31.235422],[-104.198568,31.235341],[-104.199757,31.237029],[-104.20062,31.240291],[-104.200872,31.247316],[-104.200206,31.248354],[-104.196749,31.250619],[-104.194305,31.253138],[-104.194104,31.255215],[-104.195174,31.261643],[-104.1947,31.263341],[-104.201271,31.278319],[-104.201267,31.284351],[-104.176173,31.272576],[-104.175256,31.272043],[-104.167718,31.275622],[-104.164021,31.284896],[-104.170662,31.285073],[-104.172744,31.285501],[-104.174314,31.294398],[-104.176133,31.338698],[-104.182838,31.35571],[-104.183379,31.358918],[-104.18346,31.370023],[-104.184175,31.373751],[-104.186587,31.376186],[-104.185062,31.381093],[-104.185168,31.381971],[-104.187152,31.384958],[-104.187552,31.386777],[-104.189263,31.391073],[-104.190535,31.392478],[-104.191935,31.391656],[-104.194975,31.391075],[-104.201081,31.393329],[-104.202376,31.393623],[-104.204566,31.390667],[-104.206141,31.389669],[-104.208358,31.387394],[-104.21175,31.386586],[-104.212151,31.385188],[-104.211989,31.380513],[-104.210306,31.378588],[-104.208142,31.37742],[-104.20646,31.377054],[-104.206297,31.374645],[-104.206616,31.370488],[-104.205093,31.367142],[-104.206375,31.365561],[-104.211793,31.355123],[-104.216308,31.357522],[-104.217937,31.357904],[-104.224101,31.360585],[-104.227162,31.361259],[-104.229439,31.362176],[-104.2314,31.360744],[-104.232538,31.361036],[-104.236121,31.36301],[-104.24049,31.363033],[-104.244645,31.366815],[-104.245575,31.369579],[-104.24596,31.373126],[-104.244017,31.376872],[-104.243065,31.380628],[-104.241113,31.383351],[-104.238618,31.384417],[-104.236951,31.386011],[-104.259683,31.386275],[-104.26062,31.387009],[-104.261665,31.386581],[-104.262226,31.387546],[-104.260232,31.387259],[-104.259341,31.387792],[-104.255974,31.390146],[-104.252203,31.392328],[-104.250231,31.3951],[-104.247498,31.395875],[-104.247444,31.398168],[-104.248187,31.399785],[-104.246861,31.401781],[-104.241398,31.40195],[-104.23973,31.403044],[-104.240321,31.403955],[-104.238584,31.406453],[-104.235588,31.406036],[-104.232648,31.405623],[-104.229881,31.404561],[-104.227591,31.404929],[-104.22637,31.404272],[-104.224241,31.398401],[-104.223097,31.397785],[-104.219891,31.397308],[-104.21811,31.396223],[-104.215679,31.396732],[-104.215528,31.397922],[-104.217838,31.401977],[-104.216471,31.40563],[-104.215017,31.407116],[-104.213473,31.407698],[-104.209007,31.413529],[-104.207237,31.414763],[-104.2057,31.415141],[-104.203491,31.416484],[-104.201843,31.4156],[-104.19673,31.415424],[-104.193412,31.414615],[-104.191551,31.413407],[-104.189281,31.4102],[-104.185069,31.410811],[-104.17902,31.408014],[-104.174944,31.406549],[-104.171067,31.411574],[-104.170544,31.413878],[-104.169452,31.414381],[-104.169433,31.414966],[-104.171945,31.416718],[-104.173445,31.41894],[-104.173839,31.420343],[-104.173642,31.422618],[-104.175388,31.424813],[-104.176002,31.426868],[-104.175559,31.429805],[-104.175833,31.431749],[-104.181109,31.436827],[-104.181472,31.43796],[-104.195135,31.439477],[-104.197867,31.440814],[-104.199234,31.442868],[-104.199428,31.446555],[-104.200915,31.448836],[-104.201274,31.450545],[-104.201485,31.454142],[-104.201558,31.463965],[-104.201424,31.465418],[-104.197561,31.466982],[-104.195324,31.468402],[-104.193538,31.468784],[-104.189095,31.470724],[-104.190356,31.473368],[-104.192405,31.473807],[-104.192596,31.475202],[-104.191137,31.477597],[-104.191399,31.480776],[-104.194058,31.478137],[-104.196676,31.477482],[-104.201476,31.477262],[-104.206513,31.476227],[-104.208708,31.475402],[-104.21234,31.475489],[-104.215883,31.477216],[-104.218976,31.477892],[-104.222441,31.477407],[-104.225869,31.478913],[-104.228866,31.479088],[-104.233826,31.478327],[-104.238761,31.479359],[-104.238446,31.477385],[-104.23837,31.464811],[-104.237378,31.463117],[-104.238592,31.460466],[-104.232097,31.450643],[-104.231958,31.449936],[-104.235125,31.451014],[-104.240506,31.456664],[-104.242564,31.45839],[-104.278084,31.478262],[-104.28113,31.481065],[-104.283843,31.4831],[-104.317529,31.48564],[-104.321298,31.483097],[-104.323237,31.480577],[-104.324444,31.477965],[-104.324596,31.474658],[-104.32807,31.474232],[-104.331689,31.475099],[-104.332457,31.474644],[-104.33445,31.470297],[-104.368866,31.47388],[-104.372942,31.454592],[-104.373062,31.453121],[-104.375496,31.449724],[-104.378371,31.448865],[-104.380626,31.448602],[-104.380972,31.449906],[-104.384849,31.453312],[-104.386567,31.454283],[-104.388327,31.454201],[-104.392435,31.455782],[-104.395516,31.458246],[-104.398811,31.456778],[-104.402132,31.456173],[-104.406637,31.453604],[-104.408493,31.453208],[-104.412102,31.451476],[-104.413754,31.449457],[-104.415575,31.448506],[-104.416504,31.447109],[-104.413752,31.442905],[-104.41587,31.443246],[-104.418155,31.442835],[-104.419029,31.442391],[-104.41964,31.439312],[-104.420247,31.43813],[-104.42243,31.437213],[-104.424464,31.43785],[-104.426501,31.437442],[-104.428636,31.434284],[-104.429876,31.43081],[-104.432351,31.429258],[-104.433332,31.425579],[-104.436286,31.422038],[-104.438015,31.420828],[-104.439475,31.420578],[-104.440121,31.419368],[-104.442091,31.417707],[-104.443742,31.415305],[-104.443749,31.414561],[-104.445906,31.412104],[-104.446387,31.409441],[-104.4489,31.41053],[-104.447923,31.407743],[-104.448624,31.405088],[-104.44894,31.402229],[-104.450052,31.398297],[-104.451689,31.394063],[-104.45278,31.388134],[-104.452719,31.385452],[-104.45188,31.382431],[-104.453359,31.374864],[-104.453489,31.37205],[-104.455359,31.368426],[-104.458003,31.364247],[-104.458552,31.363677],[-104.463851,31.360606],[-104.46795,31.35546],[-104.469501,31.35648],[-104.469741,31.354853],[-104.471036,31.352936],[-104.503327,31.329484],[-104.505705,31.327942],[-104.51205,31.325187],[-104.515789,31.322266],[-104.520156,31.320314],[-104.525109,31.317718],[-104.529438,31.314766],[-104.535263,31.313477],[-104.541372,31.308649],[-104.543551,31.307974],[-104.548977,31.307809],[-104.553495,31.306203],[-104.574973,31.295419],[-104.575761,31.297039],[-104.579791,31.295849],[-104.582631,31.295418],[-104.586924,31.29546],[-104.598426,31.29754],[-104.602713,31.299032],[-104.60846,31.29978],[-104.617254,31.30146],[-104.619732,31.301794],[-104.619859,31.299906],[-104.630175,31.299821],[-104.632569,31.298546],[-104.632774,31.297293],[-104.638217,31.29588],[-104.643506,31.293267],[-104.644844,31.291477],[-104.650007,31.287583],[-104.653414,31.28542],[-104.653501,31.284354],[-104.652935,31.264102],[-104.652607,31.262566],[-104.652897,31.259106],[-104.652581,31.256054],[-104.647406,31.242424],[-104.64574,31.241105],[-104.644705,31.239496],[-104.646894,31.238645],[-104.648184,31.239801],[-104.65255,31.239997],[-104.658568,31.241143],[-104.66117,31.242488],[-104.66288,31.242827],[-104.667541,31.245085],[-104.669881,31.245311],[-104.675116,31.243773],[-104.678638,31.241609],[-104.680531,31.238847],[-104.680819,31.237756],[-104.680188,31.23027],[-104.681618,31.224405],[-104.683072,31.220696],[-104.683395,31.218314],[-104.682961,31.215595],[-104.683785,31.212927],[-104.684886,31.212126],[-104.68666,31.212274],[-104.690203,31.211826],[-104.696009,31.210529],[-104.698995,31.210862],[-104.703872,31.214286],[-104.705316,31.216159],[-104.709576,31.219609],[-104.710479,31.219827],[-104.715108,31.218004],[-104.718097,31.217909],[-104.719662,31.214153],[-104.726798,31.205698],[-104.729026,31.201822],[-104.731233,31.199701],[-104.734793,31.197009],[-104.737205,31.196527],[-104.73843,31.195783],[-104.747994,31.186648],[-104.750398,31.184616],[-104.754924,31.179724],[-104.755067,31.170274],[-104.754234,31.167056],[-104.755334,31.165705],[-104.758929,31.165888],[-104.765449,31.165618],[-104.766718,31.162975],[-104.76807,31.163278],[-104.771391,31.162361],[-104.776015,31.161928],[-104.783307,31.163822],[-104.786633,31.164202],[-104.790675,31.163334],[-104.792965,31.163928],[-104.794967,31.163879],[-104.797648,31.163005],[-104.804882,31.161889],[-104.807012,31.162637],[-104.810632,31.162566],[-104.813837,31.163781],[-104.818289,31.163044],[-104.820393,31.162076],[-104.823463,31.162235],[-104.828523,31.160463],[-104.830019,31.160832],[-104.833645,31.160839],[-104.83125,31.162594],[-104.832956,31.164266],[-104.834236,31.166902],[-104.832664,31.16963],[-104.831146,31.173664],[-104.831972,31.17552],[-104.830267,31.178591],[-104.829521,31.181433],[-104.830428,31.184138],[-104.829389,31.186751],[-104.829602,31.187599],[-104.828326,31.190144],[-104.828057,31.192595],[-104.828511,31.195025],[-104.827994,31.196347],[-104.828782,31.199538],[-104.827165,31.200963],[-104.828129,31.201183],[-104.831934,31.200452],[-104.834355,31.200902],[-104.836142,31.200291],[-104.836691,31.199472],[-104.840891,31.197862],[-104.843834,31.198733],[-104.851659,31.198535],[-104.851546,31.199572],[-104.851057,31.219151],[-104.850466,31.222842],[-104.850887,31.22585],[-104.853785,31.231976],[-104.85011,31.236005],[-104.847311,31.23773],[-104.846364,31.238856],[-104.845585,31.238363],[-104.843885,31.240217],[-104.841134,31.24176],[-104.839129,31.253614],[-104.837124,31.258098],[-104.836427,31.264413],[-104.833462,31.266884],[-104.832554,31.268897],[-104.835157,31.268853],[-104.842627,31.269777],[-104.840196,31.275422],[-104.83884,31.279413],[-104.825179,31.32558],[-104.820871,31.325803],[-104.81469,31.328973],[-104.811302,31.330945],[-104.800284,31.336754],[-104.797722,31.3374],[-104.797284,31.338718],[-104.797989,31.339489],[-104.797557,31.34117],[-104.795159,31.345736],[-104.805866,31.351306],[-104.806446,31.352285],[-104.815283,31.352333],[-104.815815,31.354213],[-104.813196,31.356125],[-104.813061,31.359443],[-104.814131,31.364081],[-104.816063,31.368542],[-104.817362,31.370642],[-104.819117,31.372476],[-104.823463,31.374673],[-104.826022,31.376501],[-104.827193,31.37803],[-104.831131,31.382149],[-104.831722,31.384063],[-104.835454,31.386007],[-104.837379,31.386374],[-104.839595,31.388897],[-104.841458,31.391735],[-104.842988,31.396014],[-104.843213,31.398746],[-104.841856,31.40135],[-104.841199,31.406573],[-104.840706,31.412784],[-104.840878,31.426627],[-104.840075,31.43024],[-104.839707,31.434769],[-104.840945,31.484698],[-104.841782,31.486262],[-104.841229,31.488317],[-104.841958,31.501935],[-104.844039,31.506061],[-104.838559,31.507176],[-104.836336,31.50688],[-104.833088,31.50565],[-104.829509,31.506422],[-104.827236,31.50506],[-104.819294,31.502673],[-104.816291,31.500941],[-104.815501,31.499692],[-104.812359,31.497676],[-104.809992,31.496575],[-104.805556,31.493735],[-104.804375,31.493365],[-104.795518,31.491853],[-104.791586,31.49245],[-104.788335,31.495349],[-104.782841,31.502508],[-104.781592,31.50381],[-104.779935,31.506954],[-104.769534,31.520471],[-104.767988,31.521974],[-104.766977,31.521507],[-104.760933,31.510471],[-104.7597,31.508531],[-104.759711,31.510115],[-104.750389,31.520812],[-104.749676,31.522647],[-104.744901,31.525437],[-104.744562,31.527143],[-104.743301,31.529562],[-104.743111,31.5315],[-104.741671,31.533099],[-104.740961,31.535437],[-104.739367,31.535634],[-104.735986,31.539413],[-104.736067,31.540277],[-104.734218,31.541125],[-104.750436,31.544955],[-104.777669,31.553034],[-104.789019,31.554968],[-104.80045,31.55582],[-104.852249,31.570292],[-104.857207,31.610698],[-104.851426,31.611136],[-104.847275,31.610576],[-104.842792,31.610241],[-104.841328,31.611023],[-104.839308,31.613014],[-104.83745,31.613734],[-104.835871,31.615279],[-104.831265,31.618688],[-104.82967,31.619603],[-104.825567,31.623234],[-104.822512,31.624255],[-104.82036,31.625772],[-104.818285,31.628839],[-104.813867,31.632445],[-104.810885,31.633009],[-104.809286,31.63307],[-104.803819,31.632523],[-104.796365,31.63036],[-104.792642,31.639213],[-104.791752,31.640364],[-104.790161,31.644866],[-104.786977,31.650403],[-104.786025,31.650993],[-104.781338,31.651916],[-104.777804,31.653876],[-104.777158,31.656728],[-104.779298,31.656779],[-104.780474,31.657519],[-104.785928,31.659062],[-104.785952,31.660249],[-104.788444,31.6651],[-104.788478,31.669302],[-104.790165,31.678579],[-104.791377,31.677276],[-104.796914,31.675092],[-104.80174,31.672422],[-104.805423,31.671576],[-104.812181,31.671564],[-104.818364,31.671151],[-104.821166,31.669308],[-104.823468,31.668868],[-104.822663,31.666752],[-104.823615,31.667476],[-104.827691,31.668522],[-104.830395,31.668336],[-104.835077,31.668884],[-104.840306,31.670096],[-104.848194,31.673338],[-104.852537,31.673405],[-104.85587,31.674289],[-104.859593,31.674892],[-104.859506,31.677939],[-104.863707,31.699191],[-104.863933,31.698363],[-104.868159,31.69444],[-104.869983,31.693679],[-104.871973,31.690857],[-104.895092,31.683273],[-104.912147,31.683134],[-104.912759,31.681858],[-104.914365,31.681496],[-104.91382,31.660707],[-104.90917,31.16467],[-104.911742,31.162909],[-104.912404,31.163264],[-104.917297,31.161129],[-104.919399,31.16216],[-104.922159,31.164188],[-104.923249,31.162521],[-104.924859,31.161585],[-104.926922,31.156869],[-104.927803,31.155398],[-104.927464,31.153834],[-104.928208,31.152294],[-104.930518,31.149836],[-104.933655,31.148364],[-104.935594,31.146277],[-104.939051,31.14641],[-104.942897,31.148031],[-104.945432,31.147677],[-104.948894,31.145104],[-104.950995,31.14424],[-104.9549,31.14398],[-104.957471,31.142776],[-104.959872,31.142491],[-104.961915,31.141535],[-104.964596,31.13883],[-104.966034,31.138665],[-104.971425,31.138981],[-104.973691,31.13988],[-104.97746,31.136198],[-104.973937,31.130221],[-104.974432,31.128221],[-104.977181,31.126506],[-104.981371,31.122924],[-104.987552,31.118614],[-104.988431,31.116473],[-104.988327,31.112247],[-104.989922,31.110931],[-104.994153,31.108553],[-104.994556,31.107961],[-104.998504,31.095219],[-105.003886,31.077352],[-105.002663,31.077036],[-105.004573,31.072708],[-105.016111,31.018101],[-105.016276,31.016916],[-105.015827,31.011203],[-105.018916,31.008081],[-105.022098,31.009166],[-105.024279,31.007255],[-105.044955,31.021165],[-105.045779,31.021627],[-105.046204,31.021746],[-105.152173,31.042888],[-105.156273,31.039568],[-105.165034,31.046024],[-105.166146,31.046746],[-105.167701,31.045983],[-105.168567,30.924404],[-105.171999,30.923148],[-105.174467,30.922943],[-105.180365,30.920934],[-105.182122,30.919761],[-105.183264,30.919809],[-105.184656,30.918787],[-105.182639,30.911946],[-105.179849,30.908937],[-105.177678,30.906192],[-105.172477,30.903744],[-105.16832,30.901333],[-105.168382,30.897719]],[[-104.908893,31.000134],[-104.908864,31.04237],[-104.903403,31.039684],[-104.901103,31.03898],[-104.887721,31.037],[-104.885198,31.036884],[-104.868367,31.03722],[-104.863666,31.037029],[-104.85716,31.037617],[-104.857261,31.036146],[-104.86065,31.036101],[-104.864053,31.035726],[-104.864239,31.03466],[-104.869768,31.031923],[-104.873795,31.031014],[-104.875894,31.029557],[-104.876233,31.026384],[-104.87296,31.023194],[-104.868742,31.019851],[-104.86564,31.018849],[-104.866062,31.018206],[-104.867565,31.017977],[-104.870573,31.015879],[-104.874753,31.014839],[-104.882093,31.009897],[-104.882795,31.00899],[-104.879637,31.009528],[-104.861913,31.005892],[-104.845342,31.031129],[-104.832603,31.031045],[-104.831686,31.024133],[-104.829378,31.024108],[-104.821775,30.989303],[-104.822984,30.989396],[-104.823035,30.990568],[-104.828066,30.989627],[-104.8312,30.987531],[-104.834169,30.986744],[-104.842552,30.987969],[-104.844352,30.98645],[-104.845789,30.986213],[-104.847927,30.98404],[-104.849993,30.983328],[-104.853335,30.984077],[-104.859468,30.978844],[-104.862211,30.97623],[-104.865121,30.974364],[-104.867445,30.973412],[-104.869283,30.973647],[-104.87114,30.972629],[-104.872207,30.973052],[-104.878305,30.971077],[-104.881454,30.968026],[-104.883605,30.967383],[-104.887067,30.963947],[-104.890388,30.959284],[-104.892292,30.956116],[-104.893722,30.954543],[-104.896812,30.953582],[-104.899181,30.951509],[-104.901408,30.950772],[-104.902194,30.948385],[-104.903848,30.946961],[-104.904863,30.944865],[-104.90687,30.942746],[-104.907389,30.941016],[-104.907992,30.98488],[-104.908893,31.000134]],[[-104.60923,31.124744],[-104.609171,31.127359],[-104.603027,31.131848],[-104.601486,31.134275],[-104.599089,31.135603],[-104.594395,31.13903],[-104.589041,31.135418],[-104.557468,31.135609],[-104.557001,31.127613],[-104.55676,31.077939],[-104.591421,31.077725],[-104.592695,31.063148],[-104.608675,31.063091],[-104.60923,31.124744]]]]}},{"type":"Feature","properties":{"zcta5":"79847","AFFGEOID10":"8600000US79847","GEOID10":"79847","ALAND10":2154766419,"AWATER10":1684,"county_name":"Hudspeth","state_code":"TX","county_state":"Hudspeth County, TX","county_fips":"48229","risk_level_county":"Very High Risk (<60% vaccinated)","mean_vaccination_rate_county":49.01,"risk_level_zcta":"Lower Risk (80–84% vaccinated)","mean_vaccination_rate_zips":84.38,"cases":803},"geometry":{"type":"Polygon","coordinates":[[[-105.236231,31.881195],[-105.24028,31.878795],[-105.241508,31.878682],[-105.242081,31.877597],[-105.244701,31.876338],[-105.245067,31.875504],[-105.249684,31.874036],[-105.25171,31.872139],[-105.253523,31.87101],[-105.256778,31.867417],[-105.258792,31.866096],[-105.260987,31.867104],[-105.26461,31.865829],[-105.265903,31.866379],[-105.268608,31.866538],[-105.276603,31.860437],[-105.278128,31.860148],[-105.280162,31.858926],[-105.282843,31.86093],[-105.306044,31.860885],[-105.3061,31.876812],[-105.338718,31.876636],[-105.340866,31.875127],[-105.340094,31.885842],[-105.339196,31.888352],[-105.338968,31.890296],[-105.34011,31.891918],[-105.339018,31.893743],[-105.343448,31.893119],[-105.348126,31.893539],[-105.350262,31.891469],[-105.352646,31.890677],[-105.354979,31.890636],[-105.356185,31.891431],[-105.357768,31.891293],[-105.359051,31.890419],[-105.362488,31.890902],[-105.365725,31.890465],[-105.366432,31.889999],[-105.367769,31.890746],[-105.369874,31.892955],[-105.372394,31.89385],[-105.374022,31.892818],[-105.374826,31.893369],[-105.377054,31.891373],[-105.378149,31.891574],[-105.380123,31.889987],[-105.382285,31.889081],[-105.383633,31.889929],[-105.38483,31.888809],[-105.38702,31.88937],[-105.390082,31.887282],[-105.391212,31.887009],[-105.391901,31.888506],[-105.394097,31.890104],[-105.396954,31.889391],[-105.398294,31.887332],[-105.399856,31.885879],[-105.402045,31.884717],[-105.402845,31.88486],[-105.408088,31.880016],[-105.410402,31.881463],[-105.412092,31.883252],[-105.414256,31.887843],[-105.416279,31.889764],[-105.418509,31.893664],[-105.424532,31.898318],[-105.428006,31.900083],[-105.431698,31.901063],[-105.43378,31.904036],[-105.44077,31.906355],[-105.44374,31.908102],[-105.448717,31.911902],[-105.448571,31.915031],[-105.451104,31.918738],[-105.453561,31.919148],[-105.455093,31.920099],[-105.457153,31.923699],[-105.457349,31.924857],[-105.458863,31.924898],[-105.459427,31.925954],[-105.454316,31.933151],[-105.454197,31.934132],[-105.452915,31.935092],[-105.447733,31.942422],[-105.447508,31.943994],[-105.448069,31.945083],[-105.448069,31.947181],[-105.449379,31.948216],[-105.451112,31.95061],[-105.453082,31.952591],[-105.45638,31.954981],[-105.458107,31.956865],[-105.460498,31.958731],[-105.461115,31.959777],[-105.462957,31.961034],[-105.467851,31.962637],[-105.4691,31.962528],[-105.473264,31.963954],[-105.473263,31.901491],[-105.478078,31.899382],[-105.485652,31.894075],[-105.485893,31.893343],[-105.485426,31.890827],[-105.482166,31.841098],[-105.487726,31.839042],[-105.496168,31.836978],[-105.499857,31.835518],[-105.498848,31.834214],[-105.498489,31.832345],[-105.494885,31.829688],[-105.482037,31.817134],[-105.481118,31.815907],[-105.480711,31.781375],[-105.482967,31.780914],[-105.483991,31.768819],[-105.483222,31.766839],[-105.481694,31.764742],[-105.481121,31.763146],[-105.480304,31.758225],[-105.480105,31.749306],[-105.479379,31.749546],[-105.453823,31.749449],[-105.455845,31.748477],[-105.457517,31.745465],[-105.473187,31.745159],[-105.473164,31.739292],[-105.468967,31.737675],[-105.465372,31.735529],[-105.465481,31.737975],[-105.464444,31.742166],[-105.462033,31.745265],[-105.419451,31.745352],[-105.418908,31.743118],[-105.415374,31.737748],[-105.410945,31.73403],[-105.409982,31.733496],[-105.408835,31.730767],[-105.409226,31.727529],[-105.408991,31.726487],[-105.405987,31.721516],[-105.398707,31.714506],[-105.395949,31.714615],[-105.384552,31.716598],[-105.37666,31.717209],[-105.372809,31.716631],[-105.372897,31.715725],[-105.36965,31.716206],[-105.360412,31.716535],[-105.34057,31.718287],[-105.319189,31.722457],[-105.316496,31.722636],[-105.317211,31.728433],[-105.317675,31.7302],[-105.317945,31.735974],[-105.318726,31.743558],[-105.318686,31.74601],[-105.317307,31.748098],[-105.314168,31.752019],[-105.303441,31.750132],[-105.30176,31.759818],[-105.300955,31.760914],[-105.301493,31.760934],[-105.318096,31.776202],[-105.321361,31.779075],[-105.322307,31.780015],[-105.328791,31.779946],[-105.339135,31.786785],[-105.339169,31.813363],[-105.281437,31.81321],[-105.280904,31.812143],[-105.28112,31.808399],[-105.28049,31.804793],[-105.281391,31.803497],[-105.279195,31.804463],[-105.277021,31.802383],[-105.276351,31.799089],[-105.275225,31.791447],[-105.27045,31.79181],[-105.269633,31.788785],[-105.270289,31.786884],[-105.273849,31.785037],[-105.272841,31.781376],[-105.274722,31.781371],[-105.274678,31.779053],[-105.273842,31.768662],[-105.273386,31.765253],[-105.273387,31.757344],[-105.272896,31.754004],[-105.273039,31.752346],[-105.271704,31.747007],[-105.26772,31.746696],[-105.177101,31.747205],[-105.173437,31.746558],[-105.154764,31.741991],[-105.154758,31.705331],[-104.967846,31.705174],[-104.967504,31.662116],[-104.91446,31.661827],[-104.91382,31.660707],[-104.914365,31.681496],[-104.912759,31.681858],[-104.912147,31.683134],[-104.895092,31.683273],[-104.871973,31.690857],[-104.869983,31.693679],[-104.868159,31.69444],[-104.863933,31.698363],[-104.863707,31.699191],[-104.859506,31.677939],[-104.859593,31.674892],[-104.85587,31.674289],[-104.852537,31.673405],[-104.848194,31.673338],[-104.840306,31.670096],[-104.835077,31.668884],[-104.830395,31.668336],[-104.827691,31.668522],[-104.823615,31.667476],[-104.822663,31.666752],[-104.823468,31.668868],[-104.821166,31.669308],[-104.818364,31.671151],[-104.812181,31.671564],[-104.805423,31.671576],[-104.80174,31.672422],[-104.796914,31.675092],[-104.791377,31.677276],[-104.790165,31.678579],[-104.788478,31.669302],[-104.788444,31.6651],[-104.785952,31.660249],[-104.785928,31.659062],[-104.780474,31.657519],[-104.779298,31.656779],[-104.777158,31.656728],[-104.777804,31.653876],[-104.781338,31.651916],[-104.786025,31.650993],[-104.786977,31.650403],[-104.790161,31.644866],[-104.791752,31.640364],[-104.792642,31.639213],[-104.796365,31.63036],[-104.803819,31.632523],[-104.809286,31.63307],[-104.810885,31.633009],[-104.813867,31.632445],[-104.818285,31.628839],[-104.82036,31.625772],[-104.822512,31.624255],[-104.825567,31.623234],[-104.82967,31.619603],[-104.831265,31.618688],[-104.835871,31.615279],[-104.83745,31.613734],[-104.839308,31.613014],[-104.841328,31.611023],[-104.842792,31.610241],[-104.847275,31.610576],[-104.851426,31.611136],[-104.857207,31.610698],[-104.852249,31.570292],[-104.80045,31.55582],[-104.789019,31.554968],[-104.777669,31.553034],[-104.750436,31.544955],[-104.734218,31.541125],[-104.705521,31.53434],[-104.701749,31.533719],[-104.699546,31.536019],[-104.697592,31.539296],[-104.693626,31.53922],[-104.69161,31.539721],[-104.691119,31.540427],[-104.690915,31.543786],[-104.688889,31.544624],[-104.68854,31.546325],[-104.689377,31.548894],[-104.68758,31.550714],[-104.686851,31.553188],[-104.68874,31.554928],[-104.69061,31.555462],[-104.693165,31.559749],[-104.694976,31.561726],[-104.695221,31.563079],[-104.696805,31.566758],[-104.696676,31.569006],[-104.695268,31.570023],[-104.696528,31.573802],[-104.694526,31.575784],[-104.694693,31.577265],[-104.693894,31.578148],[-104.69456,31.58251],[-104.695357,31.584613],[-104.694988,31.586895],[-104.697267,31.586468],[-104.697733,31.590321],[-104.698846,31.59328],[-104.701176,31.594818],[-104.70068,31.596221],[-104.702317,31.600595],[-104.702108,31.60265],[-104.700886,31.605609],[-104.697669,31.609077],[-104.697428,31.610738],[-104.696434,31.610892],[-104.693085,31.615043],[-104.695151,31.616462],[-104.696015,31.617733],[-104.699253,31.619188],[-104.698684,31.620352],[-104.699365,31.622146],[-104.701022,31.622919],[-104.705746,31.620708],[-104.707706,31.622168],[-104.711485,31.62353],[-104.714121,31.62215],[-104.716245,31.623167],[-104.711536,31.628782],[-104.710259,31.631658],[-104.70955,31.63217],[-104.708778,31.636173],[-104.707451,31.637427],[-104.704788,31.638729],[-104.702376,31.64307],[-104.702125,31.645951],[-104.700863,31.647696],[-104.701911,31.648427],[-104.702492,31.650797],[-104.701563,31.651147],[-104.702652,31.65279],[-104.703943,31.656495],[-104.705296,31.65926],[-104.706606,31.659416],[-104.705594,31.663337],[-104.704223,31.665156],[-104.701168,31.666818],[-104.701709,31.667307],[-104.701127,31.667685],[-104.699313,31.666402],[-104.695547,31.667178],[-104.693013,31.669079],[-104.68997,31.668172],[-104.688347,31.668409],[-104.68745,31.667355],[-104.684352,31.667603],[-104.682322,31.667283],[-104.680163,31.666087],[-104.678606,31.665828],[-104.676373,31.666717],[-104.675567,31.666277],[-104.67485,31.667484],[-104.672713,31.663825],[-104.670881,31.663568],[-104.670011,31.662358],[-104.668075,31.66144],[-104.668613,31.660473],[-104.666349,31.659769],[-104.666766,31.658625],[-104.662971,31.658539],[-104.6594,31.656859],[-104.656879,31.65782],[-104.656159,31.657212],[-104.654684,31.657994],[-104.651477,31.658751],[-104.650254,31.659535],[-104.64981,31.661271],[-104.648077,31.66153],[-104.648372,31.66026],[-104.64631,31.660312],[-104.647237,31.659395],[-104.646061,31.656691],[-104.645289,31.653601],[-104.644474,31.652571],[-104.641047,31.65147],[-104.638913,31.653528],[-104.634317,31.65371],[-104.631064,31.655407],[-104.629746,31.657325],[-104.627284,31.65968],[-104.624855,31.659843],[-104.622947,31.659299],[-104.620774,31.657417],[-104.619373,31.655078],[-104.614404,31.650026],[-104.612239,31.648633],[-104.612687,31.650876],[-104.611089,31.651554],[-104.608209,31.654272],[-104.604289,31.655578],[-104.602803,31.656403],[-104.601178,31.658302],[-104.598061,31.660484],[-104.594477,31.660925],[-104.591072,31.662373],[-104.588065,31.665674],[-104.584106,31.668845],[-104.583553,31.670469],[-104.579375,31.678408],[-104.579913,31.680819],[-104.580327,31.685847],[-104.58141,31.692062],[-104.583137,31.690631],[-104.584685,31.692819],[-104.586298,31.696679],[-104.586596,31.700581],[-104.588316,31.707899],[-104.589245,31.709944],[-104.589802,31.712593],[-104.586521,31.71421],[-104.589373,31.71538],[-104.592695,31.714996],[-104.594204,31.715422],[-104.597602,31.720064],[-104.601191,31.72379],[-104.603462,31.724836],[-104.606466,31.727562],[-104.608285,31.73128],[-104.611229,31.734212],[-104.617628,31.737561],[-104.619728,31.736979],[-104.622538,31.735356],[-104.623721,31.735501],[-104.627147,31.740506],[-104.627597,31.744871],[-104.627046,31.747266],[-104.624957,31.749506],[-104.626304,31.749867],[-104.628253,31.752748],[-104.630381,31.753358],[-104.631597,31.755523],[-104.632827,31.756367],[-104.637332,31.757054],[-104.640199,31.75702],[-104.643889,31.757517],[-104.647209,31.758286],[-104.651045,31.757177],[-104.653017,31.755386],[-104.653898,31.755464],[-104.655322,31.760401],[-104.654887,31.764391],[-104.653623,31.765729],[-104.65309,31.767669],[-104.653055,31.770326],[-104.657389,31.769381],[-104.661343,31.767723],[-104.66337,31.767959],[-104.665103,31.767251],[-104.66461,31.76888],[-104.662418,31.770531],[-104.661342,31.77223],[-104.65972,31.773389],[-104.657035,31.774478],[-104.656154,31.776276],[-104.656495,31.777314],[-104.658531,31.778292],[-104.65955,31.779335],[-104.661434,31.7786],[-104.663757,31.778595],[-104.664014,31.779804],[-104.665269,31.780566],[-104.665517,31.781979],[-104.668363,31.784022],[-104.673289,31.785737],[-104.674945,31.785571],[-104.678078,31.78638],[-104.680027,31.786522],[-104.681957,31.789701],[-104.684278,31.790193],[-104.685995,31.789626],[-104.68555,31.791609],[-104.685529,31.795871],[-104.686631,31.797591],[-104.689266,31.802939],[-104.689455,31.803755],[-104.690557,31.804657],[-104.693208,31.803362],[-104.696409,31.805712],[-104.696526,31.809287],[-104.69987,31.810512],[-104.702736,31.812206],[-104.708149,31.813695],[-104.710199,31.814906],[-104.711462,31.818227],[-104.711377,31.824306],[-104.711113,31.825571],[-104.711187,31.833898],[-104.709112,31.835953],[-104.709415,31.837679],[-104.708248,31.839142],[-104.705734,31.844225],[-104.704738,31.845197],[-104.704019,31.849673],[-104.705915,31.853067],[-104.706389,31.854962],[-104.706249,31.85711],[-104.704668,31.862772],[-104.702258,31.865967],[-104.703132,31.867238],[-104.703556,31.869411],[-104.705954,31.872464],[-104.706967,31.874383],[-104.709194,31.876159],[-104.704926,31.878376],[-104.704754,31.880672],[-104.702745,31.882169],[-104.70163,31.883582],[-104.70317,31.884392],[-104.703172,31.886042],[-104.704593,31.887243],[-104.701738,31.889239],[-104.702035,31.890036],[-104.704043,31.890097],[-104.706284,31.890945],[-104.707285,31.892768],[-104.706489,31.895202],[-104.707248,31.896356],[-104.705998,31.897887],[-104.707791,31.899759],[-104.709474,31.900618],[-104.707828,31.901133],[-104.708574,31.902583],[-104.70775,31.903254],[-104.706635,31.902039],[-104.705035,31.901366],[-104.703154,31.902048],[-104.70083,31.906289],[-104.69184,31.912049],[-104.691103,31.915194],[-104.688939,31.920512],[-104.689046,31.922211],[-104.69042,31.922892],[-104.690781,31.92819],[-104.692179,31.92971],[-104.705734,31.939617],[-104.708071,31.942414],[-104.711415,31.939852],[-104.71026,31.941041],[-104.707168,31.94316],[-104.697019,31.950976],[-104.683998,31.958993],[-104.681454,31.960318],[-104.677716,31.961392],[-104.605216,31.97538],[-104.601188,31.976541],[-104.585418,31.98329],[-104.587889,31.984696],[-104.590216,31.985439],[-104.591131,31.987136],[-104.593531,31.989909],[-104.597528,31.989555],[-104.599452,31.990187],[-104.601416,31.989785],[-104.604701,31.99107],[-104.604177,31.993367],[-104.606752,31.994055],[-104.607414,31.994753],[-104.607583689211,32.000370000822],[-104.640918,32.000396],[-104.643526,32.000443],[-104.847740007254,32.000482393994396],[-104.918272,32.000496],[-104.918356959202,32.0004960444129],[-104.98021595379801,32.00052838154969],[-104.979488,31.999228],[-104.977051,31.999006],[-104.971458,31.99291],[-104.971397,31.970383],[-104.969833,31.96908],[-104.970125,31.962781],[-104.969511,31.959039],[-104.968384,31.955029],[-104.968626,31.953669],[-104.989155,31.953006],[-104.989437,31.946658],[-104.997245,31.943477],[-104.998754,31.939417],[-105.003955,31.943351],[-105.005538,31.944438],[-105.006006,31.9394],[-105.007082,31.938121],[-105.023078,31.937951],[-105.023114,31.923508],[-105.095686,31.92352],[-105.095749,31.930354],[-105.101712,31.930641],[-105.104786,31.932636],[-105.108664,31.936948],[-105.110467,31.937972],[-105.113733,31.938777],[-105.113697,31.945099],[-105.11136,31.94658],[-105.11371,31.94657],[-105.113944,31.947982],[-105.113818,31.984886],[-105.131481,31.984975],[-105.131403,31.977262],[-105.135692,31.977241],[-105.135703,31.972508],[-105.139974,31.972523],[-105.140124,31.964081],[-105.135664,31.96406],[-105.135646,31.954209],[-105.136844,31.954227],[-105.136933,31.946379],[-105.135669,31.946261],[-105.135622,31.938879],[-105.131225,31.93888],[-105.131187,31.923526],[-105.139974,31.923551],[-105.139978,31.901944],[-105.14029,31.900565],[-105.148732,31.90054],[-105.148212,31.861549],[-105.174457,31.861415],[-105.174456,31.857576],[-105.182734,31.857036],[-105.187106,31.859118],[-105.18728,31.856502],[-105.188098,31.856596],[-105.192377,31.858602],[-105.197229,31.860287],[-105.201216,31.861295],[-105.201236,31.877388],[-105.236031,31.877342],[-105.236231,31.881195]]]}},{"type":"Feature","properties":{"zcta5":"79851","AFFGEOID10":"8600000US79851","GEOID10":"79851","ALAND10":1743861922,"AWATER10":180316,"county_name":"Hudspeth","state_code":"TX","county_state":"Hudspeth County, TX","county_fips":"48229","risk_level_county":"Very High Risk (<60% vaccinated)","mean_vaccination_rate_county":49.01,"risk_level_zcta":"Medium Risk (70–79% vaccinated)","mean_vaccination_rate_zips":71.95,"cases":803},"geometry":{"type":"Polygon","coordinates":[[[-105.650661,31.355511],[-105.650977,31.351807],[-105.653601,31.349419],[-105.654884,31.349664],[-105.656166,31.348083],[-105.656423,31.34644],[-105.662961,31.33872],[-105.665263,31.335674],[-105.658596,31.335024],[-105.657563,31.334495],[-105.657215,31.332007],[-105.655176,31.326025],[-105.655611,31.323939],[-105.655481,31.317957],[-105.654227,31.317059],[-105.651411,31.310336],[-105.649815,31.306032],[-105.649524,31.303004],[-105.647657,31.301318],[-105.647339,31.30033],[-105.643869,31.297211],[-105.641266,31.296156],[-105.641468,31.294474],[-105.640708,31.293389],[-105.636833,31.285942],[-105.63732,31.283611],[-105.635929,31.276789],[-105.636688,31.27319],[-105.637409,31.271501],[-105.637029,31.26972],[-105.638781,31.266859],[-105.638723,31.265731],[-105.635489,31.264382],[-105.633586,31.262346],[-105.633375,31.260513],[-105.631342,31.260223],[-105.629997,31.259032],[-105.631422,31.255235],[-105.633591,31.251188],[-105.636509,31.245065],[-105.634203,31.244795],[-105.629558,31.244825],[-105.626947,31.244559],[-105.620337,31.244786],[-105.614966,31.244677],[-105.610421,31.244354],[-105.611488,31.242751],[-105.614368,31.23709],[-105.615834,31.234615],[-105.618153,31.229048],[-105.617512,31.225657],[-105.620523,31.219195],[-105.620551,31.218347],[-105.623855,31.211702],[-105.628395,31.20428],[-105.637123,31.195098],[-105.642992,31.189373],[-105.63422,31.184474],[-105.633994,31.183344],[-105.631972,31.179544],[-105.656434,31.171669],[-105.655862,31.169349],[-105.657484,31.163424],[-105.657938,31.160451],[-105.657491,31.15614],[-105.654855,31.154285],[-105.639337,31.142304],[-105.63859,31.143747],[-105.636184,31.144211],[-105.635333,31.145351],[-105.633662,31.146098],[-105.630805,31.148555],[-105.628113,31.148909],[-105.623409,31.152707],[-105.620539,31.15359],[-105.620089,31.15489],[-105.618814,31.155755],[-105.618997,31.156735],[-105.61662,31.158686],[-105.615487,31.158859],[-105.613011,31.161831],[-105.612627,31.163049],[-105.609965,31.166267],[-105.609003,31.166564],[-105.605252,31.168966],[-105.603961,31.170829],[-105.600999,31.173974],[-105.599547,31.177186],[-105.594466,31.18095],[-105.595025,31.179152],[-105.596623,31.176899],[-105.598888,31.171366],[-105.599367,31.168818],[-105.601018,31.16538],[-105.602032,31.161185],[-105.60346,31.157148],[-105.604357,31.150122],[-105.605256,31.145917],[-105.60712,31.140914],[-105.607108,31.138702],[-105.602449,31.142239],[-105.600571,31.142574],[-105.598476,31.140779],[-105.598013,31.139176],[-105.598473,31.138056],[-105.597964,31.135762],[-105.596836,31.134056],[-105.593254,31.134793],[-105.591208,31.132888],[-105.587392,31.136452],[-105.585693,31.138541],[-105.583584,31.140057],[-105.580788,31.13857],[-105.578663,31.1414],[-105.577747,31.143605],[-105.576285,31.145438],[-105.574328,31.148931],[-105.572177,31.152112],[-105.569755,31.154629],[-105.568756,31.156251],[-105.565749,31.159084],[-105.561434,31.160222],[-105.55988,31.161009],[-105.554148,31.16284],[-105.552109,31.162868],[-105.538827,31.157844],[-105.536593,31.156683],[-105.533759,31.152617],[-105.531967,31.150509],[-105.527471,31.14872],[-105.526944,31.14747],[-105.524177,31.14756],[-105.521864,31.146785],[-105.518568,31.142374],[-105.517012,31.140958],[-105.514389,31.140301],[-105.512452,31.138792],[-105.511602,31.136442],[-105.509403,31.135522],[-105.508987,31.134831],[-105.504879,31.132821],[-105.501204,31.133101],[-105.501002,31.128776],[-105.499176,31.127282],[-105.497949,31.125309],[-105.496769,31.124636],[-105.494729,31.124658],[-105.492075,31.126032],[-105.490143,31.125945],[-105.486557,31.126659],[-105.484684,31.126442],[-105.480795,31.124694],[-105.480943,31.123367],[-105.478675,31.121721],[-105.476822,31.121308],[-105.473981,31.121765],[-105.471408,31.120971],[-105.46897,31.119085],[-105.466093,31.117809],[-105.46327,31.117356],[-105.460057,31.116311],[-105.459732,31.115533],[-105.45789,31.115579],[-105.454171,31.114353],[-105.453012,31.114299],[-105.449579,31.111582],[-105.4489,31.111416],[-105.444812,31.112818],[-105.441851,31.115487],[-105.440708,31.119812],[-105.409958,31.120732],[-105.407552,31.120291],[-105.404657,31.116094],[-105.402824,31.111756],[-105.400305,31.109435],[-105.398602,31.106614],[-105.397163,31.10568],[-105.375558,31.115289],[-105.375031,31.115608],[-105.370566,31.11915],[-105.368774,31.120153],[-105.354292,31.127121],[-105.353535,31.127741],[-105.353162,31.128665],[-105.353109,31.141378],[-105.339114,31.141329],[-105.338234,31.140943],[-105.335674,31.138497],[-105.333958,31.135492],[-105.329965,31.137822],[-105.326011,31.137583],[-105.324994,31.138124],[-105.322622,31.138232],[-105.318819,31.136709],[-105.317366,31.134699],[-105.314317,31.132243],[-105.312927,31.132176],[-105.310785,31.133763],[-105.310352,31.134771],[-105.303945,31.126193],[-105.30177,31.124523],[-105.301662,31.123094],[-105.294716,31.113445],[-105.294714,31.112463],[-105.283706,31.112926],[-105.283029,31.104987],[-105.274069,31.104394],[-105.272794,31.10558],[-105.268836,31.110979],[-105.2673,31.111362],[-105.266893,31.11249],[-105.26337,31.115049],[-105.254258,31.108787],[-105.250845,31.107525],[-105.240957,31.105837],[-105.237734,31.106091],[-105.246367,31.100462],[-105.239601,31.094133],[-105.243835,31.092437],[-105.246019,31.090852],[-105.249164,31.087626],[-105.249974,31.080214],[-105.247717,31.076235],[-105.240913,31.071201],[-105.239217,31.067168],[-105.237611,31.064501],[-105.241348,31.060396],[-105.241512,31.059082],[-105.245623,31.056984],[-105.246381,31.056157],[-105.246053,31.054677],[-105.244117,31.05213],[-105.238596,31.045958],[-105.23739,31.044167],[-105.235189,31.042882],[-105.233807,31.040856],[-105.233806,31.045401],[-105.233065,31.046388],[-105.231412,31.047016],[-105.230826,31.047944],[-105.228505,31.048891],[-105.227409,31.048794],[-105.222786,31.047239],[-105.216233,31.043264],[-105.219318,31.042826],[-105.242285,31.029698],[-105.243433,31.02926],[-105.250089,31.02192],[-105.254291,31.020714],[-105.255724,31.019566],[-105.256518,31.018017],[-105.25982,31.017577],[-105.261779,31.016577],[-105.263235,31.013954],[-105.263122,31.012396],[-105.264495,31.011078],[-105.264228,31.01028],[-105.265262,31.008171],[-105.265249,31.004106],[-105.265899,31.00316],[-105.27128,31.000781],[-105.274356,30.999019],[-105.279354,30.997055],[-105.279211,30.993529],[-105.280569,30.989894],[-105.281257,30.987034],[-105.282467,30.983643],[-105.281854,30.978861],[-105.280673,30.976927],[-105.278325,30.974118],[-105.276255,30.971833],[-105.268003,30.952041],[-105.2667,30.942169],[-105.265732,30.940975],[-105.263767,30.936284],[-105.261235,30.931051],[-105.259435,30.929127],[-105.257864,30.924346],[-105.257703,30.921677],[-105.256411,30.920306],[-105.255663,30.916479],[-105.254325,30.911506],[-105.251084,30.905766],[-105.251005,30.904884],[-105.252237,30.901579],[-105.255735,30.899783],[-105.257624,30.89938],[-105.258675,30.898475],[-105.258065,30.893709],[-105.255972,30.892314],[-105.253808,30.892045],[-105.247963,30.890008],[-105.240803,30.886315],[-105.238456,30.884021],[-105.236937,30.88104],[-105.236128,30.878225],[-105.234158,30.874619],[-105.232252,30.870214],[-105.230169,30.867478],[-105.229488,30.865767],[-105.227409,30.862872],[-105.225236,30.859144],[-105.221468,30.855017],[-105.220074,30.852988],[-105.21882,30.847036],[-105.215455,30.84784],[-105.214578,30.848796],[-105.214662,30.850939],[-105.215408,30.851737],[-105.213692,30.852282],[-105.212876,30.853811],[-105.213722,30.859206],[-105.212089,30.862112],[-105.211195,30.865244],[-105.209118,30.867548],[-105.207361,30.870385],[-105.207352,30.872975],[-105.206135,30.875448],[-105.204507,30.877794],[-105.20382,30.879521],[-105.201936,30.881498],[-105.200909,30.883515],[-105.199782,30.88443],[-105.197535,30.887995],[-105.192437,30.890214],[-105.190692,30.891223],[-105.189106,30.891046],[-105.182674,30.892221],[-105.181431,30.891306],[-105.174927,30.893882],[-105.173453,30.895161],[-105.168382,30.897719],[-105.16832,30.901333],[-105.172477,30.903744],[-105.177678,30.906192],[-105.179849,30.908937],[-105.182639,30.911946],[-105.184656,30.918787],[-105.183264,30.919809],[-105.182122,30.919761],[-105.180365,30.920934],[-105.174467,30.922943],[-105.171999,30.923148],[-105.168567,30.924404],[-105.167701,31.045983],[-105.166146,31.046746],[-105.165034,31.046024],[-105.156273,31.039568],[-105.152173,31.042888],[-105.046204,31.021746],[-105.045779,31.021627],[-105.044955,31.021165],[-105.024279,31.007255],[-105.022098,31.009166],[-105.018916,31.008081],[-105.015827,31.011203],[-105.016276,31.016916],[-105.016111,31.018101],[-105.004573,31.072708],[-105.002663,31.077036],[-105.003886,31.077352],[-104.998504,31.095219],[-104.998508,31.097037],[-105.003028,31.104348],[-105.004883,31.103841],[-105.0173,31.103844],[-105.022625,31.105543],[-105.030263,31.108635],[-105.033644,31.10875],[-105.036585,31.10497],[-105.036929,31.102717],[-105.038385,31.101288],[-105.038928,31.099582],[-105.041701,31.096617],[-105.042802,31.096001],[-105.043746,31.094538],[-105.044139,31.092985],[-105.043888,31.091705],[-105.063552,31.09681],[-105.077078,31.100272],[-105.078825,31.09616],[-105.141909,31.11182],[-105.167945,31.119555],[-105.317982,31.163735],[-105.319507,31.164425],[-105.319487,31.207479],[-105.314679,31.207972],[-105.314175,31.208401],[-105.312223,31.213846],[-105.292322,31.231315],[-105.298207,31.236839],[-105.296483,31.237088],[-105.291657,31.236791],[-105.290235,31.236891],[-105.289682,31.23755],[-105.286163,31.236862],[-105.282259,31.240411],[-105.23795,31.27844],[-105.235219,31.280333],[-105.232727,31.281644],[-105.226951,31.286438],[-105.223134,31.288572],[-105.222321,31.289797],[-105.220188,31.290947],[-105.218918,31.292633],[-105.219058,31.293564],[-105.220771,31.297087],[-105.221211,31.299615],[-105.224134,31.311486],[-105.225415,31.315579],[-105.226344,31.317207],[-105.228857,31.320471],[-105.229158,31.32135],[-105.227616,31.322743],[-105.228795,31.324693],[-105.229425,31.326472],[-105.228911,31.328968],[-105.228103,31.330054],[-105.226382,31.330874],[-105.221655,31.330312],[-105.221271,31.331228],[-105.217362,31.333633],[-105.210581,31.336288],[-105.208109,31.336938],[-105.204224,31.33899],[-105.202772,31.338924],[-105.201221,31.340694],[-105.199346,31.34229],[-105.196632,31.34312],[-105.182046,31.345455],[-105.177634,31.346444],[-105.168362,31.352701],[-105.145483,31.352657],[-105.150915,31.337583],[-105.1512,31.31197],[-105.151528,31.307967],[-105.150358,31.307779],[-105.150195,31.305581],[-105.146777,31.302199],[-105.145046,31.30102],[-105.143464,31.298393],[-105.142584,31.297473],[-105.13994,31.295686],[-105.139091,31.294789],[-105.135126,31.291726],[-105.133269,31.290838],[-105.130835,31.289045],[-105.128674,31.287116],[-105.125899,31.285984],[-105.122489,31.285144],[-105.116023,31.284313],[-105.11597,31.283129],[-105.115166,31.281095],[-105.113795,31.280374],[-105.111715,31.278058],[-105.110345,31.275287],[-105.11188,31.271927],[-105.112029,31.270584],[-105.110648,31.268557],[-105.107573,31.266307],[-105.10663,31.26475],[-105.102612,31.261096],[-105.101143,31.259037],[-105.099666,31.258112],[-105.098185,31.256651],[-105.095537,31.255403],[-105.093296,31.253873],[-105.088355,31.25137],[-105.087311,31.250406],[-105.085358,31.250194],[-105.08225,31.249372],[-105.080753,31.250194],[-105.077945,31.253361],[-105.077031,31.255116],[-105.077224,31.257009],[-105.076874,31.257792],[-105.075815,31.258327],[-105.072146,31.258524],[-105.071203,31.259496],[-105.068888,31.260124],[-105.066347,31.26017],[-105.064097,31.258345],[-105.062899,31.256283],[-105.061637,31.255139],[-105.060457,31.25504],[-105.059946,31.255755],[-105.056457,31.257538],[-105.054724,31.259195],[-105.054591,31.261064],[-105.052567,31.277203],[-105.052631,31.280154],[-105.031325,31.280091],[-105.029934,31.279803],[-105.027028,31.278286],[-105.024098,31.278395],[-105.01928,31.27695],[-105.017304,31.279293],[-105.018739,31.281801],[-105.02,31.284962],[-105.022193,31.287822],[-105.024043,31.289702],[-105.026332,31.290081],[-105.029321,31.290127],[-105.030787,31.28976],[-105.031034,31.292347],[-105.032495,31.293415],[-105.034706,31.295755],[-105.035928,31.297417],[-105.036432,31.298725],[-105.037,31.302323],[-105.038125,31.307708],[-105.037749,31.309771],[-105.037796,31.311542],[-105.039024,31.314437],[-105.041333,31.317741],[-105.043105,31.316169],[-105.045174,31.313233],[-105.044726,31.310162],[-105.045346,31.309406],[-105.056601,31.309346],[-105.05712,31.309455],[-105.057351,31.310338],[-105.060053,31.316984],[-105.061481,31.322209],[-105.064223,31.325611],[-105.064753,31.327713],[-105.065904,31.33515],[-105.065902,31.341088],[-105.06061,31.344878],[-105.060572,31.346124],[-105.061416,31.348241],[-105.063166,31.349567],[-105.066205,31.351226],[-105.069146,31.352239],[-105.070814,31.353095],[-105.071737,31.354814],[-105.069073,31.35508],[-105.060759,31.354742],[-105.061982,31.36187],[-105.061848,31.363618],[-105.06219,31.371504],[-105.062383,31.387362],[-105.055527,31.385346],[-105.046081,31.382973],[-105.039756,31.382155],[-105.037949,31.382335],[-105.035815,31.383893],[-105.032657,31.385328],[-105.028707,31.385544],[-105.027315,31.384331],[-105.027684,31.386487],[-105.027464,31.387907],[-105.026386,31.390132],[-105.024208,31.392187],[-105.020966,31.396736],[-105.020868,31.399438],[-105.019824,31.402313],[-105.017702,31.404567],[-105.015389,31.406328],[-105.014919,31.409242],[-105.013762,31.410384],[-105.011915,31.41137],[-105.011075,31.412949],[-105.009357,31.414309],[-105.008627,31.416639],[-105.007396,31.41812],[-105.006705,31.420273],[-105.005567,31.421275],[-105.005807,31.422593],[-105.005208,31.424813],[-105.004057,31.426569],[-105.002447,31.427424],[-104.998492,31.427359],[-104.996277,31.428014],[-104.994875,31.429312],[-104.992798,31.430437],[-104.990231,31.432739],[-104.99029,31.433684],[-104.989557,31.435328],[-104.991041,31.435967],[-104.996582,31.436232],[-104.999355,31.437196],[-105.001995,31.438496],[-105.004149,31.439096],[-105.008793,31.441013],[-105.012653,31.442052],[-105.014131,31.44197],[-105.015048,31.442543],[-105.020212,31.444072],[-105.024042,31.444358],[-105.028159,31.446118],[-105.031562,31.448541],[-105.031513,31.449579],[-105.029586,31.450057],[-105.029262,31.450746],[-105.034937,31.451691],[-105.038988,31.452079],[-105.04105,31.452057],[-105.046346,31.452435],[-105.04769,31.45015],[-105.047408,31.449513],[-105.045182,31.447957],[-105.044101,31.445504],[-105.043395,31.445089],[-105.039869,31.444733],[-105.036464,31.443488],[-105.036158,31.442438],[-105.037084,31.442373],[-105.040074,31.440692],[-105.041959,31.437966],[-105.042016,31.437092],[-105.040703,31.435395],[-105.041854,31.433436],[-105.043708,31.432187],[-105.043876,31.430819],[-105.046244,31.429608],[-105.047531,31.428216],[-105.050657,31.426155],[-105.052824,31.427673],[-105.055069,31.427545],[-105.056911,31.42668],[-105.057651,31.425926],[-105.061005,31.420876],[-105.064285,31.423358],[-105.065613,31.424798],[-105.068454,31.427263],[-105.069282,31.428332],[-105.070385,31.428234],[-105.070868,31.429375],[-105.07065,31.430436],[-105.072498,31.431923],[-105.073915,31.433682],[-105.073181,31.434728],[-105.074699,31.435575],[-105.077671,31.438019],[-105.0793,31.439874],[-105.080345,31.442482],[-105.081734,31.443444],[-105.081666,31.444869],[-105.083281,31.444662],[-105.08374,31.443182],[-105.08509,31.441031],[-105.086887,31.439485],[-105.088455,31.438739],[-105.093862,31.434436],[-105.096999,31.430824],[-105.099877,31.425815],[-105.100478,31.425695],[-105.100735,31.464471],[-105.101139,31.464835],[-105.103756,31.464969],[-105.106667,31.46417],[-105.109619,31.46229],[-105.113441,31.461039],[-105.122949,31.459123],[-105.134115,31.459207],[-105.134223,31.441355],[-105.135336,31.439848],[-105.135948,31.437811],[-105.13948,31.437843],[-105.145083,31.436052],[-105.146739,31.434182],[-105.148881,31.431005],[-105.149002,31.430317],[-105.152005,31.432302],[-105.159357,31.440042],[-105.162906,31.443493],[-105.164033,31.444848],[-105.165346,31.447916],[-105.164838,31.450498],[-105.164903,31.451827],[-105.167859,31.452383],[-105.167889,31.45583],[-105.173514,31.464106],[-105.177279,31.468716],[-105.179313,31.470694],[-105.19096,31.483446],[-105.192984,31.48597],[-105.196991,31.490118],[-105.200963,31.494523],[-105.20287,31.49777],[-105.204249,31.499467],[-105.207888,31.50078],[-105.213034,31.502399],[-105.214079,31.503242],[-105.215914,31.509717],[-105.216923,31.511911],[-105.216875,31.514131],[-105.219172,31.51736],[-105.221216,31.518763],[-105.223541,31.519847],[-105.227558,31.522272],[-105.229276,31.52188],[-105.230374,31.522464],[-105.232744,31.524489],[-105.234236,31.525206],[-105.236949,31.527236],[-105.237622,31.514008],[-105.241379,31.513411],[-105.245543,31.512534],[-105.251048,31.511848],[-105.254636,31.511707],[-105.259595,31.511128],[-105.261741,31.51124],[-105.263958,31.510443],[-105.266082,31.508571],[-105.270708,31.505848],[-105.270734,31.504212],[-105.269163,31.502848],[-105.268183,31.499503],[-105.266862,31.497726],[-105.267956,31.494295],[-105.26724,31.491212],[-105.267882,31.488594],[-105.268487,31.487948],[-105.269392,31.4884],[-105.269036,31.48721],[-105.269203,31.485518],[-105.270339,31.483376],[-105.288545,31.483958],[-105.301318,31.483591],[-105.303887,31.483838],[-105.305143,31.487638],[-105.306647,31.492916],[-105.309252,31.496031],[-105.312589,31.494421],[-105.31332,31.493314],[-105.324403,31.48871],[-105.332141,31.489032],[-105.337547,31.488385],[-105.341123,31.487816],[-105.343047,31.487857],[-105.344295,31.488468],[-105.350858,31.493557],[-105.350688,31.494447],[-105.351844,31.494442],[-105.351082,31.500189],[-105.357294,31.563984],[-105.353167,31.564402],[-105.3498,31.564976],[-105.344373,31.565669],[-105.340099,31.566554],[-105.338649,31.566618],[-105.33665,31.569987],[-105.334447,31.575567],[-105.331383,31.579578],[-105.325196,31.594823],[-105.32195,31.600605],[-105.320153,31.601531],[-105.311851,31.601014],[-105.309196,31.601567],[-105.307263,31.601129],[-105.306236,31.601704],[-105.303802,31.601487],[-105.293817,31.600934],[-105.291144,31.597928],[-105.29169,31.600607],[-105.287953,31.603598],[-105.282505,31.607014],[-105.287044,31.610758],[-105.291705,31.614897],[-105.292668,31.617271],[-105.292697,31.618918],[-105.293707,31.621526],[-105.294215,31.621754],[-105.281303,31.626683],[-105.265088,31.633718],[-105.258433,31.634002],[-105.255794,31.633909],[-105.252508,31.633322],[-105.248141,31.630718],[-105.241684,31.631023],[-105.239941,31.630466],[-105.238369,31.631115],[-105.238912,31.634624],[-105.240425,31.639542],[-105.241509,31.644616],[-105.24256,31.652012],[-105.242563,31.654068],[-105.47308,31.652505],[-105.473237,31.546786],[-105.479151,31.470739],[-105.477826,31.471188],[-105.476586,31.472875],[-105.474169,31.47382],[-105.468945,31.474951],[-105.465585,31.474176],[-105.462792,31.474685],[-105.458833,31.473071],[-105.45073,31.470429],[-105.450381,31.470155],[-105.449647,31.468609],[-105.448761,31.462612],[-105.447781,31.4619],[-105.44194,31.462028],[-105.440905,31.462256],[-105.434904,31.46259],[-105.42957,31.461368],[-105.425293,31.461178],[-105.420117,31.460619],[-105.416718,31.460797],[-105.41542,31.4599],[-105.414047,31.460171],[-105.413448,31.456308],[-105.414314,31.454591],[-105.41483,31.452413],[-105.415977,31.449948],[-105.416156,31.444423],[-105.415366,31.442594],[-105.416289,31.440846],[-105.416587,31.432841],[-105.413969,31.43276],[-105.405895,31.442881],[-105.404393,31.443196],[-105.397879,31.445916],[-105.391664,31.451083],[-105.385494,31.457824],[-105.386711,31.459835],[-105.387164,31.46146],[-105.387912,31.467017],[-105.386586,31.467598],[-105.378541,31.46874],[-105.353808,31.468834],[-105.349817,31.468271],[-105.34945,31.445858],[-105.347464,31.44602],[-105.345724,31.441365],[-105.344336,31.439899],[-105.338612,31.435545],[-105.334752,31.434146],[-105.330513,31.435328],[-105.327802,31.436686],[-105.321575,31.438089],[-105.318853,31.438451],[-105.314519,31.437117],[-105.311679,31.436541],[-105.310885,31.436666],[-105.310425,31.437956],[-105.309285,31.437777],[-105.309751,31.439192],[-105.311132,31.440625],[-105.313564,31.443965],[-105.313488,31.445161],[-105.309922,31.450051],[-105.308061,31.451894],[-105.305578,31.452525],[-105.301728,31.452901],[-105.299451,31.452176],[-105.296355,31.451533],[-105.295741,31.450536],[-105.294787,31.451662],[-105.291835,31.451165],[-105.288124,31.448763],[-105.284382,31.446988],[-105.278222,31.4448],[-105.27688,31.444102],[-105.270048,31.442165],[-105.264571,31.441288],[-105.259524,31.440988],[-105.255747,31.440062],[-105.253641,31.439078],[-105.248211,31.439092],[-105.245573,31.440124],[-105.241586,31.441028],[-105.236068,31.442535],[-105.229676,31.44481],[-105.229201,31.443292],[-105.226109,31.440384],[-105.225734,31.431493],[-105.226169,31.42978],[-105.226868,31.425108],[-105.227059,31.419002],[-105.227288,31.418088],[-105.230263,31.411325],[-105.230802,31.408458],[-105.231943,31.404017],[-105.235291,31.404309],[-105.238316,31.40389],[-105.242212,31.403047],[-105.245299,31.401881],[-105.249996,31.401029],[-105.266466,31.399737],[-105.271879,31.396163],[-105.273888,31.395439],[-105.275957,31.394308],[-105.280053,31.396005],[-105.282238,31.395602],[-105.286088,31.394467],[-105.28616,31.368581],[-105.28643,31.366327],[-105.28639,31.35686],[-105.285961,31.355841],[-105.284637,31.354911],[-105.286331,31.337982],[-105.287409,31.337447],[-105.292694,31.337347],[-105.294628,31.335332],[-105.299217,31.331729],[-105.300733,31.331273],[-105.303146,31.328669],[-105.304451,31.326611],[-105.305699,31.323198],[-105.306148,31.319628],[-105.312119,31.31749],[-105.315666,31.317846],[-105.316535,31.317557],[-105.333152,31.307525],[-105.333901,31.307181],[-105.334053,31.291564],[-105.334192,31.290075],[-105.338311,31.282038],[-105.339162,31.279822],[-105.349793,31.282854],[-105.350954,31.28302],[-105.355466,31.282971],[-105.366286,31.284689],[-105.3679,31.284067],[-105.367807,31.281695],[-105.368212,31.280191],[-105.370275,31.276438],[-105.370289,31.265541],[-105.377512,31.265549],[-105.377322,31.264073],[-105.376407,31.262367],[-105.374262,31.260237],[-105.373371,31.257621],[-105.374043,31.255129],[-105.388259,31.25386],[-105.388854,31.251969],[-105.389915,31.251298],[-105.392467,31.25105],[-105.393694,31.250487],[-105.394997,31.248709],[-105.395905,31.248158],[-105.39726,31.248452],[-105.396933,31.249708],[-105.397513,31.252512],[-105.398766,31.254026],[-105.401116,31.256053],[-105.40214,31.257849],[-105.403192,31.260529],[-105.404002,31.261353],[-105.406731,31.262495],[-105.404239,31.261276],[-105.403001,31.259805],[-105.402095,31.257196],[-105.400601,31.255171],[-105.398403,31.253406],[-105.397494,31.252061],[-105.397146,31.249657],[-105.39795,31.247237],[-105.397787,31.245062],[-105.396076,31.241789],[-105.395483,31.238852],[-105.395558,31.237777],[-105.396723,31.234976],[-105.399511,31.231309],[-105.40086,31.228742],[-105.401739,31.225493],[-105.401111,31.218848],[-105.401479,31.216617],[-105.402131,31.215214],[-105.403049,31.213973],[-105.404819,31.212471],[-105.40669,31.211533],[-105.413144,31.208912],[-105.415236,31.207775],[-105.417162,31.205778],[-105.417947,31.204254],[-105.418367,31.201242],[-105.417817,31.19722],[-105.418191,31.193544],[-105.419448,31.190585],[-105.419373,31.189512],[-105.377516,31.17988],[-105.374558,31.179549],[-105.372991,31.178832],[-105.375471,31.179387],[-105.376845,31.179133],[-105.37878,31.179829],[-105.427388,31.191142],[-105.453073,31.198876],[-105.454585,31.199539],[-105.457662,31.201714],[-105.469208,31.211835],[-105.471112,31.212928],[-105.482301,31.217112],[-105.480238,31.220457],[-105.47934,31.223786],[-105.478189,31.225787],[-105.479484,31.227781],[-105.479681,31.230682],[-105.480584,31.232011],[-105.515196,31.256183],[-105.518286,31.257866],[-105.524591,31.262161],[-105.527162,31.264578],[-105.528678,31.265312],[-105.531276,31.265478],[-105.533565,31.266225],[-105.535231,31.26771],[-105.529741,31.270725],[-105.529649,31.271513],[-105.527632,31.271392],[-105.526179,31.270225],[-105.524643,31.269895],[-105.523112,31.270158],[-105.521203,31.271417],[-105.520741,31.273524],[-105.519287,31.275124],[-105.519013,31.277265],[-105.520857,31.280418],[-105.521237,31.281979],[-105.520961,31.283741],[-105.520041,31.285093],[-105.51989,31.286367],[-105.51779,31.291734],[-105.517025,31.292976],[-105.511624,31.308127],[-105.509683,31.306589],[-105.506849,31.303602],[-105.505216,31.302572],[-105.503976,31.301332],[-105.502107,31.301093],[-105.501627,31.302623],[-105.502893,31.305907],[-105.502969,31.307722],[-105.502045,31.309361],[-105.503691,31.311281],[-105.503626,31.311952],[-105.504977,31.313119],[-105.504022,31.313641],[-105.504412,31.31484],[-105.505565,31.316177],[-105.504192,31.318349],[-105.503846,31.318272],[-105.504326,31.319323],[-105.505787,31.319983],[-105.506332,31.319687],[-105.507228,31.321211],[-105.508246,31.322025],[-105.507559,31.324126],[-105.508507,31.325545],[-105.510229,31.327174],[-105.509408,31.328521],[-105.510343,31.329682],[-105.509958,31.33092],[-105.511911,31.334187],[-105.511827,31.335018],[-105.509589,31.338251],[-105.50928,31.340423],[-105.509868,31.344026],[-105.508316,31.344779],[-105.508425,31.345912],[-105.509264,31.346468],[-105.512282,31.347069],[-105.514627,31.349347],[-105.514915,31.350089],[-105.517055,31.351405],[-105.516311,31.352543],[-105.516835,31.353781],[-105.518655,31.355426],[-105.518706,31.356971],[-105.51932,31.35833],[-105.518852,31.359589],[-105.519261,31.360904],[-105.520614,31.360673],[-105.521633,31.361878],[-105.521273,31.363303],[-105.521874,31.367598],[-105.521495,31.368786],[-105.521879,31.370112],[-105.524193,31.370795],[-105.525763,31.372643],[-105.526756,31.37299],[-105.530661,31.372056],[-105.534276,31.372931],[-105.536462,31.373751],[-105.540782,31.374335],[-105.543518,31.37516],[-105.54755,31.376882],[-105.549985,31.379919],[-105.551421,31.383043],[-105.553639,31.385529],[-105.55394,31.386513],[-105.55316,31.390702],[-105.554976,31.387958],[-105.55537,31.386545],[-105.558335,31.383616],[-105.558482,31.382991],[-105.561729,31.384168],[-105.570674,31.389398],[-105.572955,31.389644],[-105.575629,31.3908],[-105.577676,31.391261],[-105.578435,31.392886],[-105.581474,31.392953],[-105.583215,31.391263],[-105.586461,31.390815],[-105.588874,31.389539],[-105.591908,31.390523],[-105.592116,31.389859],[-105.594423,31.389446],[-105.599316,31.389983],[-105.600149,31.389555],[-105.602615,31.38648],[-105.604202,31.385218],[-105.605059,31.385739],[-105.609995,31.384723],[-105.610709,31.386143],[-105.613093,31.386804],[-105.61499,31.385993],[-105.616496,31.386837],[-105.620775,31.385145],[-105.622481,31.3853],[-105.624432,31.384609],[-105.626605,31.384857],[-105.628324,31.383316],[-105.631269,31.382398],[-105.634212,31.382293],[-105.636389,31.381483],[-105.640821,31.381829],[-105.641735,31.382571],[-105.645974,31.381741],[-105.646981,31.382204],[-105.649076,31.381526],[-105.651185,31.380102],[-105.653538,31.380099],[-105.654522,31.377412],[-105.655449,31.372817],[-105.652342,31.366741],[-105.651243,31.366152],[-105.649748,31.362909],[-105.649453,31.361622],[-105.650661,31.355511]]]}}]}