{"type":"FeatureCollection","features":[{"type":"Feature","properties":{"zcta5":"71665","AFFGEOID10":"8600000US71665","GEOID10":"71665","ALAND10":729408134,"AWATER10":1613178,"county_name":"Jefferson","state_code":"AR","county_state":"Jefferson County, AR","county_fips":"05069","risk_level_county":"Higher Risk (60–69% vaccinated)","mean_vaccination_rate_county":64.17,"risk_level_zcta":"Medium Risk (70–79% vaccinated)","mean_vaccination_rate_zips":71.14,"cases":8},"geometry":{"type":"Polygon","coordinates":[[[-92.336765,34.059633],[-92.336045,34.057894],[-92.336617,34.056886],[-92.338356,34.056539],[-92.339677,34.056941],[-92.338211,34.055743],[-92.335059,34.054756],[-92.330608,34.052492],[-92.325857,34.048632],[-92.324732,34.048333],[-92.322416,34.049169],[-92.321967,34.050639],[-92.320993,34.050249],[-92.32004,34.046939],[-92.318294,34.045591],[-92.317164,34.045412],[-92.316577,34.044244],[-92.317229,34.043427],[-92.316168,34.042639],[-92.316275,34.041055],[-92.315012,34.040486],[-92.311937,34.04142],[-92.311404,34.038362],[-92.311952,34.037692],[-92.310968,34.036682],[-92.308054,34.03819],[-92.306444,34.034221],[-92.306515,34.032726],[-92.307848,34.030634],[-92.308745,34.028131],[-92.308916,34.024943],[-92.307809,34.023443],[-92.308816,34.021777],[-92.30833,34.019975],[-92.305055,34.017498],[-92.306886,34.015037],[-92.305821,34.014154],[-92.304743,34.00994],[-92.303013,34.010156],[-92.303155,34.008653],[-92.305377,34.00799],[-92.30306,34.006698],[-92.302538,34.004788],[-92.302,34.006684],[-92.300808,34.005989],[-92.300208,34.00272],[-92.298768,34.001597],[-92.298541,34.000407],[-92.299969,33.99908],[-92.298874,33.997186],[-92.299644,33.995606],[-92.296646,33.994792],[-92.296142,33.992759],[-92.294104,33.99141],[-92.294139,33.989706],[-92.292927,33.989169],[-92.290258,33.990788],[-92.289177,33.989451],[-92.287848,33.989906],[-92.286855,33.987709],[-92.287378,33.98604],[-92.283714,33.98366],[-92.283011,33.982095],[-92.281848,33.981562],[-92.281878,33.98002],[-92.280532,33.97925],[-92.279752,33.980218],[-92.277819,33.980422],[-92.276249,33.979378],[-92.277149,33.976819],[-92.279311,33.974649],[-92.280881,33.969262],[-92.280531,33.967024],[-92.279296,33.966586],[-92.278393,33.967565],[-92.277425,33.966901],[-92.278193,33.965168],[-92.279441,33.964153],[-92.281073,33.965846],[-92.281821,33.964535],[-92.280204,33.962514],[-92.280271,33.96064],[-92.279631,33.958987],[-92.27806,33.958709],[-92.278046,33.956698],[-92.280486,33.956126],[-92.280162,33.954815],[-92.277916,33.954469],[-92.277889,33.953393],[-92.280476,33.952354],[-92.279289,33.951287],[-92.277943,33.951335],[-92.275786,33.95235],[-92.273476,33.951278],[-92.273684,33.950087],[-92.272065,33.950259],[-92.27009,33.949597],[-92.271137,33.947409],[-92.270018,33.946025],[-92.273223,33.945105],[-92.269831,33.942949],[-92.268263,33.942673],[-92.266106,33.943927],[-92.266383,33.941315],[-92.268053,33.94072],[-92.267632,33.939982],[-92.264784,33.939791],[-92.263373,33.936339],[-92.262507,33.935913],[-92.261411,33.936778],[-92.260091,33.936129],[-92.261957,33.93463],[-92.26363,33.934497],[-92.262812,33.932988],[-92.25951,33.932923],[-92.257593,33.933709],[-92.25644,33.932019],[-92.256083,33.928876],[-92.258149,33.927281],[-92.25614,33.92681],[-92.256312,33.925829],[-92.258869,33.924748],[-92.25882,33.923388],[-92.257537,33.922744],[-92.258097,33.921735],[-92.260001,33.921988],[-92.260395,33.921014],[-92.258216,33.91917],[-92.257469,33.915936],[-92.254562,33.91389],[-92.249963,33.912566],[-92.248803,33.911293],[-92.248534,33.909125],[-92.249211,33.907543],[-92.248743,33.904219],[-92.248325,33.903722],[-92.244761,33.902824],[-92.243289,33.903689],[-92.240565,33.903739],[-92.23811,33.902104],[-92.235263,33.90154],[-92.234412,33.900861],[-92.234103,33.897345],[-92.232279,33.894964],[-92.23047,33.89666],[-92.229261,33.89659],[-92.229685,33.894577],[-92.229233,33.893508],[-92.227411,33.891785],[-92.227337,33.887872],[-92.226871,33.886281],[-92.229268,33.883884],[-92.231101,33.883805],[-92.231135,33.881235],[-92.227202,33.878736],[-92.224899,33.875129],[-92.222421,33.874834],[-92.221417,33.876613],[-92.220359,33.876773],[-92.218885,33.874432],[-92.217728,33.8746],[-92.217371,33.876039],[-92.214332,33.876927],[-92.214148,33.875017],[-92.212534,33.871082],[-92.208078,33.870061],[-92.205184,33.870104],[-92.202761,33.868093],[-92.199981,33.867955],[-92.198385,33.867091],[-92.196598,33.867218],[-92.194285,33.866526],[-92.193838,33.867196],[-92.195027,33.869651],[-92.194708,33.870238],[-92.191163,33.869426],[-92.190588,33.869965],[-92.190462,33.872808],[-92.186876,33.874975],[-92.18584,33.875183],[-92.182864,33.873902],[-92.184264,33.871936],[-92.181356,33.872006],[-92.1789,33.868524],[-92.174599,33.862918],[-92.173575,33.862221],[-92.172246,33.862569],[-92.171434,33.864467],[-92.173218,33.865962],[-92.172258,33.866615],[-92.17021,33.866548],[-92.166892,33.862775],[-92.164345,33.86181],[-92.163764,33.860198],[-92.162503,33.859046],[-92.161868,33.857446],[-92.16054,33.856727],[-92.158445,33.852634],[-92.159091,33.850716],[-92.158851,33.848658],[-92.157259,33.847224],[-92.154371,33.846297],[-92.15523,33.843521],[-92.152632,33.838327],[-92.151324,33.83655],[-92.147421,33.834538],[-92.14466,33.834041],[-92.141211,33.834022],[-92.137615,33.831515],[-92.137352,33.830503],[-92.138803,33.829546],[-92.138331,33.827464],[-92.137083,33.827535],[-92.135773,33.828757],[-92.132784,33.82965],[-92.131153,33.831063],[-92.130375,33.833067],[-92.130961,33.83509],[-92.128319,33.835533],[-92.127404,33.838586],[-92.123972,33.836921],[-92.120603,33.838912],[-92.118091,33.839106],[-92.115969,33.836711],[-92.113798,33.833258],[-92.113533,33.830918],[-92.111095,33.828873],[-92.10818,33.824244],[-92.1067,33.820181],[-92.105708,33.819069],[-92.103115,33.817778],[-92.100375,33.8171],[-92.09661,33.817013],[-92.094196,33.816579],[-92.090132,33.816772],[-92.08899,33.815554],[-92.084722,33.813491],[-92.081147,33.810515],[-92.08087,33.809401],[-92.082219,33.808221],[-92.088367,33.806885],[-92.088485,33.805734],[-92.084963,33.804925],[-92.083508,33.802385],[-92.082511,33.802142],[-92.080675,33.803892],[-92.07875,33.803135],[-92.078269,33.800408],[-92.075929,33.801606],[-92.073958,33.801735],[-92.072945,33.801163],[-92.071578,33.7993],[-92.072152,33.797887],[-92.070831,33.797143],[-92.072018,33.794069],[-92.07423,33.792919],[-92.074658,33.791124],[-92.073973,33.789991],[-92.071576,33.790057],[-92.069758,33.788364],[-92.068007,33.78495],[-92.066874,33.783675],[-92.064952,33.778502],[-92.062845,33.776654],[-92.061844,33.775032],[-92.063484,33.772218],[-92.067019,33.770409],[-92.069033,33.768727],[-92.069375,33.76738],[-92.068282,33.766483],[-92.065544,33.76622],[-92.06509,33.764153],[-92.062687,33.763784],[-92.060772,33.765604],[-92.057283,33.763394],[-92.056974,33.762184],[-92.058468,33.76109],[-92.060061,33.761013],[-92.060035,33.759562],[-92.0591,33.75833],[-92.059238,33.757193],[-92.057981,33.755054],[-92.055579,33.752365],[-92.05554,33.751051],[-92.056814,33.750033],[-92.059594,33.75032],[-92.059967,33.746239],[-92.059645,33.74448],[-92.058704,33.743479],[-92.054762,33.742061],[-92.054676,33.740923],[-92.055841,33.740412],[-92.056789,33.737965],[-92.058164,33.736239],[-92.056691,33.735095],[-92.053947,33.735238],[-92.051058,33.732923],[-92.047888,33.72781],[-92.046144,33.72627],[-92.043394,33.724791],[-92.043599,33.722367],[-92.043027,33.72163],[-92.04181,33.721591],[-92.039605,33.723531],[-92.038329,33.723388],[-92.038389,33.721002],[-92.041758,33.718128],[-92.044264,33.718562],[-92.044423,33.716721],[-92.043305,33.713389],[-92.044463,33.713554],[-92.045153,33.714885],[-92.04466,33.713356],[-92.042983,33.713268],[-92.040121,33.711887],[-92.039655,33.711195],[-92.040655,33.7096],[-92.036611,33.705707],[-92.038555,33.70446],[-92.022669,33.704332],[-92.013117,33.716856],[-92.028283,33.739776],[-92.022148,33.740362],[-92.01506,33.74033],[-92.01481,33.74276],[-92.01085,33.74445],[-92.00898,33.74783],[-92.007851,33.748128],[-92.001468,33.748125],[-92.000678,33.747472],[-91.99216,33.74441],[-91.98489,33.74435],[-91.98459,33.74565],[-91.98271,33.74619],[-91.97644,33.74619],[-91.975804,33.745915],[-91.975974,33.791787],[-91.976008,33.832554],[-91.977154,33.831432],[-91.978854,33.831872],[-91.979046,33.832674],[-91.981668,33.834394],[-91.981636,33.835983],[-91.982861,33.835427],[-91.984634,33.836493],[-91.984028,33.837224],[-91.9853,33.838175],[-91.985907,33.839692],[-91.985314,33.840187],[-91.983825,33.83944],[-91.983608,33.8411],[-91.985335,33.841512],[-91.984907,33.842997],[-91.987846,33.843265],[-91.986133,33.843914],[-91.986701,33.845327],[-91.983882,33.846796],[-91.984593,33.847565],[-91.983567,33.850116],[-91.980997,33.849963],[-91.976013,33.850285],[-91.976166,33.933892],[-91.9769,33.93405],[-91.98283,33.93709],[-91.98409,33.93735],[-92.002446,33.937359],[-92.003133,33.939829],[-92.001978,33.940493],[-92.002425,33.942165],[-92.004377,33.943485],[-92.002133,33.944391],[-92.001761,33.948333],[-92.003133,33.949125],[-92.002379,33.95073],[-92.002616,33.952242],[-92.005194,33.953969],[-92.004646,33.954744],[-92.005179,33.956602],[-92.002678,33.957728],[-92.0017,33.959141],[-92.001711,33.962197],[-92.002735,33.961285],[-92.002846,33.962544],[-92.003954,33.96249],[-92.004031,33.966607],[-92.003147,33.965898],[-92.002769,33.968751],[-92.00414,33.971049],[-92.005724,33.970181],[-92.006198,33.971375],[-92.005234,33.971863],[-92.007391,33.972958],[-92.007337,33.974547],[-92.005747,33.975283],[-92.00727,33.976466],[-92.005337,33.976294],[-92.00663,33.977246],[-92.006556,33.97911],[-92.007314,33.980407],[-92.006244,33.981501],[-92.006659,33.982612],[-92.005207,33.982589],[-92.004863,33.983595],[-92.002241,33.986793],[-92.002919,33.988954],[-92.001019,33.98881],[-92.000483,33.990024],[-92.001538,33.99102],[-92.00213,33.993373],[-92.003616,33.99294],[-92.004011,33.994155],[-92.003264,33.996051],[-92.00494,33.996536],[-92.004913,33.997404],[-92.003124,33.99803],[-92.004911,33.999367],[-92.003321,33.99963],[-92.00404,34.002832],[-92.004969,34.005087],[-92.007661,34.00787],[-92.007825,34.009266],[-92.0089,34.010146],[-92.00942,34.013165],[-92.010605,34.018085],[-92.010057,34.018816],[-92.011157,34.021653],[-92.013917,34.022039],[-92.014543,34.023722],[-92.013711,34.024579],[-92.015764,34.025553],[-92.015756,34.026812],[-92.013941,34.026707],[-92.014956,34.029302],[-92.013239,34.030379],[-92.013297,34.031891],[-92.015251,34.033266],[-92.015646,34.034376],[-92.013078,34.035245],[-92.01177,34.03511],[-92.00399,34.03253],[-92.00172,34.03329],[-91.99992,34.03529],[-91.993756,34.037905],[-91.99044,34.03871],[-91.987651,34.041713],[-91.990833,34.049829],[-91.99805,34.063964],[-92.000138,34.063693],[-92.007707,34.063918],[-92.233376,34.062312],[-92.336765,34.059633]]]}},{"type":"Feature","properties":{"zcta5":"71602","AFFGEOID10":"8600000US71602","GEOID10":"71602","ALAND10":300146593,"AWATER10":16484519,"county_name":"Jefferson","state_code":"AR","county_state":"Jefferson County, AR","county_fips":"05069","risk_level_county":"Higher Risk (60–69% vaccinated)","mean_vaccination_rate_county":64.17,"risk_level_zcta":"Higher Risk (60–69% vaccinated)","mean_vaccination_rate_zips":69.91,"cases":8},"geometry":{"type":"Polygon","coordinates":[[[-92.291754,34.255111],[-92.297379,34.231187],[-92.298725,34.223835],[-92.302826,34.224759],[-92.303095,34.222108],[-92.306864,34.220723],[-92.30791,34.218052],[-92.311049,34.217544],[-92.315245,34.218327],[-92.314605,34.215233],[-92.314803,34.209438],[-92.309879,34.209513],[-92.309308,34.20813],[-92.309118,34.205655],[-92.305812,34.202687],[-92.301575,34.202308],[-92.299143,34.200328],[-92.297095,34.200212],[-92.296944,34.197221],[-92.295539,34.19543],[-92.292636,34.192714],[-92.292565,34.190471],[-92.290685,34.187986],[-92.290461,34.183131],[-92.288083,34.184135],[-92.284156,34.184036],[-92.277734,34.179168],[-92.277522,34.177149],[-92.269503,34.177109],[-92.267936,34.177375],[-92.257209,34.17768],[-92.258277,34.17996],[-92.258453,34.183534],[-92.260886,34.186553],[-92.258788,34.186959],[-92.260779,34.188532],[-92.259667,34.188806],[-92.258985,34.190422],[-92.260043,34.190918],[-92.257868,34.192021],[-92.25264,34.191762],[-92.249775,34.192273],[-92.25034,34.196779],[-92.248483,34.199029],[-92.247153,34.198568],[-92.247299,34.199695],[-92.245751,34.199124],[-92.244488,34.200625],[-92.241828,34.19978],[-92.237958,34.20181],[-92.236795,34.203652],[-92.233228,34.204147],[-92.232371,34.205103],[-92.229815,34.204474],[-92.227777,34.205733],[-92.227626,34.206899],[-92.225905,34.20696],[-92.224131,34.20568],[-92.221677,34.206312],[-92.217091,34.204488],[-92.21643,34.206154],[-92.214901,34.206254],[-92.214207,34.20781],[-92.212327,34.207409],[-92.212745,34.208316],[-92.210614,34.209877],[-92.209198,34.20885],[-92.206949,34.210373],[-92.205948,34.210435],[-92.206088,34.205068],[-92.207263,34.203959],[-92.202214,34.205078],[-92.200581,34.205016],[-92.195002,34.208253],[-92.193228,34.208513],[-92.179038,34.208691],[-92.171289,34.208778],[-92.161488,34.208989],[-92.1425,34.208578],[-92.125102,34.228396],[-92.112415,34.228094],[-92.112286,34.223782],[-92.110391,34.22278],[-92.109873,34.223405],[-92.106943,34.22188],[-92.107736,34.221048],[-92.106409,34.220506],[-92.107309,34.219049],[-92.104502,34.218156],[-92.10354,34.215639],[-92.104456,34.215089],[-92.102854,34.214174],[-92.100305,34.214342],[-92.097711,34.212312],[-92.096002,34.211992],[-92.095804,34.21261],[-92.093454,34.212572],[-92.091715,34.213411],[-92.091394,34.213411],[-92.091287,34.213632],[-92.090998,34.213891],[-92.090933,34.213936],[-92.090816,34.21561],[-92.089047,34.215592],[-92.083925,34.215671],[-92.081331,34.215727],[-92.078057,34.215769],[-92.078191,34.212013],[-92.075463,34.210658],[-92.072762,34.207865],[-92.073724,34.205866],[-92.072131,34.20553],[-92.07144,34.215763],[-92.071071,34.217328],[-92.071514,34.219329],[-92.072856,34.219791],[-92.077656,34.219573],[-92.079187,34.220525],[-92.080691,34.219752],[-92.084214,34.220402],[-92.084158,34.2223],[-92.082222,34.223608],[-92.082177,34.225374],[-92.082774,34.22721],[-92.077733,34.227114],[-92.076493,34.224325],[-92.075188,34.223068],[-92.069232,34.223783],[-92.064835,34.223792],[-92.064853,34.222971],[-92.061966,34.222946],[-92.061931,34.223767],[-92.045492,34.223759],[-92.044496,34.222945],[-92.044496,34.22378],[-92.044506,34.226269],[-92.043548,34.22788],[-92.04359,34.234544],[-92.044847,34.236981],[-92.047018,34.238266],[-92.047893,34.243607],[-92.047561,34.246421],[-92.052246,34.253341],[-92.055436,34.257945],[-92.051771,34.257939],[-92.051715,34.260586],[-92.051666,34.263228],[-92.04919,34.263592],[-92.048179,34.264811],[-92.045043,34.262449],[-92.04265,34.261346],[-92.041082,34.261696],[-92.03896,34.260893],[-92.033607,34.260865],[-92.028593,34.257746],[-92.027641,34.2547],[-92.025847,34.254738],[-92.02488,34.254386],[-92.020901,34.255781],[-92.019577,34.255577],[-92.01918,34.255214],[-92.01918,34.254235],[-92.019631,34.253669],[-92.018849,34.253444],[-92.017731,34.253597],[-92.016506,34.253025],[-92.015818,34.252431],[-92.015275,34.252475],[-92.01466,34.252161],[-92.014709,34.248299],[-92.015494,34.24702],[-92.015857,34.245583],[-92.015461,34.244903],[-92.01567,34.242925],[-92.014379,34.239148],[-92.012672,34.23672],[-92.010473,34.234962],[-92.008852,34.234214],[-92.000497,34.233979],[-91.999255,34.233318],[-91.990925,34.232844],[-91.987897,34.231622],[-91.986161,34.232254],[-91.985727,34.233722],[-91.982763,34.234796],[-91.981732,34.233392],[-91.977529,34.233139],[-91.975541,34.233464],[-91.97213,34.235065],[-91.970687,34.235015],[-91.968573,34.236088],[-91.962935,34.240082],[-91.958562,34.244156],[-91.95368,34.250432],[-91.95034,34.249022],[-91.945642,34.256829],[-91.942683,34.262209],[-91.942381,34.263868],[-91.94247,34.268108],[-91.944103,34.276682],[-91.94524,34.284808],[-91.945242,34.289272],[-91.94452,34.293123],[-91.9405,34.296421],[-91.940466,34.297064],[-91.940038,34.296046],[-91.933475,34.295817],[-91.931123,34.297203],[-91.929369,34.297213],[-91.927185,34.296241],[-91.924355,34.294208],[-91.922417,34.293568],[-91.91728,34.288732],[-91.915093,34.285324],[-91.914788,34.283477],[-91.913889,34.282908],[-91.914875,34.285977],[-91.916462,34.288571],[-91.920047,34.292888],[-91.923894,34.295543],[-91.933902,34.300501],[-91.935871,34.3005],[-91.938328,34.299715],[-91.942096,34.297418],[-91.94408,34.294862],[-91.94698,34.292115],[-91.952249,34.285458],[-91.956242,34.281345],[-91.960007,34.278791],[-91.962826,34.277631],[-91.968574,34.276285],[-91.973239,34.275754],[-91.978607,34.276256],[-91.982068,34.277162],[-91.984232,34.2781],[-91.986944,34.278398],[-91.992961,34.282836],[-91.995819,34.287979],[-91.998352,34.291157],[-92.003305,34.296383],[-92.007053,34.299885],[-92.010529,34.302452],[-92.01387,34.303909],[-92.022263,34.30584],[-92.024925,34.306717],[-92.034668,34.310841],[-92.038673,34.313408],[-92.043182,34.316776],[-92.048561,34.321613],[-92.050714,34.324144],[-92.050836,34.319824],[-92.050127,34.314394],[-92.050678,34.312316],[-92.050098,34.305488],[-92.042223,34.299377],[-92.049766,34.299659],[-92.051013,34.300443],[-92.049891,34.299434],[-92.043479,34.298161],[-92.04057,34.288761],[-92.033855,34.287698],[-92.034235,34.270665],[-92.051548,34.270896],[-92.053746,34.270635],[-92.054028,34.271984],[-92.056577,34.273724],[-92.063127,34.274082],[-92.062814,34.270925],[-92.064228,34.27061],[-92.078366,34.291134],[-92.082983,34.297085],[-92.087702,34.301371],[-92.083139,34.303928],[-92.075165,34.307711],[-92.074819,34.308154],[-92.075306,34.309456],[-92.078631,34.310792],[-92.080217,34.312822],[-92.082196,34.316499],[-92.081558,34.317997],[-92.08193,34.32002],[-92.080329,34.321514],[-92.080012,34.323348],[-92.082956,34.326502],[-92.083863,34.328788],[-92.086885,34.330303],[-92.087315,34.33225],[-92.086334,34.336131],[-92.08559,34.337253],[-92.082633,34.338059],[-92.081252,34.339405],[-92.079412,34.340016],[-92.077779,34.342265],[-92.077967,34.343412],[-92.075948,34.345848],[-92.075901,34.347067],[-92.073972,34.347946],[-92.076462,34.350305],[-92.077704,34.352267],[-92.084191,34.356344],[-92.100443,34.353755],[-92.102167,34.351478],[-92.102003,34.344917],[-92.102265,34.341895],[-92.101993,34.333068],[-92.10219,34.330755],[-92.104087,34.327025],[-92.098212,34.323265],[-92.106583,34.317755],[-92.13553,34.34237],[-92.137493,34.344452],[-92.139487,34.347505],[-92.139524,34.375402],[-92.143999,34.375391],[-92.144824,34.373395],[-92.147618,34.372574],[-92.150599,34.373583],[-92.152644,34.373309],[-92.156485,34.37386],[-92.15712,34.37326],[-92.157151,34.36726],[-92.1543,34.361266],[-92.155316,34.360845],[-92.160334,34.365953],[-92.165094,34.371346],[-92.166205,34.374209],[-92.166065,34.380432],[-92.1748,34.380194],[-92.175377,34.383348],[-92.180026,34.386309],[-92.182121,34.38706],[-92.171859,34.346576],[-92.210146,34.3473],[-92.210506,34.318242],[-92.177322,34.317675],[-92.177325,34.303952],[-92.192262,34.303973],[-92.192243,34.300763],[-92.193937,34.299168],[-92.201792,34.302315],[-92.206187,34.304629],[-92.211302,34.306493],[-92.211493,34.302934],[-92.211884,34.274508],[-92.213642,34.274572],[-92.216077,34.271721],[-92.225623,34.273146],[-92.225081,34.274207],[-92.224593,34.281659],[-92.224462,34.288876],[-92.239753,34.289018],[-92.241236,34.288418],[-92.241162,34.287017],[-92.243023,34.286636],[-92.242081,34.284449],[-92.243227,34.283646],[-92.24532,34.283711],[-92.245716,34.282265],[-92.244516,34.28088],[-92.246455,34.278015],[-92.247653,34.277388],[-92.249839,34.277887],[-92.24972,34.276794],[-92.256256,34.277867],[-92.257533,34.273805],[-92.261193,34.272885],[-92.263271,34.266922],[-92.266332,34.265328],[-92.266202,34.263869],[-92.267108,34.260947],[-92.268195,34.260973],[-92.272018,34.25672],[-92.273661,34.254168],[-92.275998,34.252754],[-92.272195,34.246271],[-92.278217,34.246683],[-92.277788,34.252103],[-92.276173,34.253003],[-92.277547,34.254454],[-92.279041,34.254837],[-92.291754,34.255111]]]}},{"type":"Feature","properties":{"zcta5":"71659","AFFGEOID10":"8600000US71659","GEOID10":"71659","ALAND10":5783234,"AWATER10":0,"county_name":"Jefferson","state_code":"AR","county_state":"Jefferson County, AR","county_fips":"05069","risk_level_county":"Higher Risk (60–69% vaccinated)","mean_vaccination_rate_county":64.17,"risk_level_zcta":"Uninhabited","mean_vaccination_rate_zips":null,"cases":8},"geometry":{"type":"MultiPolygon","coordinates":[[[[-91.782498,34.13846],[-91.783069,34.138193],[-91.78623,34.138216],[-91.786886,34.137559],[-91.780077,34.13005],[-91.777338,34.132723],[-91.780757,34.136543],[-91.78263,34.13405],[-91.781689,34.136189],[-91.781881,34.137774],[-91.782498,34.13846]]],[[[-91.802409,34.154802],[-91.80598,34.155418],[-91.801272,34.153112],[-91.797394,34.149203],[-91.797446,34.146609],[-91.798596,34.145698],[-91.798085,34.144349],[-91.796633,34.144674],[-91.796349,34.145862],[-91.791474,34.148379],[-91.782498,34.13846],[-91.779628,34.13794],[-91.771387,34.13359],[-91.771075,34.131211],[-91.770183,34.130748],[-91.762355,34.130602],[-91.762278,34.138128],[-91.760735,34.139204],[-91.757126,34.140623],[-91.755748,34.142454],[-91.755277,34.145386],[-91.753265,34.147057],[-91.75343,34.147905],[-91.756516,34.148846],[-91.760704,34.146878],[-91.763514,34.146421],[-91.766351,34.146903],[-91.772906,34.150433],[-91.774972,34.15206],[-91.77399,34.155687],[-91.776543,34.155136],[-91.779915,34.152963],[-91.786931,34.153113],[-91.789755,34.152677],[-91.795169,34.152438],[-91.798925,34.154234],[-91.802409,34.154802]]]]}},{"type":"Feature","properties":{"zcta5":"72160","AFFGEOID10":"8600000US72160","GEOID10":"72160","ALAND10":870004419,"AWATER10":49166653,"county_name":"Jefferson","state_code":"AR","county_state":"Jefferson County, AR","county_fips":"05069","risk_level_county":"Higher Risk (60–69% vaccinated)","mean_vaccination_rate_county":64.17,"risk_level_zcta":"Medium Risk (70–79% vaccinated)","mean_vaccination_rate_zips":70.17,"cases":8},"geometry":{"type":"MultiPolygon","coordinates":[[[[-91.389164,34.47584],[-91.389189,34.469764],[-91.38942,34.46861],[-91.389731,34.461146],[-91.385603,34.461267],[-91.38464,34.46113],[-91.38074,34.46107],[-91.38029,34.47567],[-91.389164,34.47584]]],[[[-91.7029,34.580347],[-91.703217,34.564259],[-91.704041,34.563374],[-91.7034,34.560638],[-91.703875,34.53973],[-91.665894,34.53883],[-91.671369,34.535452],[-91.671768,34.52274],[-91.670834,34.520613],[-91.669779,34.520043],[-91.667577,34.521969],[-91.666855,34.522085],[-91.665966,34.521811],[-91.664902,34.525324],[-91.663321,34.524558],[-91.665949,34.521642],[-91.667518,34.521849],[-91.669914,34.51887],[-91.668929,34.51655],[-91.670423,34.514931],[-91.675105,34.513289],[-91.67454,34.510947],[-91.677094,34.509843],[-91.677477,34.508673],[-91.676428,34.507542],[-91.678688,34.507285],[-91.675755,34.504029],[-91.677301,34.500995],[-91.679079,34.499401],[-91.681051,34.499054],[-91.680122,34.497397],[-91.681006,34.496175],[-91.679799,34.494497],[-91.679533,34.492151],[-91.682313,34.493479],[-91.683331,34.492857],[-91.681221,34.491271],[-91.680868,34.489666],[-91.678092,34.490169],[-91.678197,34.489169],[-91.680408,34.487925],[-91.679492,34.486208],[-91.677202,34.486936],[-91.677652,34.483888],[-91.674923,34.483382],[-91.678037,34.48192],[-91.675943,34.481984],[-91.665172,34.481606],[-91.649022,34.480255],[-91.616016,34.479537],[-91.616934,34.477991],[-91.619401,34.477414],[-91.620216,34.476105],[-91.619738,34.474541],[-91.618291,34.473904],[-91.619707,34.472077],[-91.621771,34.471161],[-91.622136,34.469817],[-91.621153,34.467659],[-91.622041,34.465498],[-91.625014,34.465234],[-91.62416,34.46133],[-91.62156,34.46016],[-91.62378,34.4589],[-91.624435,34.456625],[-91.6254,34.457248],[-91.625508,34.454316],[-91.629063,34.451099],[-91.625129,34.450672],[-91.61438,34.45075],[-91.61474,34.452853],[-91.61366,34.452276],[-91.610141,34.447474],[-91.614317,34.444115],[-91.613539,34.442709],[-91.61134,34.441713],[-91.609962,34.43994],[-91.607715,34.439662],[-91.610273,34.437844],[-91.61133,34.437843],[-91.612827,34.432591],[-91.61421,34.431226],[-91.612842,34.430629],[-91.610256,34.43209],[-91.607617,34.432038],[-91.606424,34.431431],[-91.604773,34.428695],[-91.607013,34.428521],[-91.610214,34.427319],[-91.610741,34.426243],[-91.609892,34.424182],[-91.610343,34.422623],[-91.611835,34.422318],[-91.612742,34.424246],[-91.613833,34.423658],[-91.614346,34.421004],[-91.615828,34.42026],[-91.61734,34.421588],[-91.619702,34.419379],[-91.616983,34.416534],[-91.61504,34.415438],[-91.616751,34.413653],[-91.613979,34.413643],[-91.614163,34.415959],[-91.61284,34.41462],[-91.61099,34.41452],[-91.60859,34.41351],[-91.60721,34.41424],[-91.59641,34.41404],[-91.59651,34.4067],[-91.57781,34.40642],[-91.57799,34.39191],[-91.57915,34.39156],[-91.5793,34.38427],[-91.5615,34.38354],[-91.56047,34.38505],[-91.553059,34.385075],[-91.552176,34.380877],[-91.552203,34.376427],[-91.551484,34.375098],[-91.54879,34.373084],[-91.547572,34.370031],[-91.548998,34.367689],[-91.550644,34.366685],[-91.55596,34.364447],[-91.557745,34.364111],[-91.564178,34.364486],[-91.566171,34.362567],[-91.565261,34.360764],[-91.566169,34.358535],[-91.567527,34.356882],[-91.569186,34.356],[-91.570771,34.352647],[-91.570811,34.350385],[-91.549455,34.352083],[-91.544206,34.351454],[-91.544066,34.34394],[-91.56178,34.34588],[-91.562513,34.315794],[-91.5891,34.316898],[-91.588051,34.308228],[-91.586291,34.302025],[-91.594094,34.302519],[-91.594727,34.30422],[-91.597225,34.3081],[-91.59857,34.308253],[-91.599381,34.306013],[-91.60016,34.305731],[-91.602172,34.307533],[-91.605024,34.307162],[-91.606293,34.308322],[-91.611498,34.30841],[-91.614553,34.305821],[-91.614745,34.304845],[-91.611622,34.303331],[-91.6108,34.301935],[-91.612011,34.299877],[-91.614037,34.298325],[-91.614742,34.29695],[-91.614691,34.29486],[-91.612419,34.291136],[-91.610326,34.289334],[-91.607041,34.288521],[-91.602877,34.289985],[-91.603208,34.291915],[-91.599945,34.29347],[-91.598132,34.293674],[-91.593431,34.292924],[-91.59497,34.29173],[-91.59801,34.29137],[-91.597985,34.288584],[-91.601197,34.287084],[-91.601521,34.283551],[-91.603955,34.28285],[-91.605097,34.280827],[-91.604389,34.278888],[-91.605649,34.276741],[-91.607278,34.276857],[-91.607818,34.270914],[-91.60894,34.269506],[-91.608949,34.268131],[-91.607093,34.266388],[-91.606917,34.264175],[-91.608631,34.264403],[-91.607544,34.262794],[-91.608771,34.26171],[-91.60926,34.258105],[-91.604403,34.255704],[-91.605313,34.254974],[-91.606816,34.255417],[-91.608248,34.254668],[-91.608144,34.253043],[-91.606935,34.251193],[-91.608785,34.250111],[-91.609374,34.248594],[-91.608543,34.247803],[-91.605651,34.249016],[-91.60501,34.247201],[-91.607513,34.24574],[-91.606897,34.24405],[-91.607666,34.242364],[-91.611008,34.242246],[-91.612419,34.243896],[-91.614499,34.243081],[-91.617392,34.24335],[-91.617668,34.244842],[-91.621546,34.244715],[-91.622245,34.243528],[-91.620398,34.241568],[-91.61838,34.241191],[-91.615262,34.238746],[-91.612322,34.238723],[-91.60842,34.238173],[-91.605384,34.238778],[-91.605907,34.240917],[-91.601246,34.24335],[-91.598414,34.2434],[-91.594833,34.24209],[-91.591735,34.23923],[-91.588975,34.234487],[-91.585486,34.232741],[-91.585595,34.230883],[-91.587905,34.23007],[-91.588702,34.231186],[-91.591719,34.229927],[-91.592535,34.228761],[-91.592441,34.226424],[-91.594344,34.22496],[-91.59477,34.221305],[-91.596358,34.21904],[-91.597184,34.216807],[-91.595945,34.214365],[-91.595475,34.21233],[-91.589361,34.212648],[-91.588416,34.215707],[-91.587163,34.215862],[-91.585688,34.214448],[-91.581478,34.214819],[-91.579217,34.215986],[-91.582061,34.216749],[-91.582026,34.218057],[-91.579814,34.218876],[-91.576676,34.221209],[-91.57642,34.223432],[-91.573824,34.223647],[-91.572314,34.2228],[-91.568214,34.223407],[-91.565092,34.225073],[-91.563638,34.224821],[-91.563012,34.223477],[-91.56221,34.225084],[-91.561255,34.225517],[-91.559077,34.225166],[-91.556331,34.225575],[-91.552967,34.223417],[-91.55089,34.222468],[-91.55128,34.222631],[-91.553066,34.223285],[-91.556382,34.225471],[-91.558989,34.225017],[-91.561548,34.225357],[-91.562049,34.225024],[-91.562149,34.223581],[-91.562711,34.223312],[-91.563339,34.223533],[-91.563513,34.22455],[-91.565101,34.224935],[-91.568201,34.223254],[-91.567693,34.219064],[-91.568607,34.216678],[-91.570244,34.214908],[-91.579984,34.211966],[-91.581248,34.211103],[-91.582562,34.207795],[-91.582683,34.197916],[-91.585831,34.19921],[-91.587651,34.198646],[-91.58849,34.199381],[-91.590661,34.197731],[-91.593018,34.197023],[-91.592667,34.194194],[-91.593407,34.192822],[-91.592878,34.190706],[-91.594375,34.190471],[-91.596003,34.191551],[-91.5987,34.190673],[-91.598857,34.188875],[-91.599923,34.188381],[-91.601362,34.131987],[-91.598014,34.132904],[-91.59381,34.133454],[-91.589356,34.133418],[-91.585799,34.131395],[-91.583108,34.128443],[-91.582094,34.126252],[-91.582315,34.125107],[-91.585634,34.12237],[-91.58723,34.121414],[-91.5911,34.119987],[-91.59537,34.120222],[-91.597431,34.119978],[-91.60044,34.118996],[-91.602597,34.117878],[-91.605389,34.114853],[-91.606935,34.112271],[-91.608668,34.10782],[-91.609763,34.103125],[-91.609759,34.100872],[-91.609034,34.095671],[-91.60781,34.093047],[-91.605056,34.089627],[-91.602334,34.088056],[-91.598933,34.08714],[-91.595374,34.086685],[-91.590933,34.086708],[-91.584781,34.088373],[-91.58309,34.08932],[-91.577127,34.094942],[-91.575069,34.097158],[-91.569974,34.101438],[-91.567595,34.102798],[-91.565574,34.103495],[-91.551959,34.105966],[-91.550013,34.105864],[-91.543499,34.104199],[-91.536654,34.10133],[-91.53313,34.099161],[-91.531571,34.09787],[-91.527173,34.092923],[-91.524724,34.090663],[-91.520191,34.085894],[-91.516841,34.083231],[-91.512814,34.079066],[-91.509378,34.076266],[-91.506678,34.074411],[-91.503233,34.073355],[-91.499359,34.073159],[-91.495311,34.073946],[-91.491987,34.074877],[-91.483504,34.078574],[-91.47425,34.083018],[-91.46967,34.084716],[-91.465408,34.085492],[-91.460315,34.085754],[-91.454321,34.084443],[-91.449555,34.082897],[-91.445614,34.080147],[-91.444096,34.080853],[-91.441095,34.08112],[-91.436458,34.083861],[-91.434908,34.086096],[-91.431719,34.087317],[-91.431554,34.088102],[-91.43444,34.089331],[-91.436847,34.088769],[-91.439038,34.088932],[-91.440777,34.087278],[-91.441796,34.087198],[-91.442432,34.088809],[-91.441815,34.090758],[-91.43941,34.092636],[-91.43995,34.095105],[-91.438174,34.096786],[-91.440389,34.097691],[-91.441274,34.099471],[-91.440435,34.102153],[-91.441661,34.10252],[-91.44216,34.10373],[-91.439938,34.105055],[-91.441031,34.107992],[-91.44253,34.110984],[-91.44219,34.11312],[-91.443117,34.113208],[-91.446159,34.112077],[-91.4471,34.112195],[-91.446575,34.113631],[-91.444658,34.113793],[-91.444318,34.11705],[-91.445502,34.117777],[-91.44656,34.119705],[-91.448306,34.121195],[-91.446503,34.122192],[-91.447069,34.124482],[-91.445936,34.124569],[-91.444653,34.123482],[-91.444607,34.124567],[-91.443077,34.125131],[-91.443007,34.126218],[-91.446265,34.128342],[-91.446359,34.129543],[-91.449261,34.128958],[-91.449486,34.12797],[-91.450901,34.128366],[-91.450738,34.129412],[-91.451931,34.133865],[-91.454581,34.134771],[-91.456248,34.134467],[-91.459703,34.135398],[-91.463516,34.135689],[-91.46643,34.134656],[-91.46742,34.135497],[-91.474301,34.13519],[-91.475828,34.135557],[-91.477982,34.134873],[-91.479017,34.133173],[-91.481333,34.131117],[-91.484277,34.131452],[-91.486416,34.1293],[-91.489055,34.12868],[-91.49144,34.127015],[-91.493101,34.127254],[-91.495119,34.129475],[-91.496789,34.13042],[-91.496955,34.131234],[-91.495734,34.136226],[-91.495677,34.144443],[-91.494582,34.14722],[-91.494809,34.14898],[-91.496469,34.149993],[-91.498137,34.150185],[-91.502094,34.149241],[-91.506126,34.146182],[-91.507351,34.142913],[-91.510418,34.143007],[-91.512067,34.142082],[-91.514374,34.142293],[-91.515422,34.143092],[-91.515755,34.145543],[-91.513953,34.148728],[-91.514053,34.152457],[-91.51489,34.154727],[-91.515108,34.157061],[-91.516241,34.158498],[-91.518724,34.160444],[-91.520448,34.162738],[-91.520752,34.164108],[-91.518775,34.166026],[-91.518895,34.167798],[-91.518181,34.168814],[-91.516052,34.169816],[-91.514551,34.171392],[-91.515295,34.172771],[-91.5194,34.174871],[-91.520315,34.176441],[-91.520243,34.177688],[-91.523999,34.178861],[-91.523306,34.180416],[-91.523743,34.181848],[-91.526655,34.18231],[-91.527556,34.184077],[-91.526247,34.184989],[-91.525475,34.187475],[-91.526009,34.189355],[-91.523784,34.19094],[-91.524052,34.193582],[-91.525961,34.197741],[-91.530629,34.202078],[-91.529769,34.202539],[-91.5281,34.204399],[-91.5267,34.207749],[-91.52587,34.208279],[-91.52101,34.20828],[-91.51207,34.2077],[-91.51199,34.22274],[-91.49428,34.22099],[-91.489392,34.221363],[-91.488827,34.223646],[-91.491008,34.228675],[-91.493959,34.233673],[-91.4939,34.2361],[-91.47511,34.23581],[-91.47409,34.279486],[-91.47372,34.2974],[-91.4924,34.29719],[-91.49217,34.30556],[-91.484275,34.304952],[-91.473278,34.304938],[-91.472791,34.364384],[-91.481338,34.364595],[-91.481127,34.371844],[-91.49016,34.37196],[-91.48932,34.405147],[-91.491742,34.407968],[-91.492003,34.409884],[-91.491196,34.412813],[-91.493345,34.41486],[-91.495845,34.420257],[-91.489021,34.419992],[-91.48908,34.41737],[-91.45254,34.41688],[-91.45202,34.45021],[-91.44197,34.45014],[-91.44176,34.4613],[-91.436454,34.461286],[-91.434713,34.458787],[-91.432523,34.457027],[-91.426102,34.45627],[-91.424609,34.454936],[-91.422436,34.454303],[-91.419974,34.452412],[-91.416666,34.452381],[-91.41649,34.46121],[-91.417834,34.46122],[-91.41766,34.468802],[-91.418877,34.468826],[-91.41877,34.47221],[-91.41817,34.47406],[-91.41717,34.4745],[-91.41746,34.47613],[-91.389164,34.47584],[-91.388608,34.490406],[-91.39759,34.49053],[-91.39744,34.50139],[-91.37957,34.50113],[-91.37989,34.49037],[-91.36229,34.49008],[-91.36232,34.496759],[-91.361864,34.504309],[-91.36133,34.53209],[-91.36055,34.53244],[-91.35772,34.53174],[-91.35077,34.53317],[-91.34881,34.53412],[-91.34334,34.53413],[-91.34288,34.54748],[-91.34432,34.54889],[-91.34639,34.54913],[-91.34711,34.55017],[-91.34708,34.55273],[-91.34762,34.55369],[-91.35111,34.55668],[-91.35157,34.5579],[-91.351505,34.562922],[-91.37782,34.56348],[-91.413045,34.5641],[-91.41378,34.56418],[-91.435201,34.56463],[-91.435305,34.568848],[-91.440547,34.568815],[-91.440206,34.571016],[-91.442419,34.571957],[-91.444732,34.571004],[-91.446065,34.572252],[-91.449672,34.57311],[-91.45099,34.574982],[-91.452362,34.575654],[-91.453163,34.574311],[-91.455014,34.574369],[-91.457199,34.576497],[-91.457466,34.57259],[-91.459938,34.574234],[-91.461832,34.572685],[-91.466249,34.572639],[-91.465675,34.602158],[-91.447983,34.601845],[-91.448318,34.584024],[-91.440974,34.589716],[-91.439425,34.589383],[-91.434441,34.590391],[-91.430398,34.590207],[-91.430371,34.586772],[-91.426591,34.586614],[-91.426532,34.587338],[-91.412519,34.597924],[-91.412178,34.608736],[-91.447795,34.609185],[-91.447297,34.632698],[-91.449601,34.633052],[-91.452324,34.634666],[-91.453565,34.636174],[-91.453508,34.637871],[-91.454475,34.638563],[-91.457196,34.638224],[-91.458455,34.642147],[-91.460191,34.643062],[-91.458753,34.643826],[-91.459574,34.647],[-91.462139,34.646943],[-91.461394,34.649223],[-91.459137,34.649693],[-91.460959,34.650971],[-91.463913,34.6516],[-91.464234,34.652528],[-91.466163,34.653453],[-91.46802,34.651782],[-91.46771,34.65102],[-91.470444,34.649923],[-91.475448,34.652353],[-91.474724,34.653719],[-91.476039,34.654703],[-91.479557,34.655419],[-91.487145,34.654952],[-91.487556,34.650162],[-91.487061,34.64653],[-91.483765,34.645981],[-91.484291,34.624332],[-91.537334,34.625488],[-91.536731,34.63646],[-91.535507,34.636449],[-91.532521,34.637729],[-91.52986,34.63804],[-91.53039,34.640034],[-91.536712,34.640191],[-91.536407,34.654575],[-91.538041,34.654587],[-91.53741,34.668994],[-91.540225,34.669436],[-91.541749,34.671912],[-91.543781,34.672582],[-91.546074,34.675248],[-91.545963,34.676488],[-91.555183,34.677109],[-91.555503,34.66972],[-91.573082,34.6702],[-91.574097,34.656479],[-91.575795,34.656578],[-91.579132,34.670357],[-91.591827,34.670712],[-91.592392,34.648243],[-91.601005,34.648369],[-91.605141,34.647198],[-91.606049,34.646534],[-91.609886,34.64653],[-91.610031,34.641209],[-91.622208,34.641617],[-91.622849,34.639915],[-91.623291,34.636055],[-91.627632,34.634617],[-91.62874,34.612522],[-91.648314,34.612762],[-91.647723,34.610866],[-91.647991,34.6093],[-91.6495,34.606516],[-91.651824,34.605098],[-91.652871,34.602385],[-91.655974,34.601448],[-91.657857,34.601609],[-91.659769,34.599983],[-91.660952,34.596215],[-91.660611,34.59411],[-91.661092,34.590462],[-91.66202,34.587941],[-91.662284,34.585341],[-91.663172,34.583784],[-91.664192,34.583352],[-91.665029,34.579888],[-91.662333,34.577572],[-91.6638,34.577394],[-91.662611,34.575642],[-91.662646,34.573429],[-91.665391,34.572813],[-91.667084,34.57413],[-91.667914,34.572798],[-91.669714,34.572693],[-91.669252,34.573922],[-91.670403,34.575714],[-91.671888,34.576249],[-91.673507,34.575589],[-91.67445,34.574306],[-91.676295,34.575275],[-91.676348,34.576868],[-91.677786,34.577587],[-91.678475,34.575563],[-91.67987,34.576348],[-91.680568,34.574478],[-91.681943,34.575394],[-91.683243,34.575282],[-91.685301,34.573881],[-91.686115,34.572574],[-91.687035,34.574235],[-91.690903,34.573878],[-91.691296,34.574503],[-91.690451,34.576226],[-91.69337,34.576898],[-91.694152,34.577693],[-91.69635,34.578191],[-91.697748,34.577584],[-91.699318,34.578221],[-91.700467,34.579877],[-91.701626,34.579187],[-91.7029,34.580347]]]]}},{"type":"Feature","properties":{"zcta5":"71603","AFFGEOID10":"8600000US71603","GEOID10":"71603","ALAND10":458229598,"AWATER10":1809904,"county_name":"Jefferson","state_code":"AR","county_state":"Jefferson County, AR","county_fips":"05069","risk_level_county":"Higher Risk (60–69% vaccinated)","mean_vaccination_rate_county":64.17,"risk_level_zcta":"Higher Risk (60–69% vaccinated)","mean_vaccination_rate_zips":66.66,"cases":8},"geometry":{"type":"Polygon","coordinates":[[[-92.044496,34.22378],[-92.044496,34.222945],[-92.045492,34.223759],[-92.061931,34.223767],[-92.061966,34.222946],[-92.064853,34.222971],[-92.064835,34.223792],[-92.069232,34.223783],[-92.075188,34.223068],[-92.076493,34.224325],[-92.077733,34.227114],[-92.082774,34.22721],[-92.082177,34.225374],[-92.082222,34.223608],[-92.084158,34.2223],[-92.084214,34.220402],[-92.080691,34.219752],[-92.079187,34.220525],[-92.077656,34.219573],[-92.072856,34.219791],[-92.071514,34.219329],[-92.071071,34.217328],[-92.07144,34.215763],[-92.072131,34.20553],[-92.073724,34.205866],[-92.072762,34.207865],[-92.075463,34.210658],[-92.078191,34.212013],[-92.078057,34.215769],[-92.081331,34.215727],[-92.083925,34.215671],[-92.089047,34.215592],[-92.090816,34.21561],[-92.090933,34.213936],[-92.090998,34.213891],[-92.091287,34.213632],[-92.091394,34.213411],[-92.091715,34.213411],[-92.093454,34.212572],[-92.095804,34.21261],[-92.096002,34.211992],[-92.097711,34.212312],[-92.100305,34.214342],[-92.102854,34.214174],[-92.104456,34.215089],[-92.10354,34.215639],[-92.104502,34.218156],[-92.107309,34.219049],[-92.106409,34.220506],[-92.107736,34.221048],[-92.106943,34.22188],[-92.109873,34.223405],[-92.110391,34.22278],[-92.112286,34.223782],[-92.112415,34.228094],[-92.125102,34.228396],[-92.1425,34.208578],[-92.161488,34.208989],[-92.171289,34.208778],[-92.179038,34.208691],[-92.193228,34.208513],[-92.195002,34.208253],[-92.200581,34.205016],[-92.202214,34.205078],[-92.207263,34.203959],[-92.206088,34.205068],[-92.205948,34.210435],[-92.206949,34.210373],[-92.209198,34.20885],[-92.210614,34.209877],[-92.212745,34.208316],[-92.212327,34.207409],[-92.214207,34.20781],[-92.214901,34.206254],[-92.21643,34.206154],[-92.217091,34.204488],[-92.221677,34.206312],[-92.224131,34.20568],[-92.225905,34.20696],[-92.227626,34.206899],[-92.227777,34.205733],[-92.229815,34.204474],[-92.232371,34.205103],[-92.233228,34.204147],[-92.236795,34.203652],[-92.237958,34.20181],[-92.241828,34.19978],[-92.244488,34.200625],[-92.245751,34.199124],[-92.247299,34.199695],[-92.247153,34.198568],[-92.248483,34.199029],[-92.25034,34.196779],[-92.249775,34.192273],[-92.25264,34.191762],[-92.257868,34.192021],[-92.260043,34.190918],[-92.258985,34.190422],[-92.259667,34.188806],[-92.260779,34.188532],[-92.258788,34.186959],[-92.260886,34.186553],[-92.258453,34.183534],[-92.258277,34.17996],[-92.257209,34.17768],[-92.24272,34.177847],[-92.240488,34.176608],[-92.23709,34.177973],[-92.232355,34.178044],[-92.232283,34.162109],[-92.235184,34.162037],[-92.238199,34.16142],[-92.238754,34.159913],[-92.240658,34.158714],[-92.240167,34.15668],[-92.240701,34.154761],[-92.2433,34.153611],[-92.242941,34.15194],[-92.243733,34.14968],[-92.245643,34.147997],[-92.244314,34.147365],[-92.244955,34.146458],[-92.243975,34.145287],[-92.242653,34.145409],[-92.241362,34.143364],[-92.237844,34.142404],[-92.239014,34.141282],[-92.237704,34.140491],[-92.237875,34.139463],[-92.2364,34.13871],[-92.233715,34.135682],[-92.2325,34.135669],[-92.23263,34.125096],[-92.232371,34.12387],[-92.233376,34.062312],[-92.007707,34.063918],[-92.000138,34.063693],[-91.99805,34.063964],[-91.990833,34.049829],[-91.987651,34.041713],[-91.99044,34.03871],[-91.993756,34.037905],[-91.99992,34.03529],[-92.00172,34.03329],[-92.00399,34.03253],[-92.01177,34.03511],[-92.013078,34.035245],[-92.015646,34.034376],[-92.015251,34.033266],[-92.013297,34.031891],[-92.013239,34.030379],[-92.014956,34.029302],[-92.013941,34.026707],[-92.015756,34.026812],[-92.015764,34.025553],[-92.013711,34.024579],[-92.014543,34.023722],[-92.013917,34.022039],[-92.011157,34.021653],[-92.010057,34.018816],[-92.010605,34.018085],[-92.00942,34.013165],[-91.978809,34.013291],[-91.97148,34.013485],[-91.97347,34.0172],[-91.97363,34.01831],[-91.971401,34.017348],[-91.96845,34.0167],[-91.96411,34.01472],[-91.96178,34.01471],[-91.95712,34.012476],[-91.95533,34.01258],[-91.953382,34.013383],[-91.953362,33.994935],[-91.952639,33.996879],[-91.949751,33.998342],[-91.947471,34.000567],[-91.946226,34.002569],[-91.944218,34.004279],[-91.940063,34.01193],[-91.941204,34.013348],[-91.927734,34.013547],[-91.927922,34.014938],[-91.923709,34.014645],[-91.92279,34.013714],[-91.920975,34.014005],[-91.920449,34.014346],[-91.919335,34.030504],[-91.916047,34.030157],[-91.911133,34.031986],[-91.914868,34.031641],[-91.923913,34.032465],[-91.926666,34.034021],[-91.927684,34.037247],[-91.931564,34.035622],[-91.935815,34.035099],[-91.935194,34.036481],[-91.935795,34.038202],[-91.935042,34.038686],[-91.932596,34.038138],[-91.932093,34.04066],[-91.92979,34.039937],[-91.93122,34.044072],[-91.931604,34.046948],[-91.931455,34.055541],[-91.93267,34.059015],[-91.935843,34.066668],[-91.937467,34.068564],[-91.938762,34.076207],[-91.937971,34.078942],[-91.935703,34.078658],[-91.930245,34.078622],[-91.926123,34.076722],[-91.922687,34.075752],[-91.916976,34.075977],[-91.915286,34.07579],[-91.913142,34.074706],[-91.910556,34.074272],[-91.904421,34.072691],[-91.901777,34.071727],[-91.895993,34.070936],[-91.891085,34.071462],[-91.887702,34.073116],[-91.885665,34.075577],[-91.884897,34.078326],[-91.885457,34.080855],[-91.8885,34.085611],[-91.889014,34.087772],[-91.887381,34.090283],[-91.883005,34.092035],[-91.880382,34.092496],[-91.875691,34.092136],[-91.870491,34.093245],[-91.953629,34.09338],[-91.953708,34.089046],[-91.955387,34.08832],[-91.958229,34.089024],[-91.960101,34.090742],[-91.959772,34.094911],[-91.959167,34.097408],[-91.959468,34.100525],[-91.96057,34.102564],[-91.964226,34.105549],[-91.963471,34.106299],[-91.967521,34.110393],[-91.966819,34.112114],[-91.964796,34.113497],[-91.957775,34.115185],[-91.955932,34.116114],[-91.953615,34.118084],[-91.952431,34.120874],[-91.953306,34.122168],[-91.953937,34.125098],[-91.956211,34.127894],[-91.959659,34.130793],[-91.962925,34.132029],[-91.964467,34.134753],[-91.962834,34.136775],[-91.955631,34.136737],[-91.95145,34.138178],[-91.948001,34.141398],[-91.947208,34.143641],[-91.948902,34.151179],[-91.997638,34.151208],[-91.993981,34.15764],[-92.000001,34.15825],[-92.0001,34.163664],[-92.004454,34.163637],[-92.004522,34.170252],[-92.004026,34.171116],[-92.004247,34.17721],[-92.006422,34.176502],[-92.006011,34.177489],[-92.003876,34.180087],[-92.003269,34.182448],[-92.003416,34.18739],[-92.002398,34.191356],[-92.002439,34.195425],[-92.004784,34.195431],[-92.004809,34.196333],[-92.002481,34.196344],[-92.002658,34.201747],[-92.011449,34.202263],[-92.014416,34.202262],[-92.013406,34.203313],[-92.014417,34.204379],[-92.013441,34.20541],[-92.01351,34.214218],[-92.014503,34.214206],[-92.014549,34.217505],[-92.013546,34.217516],[-92.013634,34.22274],[-92.014656,34.223819],[-92.01917,34.223799],[-92.020639,34.224331],[-92.020633,34.222687],[-92.021996,34.223769],[-92.025334,34.219061],[-92.029234,34.219114],[-92.029304,34.223689],[-92.035019,34.22377],[-92.03505,34.222554],[-92.04352,34.222919],[-92.044496,34.22378]]]}},{"type":"Feature","properties":{"zcta5":"72150","AFFGEOID10":"8600000US72150","GEOID10":"72150","ALAND10":760050975,"AWATER10":1177660,"county_name":"Jefferson","state_code":"AR","county_state":"Jefferson County, AR","county_fips":"05069","risk_level_county":"Higher Risk (60–69% vaccinated)","mean_vaccination_rate_county":64.17,"risk_level_zcta":"Higher Risk (60–69% vaccinated)","mean_vaccination_rate_zips":69.04,"cases":8},"geometry":{"type":"Polygon","coordinates":[[[-92.583321,34.281624],[-92.58663,34.281592],[-92.596228,34.281997],[-92.595921,34.281035],[-92.592447,34.279699],[-92.5906,34.277939],[-92.59043,34.276657],[-92.58819,34.272739],[-92.589605,34.270847],[-92.589487,34.267412],[-92.587503,34.265895],[-92.587281,34.263836],[-92.586212,34.263381],[-92.5829,34.259379],[-92.582485,34.257083],[-92.580926,34.254722],[-92.581025,34.250429],[-92.580304,34.248447],[-92.58207,34.247712],[-92.583051,34.246413],[-92.580156,34.2453],[-92.582016,34.243408],[-92.580976,34.240835],[-92.579943,34.240423],[-92.579923,34.238999],[-92.576083,34.236218],[-92.577116,34.234887],[-92.573375,34.231485],[-92.573038,34.230638],[-92.569726,34.229762],[-92.569359,34.227345],[-92.56984,34.22589],[-92.568806,34.223952],[-92.568484,34.220988],[-92.569975,34.218949],[-92.568376,34.216892],[-92.564624,34.214484],[-92.56287,34.213818],[-92.561572,34.212269],[-92.56103,34.210319],[-92.556705,34.207017],[-92.553593,34.208032],[-92.551655,34.207102],[-92.550953,34.205971],[-92.550055,34.207014],[-92.541143,34.220262],[-92.539092,34.218442],[-92.539973,34.217739],[-92.536413,34.213323],[-92.534772,34.213026],[-92.533959,34.211289],[-92.531279,34.211618],[-92.527535,34.208731],[-92.527793,34.206933],[-92.5252,34.20658],[-92.524605,34.204524],[-92.523599,34.20426],[-92.523228,34.20642],[-92.520111,34.206392],[-92.519059,34.207337],[-92.517994,34.205533],[-92.518954,34.205138],[-92.518393,34.201707],[-92.517095,34.203444],[-92.515872,34.20252],[-92.513126,34.202804],[-92.511519,34.201298],[-92.512221,34.200171],[-92.510917,34.200093],[-92.509798,34.201126],[-92.510084,34.199373],[-92.509132,34.19786],[-92.507637,34.198025],[-92.50601,34.196369],[-92.505469,34.193999],[-92.504404,34.19407],[-92.503313,34.192767],[-92.502314,34.193564],[-92.502044,34.190974],[-92.503824,34.190684],[-92.501239,34.188994],[-92.500815,34.189808],[-92.498636,34.185752],[-92.496603,34.182943],[-92.498416,34.182899],[-92.497959,34.181629],[-92.495364,34.17997],[-92.494007,34.178552],[-92.494973,34.177655],[-92.494396,34.175748],[-92.49456,34.173692],[-92.493302,34.172395],[-92.491964,34.169113],[-92.487974,34.166828],[-92.488224,34.16481],[-92.489124,34.164563],[-92.486934,34.162258],[-92.485391,34.162253],[-92.484451,34.159825],[-92.479957,34.156681],[-92.47546,34.15492],[-92.473492,34.152617],[-92.472276,34.152437],[-92.472038,34.150926],[-92.470398,34.148513],[-92.467664,34.149969],[-92.464708,34.149557],[-92.464333,34.148185],[-92.462598,34.148848],[-92.462681,34.146057],[-92.461414,34.146019],[-92.461403,34.147236],[-92.459748,34.146111],[-92.458584,34.147017],[-92.457565,34.145011],[-92.453584,34.144583],[-92.453511,34.145726],[-92.449148,34.144622],[-92.448157,34.145184],[-92.446572,34.144455],[-92.444822,34.142539],[-92.444211,34.143487],[-92.442384,34.143252],[-92.438567,34.140664],[-92.438018,34.139287],[-92.436092,34.140266],[-92.435024,34.138765],[-92.436144,34.13819],[-92.434908,34.137472],[-92.430493,34.136477],[-92.429486,34.135551],[-92.429349,34.133792],[-92.430999,34.13309],[-92.429176,34.132784],[-92.426614,34.131451],[-92.427113,34.127241],[-92.426456,34.125359],[-92.425225,34.121633],[-92.422663,34.1203],[-92.420564,34.120307],[-92.417989,34.117363],[-92.415877,34.115758],[-92.411356,34.11329],[-92.411136,34.115217],[-92.410069,34.115614],[-92.40861,34.113433],[-92.407239,34.114083],[-92.407288,34.115241],[-92.405538,34.115413],[-92.403521,34.110097],[-92.400966,34.109918],[-92.400483,34.109128],[-92.402421,34.108813],[-92.403795,34.107726],[-92.405651,34.107372],[-92.403071,34.104299],[-92.399665,34.104517],[-92.397652,34.106059],[-92.396261,34.103735],[-92.394041,34.104489],[-92.392507,34.10456],[-92.393227,34.106293],[-92.392261,34.108959],[-92.391169,34.110333],[-92.391029,34.113296],[-92.39194,34.114995],[-92.389218,34.113229],[-92.389561,34.114532],[-92.387987,34.115725],[-92.391456,34.118541],[-92.392426,34.120394],[-92.391745,34.121488],[-92.391016,34.125806],[-92.390156,34.127482],[-92.392191,34.130518],[-92.389823,34.131567],[-92.389148,34.132693],[-92.390357,34.134844],[-92.388848,34.136888],[-92.389053,34.137812],[-92.385759,34.139339],[-92.385646,34.140779],[-92.384025,34.142802],[-92.383806,34.144456],[-92.384876,34.145375],[-92.383785,34.146254],[-92.385047,34.147107],[-92.385535,34.149663],[-92.38429,34.151774],[-92.383305,34.151988],[-92.382966,34.153895],[-92.381823,34.15334],[-92.381055,34.15473],[-92.382317,34.156166],[-92.381026,34.15771],[-92.381038,34.159777],[-92.379728,34.161052],[-92.377632,34.160435],[-92.378146,34.162024],[-92.376711,34.161935],[-92.377637,34.162733],[-92.377675,34.164602],[-92.376278,34.166388],[-92.37791,34.169281],[-92.376951,34.168918],[-92.374857,34.169715],[-92.373396,34.171673],[-92.374455,34.171766],[-92.374794,34.175158],[-92.372824,34.176082],[-92.37424,34.176356],[-92.373261,34.177457],[-92.374757,34.178028],[-92.373117,34.179348],[-92.374806,34.18137],[-92.376605,34.181166],[-92.376161,34.182117],[-92.377013,34.18397],[-92.374531,34.185394],[-92.374704,34.186686],[-92.37617,34.188324],[-92.374038,34.190909],[-92.374067,34.193751],[-92.37209,34.195616],[-92.37186,34.197238],[-92.370067,34.198398],[-92.37079,34.200592],[-92.370613,34.202263],[-92.36876,34.202594],[-92.370978,34.205061],[-92.369821,34.206546],[-92.371703,34.210185],[-92.370858,34.212879],[-92.372328,34.214687],[-92.372171,34.217326],[-92.370657,34.219157],[-92.37261,34.219585],[-92.372941,34.220772],[-92.371724,34.221411],[-92.373432,34.222531],[-92.371285,34.227502],[-92.373575,34.227243],[-92.372252,34.229239],[-92.373531,34.230794],[-92.371943,34.232406],[-92.370985,34.234484],[-92.372475,34.235132],[-92.370847,34.236233],[-92.368868,34.236371],[-92.368518,34.237602],[-92.370498,34.238597],[-92.369148,34.239966],[-92.370076,34.241016],[-92.369057,34.241473],[-92.369806,34.24338],[-92.367562,34.243089],[-92.36902,34.245321],[-92.367431,34.24564],[-92.367009,34.248824],[-92.365493,34.249187],[-92.365231,34.250353],[-92.363501,34.249853],[-92.364166,34.251337],[-92.36308,34.252393],[-92.364471,34.252975],[-92.36289,34.255895],[-92.351576,34.253748],[-92.350568,34.256317],[-92.291754,34.255111],[-92.279041,34.254837],[-92.277547,34.254454],[-92.276173,34.253003],[-92.277788,34.252103],[-92.278217,34.246683],[-92.272195,34.246271],[-92.275998,34.252754],[-92.273661,34.254168],[-92.272018,34.25672],[-92.268195,34.260973],[-92.267108,34.260947],[-92.266202,34.263869],[-92.266332,34.265328],[-92.263271,34.266922],[-92.261193,34.272885],[-92.257533,34.273805],[-92.256256,34.277867],[-92.24972,34.276794],[-92.249839,34.277887],[-92.247653,34.277388],[-92.246455,34.278015],[-92.244516,34.28088],[-92.245716,34.282265],[-92.24532,34.283711],[-92.243227,34.283646],[-92.242081,34.284449],[-92.243023,34.286636],[-92.241162,34.287017],[-92.241236,34.288418],[-92.239753,34.289018],[-92.224462,34.288876],[-92.224593,34.281659],[-92.225081,34.274207],[-92.225623,34.273146],[-92.216077,34.271721],[-92.213642,34.274572],[-92.211884,34.274508],[-92.211493,34.302934],[-92.211302,34.306493],[-92.206187,34.304629],[-92.201792,34.302315],[-92.193937,34.299168],[-92.192243,34.300763],[-92.192262,34.303973],[-92.177325,34.303952],[-92.177322,34.317675],[-92.210506,34.318242],[-92.210146,34.3473],[-92.209424,34.386644],[-92.21258,34.386039],[-92.213005,34.38716],[-92.214888,34.387204],[-92.219483,34.386455],[-92.22124,34.386982],[-92.222911,34.385954],[-92.223634,34.386503],[-92.226704,34.386398],[-92.22909,34.384259],[-92.230695,34.384632],[-92.233917,34.383663],[-92.233081,34.382273],[-92.235567,34.380749],[-92.237304,34.380644],[-92.239365,34.37934],[-92.239756,34.378212],[-92.241407,34.380227],[-92.242996,34.38025],[-92.240707,34.382655],[-92.241114,34.386739],[-92.240192,34.387531],[-92.24128,34.388295],[-92.241793,34.391813],[-92.24131,34.392385],[-92.239295,34.394958],[-92.237008,34.395888],[-92.235066,34.398176],[-92.233905,34.39778],[-92.233766,34.397902],[-92.236142,34.398437],[-92.236042,34.399951],[-92.234802,34.400859],[-92.235738,34.401458],[-92.234564,34.402321],[-92.238134,34.401122],[-92.239952,34.398534],[-92.247163,34.398683],[-92.246282,34.401922],[-92.246539,34.405311],[-92.2456,34.409556],[-92.246759,34.413804],[-92.246741,34.416737],[-92.24823,34.417893],[-92.250935,34.418308],[-92.252887,34.418763],[-92.259044,34.417729],[-92.262322,34.418669],[-92.262844,34.425465],[-92.270352,34.422389],[-92.271384,34.421661],[-92.271767,34.420928],[-92.272424,34.412343],[-92.271726,34.409316],[-92.272588,34.407568],[-92.274965,34.40788],[-92.277537,34.409587],[-92.280541,34.409106],[-92.284203,34.411412],[-92.28891,34.41326],[-92.291109,34.413533],[-92.293543,34.416248],[-92.29571,34.417407],[-92.300854,34.418016],[-92.313157,34.418203],[-92.313778,34.41835],[-92.314153,34.418945],[-92.314637,34.423643],[-92.316859,34.425931],[-92.317087,34.426939],[-92.31699,34.435937],[-92.315707,34.438124],[-92.316076,34.444816],[-92.318398,34.445964],[-92.320288,34.446091],[-92.318153,34.447765],[-92.317032,34.449474],[-92.318292,34.449738],[-92.317543,34.450794],[-92.319082,34.452982],[-92.315525,34.454433],[-92.316395,34.455335],[-92.315353,34.4565],[-92.315778,34.457809],[-92.313607,34.459205],[-92.31386,34.461789],[-92.312811,34.46241],[-92.313309,34.463603],[-92.312673,34.465385],[-92.309707,34.464067],[-92.305029,34.463638],[-92.306421,34.465553],[-92.307235,34.468517],[-92.304574,34.470373],[-92.304041,34.471811],[-92.305264,34.472431],[-92.302207,34.474514],[-92.300382,34.474898],[-92.298382,34.47642],[-92.298806,34.479634],[-92.299633,34.480827],[-92.299663,34.484366],[-92.300251,34.486409],[-92.299925,34.490476],[-92.29904,34.490591],[-92.298497,34.494347],[-92.315097,34.494513],[-92.315729,34.491762],[-92.316766,34.489863],[-92.318547,34.488774],[-92.320599,34.486064],[-92.319194,34.482746],[-92.317373,34.480455],[-92.317047,34.478686],[-92.318855,34.476405],[-92.318809,34.474502],[-92.349715,34.474208],[-92.349758,34.473202],[-92.351864,34.47321],[-92.350457,34.470136],[-92.350652,34.465942],[-92.356915,34.465942],[-92.360352,34.464885],[-92.364768,34.462039],[-92.368767,34.459878],[-92.374957,34.464231],[-92.378153,34.463126],[-92.379845,34.464677],[-92.381869,34.464183],[-92.382526,34.465085],[-92.385062,34.464702],[-92.38676,34.465835],[-92.385426,34.466439],[-92.38573,34.468006],[-92.384661,34.468412],[-92.386074,34.469259],[-92.386816,34.472289],[-92.385687,34.473322],[-92.386534,34.476857],[-92.385916,34.478698],[-92.387509,34.479012],[-92.387866,34.480343],[-92.386923,34.481107],[-92.389013,34.482801],[-92.388262,34.484505],[-92.390406,34.484841],[-92.390817,34.486507],[-92.389833,34.489321],[-92.389931,34.490992],[-92.392074,34.493599],[-92.39392,34.494721],[-92.393884,34.495599],[-92.395088,34.49564],[-92.402934,34.495877],[-92.403488,34.495708],[-92.40468,34.451916],[-92.516964,34.453882],[-92.511827,34.451304],[-92.509185,34.450482],[-92.508601,34.446826],[-92.510431,34.440873],[-92.518448,34.437717],[-92.520605,34.437471],[-92.521259,34.435448],[-92.515459,34.43148],[-92.520359,34.431183],[-92.524497,34.430391],[-92.526571,34.430473],[-92.530181,34.428721],[-92.532502,34.428524],[-92.535828,34.429142],[-92.537599,34.428492],[-92.533748,34.423887],[-92.529408,34.422868],[-92.531055,34.418477],[-92.536794,34.412043],[-92.537606,34.410617],[-92.53787,34.401323],[-92.536721,34.398239],[-92.535727,34.396963],[-92.53564,34.394452],[-92.535999,34.388373],[-92.536622,34.382275],[-92.536118,34.381978],[-92.514251,34.381352],[-92.515159,34.37803],[-92.511631,34.379183],[-92.510687,34.379981],[-92.51074,34.377802],[-92.513636,34.376421],[-92.515788,34.373215],[-92.513974,34.370069],[-92.513998,34.366156],[-92.513094,34.363459],[-92.511155,34.362816],[-92.512104,34.338127],[-92.506537,34.338002],[-92.506571,34.32513],[-92.504214,34.32727],[-92.500168,34.328755],[-92.495328,34.3293],[-92.492547,34.329231],[-92.489836,34.330053],[-92.488317,34.322338],[-92.487443,34.319422],[-92.484837,34.312844],[-92.482917,34.308764],[-92.477461,34.298238],[-92.476275,34.294361],[-92.476154,34.291517],[-92.473497,34.290985],[-92.471168,34.288829],[-92.469669,34.285811],[-92.469665,34.279122],[-92.469422,34.277927],[-92.460007,34.276025],[-92.460026,34.274935],[-92.4599,34.272742],[-92.462952,34.270971],[-92.461595,34.270218],[-92.462905,34.269294],[-92.463057,34.267733],[-92.464044,34.268282],[-92.467182,34.266016],[-92.467539,34.264697],[-92.469208,34.264372],[-92.470516,34.26301],[-92.474074,34.263462],[-92.479711,34.262292],[-92.479884,34.268635],[-92.481566,34.269426],[-92.483738,34.272029],[-92.484792,34.272606],[-92.492998,34.275182],[-92.500467,34.276179],[-92.503381,34.276907],[-92.50319,34.275318],[-92.504052,34.273493],[-92.502837,34.269094],[-92.50197,34.268033],[-92.502639,34.267164],[-92.501039,34.264926],[-92.499528,34.264987],[-92.498792,34.263212],[-92.499884,34.2627],[-92.49993,34.26115],[-92.498982,34.260732],[-92.499377,34.257532],[-92.501084,34.257042],[-92.50041,34.255783],[-92.501484,34.253436],[-92.501379,34.251512],[-92.50233,34.250032],[-92.504957,34.248862],[-92.509253,34.246025],[-92.531706,34.265652],[-92.535991,34.276023],[-92.538427,34.269743],[-92.547111,34.269937],[-92.548315,34.273953],[-92.547757,34.275963],[-92.548061,34.280929],[-92.554944,34.28137],[-92.566458,34.281112],[-92.581457,34.281459],[-92.583321,34.281624]]]}},{"type":"Feature","properties":{"zcta5":"71601","AFFGEOID10":"8600000US71601","GEOID10":"71601","ALAND10":284206939,"AWATER10":15944778,"county_name":"Jefferson","state_code":"AR","county_state":"Jefferson County, AR","county_fips":"05069","risk_level_county":"Higher Risk (60–69% vaccinated)","mean_vaccination_rate_county":64.17,"risk_level_zcta":"Very High Risk (<60% vaccinated)","mean_vaccination_rate_zips":56.13,"cases":8},"geometry":{"type":"Polygon","coordinates":[[[-91.913889,34.282908],[-91.914788,34.283477],[-91.915093,34.285324],[-91.91728,34.288732],[-91.922417,34.293568],[-91.924355,34.294208],[-91.927185,34.296241],[-91.929369,34.297213],[-91.931123,34.297203],[-91.933475,34.295817],[-91.940038,34.296046],[-91.940466,34.297064],[-91.9405,34.296421],[-91.94452,34.293123],[-91.945242,34.289272],[-91.94524,34.284808],[-91.944103,34.276682],[-91.94247,34.268108],[-91.942381,34.263868],[-91.942683,34.262209],[-91.945642,34.256829],[-91.95034,34.249022],[-91.95368,34.250432],[-91.958562,34.244156],[-91.962935,34.240082],[-91.968573,34.236088],[-91.970687,34.235015],[-91.97213,34.235065],[-91.975541,34.233464],[-91.977529,34.233139],[-91.981732,34.233392],[-91.982763,34.234796],[-91.985727,34.233722],[-91.986161,34.232254],[-91.987897,34.231622],[-91.990925,34.232844],[-91.999255,34.233318],[-92.000497,34.233979],[-92.008852,34.234214],[-92.010473,34.234962],[-92.012672,34.23672],[-92.014379,34.239148],[-92.01567,34.242925],[-92.015461,34.244903],[-92.015857,34.245583],[-92.015494,34.24702],[-92.014709,34.248299],[-92.01466,34.252161],[-92.015275,34.252475],[-92.015818,34.252431],[-92.016506,34.253025],[-92.017731,34.253597],[-92.018849,34.253444],[-92.019631,34.253669],[-92.01918,34.254235],[-92.01918,34.255214],[-92.019577,34.255577],[-92.020901,34.255781],[-92.02488,34.254386],[-92.025847,34.254738],[-92.027641,34.2547],[-92.028593,34.257746],[-92.033607,34.260865],[-92.03896,34.260893],[-92.041082,34.261696],[-92.04265,34.261346],[-92.045043,34.262449],[-92.048179,34.264811],[-92.04919,34.263592],[-92.051666,34.263228],[-92.051715,34.260586],[-92.051771,34.257939],[-92.055436,34.257945],[-92.052246,34.253341],[-92.047561,34.246421],[-92.047893,34.243607],[-92.047018,34.238266],[-92.044847,34.236981],[-92.04359,34.234544],[-92.043548,34.22788],[-92.044506,34.226269],[-92.044496,34.22378],[-92.04352,34.222919],[-92.03505,34.222554],[-92.035019,34.22377],[-92.029304,34.223689],[-92.029234,34.219114],[-92.025334,34.219061],[-92.021996,34.223769],[-92.020633,34.222687],[-92.020639,34.224331],[-92.01917,34.223799],[-92.014656,34.223819],[-92.013634,34.22274],[-92.013546,34.217516],[-92.014549,34.217505],[-92.014503,34.214206],[-92.01351,34.214218],[-92.013441,34.20541],[-92.014417,34.204379],[-92.013406,34.203313],[-92.014416,34.202262],[-92.011449,34.202263],[-92.002658,34.201747],[-92.002481,34.196344],[-92.004809,34.196333],[-92.004784,34.195431],[-92.002439,34.195425],[-92.002398,34.191356],[-92.003416,34.18739],[-92.003269,34.182448],[-92.003876,34.180087],[-92.006011,34.177489],[-92.006422,34.176502],[-92.004247,34.17721],[-92.004026,34.171116],[-92.004522,34.170252],[-92.004454,34.163637],[-92.0001,34.163664],[-92.000001,34.15825],[-91.993981,34.15764],[-91.997638,34.151208],[-91.948902,34.151179],[-91.947208,34.143641],[-91.948001,34.141398],[-91.95145,34.138178],[-91.955631,34.136737],[-91.962834,34.136775],[-91.964467,34.134753],[-91.962925,34.132029],[-91.959659,34.130793],[-91.956211,34.127894],[-91.953937,34.125098],[-91.953306,34.122168],[-91.952431,34.120874],[-91.953615,34.118084],[-91.955932,34.116114],[-91.957775,34.115185],[-91.964796,34.113497],[-91.966819,34.112114],[-91.967521,34.110393],[-91.963471,34.106299],[-91.964226,34.105549],[-91.96057,34.102564],[-91.959468,34.100525],[-91.959167,34.097408],[-91.959772,34.094911],[-91.960101,34.090742],[-91.958229,34.089024],[-91.955387,34.08832],[-91.953708,34.089046],[-91.953629,34.09338],[-91.870491,34.093245],[-91.816018,34.094476],[-91.808581,34.094501],[-91.807411,34.094606],[-91.806748,34.096221],[-91.807083,34.101351],[-91.80893,34.107585],[-91.809756,34.111969],[-91.80983,34.115065],[-91.80942,34.117773],[-91.806513,34.124356],[-91.806407,34.130928],[-91.797858,34.131171],[-91.796559,34.133409],[-91.792317,34.134771],[-91.791894,34.133469],[-91.789387,34.131727],[-91.786,34.12593],[-91.782998,34.127806],[-91.780077,34.13005],[-91.786886,34.137559],[-91.78623,34.138216],[-91.783069,34.138193],[-91.782498,34.13846],[-91.791474,34.148379],[-91.796349,34.145862],[-91.796633,34.144674],[-91.798085,34.144349],[-91.798596,34.145698],[-91.797446,34.146609],[-91.797394,34.149203],[-91.801272,34.153112],[-91.80598,34.155418],[-91.802409,34.154802],[-91.799903,34.159071],[-91.791665,34.159165],[-91.789791,34.160012],[-91.77753,34.161383],[-91.777419,34.162803],[-91.772678,34.166028],[-91.774951,34.168478],[-91.776838,34.169051],[-91.780833,34.172396],[-91.78133,34.173199],[-91.787308,34.187288],[-91.788052,34.187678],[-91.796951,34.187933],[-91.793199,34.195469],[-91.791087,34.192735],[-91.78948,34.189926],[-91.785208,34.185313],[-91.781909,34.182861],[-91.778901,34.178589],[-91.777274,34.177346],[-91.776905,34.175515],[-91.777757,34.176708],[-91.777052,34.172745],[-91.775618,34.169413],[-91.773661,34.167857],[-91.772759,34.168364],[-91.773739,34.17036],[-91.771939,34.171628],[-91.773262,34.173635],[-91.774813,34.177535],[-91.778783,34.191098],[-91.781237,34.195827],[-91.783525,34.198803],[-91.785264,34.200508],[-91.790406,34.203052],[-91.803194,34.20672],[-91.808845,34.207753],[-91.815162,34.20809],[-91.818088,34.208839],[-91.82358,34.210733],[-91.83372,34.215069],[-91.840738,34.218948],[-91.844348,34.221348],[-91.858756,34.227052],[-91.868936,34.229693],[-91.875843,34.230262],[-91.879749,34.231048],[-91.886036,34.231559],[-91.89037,34.232277],[-91.892741,34.233607],[-91.896392,34.237528],[-91.904021,34.247915],[-91.904075,34.24863],[-91.906195,34.25145],[-91.90985,34.257505],[-91.911318,34.260548],[-91.912616,34.266924],[-91.913406,34.270253],[-91.913332,34.277527],[-91.913889,34.282908]]]}},{"type":"Feature","properties":{"zcta5":"72004","AFFGEOID10":"8600000US72004","GEOID10":"72004","ALAND10":407290250,"AWATER10":27870749,"county_name":"Jefferson","state_code":"AR","county_state":"Jefferson County, AR","county_fips":"05069","risk_level_county":"Higher Risk (60–69% vaccinated)","mean_vaccination_rate_county":64.17,"risk_level_zcta":"Higher Risk (60–69% vaccinated)","mean_vaccination_rate_zips":61.35,"cases":8},"geometry":{"type":"Polygon","coordinates":[[[-91.897534,34.411114],[-91.89806,34.408976],[-91.891743,34.406562],[-91.878768,34.399807],[-91.876076,34.398141],[-91.868754,34.391366],[-91.867418,34.38801],[-91.875135,34.384776],[-91.876833,34.383433],[-91.903341,34.384232],[-91.903766,34.325095],[-91.924532,34.324396],[-91.924681,34.326842],[-91.927656,34.326902],[-91.92591,34.324387],[-91.926427,34.32149],[-91.928952,34.318808],[-91.929111,34.317885],[-91.922533,34.314921],[-91.919983,34.312683],[-91.919062,34.310819],[-91.919301,34.307944],[-91.920269,34.305586],[-91.923953,34.301975],[-91.921986,34.299534],[-91.918985,34.299644],[-91.918787,34.298891],[-91.914799,34.299126],[-91.911136,34.300885],[-91.909765,34.300697],[-91.907022,34.301648],[-91.903504,34.303703],[-91.900355,34.308578],[-91.895485,34.312232],[-91.895067,34.312858],[-91.894862,34.317453],[-91.893492,34.317996],[-91.894784,34.285555],[-91.904083,34.271465],[-91.906522,34.269402],[-91.912616,34.266924],[-91.911318,34.260548],[-91.90985,34.257505],[-91.906195,34.25145],[-91.904075,34.24863],[-91.904021,34.247915],[-91.896392,34.237528],[-91.892741,34.233607],[-91.89037,34.232277],[-91.886036,34.231559],[-91.879749,34.231048],[-91.875843,34.230262],[-91.868936,34.229693],[-91.858756,34.227052],[-91.844348,34.221348],[-91.840738,34.218948],[-91.83372,34.215069],[-91.82358,34.210733],[-91.818088,34.208839],[-91.815162,34.20809],[-91.808845,34.207753],[-91.803194,34.20672],[-91.790406,34.203052],[-91.785264,34.200508],[-91.783525,34.198803],[-91.781237,34.195827],[-91.778783,34.191098],[-91.774813,34.177535],[-91.773262,34.173635],[-91.771939,34.171628],[-91.768969,34.16787],[-91.765487,34.16611],[-91.760758,34.166016],[-91.755443,34.167943],[-91.75013,34.169539],[-91.738587,34.172121],[-91.734674,34.172923],[-91.727313,34.173738],[-91.727276,34.174093],[-91.707743,34.173203],[-91.699862,34.172234],[-91.695381,34.171438],[-91.693672,34.170678],[-91.64254,34.138055],[-91.641983,34.137486],[-91.631706,34.132508],[-91.630343,34.132902],[-91.627346,34.132231],[-91.62684,34.130384],[-91.625018,34.129276],[-91.619208,34.127849],[-91.614192,34.128109],[-91.610117,34.129463],[-91.606462,34.130255],[-91.601362,34.131987],[-91.599923,34.188381],[-91.598857,34.188875],[-91.5987,34.190673],[-91.596003,34.191551],[-91.594375,34.190471],[-91.592878,34.190706],[-91.593407,34.192822],[-91.592667,34.194194],[-91.593018,34.197023],[-91.590661,34.197731],[-91.58849,34.199381],[-91.587651,34.198646],[-91.585831,34.19921],[-91.582683,34.197916],[-91.582562,34.207795],[-91.581248,34.211103],[-91.579984,34.211966],[-91.570244,34.214908],[-91.568607,34.216678],[-91.567693,34.219064],[-91.568201,34.223254],[-91.565101,34.224935],[-91.563513,34.22455],[-91.563339,34.223533],[-91.562711,34.223312],[-91.562149,34.223581],[-91.562049,34.225024],[-91.561548,34.225357],[-91.558989,34.225017],[-91.556382,34.225471],[-91.553066,34.223285],[-91.55128,34.222631],[-91.55089,34.222468],[-91.552967,34.223417],[-91.556331,34.225575],[-91.559077,34.225166],[-91.561255,34.225517],[-91.56221,34.225084],[-91.563012,34.223477],[-91.563638,34.224821],[-91.565092,34.225073],[-91.568214,34.223407],[-91.572314,34.2228],[-91.573824,34.223647],[-91.57642,34.223432],[-91.576676,34.221209],[-91.579814,34.218876],[-91.582026,34.218057],[-91.582061,34.216749],[-91.579217,34.215986],[-91.581478,34.214819],[-91.585688,34.214448],[-91.587163,34.215862],[-91.588416,34.215707],[-91.589361,34.212648],[-91.595475,34.21233],[-91.595945,34.214365],[-91.597184,34.216807],[-91.596358,34.21904],[-91.59477,34.221305],[-91.594344,34.22496],[-91.592441,34.226424],[-91.592535,34.228761],[-91.599103,34.22892],[-91.599093,34.23151],[-91.60477,34.231585],[-91.607461,34.230488],[-91.66911,34.2326],[-91.674611,34.233053],[-91.711795,34.233919],[-91.710096,34.29438],[-91.711238,34.294835],[-91.712984,34.297104],[-91.715692,34.297701],[-91.719676,34.299405],[-91.72432,34.299047],[-91.727164,34.299861],[-91.727648,34.276212],[-91.728434,34.275366],[-91.728266,34.271999],[-91.736267,34.271767],[-91.740239,34.270918],[-91.741118,34.26471],[-91.744693,34.26454],[-91.744732,34.268591],[-91.740696,34.273345],[-91.740158,34.274918],[-91.737884,34.278388],[-91.762558,34.278873],[-91.762605,34.286194],[-91.783177,34.286793],[-91.78658,34.298135],[-91.786657,34.308289],[-91.816042,34.3086],[-91.8251,34.308984],[-91.824916,34.312566],[-91.820803,34.31252],[-91.820614,34.31591],[-91.824858,34.316208],[-91.824724,34.321155],[-91.824338,34.323239],[-91.815946,34.322896],[-91.82701,34.323442],[-91.830151,34.323832],[-91.830553,34.326542],[-91.829136,34.329237],[-91.82784,34.33406],[-91.82617,34.336497],[-91.822406,34.338175],[-91.821252,34.339189],[-91.819588,34.34239],[-91.815582,34.344711],[-91.815561,34.350988],[-91.812834,34.352054],[-91.814515,34.352939],[-91.816463,34.358656],[-91.818147,34.360964],[-91.819194,34.361454],[-91.820023,34.363372],[-91.821607,34.365114],[-91.821813,34.366483],[-91.824193,34.369292],[-91.825302,34.369986],[-91.829436,34.36768],[-91.832702,34.367794],[-91.832544,34.38473],[-91.832634,34.386646],[-91.830102,34.385658],[-91.828399,34.382168],[-91.825008,34.380458],[-91.826101,34.379829],[-91.82324,34.378294],[-91.822441,34.382001],[-91.814512,34.381933],[-91.813684,34.388713],[-91.795629,34.388272],[-91.795472,34.395062],[-91.795138,34.396183],[-91.774826,34.395832],[-91.742377,34.413497],[-91.742477,34.409451],[-91.747708,34.405172],[-91.750131,34.402793],[-91.749867,34.402339],[-91.737677,34.412982],[-91.736039,34.414298],[-91.737022,34.416604],[-91.7418,34.424233],[-91.742961,34.424686],[-91.814381,34.425737],[-91.813691,34.454918],[-91.813782,34.45769],[-91.814173,34.463387],[-91.814133,34.484234],[-91.814708,34.484268],[-91.815691,34.484266],[-91.866224,34.486083],[-91.865876,34.484791],[-91.867248,34.417514],[-91.868705,34.416732],[-91.894416,34.417576],[-91.895639,34.416929],[-91.897534,34.411114]]]}},{"type":"Feature","properties":{"zcta5":"72046","AFFGEOID10":"8600000US72046","GEOID10":"72046","ALAND10":606335205,"AWATER10":28332016,"county_name":"Jefferson","state_code":"AR","county_state":"Jefferson County, AR","county_fips":"05069","risk_level_county":"Higher Risk (60–69% vaccinated)","mean_vaccination_rate_county":64.17,"risk_level_zcta":"Higher Risk (60–69% vaccinated)","mean_vaccination_rate_zips":60.93,"cases":8},"geometry":{"type":"Polygon","coordinates":[[[-92.159442,34.562317],[-92.157336,34.560498],[-92.148284,34.55686],[-92.141928,34.553533],[-92.138178,34.549937],[-92.13745,34.548429],[-92.136097,34.543958],[-92.135265,34.542334],[-92.134359,34.53845],[-92.135283,34.534028],[-92.137107,34.528848],[-92.142324,34.519171],[-92.144236,34.51453],[-92.143608,34.511185],[-92.144517,34.507101],[-92.146405,34.504736],[-92.14719,34.501405],[-92.148517,34.498803],[-92.146335,34.494059],[-92.14369,34.49151],[-92.141318,34.48915],[-92.135211,34.485263],[-92.13105,34.483056],[-92.125145,34.480782],[-92.121057,34.478812],[-92.118518,34.477199],[-92.115111,34.475561],[-92.110792,34.472458],[-92.109238,34.470784],[-92.106806,34.466636],[-92.106084,34.463921],[-92.105717,34.460037],[-92.105921,34.454684],[-92.107228,34.451716],[-92.110423,34.447371],[-92.112396,34.445572],[-92.114206,34.443529],[-92.112666,34.44155],[-92.113899,34.439965],[-92.109498,34.437554],[-92.101071,34.436254],[-92.097854,34.437046],[-92.090748,34.436295],[-92.086939,34.436191],[-92.08325,34.436742],[-92.076854,34.434052],[-92.078709,34.437997],[-92.07678,34.438635],[-92.075353,34.43824],[-92.066307,34.438126],[-92.066208,34.436926],[-92.046253,34.436663],[-92.046005,34.453145],[-92.039388,34.453165],[-92.030714,34.452849],[-92.030479,34.46734],[-92.014962,34.467213],[-92.013854,34.467794],[-92.012897,34.466785],[-92.009864,34.465849],[-92.003904,34.465824],[-91.998661,34.466183],[-91.998514,34.466551],[-91.997196,34.458923],[-91.999056,34.457183],[-92.002087,34.455396],[-92.006349,34.453771],[-92.010052,34.452898],[-92.011141,34.451838],[-92.011587,34.44921],[-92.009957,34.446494],[-92.007781,34.445575],[-92.005359,34.444865],[-92.000143,34.445364],[-91.996229,34.446333],[-91.993569,34.447659],[-91.988601,34.451729],[-91.987089,34.453929],[-91.984237,34.455645],[-91.980448,34.457367],[-91.97658,34.457929],[-91.973646,34.45705],[-91.971296,34.454605],[-91.970897,34.452598],[-91.968409,34.452516],[-91.968198,34.45842],[-91.972354,34.46108],[-91.972695,34.461897],[-91.958114,34.461809],[-91.957111,34.459059],[-91.955031,34.459036],[-91.954718,34.444476],[-91.949016,34.444324],[-91.949003,34.451361],[-91.947951,34.451672],[-91.947619,34.454721],[-91.947702,34.459027],[-91.931832,34.459026],[-91.927963,34.457835],[-91.922484,34.458714],[-91.922206,34.476672],[-91.926378,34.476592],[-91.928891,34.48034],[-91.931438,34.480505],[-91.92189,34.48804],[-91.866224,34.486083],[-91.815691,34.484266],[-91.814708,34.484268],[-91.814081,34.485661],[-91.813887,34.500094],[-91.813158,34.505066],[-91.813443,34.507248],[-91.813426,34.513345],[-91.80241,34.513048],[-91.793483,34.513103],[-91.792927,34.534824],[-91.78867,34.534803],[-91.785892,34.53749],[-91.783875,34.538456],[-91.783875,34.540443],[-91.779366,34.540417],[-91.779305,34.542683],[-91.783117,34.542735],[-91.783008,34.546158],[-91.783794,34.542948],[-91.786403,34.542584],[-91.792759,34.542398],[-91.792763,34.547951],[-91.792488,34.555298],[-91.790024,34.555241],[-91.787529,34.556599],[-91.788406,34.556983],[-91.787361,34.559511],[-91.786987,34.562582],[-91.787892,34.566803],[-91.786731,34.568836],[-91.783791,34.571188],[-91.783518,34.572518],[-91.784391,34.574179],[-91.785868,34.575034],[-91.78968,34.57625],[-91.790208,34.578072],[-91.788975,34.579198],[-91.790658,34.579107],[-91.788854,34.579441],[-91.783589,34.578837],[-91.776851,34.577293],[-91.775225,34.576486],[-91.77122,34.572685],[-91.76939,34.566724],[-91.769259,34.56397],[-91.769591,34.559376],[-91.771692,34.55671],[-91.738806,34.556015],[-91.738314,34.570031],[-91.738787,34.570623],[-91.738385,34.587552],[-91.748265,34.592716],[-91.75023,34.594316],[-91.752672,34.598451],[-91.756061,34.600175],[-91.755717,34.618035],[-91.768076,34.630712],[-91.792365,34.631945],[-91.795525,34.633156],[-91.810077,34.64006],[-91.810339,34.632154],[-91.824105,34.632549],[-91.824031,34.64239],[-91.826648,34.642416],[-91.826634,34.635374],[-91.827776,34.634841],[-91.83208,34.635016],[-91.832299,34.628073],[-91.843277,34.639894],[-91.843754,34.642394],[-91.845047,34.643213],[-91.844718,34.65932],[-91.845658,34.659335],[-91.845508,34.663831],[-91.846588,34.664791],[-91.847939,34.669861],[-91.850082,34.67094],[-91.850014,34.674393],[-91.899666,34.674831],[-91.89978,34.667622],[-91.905681,34.667668],[-91.906387,34.670419],[-91.907807,34.672433],[-91.910942,34.675053],[-91.917725,34.675087],[-91.917824,34.671478],[-91.925461,34.671539],[-91.928581,34.669277],[-91.931816,34.668049],[-91.945,34.668221],[-91.945374,34.671833],[-91.961205,34.671894],[-91.962944,34.670567],[-91.963303,34.668518],[-91.96338,34.661269],[-91.954573,34.66102],[-91.954603,34.654103],[-91.967817,34.649609],[-91.955571,34.649383],[-91.955759,34.642081],[-92.00014,34.642753],[-92.029442,34.643738],[-92.029493,34.624434],[-92.01799,34.611874],[-92.016238,34.61034],[-92.0106,34.60665],[-92.00959,34.605562],[-92.009159,34.606493],[-92.009094,34.621064],[-92.000107,34.621002],[-92.000214,34.615486],[-91.995728,34.614033],[-91.995766,34.61005],[-91.994797,34.60994],[-91.994926,34.607704],[-91.992638,34.604259],[-91.992226,34.602638],[-92.000351,34.602764],[-92.000343,34.595436],[-92.002991,34.595356],[-92.000294,34.591773],[-91.986983,34.576997],[-91.992661,34.575401],[-92.001295,34.57732],[-92.013352,34.577509],[-92.014137,34.577641],[-92.014206,34.575356],[-92.01683,34.57053],[-92.018676,34.568854],[-92.020917,34.567595],[-92.027052,34.56512],[-92.029743,34.56351],[-92.029539,34.621248],[-92.030723,34.621432],[-92.096993,34.622777],[-92.109332,34.619847],[-92.114605,34.619603],[-92.118841,34.608307],[-92.119246,34.605154],[-92.118582,34.581839],[-92.118173,34.57919],[-92.128506,34.579273],[-92.132707,34.580353],[-92.138473,34.581173],[-92.138649,34.582777],[-92.143429,34.584287],[-92.146544,34.584905],[-92.147977,34.586677],[-92.152522,34.586931],[-92.155616,34.586245],[-92.156189,34.58386],[-92.154475,34.581103],[-92.154091,34.578574],[-92.15265,34.574808],[-92.152917,34.571972],[-92.153509,34.571483],[-92.15359,34.567915],[-92.149823,34.562808],[-92.152388,34.562639],[-92.151416,34.560668],[-92.159442,34.562317]],[[-91.878451,34.534657],[-91.878319,34.545957],[-91.876718,34.545887],[-91.877304,34.540474],[-91.876265,34.53907],[-91.873964,34.53965],[-91.874069,34.534563],[-91.878451,34.534657]],[[-91.864975,34.534554],[-91.865124,34.545325],[-91.864113,34.54525],[-91.864088,34.534351],[-91.864689,34.534364],[-91.864975,34.534554]]]}},{"type":"Feature","properties":{"zcta5":"72079","AFFGEOID10":"8600000US72079","GEOID10":"72079","ALAND10":60624102,"AWATER10":1001658,"county_name":"Jefferson","state_code":"AR","county_state":"Jefferson County, AR","county_fips":"05069","risk_level_county":"Higher Risk (60–69% vaccinated)","mean_vaccination_rate_county":64.17,"risk_level_zcta":"Uninhabited","mean_vaccination_rate_zips":null,"cases":8},"geometry":{"type":"Polygon","coordinates":[[[-92.084689,34.403132],[-92.095089,34.403135],[-92.101343,34.403314],[-92.101628,34.402439],[-92.09979,34.399147],[-92.10034,34.398316],[-92.106547,34.394961],[-92.110746,34.394397],[-92.112724,34.392004],[-92.113839,34.392556],[-92.11781,34.392665],[-92.123289,34.391909],[-92.129232,34.392997],[-92.132625,34.393155],[-92.136423,34.393816],[-92.139975,34.394932],[-92.142895,34.397286],[-92.145974,34.397524],[-92.148481,34.39675],[-92.151571,34.395222],[-92.153399,34.395178],[-92.159953,34.3929],[-92.162344,34.391421],[-92.163544,34.389189],[-92.164022,34.386512],[-92.166014,34.386531],[-92.16587,34.393648],[-92.173344,34.400188],[-92.174546,34.40163],[-92.174555,34.404823],[-92.185309,34.405065],[-92.186444,34.405339],[-92.191423,34.42326],[-92.196712,34.439744],[-92.198938,34.438813],[-92.203601,34.433598],[-92.203777,34.430606],[-92.206526,34.429599],[-92.208792,34.427401],[-92.208926,34.418155],[-92.210718,34.416882],[-92.213672,34.418859],[-92.218336,34.419119],[-92.228798,34.428071],[-92.23421,34.437152],[-92.237066,34.436009],[-92.23515,34.432526],[-92.235307,34.428388],[-92.242913,34.427793],[-92.245721,34.427998],[-92.248936,34.427425],[-92.250928,34.427929],[-92.250935,34.418308],[-92.24823,34.417893],[-92.246741,34.416737],[-92.246759,34.413804],[-92.2456,34.409556],[-92.246539,34.405311],[-92.246282,34.401922],[-92.247163,34.398683],[-92.239952,34.398534],[-92.238134,34.401122],[-92.234564,34.402321],[-92.235738,34.401458],[-92.234802,34.400859],[-92.236042,34.399951],[-92.236142,34.398437],[-92.233766,34.397902],[-92.233905,34.39778],[-92.235066,34.398176],[-92.237008,34.395888],[-92.239295,34.394958],[-92.24131,34.392385],[-92.241793,34.391813],[-92.24128,34.388295],[-92.240192,34.387531],[-92.241114,34.386739],[-92.240707,34.382655],[-92.242996,34.38025],[-92.241407,34.380227],[-92.239756,34.378212],[-92.239365,34.37934],[-92.237304,34.380644],[-92.235567,34.380749],[-92.233081,34.382273],[-92.233917,34.383663],[-92.230695,34.384632],[-92.22909,34.384259],[-92.226704,34.386398],[-92.223634,34.386503],[-92.222911,34.385954],[-92.22124,34.386982],[-92.219483,34.386455],[-92.214888,34.387204],[-92.213005,34.38716],[-92.21258,34.386039],[-92.209424,34.386644],[-92.210146,34.3473],[-92.171859,34.346576],[-92.182121,34.38706],[-92.180026,34.386309],[-92.175377,34.383348],[-92.1748,34.380194],[-92.166065,34.380432],[-92.166205,34.374209],[-92.165094,34.371346],[-92.160334,34.365953],[-92.155316,34.360845],[-92.1543,34.361266],[-92.157151,34.36726],[-92.15712,34.37326],[-92.156485,34.37386],[-92.152644,34.373309],[-92.150599,34.373583],[-92.147618,34.372574],[-92.144824,34.373395],[-92.143999,34.375391],[-92.139524,34.375402],[-92.13945,34.381649],[-92.12518,34.381767],[-92.098275,34.381165],[-92.098402,34.377428],[-92.085184,34.37713],[-92.085159,34.371793],[-92.080046,34.371442],[-92.076584,34.370889],[-92.067997,34.369051],[-92.068096,34.367094],[-92.067672,34.369008],[-92.066479,34.37949],[-92.066747,34.384042],[-92.067657,34.387392],[-92.069407,34.391225],[-92.072378,34.394751],[-92.076329,34.397877],[-92.079817,34.400263],[-92.084689,34.403132]]]}},{"type":"Feature","properties":{"zcta5":"72072","AFFGEOID10":"8600000US72072","GEOID10":"72072","ALAND10":94681581,"AWATER10":9017609,"county_name":"Jefferson","state_code":"AR","county_state":"Jefferson County, AR","county_fips":"05069","risk_level_county":"Higher Risk (60–69% vaccinated)","mean_vaccination_rate_county":64.17,"risk_level_zcta":"Higher Risk (60–69% vaccinated)","mean_vaccination_rate_zips":62.89,"cases":8},"geometry":{"type":"Polygon","coordinates":[[[-91.814708,34.484268],[-91.814133,34.484234],[-91.788432,34.483941],[-91.786809,34.484063],[-91.776118,34.483623],[-91.744343,34.483338],[-91.740115,34.48324],[-91.705185,34.48267],[-91.678037,34.48192],[-91.674923,34.483382],[-91.677652,34.483888],[-91.677202,34.486936],[-91.679492,34.486208],[-91.680408,34.487925],[-91.678197,34.489169],[-91.678092,34.490169],[-91.680868,34.489666],[-91.681221,34.491271],[-91.683331,34.492857],[-91.682313,34.493479],[-91.679533,34.492151],[-91.679799,34.494497],[-91.681006,34.496175],[-91.680122,34.497397],[-91.681051,34.499054],[-91.679079,34.499401],[-91.677301,34.500995],[-91.675755,34.504029],[-91.678688,34.507285],[-91.676428,34.507542],[-91.677477,34.508673],[-91.677094,34.509843],[-91.67454,34.510947],[-91.675105,34.513289],[-91.670423,34.514931],[-91.668929,34.51655],[-91.669914,34.51887],[-91.667518,34.521849],[-91.665949,34.521642],[-91.663321,34.524558],[-91.664902,34.525324],[-91.665966,34.521811],[-91.666855,34.522085],[-91.667577,34.521969],[-91.669779,34.520043],[-91.670834,34.520613],[-91.671768,34.52274],[-91.671369,34.535452],[-91.665894,34.53883],[-91.703875,34.53973],[-91.7034,34.560638],[-91.704041,34.563374],[-91.703217,34.564259],[-91.7029,34.580347],[-91.703871,34.580107],[-91.705589,34.581681],[-91.707071,34.580494],[-91.708825,34.580401],[-91.7091,34.578629],[-91.710762,34.579204],[-91.711555,34.5807],[-91.713514,34.580947],[-91.715024,34.582505],[-91.714141,34.583884],[-91.715238,34.584723],[-91.716452,34.586708],[-91.716189,34.58823],[-91.717811,34.58775],[-91.719005,34.58951],[-91.720146,34.589734],[-91.721378,34.591274],[-91.723217,34.592522],[-91.726355,34.592096],[-91.728218,34.592986],[-91.728517,34.594486],[-91.7319,34.595415],[-91.73339,34.596614],[-91.736656,34.597137],[-91.738009,34.599789],[-91.738385,34.587552],[-91.738787,34.570623],[-91.738314,34.570031],[-91.738806,34.556015],[-91.771692,34.55671],[-91.769591,34.559376],[-91.769259,34.56397],[-91.76939,34.566724],[-91.77122,34.572685],[-91.775225,34.576486],[-91.776851,34.577293],[-91.783589,34.578837],[-91.788854,34.579441],[-91.790658,34.579107],[-91.788975,34.579198],[-91.790208,34.578072],[-91.78968,34.57625],[-91.785868,34.575034],[-91.784391,34.574179],[-91.783518,34.572518],[-91.783791,34.571188],[-91.786731,34.568836],[-91.787892,34.566803],[-91.786987,34.562582],[-91.787361,34.559511],[-91.788406,34.556983],[-91.787529,34.556599],[-91.790024,34.555241],[-91.792488,34.555298],[-91.792763,34.547951],[-91.792759,34.542398],[-91.786403,34.542584],[-91.783794,34.542948],[-91.783008,34.546158],[-91.783117,34.542735],[-91.779305,34.542683],[-91.779366,34.540417],[-91.783875,34.540443],[-91.783875,34.538456],[-91.785892,34.53749],[-91.78867,34.534803],[-91.792927,34.534824],[-91.793483,34.513103],[-91.80241,34.513048],[-91.813426,34.513345],[-91.813443,34.507248],[-91.813158,34.505066],[-91.813887,34.500094],[-91.814081,34.485661],[-91.814708,34.484268]]]}},{"type":"Feature","properties":{"zcta5":"72152","AFFGEOID10":"8600000US72152","GEOID10":"72152","ALAND10":189387237,"AWATER10":9403555,"county_name":"Jefferson","state_code":"AR","county_state":"Jefferson County, AR","county_fips":"05069","risk_level_county":"Higher Risk (60–69% vaccinated)","mean_vaccination_rate_county":64.17,"risk_level_zcta":"Higher Risk (60–69% vaccinated)","mean_vaccination_rate_zips":68.45,"cases":8},"geometry":{"type":"Polygon","coordinates":[[[-92.084689,34.403132],[-92.079817,34.400263],[-92.076329,34.397877],[-92.072378,34.394751],[-92.069407,34.391225],[-92.067657,34.387392],[-92.066747,34.384042],[-92.066479,34.37949],[-92.067672,34.369008],[-92.068096,34.367094],[-92.068733,34.361996],[-92.068542,34.355984],[-92.067848,34.352791],[-92.064659,34.34425],[-92.061913,34.33886],[-92.059418,34.334618],[-92.053169,34.326408],[-92.050714,34.324144],[-92.048561,34.321613],[-92.043182,34.316776],[-92.038673,34.313408],[-92.034668,34.310841],[-92.024925,34.306717],[-92.022263,34.30584],[-92.01387,34.303909],[-92.010529,34.302452],[-92.007053,34.299885],[-92.003305,34.296383],[-91.998352,34.291157],[-91.995819,34.287979],[-91.992961,34.282836],[-91.986944,34.278398],[-91.984232,34.2781],[-91.982068,34.277162],[-91.978607,34.276256],[-91.973239,34.275754],[-91.968574,34.276285],[-91.962826,34.277631],[-91.960007,34.278791],[-91.956242,34.281345],[-91.952249,34.285458],[-91.94698,34.292115],[-91.94408,34.294862],[-91.942096,34.297418],[-91.938328,34.299715],[-91.935871,34.3005],[-91.933902,34.300501],[-91.923894,34.295543],[-91.920047,34.292888],[-91.916462,34.288571],[-91.914875,34.285977],[-91.913889,34.282908],[-91.913332,34.277527],[-91.913406,34.270253],[-91.912616,34.266924],[-91.906522,34.269402],[-91.904083,34.271465],[-91.894784,34.285555],[-91.893492,34.317996],[-91.894862,34.317453],[-91.895067,34.312858],[-91.895485,34.312232],[-91.900355,34.308578],[-91.903504,34.303703],[-91.907022,34.301648],[-91.909765,34.300697],[-91.911136,34.300885],[-91.914799,34.299126],[-91.918787,34.298891],[-91.918985,34.299644],[-91.921986,34.299534],[-91.923953,34.301975],[-91.920269,34.305586],[-91.919301,34.307944],[-91.919062,34.310819],[-91.919983,34.312683],[-91.922533,34.314921],[-91.929111,34.317885],[-91.928952,34.318808],[-91.926427,34.32149],[-91.92591,34.324387],[-91.927656,34.326902],[-91.924681,34.326842],[-91.924532,34.324396],[-91.903766,34.325095],[-91.903341,34.384232],[-91.876833,34.383433],[-91.875135,34.384776],[-91.867418,34.38801],[-91.868754,34.391366],[-91.876076,34.398141],[-91.878768,34.399807],[-91.891743,34.406562],[-91.89806,34.408976],[-91.897534,34.411114],[-91.900934,34.411912],[-91.901184,34.408835],[-91.909484,34.408449],[-91.914065,34.40709],[-91.915907,34.403002],[-91.916697,34.400124],[-91.91686,34.397167],[-91.919022,34.395002],[-91.92347,34.393495],[-91.923319,34.410461],[-91.958411,34.410873],[-91.958387,34.415321],[-91.956543,34.419701],[-91.956495,34.429134],[-91.964253,34.428839],[-91.969835,34.426526],[-91.972325,34.424801],[-91.972664,34.423731],[-91.975975,34.423428],[-91.976279,34.424642],[-91.980149,34.425328],[-91.986009,34.425234],[-91.990348,34.425667],[-91.993965,34.428512],[-91.993401,34.416265],[-91.988684,34.41614],[-91.987302,34.415728],[-91.976056,34.414554],[-91.976218,34.407724],[-91.976556,34.406306],[-91.97899,34.404612],[-91.980283,34.404689],[-91.981418,34.405661],[-91.983761,34.408849],[-91.985514,34.413438],[-91.987744,34.415235],[-91.988752,34.415443],[-91.995378,34.415517],[-91.997852,34.415032],[-91.999649,34.413729],[-92.000168,34.412974],[-92.000203,34.410714],[-91.999712,34.409974],[-91.999419,34.40733],[-91.997639,34.404615],[-91.99566,34.402176],[-91.997254,34.403764],[-91.999618,34.407374],[-92.000104,34.410436],[-92.001696,34.409879],[-92.002964,34.408764],[-92.003296,34.407352],[-92.005332,34.407693],[-92.006938,34.40693],[-92.008542,34.408267],[-92.008707,34.409262],[-92.010928,34.411505],[-92.011782,34.413919],[-92.011462,34.415552],[-92.013531,34.416861],[-92.015375,34.417125],[-92.019449,34.415434],[-92.022261,34.415666],[-92.022945,34.41455],[-92.02583,34.414243],[-92.027608,34.413496],[-92.029299,34.413441],[-92.030832,34.411512],[-92.031775,34.411225],[-92.033485,34.41188],[-92.035474,34.411704],[-92.039726,34.40908],[-92.045126,34.408132],[-92.046882,34.408657],[-92.048567,34.407028],[-92.05042,34.406063],[-92.053743,34.40525],[-92.057846,34.402248],[-92.066695,34.402379],[-92.084689,34.403132]]]}},{"type":"Feature","properties":{"zcta5":"72132","AFFGEOID10":"8600000US72132","GEOID10":"72132","ALAND10":157641331,"AWATER10":4732938,"county_name":"Jefferson","state_code":"AR","county_state":"Jefferson County, AR","county_fips":"05069","risk_level_county":"Higher Risk (60–69% vaccinated)","mean_vaccination_rate_county":64.17,"risk_level_zcta":"Very High Risk (<60% vaccinated)","mean_vaccination_rate_zips":59.93,"cases":8},"geometry":{"type":"Polygon","coordinates":[[[-92.298497,34.494347],[-92.29904,34.490591],[-92.299925,34.490476],[-92.300251,34.486409],[-92.299663,34.484366],[-92.299633,34.480827],[-92.298806,34.479634],[-92.298382,34.47642],[-92.300382,34.474898],[-92.302207,34.474514],[-92.305264,34.472431],[-92.304041,34.471811],[-92.304574,34.470373],[-92.307235,34.468517],[-92.306421,34.465553],[-92.305029,34.463638],[-92.309707,34.464067],[-92.312673,34.465385],[-92.313309,34.463603],[-92.312811,34.46241],[-92.31386,34.461789],[-92.313607,34.459205],[-92.315778,34.457809],[-92.315353,34.4565],[-92.316395,34.455335],[-92.315525,34.454433],[-92.319082,34.452982],[-92.317543,34.450794],[-92.318292,34.449738],[-92.317032,34.449474],[-92.318153,34.447765],[-92.320288,34.446091],[-92.318398,34.445964],[-92.316076,34.444816],[-92.315707,34.438124],[-92.31699,34.435937],[-92.317087,34.426939],[-92.316859,34.425931],[-92.314637,34.423643],[-92.314153,34.418945],[-92.313778,34.41835],[-92.313157,34.418203],[-92.300854,34.418016],[-92.29571,34.417407],[-92.293543,34.416248],[-92.291109,34.413533],[-92.28891,34.41326],[-92.284203,34.411412],[-92.280541,34.409106],[-92.277537,34.409587],[-92.274965,34.40788],[-92.272588,34.407568],[-92.271726,34.409316],[-92.272424,34.412343],[-92.271767,34.420928],[-92.271384,34.421661],[-92.270352,34.422389],[-92.262844,34.425465],[-92.262322,34.418669],[-92.259044,34.417729],[-92.252887,34.418763],[-92.250935,34.418308],[-92.250928,34.427929],[-92.248936,34.427425],[-92.245721,34.427998],[-92.242913,34.427793],[-92.235307,34.428388],[-92.23515,34.432526],[-92.237066,34.436009],[-92.23421,34.437152],[-92.228798,34.428071],[-92.218336,34.419119],[-92.213672,34.418859],[-92.210718,34.416882],[-92.208926,34.418155],[-92.208792,34.427401],[-92.206526,34.429599],[-92.203777,34.430606],[-92.203601,34.433598],[-92.198938,34.438813],[-92.196712,34.439744],[-92.191423,34.42326],[-92.186444,34.405339],[-92.185309,34.405065],[-92.174555,34.404823],[-92.174546,34.40163],[-92.173344,34.400188],[-92.16587,34.393648],[-92.166014,34.386531],[-92.164022,34.386512],[-92.163544,34.389189],[-92.162344,34.391421],[-92.159953,34.3929],[-92.153399,34.395178],[-92.151571,34.395222],[-92.148481,34.39675],[-92.145974,34.397524],[-92.142895,34.397286],[-92.139975,34.394932],[-92.136423,34.393816],[-92.132625,34.393155],[-92.129232,34.392997],[-92.123289,34.391909],[-92.11781,34.392665],[-92.113839,34.392556],[-92.112724,34.392004],[-92.110746,34.394397],[-92.106547,34.394961],[-92.10034,34.398316],[-92.09979,34.399147],[-92.101628,34.402439],[-92.101343,34.403314],[-92.095089,34.403135],[-92.084689,34.403132],[-92.092934,34.407214],[-92.098579,34.409432],[-92.113352,34.419236],[-92.116645,34.421726],[-92.120701,34.425864],[-92.122004,34.428082],[-92.122657,34.4301],[-92.12278,34.432686],[-92.122122,34.435718],[-92.12108,34.438174],[-92.116838,34.441984],[-92.112396,34.445572],[-92.110423,34.447371],[-92.107228,34.451716],[-92.105921,34.454684],[-92.105717,34.460037],[-92.106084,34.463921],[-92.106806,34.466636],[-92.109238,34.470784],[-92.110792,34.472458],[-92.115111,34.475561],[-92.118518,34.477199],[-92.121057,34.478812],[-92.125145,34.480782],[-92.13105,34.483056],[-92.135211,34.485263],[-92.141318,34.48915],[-92.14369,34.49151],[-92.208041,34.492765],[-92.245818,34.493506],[-92.298497,34.494347]]]}},{"type":"Feature","properties":{"zcta5":"72073","AFFGEOID10":"8600000US72073","GEOID10":"72073","ALAND10":353499475,"AWATER10":17019100,"county_name":"Jefferson","state_code":"AR","county_state":"Jefferson County, AR","county_fips":"05069","risk_level_county":"Higher Risk (60–69% vaccinated)","mean_vaccination_rate_county":64.17,"risk_level_zcta":"Higher Risk (60–69% vaccinated)","mean_vaccination_rate_zips":68.52,"cases":8},"geometry":{"type":"Polygon","coordinates":[[[-91.814133,34.484234],[-91.814173,34.463387],[-91.813782,34.45769],[-91.813691,34.454918],[-91.814381,34.425737],[-91.742961,34.424686],[-91.7418,34.424233],[-91.737022,34.416604],[-91.736039,34.414298],[-91.737677,34.412982],[-91.749867,34.402339],[-91.75748,34.395471],[-91.74991,34.395773],[-91.733626,34.395571],[-91.707509,34.395105],[-91.707057,34.394803],[-91.707637,34.375097],[-91.707875,34.373419],[-91.70868,34.344099],[-91.710096,34.29438],[-91.711795,34.233919],[-91.674611,34.233053],[-91.66911,34.2326],[-91.607461,34.230488],[-91.60477,34.231585],[-91.599093,34.23151],[-91.599103,34.22892],[-91.592535,34.228761],[-91.591719,34.229927],[-91.588702,34.231186],[-91.587905,34.23007],[-91.585595,34.230883],[-91.585486,34.232741],[-91.588975,34.234487],[-91.591735,34.23923],[-91.594833,34.24209],[-91.598414,34.2434],[-91.601246,34.24335],[-91.605907,34.240917],[-91.605384,34.238778],[-91.60842,34.238173],[-91.612322,34.238723],[-91.615262,34.238746],[-91.61838,34.241191],[-91.620398,34.241568],[-91.622245,34.243528],[-91.621546,34.244715],[-91.617668,34.244842],[-91.617392,34.24335],[-91.614499,34.243081],[-91.612419,34.243896],[-91.611008,34.242246],[-91.607666,34.242364],[-91.606897,34.24405],[-91.607513,34.24574],[-91.60501,34.247201],[-91.605651,34.249016],[-91.608543,34.247803],[-91.609374,34.248594],[-91.608785,34.250111],[-91.606935,34.251193],[-91.608144,34.253043],[-91.608248,34.254668],[-91.606816,34.255417],[-91.605313,34.254974],[-91.604403,34.255704],[-91.60926,34.258105],[-91.608771,34.26171],[-91.607544,34.262794],[-91.608631,34.264403],[-91.606917,34.264175],[-91.607093,34.266388],[-91.608949,34.268131],[-91.60894,34.269506],[-91.607818,34.270914],[-91.607278,34.276857],[-91.605649,34.276741],[-91.604389,34.278888],[-91.605097,34.280827],[-91.603955,34.28285],[-91.601521,34.283551],[-91.601197,34.287084],[-91.597985,34.288584],[-91.59801,34.29137],[-91.59497,34.29173],[-91.593431,34.292924],[-91.598132,34.293674],[-91.599945,34.29347],[-91.603208,34.291915],[-91.602877,34.289985],[-91.607041,34.288521],[-91.610326,34.289334],[-91.612419,34.291136],[-91.614691,34.29486],[-91.614742,34.29695],[-91.614037,34.298325],[-91.612011,34.299877],[-91.6108,34.301935],[-91.611622,34.303331],[-91.614745,34.304845],[-91.614553,34.305821],[-91.611498,34.30841],[-91.606293,34.308322],[-91.605024,34.307162],[-91.602172,34.307533],[-91.60016,34.305731],[-91.599381,34.306013],[-91.59857,34.308253],[-91.597225,34.3081],[-91.594727,34.30422],[-91.594094,34.302519],[-91.586291,34.302025],[-91.588051,34.308228],[-91.5891,34.316898],[-91.562513,34.315794],[-91.56178,34.34588],[-91.544066,34.34394],[-91.544206,34.351454],[-91.549455,34.352083],[-91.570811,34.350385],[-91.570771,34.352647],[-91.569186,34.356],[-91.567527,34.356882],[-91.566169,34.358535],[-91.565261,34.360764],[-91.566171,34.362567],[-91.564178,34.364486],[-91.557745,34.364111],[-91.55596,34.364447],[-91.550644,34.366685],[-91.548998,34.367689],[-91.547572,34.370031],[-91.54879,34.373084],[-91.551484,34.375098],[-91.552203,34.376427],[-91.552176,34.380877],[-91.553059,34.385075],[-91.56047,34.38505],[-91.5615,34.38354],[-91.5793,34.38427],[-91.57915,34.39156],[-91.57799,34.39191],[-91.57781,34.40642],[-91.59651,34.4067],[-91.59641,34.41404],[-91.60721,34.41424],[-91.60859,34.41351],[-91.61099,34.41452],[-91.61284,34.41462],[-91.614163,34.415959],[-91.613979,34.413643],[-91.616751,34.413653],[-91.61504,34.415438],[-91.616983,34.416534],[-91.619702,34.419379],[-91.61734,34.421588],[-91.615828,34.42026],[-91.614346,34.421004],[-91.613833,34.423658],[-91.612742,34.424246],[-91.611835,34.422318],[-91.610343,34.422623],[-91.609892,34.424182],[-91.610741,34.426243],[-91.610214,34.427319],[-91.607013,34.428521],[-91.604773,34.428695],[-91.606424,34.431431],[-91.607617,34.432038],[-91.610256,34.43209],[-91.612842,34.430629],[-91.61421,34.431226],[-91.612827,34.432591],[-91.61133,34.437843],[-91.610273,34.437844],[-91.607715,34.439662],[-91.609962,34.43994],[-91.61134,34.441713],[-91.613539,34.442709],[-91.614317,34.444115],[-91.610141,34.447474],[-91.61366,34.452276],[-91.61474,34.452853],[-91.61438,34.45075],[-91.625129,34.450672],[-91.629063,34.451099],[-91.625508,34.454316],[-91.6254,34.457248],[-91.624435,34.456625],[-91.62378,34.4589],[-91.62156,34.46016],[-91.62416,34.46133],[-91.625014,34.465234],[-91.622041,34.465498],[-91.621153,34.467659],[-91.622136,34.469817],[-91.621771,34.471161],[-91.619707,34.472077],[-91.618291,34.473904],[-91.619738,34.474541],[-91.620216,34.476105],[-91.619401,34.477414],[-91.616934,34.477991],[-91.616016,34.479537],[-91.649022,34.480255],[-91.665172,34.481606],[-91.675943,34.481984],[-91.678037,34.48192],[-91.705185,34.48267],[-91.740115,34.48324],[-91.744343,34.483338],[-91.776118,34.483623],[-91.786809,34.484063],[-91.788432,34.483941],[-91.814133,34.484234]]]}},{"type":"Feature","properties":{"zcta5":"72168","AFFGEOID10":"8600000US72168","GEOID10":"72168","ALAND10":116766905,"AWATER10":2577933,"county_name":"Jefferson","state_code":"AR","county_state":"Jefferson County, AR","county_fips":"05069","risk_level_county":"Higher Risk (60–69% vaccinated)","mean_vaccination_rate_county":64.17,"risk_level_zcta":"Uninhabited","mean_vaccination_rate_zips":null,"cases":8},"geometry":{"type":"Polygon","coordinates":[[[-92.112396,34.445572],[-92.116838,34.441984],[-92.12108,34.438174],[-92.122122,34.435718],[-92.12278,34.432686],[-92.122657,34.4301],[-92.122004,34.428082],[-92.120701,34.425864],[-92.116645,34.421726],[-92.113352,34.419236],[-92.098579,34.409432],[-92.092934,34.407214],[-92.084689,34.403132],[-92.066695,34.402379],[-92.057846,34.402248],[-92.053743,34.40525],[-92.05042,34.406063],[-92.048567,34.407028],[-92.046882,34.408657],[-92.045126,34.408132],[-92.039726,34.40908],[-92.035474,34.411704],[-92.033485,34.41188],[-92.031775,34.411225],[-92.030832,34.411512],[-92.029299,34.413441],[-92.027608,34.413496],[-92.02583,34.414243],[-92.022945,34.41455],[-92.022261,34.415666],[-92.019449,34.415434],[-92.015375,34.417125],[-92.013531,34.416861],[-92.011462,34.415552],[-92.011782,34.413919],[-92.010928,34.411505],[-92.008707,34.409262],[-92.008542,34.408267],[-92.006938,34.40693],[-92.005332,34.407693],[-92.003296,34.407352],[-92.002964,34.408764],[-92.001696,34.409879],[-92.000104,34.410436],[-91.999618,34.407374],[-91.997254,34.403764],[-91.99566,34.402176],[-91.997639,34.404615],[-91.999419,34.40733],[-91.999712,34.409974],[-92.000203,34.410714],[-92.000168,34.412974],[-91.999649,34.413729],[-91.997852,34.415032],[-91.995378,34.415517],[-91.988752,34.415443],[-91.987744,34.415235],[-91.985514,34.413438],[-91.983761,34.408849],[-91.981418,34.405661],[-91.980283,34.404689],[-91.97899,34.404612],[-91.976556,34.406306],[-91.976218,34.407724],[-91.976056,34.414554],[-91.987302,34.415728],[-91.988684,34.41614],[-91.993401,34.416265],[-91.993965,34.428512],[-91.990348,34.425667],[-91.986009,34.425234],[-91.980149,34.425328],[-91.976279,34.424642],[-91.975975,34.423428],[-91.972664,34.423731],[-91.972325,34.424801],[-91.969835,34.426526],[-91.964253,34.428839],[-91.956495,34.429134],[-91.956543,34.419701],[-91.958387,34.415321],[-91.958411,34.410873],[-91.923319,34.410461],[-91.92347,34.393495],[-91.919022,34.395002],[-91.91686,34.397167],[-91.916697,34.400124],[-91.915907,34.403002],[-91.914065,34.40709],[-91.909484,34.408449],[-91.901184,34.408835],[-91.900934,34.411912],[-91.897534,34.411114],[-91.895639,34.416929],[-91.894416,34.417576],[-91.868705,34.416732],[-91.867248,34.417514],[-91.865876,34.484791],[-91.866224,34.486083],[-91.92189,34.48804],[-91.931438,34.480505],[-91.928891,34.48034],[-91.926378,34.476592],[-91.922206,34.476672],[-91.922484,34.458714],[-91.927963,34.457835],[-91.931832,34.459026],[-91.947702,34.459027],[-91.947619,34.454721],[-91.947951,34.451672],[-91.949003,34.451361],[-91.949016,34.444324],[-91.954718,34.444476],[-91.955031,34.459036],[-91.957111,34.459059],[-91.958114,34.461809],[-91.972695,34.461897],[-91.972354,34.46108],[-91.968198,34.45842],[-91.968409,34.452516],[-91.970897,34.452598],[-91.971296,34.454605],[-91.973646,34.45705],[-91.97658,34.457929],[-91.980448,34.457367],[-91.984237,34.455645],[-91.987089,34.453929],[-91.988601,34.451729],[-91.993569,34.447659],[-91.996229,34.446333],[-92.000143,34.445364],[-92.005359,34.444865],[-92.007781,34.445575],[-92.009957,34.446494],[-92.011587,34.44921],[-92.011141,34.451838],[-92.010052,34.452898],[-92.006349,34.453771],[-92.002087,34.455396],[-91.999056,34.457183],[-91.997196,34.458923],[-91.998514,34.466551],[-91.998661,34.466183],[-92.003904,34.465824],[-92.009864,34.465849],[-92.012897,34.466785],[-92.013854,34.467794],[-92.014962,34.467213],[-92.030479,34.46734],[-92.030714,34.452849],[-92.039388,34.453165],[-92.046005,34.453145],[-92.046253,34.436663],[-92.066208,34.436926],[-92.066307,34.438126],[-92.075353,34.43824],[-92.07678,34.438635],[-92.078709,34.437997],[-92.076854,34.434052],[-92.08325,34.436742],[-92.086939,34.436191],[-92.090748,34.436295],[-92.097854,34.437046],[-92.101071,34.436254],[-92.109498,34.437554],[-92.113899,34.439965],[-92.112666,34.44155],[-92.114206,34.443529],[-92.112396,34.445572]]]}},{"type":"Feature","properties":{"zcta5":"72175","AFFGEOID10":"8600000US72175","GEOID10":"72175","ALAND10":118162024,"AWATER10":2549429,"county_name":"Jefferson","state_code":"AR","county_state":"Jefferson County, AR","county_fips":"05069","risk_level_county":"Higher Risk (60–69% vaccinated)","mean_vaccination_rate_county":64.17,"risk_level_zcta":"Higher Risk (60–69% vaccinated)","mean_vaccination_rate_zips":64.38,"cases":8},"geometry":{"type":"Polygon","coordinates":[[[-91.749867,34.402339],[-91.750131,34.402793],[-91.747708,34.405172],[-91.742477,34.409451],[-91.742377,34.413497],[-91.774826,34.395832],[-91.795138,34.396183],[-91.795472,34.395062],[-91.795629,34.388272],[-91.813684,34.388713],[-91.814512,34.381933],[-91.822441,34.382001],[-91.82324,34.378294],[-91.826101,34.379829],[-91.825008,34.380458],[-91.828399,34.382168],[-91.830102,34.385658],[-91.832634,34.386646],[-91.832544,34.38473],[-91.832702,34.367794],[-91.829436,34.36768],[-91.825302,34.369986],[-91.824193,34.369292],[-91.821813,34.366483],[-91.821607,34.365114],[-91.820023,34.363372],[-91.819194,34.361454],[-91.818147,34.360964],[-91.816463,34.358656],[-91.814515,34.352939],[-91.812834,34.352054],[-91.815561,34.350988],[-91.815582,34.344711],[-91.819588,34.34239],[-91.821252,34.339189],[-91.822406,34.338175],[-91.82617,34.336497],[-91.82784,34.33406],[-91.829136,34.329237],[-91.830553,34.326542],[-91.830151,34.323832],[-91.82701,34.323442],[-91.815946,34.322896],[-91.824338,34.323239],[-91.824724,34.321155],[-91.824858,34.316208],[-91.820614,34.31591],[-91.820803,34.31252],[-91.824916,34.312566],[-91.8251,34.308984],[-91.816042,34.3086],[-91.786657,34.308289],[-91.78658,34.298135],[-91.783177,34.286793],[-91.762605,34.286194],[-91.762558,34.278873],[-91.737884,34.278388],[-91.740158,34.274918],[-91.740696,34.273345],[-91.744732,34.268591],[-91.744693,34.26454],[-91.741118,34.26471],[-91.740239,34.270918],[-91.736267,34.271767],[-91.728266,34.271999],[-91.728434,34.275366],[-91.727648,34.276212],[-91.727164,34.299861],[-91.72432,34.299047],[-91.719676,34.299405],[-91.715692,34.297701],[-91.712984,34.297104],[-91.711238,34.294835],[-91.710096,34.29438],[-91.70868,34.344099],[-91.707875,34.373419],[-91.707637,34.375097],[-91.707057,34.394803],[-91.707509,34.395105],[-91.733626,34.395571],[-91.74991,34.395773],[-91.75748,34.395471],[-91.749867,34.402339]]]}},{"type":"Feature","properties":{"zcta5":"71644","AFFGEOID10":"8600000US71644","GEOID10":"71644","ALAND10":193580336,"AWATER10":5717251,"county_name":"Jefferson","state_code":"AR","county_state":"Jefferson County, AR","county_fips":"05069","risk_level_county":"Higher Risk (60–69% vaccinated)","mean_vaccination_rate_county":64.17,"risk_level_zcta":"Higher Risk (60–69% vaccinated)","mean_vaccination_rate_zips":61.39,"cases":8},"geometry":{"type":"Polygon","coordinates":[[[-91.808581,34.094501],[-91.809907,34.093679],[-91.812161,34.088092],[-91.818149,34.07947],[-91.816464,34.077315],[-91.814826,34.07814],[-91.811958,34.076952],[-91.8081,34.077826],[-91.806363,34.0772],[-91.805154,34.078172],[-91.802796,34.077524],[-91.797576,34.079436],[-91.7949,34.082492],[-91.794695,34.083454],[-91.792891,34.083553],[-91.788987,34.082881],[-91.786873,34.083101],[-91.785664,34.082232],[-91.7854,34.080517],[-91.782527,34.078636],[-91.78155,34.077355],[-91.778426,34.076854],[-91.7775,34.078662],[-91.777605,34.080531],[-91.775774,34.082685],[-91.770753,34.082524],[-91.769134,34.082111],[-91.767589,34.080758],[-91.767465,34.078268],[-91.765729,34.076481],[-91.768234,34.07298],[-91.764438,34.069373],[-91.758397,34.064829],[-91.757797,34.063884],[-91.75468,34.063058],[-91.75439,34.061584],[-91.751677,34.059379],[-91.75084,34.057179],[-91.750907,34.055448],[-91.749067,34.053096],[-91.746298,34.051946],[-91.741763,34.048234],[-91.738894,34.047214],[-91.736854,34.045035],[-91.735797,34.042888],[-91.73479,34.042937],[-91.73015,34.039823],[-91.727773,34.036074],[-91.724722,34.034195],[-91.720261,34.034544],[-91.717363,34.035111],[-91.714412,34.033987],[-91.711823,34.034784],[-91.709735,34.034405],[-91.709819,34.050803],[-91.709679,34.052272],[-91.707029,34.054215],[-91.705757,34.050714],[-91.705042,34.05026],[-91.703641,34.046959],[-91.697258,34.041406],[-91.681554,34.03143],[-91.67052,34.021753],[-91.663533,34.021546],[-91.662268,34.020469],[-91.661718,34.018339],[-91.660014,34.015727],[-91.660345,34.013895],[-91.661638,34.012292],[-91.661638,34.010987],[-91.663509,34.00833],[-91.665518,34.002078],[-91.661283,34.001756],[-91.654078,34.00251],[-91.654075,34.000735],[-91.652914,33.999487],[-91.652733,34.003526],[-91.64708,34.006439],[-91.642461,34.007804],[-91.642145,34.009097],[-91.642772,34.011163],[-91.639813,34.014553],[-91.638623,34.016906],[-91.636785,34.019192],[-91.636705,34.021271],[-91.633868,34.024859],[-91.629782,34.027034],[-91.628267,34.028426],[-91.626044,34.033237],[-91.624469,34.035022],[-91.619315,34.038442],[-91.617762,34.039801],[-91.615416,34.038294],[-91.610937,34.040918],[-91.610064,34.042816],[-91.60448,34.042698],[-91.604346,34.052467],[-91.607719,34.052222],[-91.611409,34.051173],[-91.612898,34.050305],[-91.621678,34.050441],[-91.62232,34.05115],[-91.626177,34.051703],[-91.626133,34.057439],[-91.630637,34.057627],[-91.630548,34.054285],[-91.635001,34.053863],[-91.635299,34.055991],[-91.637465,34.055408],[-91.641155,34.055422],[-91.643844,34.05455],[-91.648871,34.057502],[-91.650074,34.054755],[-91.657341,34.0585],[-91.657355,34.065153],[-91.656914,34.066527],[-91.656882,34.071908],[-91.654239,34.075805],[-91.649701,34.076743],[-91.645184,34.076001],[-91.642071,34.072738],[-91.639513,34.068759],[-91.639505,34.072034],[-91.625362,34.072],[-91.622131,34.072199],[-91.591688,34.072209],[-91.588688,34.072049],[-91.587367,34.071775],[-91.585383,34.061354],[-91.578659,34.062072],[-91.578367,34.057346],[-91.573989,34.057474],[-91.57242,34.058147],[-91.571419,34.058909],[-91.574539,34.061483],[-91.576102,34.068733],[-91.575918,34.07064],[-91.574571,34.072807],[-91.571891,34.074722],[-91.57157,34.076335],[-91.572093,34.077021],[-91.579442,34.082769],[-91.581644,34.082517],[-91.595241,34.080201],[-91.599233,34.08043],[-91.604711,34.082191],[-91.614212,34.089632],[-91.614754,34.090686],[-91.613294,34.09169],[-91.611127,34.091984],[-91.610139,34.091234],[-91.61215,34.096224],[-91.612468,34.101294],[-91.611619,34.095377],[-91.612319,34.101218],[-91.612241,34.10293],[-91.61118,34.105981],[-91.6092,34.110297],[-91.608803,34.112273],[-91.621899,34.112296],[-91.62139,34.12316],[-91.623595,34.124761],[-91.62925,34.124674],[-91.633399,34.12731],[-91.643119,34.124467],[-91.646558,34.12362],[-91.650696,34.123204],[-91.654166,34.122136],[-91.656652,34.122569],[-91.659646,34.125028],[-91.663018,34.127113],[-91.664983,34.130041],[-91.66544,34.132453],[-91.666724,34.135977],[-91.666889,34.138005],[-91.666401,34.14098],[-91.666791,34.14338],[-91.668077,34.144158],[-91.671005,34.144533],[-91.673101,34.144358],[-91.675885,34.145575],[-91.676867,34.147774],[-91.681078,34.151957],[-91.68362,34.149392],[-91.686795,34.146609],[-91.687261,34.144981],[-91.692857,34.145063],[-91.69412,34.143992],[-91.698257,34.142971],[-91.703132,34.143007],[-91.710342,34.147762],[-91.711728,34.150326],[-91.712007,34.153699],[-91.709842,34.158508],[-91.710168,34.160587],[-91.711606,34.162379],[-91.712884,34.162998],[-91.727626,34.16438],[-91.727313,34.173738],[-91.734674,34.172923],[-91.738587,34.172121],[-91.75013,34.169539],[-91.755443,34.167943],[-91.760758,34.166016],[-91.765487,34.16611],[-91.768969,34.16787],[-91.771939,34.171628],[-91.773739,34.17036],[-91.772759,34.168364],[-91.773661,34.167857],[-91.775618,34.169413],[-91.777052,34.172745],[-91.777757,34.176708],[-91.776905,34.175515],[-91.777274,34.177346],[-91.778901,34.178589],[-91.781909,34.182861],[-91.785208,34.185313],[-91.78948,34.189926],[-91.791087,34.192735],[-91.793199,34.195469],[-91.796951,34.187933],[-91.788052,34.187678],[-91.787308,34.187288],[-91.78133,34.173199],[-91.780833,34.172396],[-91.776838,34.169051],[-91.774951,34.168478],[-91.772678,34.166028],[-91.777419,34.162803],[-91.77753,34.161383],[-91.789791,34.160012],[-91.791665,34.159165],[-91.799903,34.159071],[-91.802409,34.154802],[-91.798925,34.154234],[-91.795169,34.152438],[-91.789755,34.152677],[-91.786931,34.153113],[-91.779915,34.152963],[-91.776543,34.155136],[-91.77399,34.155687],[-91.774972,34.15206],[-91.772906,34.150433],[-91.766351,34.146903],[-91.763514,34.146421],[-91.760704,34.146878],[-91.756516,34.148846],[-91.75343,34.147905],[-91.753265,34.147057],[-91.755277,34.145386],[-91.755748,34.142454],[-91.757126,34.140623],[-91.760735,34.139204],[-91.762278,34.138128],[-91.762355,34.130602],[-91.770183,34.130748],[-91.771075,34.131211],[-91.771387,34.13359],[-91.779628,34.13794],[-91.782498,34.13846],[-91.781881,34.137774],[-91.781689,34.136189],[-91.78263,34.13405],[-91.780757,34.136543],[-91.777338,34.132723],[-91.780077,34.13005],[-91.782998,34.127806],[-91.786,34.12593],[-91.789387,34.131727],[-91.791894,34.133469],[-91.792317,34.134771],[-91.796559,34.133409],[-91.797858,34.131171],[-91.806407,34.130928],[-91.806513,34.124356],[-91.80942,34.117773],[-91.80983,34.115065],[-91.809756,34.111969],[-91.80893,34.107585],[-91.807083,34.101351],[-91.806748,34.096221],[-91.807411,34.094606],[-91.808581,34.094501]]]}}]}