{"type":"FeatureCollection","features":[{"type":"Feature","properties":{"zcta5":"74942","AFFGEOID10":"8600000US74942","GEOID10":"74942","ALAND10":4234317,"AWATER10":61484,"county_name":"Le Flore","state_code":"OK","county_state":"Le Flore County, OK","county_fips":"40079","risk_level_county":"Medium Risk (70–79% vaccinated)","mean_vaccination_rate_county":71.9,"risk_level_zcta":"Lowest Risk (85%+)","mean_vaccination_rate_zips":99.01,"cases":1},"geometry":{"type":"Polygon","coordinates":[[[-94.994636,34.900768],[-94.994204,34.898354],[-94.989431,34.898511],[-94.988225,34.89689],[-94.988288,34.891135],[-94.96263,34.891271],[-94.962431,34.905414],[-94.973504,34.905524],[-94.980261,34.905774],[-94.980278,34.908512],[-94.983903,34.907626],[-94.986115,34.909794],[-94.987394,34.909639],[-94.988963,34.90599],[-94.98869,34.904784],[-94.990789,34.904327],[-94.991464,34.901719],[-94.994636,34.900768]]]}},{"type":"Feature","properties":{"zcta5":"74966","AFFGEOID10":"8600000US74966","GEOID10":"74966","ALAND10":594661511,"AWATER10":11346589,"county_name":"Le Flore","state_code":"OK","county_state":"Le Flore County, OK","county_fips":"40079","risk_level_county":"Medium Risk (70–79% vaccinated)","mean_vaccination_rate_county":71.9,"risk_level_zcta":"Higher Risk (60–69% vaccinated)","mean_vaccination_rate_zips":63.86,"cases":1},"geometry":{"type":"Polygon","coordinates":[[[-95.147514,34.854252],[-95.148194,34.850431],[-95.147511,34.848371],[-95.147353,34.825104],[-95.119991,34.825827],[-95.120528,34.824956],[-95.115223,34.825248],[-95.11413,34.825044],[-95.105375,34.825243],[-95.104866,34.826499],[-95.102111,34.826285],[-95.102609,34.82472],[-95.101469,34.824814],[-95.102531,34.823984],[-95.100858,34.823404],[-95.097194,34.821274],[-95.096352,34.819347],[-95.096713,34.815889],[-95.099374,34.813594],[-95.099343,34.81111],[-95.101405,34.810138],[-95.099128,34.809602],[-95.095572,34.809435],[-95.096482,34.805364],[-95.094884,34.804769],[-95.093437,34.804725],[-95.090751,34.805826],[-95.088826,34.805706],[-95.087907,34.80636],[-95.08447,34.806641],[-95.082851,34.806141],[-95.080119,34.806186],[-95.078294,34.806669],[-95.074949,34.805769],[-95.072152,34.806527],[-95.069807,34.806242],[-95.067701,34.806742],[-95.065603,34.80633],[-95.063431,34.807572],[-95.062798,34.809363],[-95.061752,34.810264],[-95.059649,34.808949],[-95.059321,34.815731],[-95.059446,34.820357],[-95.059712,34.822735],[-95.05862,34.821637],[-95.059442,34.820871],[-95.055927,34.818423],[-95.05233,34.817193],[-95.046391,34.816681],[-95.044758,34.81503],[-95.046097,34.809863],[-95.046831,34.808645],[-95.049928,34.806381],[-95.047051,34.802536],[-95.047144,34.800882],[-95.051212,34.799078],[-95.055942,34.796453],[-95.016472,34.79631],[-94.989944,34.796958],[-94.989963,34.848736],[-94.987987,34.848512],[-94.983082,34.847083],[-94.981653,34.846265],[-94.978896,34.843536],[-94.976612,34.84295],[-94.975008,34.8406],[-94.971887,34.838481],[-94.970839,34.837311],[-94.968764,34.836519],[-94.96535,34.835834],[-94.962314,34.834818],[-94.958491,34.834368],[-94.95549,34.83558],[-94.955047,34.83633],[-94.95313,34.835951],[-94.949618,34.834816],[-94.948419,34.833841],[-94.945145,34.833013],[-94.942648,34.831671],[-94.940589,34.831565],[-94.938195,34.830318],[-94.93768,34.828644],[-94.935326,34.82845],[-94.931666,34.830587],[-94.929497,34.831065],[-94.922738,34.830943],[-94.915159,34.829918],[-94.905861,34.828099],[-94.900528,34.826785],[-94.888479,34.82245],[-94.883609,34.820307],[-94.878657,34.817765],[-94.875113,34.816245],[-94.868077,34.813872],[-94.866938,34.816899],[-94.863603,34.815144],[-94.863619,34.812412],[-94.859319,34.810827],[-94.857285,34.809695],[-94.849702,34.80449],[-94.847614,34.803813],[-94.842346,34.803367],[-94.839445,34.802048],[-94.837079,34.800215],[-94.83428,34.798618],[-94.83161,34.797549],[-94.826911,34.796106],[-94.822655,34.794302],[-94.819484,34.793543],[-94.814464,34.792906],[-94.812261,34.792341],[-94.808912,34.790704],[-94.806672,34.788644],[-94.805034,34.785935],[-94.804553,34.784346],[-94.803271,34.777054],[-94.802084,34.774938],[-94.797494,34.774102],[-94.796097,34.772313],[-94.790689,34.774219],[-94.787608,34.773332],[-94.785096,34.773607],[-94.782429,34.773399],[-94.774776,34.770614],[-94.771084,34.76973],[-94.76251,34.768819],[-94.747718,34.768264],[-94.735823,34.768259],[-94.733913,34.768397],[-94.730219,34.769455],[-94.727837,34.7706],[-94.72786,34.784523],[-94.72369,34.784037],[-94.72159,34.783181],[-94.718978,34.78276],[-94.722264,34.783966],[-94.723214,34.786064],[-94.722108,34.787912],[-94.716031,34.793569],[-94.715462,34.796101],[-94.71695,34.798016],[-94.7188,34.799142],[-94.717723,34.801078],[-94.718636,34.805148],[-94.717621,34.807078],[-94.726284,34.814667],[-94.727876,34.816638],[-94.727833,34.826408],[-94.762821,34.826514],[-94.762889,34.852727],[-94.763732,34.850728],[-94.766831,34.84834],[-94.765703,34.846725],[-94.764739,34.843497],[-94.765779,34.843013],[-94.767742,34.843836],[-94.770679,34.843397],[-94.773633,34.841471],[-94.777637,34.840182],[-94.780288,34.837746],[-94.783569,34.836731],[-94.787936,34.836352],[-94.7941,34.836841],[-94.795132,34.836583],[-94.796344,34.838236],[-94.801094,34.841332],[-94.802396,34.843721],[-94.80388,34.844325],[-94.806775,34.844097],[-94.808539,34.845155],[-94.81235,34.849098],[-94.815366,34.853605],[-94.814512,34.856616],[-94.815087,34.857885],[-94.813872,34.862047],[-94.811288,34.866477],[-94.809018,34.869313],[-94.803503,34.868461],[-94.800259,34.868809],[-94.799964,34.869608],[-94.802786,34.873577],[-94.799471,34.876085],[-94.797784,34.87679],[-94.795808,34.876744],[-94.795687,34.878227],[-94.793809,34.876731],[-94.78697,34.876722],[-94.78697,34.878557],[-94.785951,34.880308],[-94.786841,34.88259],[-94.787027,34.902887],[-94.788964,34.903622],[-94.787992,34.905608],[-94.787039,34.91875],[-94.782939,34.918126],[-94.781566,34.920404],[-94.780778,34.925645],[-94.779041,34.926767],[-94.777752,34.928913],[-94.776923,34.929096],[-94.774806,34.933235],[-94.773677,34.934194],[-94.766418,34.934964],[-94.764769,34.934571],[-94.761258,34.932354],[-94.759013,34.931475],[-94.755353,34.931131],[-94.750281,34.932697],[-94.747938,34.932982],[-94.745092,34.934007],[-94.741648,34.934543],[-94.734757,34.939403],[-94.732337,34.939693],[-94.716213,34.939935],[-94.717246,34.9367],[-94.716698,34.935334],[-94.714488,34.933579],[-94.711994,34.933109],[-94.709561,34.933552],[-94.712571,34.925719],[-94.71119,34.925131],[-94.709058,34.92316],[-94.705706,34.925292],[-94.705444,34.927487],[-94.699451,34.927497],[-94.699491,34.931948],[-94.707367,34.933234],[-94.707538,34.942501],[-94.699498,34.942505],[-94.69951,34.944973],[-94.697039,34.944956],[-94.697034,34.947207],[-94.695168,34.947193],[-94.695416,34.948947],[-94.699921,34.950011],[-94.701133,34.951162],[-94.70323,34.955377],[-94.702852,34.96015],[-94.704139,34.962015],[-94.706115,34.962967],[-94.706444,34.964439],[-94.703914,34.966293],[-94.699023,34.966859],[-94.699104,34.971792],[-94.707817,34.971627],[-94.698255,34.980527],[-94.69928,34.981061],[-94.699189,35.014522],[-94.691765,35.014441],[-94.690237,35.014898],[-94.689581,35.016967],[-94.689378,35.022192],[-94.687544,35.023234],[-94.685356,35.025388],[-94.682119,35.027572],[-94.680821,35.029281],[-94.671345,35.029285],[-94.666702,35.03346],[-94.665145,35.035471],[-94.66431,35.037299],[-94.664429,35.045313],[-94.668677,35.048067],[-94.671068,35.04698],[-94.675254,35.046153],[-94.67775,35.046393],[-94.681271,35.044773],[-94.684263,35.042835],[-94.690653,35.03911],[-94.690559,35.054272],[-94.692474,35.05808],[-94.724514,35.058265],[-94.731408,35.056367],[-94.734022,35.056045],[-94.738711,35.056051],[-94.742497,35.056634],[-94.74857,35.056324],[-94.749784,35.056885],[-94.752941,35.05719],[-94.75542,35.056403],[-94.781777,35.033744],[-94.785209,35.03207],[-94.78962,35.030764],[-94.795942,35.02936],[-94.802678,35.029065],[-94.807783,35.029439],[-94.810685,35.030652],[-94.818871,35.036835],[-94.820893,35.038536],[-94.824051,35.042936],[-94.831085,35.050846],[-94.840461,35.062424],[-94.843711,35.06569],[-94.847435,35.065961],[-94.84885,35.065485],[-94.850435,35.064536],[-94.853715,35.058617],[-94.855636,35.052886],[-94.855325,35.051793],[-94.857943,35.04968],[-94.859753,35.047064],[-94.861543,35.045752],[-94.863922,35.045401],[-94.865212,35.044352],[-94.868223,35.040212],[-94.872066,35.035449],[-94.87348,35.032131],[-94.875048,35.030302],[-94.875232,35.031367],[-94.8781,35.029211],[-94.882815,35.025622],[-94.883139,35.026177],[-94.886851,35.023185],[-94.896327,35.017791],[-94.902276,35.015145],[-94.906876,35.0127],[-94.917431,35.008518],[-94.927684,35.00524],[-94.927719,34.985659],[-94.925698,34.985491],[-94.92078,34.9866],[-94.920586,34.984793],[-94.91886,34.982011],[-94.917884,34.98164],[-94.917366,34.979397],[-94.915648,34.978103],[-94.913155,34.978174],[-94.908109,34.977191],[-94.908128,34.974879],[-94.906442,34.974658],[-94.900247,34.974823],[-94.89624,34.97465],[-94.894974,34.97328],[-94.892957,34.97314],[-94.892841,34.966829],[-94.892542,34.95857],[-94.890965,34.958646],[-94.892657,34.953947],[-94.892704,34.951981],[-94.848806,34.956147],[-94.841148,34.956476],[-94.840986,34.950442],[-94.839187,34.950429],[-94.84912,34.946759],[-94.852822,34.944307],[-94.859161,34.93689],[-94.865953,34.929529],[-94.869026,34.928684],[-94.873459,34.929894],[-94.876162,34.928845],[-94.876384,34.927976],[-94.874502,34.926467],[-94.875242,34.925231],[-94.87822,34.925828],[-94.879522,34.927613],[-94.881577,34.928187],[-94.883187,34.928073],[-94.884411,34.926335],[-94.885965,34.92588],[-94.888466,34.926408],[-94.891551,34.922544],[-94.895548,34.923507],[-94.897851,34.924653],[-94.898824,34.92383],[-94.898547,34.922182],[-94.901158,34.921178],[-94.904127,34.92294],[-94.906044,34.921752],[-94.90995,34.920952],[-94.910923,34.921495],[-94.91018,34.922672],[-94.912255,34.922648],[-94.912148,34.923709],[-94.913469,34.924769],[-94.916474,34.925763],[-94.916716,34.926994],[-94.915189,34.926939],[-94.916565,34.927737],[-94.918369,34.927683],[-94.918522,34.928831],[-94.921155,34.929217],[-94.922441,34.930322],[-94.925389,34.930621],[-94.926298,34.929426],[-94.928549,34.931102],[-94.93022,34.93106],[-94.928966,34.934077],[-94.92992,34.935198],[-94.929182,34.937663],[-94.92773,34.939286],[-94.927668,34.942212],[-94.927684,34.950092],[-94.935087,34.949902],[-94.945307,34.950039],[-94.945259,34.954678],[-94.944925,34.955617],[-94.941121,34.957565],[-94.941118,34.960525],[-94.939581,34.96374],[-94.940936,34.965184],[-94.942951,34.96438],[-94.94611,34.965222],[-94.949757,34.964852],[-94.952339,34.963989],[-94.956832,34.964136],[-94.959307,34.963845],[-94.962631,34.964404],[-94.980389,34.963624],[-94.980343,34.949212],[-94.997751,34.949095],[-94.998107,34.948442],[-94.99812,34.942157],[-94.997843,34.865614],[-94.99762,34.863424],[-94.99781,34.855078],[-95.00384,34.854966],[-95.007916,34.855328],[-95.011269,34.85514],[-95.059512,34.855019],[-95.059477,34.850851],[-95.061081,34.85124],[-95.066,34.851306],[-95.067922,34.853002],[-95.067577,34.856968],[-95.068414,34.859788],[-95.070007,34.863027],[-95.071615,34.864539],[-95.071512,34.865717],[-95.0743,34.881572],[-95.076094,34.8898],[-95.076924,34.898287],[-95.085895,34.898197],[-95.085861,34.895611],[-95.08987,34.894944],[-95.091829,34.895175],[-95.094795,34.894595],[-95.096735,34.89355],[-95.098995,34.89403],[-95.1033,34.892634],[-95.103314,34.88366],[-95.138258,34.883916],[-95.138159,34.86935],[-95.102211,34.869167],[-95.102071,34.862357],[-95.102539,34.854709],[-95.116551,34.854684],[-95.115146,34.852246],[-95.120941,34.852196],[-95.122317,34.853022],[-95.121501,34.849788],[-95.124265,34.850213],[-95.127441,34.849969],[-95.133978,34.85171],[-95.136228,34.853027],[-95.13669,34.854669],[-95.140642,34.854963],[-95.143698,34.853728],[-95.147514,34.854252]],[[-94.994636,34.900768],[-94.991464,34.901719],[-94.990789,34.904327],[-94.98869,34.904784],[-94.988963,34.90599],[-94.987394,34.909639],[-94.986115,34.909794],[-94.983903,34.907626],[-94.980278,34.908512],[-94.980261,34.905774],[-94.973504,34.905524],[-94.962431,34.905414],[-94.96263,34.891271],[-94.988288,34.891135],[-94.988225,34.89689],[-94.989431,34.898511],[-94.994204,34.898354],[-94.994636,34.900768]]]}},{"type":"Feature","properties":{"zcta5":"74937","AFFGEOID10":"8600000US74937","GEOID10":"74937","ALAND10":536283925,"AWATER10":4879782,"county_name":"Le Flore","state_code":"OK","county_state":"Le Flore County, OK","county_fips":"40079","risk_level_county":"Medium Risk (70–79% vaccinated)","mean_vaccination_rate_county":71.9,"risk_level_zcta":"Higher Risk (60–69% vaccinated)","mean_vaccination_rate_zips":62.09,"cases":1},"geometry":{"type":"Polygon","coordinates":[[[-94.781566,34.920404],[-94.782939,34.918126],[-94.787039,34.91875],[-94.787992,34.905608],[-94.788964,34.903622],[-94.787027,34.902887],[-94.786841,34.88259],[-94.785951,34.880308],[-94.78697,34.878557],[-94.78697,34.876722],[-94.793809,34.876731],[-94.795687,34.878227],[-94.795808,34.876744],[-94.797784,34.87679],[-94.799471,34.876085],[-94.802786,34.873577],[-94.799964,34.869608],[-94.800259,34.868809],[-94.803503,34.868461],[-94.809018,34.869313],[-94.811288,34.866477],[-94.813872,34.862047],[-94.815087,34.857885],[-94.814512,34.856616],[-94.815366,34.853605],[-94.81235,34.849098],[-94.808539,34.845155],[-94.806775,34.844097],[-94.80388,34.844325],[-94.802396,34.843721],[-94.801094,34.841332],[-94.796344,34.838236],[-94.795132,34.836583],[-94.7941,34.836841],[-94.787936,34.836352],[-94.783569,34.836731],[-94.780288,34.837746],[-94.777637,34.840182],[-94.773633,34.841471],[-94.770679,34.843397],[-94.767742,34.843836],[-94.765779,34.843013],[-94.764739,34.843497],[-94.765703,34.846725],[-94.766831,34.84834],[-94.763732,34.850728],[-94.762889,34.852727],[-94.762821,34.826514],[-94.727833,34.826408],[-94.727876,34.816638],[-94.726284,34.814667],[-94.717621,34.807078],[-94.713557,34.807591],[-94.707534,34.808992],[-94.705572,34.808751],[-94.700729,34.812687],[-94.699216,34.815907],[-94.696244,34.818763],[-94.695741,34.821492],[-94.693931,34.825349],[-94.694818,34.828196],[-94.694271,34.829896],[-94.695645,34.832133],[-94.693639,34.832766],[-94.693206,34.833539],[-94.693096,34.839215],[-94.693264,34.841605],[-94.69077,34.840706],[-94.684388,34.840644],[-94.684497,34.852751],[-94.676332,34.851236],[-94.67126,34.850877],[-94.667657,34.851026],[-94.657956,34.850391],[-94.658672,34.858388],[-94.657405,34.860196],[-94.657246,34.862769],[-94.654687,34.864313],[-94.649153,34.86488],[-94.639813,34.864749],[-94.6382,34.864572],[-94.636931,34.863653],[-94.633146,34.858954],[-94.63163,34.85878],[-94.626945,34.856719],[-94.619209,34.855069],[-94.617277,34.851876],[-94.61717,34.850661],[-94.618036,34.849289],[-94.618858,34.845211],[-94.619916,34.84455],[-94.623447,34.844929],[-94.624857,34.844109],[-94.624125,34.842372],[-94.621335,34.842156],[-94.61984,34.840288],[-94.61723,34.838991],[-94.616601,34.838067],[-94.617267,34.836589],[-94.618573,34.836283],[-94.620697,34.834488],[-94.622787,34.831049],[-94.624132,34.829622],[-94.626858,34.827676],[-94.62477,34.826461],[-94.625925,34.824247],[-94.628225,34.823843],[-94.630532,34.824399],[-94.632498,34.826135],[-94.635326,34.825664],[-94.639674,34.823763],[-94.64165,34.824068],[-94.643333,34.823164],[-94.643963,34.821173],[-94.642998,34.818279],[-94.640586,34.81478],[-94.636073,34.810743],[-94.630559,34.808305],[-94.625244,34.803769],[-94.623562,34.803766],[-94.623178,34.805247],[-94.621857,34.804538],[-94.620942,34.803],[-94.620857,34.800954],[-94.61951,34.798161],[-94.619887,34.795511],[-94.62091,34.793683],[-94.619968,34.79317],[-94.619062,34.792771],[-94.61536,34.794152],[-94.61382,34.79261],[-94.613311,34.789297],[-94.613519,34.787061],[-94.61476,34.784331],[-94.61801,34.781385],[-94.618276,34.778699],[-94.617355,34.776481],[-94.614657,34.773699],[-94.614581,34.771972],[-94.611545,34.771819],[-94.610113,34.77468],[-94.606643,34.776319],[-94.605714,34.777825],[-94.605765,34.784625],[-94.604621,34.788481],[-94.607511,34.791041],[-94.60761,34.79178],[-94.605947,34.792903],[-94.601787,34.794085],[-94.596984,34.798046],[-94.597107,34.800152],[-94.590508,34.80132],[-94.585545,34.801856],[-94.581634,34.802886],[-94.577746,34.804726],[-94.574717,34.805423],[-94.566063,34.806924],[-94.563974,34.807471],[-94.557302,34.80791],[-94.55178,34.80853],[-94.549822,34.811859],[-94.545991,34.811891],[-94.543446,34.813098],[-94.540973,34.811888],[-94.539066,34.811618],[-94.537716,34.814061],[-94.531727,34.815864],[-94.528132,34.814691],[-94.526199,34.813708],[-94.526793,34.810943],[-94.525998,34.809714],[-94.524119,34.804565],[-94.523774,34.801116],[-94.522816,34.799935],[-94.52769,34.799073],[-94.528407,34.798153],[-94.533353,34.796052],[-94.534898,34.796164],[-94.537216,34.79407],[-94.538227,34.791586],[-94.539457,34.790624],[-94.541079,34.790379],[-94.542802,34.793691],[-94.545174,34.793276],[-94.545754,34.794385],[-94.548008,34.795546],[-94.549422,34.795602],[-94.551068,34.794491],[-94.550406,34.793754],[-94.551705,34.790757],[-94.550646,34.791613],[-94.547146,34.787834],[-94.54496,34.782425],[-94.542475,34.783384],[-94.5416,34.782977],[-94.539604,34.780637],[-94.539869,34.77828],[-94.538464,34.77685],[-94.539762,34.776619],[-94.540146,34.775036],[-94.539919,34.772044],[-94.538941,34.771302],[-94.543016,34.772724],[-94.544804,34.774465],[-94.547715,34.775285],[-94.551254,34.778209],[-94.559747,34.776897],[-94.56243,34.776992],[-94.564965,34.777916],[-94.565948,34.7789],[-94.568193,34.779207],[-94.572088,34.780614],[-94.573474,34.780731],[-94.578035,34.779966],[-94.580663,34.779947],[-94.583417,34.779071],[-94.588824,34.779481],[-94.59707,34.776797],[-94.599167,34.776417],[-94.599579,34.77531],[-94.602067,34.773683],[-94.602921,34.772198],[-94.605521,34.772044],[-94.606783,34.770835],[-94.607997,34.771254],[-94.609825,34.769723],[-94.612588,34.769083],[-94.614539,34.767865],[-94.618719,34.767566],[-94.622174,34.768023],[-94.621964,34.761323],[-94.620881,34.760164],[-94.618689,34.758974],[-94.616931,34.755074],[-94.614262,34.754029],[-94.608432,34.752233],[-94.607893,34.751188],[-94.602211,34.749505],[-94.59983,34.750395],[-94.597971,34.749867],[-94.596001,34.747485],[-94.589507,34.747023],[-94.585869,34.746551],[-94.584216,34.745916],[-94.582252,34.746135],[-94.578426,34.745449],[-94.576394,34.744468],[-94.574346,34.744595],[-94.573302,34.746805],[-94.569432,34.749158],[-94.567246,34.748777],[-94.569453,34.746596],[-94.569261,34.746004],[-94.566801,34.744755],[-94.564174,34.743918],[-94.56199,34.74237],[-94.559141,34.741558],[-94.556681,34.742461],[-94.555241,34.742466],[-94.552671,34.7414],[-94.55101,34.741246],[-94.547555,34.743528],[-94.546342,34.745253],[-94.543079,34.745632],[-94.541228,34.747131],[-94.537965,34.747852],[-94.535723,34.747905],[-94.528201,34.745894],[-94.52776,34.745462],[-94.531185,34.745693],[-94.533917,34.746545],[-94.539933,34.74585],[-94.542203,34.743328],[-94.543571,34.743111],[-94.548741,34.740503],[-94.549178,34.738362],[-94.55016,34.738007],[-94.551061,34.734237],[-94.5537,34.731956],[-94.555342,34.729325],[-94.556111,34.729543],[-94.557916,34.727928],[-94.561707,34.726696],[-94.562207,34.726051],[-94.57022,34.727464],[-94.570188,34.72605],[-94.575031,34.729557],[-94.579772,34.732265],[-94.583152,34.733345],[-94.586294,34.733741],[-94.591892,34.733915],[-94.589631,34.730409],[-94.589624,34.72979],[-94.591311,34.728526],[-94.595231,34.728349],[-94.596832,34.727563],[-94.598263,34.725762],[-94.600256,34.724866],[-94.604389,34.725184],[-94.621468,34.722671],[-94.622746,34.722174],[-94.623349,34.719089],[-94.624401,34.71818],[-94.630698,34.716231],[-94.634499,34.714076],[-94.642481,34.714705],[-94.644321,34.715056],[-94.649184,34.713538],[-94.64945,34.712518],[-94.646224,34.711155],[-94.645267,34.710066],[-94.642139,34.708587],[-94.640138,34.707072],[-94.640293,34.705281],[-94.644024,34.702224],[-94.644559,34.701247],[-94.64576,34.696007],[-94.646503,34.683762],[-94.646821,34.681173],[-94.632883,34.681144],[-94.632433,34.680073],[-94.629593,34.679728],[-94.629528,34.677496],[-94.630615,34.675513],[-94.625862,34.677955],[-94.623234,34.678512],[-94.623129,34.677834],[-94.618144,34.679225],[-94.613042,34.679221],[-94.610787,34.679562],[-94.606989,34.679029],[-94.604759,34.679713],[-94.603418,34.681028],[-94.576549,34.680916],[-94.574941,34.681329],[-94.570596,34.681369],[-94.51884,34.680702],[-94.517758,34.680803],[-94.482782,34.681104],[-94.47246,34.681601],[-94.4562041443552,34.681563258934496],[-94.4545761452896,34.7289624171492],[-94.45108190015931,34.8306972898935],[-94.450233,34.855413],[-94.45014,34.858694],[-94.450065,34.861335],[-94.44963,34.875253],[-94.449058,34.890556],[-94.449086,34.894152],[-94.449253,34.895869],[-94.4478888293082,34.933941114475395],[-94.44760289797328,34.9419210619859],[-94.480838,34.94194],[-94.482495,34.942325],[-94.484785,34.9437],[-94.487002,34.942718],[-94.488267,34.942726],[-94.489398,34.943283],[-94.492371,34.943696],[-94.495246,34.945222],[-94.49914,34.945458],[-94.502142,34.946567],[-94.504459,34.948034],[-94.50509,34.949056],[-94.508783,34.949225],[-94.510706,34.950253],[-94.513708,34.950656],[-94.515194,34.952334],[-94.519672,34.955434],[-94.521079,34.955402],[-94.522958,34.956421],[-94.524479,34.953256],[-94.52687,34.950317],[-94.529634,34.949257],[-94.530302,34.946894],[-94.532872,34.945356],[-94.534669,34.943026],[-94.535903,34.942136],[-94.557789,34.941945],[-94.557782,34.930377],[-94.557675,34.928756],[-94.557756,34.912899],[-94.562107,34.913224],[-94.565757,34.913008],[-94.565973,34.914281],[-94.568536,34.915622],[-94.569511,34.915037],[-94.569227,34.913821],[-94.570216,34.913067],[-94.572176,34.913023],[-94.573194,34.914791],[-94.573782,34.917429],[-94.575797,34.921429],[-94.577686,34.923539],[-94.578653,34.923765],[-94.583851,34.92367],[-94.585727,34.924225],[-94.58933,34.924037],[-94.591986,34.925823],[-94.593514,34.926213],[-94.595417,34.927905],[-94.595697,34.928998],[-94.59762,34.930817],[-94.597641,34.932828],[-94.600044,34.934339],[-94.600051,34.935114],[-94.602159,34.935624],[-94.602286,34.934938],[-94.606808,34.934969],[-94.606504,34.935745],[-94.606597,34.941383],[-94.607944,34.942145],[-94.622239,34.94215],[-94.628699,34.94217],[-94.628694,34.939444],[-94.627881,34.93281],[-94.626442,34.927702],[-94.646567,34.927576],[-94.646494,34.914319],[-94.643024,34.912432],[-94.639244,34.909879],[-94.636663,34.908604],[-94.634618,34.906672],[-94.631972,34.901387],[-94.633375,34.898554],[-94.65097,34.898494],[-94.651795,34.900147],[-94.65343,34.899394],[-94.653374,34.897359],[-94.654624,34.897461],[-94.659602,34.896512],[-94.66563,34.896781],[-94.666735,34.896384],[-94.67169,34.896408],[-94.675614,34.897085],[-94.681462,34.897457],[-94.681647,34.894711],[-94.677354,34.894399],[-94.677232,34.892535],[-94.684794,34.893734],[-94.70795,34.898821],[-94.708129,34.897779],[-94.706709,34.896393],[-94.719064,34.898317],[-94.72968,34.899608],[-94.733473,34.900313],[-94.738825,34.900826],[-94.743083,34.901658],[-94.748641,34.901851],[-94.751918,34.903181],[-94.754498,34.903423],[-94.756865,34.905418],[-94.755976,34.905875],[-94.756237,34.911432],[-94.757574,34.913136],[-94.758354,34.915961],[-94.760163,34.918518],[-94.761964,34.919107],[-94.76319,34.922502],[-94.768345,34.923522],[-94.766388,34.922359],[-94.766986,34.921263],[-94.768635,34.919957],[-94.770959,34.920204],[-94.773234,34.918764],[-94.776063,34.91966],[-94.778306,34.921029],[-94.781566,34.920404]]]}},{"type":"Feature","properties":{"zcta5":"71953","AFFGEOID10":"8600000US71953","GEOID10":"71953","ALAND10":1655675822,"AWATER10":8216506,"county_name":"Le Flore","state_code":"OK","county_state":"Le Flore County, OK","county_fips":"40079","risk_level_county":"Medium Risk (70–79% vaccinated)","mean_vaccination_rate_county":71.9,"risk_level_zcta":"Medium Risk (70–79% vaccinated)","mean_vaccination_rate_zips":71.23,"cases":1},"geometry":{"type":"Polygon","coordinates":[[[-94.4586993391697,34.5940227204001],[-94.4599929113182,34.5498851465742],[-94.460052,34.547869],[-94.4600521840399,34.5477890960093],[-94.456814,34.544349],[-94.453831,34.541245],[-94.452639,34.540911],[-94.448828,34.541553],[-94.4462,34.542334],[-94.445481,34.543549],[-94.441776,34.543512],[-94.43901,34.544012],[-94.438401,34.545124],[-94.435827,34.545587],[-94.432566,34.543988],[-94.43118,34.542121],[-94.431367,34.540427],[-94.428601,34.535691],[-94.425187,34.535939],[-94.425709,34.537218],[-94.428054,34.539429],[-94.428308,34.54157],[-94.426123,34.542762],[-94.424487,34.542926],[-94.426366,34.546476],[-94.426047,34.547535],[-94.422907,34.548663],[-94.420341,34.549008],[-94.415091,34.54797],[-94.413248,34.545264],[-94.40978,34.544246],[-94.409629,34.554992],[-94.406228,34.553076],[-94.404964,34.550473],[-94.403195,34.549468],[-94.400764,34.54909],[-94.400513,34.551522],[-94.392519,34.551686],[-94.39209,34.552406],[-94.391824,34.562575],[-94.383709,34.562447],[-94.381542,34.561516],[-94.37707,34.560936],[-94.374822,34.561305],[-94.375888,34.558522],[-94.376016,34.553656],[-94.376971,34.549886],[-94.37868,34.548253],[-94.379655,34.545751],[-94.377458,34.548948],[-94.376763,34.548393],[-94.373395,34.548065],[-94.372725,34.547017],[-94.369236,34.546639],[-94.36592,34.544806],[-94.363429,34.54388],[-94.361697,34.544048],[-94.358893,34.542004],[-94.359308,34.541158],[-94.357511,34.538782],[-94.356822,34.535733],[-94.354185,34.534471],[-94.354634,34.53176],[-94.354106,34.529723],[-94.350405,34.526116],[-94.34778,34.523024],[-94.346964,34.520808],[-94.347722,34.51806],[-94.347116,34.515483],[-94.345032,34.516094],[-94.343801,34.515059],[-94.343792,34.51377],[-94.342438,34.512086],[-94.344763,34.510887],[-94.347906,34.511167],[-94.346588,34.513464],[-94.349037,34.513776],[-94.349437,34.512391],[-94.351951,34.510375],[-94.358529,34.50696],[-94.362053,34.503863],[-94.357216,34.503843],[-94.355087,34.504908],[-94.354448,34.503793],[-94.321246,34.502966],[-94.321032,34.511201],[-94.317656,34.510604],[-94.31417,34.510556],[-94.313086,34.508088],[-94.311562,34.507099],[-94.311453,34.505419],[-94.310063,34.503903],[-94.308243,34.503132],[-94.307377,34.500455],[-94.303669,34.499273],[-94.302032,34.498391],[-94.300884,34.496327],[-94.29611,34.494879],[-94.29801,34.496056],[-94.297905,34.497427],[-94.29945,34.498132],[-94.300748,34.499736],[-94.299807,34.500813],[-94.300418,34.501444],[-94.297259,34.500466],[-94.29661,34.501243],[-94.292231,34.501148],[-94.290218,34.501432],[-94.287642,34.503657],[-94.287049,34.50467],[-94.282894,34.505881],[-94.28302,34.507243],[-94.280767,34.508817],[-94.275577,34.510136],[-94.274407,34.510199],[-94.270495,34.508702],[-94.267635,34.508193],[-94.263229,34.507897],[-94.261124,34.507484],[-94.258152,34.507521],[-94.257107,34.508217],[-94.255719,34.507266],[-94.250516,34.506],[-94.249237,34.506326],[-94.248065,34.505673],[-94.248188,34.504424],[-94.249594,34.502183],[-94.250912,34.501109],[-94.2515,34.499707],[-94.250594,34.498638],[-94.2509,34.496461],[-94.249414,34.494103],[-94.250105,34.493305],[-94.248269,34.490165],[-94.247698,34.488371],[-94.246582,34.487983],[-94.250642,34.486307],[-94.253372,34.485557],[-94.253933,34.484482],[-94.253255,34.481952],[-94.254906,34.479661],[-94.25542,34.476119],[-94.257367,34.47521],[-94.261835,34.473959],[-94.261631,34.473116],[-94.262852,34.470742],[-94.263446,34.46849],[-94.26303,34.466175],[-94.262048,34.465596],[-94.257104,34.464454],[-94.253586,34.464751],[-94.25053,34.467016],[-94.247973,34.467124],[-94.243908,34.466503],[-94.241674,34.466649],[-94.237795,34.465776],[-94.232375,34.463491],[-94.230513,34.463058],[-94.229933,34.462138],[-94.226951,34.460181],[-94.223396,34.459573],[-94.219764,34.457792],[-94.214336,34.456137],[-94.211391,34.454721],[-94.207208,34.451063],[-94.204503,34.453335],[-94.205176,34.456873],[-94.202771,34.459547],[-94.199398,34.459287],[-94.199544,34.455382],[-94.199477,34.44402],[-94.198904,34.443415],[-94.194397,34.442427],[-94.189574,34.44093],[-94.184517,34.440039],[-94.1817,34.439838],[-94.179095,34.438594],[-94.173858,34.437017],[-94.171678,34.435959],[-94.169762,34.436575],[-94.16886,34.435171],[-94.16719,34.433906],[-94.165274,34.430343],[-94.163093,34.430524],[-94.160075,34.429294],[-94.158014,34.428969],[-94.155746,34.427362],[-94.153442,34.427694],[-94.149931,34.422745],[-94.150247,34.41972],[-94.152774,34.418715],[-94.155905,34.419126],[-94.158891,34.418804],[-94.160201,34.417281],[-94.160477,34.414222],[-94.158929,34.413479],[-94.158975,34.410781],[-94.161135,34.40824],[-94.161344,34.406405],[-94.160585,34.40397],[-94.160619,34.402166],[-94.161922,34.400865],[-94.16399,34.401071],[-94.165384,34.40296],[-94.165977,34.405417],[-94.167818,34.405665],[-94.168836,34.404639],[-94.168015,34.402512],[-94.168332,34.401876],[-94.168633,34.401366],[-94.170442,34.39728],[-94.163565,34.397137],[-94.048539,34.39556],[-94.045168,34.395321],[-94.034529,34.395063],[-93.934882,34.393754],[-93.934689,34.435721],[-93.934015,34.500093],[-93.933356,34.501778],[-93.933008,34.521468],[-93.930509,34.665608],[-93.930101,34.680102],[-93.947602,34.681202],[-94.018201,34.683324],[-94.018168,34.692469],[-94.03518,34.692777],[-94.177568,34.694998],[-94.176673,34.695913],[-94.176672,34.697293],[-94.17568,34.698733],[-94.175867,34.702628],[-94.177224,34.704082],[-94.177243,34.705208],[-94.175767,34.706417],[-94.174753,34.708632],[-94.178383,34.707159],[-94.178811,34.710695],[-94.18072,34.710837],[-94.184124,34.710471],[-94.185949,34.711321],[-94.189958,34.711554],[-94.193636,34.712311],[-94.204492,34.712075],[-94.207851,34.713024],[-94.210114,34.713126],[-94.207799,34.716246],[-94.205397,34.716016],[-94.202714,34.71666],[-94.202715,34.717309],[-94.177627,34.716721],[-94.173725,34.718227],[-94.17224,34.719342],[-94.170628,34.718784],[-94.168405,34.719956],[-94.170869,34.719623],[-94.17315,34.720282],[-94.174957,34.72028],[-94.176956,34.722746],[-94.18138,34.723509],[-94.182004,34.724139],[-94.179908,34.726221],[-94.176169,34.727405],[-94.17209,34.728315],[-94.16896,34.730893],[-94.169517,34.732139],[-94.170851,34.732767],[-94.16768,34.733367],[-94.160958,34.735972],[-94.159116,34.737183],[-94.158601,34.738176],[-94.148397,34.738082],[-94.146852,34.739449],[-94.143231,34.740689],[-94.140456,34.742551],[-94.136732,34.744183],[-94.132051,34.745012],[-94.130483,34.810481],[-94.132242,34.809348],[-94.134139,34.806911],[-94.140252,34.808277],[-94.147191,34.809612],[-94.152329,34.811517],[-94.156592,34.812099],[-94.159922,34.813036],[-94.161842,34.812859],[-94.164124,34.813978],[-94.167317,34.814337],[-94.171145,34.816636],[-94.171536,34.818252],[-94.176875,34.819706],[-94.17819,34.820332],[-94.17838,34.821722],[-94.180405,34.822455],[-94.185606,34.821022],[-94.186797,34.819767],[-94.189413,34.818188],[-94.193498,34.818068],[-94.194676,34.818799],[-94.196344,34.8187],[-94.199007,34.817439],[-94.201767,34.817114],[-94.204035,34.818339],[-94.207694,34.817565],[-94.208506,34.815688],[-94.211206,34.814891],[-94.213547,34.81493],[-94.215195,34.815703],[-94.218799,34.816263],[-94.218481,34.81724],[-94.213134,34.819397],[-94.211301,34.821284],[-94.209746,34.825756],[-94.234616,34.826253],[-94.234551,34.829431],[-94.236413,34.830288],[-94.240785,34.83075],[-94.242252,34.829859],[-94.242292,34.826403],[-94.250264,34.826619],[-94.26136,34.826602],[-94.263658,34.827165],[-94.267562,34.827483],[-94.272965,34.829524],[-94.276294,34.830404],[-94.278279,34.831545],[-94.278484,34.833465],[-94.283169,34.831216],[-94.285017,34.829201],[-94.288367,34.828705],[-94.29447,34.830461],[-94.295892,34.830308],[-94.298998,34.831026],[-94.302054,34.830771],[-94.303119,34.829471],[-94.306026,34.828917],[-94.307051,34.829826],[-94.309633,34.829776],[-94.312111,34.828408],[-94.314738,34.827774],[-94.340616,34.828238],[-94.340715,34.819853],[-94.341993,34.821558],[-94.344616,34.822877],[-94.347865,34.823065],[-94.350369,34.822754],[-94.352653,34.821996],[-94.355315,34.822318],[-94.356548,34.822927],[-94.358935,34.823151],[-94.360613,34.823851],[-94.365786,34.823729],[-94.373632,34.821842],[-94.371232,34.823657],[-94.371811,34.825632],[-94.371082,34.828943],[-94.37528,34.829241],[-94.45108190015931,34.8306972898935],[-94.4545761452896,34.7289624171492],[-94.4562041443552,34.681563258934496],[-94.45753,34.642961],[-94.4575,34.634945],[-94.4586993391697,34.5940227204001]]]}},{"type":"Feature","properties":{"zcta5":"74571","AFFGEOID10":"8600000US74571","GEOID10":"74571","ALAND10":860678458,"AWATER10":3954348,"county_name":"Le Flore","state_code":"OK","county_state":"Le Flore County, OK","county_fips":"40079","risk_level_county":"Medium Risk (70–79% vaccinated)","mean_vaccination_rate_county":71.9,"risk_level_zcta":"Medium Risk (70–79% vaccinated)","mean_vaccination_rate_zips":76.2,"cases":1},"geometry":{"type":"Polygon","coordinates":[[[-95.120528,34.824956],[-95.121334,34.823004],[-95.123173,34.821342],[-95.122806,34.818397],[-95.124005,34.817298],[-95.12291,34.816166],[-95.120508,34.815954],[-95.119519,34.815069],[-95.120959,34.813107],[-95.122593,34.811931],[-95.122838,34.810643],[-95.147338,34.810406],[-95.147502,34.767334],[-95.119565,34.767354],[-95.111748,34.767687],[-95.094366,34.767626],[-95.094944,34.766858],[-95.094821,34.763785],[-95.096037,34.762043],[-95.098118,34.764678],[-95.098119,34.765408],[-95.102404,34.764496],[-95.105508,34.762506],[-95.108685,34.761283],[-95.110981,34.759867],[-95.116454,34.757053],[-95.120495,34.754374],[-95.122555,34.75424],[-95.127358,34.753306],[-95.130415,34.752969],[-95.131154,34.751877],[-95.133944,34.751239],[-95.137621,34.750945],[-95.142767,34.750919],[-95.148207,34.749878],[-95.151854,34.74956],[-95.157343,34.749883],[-95.156841,34.751852],[-95.157614,34.754325],[-95.157395,34.755266],[-95.158435,34.755956],[-95.163485,34.756008],[-95.165317,34.756806],[-95.165469,34.766868],[-95.166783,34.772062],[-95.162499,34.77334],[-95.160088,34.775664],[-95.159954,34.776488],[-95.161094,34.777366],[-95.162929,34.775936],[-95.165927,34.775634],[-95.168307,34.775938],[-95.176461,34.774747],[-95.176928,34.775551],[-95.179645,34.775578],[-95.186262,34.776431],[-95.188034,34.776011],[-95.186594,34.777894],[-95.183811,34.778666],[-95.18197,34.780067],[-95.181411,34.78136],[-95.178489,34.784435],[-95.177479,34.786326],[-95.177569,34.788181],[-95.176408,34.788887],[-95.174659,34.788469],[-95.173457,34.79007],[-95.17206,34.79075],[-95.171106,34.792337],[-95.170616,34.796343],[-95.169096,34.798186],[-95.169426,34.799555],[-95.173311,34.798422],[-95.178875,34.798759],[-95.179786,34.798343],[-95.183719,34.799617],[-95.185867,34.799865],[-95.186571,34.800545],[-95.185779,34.802691],[-95.183092,34.80524],[-95.181734,34.805901],[-95.176115,34.806879],[-95.173451,34.809482],[-95.174377,34.810525],[-95.251511,34.810342],[-95.251511,34.781643],[-95.29795,34.782189],[-95.297702,34.78192],[-95.296309,34.781483],[-95.282986,34.781013],[-95.282594,34.780112],[-95.284417,34.777706],[-95.285753,34.774832],[-95.287862,34.772193],[-95.291173,34.760675],[-95.294731,34.756774],[-95.294736,34.756181],[-95.293747,34.755814],[-95.288311,34.758177],[-95.286704,34.758379],[-95.280084,34.761023],[-95.278711,34.761005],[-95.277443,34.759804],[-95.278384,34.756471],[-95.280943,34.754557],[-95.282664,34.752496],[-95.283321,34.749722],[-95.283056,34.747926],[-95.281536,34.746179],[-95.276495,34.742464],[-95.275097,34.740092],[-95.275215,34.738633],[-95.276475,34.735578],[-95.278359,34.733424],[-95.278047,34.732057],[-95.277231,34.731465],[-95.269419,34.731385],[-95.269819,34.728886],[-95.269247,34.727869],[-95.26727,34.727555],[-95.267903,34.726814],[-95.268017,34.724176],[-95.270827,34.721397],[-95.273934,34.721271],[-95.275664,34.721898],[-95.277262,34.721151],[-95.276797,34.718964],[-95.275373,34.71714],[-95.274129,34.717409],[-95.273358,34.716348],[-95.270417,34.715331],[-95.27077,34.714523],[-95.268129,34.712374],[-95.26421,34.712147],[-95.261948,34.712872],[-95.259367,34.711618],[-95.259221,34.710992],[-95.257191,34.710656],[-95.254425,34.708374],[-95.249567,34.70582],[-95.24926,34.704314],[-95.248015,34.70359],[-95.243931,34.703653],[-95.243066,34.701479],[-95.243072,34.699943],[-95.239924,34.693951],[-95.239474,34.692462],[-95.240166,34.690459],[-95.241195,34.689904],[-95.241389,34.687272],[-95.240632,34.684792],[-95.241512,34.683084],[-95.24405,34.68055],[-95.132055,34.680819],[-95.086458,34.680715],[-95.084635,34.679273],[-95.082924,34.674306],[-95.083608,34.673487],[-95.082801,34.672036],[-95.080426,34.671524],[-95.079836,34.67037],[-95.076983,34.671359],[-95.06971,34.672882],[-95.071563,34.67045],[-95.072334,34.667065],[-95.073492,34.666141],[-95.051143,34.666254],[-95.05121,34.657203],[-95.056585,34.656581],[-95.060588,34.655015],[-95.064525,34.654537],[-95.06902,34.653289],[-95.075024,34.650706],[-95.074977,34.648189],[-95.07376,34.645013],[-95.070808,34.645574],[-95.069597,34.643876],[-95.068653,34.645574],[-95.065555,34.646124],[-95.064471,34.645134],[-95.062729,34.646299],[-95.060043,34.645783],[-95.059272,34.644981],[-95.056791,34.644805],[-95.056074,34.639672],[-95.054515,34.637144],[-95.051264,34.637152],[-95.051004,34.650022],[-95.051155,34.652861],[-95.049609,34.65258],[-95.047415,34.650233],[-95.047888,34.647596],[-95.046665,34.644232],[-95.045694,34.643946],[-95.045283,34.640792],[-95.044758,34.639682],[-95.045895,34.637435],[-95.042435,34.636113],[-95.042421,34.628055],[-95.04205,34.62577],[-95.040517,34.623141],[-95.040555,34.620779],[-95.042079,34.619587],[-95.046447,34.618248],[-95.0478,34.617188],[-95.048682,34.614925],[-95.052249,34.612844],[-95.051554,34.611999],[-95.048424,34.611913],[-95.046306,34.610571],[-95.043235,34.609185],[-95.042174,34.609412],[-95.039813,34.608708],[-95.041636,34.608841],[-95.043016,34.608088],[-95.044968,34.608347],[-95.047455,34.607691],[-95.048054,34.605753],[-95.045956,34.604573],[-95.046384,34.60327],[-95.048831,34.600684],[-95.048864,34.600008],[-95.045492,34.59909],[-95.046138,34.597026],[-95.045555,34.595384],[-95.042315,34.593753],[-94.990089,34.59375],[-94.937483,34.593588],[-94.937484,34.594329],[-94.919646,34.593991],[-94.91892,34.594161],[-94.832774,34.593907],[-94.804703,34.594138],[-94.805064,34.59494],[-94.804168,34.596358],[-94.802002,34.596406],[-94.798868,34.595298],[-94.79974,34.596019],[-94.799788,34.597428],[-94.798338,34.597542],[-94.798401,34.599567],[-94.799753,34.601798],[-94.796193,34.603552],[-94.795718,34.605263],[-94.793712,34.607229],[-94.788809,34.609553],[-94.785826,34.608546],[-94.784515,34.609177],[-94.783793,34.610915],[-94.782367,34.6121],[-94.776629,34.613256],[-94.77316,34.613059],[-94.772699,34.61407],[-94.777486,34.616368],[-94.78287,34.618204],[-94.783636,34.618837],[-94.786245,34.620528],[-94.789989,34.62234],[-94.799267,34.628427],[-94.799233,34.629801],[-94.800112,34.630221],[-94.796823,34.63233],[-94.79484,34.633052],[-94.792477,34.632709],[-94.782799,34.628354],[-94.779838,34.62905],[-94.779272,34.630239],[-94.777992,34.630122],[-94.777242,34.630582],[-94.778304,34.632438],[-94.776181,34.632661],[-94.775676,34.63377],[-94.777116,34.635234],[-94.776947,34.637167],[-94.777382,34.641155],[-94.77994,34.64832],[-94.779348,34.650656],[-94.777234,34.655027],[-94.773907,34.656987],[-94.779688,34.658494],[-94.783753,34.661587],[-94.784742,34.662787],[-94.784903,34.666549],[-94.850498,34.666247],[-94.856441,34.665967],[-94.865964,34.663496],[-94.871696,34.663973],[-94.872742,34.666332],[-94.885181,34.666319],[-94.885229,34.683125],[-94.890095,34.680907],[-94.890723,34.679847],[-94.889668,34.678625],[-94.890143,34.677694],[-94.893941,34.679436],[-94.895104,34.682253],[-94.896794,34.684749],[-94.896351,34.686856],[-94.897815,34.687334],[-94.89798,34.690599],[-94.895503,34.692897],[-94.896084,34.695775],[-94.894036,34.697582],[-94.894345,34.69873],[-94.893135,34.699929],[-94.893052,34.701682],[-94.893934,34.703154],[-94.894029,34.706684],[-94.890399,34.70923],[-94.88674,34.707563],[-94.88538,34.705825],[-94.885078,34.710555],[-94.880992,34.712522],[-94.8806,34.706677],[-94.881239,34.704814],[-94.880188,34.703529],[-94.878855,34.705641],[-94.878048,34.709095],[-94.876189,34.711502],[-94.875724,34.714278],[-94.874732,34.715352],[-94.874719,34.717046],[-94.867265,34.71703],[-94.867753,34.699392],[-94.868991,34.697843],[-94.869022,34.695301],[-94.85859,34.695299],[-94.850202,34.695299],[-94.85,34.688913],[-94.850231,34.684339],[-94.837842,34.684346],[-94.836965,34.684763],[-94.836948,34.68783],[-94.833283,34.688],[-94.832769,34.689422],[-94.833411,34.690803],[-94.831821,34.692789],[-94.83227,34.694189],[-94.831697,34.695337],[-94.828436,34.695362],[-94.828679,34.696727],[-94.828741,34.702247],[-94.82828,34.703151],[-94.827561,34.707627],[-94.827612,34.709201],[-94.826044,34.710753],[-94.82364,34.712266],[-94.823996,34.712863],[-94.822382,34.714182],[-94.819843,34.7186],[-94.818202,34.717933],[-94.817463,34.71673],[-94.812566,34.714305],[-94.809014,34.713884],[-94.806589,34.712823],[-94.805404,34.710795],[-94.803312,34.71054],[-94.801315,34.709314],[-94.798979,34.71178],[-94.794596,34.710624],[-94.791194,34.709293],[-94.789703,34.710034],[-94.784869,34.709461],[-94.78242,34.707131],[-94.779702,34.707071],[-94.778778,34.70623],[-94.77753,34.706361],[-94.771469,34.705659],[-94.771704,34.704706],[-94.773208,34.704854],[-94.774472,34.70326],[-94.77737,34.702341],[-94.778759,34.700705],[-94.778902,34.698017],[-94.776415,34.696349],[-94.780287,34.695942],[-94.780506,34.690412],[-94.776647,34.685881],[-94.775811,34.682297],[-94.773613,34.681827],[-94.771012,34.679318],[-94.768725,34.679578],[-94.766601,34.680459],[-94.765683,34.680479],[-94.761165,34.678851],[-94.75851,34.676711],[-94.754626,34.676069],[-94.750776,34.674629],[-94.745284,34.673838],[-94.743199,34.676309],[-94.739962,34.678079],[-94.738355,34.679915],[-94.73846,34.682049],[-94.737608,34.682551],[-94.736752,34.686817],[-94.73489,34.688199],[-94.732886,34.692501],[-94.730127,34.693047],[-94.727871,34.695671],[-94.727837,34.7706],[-94.730219,34.769455],[-94.733913,34.768397],[-94.735823,34.768259],[-94.747718,34.768264],[-94.76251,34.768819],[-94.771084,34.76973],[-94.774776,34.770614],[-94.782429,34.773399],[-94.785096,34.773607],[-94.787608,34.773332],[-94.790689,34.774219],[-94.796097,34.772313],[-94.797494,34.774102],[-94.802084,34.774938],[-94.803271,34.777054],[-94.804553,34.784346],[-94.805034,34.785935],[-94.806672,34.788644],[-94.808912,34.790704],[-94.812261,34.792341],[-94.814464,34.792906],[-94.819484,34.793543],[-94.822655,34.794302],[-94.826911,34.796106],[-94.83161,34.797549],[-94.83428,34.798618],[-94.837079,34.800215],[-94.839445,34.802048],[-94.842346,34.803367],[-94.847614,34.803813],[-94.849702,34.80449],[-94.857285,34.809695],[-94.859319,34.810827],[-94.863619,34.812412],[-94.863603,34.815144],[-94.866938,34.816899],[-94.868077,34.813872],[-94.875113,34.816245],[-94.878657,34.817765],[-94.883609,34.820307],[-94.888479,34.82245],[-94.900528,34.826785],[-94.905861,34.828099],[-94.915159,34.829918],[-94.922738,34.830943],[-94.929497,34.831065],[-94.931666,34.830587],[-94.935326,34.82845],[-94.93768,34.828644],[-94.938195,34.830318],[-94.940589,34.831565],[-94.942648,34.831671],[-94.945145,34.833013],[-94.948419,34.833841],[-94.949618,34.834816],[-94.95313,34.835951],[-94.955047,34.83633],[-94.95549,34.83558],[-94.958491,34.834368],[-94.962314,34.834818],[-94.96535,34.835834],[-94.968764,34.836519],[-94.970839,34.837311],[-94.971887,34.838481],[-94.975008,34.8406],[-94.976612,34.84295],[-94.978896,34.843536],[-94.981653,34.846265],[-94.983082,34.847083],[-94.987987,34.848512],[-94.989963,34.848736],[-94.989944,34.796958],[-95.016472,34.79631],[-95.055942,34.796453],[-95.051212,34.799078],[-95.047144,34.800882],[-95.047051,34.802536],[-95.049928,34.806381],[-95.046831,34.808645],[-95.046097,34.809863],[-95.044758,34.81503],[-95.046391,34.816681],[-95.05233,34.817193],[-95.055927,34.818423],[-95.059442,34.820871],[-95.05862,34.821637],[-95.059712,34.822735],[-95.059446,34.820357],[-95.059321,34.815731],[-95.059649,34.808949],[-95.061752,34.810264],[-95.062798,34.809363],[-95.063431,34.807572],[-95.065603,34.80633],[-95.067701,34.806742],[-95.069807,34.806242],[-95.072152,34.806527],[-95.074949,34.805769],[-95.078294,34.806669],[-95.080119,34.806186],[-95.082851,34.806141],[-95.08447,34.806641],[-95.087907,34.80636],[-95.088826,34.805706],[-95.090751,34.805826],[-95.093437,34.804725],[-95.094884,34.804769],[-95.096482,34.805364],[-95.095572,34.809435],[-95.099128,34.809602],[-95.101405,34.810138],[-95.099343,34.81111],[-95.099374,34.813594],[-95.096713,34.815889],[-95.096352,34.819347],[-95.097194,34.821274],[-95.100858,34.823404],[-95.102531,34.823984],[-95.101469,34.824814],[-95.102609,34.82472],[-95.102111,34.826285],[-95.104866,34.826499],[-95.105375,34.825243],[-95.11413,34.825044],[-95.115223,34.825248],[-95.120528,34.824956]]]}},{"type":"Feature","properties":{"zcta5":"74944","AFFGEOID10":"8600000US74944","GEOID10":"74944","ALAND10":305830878,"AWATER10":2168038,"county_name":"Le Flore","state_code":"OK","county_state":"Le Flore County, OK","county_fips":"40079","risk_level_county":"Medium Risk (70–79% vaccinated)","mean_vaccination_rate_county":71.9,"risk_level_zcta":"Medium Risk (70–79% vaccinated)","mean_vaccination_rate_zips":77.89,"cases":1},"geometry":{"type":"Polygon","coordinates":[[[-95.145401,35.150851],[-95.146586,35.150376],[-95.148664,35.148005],[-95.149334,35.145268],[-95.146713,35.14394],[-95.146283,35.139993],[-95.144412,35.138671],[-95.14584,35.137159],[-95.14396,35.1367],[-95.145632,35.132078],[-95.14303,35.130608],[-95.143751,35.127266],[-95.146451,35.124352],[-95.146625,35.123195],[-95.14815,35.121667],[-95.151804,35.123073],[-95.154807,35.120382],[-95.154444,35.118889],[-95.155776,35.117457],[-95.15642,35.115072],[-95.158493,35.113724],[-95.158693,35.112335],[-95.156179,35.110512],[-95.154472,35.108295],[-95.152773,35.107777],[-95.149974,35.108282],[-95.147483,35.109944],[-95.146151,35.110063],[-95.141242,35.108856],[-95.139507,35.11137],[-95.137047,35.111413],[-95.134451,35.113309],[-95.132323,35.113967],[-95.130814,35.112388],[-95.128018,35.111038],[-95.128162,35.107561],[-95.130962,35.106338],[-95.129359,35.10563],[-95.127114,35.102602],[-95.127537,35.098103],[-95.126745,35.09733],[-95.126975,35.094202],[-95.126045,35.09195],[-95.124033,35.090165],[-95.122709,35.089981],[-95.119519,35.087205],[-95.119012,35.085067],[-95.119828,35.08416],[-95.126257,35.082562],[-95.127908,35.081503],[-95.129385,35.07951],[-95.133655,35.079573],[-95.13628,35.078372],[-95.136621,35.077031],[-95.13874,35.076023],[-95.141322,35.076437],[-95.15,35.074066],[-95.15447,35.072244],[-95.156392,35.069469],[-95.158485,35.069488],[-95.160926,35.067431],[-95.163934,35.067325],[-95.171054,35.064939],[-95.171411,35.06382],[-95.173431,35.063373],[-95.176177,35.061861],[-95.1772,35.059619],[-95.178817,35.057897],[-95.10357,35.057523],[-95.103472,35.070407],[-95.103242,35.075071],[-95.105114,35.075509],[-95.109376,35.074447],[-95.11148,35.07489],[-95.112159,35.075746],[-95.113525,35.079991],[-95.118617,35.0868],[-95.120577,35.090065],[-95.121185,35.092083],[-95.121355,35.103481],[-95.102306,35.104895],[-95.099399,35.105552],[-95.095385,35.107465],[-95.094231,35.107267],[-95.092408,35.10559],[-95.090606,35.104928],[-95.090413,35.103097],[-95.082877,35.103803],[-95.078869,35.103882],[-95.07472,35.104426],[-95.068546,35.104267],[-95.067838,35.104521],[-95.067008,35.103797],[-95.068679,35.102459],[-95.068427,35.101476],[-95.063866,35.101233],[-95.059697,35.097336],[-95.050992,35.098363],[-95.048024,35.098285],[-95.046703,35.097274],[-95.043486,35.096944],[-95.037939,35.09747],[-95.034169,35.098382],[-95.031301,35.09859],[-95.029035,35.096937],[-95.024698,35.097026],[-95.023369,35.096146],[-95.025563,35.093007],[-95.036884,35.084268],[-95.036986,35.082682],[-95.034546,35.08235],[-95.035509,35.07989],[-95.035386,35.078201],[-95.036273,35.075683],[-95.039055,35.064222],[-95.047138,35.059798],[-95.04731,35.057658],[-94.927863,35.058279],[-94.927852,35.051144],[-94.923714,35.051161],[-94.923585,35.058244],[-94.922033,35.058602],[-94.919035,35.05826],[-94.919114,35.060725],[-94.917789,35.061975],[-94.915246,35.061925],[-94.915667,35.063503],[-94.915939,35.07141],[-94.915735,35.072708],[-94.903706,35.07268],[-94.903016,35.074514],[-94.906361,35.075653],[-94.906249,35.077297],[-94.90738,35.078702],[-94.90629,35.080694],[-94.904374,35.081605],[-94.900709,35.081106],[-94.899713,35.082706],[-94.898653,35.082624],[-94.893531,35.085007],[-94.893132,35.088114],[-94.891499,35.087848],[-94.886938,35.088055],[-94.886225,35.088406],[-94.887478,35.090491],[-94.888838,35.091327],[-94.886522,35.092341],[-94.884977,35.092112],[-94.882489,35.092804],[-94.882006,35.095588],[-94.883291,35.098496],[-94.881759,35.099565],[-94.87665,35.09879],[-94.871523,35.099073],[-94.87065,35.101246],[-94.869191,35.101196],[-94.869085,35.099336],[-94.867438,35.100035],[-94.866061,35.103382],[-94.867939,35.105045],[-94.866459,35.105972],[-94.866501,35.107733],[-94.865277,35.108656],[-94.863511,35.106531],[-94.862339,35.106671],[-94.862669,35.108223],[-94.859473,35.108659],[-94.856377,35.108424],[-94.855107,35.108996],[-94.854225,35.110727],[-94.852722,35.113525],[-94.855993,35.114414],[-94.857263,35.114007],[-94.859564,35.114956],[-94.862386,35.11484],[-94.862387,35.115669],[-94.864748,35.116883],[-94.86537,35.116212],[-94.866668,35.117519],[-94.872038,35.117506],[-94.87196,35.120671],[-94.873532,35.12056],[-94.874436,35.122071],[-94.873408,35.124038],[-94.871391,35.125375],[-94.870152,35.125364],[-94.870032,35.128324],[-94.867712,35.128521],[-94.867299,35.130196],[-94.868601,35.130777],[-94.857992,35.130738],[-94.858108,35.145261],[-94.866086,35.145261],[-94.866829,35.145468],[-94.867172,35.151474],[-94.877484,35.155302],[-94.879027,35.156026],[-94.863724,35.16095],[-94.863755,35.161746],[-94.869897,35.159806],[-94.878052,35.159752],[-94.893257,35.156351],[-94.892974,35.159685],[-94.893153,35.162912],[-94.893039,35.202557],[-94.927936,35.202611],[-94.927949,35.174329],[-94.937851,35.174311],[-94.942969,35.172011],[-94.945122,35.171556],[-94.945432,35.174617],[-94.947847,35.175562],[-94.945557,35.17623],[-94.945789,35.181489],[-94.957187,35.181531],[-94.952452,35.184205],[-94.950445,35.186021],[-94.949727,35.188753],[-94.949752,35.202602],[-94.973474,35.202632],[-94.972099,35.207753],[-94.972295,35.209796],[-94.990929,35.209798],[-94.990964,35.214321],[-94.993577,35.212704],[-94.994853,35.21363],[-94.994396,35.21227],[-94.996062,35.211831],[-94.997543,35.21233],[-94.997011,35.210692],[-94.997899,35.208202],[-94.999449,35.208407],[-95.001135,35.205927],[-95.004369,35.206345],[-95.004924,35.207836],[-95.008228,35.206245],[-95.007772,35.207679],[-95.008966,35.20819],[-95.011149,35.207579],[-95.013392,35.210418],[-95.014545,35.208637],[-95.016775,35.208391],[-95.017315,35.20744],[-95.020025,35.206212],[-95.021778,35.206296],[-95.021822,35.205017],[-95.020808,35.204261],[-95.021594,35.203342],[-95.024086,35.20291],[-95.026107,35.199268],[-95.027288,35.19976],[-95.027277,35.201618],[-95.029963,35.202943],[-95.031143,35.202481],[-95.031714,35.200948],[-95.033487,35.201346],[-95.033248,35.204526],[-95.034354,35.204416],[-95.034926,35.202758],[-95.036266,35.202386],[-95.036603,35.203184],[-95.035875,35.204936],[-95.037339,35.206395],[-95.040148,35.206617],[-95.040951,35.203483],[-95.044967,35.201025],[-95.047249,35.20029],[-95.048776,35.201354],[-95.047246,35.20261],[-95.04956,35.2039],[-95.051115,35.203716],[-95.050395,35.201753],[-95.051589,35.200696],[-95.053677,35.200557],[-95.054395,35.202163],[-95.056127,35.202241],[-95.054942,35.200479],[-95.05592,35.199759],[-95.058103,35.20075],[-95.058965,35.199223],[-95.060255,35.198915],[-95.060874,35.197522],[-95.063021,35.197485],[-95.064004,35.196251],[-95.062215,35.195349],[-95.061362,35.193285],[-95.062297,35.192297],[-95.063509,35.192571],[-95.064145,35.193827],[-95.065609,35.193178],[-95.064497,35.191762],[-95.065176,35.191009],[-95.068579,35.192455],[-95.068268,35.190888],[-95.068989,35.18941],[-95.068332,35.188448],[-95.066471,35.188588],[-95.06644,35.186991],[-95.067282,35.185656],[-95.070289,35.18425],[-95.071472,35.18421],[-95.072484,35.182722],[-95.074054,35.181974],[-95.074738,35.183165],[-95.076514,35.183287],[-95.079292,35.182423],[-95.080418,35.180312],[-95.080469,35.177716],[-95.083071,35.176399],[-95.082076,35.174795],[-95.084467,35.173457],[-95.08527,35.171271],[-95.084545,35.170411],[-95.082201,35.170668],[-95.082082,35.169107],[-95.083951,35.167446],[-95.085763,35.167287],[-95.085791,35.144702],[-95.103733,35.144788],[-95.103736,35.155294],[-95.103391,35.160753],[-95.103509,35.164215],[-95.10557,35.162002],[-95.106631,35.161452],[-95.111194,35.160482],[-95.111975,35.161925],[-95.114463,35.161378],[-95.113914,35.160394],[-95.114949,35.158843],[-95.113306,35.155323],[-95.114069,35.154433],[-95.11703,35.154547],[-95.119066,35.154118],[-95.121068,35.155995],[-95.121347,35.154707],[-95.123459,35.154422],[-95.125213,35.155471],[-95.128333,35.155512],[-95.128112,35.152626],[-95.12882,35.151483],[-95.132648,35.15136],[-95.134218,35.15292],[-95.137562,35.151743],[-95.139851,35.152143],[-95.142567,35.150872],[-95.145401,35.150851]]]}},{"type":"Feature","properties":{"zcta5":"74953","AFFGEOID10":"8600000US74953","GEOID10":"74953","ALAND10":356198126,"AWATER10":2157320,"county_name":"Le Flore","state_code":"OK","county_state":"Le Flore County, OK","county_fips":"40079","risk_level_county":"Medium Risk (70–79% vaccinated)","mean_vaccination_rate_county":71.9,"risk_level_zcta":"Higher Risk (60–69% vaccinated)","mean_vaccination_rate_zips":68.91,"cases":1},"geometry":{"type":"Polygon","coordinates":[[[-94.643533,35.121953],[-94.645366,35.119019],[-94.64687,35.121279],[-94.650252,35.119144],[-94.651106,35.118787],[-94.650304,35.116587],[-94.649728,35.115658],[-94.650191,35.115348],[-94.647517,35.112996],[-94.647684,35.112896],[-94.649914,35.112204],[-94.655378,35.112217],[-94.665781,35.113429],[-94.671288,35.112091],[-94.672219,35.10922],[-94.672989,35.108525],[-94.681836,35.109025],[-94.681961,35.10159],[-94.693513,35.101583],[-94.698055,35.101742],[-94.716987,35.101463],[-94.716776,35.072235],[-94.721071,35.071255],[-94.729719,35.066485],[-94.731303,35.066026],[-94.731367,35.071118],[-94.73286,35.07218],[-94.733704,35.074675],[-94.734029,35.078072],[-94.735976,35.080833],[-94.736236,35.08423],[-94.738832,35.087574],[-94.740206,35.090153],[-94.740514,35.093293],[-94.742173,35.095754],[-94.742291,35.09789],[-94.743453,35.10181],[-94.772271,35.101727],[-94.776417,35.101158],[-94.778722,35.099564],[-94.778423,35.093009],[-94.775645,35.086537],[-94.778466,35.085301],[-94.779972,35.087043],[-94.781124,35.087052],[-94.781134,35.084789],[-94.782413,35.083237],[-94.785921,35.082179],[-94.786936,35.081426],[-94.787425,35.082385],[-94.787576,35.089027],[-94.789515,35.091205],[-94.791093,35.092029],[-94.789266,35.094143],[-94.81385,35.094441],[-94.814357,35.090812],[-94.822288,35.09079],[-94.822641,35.087205],[-94.840602,35.086948],[-94.848917,35.087112],[-94.84885,35.065485],[-94.847435,35.065961],[-94.843711,35.06569],[-94.840461,35.062424],[-94.831085,35.050846],[-94.824051,35.042936],[-94.820893,35.038536],[-94.818871,35.036835],[-94.810685,35.030652],[-94.807783,35.029439],[-94.802678,35.029065],[-94.795942,35.02936],[-94.78962,35.030764],[-94.785209,35.03207],[-94.781777,35.033744],[-94.75542,35.056403],[-94.752941,35.05719],[-94.749784,35.056885],[-94.74857,35.056324],[-94.742497,35.056634],[-94.738711,35.056051],[-94.734022,35.056045],[-94.731408,35.056367],[-94.724514,35.058265],[-94.692474,35.05808],[-94.690559,35.054272],[-94.690653,35.03911],[-94.684263,35.042835],[-94.681271,35.044773],[-94.67775,35.046393],[-94.675254,35.046153],[-94.671068,35.04698],[-94.668677,35.048067],[-94.664429,35.045313],[-94.66431,35.037299],[-94.665145,35.035471],[-94.666702,35.03346],[-94.671345,35.029285],[-94.680821,35.029281],[-94.682119,35.027572],[-94.685356,35.025388],[-94.687544,35.023234],[-94.689378,35.022192],[-94.689581,35.016967],[-94.690237,35.014898],[-94.691765,35.014441],[-94.699189,35.014522],[-94.69928,34.981061],[-94.698255,34.980527],[-94.707817,34.971627],[-94.699104,34.971792],[-94.699023,34.966859],[-94.697027,34.966998],[-94.693728,34.966139],[-94.691777,34.966583],[-94.690057,34.968995],[-94.688812,34.969517],[-94.684709,34.969149],[-94.683107,34.969882],[-94.679661,34.972418],[-94.672499,34.972731],[-94.668934,34.971975],[-94.66316,34.971159],[-94.658227,34.971585],[-94.655881,34.973114],[-94.652869,34.976047],[-94.648415,34.978105],[-94.646929,34.979697],[-94.647561,34.981456],[-94.651059,34.983535],[-94.651304,34.984717],[-94.649854,34.986774],[-94.649193,34.989162],[-94.643928,34.989531],[-94.642334,34.991682],[-94.642157,34.995566],[-94.640151,34.997593],[-94.636805,34.998391],[-94.633878,35.000282],[-94.631468,35.000175],[-94.630633,34.996884],[-94.629833,34.995653],[-94.627789,34.994585],[-94.625276,34.994763],[-94.623722,34.995974],[-94.62453,34.998148],[-94.623905,35.003695],[-94.621955,35.004549],[-94.619598,35.003381],[-94.617635,35.003205],[-94.615846,35.005073],[-94.615465,35.008187],[-94.614278,35.008586],[-94.612834,35.008416],[-94.611002,35.007119],[-94.609787,35.002833],[-94.607249,35.000692],[-94.605889,35.000806],[-94.603988,35.002344],[-94.595565,35.007423],[-94.594231,35.006047],[-94.594773,35.002772],[-94.591059,35.001163],[-94.589089,35.00192],[-94.590401,35.006191],[-94.592121,35.007955],[-94.591826,35.008997],[-94.589751,35.011306],[-94.589812,35.012955],[-94.59132,35.01455],[-94.594813,35.016801],[-94.59431,35.018068],[-94.592919,35.018532],[-94.588508,35.018951],[-94.589108,35.022413],[-94.592046,35.025109],[-94.590067,35.026944],[-94.588687,35.027085],[-94.585915,35.025786],[-94.584087,35.023344],[-94.581787,35.023799],[-94.580188,35.014764],[-94.563921,35.014697],[-94.563775,35.012649],[-94.557964,35.010247],[-94.557983,35.014664],[-94.522734,35.01451],[-94.522743,35.005632],[-94.521254,35.005712],[-94.520948,35.00397],[-94.518958,35.003463],[-94.516106,35.003473],[-94.514154,35.005539],[-94.511856,35.00584],[-94.510882,35.005136],[-94.507756,35.004503],[-94.508363,35.001629],[-94.504196,34.999385],[-94.50316,34.997865],[-94.508004,34.995706],[-94.507653,34.993738],[-94.508348,34.99337],[-94.508616,34.990974],[-94.510894,34.98954],[-94.513755,34.98542],[-94.514097,34.98298],[-94.516395,34.980332],[-94.516329,34.978897],[-94.520644,34.97559],[-94.520331,34.974375],[-94.521393,34.97337],[-94.521701,34.97109],[-94.523396,34.970526],[-94.522378,34.968475],[-94.52384,34.966204],[-94.522793,34.962918],[-94.521558,34.961868],[-94.521586,34.959686],[-94.522655,34.958614],[-94.522958,34.956421],[-94.521079,34.955402],[-94.519672,34.955434],[-94.515194,34.952334],[-94.513708,34.950656],[-94.510706,34.950253],[-94.508783,34.949225],[-94.50509,34.949056],[-94.504459,34.948034],[-94.502142,34.946567],[-94.49914,34.945458],[-94.495246,34.945222],[-94.492371,34.943696],[-94.489398,34.943283],[-94.488267,34.942726],[-94.487002,34.942718],[-94.484785,34.9437],[-94.482495,34.942325],[-94.480838,34.94194],[-94.44760289797328,34.9419210619859],[-94.444835633523,35.019151579815],[-94.44264792926579,35.0802073754151],[-94.449953,35.080678],[-94.454259,35.079789],[-94.488068,35.079992],[-94.490682,35.079864],[-94.505205,35.079947],[-94.504792,35.093357],[-94.502996,35.094313],[-94.48742,35.094331],[-94.487335,35.102141],[-94.487636,35.104855],[-94.489214,35.104953],[-94.492125,35.107271],[-94.49298,35.106012],[-94.502568,35.107001],[-94.503611,35.106617],[-94.509308,35.107559],[-94.513835,35.108886],[-94.517172,35.109024],[-94.518489,35.109525],[-94.522376,35.108388],[-94.52295,35.109856],[-94.525083,35.110807],[-94.526368,35.109978],[-94.529357,35.10966],[-94.530841,35.110523],[-94.532755,35.109485],[-94.535035,35.111029],[-94.540353,35.109559],[-94.540435,35.087216],[-94.544544,35.087108],[-94.558112,35.087489],[-94.567965,35.087075],[-94.575728,35.087078],[-94.576634,35.08513],[-94.577249,35.086828],[-94.578607,35.087751],[-94.581368,35.087893],[-94.5808,35.086926],[-94.582638,35.087156],[-94.583179,35.085678],[-94.584644,35.086409],[-94.584604,35.089118],[-94.586042,35.089288],[-94.590173,35.08727],[-94.591791,35.087632],[-94.592535,35.090292],[-94.594909,35.091335],[-94.596192,35.090813],[-94.597144,35.088721],[-94.599619,35.08808],[-94.599923,35.089765],[-94.598819,35.090457],[-94.595285,35.095518],[-94.596483,35.098651],[-94.597969,35.09975],[-94.6004,35.100429],[-94.604147,35.103228],[-94.607101,35.108704],[-94.608498,35.109958],[-94.612073,35.111592],[-94.612607,35.113354],[-94.612236,35.117297],[-94.610238,35.119773],[-94.611007,35.121427],[-94.613942,35.123164],[-94.619726,35.124944],[-94.6203,35.128189],[-94.621524,35.128689],[-94.62234,35.128331],[-94.623342,35.125709],[-94.624463,35.124821],[-94.631382,35.122656],[-94.635354,35.122358],[-94.63845,35.120071],[-94.643533,35.121953]]]}},{"type":"Feature","properties":{"zcta5":"74939","AFFGEOID10":"8600000US74939","GEOID10":"74939","ALAND10":386787404,"AWATER10":2233168,"county_name":"Le Flore","state_code":"OK","county_state":"Le Flore County, OK","county_fips":"40079","risk_level_county":"Medium Risk (70–79% vaccinated)","mean_vaccination_rate_county":71.9,"risk_level_zcta":"Medium Risk (70–79% vaccinated)","mean_vaccination_rate_zips":73.73,"cases":1},"geometry":{"type":"Polygon","coordinates":[[[-94.727837,34.7706],[-94.727871,34.695671],[-94.730127,34.693047],[-94.732886,34.692501],[-94.73489,34.688199],[-94.736752,34.686817],[-94.737608,34.682551],[-94.73846,34.682049],[-94.738355,34.679915],[-94.739962,34.678079],[-94.743199,34.676309],[-94.745284,34.673838],[-94.750776,34.674629],[-94.754626,34.676069],[-94.75851,34.676711],[-94.761165,34.678851],[-94.765683,34.680479],[-94.766601,34.680459],[-94.768725,34.679578],[-94.764382,34.676616],[-94.761076,34.67544],[-94.760918,34.673884],[-94.762838,34.673946],[-94.762848,34.671966],[-94.760512,34.671993],[-94.75704,34.67125],[-94.751404,34.669171],[-94.751439,34.666655],[-94.740837,34.666636],[-94.740861,34.675179],[-94.737611,34.680861],[-94.736326,34.685824],[-94.732885,34.688594],[-94.731888,34.690517],[-94.729531,34.68903],[-94.727659,34.689393],[-94.727621,34.681249],[-94.684378,34.681167],[-94.683451,34.676814],[-94.684981,34.674817],[-94.686783,34.674955],[-94.689499,34.673672],[-94.695125,34.671726],[-94.697149,34.670764],[-94.701749,34.669412],[-94.700834,34.667031],[-94.702774,34.665542],[-94.703605,34.663687],[-94.708945,34.661734],[-94.712702,34.662884],[-94.714597,34.661233],[-94.715007,34.66003],[-94.718429,34.659266],[-94.721028,34.658069],[-94.722308,34.6566],[-94.723738,34.653699],[-94.725075,34.652899],[-94.722622,34.652228],[-94.720341,34.650247],[-94.721718,34.647457],[-94.720841,34.64552],[-94.71857,34.64453],[-94.716466,34.64445],[-94.71496,34.643628],[-94.713603,34.64421],[-94.708865,34.644086],[-94.706866,34.643253],[-94.706793,34.64171],[-94.707598,34.638902],[-94.708016,34.633588],[-94.708623,34.631659],[-94.706084,34.628688],[-94.705519,34.626865],[-94.705083,34.628881],[-94.698593,34.627892],[-94.696396,34.628176],[-94.693557,34.627147],[-94.690512,34.627417],[-94.687982,34.626056],[-94.683452,34.624221],[-94.683273,34.62242],[-94.689909,34.62335],[-94.69156,34.622786],[-94.694956,34.623003],[-94.697035,34.622205],[-94.693536,34.622022],[-94.690245,34.620814],[-94.689929,34.618588],[-94.690653,34.616384],[-94.684048,34.615072],[-94.681528,34.613765],[-94.680295,34.612065],[-94.677502,34.611623],[-94.675079,34.612023],[-94.673307,34.612827],[-94.668268,34.613576],[-94.6648,34.61262],[-94.660736,34.612958],[-94.658082,34.612507],[-94.649185,34.612271],[-94.646628,34.612043],[-94.638404,34.61233],[-94.631598,34.611718],[-94.627677,34.611667],[-94.623578,34.611248],[-94.617859,34.611093],[-94.610639,34.611999],[-94.603522,34.611936],[-94.597733,34.612766],[-94.595238,34.612705],[-94.5903,34.613253],[-94.583051,34.613056],[-94.580142,34.612346],[-94.574103,34.609662],[-94.574962,34.607117],[-94.571169,34.606931],[-94.566405,34.605417],[-94.566265,34.604362],[-94.569229,34.602894],[-94.57247,34.602365],[-94.568758,34.600667],[-94.569036,34.59803],[-94.5679,34.596999],[-94.563608,34.596629],[-94.561919,34.594886],[-94.520007,34.594637],[-94.519133,34.595843],[-94.516503,34.595498],[-94.513532,34.594576],[-94.4586993391697,34.5940227204001],[-94.4575,34.634945],[-94.45753,34.642961],[-94.4562041443552,34.681563258934496],[-94.47246,34.681601],[-94.482782,34.681104],[-94.517758,34.680803],[-94.51884,34.680702],[-94.570596,34.681369],[-94.574941,34.681329],[-94.576549,34.680916],[-94.603418,34.681028],[-94.604759,34.679713],[-94.606989,34.679029],[-94.610787,34.679562],[-94.613042,34.679221],[-94.618144,34.679225],[-94.623129,34.677834],[-94.623234,34.678512],[-94.625862,34.677955],[-94.630615,34.675513],[-94.629528,34.677496],[-94.629593,34.679728],[-94.632433,34.680073],[-94.632883,34.681144],[-94.646821,34.681173],[-94.646503,34.683762],[-94.64576,34.696007],[-94.644559,34.701247],[-94.644024,34.702224],[-94.640293,34.705281],[-94.640138,34.707072],[-94.642139,34.708587],[-94.645267,34.710066],[-94.646224,34.711155],[-94.64945,34.712518],[-94.649184,34.713538],[-94.644321,34.715056],[-94.642481,34.714705],[-94.634499,34.714076],[-94.630698,34.716231],[-94.624401,34.71818],[-94.623349,34.719089],[-94.622746,34.722174],[-94.621468,34.722671],[-94.604389,34.725184],[-94.600256,34.724866],[-94.598263,34.725762],[-94.596832,34.727563],[-94.595231,34.728349],[-94.591311,34.728526],[-94.589624,34.72979],[-94.589631,34.730409],[-94.591892,34.733915],[-94.586294,34.733741],[-94.583152,34.733345],[-94.579772,34.732265],[-94.575031,34.729557],[-94.570188,34.72605],[-94.57022,34.727464],[-94.562207,34.726051],[-94.561707,34.726696],[-94.557916,34.727928],[-94.556111,34.729543],[-94.555342,34.729325],[-94.5537,34.731956],[-94.551061,34.734237],[-94.55016,34.738007],[-94.549178,34.738362],[-94.548741,34.740503],[-94.543571,34.743111],[-94.542203,34.743328],[-94.539933,34.74585],[-94.533917,34.746545],[-94.531185,34.745693],[-94.52776,34.745462],[-94.528201,34.745894],[-94.535723,34.747905],[-94.537965,34.747852],[-94.541228,34.747131],[-94.543079,34.745632],[-94.546342,34.745253],[-94.547555,34.743528],[-94.55101,34.741246],[-94.552671,34.7414],[-94.555241,34.742466],[-94.556681,34.742461],[-94.559141,34.741558],[-94.56199,34.74237],[-94.564174,34.743918],[-94.566801,34.744755],[-94.569261,34.746004],[-94.569453,34.746596],[-94.567246,34.748777],[-94.569432,34.749158],[-94.573302,34.746805],[-94.574346,34.744595],[-94.576394,34.744468],[-94.578426,34.745449],[-94.582252,34.746135],[-94.584216,34.745916],[-94.585869,34.746551],[-94.589507,34.747023],[-94.596001,34.747485],[-94.597971,34.749867],[-94.59983,34.750395],[-94.602211,34.749505],[-94.607893,34.751188],[-94.608432,34.752233],[-94.614262,34.754029],[-94.616931,34.755074],[-94.618689,34.758974],[-94.620881,34.760164],[-94.621964,34.761323],[-94.622174,34.768023],[-94.618719,34.767566],[-94.614539,34.767865],[-94.612588,34.769083],[-94.609825,34.769723],[-94.607997,34.771254],[-94.606783,34.770835],[-94.605521,34.772044],[-94.602921,34.772198],[-94.602067,34.773683],[-94.599579,34.77531],[-94.599167,34.776417],[-94.59707,34.776797],[-94.588824,34.779481],[-94.583417,34.779071],[-94.580663,34.779947],[-94.578035,34.779966],[-94.573474,34.780731],[-94.572088,34.780614],[-94.568193,34.779207],[-94.565948,34.7789],[-94.564965,34.777916],[-94.56243,34.776992],[-94.559747,34.776897],[-94.551254,34.778209],[-94.547715,34.775285],[-94.544804,34.774465],[-94.543016,34.772724],[-94.538941,34.771302],[-94.539919,34.772044],[-94.540146,34.775036],[-94.539762,34.776619],[-94.538464,34.77685],[-94.539869,34.77828],[-94.539604,34.780637],[-94.5416,34.782977],[-94.542475,34.783384],[-94.54496,34.782425],[-94.547146,34.787834],[-94.550646,34.791613],[-94.551705,34.790757],[-94.550406,34.793754],[-94.551068,34.794491],[-94.549422,34.795602],[-94.548008,34.795546],[-94.545754,34.794385],[-94.545174,34.793276],[-94.542802,34.793691],[-94.541079,34.790379],[-94.539457,34.790624],[-94.538227,34.791586],[-94.537216,34.79407],[-94.534898,34.796164],[-94.533353,34.796052],[-94.528407,34.798153],[-94.52769,34.799073],[-94.522816,34.799935],[-94.523774,34.801116],[-94.524119,34.804565],[-94.525998,34.809714],[-94.526793,34.810943],[-94.526199,34.813708],[-94.528132,34.814691],[-94.531727,34.815864],[-94.537716,34.814061],[-94.539066,34.811618],[-94.540973,34.811888],[-94.543446,34.813098],[-94.545991,34.811891],[-94.549822,34.811859],[-94.55178,34.80853],[-94.557302,34.80791],[-94.563974,34.807471],[-94.566063,34.806924],[-94.574717,34.805423],[-94.577746,34.804726],[-94.581634,34.802886],[-94.585545,34.801856],[-94.590508,34.80132],[-94.597107,34.800152],[-94.596984,34.798046],[-94.601787,34.794085],[-94.605947,34.792903],[-94.60761,34.79178],[-94.607511,34.791041],[-94.604621,34.788481],[-94.605765,34.784625],[-94.605714,34.777825],[-94.606643,34.776319],[-94.610113,34.77468],[-94.611545,34.771819],[-94.614581,34.771972],[-94.614657,34.773699],[-94.617355,34.776481],[-94.618276,34.778699],[-94.61801,34.781385],[-94.61476,34.784331],[-94.613519,34.787061],[-94.613311,34.789297],[-94.61382,34.79261],[-94.61536,34.794152],[-94.619062,34.792771],[-94.619968,34.79317],[-94.62091,34.793683],[-94.619887,34.795511],[-94.61951,34.798161],[-94.620857,34.800954],[-94.620942,34.803],[-94.621857,34.804538],[-94.623178,34.805247],[-94.623562,34.803766],[-94.625244,34.803769],[-94.630559,34.808305],[-94.636073,34.810743],[-94.640586,34.81478],[-94.642998,34.818279],[-94.643963,34.821173],[-94.643333,34.823164],[-94.64165,34.824068],[-94.639674,34.823763],[-94.635326,34.825664],[-94.632498,34.826135],[-94.630532,34.824399],[-94.628225,34.823843],[-94.625925,34.824247],[-94.62477,34.826461],[-94.626858,34.827676],[-94.624132,34.829622],[-94.622787,34.831049],[-94.620697,34.834488],[-94.618573,34.836283],[-94.617267,34.836589],[-94.616601,34.838067],[-94.61723,34.838991],[-94.61984,34.840288],[-94.621335,34.842156],[-94.624125,34.842372],[-94.624857,34.844109],[-94.623447,34.844929],[-94.619916,34.84455],[-94.618858,34.845211],[-94.618036,34.849289],[-94.61717,34.850661],[-94.617277,34.851876],[-94.619209,34.855069],[-94.626945,34.856719],[-94.63163,34.85878],[-94.633146,34.858954],[-94.636931,34.863653],[-94.6382,34.864572],[-94.639813,34.864749],[-94.649153,34.86488],[-94.654687,34.864313],[-94.657246,34.862769],[-94.657405,34.860196],[-94.658672,34.858388],[-94.657956,34.850391],[-94.667657,34.851026],[-94.67126,34.850877],[-94.676332,34.851236],[-94.684497,34.852751],[-94.684388,34.840644],[-94.69077,34.840706],[-94.693264,34.841605],[-94.693096,34.839215],[-94.693206,34.833539],[-94.693639,34.832766],[-94.695645,34.832133],[-94.694271,34.829896],[-94.694818,34.828196],[-94.693931,34.825349],[-94.695741,34.821492],[-94.696244,34.818763],[-94.699216,34.815907],[-94.700729,34.812687],[-94.705572,34.808751],[-94.707534,34.808992],[-94.713557,34.807591],[-94.717621,34.807078],[-94.718636,34.805148],[-94.717723,34.801078],[-94.7188,34.799142],[-94.71695,34.798016],[-94.715462,34.796101],[-94.716031,34.793569],[-94.722108,34.787912],[-94.723214,34.786064],[-94.722264,34.783966],[-94.718978,34.78276],[-94.72159,34.783181],[-94.72369,34.784037],[-94.72786,34.784523],[-94.727837,34.7706]]]}},{"type":"Feature","properties":{"zcta5":"74957","AFFGEOID10":"8600000US74957","GEOID10":"74957","ALAND10":606490248,"AWATER10":1531169,"county_name":"Le Flore","state_code":"OK","county_state":"Le Flore County, OK","county_fips":"40079","risk_level_county":"Medium Risk (70–79% vaccinated)","mean_vaccination_rate_county":71.9,"risk_level_zcta":"Medium Risk (70–79% vaccinated)","mean_vaccination_rate_zips":72.97,"cases":1},"geometry":{"type":"Polygon","coordinates":[[[-94.832774,34.593907],[-94.832186,34.591617],[-94.833747,34.59016],[-94.83378,34.588347],[-94.834604,34.588022],[-94.838326,34.589516],[-94.840365,34.588554],[-94.841555,34.589158],[-94.843667,34.587608],[-94.846006,34.586898],[-94.847992,34.584501],[-94.847624,34.580517],[-94.848002,34.578176],[-94.849629,34.576724],[-94.850951,34.571734],[-94.849559,34.56879],[-94.847324,34.567938],[-94.848498,34.565813],[-94.846632,34.563287],[-94.842787,34.56123],[-94.841197,34.558493],[-94.839323,34.55606],[-94.837379,34.554589],[-94.837343,34.552275],[-94.840093,34.551836],[-94.842943,34.550445],[-94.845347,34.551528],[-94.847913,34.551993],[-94.849328,34.551452],[-94.853605,34.551267],[-94.855325,34.551631],[-94.857816,34.551432],[-94.859829,34.550682],[-94.863494,34.550559],[-94.86825,34.550081],[-94.871485,34.549107],[-94.872724,34.54812],[-94.874103,34.548449],[-94.876275,34.547751],[-94.877605,34.548016],[-94.882194,34.547674],[-94.885682,34.547963],[-94.88665,34.548482],[-94.890205,34.548509],[-94.89188,34.547599],[-94.89526,34.546946],[-94.895462,34.544609],[-94.898384,34.539586],[-94.899282,34.536206],[-94.932708,34.536146],[-94.935399,34.538146],[-94.937505,34.539074],[-94.937605,34.506831],[-94.935285,34.506762],[-94.93405,34.506536],[-94.928578,34.506789],[-94.753869,34.507284],[-94.75103,34.505448],[-94.747084,34.504921],[-94.743866,34.503553],[-94.740924,34.503126],[-94.737927,34.500338],[-94.735419,34.499767],[-94.732984,34.498088],[-94.728709,34.496604],[-94.727749,34.495455],[-94.724343,34.493515],[-94.724072,34.492583],[-94.719684,34.490752],[-94.706265,34.485839],[-94.7025,34.481436],[-94.702104,34.473019],[-94.702524,34.471535],[-94.702483,34.467111],[-94.702976,34.465543],[-94.70186,34.459382],[-94.70251,34.457406],[-94.703406,34.456889],[-94.703891,34.454334],[-94.703664,34.452331],[-94.700922,34.447571],[-94.700266,34.444978],[-94.69885,34.442976],[-94.699353,34.441037],[-94.698821,34.438763],[-94.698567,34.433312],[-94.699214,34.432527],[-94.698914,34.430237],[-94.699835,34.42749],[-94.70115,34.426932],[-94.701296,34.42187],[-94.702286,34.4195],[-94.703832,34.418606],[-94.70549,34.416165],[-94.706362,34.413741],[-94.707432,34.413469],[-94.707208,34.415175],[-94.708758,34.416279],[-94.709396,34.414671],[-94.710309,34.414353],[-94.711291,34.414583],[-94.713637,34.41327],[-94.715075,34.413921],[-94.714549,34.412357],[-94.718637,34.409699],[-94.720957,34.408485],[-94.722172,34.406813],[-94.721813,34.406057],[-94.72347,34.405003],[-94.727531,34.405185],[-94.728665,34.406147],[-94.731328,34.406059],[-94.73126,34.401517],[-94.732295,34.401712],[-94.732225,34.371462],[-94.726221,34.371015],[-94.717253,34.371197],[-94.714649,34.372268],[-94.706459,34.378199],[-94.703581,34.380794],[-94.692034,34.393356],[-94.688708,34.397349],[-94.685951,34.396343],[-94.684824,34.39781],[-94.681432,34.397455],[-94.677287,34.396044],[-94.67566,34.396597],[-94.671945,34.396783],[-94.664453,34.395993],[-94.661089,34.394581],[-94.655275,34.393874],[-94.650936,34.395037],[-94.649091,34.397279],[-94.646353,34.398845],[-94.64708,34.400205],[-94.644996,34.403461],[-94.645306,34.406989],[-94.641202,34.406436],[-94.639271,34.406891],[-94.63627,34.406398],[-94.63447,34.406687],[-94.632326,34.406109],[-94.630479,34.406357],[-94.629702,34.408585],[-94.627195,34.409082],[-94.625061,34.40864],[-94.621626,34.408881],[-94.620544,34.412999],[-94.620844,34.41573],[-94.62201,34.417878],[-94.626205,34.419381],[-94.630124,34.421377],[-94.633908,34.42183],[-94.63661,34.421667],[-94.636591,34.425283],[-94.625124,34.425212],[-94.624298,34.425505],[-94.624163,34.428034],[-94.618263,34.428065],[-94.614621,34.428786],[-94.613252,34.430454],[-94.610621,34.429099],[-94.610652,34.432582],[-94.602265,34.432128],[-94.602068,34.435955],[-94.60164,34.454095],[-94.610816,34.454233],[-94.610811,34.455571],[-94.608182,34.457069],[-94.607571,34.459202],[-94.605298,34.461509],[-94.602271,34.461483],[-94.60089,34.460958],[-94.597804,34.461482],[-94.598502,34.464027],[-94.596599,34.464949],[-94.594657,34.464448],[-94.592645,34.463154],[-94.590083,34.463075],[-94.587515,34.46056],[-94.585253,34.458981],[-94.581488,34.454997],[-94.580665,34.454681],[-94.578723,34.455398],[-94.577981,34.458393],[-94.575578,34.459251],[-94.567424,34.460097],[-94.566792,34.461346],[-94.561577,34.461983],[-94.557259,34.461531],[-94.550695,34.461336],[-94.546035,34.46235],[-94.544229,34.464259],[-94.537928,34.468392],[-94.535862,34.468925],[-94.534906,34.468191],[-94.535936,34.465039],[-94.534512,34.463323],[-94.53217,34.461874],[-94.52885,34.459152],[-94.528004,34.458676],[-94.522188,34.460206],[-94.518008,34.46253],[-94.50601,34.46193],[-94.504796,34.462612],[-94.500219,34.463278],[-94.498713,34.463185],[-94.49762,34.462742],[-94.500778,34.460353],[-94.500625,34.458298],[-94.49948,34.457908],[-94.493324,34.457667],[-94.493079,34.454177],[-94.46267803501469,34.4541820734274],[-94.46242705445259,34.4629267855441],[-94.461149,34.507457],[-94.460058,34.545264],[-94.4600521840399,34.5477890960093],[-94.460052,34.547869],[-94.4599929113182,34.5498851465742],[-94.4586993391697,34.5940227204001],[-94.513532,34.594576],[-94.516503,34.595498],[-94.519133,34.595843],[-94.520007,34.594637],[-94.561919,34.594886],[-94.563608,34.596629],[-94.5679,34.596999],[-94.569036,34.59803],[-94.568758,34.600667],[-94.57247,34.602365],[-94.569229,34.602894],[-94.566265,34.604362],[-94.566405,34.605417],[-94.571169,34.606931],[-94.574962,34.607117],[-94.574103,34.609662],[-94.580142,34.612346],[-94.583051,34.613056],[-94.5903,34.613253],[-94.595238,34.612705],[-94.597733,34.612766],[-94.603522,34.611936],[-94.610639,34.611999],[-94.617859,34.611093],[-94.623578,34.611248],[-94.627677,34.611667],[-94.631598,34.611718],[-94.638404,34.61233],[-94.646628,34.612043],[-94.649185,34.612271],[-94.658082,34.612507],[-94.660736,34.612958],[-94.6648,34.61262],[-94.668268,34.613576],[-94.673307,34.612827],[-94.675079,34.612023],[-94.677502,34.611623],[-94.680295,34.612065],[-94.684423,34.613286],[-94.692747,34.614429],[-94.695714,34.61383],[-94.702791,34.613924],[-94.704625,34.61456],[-94.710306,34.614907],[-94.711763,34.614433],[-94.715824,34.614888],[-94.721109,34.614863],[-94.722983,34.615619],[-94.727584,34.615556],[-94.733271,34.615095],[-94.736982,34.615434],[-94.745221,34.615232],[-94.75389,34.616083],[-94.757102,34.616172],[-94.759175,34.616718],[-94.766763,34.61671],[-94.775332,34.617583],[-94.779388,34.618431],[-94.783636,34.618837],[-94.78287,34.618204],[-94.777486,34.616368],[-94.772699,34.61407],[-94.77316,34.613059],[-94.776629,34.613256],[-94.782367,34.6121],[-94.783793,34.610915],[-94.784515,34.609177],[-94.785826,34.608546],[-94.788809,34.609553],[-94.793712,34.607229],[-94.795718,34.605263],[-94.796193,34.603552],[-94.799753,34.601798],[-94.798401,34.599567],[-94.798338,34.597542],[-94.799788,34.597428],[-94.79974,34.596019],[-94.798868,34.595298],[-94.802002,34.596406],[-94.804168,34.596358],[-94.805064,34.59494],[-94.804703,34.594138],[-94.832774,34.593907]]]}},{"type":"Feature","properties":{"zcta5":"74932","AFFGEOID10":"8600000US74932","GEOID10":"74932","ALAND10":203273547,"AWATER10":1912046,"county_name":"Le Flore","state_code":"OK","county_state":"Le Flore County, OK","county_fips":"40079","risk_level_county":"Medium Risk (70–79% vaccinated)","mean_vaccination_rate_county":71.9,"risk_level_zcta":"Medium Risk (70–79% vaccinated)","mean_vaccination_rate_zips":74.58,"cases":1},"geometry":{"type":"Polygon","coordinates":[[[-94.646838,35.148074],[-94.645395,35.147324],[-94.649674,35.144319],[-94.651358,35.142394],[-94.651692,35.139151],[-94.65108,35.137999],[-94.651226,35.135487],[-94.650256,35.134608],[-94.644011,35.135381],[-94.641771,35.134413],[-94.641611,35.133446],[-94.644734,35.132087],[-94.644437,35.131333],[-94.641525,35.130764],[-94.639706,35.128526],[-94.641601,35.126474],[-94.644601,35.127081],[-94.64688,35.125892],[-94.646541,35.124562],[-94.643533,35.121953],[-94.63845,35.120071],[-94.635354,35.122358],[-94.631382,35.122656],[-94.624463,35.124821],[-94.623342,35.125709],[-94.62234,35.128331],[-94.621524,35.128689],[-94.6203,35.128189],[-94.619726,35.124944],[-94.613942,35.123164],[-94.611007,35.121427],[-94.610238,35.119773],[-94.612236,35.117297],[-94.612607,35.113354],[-94.612073,35.111592],[-94.608498,35.109958],[-94.607101,35.108704],[-94.604147,35.103228],[-94.6004,35.100429],[-94.597969,35.09975],[-94.596483,35.098651],[-94.595285,35.095518],[-94.598819,35.090457],[-94.599923,35.089765],[-94.599619,35.08808],[-94.597144,35.088721],[-94.596192,35.090813],[-94.594909,35.091335],[-94.592535,35.090292],[-94.591791,35.087632],[-94.590173,35.08727],[-94.586042,35.089288],[-94.584604,35.089118],[-94.584644,35.086409],[-94.583179,35.085678],[-94.582638,35.087156],[-94.5808,35.086926],[-94.581368,35.087893],[-94.578607,35.087751],[-94.577249,35.086828],[-94.576634,35.08513],[-94.575728,35.087078],[-94.567965,35.087075],[-94.558112,35.087489],[-94.544544,35.087108],[-94.540435,35.087216],[-94.540353,35.109559],[-94.535035,35.111029],[-94.532755,35.109485],[-94.530841,35.110523],[-94.529357,35.10966],[-94.526368,35.109978],[-94.525083,35.110807],[-94.52295,35.109856],[-94.522376,35.108388],[-94.518489,35.109525],[-94.517172,35.109024],[-94.513835,35.108886],[-94.509308,35.107559],[-94.503611,35.106617],[-94.502568,35.107001],[-94.49298,35.106012],[-94.492125,35.107271],[-94.489214,35.104953],[-94.487636,35.104855],[-94.487335,35.102141],[-94.48742,35.094331],[-94.502996,35.094313],[-94.504792,35.093357],[-94.505205,35.079947],[-94.490682,35.079864],[-94.488068,35.079992],[-94.454259,35.079789],[-94.449953,35.080678],[-94.44264792926579,35.0802073754151],[-94.441232,35.119724],[-94.440754,35.128806],[-94.43955,35.169037],[-94.439509,35.171807],[-94.43886,35.187183],[-94.439056,35.193588],[-94.439084,35.197298],[-94.4388259283551,35.202042903582196],[-94.441161,35.205249],[-94.442858,35.216036],[-94.462116,35.215639],[-94.46239,35.209516],[-94.475213,35.209652],[-94.491482,35.207526],[-94.492113,35.2076],[-94.491652,35.203842],[-94.492611,35.203759],[-94.490983,35.200749],[-94.490518,35.19627],[-94.490852,35.193523],[-94.492433,35.188797],[-94.504895,35.188937],[-94.505252,35.185902],[-94.504901,35.181642],[-94.519021,35.181622],[-94.520307,35.181475],[-94.520327,35.185441],[-94.522578,35.192081],[-94.522389,35.196246],[-94.52277,35.202774],[-94.549616,35.201971],[-94.549309,35.208391],[-94.551194,35.206818],[-94.553485,35.206498],[-94.556215,35.207968],[-94.55966,35.209196],[-94.561453,35.208983],[-94.563975,35.207741],[-94.568893,35.202615],[-94.574589,35.198816],[-94.579981,35.197232],[-94.583714,35.195314],[-94.585151,35.192204],[-94.587241,35.190282],[-94.589431,35.189119],[-94.591841,35.188937],[-94.592947,35.190836],[-94.593703,35.19369],[-94.594502,35.194344],[-94.598063,35.194215],[-94.599547,35.193524],[-94.600308,35.191297],[-94.598388,35.188934],[-94.598263,35.188053],[-94.599569,35.185922],[-94.602106,35.184231],[-94.607743,35.182609],[-94.610794,35.182131],[-94.615222,35.182099],[-94.616131,35.183143],[-94.6163,35.18518],[-94.617586,35.187635],[-94.621125,35.190699],[-94.622588,35.191243],[-94.624907,35.190926],[-94.627903,35.189138],[-94.629114,35.189107],[-94.629028,35.172625],[-94.630311,35.170788],[-94.629083,35.169719],[-94.629053,35.1672],[-94.638152,35.167202],[-94.640414,35.1647],[-94.634038,35.163871],[-94.634066,35.159443],[-94.635499,35.159898],[-94.636884,35.159077],[-94.63789,35.16075],[-94.641587,35.161051],[-94.641646,35.159033],[-94.639665,35.157775],[-94.639405,35.156635],[-94.641523,35.155405],[-94.643576,35.15552],[-94.64691,35.154765],[-94.646838,35.148074]]]}},{"type":"Feature","properties":{"zcta5":"74577","AFFGEOID10":"8600000US74577","GEOID10":"74577","ALAND10":19633562,"AWATER10":197556,"county_name":"Le Flore","state_code":"OK","county_state":"Le Flore County, OK","county_fips":"40079","risk_level_county":"Medium Risk (70–79% vaccinated)","mean_vaccination_rate_county":71.9,"risk_level_zcta":"Lowest Risk (85%+)","mean_vaccination_rate_zips":94.85,"cases":1},"geometry":{"type":"Polygon","coordinates":[[[-94.85859,34.695299],[-94.869022,34.695301],[-94.868991,34.697843],[-94.867753,34.699392],[-94.867265,34.71703],[-94.874719,34.717046],[-94.874732,34.715352],[-94.875724,34.714278],[-94.876189,34.711502],[-94.878048,34.709095],[-94.878855,34.705641],[-94.880188,34.703529],[-94.881239,34.704814],[-94.8806,34.706677],[-94.880992,34.712522],[-94.885078,34.710555],[-94.88538,34.705825],[-94.88674,34.707563],[-94.890399,34.70923],[-94.894029,34.706684],[-94.893934,34.703154],[-94.893052,34.701682],[-94.893135,34.699929],[-94.894345,34.69873],[-94.894036,34.697582],[-94.896084,34.695775],[-94.895503,34.692897],[-94.89798,34.690599],[-94.897815,34.687334],[-94.896351,34.686856],[-94.896794,34.684749],[-94.895104,34.682253],[-94.893941,34.679436],[-94.890143,34.677694],[-94.889668,34.678625],[-94.890723,34.679847],[-94.890095,34.680907],[-94.885229,34.683125],[-94.885181,34.666319],[-94.872742,34.666332],[-94.871696,34.663973],[-94.865964,34.663496],[-94.856441,34.665967],[-94.850498,34.666247],[-94.784903,34.666549],[-94.784742,34.662787],[-94.783753,34.661587],[-94.779688,34.658494],[-94.773907,34.656987],[-94.771402,34.657814],[-94.771172,34.659926],[-94.773142,34.660673],[-94.773611,34.662292],[-94.776242,34.663509],[-94.778726,34.664026],[-94.78348,34.669987],[-94.783208,34.671681],[-94.782253,34.673176],[-94.782639,34.677886],[-94.783661,34.678819],[-94.783973,34.680424],[-94.785992,34.681656],[-94.785983,34.683606],[-94.788047,34.685951],[-94.790424,34.686296],[-94.790874,34.687223],[-94.792518,34.687722],[-94.794973,34.686905],[-94.797334,34.687063],[-94.800668,34.686152],[-94.804168,34.684325],[-94.806377,34.682112],[-94.808027,34.682195],[-94.808365,34.683537],[-94.807327,34.684844],[-94.807742,34.687114],[-94.809251,34.688286],[-94.810967,34.68836],[-94.812849,34.687594],[-94.813137,34.685092],[-94.812105,34.682886],[-94.81367,34.682691],[-94.81597,34.67907],[-94.817931,34.677652],[-94.818391,34.676505],[-94.817853,34.674981],[-94.818334,34.673278],[-94.819321,34.672752],[-94.82214,34.671765],[-94.825396,34.671833],[-94.827978,34.672745],[-94.82934,34.672081],[-94.833299,34.672183],[-94.83703,34.673887],[-94.839609,34.673518],[-94.841446,34.672057],[-94.845092,34.671649],[-94.849135,34.671963],[-94.85211,34.672865],[-94.852916,34.675062],[-94.854323,34.67493],[-94.857313,34.673138],[-94.858503,34.669273],[-94.859515,34.669275],[-94.863521,34.667131],[-94.86494,34.664922],[-94.866254,34.664446],[-94.867628,34.665805],[-94.868139,34.667539],[-94.870527,34.668393],[-94.872044,34.668215],[-94.873879,34.669047],[-94.873659,34.669895],[-94.875646,34.671886],[-94.878328,34.675903],[-94.880109,34.680026],[-94.878415,34.681182],[-94.879658,34.681062],[-94.878718,34.683434],[-94.880474,34.684108],[-94.879845,34.68711],[-94.881486,34.688598],[-94.882305,34.691539],[-94.882106,34.692703],[-94.880995,34.692935],[-94.876288,34.690589],[-94.875946,34.688842],[-94.875171,34.688419],[-94.864993,34.685539],[-94.86402,34.685784],[-94.863231,34.686866],[-94.860952,34.687963],[-94.861383,34.690364],[-94.859817,34.69258],[-94.859903,34.694013],[-94.85859,34.695299]]]}},{"type":"Feature","properties":{"zcta5":"74941","AFFGEOID10":"8600000US74941","GEOID10":"74941","ALAND10":291391705,"AWATER10":69188972,"county_name":"Le Flore","state_code":"OK","county_state":"Le Flore County, OK","county_fips":"40079","risk_level_county":"Medium Risk (70–79% vaccinated)","mean_vaccination_rate_county":71.9,"risk_level_zcta":"Lower Risk (80–84% vaccinated)","mean_vaccination_rate_zips":80.4,"cases":1},"geometry":{"type":"Polygon","coordinates":[[[-94.934239,35.395509],[-94.946423,35.3891],[-94.94657,35.376454],[-94.956645,35.376477],[-94.954326,35.371375],[-94.951347,35.356406],[-94.951971,35.354404],[-94.955488,35.35342],[-94.964423,35.349758],[-94.964432,35.34753],[-94.970664,35.347557],[-94.976294,35.345476],[-94.980557,35.346188],[-94.981782,35.34473],[-94.983921,35.344589],[-94.988107,35.346202],[-94.988897,35.345826],[-94.987379,35.344648],[-94.988124,35.343648],[-94.990803,35.342558],[-94.990822,35.311319],[-94.982025,35.311185],[-94.982106,35.296784],[-95.020437,35.296874],[-95.0217,35.295394],[-95.021426,35.293695],[-95.01813,35.291124],[-95.017462,35.289936],[-95.017503,35.284347],[-95.016805,35.283924],[-95.014027,35.284318],[-95.009096,35.28563],[-95.005217,35.285072],[-94.999306,35.281748],[-94.988864,35.279739],[-94.986781,35.279787],[-94.978511,35.281424],[-94.974676,35.28377],[-94.973387,35.282833],[-94.967204,35.285579],[-94.96389,35.286134],[-94.950054,35.282285],[-94.951989,35.27981],[-94.96082,35.273006],[-94.963547,35.268765],[-94.967826,35.258634],[-94.971353,35.258984],[-94.970684,35.257981],[-94.972341,35.25785],[-94.972063,35.256422],[-94.972992,35.252602],[-94.975493,35.252872],[-94.977305,35.250147],[-94.974543,35.249329],[-94.974242,35.247325],[-94.975522,35.245485],[-94.978371,35.242666],[-94.982937,35.239905],[-94.986618,35.23705],[-94.990542,35.232291],[-94.993966,35.224554],[-94.9939,35.221751],[-94.99142,35.220276],[-94.989409,35.219865],[-94.989992,35.218018],[-94.988625,35.216871],[-94.990964,35.214321],[-94.990929,35.209798],[-94.972295,35.209796],[-94.972099,35.207753],[-94.973474,35.202632],[-94.949752,35.202602],[-94.949727,35.188753],[-94.950445,35.186021],[-94.952452,35.184205],[-94.957187,35.181531],[-94.945789,35.181489],[-94.945557,35.17623],[-94.947847,35.175562],[-94.945432,35.174617],[-94.945122,35.171556],[-94.942969,35.172011],[-94.937851,35.174311],[-94.927949,35.174329],[-94.927936,35.202611],[-94.893039,35.202557],[-94.828955,35.202371],[-94.826482,35.200561],[-94.823689,35.200037],[-94.814108,35.202158],[-94.808615,35.204975],[-94.806561,35.205586],[-94.802057,35.205595],[-94.796636,35.204525],[-94.796608,35.231414],[-94.792139,35.23139],[-94.792122,35.232679],[-94.790826,35.231382],[-94.785578,35.231348],[-94.784961,35.233413],[-94.783874,35.233229],[-94.783236,35.235844],[-94.781569,35.237782],[-94.77977,35.238079],[-94.780143,35.239881],[-94.777873,35.241278],[-94.775548,35.242002],[-94.771567,35.245078],[-94.770461,35.245532],[-94.766295,35.245779],[-94.745262,35.245811],[-94.759488,35.255855],[-94.761316,35.25725],[-94.761173,35.284781],[-94.76103,35.286306],[-94.76106,35.303826],[-94.74346,35.303816],[-94.743469,35.332825],[-94.725217,35.332786],[-94.723366,35.331236],[-94.719698,35.329913],[-94.716215,35.329935],[-94.711426,35.331531],[-94.708424,35.331573],[-94.708089,35.325899],[-94.690928,35.325601],[-94.69086,35.329869],[-94.695228,35.330987],[-94.702276,35.332011],[-94.703995,35.332475],[-94.709581,35.335988],[-94.714589,35.339689],[-94.720559,35.34593],[-94.725697,35.349702],[-94.730013,35.35195],[-94.73782,35.354648],[-94.742855,35.355951],[-94.750224,35.356969],[-94.756413,35.356807],[-94.763835,35.355688],[-94.769727,35.355317],[-94.775247,35.35318],[-94.778444,35.350895],[-94.781441,35.347409],[-94.785001,35.342186],[-94.788584,35.335567],[-94.790095,35.333384],[-94.790528,35.331334],[-94.792713,35.32835],[-94.794374,35.327086],[-94.800908,35.324952],[-94.806051,35.323855],[-94.811716,35.32307],[-94.813629,35.323344],[-94.817259,35.323867],[-94.820681,35.325889],[-94.823785,35.329388],[-94.825912,35.333399],[-94.82746,35.337412],[-94.829013,35.346798],[-94.829152,35.351428],[-94.828947,35.356117],[-94.828972,35.361546],[-94.831227,35.365549],[-94.834949,35.368368],[-94.838538,35.370203],[-94.842143,35.371086],[-94.845184,35.370785],[-94.849677,35.368574],[-94.853055,35.36494],[-94.859515,35.360019],[-94.862371,35.358274],[-94.865894,35.356599],[-94.872418,35.354526],[-94.876908,35.354134],[-94.884542,35.351927],[-94.886713,35.351585],[-94.895516,35.349189],[-94.90198,35.346709],[-94.904692,35.346422],[-94.911917,35.346651],[-94.916629,35.348731],[-94.918707,35.350414],[-94.919579,35.353317],[-94.919266,35.354141],[-94.915314,35.35865],[-94.913234,35.360349],[-94.908688,35.362891],[-94.902444,35.367187],[-94.894739,35.373088],[-94.893517,35.375148],[-94.892302,35.379676],[-94.8923,35.384345],[-94.893928,35.388099],[-94.896275,35.391773],[-94.899477,35.395605],[-94.901832,35.39794],[-94.904685,35.398838],[-94.908155,35.398381],[-94.911143,35.397183],[-94.917045,35.393763],[-94.920495,35.393104],[-94.925745,35.392845],[-94.928892,35.39342],[-94.934239,35.395509]]]}},{"type":"Feature","properties":{"zcta5":"74902","AFFGEOID10":"8600000US74902","GEOID10":"74902","ALAND10":78664143,"AWATER10":749686,"county_name":"Le Flore","state_code":"OK","county_state":"Le Flore County, OK","county_fips":"40079","risk_level_county":"Medium Risk (70–79% vaccinated)","mean_vaccination_rate_county":71.9,"risk_level_zcta":"Medium Risk (70–79% vaccinated)","mean_vaccination_rate_zips":70.15,"cases":1},"geometry":{"type":"Polygon","coordinates":[[[-94.466842,35.312767],[-94.467357,35.308967],[-94.467165,35.306033],[-94.464794,35.301879],[-94.458568,35.297416],[-94.457832,35.29499],[-94.45769,35.29146],[-94.459516,35.288324],[-94.463251,35.286167],[-94.466507,35.282036],[-94.467838,35.281448],[-94.469988,35.281126],[-94.471666,35.28146],[-94.475915,35.284216],[-94.479959,35.284975],[-94.484722,35.284303],[-94.492757,35.281802],[-94.49416,35.280941],[-94.495974,35.279633],[-94.497799,35.27744],[-94.498875,35.274351],[-94.499128,35.270293],[-94.499905,35.266016],[-94.502266,35.26384],[-94.505935,35.262433],[-94.508683,35.260648],[-94.510971,35.257905],[-94.511548,35.255077],[-94.513999,35.250559],[-94.515305,35.247422],[-94.515373,35.245653],[-94.516122,35.243689],[-94.519545,35.240533],[-94.521756,35.236367],[-94.523823,35.233683],[-94.530213,35.228898],[-94.531927,35.228231],[-94.535639,35.228074],[-94.538748,35.226612],[-94.54023,35.225242],[-94.542107,35.221898],[-94.544545,35.2192],[-94.546457,35.216388],[-94.549342,35.213733],[-94.549781,35.212611],[-94.549161,35.210297],[-94.549309,35.208391],[-94.549616,35.201971],[-94.52277,35.202774],[-94.522389,35.196246],[-94.522578,35.192081],[-94.520327,35.185441],[-94.520307,35.181475],[-94.519021,35.181622],[-94.504901,35.181642],[-94.505252,35.185902],[-94.504895,35.188937],[-94.492433,35.188797],[-94.490852,35.193523],[-94.490518,35.19627],[-94.490983,35.200749],[-94.492611,35.203759],[-94.491652,35.203842],[-94.492113,35.2076],[-94.491482,35.207526],[-94.475213,35.209652],[-94.46239,35.209516],[-94.462116,35.215639],[-94.442858,35.216036],[-94.441161,35.205249],[-94.4388259283551,35.202042903582196],[-94.43847,35.208587],[-94.438247,35.210992],[-94.4378491196421,35.2228534736282],[-94.437578,35.230936],[-94.437774,35.239271],[-94.437578,35.242202],[-94.436595,35.250094],[-94.43629990978859,35.2580859323414],[-94.4362413546739,35.2596717813354],[-94.435812,35.2713],[-94.435706,35.274267],[-94.435316,35.275893],[-94.435315556281,35.276035877504],[-94.4353071146149,35.278754093999],[-94.43528,35.287485],[-94.43517,35.291494],[-94.4351549442577,35.291708048416],[-94.4351385060443,35.2919417515085],[-94.4351261907996,35.2921168381014],[-94.43471218157,35.298002832825894],[-94.434115,35.306493],[-94.43377876504039,35.3167551786562],[-94.433757661605,35.3173992735607],[-94.435444,35.317803],[-94.440607,35.317838],[-94.442487,35.317298],[-94.464834,35.317271],[-94.466842,35.312767]]]}},{"type":"Feature","properties":{"zcta5":"74901","AFFGEOID10":"8600000US74901","GEOID10":"74901","ALAND10":30518801,"AWATER10":934436,"county_name":"Le Flore","state_code":"OK","county_state":"Le Flore County, OK","county_fips":"40079","risk_level_county":"Medium Risk (70–79% vaccinated)","mean_vaccination_rate_county":71.9,"risk_level_zcta":"Medium Risk (70–79% vaccinated)","mean_vaccination_rate_zips":72.54,"cases":1},"geometry":{"type":"Polygon","coordinates":[[[-94.472803,35.375781],[-94.476914,35.374119],[-94.480101,35.372112],[-94.481783,35.37012],[-94.483603,35.369419],[-94.485538,35.367217],[-94.486688,35.36488],[-94.485861,35.360363],[-94.483267,35.355076],[-94.480521,35.352291],[-94.481543,35.349987],[-94.489051,35.345127],[-94.491294,35.34483],[-94.494771,35.342566],[-94.494379,35.337144],[-94.494738,35.332276],[-94.468138,35.332375],[-94.471906,35.327087],[-94.475967,35.320725],[-94.47483,35.31151],[-94.472973,35.311252],[-94.471277,35.31272],[-94.468012,35.312419],[-94.466842,35.312767],[-94.464834,35.317271],[-94.442487,35.317298],[-94.440607,35.317838],[-94.435444,35.317803],[-94.433757661605,35.3173992735607],[-94.43339464254859,35.3284789257665],[-94.43308973134701,35.3377850765255],[-94.432990002461,35.340828887454904],[-94.4328049857477,35.3464757558494],[-94.432245,35.363567],[-94.4325133269759,35.364291667463704],[-94.43269198813279,35.3647741755194],[-94.432951404186,35.3654747773602],[-94.433117,35.365922],[-94.431596,35.369538],[-94.432690278953,35.3736004880535],[-94.43315945127969,35.3753422806442],[-94.433415,35.376291],[-94.4331893242758,35.377687542676],[-94.433091,35.378296],[-94.43559,35.386122],[-94.441136,35.382146],[-94.446008,35.380101],[-94.451037,35.378957],[-94.454785,35.378495],[-94.460616,35.378637],[-94.468224,35.376339],[-94.466842,35.376998],[-94.472803,35.375781]]]}},{"type":"Feature","properties":{"zcta5":"74935","AFFGEOID10":"8600000US74935","GEOID10":"74935","ALAND10":29618723,"AWATER10":47272,"county_name":"Le Flore","state_code":"OK","county_state":"Le Flore County, OK","county_fips":"40079","risk_level_county":"Medium Risk (70–79% vaccinated)","mean_vaccination_rate_county":71.9,"risk_level_zcta":"Higher Risk (60–69% vaccinated)","mean_vaccination_rate_zips":61.07,"cases":1},"geometry":{"type":"Polygon","coordinates":[[[-94.927684,34.950092],[-94.927668,34.942212],[-94.92773,34.939286],[-94.929182,34.937663],[-94.92992,34.935198],[-94.928966,34.934077],[-94.93022,34.93106],[-94.928549,34.931102],[-94.926298,34.929426],[-94.925389,34.930621],[-94.922441,34.930322],[-94.921155,34.929217],[-94.918522,34.928831],[-94.918369,34.927683],[-94.916565,34.927737],[-94.915189,34.926939],[-94.916716,34.926994],[-94.916474,34.925763],[-94.913469,34.924769],[-94.912148,34.923709],[-94.912255,34.922648],[-94.91018,34.922672],[-94.910923,34.921495],[-94.90995,34.920952],[-94.906044,34.921752],[-94.904127,34.92294],[-94.901158,34.921178],[-94.898547,34.922182],[-94.898824,34.92383],[-94.897851,34.924653],[-94.895548,34.923507],[-94.891551,34.922544],[-94.888466,34.926408],[-94.885965,34.92588],[-94.884411,34.926335],[-94.883187,34.928073],[-94.881577,34.928187],[-94.879522,34.927613],[-94.87822,34.925828],[-94.875242,34.925231],[-94.874502,34.926467],[-94.876384,34.927976],[-94.876162,34.928845],[-94.873459,34.929894],[-94.869026,34.928684],[-94.865953,34.929529],[-94.859161,34.93689],[-94.852822,34.944307],[-94.84912,34.946759],[-94.839187,34.950429],[-94.840986,34.950442],[-94.841148,34.956476],[-94.848806,34.956147],[-94.892704,34.951981],[-94.892657,34.953947],[-94.890965,34.958646],[-94.892542,34.95857],[-94.892841,34.966829],[-94.892957,34.97314],[-94.894974,34.97328],[-94.89624,34.97465],[-94.900247,34.974823],[-94.906442,34.974658],[-94.908128,34.974879],[-94.908109,34.977191],[-94.913155,34.978174],[-94.915648,34.978103],[-94.917366,34.979397],[-94.917884,34.98164],[-94.91886,34.982011],[-94.920586,34.984793],[-94.92078,34.9866],[-94.925698,34.985491],[-94.927719,34.985659],[-94.927684,34.950092]]]}},{"type":"Feature","properties":{"zcta5":"74549","AFFGEOID10":"8600000US74549","GEOID10":"74549","ALAND10":99678810,"AWATER10":506316,"county_name":"Le Flore","state_code":"OK","county_state":"Le Flore County, OK","county_fips":"40079","risk_level_county":"Medium Risk (70–79% vaccinated)","mean_vaccination_rate_county":71.9,"risk_level_zcta":"Higher Risk (60–69% vaccinated)","mean_vaccination_rate_zips":64.7,"cases":1},"geometry":{"type":"Polygon","coordinates":[[[-95.010509,34.549818],[-95.008961,34.54847],[-95.008168,34.546429],[-95.003854,34.544704],[-95.002442,34.542602],[-95.002489,34.540797],[-95.006383,34.537813],[-95.008255,34.537313],[-95.008331,34.535361],[-95.011308,34.533877],[-95.012594,34.532682],[-95.013013,34.530762],[-95.014729,34.530381],[-95.014648,34.529143],[-95.010307,34.526553],[-95.008828,34.524332],[-95.00535,34.5225],[-94.999702,34.522358],[-94.995905,34.523233],[-94.991523,34.523246],[-94.990081,34.525647],[-94.990057,34.507088],[-94.944088,34.506921],[-94.940947,34.50647],[-94.937605,34.506831],[-94.937505,34.539074],[-94.935399,34.538146],[-94.932708,34.536146],[-94.899282,34.536206],[-94.898384,34.539586],[-94.895462,34.544609],[-94.89526,34.546946],[-94.89188,34.547599],[-94.890205,34.548509],[-94.88665,34.548482],[-94.885682,34.547963],[-94.882194,34.547674],[-94.877605,34.548016],[-94.876275,34.547751],[-94.874103,34.548449],[-94.872724,34.54812],[-94.871485,34.549107],[-94.86825,34.550081],[-94.863494,34.550559],[-94.859829,34.550682],[-94.857816,34.551432],[-94.855325,34.551631],[-94.853605,34.551267],[-94.849328,34.551452],[-94.847913,34.551993],[-94.845347,34.551528],[-94.842943,34.550445],[-94.840093,34.551836],[-94.837343,34.552275],[-94.837379,34.554589],[-94.839323,34.55606],[-94.841197,34.558493],[-94.842787,34.56123],[-94.846632,34.563287],[-94.848498,34.565813],[-94.847324,34.567938],[-94.849559,34.56879],[-94.850951,34.571734],[-94.849629,34.576724],[-94.848002,34.578176],[-94.847624,34.580517],[-94.847992,34.584501],[-94.846006,34.586898],[-94.843667,34.587608],[-94.841555,34.589158],[-94.840365,34.588554],[-94.838326,34.589516],[-94.834604,34.588022],[-94.83378,34.588347],[-94.833747,34.59016],[-94.832186,34.591617],[-94.832774,34.593907],[-94.91892,34.594161],[-94.919646,34.593991],[-94.937484,34.594329],[-94.937483,34.593588],[-94.990089,34.59375],[-94.990081,34.561434],[-94.99388,34.561197],[-94.99311,34.559386],[-94.994946,34.555438],[-94.997728,34.554588],[-95.001358,34.554186],[-95.006943,34.552594],[-95.010509,34.549818]]]}},{"type":"Feature","properties":{"zcta5":"74949","AFFGEOID10":"8600000US74949","GEOID10":"74949","ALAND10":73436150,"AWATER10":799368,"county_name":"Le Flore","state_code":"OK","county_state":"Le Flore County, OK","county_fips":"40079","risk_level_county":"Medium Risk (70–79% vaccinated)","mean_vaccination_rate_county":71.9,"risk_level_zcta":"Medium Risk (70–79% vaccinated)","mean_vaccination_rate_zips":72.58,"cases":1},"geometry":{"type":"Polygon","coordinates":[[[-94.85859,34.695299],[-94.859903,34.694013],[-94.859817,34.69258],[-94.861383,34.690364],[-94.860952,34.687963],[-94.863231,34.686866],[-94.86402,34.685784],[-94.864993,34.685539],[-94.875171,34.688419],[-94.875946,34.688842],[-94.876288,34.690589],[-94.880995,34.692935],[-94.882106,34.692703],[-94.882305,34.691539],[-94.881486,34.688598],[-94.879845,34.68711],[-94.880474,34.684108],[-94.878718,34.683434],[-94.879658,34.681062],[-94.878415,34.681182],[-94.880109,34.680026],[-94.878328,34.675903],[-94.875646,34.671886],[-94.873659,34.669895],[-94.873879,34.669047],[-94.872044,34.668215],[-94.870527,34.668393],[-94.868139,34.667539],[-94.867628,34.665805],[-94.866254,34.664446],[-94.86494,34.664922],[-94.863521,34.667131],[-94.859515,34.669275],[-94.858503,34.669273],[-94.857313,34.673138],[-94.854323,34.67493],[-94.852916,34.675062],[-94.85211,34.672865],[-94.849135,34.671963],[-94.845092,34.671649],[-94.841446,34.672057],[-94.839609,34.673518],[-94.83703,34.673887],[-94.833299,34.672183],[-94.82934,34.672081],[-94.827978,34.672745],[-94.825396,34.671833],[-94.82214,34.671765],[-94.819321,34.672752],[-94.818334,34.673278],[-94.817853,34.674981],[-94.818391,34.676505],[-94.817931,34.677652],[-94.81597,34.67907],[-94.81367,34.682691],[-94.812105,34.682886],[-94.813137,34.685092],[-94.812849,34.687594],[-94.810967,34.68836],[-94.809251,34.688286],[-94.807742,34.687114],[-94.807327,34.684844],[-94.808365,34.683537],[-94.808027,34.682195],[-94.806377,34.682112],[-94.804168,34.684325],[-94.800668,34.686152],[-94.797334,34.687063],[-94.794973,34.686905],[-94.792518,34.687722],[-94.790874,34.687223],[-94.790424,34.686296],[-94.788047,34.685951],[-94.785983,34.683606],[-94.785992,34.681656],[-94.783973,34.680424],[-94.783661,34.678819],[-94.782639,34.677886],[-94.782253,34.673176],[-94.783208,34.671681],[-94.78348,34.669987],[-94.778726,34.664026],[-94.776242,34.663509],[-94.773611,34.662292],[-94.773142,34.660673],[-94.771172,34.659926],[-94.771402,34.657814],[-94.773907,34.656987],[-94.777234,34.655027],[-94.779348,34.650656],[-94.77994,34.64832],[-94.777382,34.641155],[-94.776947,34.637167],[-94.777116,34.635234],[-94.775676,34.63377],[-94.776181,34.632661],[-94.778304,34.632438],[-94.777242,34.630582],[-94.777992,34.630122],[-94.779272,34.630239],[-94.779838,34.62905],[-94.782799,34.628354],[-94.792477,34.632709],[-94.79484,34.633052],[-94.796823,34.63233],[-94.800112,34.630221],[-94.799233,34.629801],[-94.799267,34.628427],[-94.789989,34.62234],[-94.786245,34.620528],[-94.783636,34.618837],[-94.779388,34.618431],[-94.775332,34.617583],[-94.766763,34.61671],[-94.759175,34.616718],[-94.757102,34.616172],[-94.75389,34.616083],[-94.745221,34.615232],[-94.736982,34.615434],[-94.733271,34.615095],[-94.727584,34.615556],[-94.722983,34.615619],[-94.721109,34.614863],[-94.715824,34.614888],[-94.711763,34.614433],[-94.710306,34.614907],[-94.704625,34.61456],[-94.702791,34.613924],[-94.695714,34.61383],[-94.692747,34.614429],[-94.684423,34.613286],[-94.680295,34.612065],[-94.681528,34.613765],[-94.684048,34.615072],[-94.690653,34.616384],[-94.689929,34.618588],[-94.690245,34.620814],[-94.693536,34.622022],[-94.697035,34.622205],[-94.694956,34.623003],[-94.69156,34.622786],[-94.689909,34.62335],[-94.683273,34.62242],[-94.683452,34.624221],[-94.687982,34.626056],[-94.690512,34.627417],[-94.693557,34.627147],[-94.696396,34.628176],[-94.698593,34.627892],[-94.705083,34.628881],[-94.705519,34.626865],[-94.706084,34.628688],[-94.708623,34.631659],[-94.708016,34.633588],[-94.707598,34.638902],[-94.706793,34.64171],[-94.706866,34.643253],[-94.708865,34.644086],[-94.713603,34.64421],[-94.71496,34.643628],[-94.716466,34.64445],[-94.71857,34.64453],[-94.720841,34.64552],[-94.721718,34.647457],[-94.720341,34.650247],[-94.722622,34.652228],[-94.725075,34.652899],[-94.723738,34.653699],[-94.722308,34.6566],[-94.721028,34.658069],[-94.718429,34.659266],[-94.715007,34.66003],[-94.714597,34.661233],[-94.712702,34.662884],[-94.708945,34.661734],[-94.703605,34.663687],[-94.702774,34.665542],[-94.700834,34.667031],[-94.701749,34.669412],[-94.697149,34.670764],[-94.695125,34.671726],[-94.689499,34.673672],[-94.686783,34.674955],[-94.684981,34.674817],[-94.683451,34.676814],[-94.684378,34.681167],[-94.727621,34.681249],[-94.727659,34.689393],[-94.729531,34.68903],[-94.731888,34.690517],[-94.732885,34.688594],[-94.736326,34.685824],[-94.737611,34.680861],[-94.740861,34.675179],[-94.740837,34.666636],[-94.751439,34.666655],[-94.751404,34.669171],[-94.75704,34.67125],[-94.760512,34.671993],[-94.762848,34.671966],[-94.762838,34.673946],[-94.760918,34.673884],[-94.761076,34.67544],[-94.764382,34.676616],[-94.768725,34.679578],[-94.771012,34.679318],[-94.773613,34.681827],[-94.775811,34.682297],[-94.776647,34.685881],[-94.780506,34.690412],[-94.780287,34.695942],[-94.776415,34.696349],[-94.778902,34.698017],[-94.778759,34.700705],[-94.77737,34.702341],[-94.774472,34.70326],[-94.773208,34.704854],[-94.771704,34.704706],[-94.771469,34.705659],[-94.77753,34.706361],[-94.778778,34.70623],[-94.779702,34.707071],[-94.78242,34.707131],[-94.784869,34.709461],[-94.789703,34.710034],[-94.791194,34.709293],[-94.794596,34.710624],[-94.798979,34.71178],[-94.801315,34.709314],[-94.803312,34.71054],[-94.805404,34.710795],[-94.806589,34.712823],[-94.809014,34.713884],[-94.812566,34.714305],[-94.817463,34.71673],[-94.818202,34.717933],[-94.819843,34.7186],[-94.822382,34.714182],[-94.823996,34.712863],[-94.82364,34.712266],[-94.826044,34.710753],[-94.827612,34.709201],[-94.827561,34.707627],[-94.82828,34.703151],[-94.828741,34.702247],[-94.828679,34.696727],[-94.828436,34.695362],[-94.831697,34.695337],[-94.83227,34.694189],[-94.831821,34.692789],[-94.833411,34.690803],[-94.832769,34.689422],[-94.833283,34.688],[-94.836948,34.68783],[-94.836965,34.684763],[-94.837842,34.684346],[-94.850231,34.684339],[-94.85,34.688913],[-94.850202,34.695299],[-94.85859,34.695299]]]}},{"type":"Feature","properties":{"zcta5":"74956","AFFGEOID10":"8600000US74956","GEOID10":"74956","ALAND10":106854962,"AWATER10":460825,"county_name":"Le Flore","state_code":"OK","county_state":"Le Flore County, OK","county_fips":"40079","risk_level_county":"Medium Risk (70–79% vaccinated)","mean_vaccination_rate_county":71.9,"risk_level_zcta":"Higher Risk (60–69% vaccinated)","mean_vaccination_rate_zips":64.98,"cases":1},"geometry":{"type":"Polygon","coordinates":[[[-94.881759,35.099565],[-94.879553,35.092357],[-94.875414,35.091064],[-94.875259,35.079438],[-94.876973,35.078829],[-94.880018,35.076678],[-94.880654,35.073714],[-94.881761,35.07136],[-94.882085,35.068192],[-94.881539,35.06632],[-94.88228,35.060712],[-94.883584,35.058227],[-94.872486,35.058294],[-94.871644,35.056923],[-94.873391,35.05549],[-94.874434,35.051111],[-94.87664,35.048916],[-94.88022,35.044324],[-94.883162,35.041322],[-94.885503,35.03945],[-94.88828,35.036462],[-94.889445,35.034161],[-94.892603,35.029235],[-94.8781,35.029211],[-94.875232,35.031367],[-94.875048,35.030302],[-94.87348,35.032131],[-94.872066,35.035449],[-94.868223,35.040212],[-94.865212,35.044352],[-94.863922,35.045401],[-94.861543,35.045752],[-94.859753,35.047064],[-94.857943,35.04968],[-94.855325,35.051793],[-94.855636,35.052886],[-94.853715,35.058617],[-94.850435,35.064536],[-94.84885,35.065485],[-94.848917,35.087112],[-94.840602,35.086948],[-94.822641,35.087205],[-94.822288,35.09079],[-94.814357,35.090812],[-94.81385,35.094441],[-94.789266,35.094143],[-94.791093,35.092029],[-94.789515,35.091205],[-94.787576,35.089027],[-94.787425,35.082385],[-94.786936,35.081426],[-94.785921,35.082179],[-94.782413,35.083237],[-94.781134,35.084789],[-94.781124,35.087052],[-94.779972,35.087043],[-94.778466,35.085301],[-94.775645,35.086537],[-94.778423,35.093009],[-94.778722,35.099564],[-94.776417,35.101158],[-94.772271,35.101727],[-94.743453,35.10181],[-94.742291,35.09789],[-94.742173,35.095754],[-94.740514,35.093293],[-94.740206,35.090153],[-94.738832,35.087574],[-94.736236,35.08423],[-94.735976,35.080833],[-94.734029,35.078072],[-94.733704,35.074675],[-94.73286,35.07218],[-94.731367,35.071118],[-94.731303,35.066026],[-94.729719,35.066485],[-94.721071,35.071255],[-94.716776,35.072235],[-94.716987,35.101463],[-94.698055,35.101742],[-94.693513,35.101583],[-94.681961,35.10159],[-94.681836,35.109025],[-94.672989,35.108525],[-94.672219,35.10922],[-94.671288,35.112091],[-94.665781,35.113429],[-94.655378,35.112217],[-94.649914,35.112204],[-94.647684,35.112896],[-94.647517,35.112996],[-94.650191,35.115348],[-94.649728,35.115658],[-94.650304,35.116587],[-94.651106,35.118787],[-94.650252,35.119144],[-94.64687,35.121279],[-94.645366,35.119019],[-94.643533,35.121953],[-94.646541,35.124562],[-94.64688,35.125892],[-94.644601,35.127081],[-94.641601,35.126474],[-94.639706,35.128526],[-94.641525,35.130764],[-94.644437,35.131333],[-94.644734,35.132087],[-94.641611,35.133446],[-94.641771,35.134413],[-94.644011,35.135381],[-94.650256,35.134608],[-94.651226,35.135487],[-94.65108,35.137999],[-94.651692,35.139151],[-94.651358,35.142394],[-94.649674,35.144319],[-94.645395,35.147324],[-94.646838,35.148074],[-94.652265,35.149275],[-94.653953,35.151481],[-94.656479,35.152365],[-94.657135,35.151881],[-94.656909,35.149777],[-94.659533,35.146321],[-94.663533,35.146816],[-94.663687,35.149141],[-94.664449,35.150416],[-94.66568,35.149548],[-94.665667,35.148234],[-94.667012,35.147773],[-94.670578,35.148208],[-94.672819,35.148123],[-94.676294,35.148569],[-94.676334,35.150782],[-94.677156,35.151681],[-94.682032,35.149468],[-94.684118,35.149475],[-94.681944,35.15061],[-94.681507,35.152558],[-94.682828,35.153572],[-94.684515,35.152524],[-94.686876,35.152707],[-94.691368,35.153913],[-94.694095,35.153551],[-94.696839,35.151453],[-94.695718,35.149434],[-94.696058,35.148706],[-94.701203,35.148275],[-94.706824,35.149124],[-94.707196,35.150701],[-94.70982,35.150014],[-94.713661,35.150736],[-94.714406,35.148563],[-94.71551,35.147413],[-94.718828,35.148933],[-94.722172,35.147539],[-94.724766,35.14864],[-94.730118,35.148984],[-94.73108,35.147064],[-94.729811,35.146156],[-94.730581,35.145092],[-94.732863,35.146332],[-94.734466,35.148459],[-94.736324,35.148586],[-94.738434,35.146857],[-94.739806,35.146872],[-94.742885,35.14812],[-94.74283,35.146046],[-94.745555,35.144609],[-94.748917,35.144824],[-94.7512,35.145612],[-94.755011,35.145438],[-94.754011,35.144283],[-94.755099,35.142757],[-94.75695,35.142763],[-94.758172,35.144363],[-94.762619,35.145911],[-94.765277,35.145832],[-94.767147,35.145208],[-94.766323,35.142031],[-94.76744,35.141514],[-94.767944,35.139711],[-94.769509,35.138726],[-94.772378,35.139257],[-94.775057,35.137023],[-94.776271,35.136932],[-94.77838,35.134922],[-94.779658,35.135079],[-94.780333,35.136319],[-94.782336,35.136715],[-94.783983,35.13616],[-94.786179,35.137255],[-94.787667,35.13559],[-94.789762,35.134646],[-94.789305,35.133134],[-94.788023,35.132627],[-94.787104,35.130597],[-94.789935,35.129322],[-94.790816,35.129617],[-94.790876,35.131405],[-94.794025,35.133832],[-94.795759,35.133385],[-94.797551,35.129221],[-94.799054,35.129343],[-94.801206,35.130549],[-94.803121,35.129671],[-94.8032,35.127491],[-94.801112,35.125967],[-94.803056,35.12538],[-94.805485,35.125727],[-94.808244,35.124725],[-94.809367,35.1237],[-94.812126,35.122762],[-94.814538,35.124181],[-94.815962,35.123731],[-94.815653,35.120796],[-94.817747,35.118976],[-94.820016,35.11916],[-94.824093,35.118843],[-94.827302,35.117409],[-94.830289,35.118869],[-94.830756,35.117301],[-94.833101,35.116989],[-94.833771,35.115937],[-94.836372,35.11503],[-94.832626,35.114146],[-94.833596,35.112717],[-94.835602,35.112283],[-94.837194,35.112804],[-94.837982,35.111161],[-94.841058,35.110347],[-94.844863,35.109747],[-94.844409,35.11156],[-94.845445,35.112121],[-94.848836,35.111531],[-94.850167,35.112449],[-94.852046,35.111915],[-94.852413,35.110547],[-94.854225,35.110727],[-94.855107,35.108996],[-94.856377,35.108424],[-94.859473,35.108659],[-94.862669,35.108223],[-94.862339,35.106671],[-94.863511,35.106531],[-94.865277,35.108656],[-94.866501,35.107733],[-94.866459,35.105972],[-94.867939,35.105045],[-94.866061,35.103382],[-94.867438,35.100035],[-94.869085,35.099336],[-94.869191,35.101196],[-94.87065,35.101246],[-94.871523,35.099073],[-94.87665,35.09879],[-94.881759,35.099565]]]}},{"type":"Feature","properties":{"zcta5":"74940","AFFGEOID10":"8600000US74940","GEOID10":"74940","ALAND10":159265790,"AWATER10":6369413,"county_name":"Le Flore","state_code":"OK","county_state":"Le Flore County, OK","county_fips":"40079","risk_level_county":"Medium Risk (70–79% vaccinated)","mean_vaccination_rate_county":71.9,"risk_level_zcta":"Higher Risk (60–69% vaccinated)","mean_vaccination_rate_zips":67.87,"cases":1},"geometry":{"type":"Polygon","coordinates":[[[-94.699023,34.966859],[-94.703914,34.966293],[-94.706444,34.964439],[-94.706115,34.962967],[-94.704139,34.962015],[-94.702852,34.96015],[-94.70323,34.955377],[-94.701133,34.951162],[-94.699921,34.950011],[-94.695416,34.948947],[-94.695168,34.947193],[-94.697034,34.947207],[-94.697039,34.944956],[-94.69951,34.944973],[-94.699498,34.942505],[-94.707538,34.942501],[-94.707367,34.933234],[-94.699491,34.931948],[-94.699451,34.927497],[-94.705444,34.927487],[-94.705706,34.925292],[-94.709058,34.92316],[-94.71119,34.925131],[-94.712571,34.925719],[-94.709561,34.933552],[-94.711994,34.933109],[-94.714488,34.933579],[-94.716698,34.935334],[-94.717246,34.9367],[-94.716213,34.939935],[-94.732337,34.939693],[-94.734757,34.939403],[-94.741648,34.934543],[-94.745092,34.934007],[-94.747938,34.932982],[-94.750281,34.932697],[-94.755353,34.931131],[-94.759013,34.931475],[-94.761258,34.932354],[-94.764769,34.934571],[-94.766418,34.934964],[-94.773677,34.934194],[-94.774806,34.933235],[-94.776923,34.929096],[-94.777752,34.928913],[-94.779041,34.926767],[-94.780778,34.925645],[-94.781566,34.920404],[-94.778306,34.921029],[-94.776063,34.91966],[-94.773234,34.918764],[-94.770959,34.920204],[-94.768635,34.919957],[-94.766986,34.921263],[-94.766388,34.922359],[-94.768345,34.923522],[-94.76319,34.922502],[-94.761964,34.919107],[-94.760163,34.918518],[-94.758354,34.915961],[-94.757574,34.913136],[-94.756237,34.911432],[-94.755976,34.905875],[-94.756865,34.905418],[-94.754498,34.903423],[-94.751918,34.903181],[-94.748641,34.901851],[-94.743083,34.901658],[-94.738825,34.900826],[-94.733473,34.900313],[-94.72968,34.899608],[-94.719064,34.898317],[-94.706709,34.896393],[-94.708129,34.897779],[-94.70795,34.898821],[-94.684794,34.893734],[-94.677232,34.892535],[-94.677354,34.894399],[-94.681647,34.894711],[-94.681462,34.897457],[-94.675614,34.897085],[-94.67169,34.896408],[-94.666735,34.896384],[-94.66563,34.896781],[-94.659602,34.896512],[-94.654624,34.897461],[-94.653374,34.897359],[-94.65343,34.899394],[-94.651795,34.900147],[-94.65097,34.898494],[-94.633375,34.898554],[-94.631972,34.901387],[-94.634618,34.906672],[-94.636663,34.908604],[-94.639244,34.909879],[-94.643024,34.912432],[-94.646494,34.914319],[-94.646567,34.927576],[-94.626442,34.927702],[-94.627881,34.93281],[-94.628694,34.939444],[-94.628699,34.94217],[-94.622239,34.94215],[-94.607944,34.942145],[-94.606597,34.941383],[-94.606504,34.935745],[-94.606808,34.934969],[-94.602286,34.934938],[-94.602159,34.935624],[-94.600051,34.935114],[-94.600044,34.934339],[-94.597641,34.932828],[-94.59762,34.930817],[-94.595697,34.928998],[-94.595417,34.927905],[-94.593514,34.926213],[-94.591986,34.925823],[-94.58933,34.924037],[-94.585727,34.924225],[-94.583851,34.92367],[-94.578653,34.923765],[-94.577686,34.923539],[-94.575797,34.921429],[-94.573782,34.917429],[-94.573194,34.914791],[-94.572176,34.913023],[-94.570216,34.913067],[-94.569227,34.913821],[-94.569511,34.915037],[-94.568536,34.915622],[-94.565973,34.914281],[-94.565757,34.913008],[-94.562107,34.913224],[-94.557756,34.912899],[-94.557675,34.928756],[-94.557782,34.930377],[-94.557789,34.941945],[-94.535903,34.942136],[-94.534669,34.943026],[-94.532872,34.945356],[-94.530302,34.946894],[-94.529634,34.949257],[-94.52687,34.950317],[-94.524479,34.953256],[-94.522958,34.956421],[-94.522655,34.958614],[-94.521586,34.959686],[-94.521558,34.961868],[-94.522793,34.962918],[-94.52384,34.966204],[-94.522378,34.968475],[-94.523396,34.970526],[-94.521701,34.97109],[-94.521393,34.97337],[-94.520331,34.974375],[-94.520644,34.97559],[-94.516329,34.978897],[-94.516395,34.980332],[-94.514097,34.98298],[-94.513755,34.98542],[-94.510894,34.98954],[-94.508616,34.990974],[-94.508348,34.99337],[-94.507653,34.993738],[-94.508004,34.995706],[-94.50316,34.997865],[-94.504196,34.999385],[-94.508363,35.001629],[-94.507756,35.004503],[-94.510882,35.005136],[-94.511856,35.00584],[-94.514154,35.005539],[-94.516106,35.003473],[-94.518958,35.003463],[-94.520948,35.00397],[-94.521254,35.005712],[-94.522743,35.005632],[-94.522734,35.01451],[-94.557983,35.014664],[-94.557964,35.010247],[-94.563775,35.012649],[-94.563921,35.014697],[-94.580188,35.014764],[-94.581787,35.023799],[-94.584087,35.023344],[-94.585915,35.025786],[-94.588687,35.027085],[-94.590067,35.026944],[-94.592046,35.025109],[-94.589108,35.022413],[-94.588508,35.018951],[-94.592919,35.018532],[-94.59431,35.018068],[-94.594813,35.016801],[-94.59132,35.01455],[-94.589812,35.012955],[-94.589751,35.011306],[-94.591826,35.008997],[-94.592121,35.007955],[-94.590401,35.006191],[-94.589089,35.00192],[-94.591059,35.001163],[-94.594773,35.002772],[-94.594231,35.006047],[-94.595565,35.007423],[-94.603988,35.002344],[-94.605889,35.000806],[-94.607249,35.000692],[-94.609787,35.002833],[-94.611002,35.007119],[-94.612834,35.008416],[-94.614278,35.008586],[-94.615465,35.008187],[-94.615846,35.005073],[-94.617635,35.003205],[-94.619598,35.003381],[-94.621955,35.004549],[-94.623905,35.003695],[-94.62453,34.998148],[-94.623722,34.995974],[-94.625276,34.994763],[-94.627789,34.994585],[-94.629833,34.995653],[-94.630633,34.996884],[-94.631468,35.000175],[-94.633878,35.000282],[-94.636805,34.998391],[-94.640151,34.997593],[-94.642157,34.995566],[-94.642334,34.991682],[-94.643928,34.989531],[-94.649193,34.989162],[-94.649854,34.986774],[-94.651304,34.984717],[-94.651059,34.983535],[-94.647561,34.981456],[-94.646929,34.979697],[-94.648415,34.978105],[-94.652869,34.976047],[-94.655881,34.973114],[-94.658227,34.971585],[-94.66316,34.971159],[-94.668934,34.971975],[-94.672499,34.972731],[-94.679661,34.972418],[-94.683107,34.969882],[-94.684709,34.969149],[-94.688812,34.969517],[-94.690057,34.968995],[-94.691777,34.966583],[-94.693728,34.966139],[-94.697027,34.966998],[-94.699023,34.966859]]]}},{"type":"Feature","properties":{"zcta5":"74930","AFFGEOID10":"8600000US74930","GEOID10":"74930","ALAND10":189275544,"AWATER10":724817,"county_name":"Le Flore","state_code":"OK","county_state":"Le Flore County, OK","county_fips":"40079","risk_level_county":"Medium Risk (70–79% vaccinated)","mean_vaccination_rate_county":71.9,"risk_level_zcta":"Higher Risk (60–69% vaccinated)","mean_vaccination_rate_zips":68.92,"cases":1},"geometry":{"type":"Polygon","coordinates":[[[-94.893039,35.202557],[-94.893153,35.162912],[-94.892974,35.159685],[-94.893257,35.156351],[-94.878052,35.159752],[-94.869897,35.159806],[-94.863755,35.161746],[-94.863724,35.16095],[-94.879027,35.156026],[-94.877484,35.155302],[-94.867172,35.151474],[-94.866829,35.145468],[-94.866086,35.145261],[-94.858108,35.145261],[-94.857992,35.130738],[-94.868601,35.130777],[-94.867299,35.130196],[-94.867712,35.128521],[-94.870032,35.128324],[-94.870152,35.125364],[-94.871391,35.125375],[-94.873408,35.124038],[-94.874436,35.122071],[-94.873532,35.12056],[-94.87196,35.120671],[-94.872038,35.117506],[-94.866668,35.117519],[-94.86537,35.116212],[-94.864748,35.116883],[-94.862387,35.115669],[-94.862386,35.11484],[-94.859564,35.114956],[-94.857263,35.114007],[-94.855993,35.114414],[-94.852722,35.113525],[-94.854225,35.110727],[-94.852413,35.110547],[-94.852046,35.111915],[-94.850167,35.112449],[-94.848836,35.111531],[-94.845445,35.112121],[-94.844409,35.11156],[-94.844863,35.109747],[-94.841058,35.110347],[-94.837982,35.111161],[-94.837194,35.112804],[-94.835602,35.112283],[-94.833596,35.112717],[-94.832626,35.114146],[-94.836372,35.11503],[-94.833771,35.115937],[-94.833101,35.116989],[-94.830756,35.117301],[-94.830289,35.118869],[-94.827302,35.117409],[-94.824093,35.118843],[-94.820016,35.11916],[-94.817747,35.118976],[-94.815653,35.120796],[-94.815962,35.123731],[-94.814538,35.124181],[-94.812126,35.122762],[-94.809367,35.1237],[-94.808244,35.124725],[-94.805485,35.125727],[-94.803056,35.12538],[-94.801112,35.125967],[-94.8032,35.127491],[-94.803121,35.129671],[-94.801206,35.130549],[-94.799054,35.129343],[-94.797551,35.129221],[-94.795759,35.133385],[-94.794025,35.133832],[-94.790876,35.131405],[-94.790816,35.129617],[-94.789935,35.129322],[-94.787104,35.130597],[-94.788023,35.132627],[-94.789305,35.133134],[-94.789762,35.134646],[-94.787667,35.13559],[-94.786179,35.137255],[-94.783983,35.13616],[-94.782336,35.136715],[-94.780333,35.136319],[-94.779658,35.135079],[-94.77838,35.134922],[-94.776271,35.136932],[-94.775057,35.137023],[-94.772378,35.139257],[-94.769509,35.138726],[-94.767944,35.139711],[-94.76744,35.141514],[-94.766323,35.142031],[-94.767147,35.145208],[-94.765277,35.145832],[-94.762619,35.145911],[-94.758172,35.144363],[-94.75695,35.142763],[-94.755099,35.142757],[-94.754011,35.144283],[-94.755011,35.145438],[-94.7512,35.145612],[-94.748917,35.144824],[-94.745555,35.144609],[-94.74283,35.146046],[-94.742885,35.14812],[-94.739806,35.146872],[-94.738434,35.146857],[-94.736324,35.148586],[-94.734466,35.148459],[-94.732863,35.146332],[-94.730581,35.145092],[-94.729811,35.146156],[-94.73108,35.147064],[-94.730118,35.148984],[-94.724766,35.14864],[-94.722172,35.147539],[-94.718828,35.148933],[-94.71551,35.147413],[-94.714406,35.148563],[-94.713661,35.150736],[-94.70982,35.150014],[-94.707196,35.150701],[-94.706824,35.149124],[-94.701203,35.148275],[-94.696058,35.148706],[-94.695718,35.149434],[-94.696839,35.151453],[-94.694095,35.153551],[-94.691368,35.153913],[-94.686876,35.152707],[-94.684515,35.152524],[-94.682828,35.153572],[-94.681507,35.152558],[-94.681944,35.15061],[-94.684118,35.149475],[-94.682032,35.149468],[-94.677156,35.151681],[-94.676334,35.150782],[-94.676294,35.148569],[-94.672819,35.148123],[-94.672831,35.158556],[-94.672634,35.161615],[-94.681022,35.161433],[-94.68112,35.167072],[-94.682153,35.188197],[-94.679394,35.18904],[-94.67328,35.191507],[-94.673109,35.202175],[-94.725895,35.202214],[-94.725895,35.209446],[-94.708189,35.209368],[-94.708187,35.213181],[-94.705105,35.215002],[-94.70258,35.215568],[-94.699875,35.214805],[-94.697317,35.213052],[-94.694565,35.213454],[-94.694203,35.212882],[-94.690563,35.21329],[-94.690661,35.236898],[-94.69614,35.235803],[-94.700797,35.235399],[-94.71485,35.236254],[-94.715301,35.237984],[-94.715993,35.236329],[-94.724435,35.236855],[-94.725855,35.237889],[-94.725904,35.266108],[-94.727868,35.266864],[-94.730112,35.272981],[-94.730745,35.27624],[-94.733684,35.282855],[-94.734363,35.28236],[-94.735839,35.284854],[-94.737648,35.285002],[-94.73846,35.285996],[-94.743526,35.285417],[-94.744646,35.286428],[-94.747259,35.285772],[-94.748768,35.287497],[-94.75157,35.287488],[-94.752315,35.289923],[-94.75345,35.290243],[-94.755456,35.287959],[-94.758222,35.286389],[-94.76103,35.286306],[-94.761173,35.284781],[-94.761316,35.25725],[-94.759488,35.255855],[-94.745262,35.245811],[-94.766295,35.245779],[-94.770461,35.245532],[-94.771567,35.245078],[-94.775548,35.242002],[-94.777873,35.241278],[-94.780143,35.239881],[-94.77977,35.238079],[-94.781569,35.237782],[-94.783236,35.235844],[-94.783874,35.233229],[-94.784961,35.233413],[-94.785578,35.231348],[-94.790826,35.231382],[-94.792122,35.232679],[-94.792139,35.23139],[-94.796608,35.231414],[-94.796636,35.204525],[-94.802057,35.205595],[-94.806561,35.205586],[-94.808615,35.204975],[-94.814108,35.202158],[-94.823689,35.200037],[-94.826482,35.200561],[-94.828955,35.202371],[-94.893039,35.202557]]]}},{"type":"Feature","properties":{"zcta5":"74951","AFFGEOID10":"8600000US74951","GEOID10":"74951","ALAND10":16251465,"AWATER10":617678,"county_name":"Le Flore","state_code":"OK","county_state":"Le Flore County, OK","county_fips":"40079","risk_level_county":"Medium Risk (70–79% vaccinated)","mean_vaccination_rate_county":71.9,"risk_level_zcta":"Medium Risk (70–79% vaccinated)","mean_vaccination_rate_zips":75.81,"cases":1},"geometry":{"type":"Polygon","coordinates":[[[-94.67328,35.191507],[-94.679394,35.18904],[-94.682153,35.188197],[-94.68112,35.167072],[-94.681022,35.161433],[-94.672634,35.161615],[-94.672831,35.158556],[-94.672819,35.148123],[-94.670578,35.148208],[-94.667012,35.147773],[-94.665667,35.148234],[-94.66568,35.149548],[-94.664449,35.150416],[-94.663687,35.149141],[-94.663533,35.146816],[-94.659533,35.146321],[-94.656909,35.149777],[-94.657135,35.151881],[-94.656479,35.152365],[-94.653953,35.151481],[-94.652265,35.149275],[-94.646838,35.148074],[-94.64691,35.154765],[-94.643576,35.15552],[-94.641523,35.155405],[-94.639405,35.156635],[-94.639665,35.157775],[-94.641646,35.159033],[-94.641587,35.161051],[-94.63789,35.16075],[-94.636884,35.159077],[-94.635499,35.159898],[-94.634066,35.159443],[-94.634038,35.163871],[-94.640414,35.1647],[-94.638152,35.167202],[-94.629053,35.1672],[-94.629083,35.169719],[-94.630311,35.170788],[-94.629028,35.172625],[-94.629114,35.189107],[-94.633268,35.190539],[-94.635987,35.19103],[-94.640181,35.190797],[-94.645729,35.189884],[-94.647015,35.188285],[-94.64903,35.188412],[-94.64883,35.186137],[-94.650336,35.184863],[-94.653335,35.185012],[-94.655531,35.183435],[-94.657499,35.183656],[-94.658563,35.185266],[-94.660852,35.184327],[-94.66108,35.185734],[-94.662606,35.186102],[-94.666112,35.179754],[-94.673373,35.179778],[-94.67328,35.191507]]]}},{"type":"Feature","properties":{"zcta5":"74959","AFFGEOID10":"8600000US74959","GEOID10":"74959","ALAND10":251345796,"AWATER10":10472807,"county_name":"Le Flore","state_code":"OK","county_state":"Le Flore County, OK","county_fips":"40079","risk_level_county":"Medium Risk (70–79% vaccinated)","mean_vaccination_rate_county":71.9,"risk_level_zcta":"Medium Risk (70–79% vaccinated)","mean_vaccination_rate_zips":78.17,"cases":1},"geometry":{"type":"Polygon","coordinates":[[[-94.69086,35.329869],[-94.690928,35.325601],[-94.708089,35.325899],[-94.708424,35.331573],[-94.711426,35.331531],[-94.716215,35.329935],[-94.719698,35.329913],[-94.723366,35.331236],[-94.725217,35.332786],[-94.743469,35.332825],[-94.74346,35.303816],[-94.76106,35.303826],[-94.76103,35.286306],[-94.758222,35.286389],[-94.755456,35.287959],[-94.75345,35.290243],[-94.752315,35.289923],[-94.75157,35.287488],[-94.748768,35.287497],[-94.747259,35.285772],[-94.744646,35.286428],[-94.743526,35.285417],[-94.73846,35.285996],[-94.737648,35.285002],[-94.735839,35.284854],[-94.734363,35.28236],[-94.733684,35.282855],[-94.730745,35.27624],[-94.730112,35.272981],[-94.727868,35.266864],[-94.725904,35.266108],[-94.725855,35.237889],[-94.724435,35.236855],[-94.715993,35.236329],[-94.715301,35.237984],[-94.71485,35.236254],[-94.700797,35.235399],[-94.69614,35.235803],[-94.690661,35.236898],[-94.690563,35.21329],[-94.694203,35.212882],[-94.694565,35.213454],[-94.697317,35.213052],[-94.699875,35.214805],[-94.70258,35.215568],[-94.705105,35.215002],[-94.708187,35.213181],[-94.708189,35.209368],[-94.725895,35.209446],[-94.725895,35.202214],[-94.673109,35.202175],[-94.67328,35.191507],[-94.673373,35.179778],[-94.666112,35.179754],[-94.662606,35.186102],[-94.66108,35.185734],[-94.660852,35.184327],[-94.658563,35.185266],[-94.657499,35.183656],[-94.655531,35.183435],[-94.653335,35.185012],[-94.650336,35.184863],[-94.64883,35.186137],[-94.64903,35.188412],[-94.647015,35.188285],[-94.645729,35.189884],[-94.640181,35.190797],[-94.635987,35.19103],[-94.633268,35.190539],[-94.629114,35.189107],[-94.627903,35.189138],[-94.624907,35.190926],[-94.622588,35.191243],[-94.621125,35.190699],[-94.617586,35.187635],[-94.6163,35.18518],[-94.616131,35.183143],[-94.615222,35.182099],[-94.610794,35.182131],[-94.607743,35.182609],[-94.602106,35.184231],[-94.599569,35.185922],[-94.598263,35.188053],[-94.598388,35.188934],[-94.600308,35.191297],[-94.599547,35.193524],[-94.598063,35.194215],[-94.594502,35.194344],[-94.593703,35.19369],[-94.592947,35.190836],[-94.591841,35.188937],[-94.589431,35.189119],[-94.587241,35.190282],[-94.585151,35.192204],[-94.583714,35.195314],[-94.579981,35.197232],[-94.574589,35.198816],[-94.568893,35.202615],[-94.563975,35.207741],[-94.561453,35.208983],[-94.55966,35.209196],[-94.556215,35.207968],[-94.553485,35.206498],[-94.551194,35.206818],[-94.549309,35.208391],[-94.549161,35.210297],[-94.549781,35.212611],[-94.549342,35.213733],[-94.546457,35.216388],[-94.544545,35.2192],[-94.542107,35.221898],[-94.54023,35.225242],[-94.538748,35.226612],[-94.535639,35.228074],[-94.531927,35.228231],[-94.530213,35.228898],[-94.523823,35.233683],[-94.521756,35.236367],[-94.519545,35.240533],[-94.516122,35.243689],[-94.515373,35.245653],[-94.515305,35.247422],[-94.513999,35.250559],[-94.511548,35.255077],[-94.510971,35.257905],[-94.508683,35.260648],[-94.505935,35.262433],[-94.502266,35.26384],[-94.499905,35.266016],[-94.499128,35.270293],[-94.498875,35.274351],[-94.497799,35.27744],[-94.495974,35.279633],[-94.49416,35.280941],[-94.492757,35.281802],[-94.484722,35.284303],[-94.479959,35.284975],[-94.475915,35.284216],[-94.471666,35.28146],[-94.469988,35.281126],[-94.467838,35.281448],[-94.466507,35.282036],[-94.463251,35.286167],[-94.459516,35.288324],[-94.45769,35.29146],[-94.457832,35.29499],[-94.458568,35.297416],[-94.464794,35.301879],[-94.467165,35.306033],[-94.467357,35.308967],[-94.466842,35.312767],[-94.468012,35.312419],[-94.471277,35.31272],[-94.472973,35.311252],[-94.47483,35.31151],[-94.475967,35.320725],[-94.471906,35.327087],[-94.468138,35.332375],[-94.494738,35.332276],[-94.494797,35.329809],[-94.492005,35.325406],[-94.48774,35.322507],[-94.483299,35.318105],[-94.482063,35.315374],[-94.481147,35.309507],[-94.482368,35.307248],[-94.485328,35.304792],[-94.490178,35.303183],[-94.491437,35.302228],[-94.494555,35.301126],[-94.496241,35.301844],[-94.498307,35.304545],[-94.501091,35.305835],[-94.504128,35.305924],[-94.505696,35.304939],[-94.511175,35.30452],[-94.515224,35.306574],[-94.515201,35.308692],[-94.516956,35.309517],[-94.519129,35.308193],[-94.52865,35.3052],[-94.533528,35.304331],[-94.538461,35.30435],[-94.542732,35.304961],[-94.547647,35.306352],[-94.55463,35.310219],[-94.563551,35.319864],[-94.565201,35.322632],[-94.569148,35.325641],[-94.576472,35.328867],[-94.583178,35.328294],[-94.588959,35.328526],[-94.594801,35.327974],[-94.59882,35.326445],[-94.603862,35.321683],[-94.60997,35.312993],[-94.612975,35.307628],[-94.615879,35.304111],[-94.621156,35.300749],[-94.625221,35.297522],[-94.629504,35.29527],[-94.633432,35.293769],[-94.643506,35.29178],[-94.647967,35.29123],[-94.65182,35.291214],[-94.65743,35.291582],[-94.66313,35.292563],[-94.668796,35.295029],[-94.6738,35.298756],[-94.675601,35.300527],[-94.678342,35.3048],[-94.678556,35.3071],[-94.67819,35.311888],[-94.678379,35.315569],[-94.678889,35.318409],[-94.680435,35.322659],[-94.683459,35.326252],[-94.684885,35.32729],[-94.69086,35.329869]]]}},{"type":"Feature","properties":{"zcta5":"74563","AFFGEOID10":"8600000US74563","GEOID10":"74563","ALAND10":488917678,"AWATER10":2643163,"county_name":"Le Flore","state_code":"OK","county_state":"Le Flore County, OK","county_fips":"40079","risk_level_county":"Medium Risk (70–79% vaccinated)","mean_vaccination_rate_county":71.9,"risk_level_zcta":"Medium Risk (70–79% vaccinated)","mean_vaccination_rate_zips":70.43,"cases":1},"geometry":{"type":"Polygon","coordinates":[[[-95.208124,35.057897],[-95.208462,35.043288],[-95.190917,35.043274],[-95.190833,35.014366],[-95.186963,35.014337],[-95.186019,35.013771],[-95.185106,35.012705],[-95.185347,35.010296],[-95.182033,35.009155],[-95.18074,35.005465],[-95.181448,35.003563],[-95.180114,35.000537],[-95.179869,34.998632],[-95.177798,34.99829],[-95.17892,34.996587],[-95.176108,34.993788],[-95.174319,34.992951],[-95.173828,34.991864],[-95.177411,34.991998],[-95.181947,34.990877],[-95.185756,34.988222],[-95.187346,34.987967],[-95.191016,34.98843],[-95.193641,34.98651],[-95.197095,34.985941],[-95.198766,34.986303],[-95.203417,34.984318],[-95.204672,34.982657],[-95.205999,34.983264],[-95.207262,34.985475],[-95.207472,34.983807],[-95.212121,34.983215],[-95.216619,34.982044],[-95.221043,34.979086],[-95.223058,34.978087],[-95.227732,34.973801],[-95.227199,34.972761],[-95.230229,34.974145],[-95.234681,34.974351],[-95.237532,34.975174],[-95.242698,34.973176],[-95.241511,34.971023],[-95.235329,34.966503],[-95.232256,34.966132],[-95.228263,34.964478],[-95.228014,34.963206],[-95.224213,34.962352],[-95.222488,34.961243],[-95.220699,34.958463],[-95.21758,34.956149],[-95.213447,34.955965],[-95.212106,34.954117],[-95.208055,34.953236],[-95.208698,34.95159],[-95.207296,34.947953],[-95.207728,34.945034],[-95.206004,34.943011],[-95.206811,34.940429],[-95.208417,34.940079],[-95.209074,34.938321],[-95.200374,34.940486],[-95.191132,34.940612],[-95.191362,34.937634],[-95.213591,34.931443],[-95.21333,34.929936],[-95.214037,34.924284],[-95.217612,34.923444],[-95.217554,34.921639],[-95.216095,34.921021],[-95.216443,34.919153],[-95.217588,34.918677],[-95.217556,34.913083],[-95.216011,34.912907],[-95.215208,34.910788],[-95.215269,34.902088],[-95.21746,34.902041],[-95.217472,34.898422],[-95.213562,34.899022],[-95.210024,34.898418],[-95.167453,34.898385],[-95.16698,34.898133],[-95.167028,34.894614],[-95.168904,34.891613],[-95.168635,34.890405],[-95.170352,34.889292],[-95.16932,34.888586],[-95.169933,34.886107],[-95.167785,34.883956],[-95.17357,34.883885],[-95.173387,34.875217],[-95.170192,34.874883],[-95.166727,34.876622],[-95.166172,34.87473],[-95.164103,34.873385],[-95.160062,34.871752],[-95.158384,34.867165],[-95.156397,34.864244],[-95.153824,34.864177],[-95.151814,34.863566],[-95.147276,34.860784],[-95.147272,34.858745],[-95.152301,34.857008],[-95.154582,34.854988],[-95.147514,34.854252],[-95.143698,34.853728],[-95.140642,34.854963],[-95.13669,34.854669],[-95.136228,34.853027],[-95.133978,34.85171],[-95.127441,34.849969],[-95.124265,34.850213],[-95.121501,34.849788],[-95.122317,34.853022],[-95.120941,34.852196],[-95.115146,34.852246],[-95.116551,34.854684],[-95.102539,34.854709],[-95.102071,34.862357],[-95.102211,34.869167],[-95.138159,34.86935],[-95.138258,34.883916],[-95.103314,34.88366],[-95.1033,34.892634],[-95.098995,34.89403],[-95.096735,34.89355],[-95.094795,34.894595],[-95.091829,34.895175],[-95.08987,34.894944],[-95.085861,34.895611],[-95.085895,34.898197],[-95.076924,34.898287],[-95.076094,34.8898],[-95.0743,34.881572],[-95.071512,34.865717],[-95.071615,34.864539],[-95.070007,34.863027],[-95.068414,34.859788],[-95.067577,34.856968],[-95.067922,34.853002],[-95.066,34.851306],[-95.061081,34.85124],[-95.059477,34.850851],[-95.059512,34.855019],[-95.011269,34.85514],[-95.007916,34.855328],[-95.00384,34.854966],[-94.99781,34.855078],[-94.99762,34.863424],[-94.997843,34.865614],[-94.99812,34.942157],[-94.998107,34.948442],[-94.997751,34.949095],[-94.980343,34.949212],[-94.980389,34.963624],[-94.962631,34.964404],[-94.959307,34.963845],[-94.956832,34.964136],[-94.952339,34.963989],[-94.949757,34.964852],[-94.94611,34.965222],[-94.942951,34.96438],[-94.940936,34.965184],[-94.939581,34.96374],[-94.941118,34.960525],[-94.941121,34.957565],[-94.944925,34.955617],[-94.945259,34.954678],[-94.945307,34.950039],[-94.935087,34.949902],[-94.927684,34.950092],[-94.927719,34.985659],[-94.927684,35.00524],[-94.917431,35.008518],[-94.906876,35.0127],[-94.902276,35.015145],[-94.896327,35.017791],[-94.886851,35.023185],[-94.883139,35.026177],[-94.882815,35.025622],[-94.8781,35.029211],[-94.892603,35.029235],[-94.889445,35.034161],[-94.88828,35.036462],[-94.885503,35.03945],[-94.883162,35.041322],[-94.88022,35.044324],[-94.87664,35.048916],[-94.874434,35.051111],[-94.873391,35.05549],[-94.871644,35.056923],[-94.872486,35.058294],[-94.883584,35.058227],[-94.88228,35.060712],[-94.881539,35.06632],[-94.882085,35.068192],[-94.881761,35.07136],[-94.880654,35.073714],[-94.880018,35.076678],[-94.876973,35.078829],[-94.875259,35.079438],[-94.875414,35.091064],[-94.879553,35.092357],[-94.881759,35.099565],[-94.883291,35.098496],[-94.882006,35.095588],[-94.882489,35.092804],[-94.884977,35.092112],[-94.886522,35.092341],[-94.888838,35.091327],[-94.887478,35.090491],[-94.886225,35.088406],[-94.886938,35.088055],[-94.891499,35.087848],[-94.893132,35.088114],[-94.893531,35.085007],[-94.898653,35.082624],[-94.899713,35.082706],[-94.900709,35.081106],[-94.904374,35.081605],[-94.90629,35.080694],[-94.90738,35.078702],[-94.906249,35.077297],[-94.906361,35.075653],[-94.903016,35.074514],[-94.903706,35.07268],[-94.915735,35.072708],[-94.915939,35.07141],[-94.915667,35.063503],[-94.915246,35.061925],[-94.917789,35.061975],[-94.919114,35.060725],[-94.919035,35.05826],[-94.922033,35.058602],[-94.923585,35.058244],[-94.923714,35.051161],[-94.927852,35.051144],[-94.927863,35.058279],[-95.04731,35.057658],[-95.10357,35.057523],[-95.178817,35.057897],[-95.208124,35.057897]]]}}]}