{"type":"FeatureCollection","features":[{"type":"Feature","properties":{"zcta5":"13316","AFFGEOID10":"8600000US13316","GEOID10":"13316","ALAND10":420190757,"AWATER10":717952,"county_name":"Lewis","state_code":"NY","county_state":"Lewis County, NY","county_fips":"36049","risk_level_county":"Medium Risk (70–79% vaccinated)","mean_vaccination_rate_county":79.53,"risk_level_zcta":"Medium Risk (70–79% vaccinated)","mean_vaccination_rate_zips":78.55,"cases":26},"geometry":{"type":"MultiPolygon","coordinates":[[[[-75.741106,43.646808],[-75.742686,43.644091],[-75.738877,43.634077],[-75.726591,43.62268],[-75.719047,43.616842],[-75.712299,43.612908],[-75.714693,43.611855],[-75.711513,43.60836],[-75.708141,43.607005],[-75.707526,43.605992],[-75.703864,43.604591],[-75.698559,43.603098],[-75.696897,43.601779],[-75.696718,43.597611],[-75.69262,43.595932],[-75.692258,43.594067],[-75.692286,43.590097],[-75.694689,43.58753],[-75.697214,43.586272],[-75.697862,43.584257],[-75.703093,43.579833],[-75.706943,43.575755],[-75.706924,43.574899],[-75.708995,43.573218],[-75.707896,43.571863],[-75.705017,43.571755],[-75.700187,43.57072],[-75.699001,43.570073],[-75.696283,43.569999],[-75.695216,43.571934],[-75.695205,43.573785],[-75.697808,43.576455],[-75.698282,43.579398],[-75.695752,43.580622],[-75.695533,43.581541],[-75.696889,43.583815],[-75.696565,43.58454],[-75.69379,43.58513],[-75.692303,43.585986],[-75.68869,43.586766],[-75.686531,43.586827],[-75.685616,43.587684],[-75.683708,43.587286],[-75.682339,43.588642],[-75.681856,43.590096],[-75.679573,43.591109],[-75.677927,43.591116],[-75.675853,43.593675],[-75.675363,43.596789],[-75.676401,43.598885],[-75.677708,43.6002],[-75.676473,43.600482],[-75.675188,43.603439],[-75.67102,43.603599],[-75.670326,43.604056],[-75.670483,43.607051],[-75.671557,43.608514],[-75.669189,43.609017],[-75.665463,43.610961],[-75.665084,43.611761],[-75.6658,43.615157],[-75.664414,43.617525],[-75.665144,43.620235],[-75.665688,43.626356],[-75.666572,43.627763],[-75.669792,43.630285],[-75.670616,43.632585],[-75.669814,43.635187],[-75.66726,43.636737],[-75.667235,43.637639],[-75.67015,43.641895],[-75.666656,43.644419],[-75.663693,43.645833],[-75.670785,43.646572],[-75.675404,43.646066],[-75.677394,43.64691],[-75.678127,43.647914],[-75.674642,43.651538],[-75.674873,43.651977],[-75.726152,43.647979],[-75.73139,43.649872],[-75.741006,43.650188],[-75.74178,43.649747],[-75.741106,43.646808]]],[[[-75.812405,43.264598],[-75.82059,43.266297],[-75.822457,43.261455],[-75.827064,43.262381],[-75.825248,43.267325],[-75.828559,43.268056],[-75.831632,43.260141],[-75.829097,43.259524],[-75.824139,43.256002],[-75.817961,43.262843],[-75.8125,43.264552],[-75.812405,43.264598]]],[[[-75.861113,43.38029],[-75.867781,43.365877],[-75.873636,43.367803],[-75.875736,43.368119],[-75.884011,43.368444],[-75.886873,43.368312],[-75.887978,43.36389],[-75.888277,43.361026],[-75.889013,43.359458],[-75.891451,43.357356],[-75.895893,43.346824],[-75.896092,43.345856],[-75.895805,43.34468],[-75.892875,43.338592],[-75.892933,43.339119],[-75.880739,43.337978],[-75.886756,43.325021],[-75.885857,43.324742],[-75.862934,43.319222],[-75.798193,43.303905],[-75.79647,43.303137],[-75.800023,43.299521],[-75.80035,43.298611],[-75.80311,43.298004],[-75.80505,43.298181],[-75.807634,43.299719],[-75.811112,43.299464],[-75.813624,43.296947],[-75.815945,43.295903],[-75.818442,43.292616],[-75.822854,43.287564],[-75.821611,43.284966],[-75.823027,43.282568],[-75.82593,43.28219],[-75.82595,43.278887],[-75.828169,43.277555],[-75.82737,43.276705],[-75.827744,43.274908],[-75.825188,43.271512],[-75.822396,43.270847],[-75.820194,43.26946],[-75.814299,43.268497],[-75.812971,43.267516],[-75.810497,43.267772],[-75.808372,43.26697],[-75.812405,43.264598],[-75.780909,43.257339],[-75.784051,43.249982],[-75.769811,43.246664],[-75.769998,43.245969],[-75.767761,43.243361],[-75.768764,43.240934],[-75.767989,43.239721],[-75.766554,43.239822],[-75.762283,43.238765],[-75.759225,43.239778],[-75.75301,43.239105],[-75.750432,43.239296],[-75.747695,43.241354],[-75.744988,43.242092],[-75.744115,43.244452],[-75.740465,43.243654],[-75.737845,43.247104],[-75.732853,43.251997],[-75.730009,43.253737],[-75.736339,43.255286],[-75.730262,43.264646],[-75.710729,43.281071],[-75.709386,43.279452],[-75.705818,43.283488],[-75.703779,43.284634],[-75.699131,43.285603],[-75.702534,43.287737],[-75.703091,43.288637],[-75.692598,43.312854],[-75.675783,43.355122],[-75.681998,43.361371],[-75.682842,43.364065],[-75.673834,43.361909],[-75.672359,43.363312],[-75.667888,43.364516],[-75.660194,43.381825],[-75.657764,43.392084],[-75.647557,43.390501],[-75.646628,43.391239],[-75.648472,43.396374],[-75.65029,43.399271],[-75.650413,43.400398],[-75.654623,43.401933],[-75.651632,43.41101],[-75.650871,43.409635],[-75.647792,43.407494],[-75.644045,43.406112],[-75.641505,43.404208],[-75.638567,43.402642],[-75.635772,43.399786],[-75.634844,43.398247],[-75.632473,43.396347],[-75.630402,43.395853],[-75.627401,43.39276],[-75.62225,43.404124],[-75.621774,43.406991],[-75.620126,43.406148],[-75.620208,43.403532],[-75.618737,43.402251],[-75.616738,43.402029],[-75.612385,43.399476],[-75.608326,43.399833],[-75.614558,43.401758],[-75.611582,43.408627],[-75.609518,43.414865],[-75.610754,43.416113],[-75.61247,43.419891],[-75.614457,43.420866],[-75.616233,43.417027],[-75.616674,43.420672],[-75.61851,43.423217],[-75.621615,43.425335],[-75.62211,43.427606],[-75.623647,43.42822],[-75.623282,43.432778],[-75.635176,43.435269],[-75.636104,43.437957],[-75.637319,43.438908],[-75.6395,43.444149],[-75.65369,43.447135],[-75.650899,43.452185],[-75.649731,43.45593],[-75.644987,43.461654],[-75.648451,43.463577],[-75.652045,43.465096],[-75.655031,43.466892],[-75.657689,43.467715],[-75.66336,43.470728],[-75.666145,43.477972],[-75.667527,43.478717],[-75.657758,43.489576],[-75.658853,43.491152],[-75.658895,43.495245],[-75.658189,43.495782],[-75.664614,43.503422],[-75.665606,43.507323],[-75.666932,43.509935],[-75.665689,43.513704],[-75.663285,43.516361],[-75.665134,43.520346],[-75.664854,43.521756],[-75.662156,43.523768],[-75.660264,43.52661],[-75.662158,43.529156],[-75.663207,43.531301],[-75.6608,43.535947],[-75.661727,43.538184],[-75.662613,43.53935],[-75.664676,43.53952],[-75.664848,43.540574],[-75.661311,43.542997],[-75.659605,43.543458],[-75.663337,43.546957],[-75.66368,43.549846],[-75.663168,43.552459],[-75.665017,43.555718],[-75.664703,43.557261],[-75.666761,43.559213],[-75.667686,43.560894],[-75.668751,43.561241],[-75.672463,43.564696],[-75.672625,43.567378],[-75.675891,43.56876],[-75.681134,43.568631],[-75.684522,43.567641],[-75.687381,43.567625],[-75.689251,43.568488],[-75.696283,43.569999],[-75.69736,43.568852],[-75.69713,43.566907],[-75.700296,43.563582],[-75.700183,43.5625],[-75.704759,43.56118],[-75.705357,43.560041],[-75.703822,43.558436],[-75.703203,43.555357],[-75.7057,43.553049],[-75.705445,43.550776],[-75.710046,43.549728],[-75.710905,43.548977],[-75.709936,43.546747],[-75.71215,43.543041],[-75.711842,43.540548],[-75.713911,43.538364],[-75.716036,43.537081],[-75.715846,43.535258],[-75.717183,43.534681],[-75.718003,43.528578],[-75.714634,43.524215],[-75.715136,43.521717],[-75.719078,43.520215],[-75.733206,43.521476],[-75.732433,43.530127],[-75.733702,43.531794],[-75.735136,43.531897],[-75.736846,43.530595],[-75.736694,43.529397],[-75.73778,43.527318],[-75.73907,43.526937],[-75.739216,43.524706],[-75.737837,43.519552],[-75.740254,43.516462],[-75.74134,43.516177],[-75.744647,43.512126],[-75.745368,43.50462],[-75.746287,43.50529],[-75.748957,43.505156],[-75.750459,43.503833],[-75.754119,43.505266],[-75.755807,43.506659],[-75.757044,43.506732],[-75.75872,43.508203],[-75.757569,43.492522],[-75.756213,43.470388],[-75.814627,43.483578],[-75.838997,43.429425],[-75.830325,43.42722],[-75.835937,43.413055],[-75.830455,43.413356],[-75.826162,43.412955],[-75.819687,43.412991],[-75.805747,43.409723],[-75.802995,43.410774],[-75.794491,43.412116],[-75.793866,43.41149],[-75.79011,43.410529],[-75.788296,43.408391],[-75.786352,43.407691],[-75.783164,43.405172],[-75.784393,43.40409],[-75.783686,43.399946],[-75.780903,43.397006],[-75.77823,43.395502],[-75.777658,43.393848],[-75.775802,43.392517],[-75.774668,43.390634],[-75.773236,43.385862],[-75.786955,43.389127],[-75.790732,43.400161],[-75.791041,43.402143],[-75.794061,43.402841],[-75.800823,43.406672],[-75.804624,43.409195],[-75.803391,43.406806],[-75.804465,43.402928],[-75.806948,43.400363],[-75.808912,43.400285],[-75.81026,43.398579],[-75.809739,43.397002],[-75.807321,43.393761],[-75.808417,43.392713],[-75.807771,43.38874],[-75.806111,43.387842],[-75.808678,43.387106],[-75.811424,43.387718],[-75.811782,43.389502],[-75.813206,43.389384],[-75.814867,43.387909],[-75.807865,43.383059],[-75.802756,43.380773],[-75.818197,43.381001],[-75.818795,43.378202],[-75.820443,43.37443],[-75.830089,43.376921],[-75.852897,43.380232],[-75.861113,43.38029]]]]}},{"type":"Feature","properties":{"zcta5":"13343","AFFGEOID10":"8600000US13343","GEOID10":"13343","ALAND10":145505920,"AWATER10":2471472,"county_name":"Lewis","state_code":"NY","county_state":"Lewis County, NY","county_fips":"36049","risk_level_county":"Medium Risk (70–79% vaccinated)","mean_vaccination_rate_county":79.53,"risk_level_zcta":"Medium Risk (70–79% vaccinated)","mean_vaccination_rate_zips":71.9,"cases":26},"geometry":{"type":"Polygon","coordinates":[[[-75.455763,43.727389],[-75.451146,43.714541],[-75.454328,43.714546],[-75.452021,43.711009],[-75.4492,43.708977],[-75.44892,43.708117],[-75.451471,43.708378],[-75.453181,43.707738],[-75.454177,43.706197],[-75.456117,43.706383],[-75.456733,43.704777],[-75.459053,43.704336],[-75.460333,43.703338],[-75.457715,43.701446],[-75.455746,43.698365],[-75.45278,43.699382],[-75.45188,43.701452],[-75.449807,43.701655],[-75.44907,43.702374],[-75.42885,43.704849],[-75.429327,43.703294],[-75.430941,43.702842],[-75.428549,43.699071],[-75.425079,43.697089],[-75.416556,43.706354],[-75.409635,43.703041],[-75.40998,43.699772],[-75.408814,43.696306],[-75.405599,43.692182],[-75.402252,43.691886],[-75.404638,43.690484],[-75.40731,43.687303],[-75.4062,43.684675],[-75.404741,43.682922],[-75.398879,43.676862],[-75.39869,43.676147],[-75.397823,43.676399],[-75.395943,43.678849],[-75.392393,43.679647],[-75.390818,43.679525],[-75.380895,43.679854],[-75.378846,43.680557],[-75.377845,43.682435],[-75.37575,43.68355],[-75.374854,43.683269],[-75.371189,43.684522],[-75.3704,43.685764],[-75.372465,43.685304],[-75.373666,43.686202],[-75.373568,43.687498],[-75.374624,43.692569],[-75.373418,43.690941],[-75.373103,43.686191],[-75.370651,43.686194],[-75.367428,43.687868],[-75.363237,43.68889],[-75.361805,43.688755],[-75.361123,43.686635],[-75.356114,43.686679],[-75.353962,43.685698],[-75.34997,43.686025],[-75.349516,43.68727],[-75.347466,43.688409],[-75.34591,43.689951],[-75.343596,43.68929],[-75.339865,43.690546],[-75.341176,43.708746],[-75.341564,43.712925],[-75.343402,43.714473],[-75.342865,43.715439],[-75.339923,43.716891],[-75.336006,43.716849],[-75.323217,43.718544],[-75.321322,43.720978],[-75.319098,43.721957],[-75.316482,43.72181],[-75.312804,43.723099],[-75.31127,43.724122],[-75.308924,43.7246],[-75.305779,43.726964],[-75.304132,43.727278],[-75.301688,43.729682],[-75.292933,43.731802],[-75.292068,43.734225],[-75.288113,43.734456],[-75.284857,43.735276],[-75.281246,43.734295],[-75.279344,43.735158],[-75.276393,43.734767],[-75.274306,43.735392],[-75.271801,43.734806],[-75.268092,43.736228],[-75.263404,43.735102],[-75.261247,43.735511],[-75.25992,43.737847],[-75.257703,43.738987],[-75.25823,43.740468],[-75.256435,43.741992],[-75.255244,43.744007],[-75.258831,43.744031],[-75.262162,43.743594],[-75.262788,43.74695],[-75.260688,43.747628],[-75.260498,43.749025],[-75.257694,43.749267],[-75.256472,43.750001],[-75.256458,43.751587],[-75.24986,43.752445],[-75.248151,43.753049],[-75.18902,43.759952],[-75.190457,43.772396],[-75.150663,43.775128],[-75.147498,43.771512],[-75.140677,43.773389],[-75.138363,43.775339],[-75.136325,43.775922],[-75.130204,43.776311],[-75.133487,43.802515],[-75.137125,43.802067],[-75.139829,43.802679],[-75.14156,43.801652],[-75.145102,43.802216],[-75.147616,43.801017],[-75.151092,43.802858],[-75.154014,43.803437],[-75.154709,43.804476],[-75.159934,43.803771],[-75.161635,43.803882],[-75.163328,43.800012],[-75.165645,43.799667],[-75.169652,43.79721],[-75.172753,43.796984],[-75.175598,43.798465],[-75.179286,43.795975],[-75.183341,43.792706],[-75.186427,43.792107],[-75.190935,43.793061],[-75.193491,43.794164],[-75.196613,43.793691],[-75.199774,43.794251],[-75.201395,43.793642],[-75.202483,43.795241],[-75.204234,43.796013],[-75.207334,43.796188],[-75.209312,43.795809],[-75.210718,43.797074],[-75.213208,43.797759],[-75.212594,43.798204],[-75.214391,43.79799],[-75.214761,43.797053],[-75.217473,43.797729],[-75.221752,43.797821],[-75.223061,43.798546],[-75.224944,43.798229],[-75.226892,43.79905],[-75.229529,43.799077],[-75.236448,43.800078],[-75.239387,43.799291],[-75.242557,43.801231],[-75.24604,43.80081],[-75.248484,43.800117],[-75.249915,43.80104],[-75.25528,43.801354],[-75.257945,43.79943],[-75.260272,43.798454],[-75.261799,43.798501],[-75.263695,43.800521],[-75.264488,43.799764],[-75.266047,43.800387],[-75.267412,43.799324],[-75.26858,43.799633],[-75.268083,43.798174],[-75.269857,43.798196],[-75.270793,43.797425],[-75.274909,43.796688],[-75.277125,43.795344],[-75.277713,43.793447],[-75.280232,43.793803],[-75.279148,43.791874],[-75.281109,43.792056],[-75.281417,43.789228],[-75.283969,43.788818],[-75.290081,43.78611],[-75.291125,43.785189],[-75.290469,43.784412],[-75.288399,43.78511],[-75.287535,43.784442],[-75.286106,43.785409],[-75.283818,43.783833],[-75.285316,43.781169],[-75.288027,43.781791],[-75.290716,43.781622],[-75.293757,43.779783],[-75.298924,43.779253],[-75.304095,43.774629],[-75.306326,43.773323],[-75.311345,43.780208],[-75.3125,43.7815],[-75.318589,43.783192],[-75.32283,43.782858],[-75.321814,43.785791],[-75.324086,43.787406],[-75.327446,43.78877],[-75.331376,43.788814],[-75.335055,43.790086],[-75.338233,43.792435],[-75.340129,43.793321],[-75.342886,43.793856],[-75.347128,43.79343],[-75.34896,43.791993],[-75.351776,43.79074],[-75.352906,43.789671],[-75.35349,43.787805],[-75.355357,43.785027],[-75.356566,43.782081],[-75.357811,43.780726],[-75.359683,43.7801],[-75.360914,43.778672],[-75.364689,43.777183],[-75.366251,43.775583],[-75.367434,43.775811],[-75.372135,43.772786],[-75.375816,43.772282],[-75.379997,43.772313],[-75.386869,43.7731],[-75.391178,43.773032],[-75.397668,43.771818],[-75.3991,43.773015],[-75.407601,43.776722],[-75.409624,43.775784],[-75.410829,43.775924],[-75.41023,43.774812],[-75.40421,43.772222],[-75.397954,43.768615],[-75.393203,43.765202],[-75.392548,43.764177],[-75.395381,43.762434],[-75.396949,43.760667],[-75.397024,43.758584],[-75.396422,43.75745],[-75.393272,43.755233],[-75.393223,43.753657],[-75.39518,43.750904],[-75.396453,43.749889],[-75.401297,43.747876],[-75.405639,43.744851],[-75.406765,43.742863],[-75.406728,43.738011],[-75.405153,43.737335],[-75.399313,43.73865],[-75.395904,43.737846],[-75.393547,43.735615],[-75.392617,43.733004],[-75.39283,43.728306],[-75.391369,43.726862],[-75.387013,43.725617],[-75.380845,43.725004],[-75.378301,43.724095],[-75.377692,43.722635],[-75.378198,43.720213],[-75.379194,43.718698],[-75.381155,43.717737],[-75.383171,43.717487],[-75.390378,43.718424],[-75.393846,43.718205],[-75.397073,43.716861],[-75.39873,43.712507],[-75.399133,43.712925],[-75.397972,43.71636],[-75.396821,43.71748],[-75.393332,43.718572],[-75.390417,43.71881],[-75.383543,43.71763],[-75.381021,43.717919],[-75.378079,43.721477],[-75.378053,43.722889],[-75.379563,43.724383],[-75.381909,43.724952],[-75.385733,43.725083],[-75.38895,43.725617],[-75.392449,43.726814],[-75.393455,43.728268],[-75.393033,43.731436],[-75.39391,43.735003],[-75.395415,43.737219],[-75.398461,43.738411],[-75.402435,43.73774],[-75.404822,43.736883],[-75.407114,43.737378],[-75.407066,43.739193],[-75.408102,43.739936],[-75.409398,43.739359],[-75.411088,43.739795],[-75.410862,43.737221],[-75.415612,43.735565],[-75.415723,43.731211],[-75.419441,43.733253],[-75.420985,43.734516],[-75.422513,43.738651],[-75.423839,43.740338],[-75.425972,43.738476],[-75.428823,43.734699],[-75.432864,43.725731],[-75.435473,43.722839],[-75.439577,43.718265],[-75.443812,43.720229],[-75.441755,43.722519],[-75.445845,43.724366],[-75.448315,43.722048],[-75.449102,43.727485],[-75.455763,43.727389]]]}},{"type":"Feature","properties":{"zcta5":"13325","AFFGEOID10":"8600000US13325","GEOID10":"13325","ALAND10":200439414,"AWATER10":110659,"county_name":"Lewis","state_code":"NY","county_state":"Lewis County, NY","county_fips":"36049","risk_level_county":"Medium Risk (70–79% vaccinated)","mean_vaccination_rate_county":79.53,"risk_level_zcta":"Medium Risk (70–79% vaccinated)","mean_vaccination_rate_zips":71.49,"cases":26},"geometry":{"type":"Polygon","coordinates":[[[-75.674873,43.651977],[-75.674642,43.651538],[-75.678127,43.647914],[-75.677394,43.64691],[-75.675404,43.646066],[-75.670785,43.646572],[-75.663693,43.645833],[-75.6623,43.646121],[-75.656103,43.644523],[-75.648891,43.645319],[-75.645685,43.644244],[-75.643948,43.644538],[-75.634366,43.644413],[-75.632764,43.642912],[-75.633001,43.641577],[-75.630635,43.639219],[-75.625181,43.585096],[-75.620035,43.584557],[-75.620434,43.582062],[-75.617244,43.580122],[-75.620723,43.576446],[-75.61736,43.571376],[-75.618999,43.568981],[-75.614658,43.56164],[-75.615638,43.558329],[-75.61474,43.557376],[-75.611951,43.55198],[-75.609887,43.548957],[-75.610027,43.548377],[-75.608102,43.546415],[-75.608016,43.545397],[-75.60849,43.544359],[-75.613228,43.544633],[-75.611104,43.541135],[-75.609337,43.53705],[-75.608827,43.534428],[-75.6025,43.530581],[-75.601938,43.528577],[-75.600558,43.527075],[-75.599559,43.524458],[-75.596712,43.519183],[-75.595256,43.518108],[-75.595549,43.517191],[-75.594519,43.515204],[-75.593466,43.514919],[-75.59333,43.513601],[-75.595033,43.510807],[-75.592992,43.508923],[-75.592046,43.503689],[-75.592709,43.501923],[-75.590776,43.501707],[-75.589756,43.500727],[-75.590229,43.49967],[-75.588374,43.499036],[-75.587766,43.497511],[-75.588047,43.496405],[-75.590956,43.494057],[-75.593357,43.491082],[-75.594762,43.488389],[-75.595748,43.484786],[-75.593244,43.483676],[-75.591236,43.479381],[-75.589345,43.478849],[-75.585384,43.479503],[-75.581467,43.477781],[-75.580967,43.480777],[-75.581103,43.483382],[-75.579033,43.484775],[-75.577293,43.484982],[-75.575969,43.486501],[-75.57349,43.487024],[-75.573171,43.488756],[-75.570566,43.491476],[-75.569219,43.492143],[-75.563767,43.492321],[-75.562661,43.491906],[-75.55638,43.492544],[-75.55268,43.494434],[-75.551302,43.496284],[-75.551311,43.498673],[-75.55051,43.500563],[-75.551801,43.504319],[-75.553183,43.505543],[-75.553205,43.506701],[-75.550182,43.50845],[-75.550354,43.513113],[-75.549917,43.515005],[-75.547326,43.51694],[-75.544294,43.518213],[-75.543685,43.52013],[-75.545241,43.521925],[-75.544409,43.524029],[-75.542561,43.524568],[-75.53842,43.522703],[-75.536288,43.524269],[-75.548668,43.530255],[-75.549828,43.535022],[-75.54949,43.536875],[-75.55184,43.541321],[-75.55439,43.54421],[-75.556024,43.545459],[-75.559644,43.545693],[-75.562911,43.548015],[-75.566088,43.548956],[-75.567915,43.54902],[-75.566665,43.551862],[-75.564732,43.554255],[-75.563576,43.554995],[-75.561761,43.555236],[-75.558798,43.554723],[-75.556287,43.554936],[-75.552044,43.5567],[-75.5469,43.557242],[-75.545692,43.558145],[-75.542626,43.558142],[-75.539531,43.559083],[-75.510311,43.555743],[-75.508311,43.552602],[-75.500857,43.554969],[-75.498832,43.556032],[-75.494608,43.559966],[-75.490633,43.556285],[-75.488381,43.557542],[-75.486113,43.556635],[-75.48458,43.558613],[-75.480575,43.56071],[-75.476466,43.561064],[-75.480864,43.560264],[-75.483092,43.559084],[-75.488684,43.552994],[-75.489188,43.552099],[-75.486953,43.550794],[-75.485986,43.548753],[-75.481523,43.546579],[-75.488977,43.53835],[-75.491098,43.535657],[-75.494728,43.532249],[-75.497441,43.53127],[-75.499394,43.529633],[-75.508954,43.519354],[-75.511008,43.519105],[-75.51507,43.521042],[-75.517577,43.522653],[-75.52084,43.523853],[-75.525973,43.526297],[-75.529705,43.524725],[-75.529125,43.520875],[-75.502476,43.507994],[-75.500529,43.509828],[-75.498518,43.509518],[-75.498566,43.508679],[-75.49699,43.508688],[-75.495617,43.509905],[-75.49296,43.510494],[-75.491488,43.508794],[-75.489572,43.509975],[-75.488171,43.513332],[-75.487628,43.51701],[-75.48697,43.517674],[-75.485502,43.516174],[-75.48245,43.515161],[-75.4766,43.516331],[-75.467092,43.517159],[-75.467196,43.519569],[-75.469417,43.523235],[-75.468887,43.526471],[-75.456258,43.536978],[-75.445653,43.531701],[-75.442989,43.532072],[-75.429199,43.531643],[-75.424439,43.532362],[-75.422376,43.528722],[-75.422316,43.52643],[-75.420565,43.523272],[-75.416742,43.519267],[-75.411292,43.52213],[-75.406848,43.525818],[-75.408472,43.528003],[-75.40815,43.529226],[-75.391375,43.537534],[-75.391991,43.541297],[-75.393168,43.542172],[-75.392828,43.54371],[-75.389472,43.545417],[-75.388297,43.543983],[-75.385038,43.545688],[-75.385789,43.546579],[-75.387685,43.545611],[-75.38994,43.54787],[-75.38416,43.550622],[-75.382235,43.548463],[-75.374513,43.552066],[-75.37287,43.550628],[-75.369838,43.552334],[-75.371661,43.560157],[-75.37444,43.56355],[-75.394835,43.553187],[-75.395912,43.551437],[-75.398581,43.549547],[-75.400006,43.550646],[-75.399,43.553302],[-75.399568,43.557302],[-75.401476,43.56224],[-75.384474,43.580683],[-75.38508,43.583162],[-75.389937,43.589464],[-75.392089,43.592733],[-75.39729,43.602545],[-75.401309,43.603303],[-75.407002,43.604004],[-75.413995,43.603662],[-75.416134,43.602242],[-75.420175,43.605788],[-75.420629,43.60689],[-75.422397,43.607033],[-75.424835,43.609076],[-75.429766,43.611189],[-75.431623,43.612577],[-75.435561,43.613609],[-75.441599,43.615567],[-75.44684,43.615705],[-75.446684,43.615004],[-75.443646,43.613528],[-75.4433,43.612922],[-75.4427,43.608],[-75.440969,43.606836],[-75.4442,43.603124],[-75.448557,43.599265],[-75.455415,43.594086],[-75.457832,43.591721],[-75.468694,43.596999],[-75.469925,43.59824],[-75.471809,43.603435],[-75.473276,43.604765],[-75.482172,43.60903],[-75.492477,43.597622],[-75.49848,43.600713],[-75.502235,43.605451],[-75.503633,43.610722],[-75.509617,43.613863],[-75.513138,43.603686],[-75.517478,43.603444],[-75.51858,43.602656],[-75.517717,43.601219],[-75.51761,43.599243],[-75.518955,43.5973],[-75.518819,43.596458],[-75.520015,43.59704],[-75.521675,43.595644],[-75.521183,43.592669],[-75.522055,43.591208],[-75.520671,43.589728],[-75.52192,43.588832],[-75.52202,43.587066],[-75.526245,43.589177],[-75.524827,43.590827],[-75.525773,43.598509],[-75.527197,43.600275],[-75.527967,43.603205],[-75.529818,43.60549],[-75.533842,43.607397],[-75.535193,43.608559],[-75.543617,43.627667],[-75.542712,43.629025],[-75.540813,43.629936],[-75.541268,43.632308],[-75.544098,43.632391],[-75.546355,43.631668],[-75.54574,43.6336],[-75.546152,43.636408],[-75.545797,43.637798],[-75.546689,43.639151],[-75.548103,43.639036],[-75.549601,43.642112],[-75.549968,43.644283],[-75.54901,43.64479],[-75.551551,43.645802],[-75.552646,43.647513],[-75.554533,43.647892],[-75.557594,43.647715],[-75.55919,43.648136],[-75.560411,43.649831],[-75.564641,43.650045],[-75.567574,43.648744],[-75.568742,43.650948],[-75.568238,43.653393],[-75.566197,43.654706],[-75.563484,43.655256],[-75.567227,43.656081],[-75.571991,43.653386],[-75.576367,43.653342],[-75.579532,43.654523],[-75.582192,43.654056],[-75.58371,43.65319],[-75.590171,43.651896],[-75.591658,43.651996],[-75.597156,43.653788],[-75.600159,43.653101],[-75.60109,43.651909],[-75.600103,43.64806],[-75.601423,43.648115],[-75.601991,43.64586],[-75.605317,43.645617],[-75.608572,43.643316],[-75.613044,43.644197],[-75.616066,43.646031],[-75.61697,43.647872],[-75.618603,43.648844],[-75.618283,43.650543],[-75.615691,43.6505],[-75.616355,43.65461],[-75.616246,43.656425],[-75.618455,43.659045],[-75.618723,43.660243],[-75.622563,43.663855],[-75.622564,43.668027],[-75.622966,43.669572],[-75.61979,43.671208],[-75.619939,43.672566],[-75.621729,43.673749],[-75.622022,43.675743],[-75.624202,43.677435],[-75.624869,43.679031],[-75.630722,43.679291],[-75.634196,43.675481],[-75.632242,43.655327],[-75.674873,43.651977]]]}},{"type":"Feature","properties":{"zcta5":"13368","AFFGEOID10":"8600000US13368","GEOID10":"13368","ALAND10":118059026,"AWATER10":2743047,"county_name":"Lewis","state_code":"NY","county_state":"Lewis County, NY","county_fips":"36049","risk_level_county":"Medium Risk (70–79% vaccinated)","mean_vaccination_rate_county":79.53,"risk_level_zcta":"Medium Risk (70–79% vaccinated)","mean_vaccination_rate_zips":70.36,"cases":26},"geometry":{"type":"Polygon","coordinates":[[[-75.361123,43.686635],[-75.361805,43.688755],[-75.363237,43.68889],[-75.367428,43.687868],[-75.370651,43.686194],[-75.373103,43.686191],[-75.373418,43.690941],[-75.374624,43.692569],[-75.373568,43.687498],[-75.373666,43.686202],[-75.372465,43.685304],[-75.3704,43.685764],[-75.371189,43.684522],[-75.374854,43.683269],[-75.37575,43.68355],[-75.377845,43.682435],[-75.378846,43.680557],[-75.380895,43.679854],[-75.390818,43.679525],[-75.392393,43.679647],[-75.395943,43.678849],[-75.397823,43.676399],[-75.39869,43.676147],[-75.396589,43.674582],[-75.393807,43.671556],[-75.390173,43.663719],[-75.389834,43.660445],[-75.388559,43.655181],[-75.388533,43.64504],[-75.391546,43.641294],[-75.39623,43.636429],[-75.393897,43.632268],[-75.390216,43.632566],[-75.389502,43.631247],[-75.392913,43.631893],[-75.387557,43.629909],[-75.378376,43.633456],[-75.378122,43.633766],[-75.375299,43.631869],[-75.372425,43.627426],[-75.371275,43.624588],[-75.376043,43.619163],[-75.372614,43.616297],[-75.377794,43.614157],[-75.381097,43.612441],[-75.383691,43.610387],[-75.378206,43.602913],[-75.37556,43.600011],[-75.371203,43.59589],[-75.358471,43.609664],[-75.357113,43.608564],[-75.352577,43.607377],[-75.351522,43.606835],[-75.351274,43.605656],[-75.352471,43.601706],[-75.3521,43.600632],[-75.351183,43.599927],[-75.349288,43.59971],[-75.347601,43.597979],[-75.346845,43.596622],[-75.346428,43.598294],[-75.345702,43.599642],[-75.346631,43.601125],[-75.346049,43.602132],[-75.342815,43.605634],[-75.341841,43.604686],[-75.339819,43.604899],[-75.333547,43.604728],[-75.331362,43.604861],[-75.329086,43.604616],[-75.326833,43.604891],[-75.325255,43.605543],[-75.324262,43.60542],[-75.321955,43.604555],[-75.31348,43.603689],[-75.312746,43.604459],[-75.309258,43.606339],[-75.308205,43.607242],[-75.307667,43.608731],[-75.301868,43.61475],[-75.302567,43.615858],[-75.304359,43.616684],[-75.305145,43.618112],[-75.304457,43.61876],[-75.30319,43.618192],[-75.300419,43.617853],[-75.299467,43.618363],[-75.297212,43.62036],[-75.292958,43.62378],[-75.291047,43.622833],[-75.28538,43.622045],[-75.283949,43.623587],[-75.281242,43.623321],[-75.278577,43.623699],[-75.276413,43.623466],[-75.273665,43.623646],[-75.267379,43.618888],[-75.265775,43.618487],[-75.262978,43.619676],[-75.261134,43.621137],[-75.258861,43.621473],[-75.257258,43.621167],[-75.255076,43.622076],[-75.253656,43.623411],[-75.252572,43.623438],[-75.249393,43.620606],[-75.24805,43.619897],[-75.246809,43.6188],[-75.246511,43.615521],[-75.248077,43.609365],[-75.24731,43.608712],[-75.245877,43.608497],[-75.244573,43.607642],[-75.243118,43.607705],[-75.241708,43.606919],[-75.240379,43.607768],[-75.238164,43.607869],[-75.236005,43.606896],[-75.234796,43.605044],[-75.234234,43.603217],[-75.234333,43.601158],[-75.231382,43.598646],[-75.231039,43.597016],[-75.230233,43.596405],[-75.228093,43.595945],[-75.227252,43.596355],[-75.224339,43.59695],[-75.223137,43.598009],[-75.222643,43.599368],[-75.220193,43.600441],[-75.217568,43.600539],[-75.213769,43.601317],[-75.212632,43.601138],[-75.211509,43.601403],[-75.209748,43.602948],[-75.208826,43.603137],[-75.208151,43.602594],[-75.206963,43.602693],[-75.205646,43.603465],[-75.204228,43.603899],[-75.202438,43.605753],[-75.201304,43.606412],[-75.19993,43.606081],[-75.1983,43.604693],[-75.196769,43.604044],[-75.193469,43.604653],[-75.191055,43.604926],[-75.18979,43.604569],[-75.187228,43.605098],[-75.18538,43.605745],[-75.183991,43.605685],[-75.182722,43.60639],[-75.181336,43.606557],[-75.180031,43.607934],[-75.178784,43.608236],[-75.177456,43.60763],[-75.175939,43.608063],[-75.174638,43.608946],[-75.173745,43.610082],[-75.172409,43.611011],[-75.170403,43.611186],[-75.168236,43.612024],[-75.167084,43.611325],[-75.166473,43.609507],[-75.163651,43.609334],[-75.161927,43.608182],[-75.16024,43.608703],[-75.157411,43.608803],[-75.156261,43.60765],[-75.15734,43.609475],[-75.158679,43.609242],[-75.159561,43.60955],[-75.161417,43.608881],[-75.162629,43.609421],[-75.16497,43.609727],[-75.166013,43.61026],[-75.167299,43.612287],[-75.168658,43.612523],[-75.17089,43.611644],[-75.172938,43.611148],[-75.174471,43.609827],[-75.177647,43.608479],[-75.179059,43.608642],[-75.180757,43.608256],[-75.182409,43.607325],[-75.182951,43.606625],[-75.184268,43.606258],[-75.187973,43.605784],[-75.189285,43.605128],[-75.191389,43.605412],[-75.192993,43.604931],[-75.197365,43.60499],[-75.197614,43.607504],[-75.195737,43.608448],[-75.194792,43.610007],[-75.193385,43.611482],[-75.19095,43.611854],[-75.188576,43.614054],[-75.184889,43.615406],[-75.182583,43.617721],[-75.181243,43.619102],[-75.178737,43.618665],[-75.177371,43.620315],[-75.176451,43.61917],[-75.174576,43.618569],[-75.172216,43.618703],[-75.171716,43.618103],[-75.169956,43.617432],[-75.166969,43.616909],[-75.164109,43.616426],[-75.161999,43.617424],[-75.160829,43.618476],[-75.158908,43.618451],[-75.156514,43.617024],[-75.155128,43.617265],[-75.153907,43.618251],[-75.154366,43.620036],[-75.1539,43.620776],[-75.151748,43.62288],[-75.149465,43.624692],[-75.147679,43.625509],[-75.146442,43.625658],[-75.14458,43.626809],[-75.144487,43.627538],[-75.141412,43.630543],[-75.140012,43.629884],[-75.139551,43.630703],[-75.137988,43.630929],[-75.136172,43.632175],[-75.135072,43.63227],[-75.133996,43.633698],[-75.131622,43.635017],[-75.129177,43.634822],[-75.127463,43.635929],[-75.125323,43.63727],[-75.123545,43.638802],[-75.121283,43.640334],[-75.120165,43.642037],[-75.11801,43.643746],[-75.116782,43.644286],[-75.115363,43.644361],[-75.113605,43.64386],[-75.115369,43.658032],[-75.223774,43.651692],[-75.226075,43.652986],[-75.225472,43.654693],[-75.223558,43.656491],[-75.224016,43.659931],[-75.22603,43.659901],[-75.227709,43.65854],[-75.231694,43.658982],[-75.235858,43.658724],[-75.239158,43.65812],[-75.248037,43.659485],[-75.252372,43.659321],[-75.253218,43.660125],[-75.25565,43.658987],[-75.297756,43.656733],[-75.297732,43.657205],[-75.29223,43.660431],[-75.290808,43.662713],[-75.293121,43.664664],[-75.292131,43.666091],[-75.292146,43.667678],[-75.294211,43.667473],[-75.300087,43.668114],[-75.301826,43.670088],[-75.305877,43.672628],[-75.30655,43.674257],[-75.309416,43.675256],[-75.309601,43.677894],[-75.308101,43.679348],[-75.309111,43.681716],[-75.310031,43.681925],[-75.313946,43.679535],[-75.316883,43.678877],[-75.318399,43.677809],[-75.325133,43.676947],[-75.329542,43.676822],[-75.338632,43.678224],[-75.337746,43.66817],[-75.343431,43.668745],[-75.345441,43.669883],[-75.349999,43.670878],[-75.352334,43.668987],[-75.355317,43.668577],[-75.357224,43.670107],[-75.357581,43.671536],[-75.356799,43.674643],[-75.355073,43.677475],[-75.359245,43.676739],[-75.361686,43.676917],[-75.36199,43.67851],[-75.366797,43.679745],[-75.365198,43.683487],[-75.361123,43.686635]]]}},{"type":"Feature","properties":{"zcta5":"13367","AFFGEOID10":"8600000US13367","GEOID10":"13367","ALAND10":1174191054,"AWATER10":45804506,"county_name":"Lewis","state_code":"NY","county_state":"Lewis County, NY","county_fips":"36049","risk_level_county":"Medium Risk (70–79% vaccinated)","mean_vaccination_rate_county":79.53,"risk_level_zcta":"Medium Risk (70–79% vaccinated)","mean_vaccination_rate_zips":75.73,"cases":26},"geometry":{"type":"Polygon","coordinates":[[[-75.775472,43.696826],[-75.774553,43.688884],[-75.769507,43.644568],[-75.741106,43.646808],[-75.74178,43.649747],[-75.741006,43.650188],[-75.73139,43.649872],[-75.726152,43.647979],[-75.674873,43.651977],[-75.632242,43.655327],[-75.634196,43.675481],[-75.630722,43.679291],[-75.624869,43.679031],[-75.624202,43.677435],[-75.622022,43.675743],[-75.621729,43.673749],[-75.619939,43.672566],[-75.61979,43.671208],[-75.622966,43.669572],[-75.622564,43.668027],[-75.622563,43.663855],[-75.618723,43.660243],[-75.618455,43.659045],[-75.616246,43.656425],[-75.616355,43.65461],[-75.615691,43.6505],[-75.618283,43.650543],[-75.618603,43.648844],[-75.61697,43.647872],[-75.616066,43.646031],[-75.613044,43.644197],[-75.608572,43.643316],[-75.605317,43.645617],[-75.601991,43.64586],[-75.601423,43.648115],[-75.600103,43.64806],[-75.60109,43.651909],[-75.600159,43.653101],[-75.597156,43.653788],[-75.591658,43.651996],[-75.590171,43.651896],[-75.58371,43.65319],[-75.582192,43.654056],[-75.579532,43.654523],[-75.576367,43.653342],[-75.571991,43.653386],[-75.567227,43.656081],[-75.565837,43.658664],[-75.564835,43.662472],[-75.564742,43.665402],[-75.565728,43.670368],[-75.566834,43.673235],[-75.565198,43.67587],[-75.548106,43.675018],[-75.547792,43.672428],[-75.543681,43.673527],[-75.542194,43.672733],[-75.538997,43.672639],[-75.53467,43.671319],[-75.531581,43.668635],[-75.530328,43.668262],[-75.529623,43.666627],[-75.528316,43.666742],[-75.525999,43.667845],[-75.522315,43.668297],[-75.520246,43.670103],[-75.520891,43.670786],[-75.517207,43.671947],[-75.51283,43.672374],[-75.51253,43.673246],[-75.508092,43.673103],[-75.507999,43.672145],[-75.502483,43.675102],[-75.499407,43.675822],[-75.495594,43.675606],[-75.490951,43.673368],[-75.476603,43.68943],[-75.471354,43.686866],[-75.461323,43.683444],[-75.45719,43.680787],[-75.45555,43.680519],[-75.453206,43.678766],[-75.448371,43.679845],[-75.444655,43.681292],[-75.455746,43.698365],[-75.457715,43.701446],[-75.460333,43.703338],[-75.459053,43.704336],[-75.456733,43.704777],[-75.456117,43.706383],[-75.454177,43.706197],[-75.453181,43.707738],[-75.451471,43.708378],[-75.44892,43.708117],[-75.4492,43.708977],[-75.452021,43.711009],[-75.454328,43.714546],[-75.451146,43.714541],[-75.455763,43.727389],[-75.456989,43.727786],[-75.458177,43.72558],[-75.460876,43.724258],[-75.460312,43.722234],[-75.461675,43.719671],[-75.465388,43.718364],[-75.46936,43.726511],[-75.469663,43.728159],[-75.469565,43.734029],[-75.470933,43.733902],[-75.472048,43.735519],[-75.474039,43.73242],[-75.474198,43.728367],[-75.477706,43.7282],[-75.479809,43.728492],[-75.484957,43.727072],[-75.500416,43.741683],[-75.497394,43.743039],[-75.49701,43.744424],[-75.492944,43.744804],[-75.489027,43.74634],[-75.483219,43.746622],[-75.484287,43.747808],[-75.476336,43.747983],[-75.469765,43.745886],[-75.468368,43.744659],[-75.468112,43.746209],[-75.469811,43.749762],[-75.473439,43.756217],[-75.468832,43.756256],[-75.465725,43.755581],[-75.45823,43.734177],[-75.454916,43.733658],[-75.451642,43.731049],[-75.443161,43.726476],[-75.435473,43.722839],[-75.432864,43.725731],[-75.428823,43.734699],[-75.425972,43.738476],[-75.423839,43.740338],[-75.422513,43.738651],[-75.420985,43.734516],[-75.419441,43.733253],[-75.415723,43.731211],[-75.415612,43.735565],[-75.410862,43.737221],[-75.411088,43.739795],[-75.409398,43.739359],[-75.408102,43.739936],[-75.407066,43.739193],[-75.407114,43.737378],[-75.404822,43.736883],[-75.402435,43.73774],[-75.398461,43.738411],[-75.395415,43.737219],[-75.39391,43.735003],[-75.393033,43.731436],[-75.393455,43.728268],[-75.392449,43.726814],[-75.38895,43.725617],[-75.385733,43.725083],[-75.381909,43.724952],[-75.379563,43.724383],[-75.378053,43.722889],[-75.378079,43.721477],[-75.381021,43.717919],[-75.383543,43.71763],[-75.390417,43.71881],[-75.393332,43.718572],[-75.396821,43.71748],[-75.397972,43.71636],[-75.399133,43.712925],[-75.39873,43.712507],[-75.397073,43.716861],[-75.393846,43.718205],[-75.390378,43.718424],[-75.383171,43.717487],[-75.381155,43.717737],[-75.379194,43.718698],[-75.378198,43.720213],[-75.377692,43.722635],[-75.378301,43.724095],[-75.380845,43.725004],[-75.387013,43.725617],[-75.391369,43.726862],[-75.39283,43.728306],[-75.392617,43.733004],[-75.393547,43.735615],[-75.395904,43.737846],[-75.399313,43.73865],[-75.405153,43.737335],[-75.406728,43.738011],[-75.406765,43.742863],[-75.405639,43.744851],[-75.401297,43.747876],[-75.396453,43.749889],[-75.39518,43.750904],[-75.393223,43.753657],[-75.393272,43.755233],[-75.396422,43.75745],[-75.397024,43.758584],[-75.396949,43.760667],[-75.395381,43.762434],[-75.392548,43.764177],[-75.393203,43.765202],[-75.397954,43.768615],[-75.40421,43.772222],[-75.41023,43.774812],[-75.410829,43.775924],[-75.409624,43.775784],[-75.407601,43.776722],[-75.3991,43.773015],[-75.397668,43.771818],[-75.391178,43.773032],[-75.386869,43.7731],[-75.379997,43.772313],[-75.375816,43.772282],[-75.372135,43.772786],[-75.367434,43.775811],[-75.366251,43.775583],[-75.364689,43.777183],[-75.360914,43.778672],[-75.359683,43.7801],[-75.357811,43.780726],[-75.356566,43.782081],[-75.355357,43.785027],[-75.35349,43.787805],[-75.352906,43.789671],[-75.351776,43.79074],[-75.34896,43.791993],[-75.347128,43.79343],[-75.342886,43.793856],[-75.340129,43.793321],[-75.338233,43.792435],[-75.335055,43.790086],[-75.331376,43.788814],[-75.327446,43.78877],[-75.324086,43.787406],[-75.321814,43.785791],[-75.32283,43.782858],[-75.318589,43.783192],[-75.3125,43.7815],[-75.311345,43.780208],[-75.306326,43.773323],[-75.304095,43.774629],[-75.298924,43.779253],[-75.293757,43.779783],[-75.290716,43.781622],[-75.288027,43.781791],[-75.285316,43.781169],[-75.283818,43.783833],[-75.286106,43.785409],[-75.287535,43.784442],[-75.288399,43.78511],[-75.290469,43.784412],[-75.291125,43.785189],[-75.290081,43.78611],[-75.283969,43.788818],[-75.281417,43.789228],[-75.281109,43.792056],[-75.279148,43.791874],[-75.280232,43.793803],[-75.277713,43.793447],[-75.277125,43.795344],[-75.274909,43.796688],[-75.270793,43.797425],[-75.269857,43.798196],[-75.268083,43.798174],[-75.26858,43.799633],[-75.267412,43.799324],[-75.266047,43.800387],[-75.264488,43.799764],[-75.263695,43.800521],[-75.261799,43.798501],[-75.260272,43.798454],[-75.257945,43.79943],[-75.25528,43.801354],[-75.249915,43.80104],[-75.248484,43.800117],[-75.24604,43.80081],[-75.242557,43.801231],[-75.239387,43.799291],[-75.236448,43.800078],[-75.229529,43.799077],[-75.226892,43.79905],[-75.224944,43.798229],[-75.223061,43.798546],[-75.221752,43.797821],[-75.217473,43.797729],[-75.214761,43.797053],[-75.214391,43.79799],[-75.212594,43.798204],[-75.213208,43.797759],[-75.210718,43.797074],[-75.209312,43.795809],[-75.207334,43.796188],[-75.204234,43.796013],[-75.202483,43.795241],[-75.201395,43.793642],[-75.199774,43.794251],[-75.196613,43.793691],[-75.193491,43.794164],[-75.190935,43.793061],[-75.186427,43.792107],[-75.183341,43.792706],[-75.179286,43.795975],[-75.175598,43.798465],[-75.172753,43.796984],[-75.169652,43.79721],[-75.165645,43.799667],[-75.163328,43.800012],[-75.161635,43.803882],[-75.159934,43.803771],[-75.154709,43.804476],[-75.154014,43.803437],[-75.151092,43.802858],[-75.147616,43.801017],[-75.145102,43.802216],[-75.14156,43.801652],[-75.139829,43.802679],[-75.137125,43.802067],[-75.133487,43.802515],[-75.140538,43.861844],[-75.137631,43.860778],[-75.131932,43.860231],[-75.130047,43.860286],[-75.128702,43.861328],[-75.115861,43.862458],[-75.112703,43.863082],[-75.108069,43.864803],[-75.104673,43.865476],[-75.098733,43.867542],[-75.094126,43.868347],[-75.091359,43.870737],[-75.090682,43.871953],[-75.088232,43.873147],[-75.082614,43.873956],[-75.078944,43.875439],[-75.076522,43.874926],[-75.071271,43.875695],[-75.07005,43.876276],[-75.065264,43.876931],[-75.061591,43.876278],[-75.060541,43.876563],[-75.057551,43.878684],[-75.055685,43.878531],[-75.054285,43.879761],[-75.051532,43.880943],[-75.0507,43.882337],[-75.047904,43.883548],[-75.046925,43.88448],[-75.043003,43.885723],[-75.042634,43.884233],[-75.043814,43.882401],[-75.046148,43.88027],[-75.047373,43.875767],[-75.047109,43.874166],[-75.044683,43.873449],[-75.041016,43.874597],[-75.036058,43.874715],[-75.032528,43.873251],[-75.025983,43.87178],[-75.020356,43.868527],[-75.017106,43.867677],[-75.015477,43.864805],[-75.015756,43.863266],[-75.012039,43.862845],[-75.009008,43.860312],[-75.005764,43.85904],[-75.002175,43.86156],[-74.998756,43.862199],[-75.000431,43.862474],[-74.999357,43.864004],[-74.99468,43.867154],[-74.994835,43.865719],[-74.989978,43.868701],[-74.987437,43.869391],[-74.985981,43.871662],[-74.984228,43.873206],[-74.989563,43.871338],[-74.991903,43.872448],[-75.000681,43.871792],[-75.002251,43.872444],[-74.999805,43.875401],[-74.998173,43.875868],[-75.000818,43.876087],[-75.003079,43.875307],[-75.006389,43.875105],[-75.004952,43.876478],[-74.99746,43.882113],[-74.998661,43.882552],[-75.002184,43.881224],[-75.005706,43.880411],[-75.007137,43.881004],[-75.009272,43.883397],[-75.011977,43.885626],[-75.012288,43.887902],[-75.010256,43.890532],[-75.010058,43.892611],[-75.007867,43.892891],[-75.003547,43.895502],[-75.003226,43.896148],[-74.998956,43.896908],[-74.993074,43.900252],[-74.991184,43.89995],[-74.988493,43.898566],[-74.985525,43.899181],[-74.984866,43.90061],[-74.981417,43.900043],[-74.979151,43.900625],[-74.978739,43.901494],[-74.976083,43.900544],[-74.973943,43.900708],[-74.974043,43.901721],[-74.972326,43.902161],[-74.96771,43.906023],[-74.966082,43.905185],[-74.964554,43.907458],[-74.958444,43.908731],[-74.956165,43.909988],[-74.954733,43.909877],[-74.956007,43.911236],[-74.949513,43.9114],[-74.946799,43.910954],[-74.945983,43.911767],[-74.943808,43.911823],[-74.942268,43.912696],[-74.939943,43.912375],[-74.939654,43.910921],[-74.940717,43.908875],[-74.940023,43.907775],[-74.937637,43.907586],[-74.936461,43.909251],[-74.93193,43.910478],[-74.930263,43.912011],[-74.927241,43.912849],[-74.927045,43.911276],[-74.92435,43.909851],[-74.919095,43.909771],[-74.920928,43.910928],[-74.918167,43.913034],[-74.915153,43.914242],[-74.913579,43.914105],[-74.914217,43.912371],[-74.917831,43.910438],[-74.914041,43.908686],[-74.910792,43.906273],[-74.912505,43.908513],[-74.9104,43.908785],[-74.908841,43.911429],[-74.905746,43.910952],[-74.905253,43.910125],[-74.902456,43.913941],[-74.899541,43.916248],[-74.893894,43.918623],[-74.896104,43.918142],[-74.897205,43.918923],[-74.893155,43.918821],[-74.890358,43.919984],[-74.890469,43.92085],[-74.886885,43.921529],[-74.885401,43.923877],[-74.882568,43.925995],[-74.877887,43.92836],[-74.875789,43.928952],[-74.876035,43.930271],[-74.870909,43.92895],[-74.868106,43.929359],[-74.861617,43.933015],[-74.857589,43.935937],[-74.857801,43.93822],[-74.856512,43.939402],[-74.85346,43.940647],[-74.851184,43.942267],[-74.848876,43.943116],[-74.846364,43.94296],[-74.843985,43.944355],[-74.842756,43.946199],[-74.838001,43.947453],[-74.837477,43.948938],[-74.838503,43.952053],[-74.837936,43.952966],[-74.854171,44.070089],[-74.889302,44.066829],[-74.942777,44.061775],[-74.945918,44.06155],[-75.062779,44.0504],[-75.075675,44.055971],[-75.170159,44.096959],[-75.164076,44.049035],[-75.141737,43.87112],[-75.143109,43.871764],[-75.146986,43.869458],[-75.146184,43.870809],[-75.149164,43.873243],[-75.149845,43.871324],[-75.152001,43.869738],[-75.152348,43.871125],[-75.150681,43.872845],[-75.154304,43.873708],[-75.156142,43.875173],[-75.159272,43.878752],[-75.159104,43.88183],[-75.160053,43.88458],[-75.16219,43.885397],[-75.168255,43.889509],[-75.168054,43.891123],[-75.171096,43.89345],[-75.172788,43.893749],[-75.172855,43.895143],[-75.17844,43.895661],[-75.179261,43.894956],[-75.181246,43.895962],[-75.183979,43.896226],[-75.184709,43.897097],[-75.188166,43.897209],[-75.189423,43.897779],[-75.192684,43.901321],[-75.1952,43.902642],[-75.195675,43.904263],[-75.197917,43.906353],[-75.199883,43.909444],[-75.204352,43.91262],[-75.202264,43.911602],[-75.201301,43.913086],[-75.202172,43.9145],[-75.205104,43.914389],[-75.205122,43.913334],[-75.211169,43.912828],[-75.212711,43.913536],[-75.208862,43.913785],[-75.20969,43.915156],[-75.206704,43.91633],[-75.20618,43.917501],[-75.207976,43.918221],[-75.208748,43.921069],[-75.210511,43.921025],[-75.209278,43.921957],[-75.209001,43.924018],[-75.210575,43.924343],[-75.211956,43.922613],[-75.211321,43.922138],[-75.213319,43.920803],[-75.214167,43.919276],[-75.213716,43.91632],[-75.215264,43.916122],[-75.216563,43.917516],[-75.24016,43.891006],[-75.249629,43.881794],[-75.254114,43.876201],[-75.272445,43.856137],[-75.274724,43.857751],[-75.276417,43.857293],[-75.278147,43.855454],[-75.281521,43.854625],[-75.284004,43.855135],[-75.286055,43.85372],[-75.289575,43.85357],[-75.290932,43.852562],[-75.293118,43.852787],[-75.298592,43.849412],[-75.300781,43.849427],[-75.301977,43.848612],[-75.302475,43.850642],[-75.304905,43.851315],[-75.307177,43.850781],[-75.306048,43.852114],[-75.307295,43.856339],[-75.307801,43.859836],[-75.30742,43.86388],[-75.308168,43.8655],[-75.309974,43.865395],[-75.312322,43.866243],[-75.315365,43.866354],[-75.318362,43.868073],[-75.332847,43.866846],[-75.337168,43.867246],[-75.351904,43.865972],[-75.353681,43.867062],[-75.354888,43.868988],[-75.356259,43.869224],[-75.358034,43.867533],[-75.365687,43.87153],[-75.368657,43.872191],[-75.370095,43.871949],[-75.371031,43.873224],[-75.372608,43.872892],[-75.373209,43.874762],[-75.373142,43.87732],[-75.375903,43.878859],[-75.375954,43.879653],[-75.378141,43.879879],[-75.379524,43.881708],[-75.387576,43.880625],[-75.386867,43.877688],[-75.389076,43.877891],[-75.389892,43.882632],[-75.391715,43.88403],[-75.391924,43.885959],[-75.415455,43.861078],[-75.414467,43.852474],[-75.416341,43.852229],[-75.421885,43.854548],[-75.42271,43.853743],[-75.422162,43.849264],[-75.423714,43.850185],[-75.425421,43.853252],[-75.427343,43.85463],[-75.429733,43.857229],[-75.430073,43.858623],[-75.423509,43.858653],[-75.424425,43.863961],[-75.425808,43.86691],[-75.428637,43.869497],[-75.429443,43.87114],[-75.431324,43.880025],[-75.434048,43.878383],[-75.434784,43.877117],[-75.438924,43.842796],[-75.442359,43.843644],[-75.440204,43.837833],[-75.442478,43.837558],[-75.451734,43.833752],[-75.454043,43.83317],[-75.457888,43.834719],[-75.461355,43.834525],[-75.463607,43.835302],[-75.468078,43.8346],[-75.469667,43.833475],[-75.4707,43.831819],[-75.469413,43.829588],[-75.465691,43.826626],[-75.463173,43.822763],[-75.466343,43.82707],[-75.475231,43.833158],[-75.478609,43.835697],[-75.479582,43.837652],[-75.478787,43.840835],[-75.47694,43.842661],[-75.47461,43.847157],[-75.47475,43.851],[-75.47821,43.855323],[-75.478709,43.858642],[-75.480108,43.861252],[-75.483052,43.862536],[-75.495999,43.862924],[-75.508525,43.863706],[-75.510643,43.866751],[-75.510435,43.86829],[-75.511386,43.871044],[-75.516095,43.867775],[-75.519195,43.868851],[-75.523567,43.869537],[-75.527097,43.869395],[-75.530585,43.870823],[-75.532389,43.870311],[-75.53709,43.875325],[-75.534988,43.876978],[-75.538599,43.88113],[-75.518303,43.894104],[-75.55906,43.918729],[-75.558047,43.919292],[-75.560956,43.920534],[-75.563078,43.923285],[-75.562229,43.926096],[-75.563409,43.928761],[-75.568909,43.93137],[-75.572157,43.92897],[-75.576396,43.934549],[-75.578176,43.9362],[-75.581591,43.938469],[-75.58223,43.93842],[-75.583485,43.937911],[-75.584174,43.933932],[-75.585866,43.93264],[-75.590249,43.93111],[-75.589359,43.929439],[-75.588751,43.926413],[-75.583822,43.907527],[-75.582234,43.905077],[-75.582567,43.900019],[-75.584367,43.90103],[-75.590244,43.903513],[-75.597808,43.899302],[-75.602959,43.899486],[-75.607226,43.898407],[-75.610796,43.89691],[-75.608344,43.894552],[-75.609831,43.893698],[-75.608203,43.89188],[-75.603618,43.894907],[-75.600514,43.891592],[-75.603646,43.889455],[-75.602017,43.887959],[-75.601278,43.888392],[-75.599353,43.886147],[-75.598028,43.886581],[-75.596699,43.884763],[-75.591958,43.88736],[-75.58915,43.884902],[-75.586185,43.886956],[-75.582185,43.883065],[-75.579267,43.881523],[-75.582688,43.878833],[-75.579569,43.875714],[-75.584317,43.872283],[-75.581258,43.867719],[-75.58214,43.85916],[-75.589202,43.859259],[-75.588807,43.858617],[-75.590764,43.857045],[-75.590848,43.855966],[-75.585497,43.855491],[-75.586843,43.849689],[-75.589521,43.851013],[-75.602817,43.842445],[-75.604261,43.842854],[-75.618422,43.841794],[-75.618446,43.844663],[-75.6293,43.845299],[-75.629442,43.84218],[-75.636725,43.842436],[-75.634294,43.840981],[-75.638656,43.840219],[-75.639696,43.832964],[-75.621996,43.832012],[-75.623022,43.81973],[-75.625392,43.819793],[-75.626295,43.813386],[-75.630863,43.813637],[-75.63163,43.807404],[-75.640136,43.807548],[-75.642974,43.810135],[-75.64445,43.810208],[-75.640933,43.805687],[-75.639506,43.805831],[-75.63981,43.804359],[-75.642565,43.800987],[-75.651248,43.801356],[-75.650208,43.805901],[-75.651463,43.808182],[-75.650458,43.809847],[-75.652603,43.812342],[-75.66592,43.812739],[-75.670331,43.810043],[-75.671588,43.80669],[-75.671887,43.80232],[-75.681284,43.802701],[-75.681914,43.79681],[-75.680732,43.790338],[-75.713655,43.791876],[-75.714837,43.788216],[-75.716273,43.785637],[-75.743605,43.787023],[-75.742502,43.779714],[-75.738412,43.775718],[-75.741638,43.774684],[-75.746907,43.774553],[-75.751585,43.772478],[-75.755586,43.771644],[-75.758277,43.773836],[-75.758748,43.772239],[-75.762311,43.77094],[-75.761639,43.769482],[-75.763332,43.768797],[-75.762957,43.766743],[-75.764028,43.7662],[-75.76608,43.76348],[-75.766463,43.76171],[-75.763885,43.758825],[-75.760495,43.758219],[-75.759668,43.757313],[-75.760832,43.756528],[-75.75866,43.755929],[-75.759363,43.753709],[-75.75815,43.75402],[-75.758289,43.752116],[-75.755506,43.751881],[-75.755492,43.750851],[-75.75749,43.750746],[-75.756108,43.74777],[-75.756801,43.746782],[-75.756191,43.744345],[-75.757357,43.743775],[-75.757389,43.742092],[-75.756214,43.739933],[-75.752245,43.73814],[-75.750257,43.738407],[-75.747715,43.735488],[-75.74417,43.736211],[-75.743234,43.735555],[-75.743284,43.733598],[-75.741076,43.733629],[-75.737671,43.731443],[-75.737768,43.729427],[-75.735955,43.726104],[-75.731822,43.725773],[-75.729589,43.7247],[-75.72922,43.722769],[-75.727741,43.72199],[-75.725978,43.717623],[-75.7242,43.717051],[-75.73185,43.709507],[-75.742561,43.694519],[-75.74638,43.693963],[-75.748374,43.694144],[-75.750444,43.696588],[-75.754684,43.69872],[-75.759317,43.695646],[-75.758481,43.6932],[-75.75935,43.69209],[-75.759749,43.689695],[-75.763355,43.689926],[-75.76758,43.693917],[-75.770481,43.69371],[-75.774421,43.694836],[-75.775472,43.696826]],[[-75.316767,43.851829],[-75.317576,43.854981],[-75.31555,43.857999],[-75.313642,43.85732],[-75.31533,43.853707],[-75.313481,43.85033],[-75.311079,43.849853],[-75.315021,43.849363],[-75.316767,43.851829]],[[-75.634294,43.840981],[-75.634248,43.841018],[-75.633793,43.841028],[-75.630612,43.839973],[-75.630231,43.839234],[-75.630565,43.838931],[-75.632389,43.839938],[-75.634294,43.840981]]]}},{"type":"Feature","properties":{"zcta5":"13601","AFFGEOID10":"8600000US13601","GEOID10":"13601","ALAND10":364371756,"AWATER10":7219145,"county_name":"Lewis","state_code":"NY","county_state":"Lewis County, NY","county_fips":"36049","risk_level_county":"Medium Risk (70–79% vaccinated)","mean_vaccination_rate_county":79.53,"risk_level_zcta":"Medium Risk (70–79% vaccinated)","mean_vaccination_rate_zips":70.85,"cases":26},"geometry":{"type":"Polygon","coordinates":[[[-76.057633,43.957114],[-76.06376,43.948486],[-76.064198,43.948439],[-76.070037,43.947011],[-76.074126,43.948517],[-76.07504,43.948243],[-76.07839,43.950505],[-76.081572,43.951135],[-76.085768,43.950871],[-76.086702,43.950726],[-76.090402,43.948276],[-76.095781,43.941892],[-76.092572,43.941636],[-76.092026,43.942277],[-76.087978,43.941996],[-76.085489,43.942957],[-76.084198,43.944772],[-76.08262,43.94494],[-76.080434,43.944127],[-76.079123,43.942279],[-76.076628,43.942287],[-76.075019,43.940301],[-76.070602,43.93844],[-76.072063,43.934782],[-76.072464,43.926959],[-76.072038,43.925919],[-76.063718,43.917512],[-76.062961,43.913681],[-76.063851,43.906825],[-76.059664,43.906479],[-76.059833,43.904758],[-76.056864,43.904574],[-76.056868,43.903352],[-76.054274,43.90316],[-76.054664,43.899703],[-76.052723,43.899587],[-76.052239,43.903059],[-76.04796,43.902872],[-76.047364,43.906986],[-76.044245,43.907],[-76.044091,43.908948],[-76.035323,43.908663],[-76.035326,43.907321],[-76.02653,43.910287],[-76.017286,43.915246],[-76.016583,43.915891],[-76.008605,43.926016],[-75.997428,43.922734],[-75.989471,43.921885],[-75.984811,43.920985],[-75.979315,43.917745],[-75.976899,43.917007],[-75.975573,43.917417],[-75.981427,43.904613],[-75.985169,43.899676],[-75.988905,43.895977],[-75.946485,43.892557],[-75.94913,43.888131],[-75.946131,43.887982],[-75.940626,43.889756],[-75.939322,43.891923],[-75.912816,43.889781],[-75.912128,43.890441],[-75.908732,43.891612],[-75.908356,43.893938],[-75.907335,43.895815],[-75.907065,43.897998],[-75.905954,43.899078],[-75.906218,43.900333],[-75.904254,43.900908],[-75.902032,43.904391],[-75.900763,43.90432],[-75.898517,43.906929],[-75.896865,43.90704],[-75.895352,43.908156],[-75.892956,43.90322],[-75.893515,43.900366],[-75.897157,43.896342],[-75.899837,43.893069],[-75.897636,43.892091],[-75.894887,43.888924],[-75.889934,43.887842],[-75.882937,43.887173],[-75.880959,43.888],[-75.877305,43.88735],[-75.875271,43.888748],[-75.873269,43.886913],[-75.869857,43.886058],[-75.861411,43.888361],[-75.85982,43.888342],[-75.858093,43.88677],[-75.857085,43.884621],[-75.857063,43.882165],[-75.855896,43.879212],[-75.852702,43.875924],[-75.856062,43.869456],[-75.858942,43.852909],[-75.85998,43.850794],[-75.863313,43.83537],[-75.867327,43.826549],[-75.865327,43.825737],[-75.863637,43.824297],[-75.858197,43.823519],[-75.855548,43.82286],[-75.852829,43.821101],[-75.848963,43.822585],[-75.84708,43.822246],[-75.845235,43.838878],[-75.844379,43.837952],[-75.841569,43.838456],[-75.840483,43.837392],[-75.839036,43.838902],[-75.837773,43.837725],[-75.838451,43.836977],[-75.838662,43.833754],[-75.837689,43.832725],[-75.835263,43.832529],[-75.832623,43.831108],[-75.829576,43.833432],[-75.828163,43.833211],[-75.826439,43.831388],[-75.823929,43.83178],[-75.822089,43.830211],[-75.827385,43.843649],[-75.827946,43.847061],[-75.829238,43.851213],[-75.831254,43.855038],[-75.831672,43.857576],[-75.827257,43.858409],[-75.823665,43.858442],[-75.818417,43.858961],[-75.813271,43.858665],[-75.807589,43.855516],[-75.793738,43.85465],[-75.7949,43.840666],[-75.794168,43.840166],[-75.784323,43.838679],[-75.779675,43.838778],[-75.77978,43.835977],[-75.78184,43.836079],[-75.779841,43.833668],[-75.770894,43.838076],[-75.765465,43.842531],[-75.753616,43.848171],[-75.753107,43.856717],[-75.756667,43.862311],[-75.756134,43.869452],[-75.758009,43.870959],[-75.758058,43.872665],[-75.761429,43.876582],[-75.761877,43.879019],[-75.79454,43.881076],[-75.794163,43.878273],[-75.792491,43.877243],[-75.791995,43.875897],[-75.790206,43.874348],[-75.788058,43.873458],[-75.78484,43.873633],[-75.784441,43.871467],[-75.801933,43.872539],[-75.802687,43.867793],[-75.806274,43.867371],[-75.810488,43.867995],[-75.812617,43.869357],[-75.815933,43.868661],[-75.818012,43.869493],[-75.819454,43.870861],[-75.822886,43.870758],[-75.828287,43.869547],[-75.830477,43.868647],[-75.832344,43.869637],[-75.836048,43.869605],[-75.838265,43.869082],[-75.841766,43.868992],[-75.843058,43.857598],[-75.848439,43.857876],[-75.850452,43.858488],[-75.855019,43.861131],[-75.855766,43.862246],[-75.854697,43.866766],[-75.852957,43.869538],[-75.850699,43.868838],[-75.84861,43.868909],[-75.846122,43.869899],[-75.844771,43.871468],[-75.842507,43.872053],[-75.841299,43.873187],[-75.84056,43.883976],[-75.848917,43.884444],[-75.848132,43.887243],[-75.845286,43.886725],[-75.842468,43.888261],[-75.843125,43.889814],[-75.840968,43.890929],[-75.84086,43.893233],[-75.839193,43.894995],[-75.835235,43.896176],[-75.834497,43.897566],[-75.830943,43.897697],[-75.828581,43.898335],[-75.826354,43.902397],[-75.822692,43.902835],[-75.821152,43.906602],[-75.814652,43.906222],[-75.814161,43.906648],[-75.813884,43.90859],[-75.814792,43.909821],[-75.812582,43.912872],[-75.811378,43.912889],[-75.811149,43.916853],[-75.812692,43.91796],[-75.813557,43.9198],[-75.814852,43.919856],[-75.812507,43.920584],[-75.809181,43.918894],[-75.809899,43.911764],[-75.803033,43.906421],[-75.797562,43.905455],[-75.79868,43.901067],[-75.792632,43.903223],[-75.786047,43.904349],[-75.781468,43.904813],[-75.779071,43.906229],[-75.766103,43.905214],[-75.762389,43.905784],[-75.758307,43.904649],[-75.755122,43.905076],[-75.754445,43.904048],[-75.752496,43.915383],[-75.746793,43.916511],[-75.741971,43.916685],[-75.741578,43.919372],[-75.741096,43.921844],[-75.737485,43.931147],[-75.727173,43.929364],[-75.722453,43.928805],[-75.717267,43.929225],[-75.748504,43.944337],[-75.750207,43.933089],[-75.753077,43.933641],[-75.753693,43.935029],[-75.757889,43.938613],[-75.761244,43.943168],[-75.763029,43.944355],[-75.764632,43.946972],[-75.766725,43.947591],[-75.768355,43.947173],[-75.772845,43.949127],[-75.776814,43.949982],[-75.778941,43.951025],[-75.788107,43.953041],[-75.790977,43.952035],[-75.801796,43.952252],[-75.804901,43.953974],[-75.807111,43.955172],[-75.811707,43.956095],[-75.813687,43.955318],[-75.810519,43.962371],[-75.807544,43.972446],[-75.808654,43.98121],[-75.800593,43.983796],[-75.801705,43.985455],[-75.80072,43.991298],[-75.800256,43.99699],[-75.798534,43.998505],[-75.799653,43.998933],[-75.80598,43.995928],[-75.811315,43.996615],[-75.811974,43.998952],[-75.808257,43.999681],[-75.806503,44.00078],[-75.80452,44.004201],[-75.80606,44.00372],[-75.807893,44.003097],[-75.811954,44.001599],[-75.812545,44.004428],[-75.809922,44.010702],[-75.816271,44.008536],[-75.820881,44.00789],[-75.819029,44.00932],[-75.819357,44.012371],[-75.818054,44.01252],[-75.816016,44.014051],[-75.816432,44.017935],[-75.826948,44.016929],[-75.829427,44.019132],[-75.83903,44.012502],[-75.842005,44.014957],[-75.843581,44.01344],[-75.846544,44.014748],[-75.851457,44.008666],[-75.853674,44.008566],[-75.855084,44.005324],[-75.860523,44.005339],[-75.862464,44.016011],[-75.863204,44.015371],[-75.871721,44.012648],[-75.874848,44.011024],[-75.875106,44.011163],[-75.878094,44.011059],[-75.87894,44.011656],[-75.880734,44.012231],[-75.883896,44.012562],[-75.8859,44.012828],[-75.893428,44.010095],[-75.897596,44.009289],[-75.898605,44.009402],[-75.901873,44.005718],[-75.902173,44.008449],[-75.899035,44.009682],[-75.885124,44.014115],[-75.882117,44.014763],[-75.882718,44.017002],[-75.882268,44.018964],[-75.880424,44.02148],[-75.887601,44.022885],[-75.891946,44.023056],[-75.891813,44.024441],[-75.88658,44.024578],[-75.887172,44.028172],[-75.888663,44.028174],[-75.888806,44.0314],[-75.884772,44.031498],[-75.881476,44.036006],[-75.87835,44.036859],[-75.878793,44.040515],[-75.880611,44.041171],[-75.878872,44.043983],[-75.882365,44.045374],[-75.880358,44.048138],[-75.878684,44.050311],[-75.888554,44.055358],[-75.889371,44.054415],[-75.891421,44.055439],[-75.887485,44.06171],[-75.89457,44.065572],[-75.892791,44.068144],[-75.887337,44.066749],[-75.885611,44.065711],[-75.879264,44.06978],[-75.878021,44.071211],[-75.883264,44.073638],[-75.882254,44.074793],[-75.885503,44.076572],[-75.885303,44.07729],[-75.887716,44.078986],[-75.888043,44.080609],[-75.888564,44.081861],[-75.887764,44.086099],[-75.88676,44.08648],[-75.887524,44.087932],[-75.887626,44.090811],[-75.889341,44.091516],[-75.893839,44.091291],[-75.895537,44.092649],[-75.895477,44.093661],[-75.898019,44.093384],[-75.914546,44.08801],[-75.914243,44.090657],[-75.9131,44.093995],[-75.91186,44.095907],[-75.9083,44.099217],[-75.90403,44.101965],[-75.902402,44.101159],[-75.901262,44.098643],[-75.881645,44.120424],[-75.879739,44.12539],[-75.88246,44.124679],[-75.886344,44.124308],[-75.892074,44.121439],[-75.893649,44.12247],[-75.895845,44.122841],[-75.89391,44.126455],[-75.892576,44.127709],[-75.891722,44.131027],[-75.893538,44.13219],[-75.896393,44.13239],[-75.897714,44.128265],[-75.899904,44.124987],[-75.900177,44.123213],[-75.899279,44.118228],[-75.902793,44.110399],[-75.905465,44.108515],[-75.915618,44.105883],[-75.917816,44.104383],[-75.922358,44.103313],[-75.924867,44.100026],[-75.926616,44.099976],[-75.928275,44.097875],[-75.929717,44.098233],[-75.930191,44.097118],[-75.933336,44.094655],[-75.935676,44.094037],[-75.944209,44.094177],[-75.948714,44.095112],[-75.956709,44.093258],[-75.95605,44.094964],[-75.956372,44.097986],[-75.957247,44.099228],[-75.959733,44.099962],[-75.963164,44.099857],[-75.966961,44.100656],[-75.968219,44.101544],[-75.968878,44.103566],[-75.970362,44.10455],[-75.970404,44.107437],[-75.971371,44.110303],[-75.973716,44.113438],[-75.976692,44.113659],[-75.976206,44.11609],[-75.977554,44.116859],[-75.981855,44.117474],[-75.989031,44.117197],[-75.993494,44.11636],[-75.995444,44.116643],[-75.996274,44.117817],[-75.997169,44.126007],[-75.999757,44.126731],[-75.999271,44.124462],[-76.001816,44.12405],[-76.001385,44.120742],[-76.002274,44.121286],[-76.00452,44.119908],[-76.010342,44.119735],[-76.009783,44.114396],[-76.016195,44.114333],[-76.018885,44.112745],[-76.021713,44.114629],[-76.026179,44.111887],[-76.011696,44.102861],[-75.998632,44.097345],[-75.995208,44.094814],[-75.997179,44.092287],[-76.005354,44.091797],[-76.006115,44.091189],[-76.008573,44.088483],[-76.010009,44.085994],[-76.010808,44.083509],[-76.011574,44.07764],[-76.012599,44.07414],[-76.01419,44.071414],[-76.009656,44.069177],[-76.007854,44.069834],[-76.001095,44.068983],[-75.997092,44.070758],[-75.991826,44.071333],[-75.988353,44.072607],[-75.987397,44.072074],[-75.986793,44.072097],[-75.983652,44.069018],[-75.980703,44.067309],[-75.972465,44.070321],[-75.970249,44.07133],[-75.965191,44.068603],[-75.965449,44.06676],[-75.976826,44.043132],[-75.979129,44.043445],[-75.981595,44.042575],[-75.984871,44.04228],[-75.986553,44.04142],[-75.981026,44.01479],[-75.979578,44.013579],[-75.980581,44.011885],[-75.979116,44.01191],[-75.978653,44.010145],[-75.973335,44.006987],[-75.973374,44.006291],[-75.973464,44.004734],[-75.973462,44.003766],[-75.97355,44.002225],[-75.973644,43.999678],[-75.974325,43.999924],[-75.981472,44.000732],[-75.982089,43.999431],[-75.983372,43.999372],[-75.984105,43.989943],[-75.988397,43.988477],[-76.001247,43.981288],[-76.005408,43.979351],[-76.011307,43.977374],[-76.018118,43.976132],[-76.022097,43.975683],[-76.022721,43.963843],[-76.035395,43.961437],[-76.043199,43.959332],[-76.057633,43.957114]]]}},{"type":"Feature","properties":{"zcta5":"13619","AFFGEOID10":"8600000US13619","GEOID10":"13619","ALAND10":281809458,"AWATER10":4867116,"county_name":"Lewis","state_code":"NY","county_state":"Lewis County, NY","county_fips":"36049","risk_level_county":"Medium Risk (70–79% vaccinated)","mean_vaccination_rate_county":79.53,"risk_level_zcta":"Medium Risk (70–79% vaccinated)","mean_vaccination_rate_zips":77.28,"cases":26},"geometry":{"type":"Polygon","coordinates":[[[-75.735638,44.012294],[-75.73609,44.005984],[-75.715453,44.001348],[-75.712059,43.99994],[-75.703435,43.996903],[-75.702186,43.996914],[-75.700047,43.994352],[-75.699143,43.992372],[-75.70094,43.992878],[-75.702977,43.991968],[-75.704591,43.993896],[-75.706318,43.994823],[-75.709482,43.99442],[-75.710929,43.996108],[-75.712786,43.995593],[-75.712115,43.997826],[-75.714763,43.998865],[-75.717838,43.999108],[-75.719559,43.998807],[-75.721438,43.98796],[-75.727169,43.988425],[-75.731471,43.988206],[-75.732705,43.98357],[-75.735575,43.983652],[-75.739589,43.981541],[-75.740252,43.979279],[-75.739673,43.976918],[-75.741988,43.968855],[-75.738355,43.96588],[-75.736725,43.963995],[-75.738717,43.960354],[-75.740435,43.960569],[-75.739709,43.958692],[-75.740623,43.957547],[-75.743479,43.955867],[-75.744248,43.953382],[-75.752627,43.951328],[-75.755861,43.950793],[-75.76552,43.949978],[-75.774543,43.950514],[-75.781158,43.952813],[-75.784556,43.953659],[-75.788555,43.953613],[-75.797915,43.952784],[-75.802027,43.953103],[-75.804901,43.953974],[-75.801796,43.952252],[-75.790977,43.952035],[-75.788107,43.953041],[-75.778941,43.951025],[-75.776814,43.949982],[-75.772845,43.949127],[-75.768355,43.947173],[-75.766725,43.947591],[-75.764632,43.946972],[-75.763029,43.944355],[-75.761244,43.943168],[-75.757889,43.938613],[-75.753693,43.935029],[-75.753077,43.933641],[-75.750207,43.933089],[-75.748504,43.944337],[-75.717267,43.929225],[-75.722453,43.928805],[-75.727173,43.929364],[-75.737485,43.931147],[-75.741096,43.921844],[-75.741578,43.919372],[-75.737061,43.921305],[-75.734968,43.921406],[-75.731778,43.926306],[-75.729184,43.927629],[-75.726619,43.92544],[-75.723306,43.925128],[-75.720661,43.925928],[-75.718512,43.923613],[-75.71426,43.924977],[-75.713396,43.924173],[-75.711013,43.923877],[-75.709566,43.924463],[-75.704978,43.925287],[-75.702756,43.924526],[-75.691457,43.918093],[-75.677656,43.926461],[-75.665434,43.919078],[-75.664273,43.918143],[-75.658362,43.911849],[-75.654642,43.910526],[-75.653194,43.914859],[-75.650676,43.916292],[-75.646742,43.91754],[-75.644517,43.917769],[-75.63971,43.917497],[-75.637311,43.918101],[-75.634206,43.917889],[-75.633022,43.916274],[-75.628973,43.916701],[-75.626301,43.920158],[-75.626497,43.923495],[-75.62442,43.923647],[-75.612284,43.914983],[-75.607864,43.91102],[-75.590244,43.903513],[-75.584367,43.90103],[-75.582567,43.900019],[-75.582234,43.905077],[-75.583822,43.907527],[-75.588751,43.926413],[-75.589359,43.929439],[-75.590249,43.93111],[-75.585866,43.93264],[-75.584174,43.933932],[-75.583485,43.937911],[-75.58223,43.93842],[-75.581591,43.938469],[-75.578176,43.9362],[-75.576396,43.934549],[-75.572157,43.92897],[-75.568909,43.93137],[-75.568579,43.931622],[-75.563867,43.929497],[-75.561818,43.927924],[-75.562198,43.923485],[-75.561926,43.922184],[-75.559576,43.920508],[-75.557124,43.919715],[-75.549788,43.919648],[-75.547025,43.918896],[-75.54116,43.915771],[-75.536577,43.912042],[-75.533882,43.908998],[-75.531333,43.907236],[-75.524022,43.906723],[-75.517142,43.905776],[-75.514003,43.905619],[-75.510546,43.903688],[-75.510182,43.89969],[-75.50958,43.897987],[-75.504909,43.894394],[-75.504538,43.894745],[-75.508533,43.897855],[-75.509495,43.899767],[-75.509485,43.902991],[-75.512325,43.905294],[-75.515373,43.906004],[-75.518561,43.906169],[-75.520425,43.908957],[-75.521396,43.911395],[-75.519965,43.912482],[-75.520731,43.914785],[-75.52024,43.917183],[-75.518056,43.917421],[-75.516031,43.918879],[-75.516945,43.92037],[-75.513341,43.923516],[-75.513082,43.926496],[-75.51168,43.926797],[-75.512301,43.928678],[-75.510989,43.929477],[-75.510969,43.931327],[-75.509583,43.93332],[-75.509689,43.935516],[-75.508201,43.936884],[-75.50733,43.937219],[-75.505025,43.935],[-75.489377,43.924689],[-75.481167,43.918759],[-75.47962,43.919924],[-75.477575,43.921932],[-75.476201,43.924451],[-75.467844,43.931866],[-75.472814,43.934292],[-75.476627,43.934051],[-75.479159,43.934493],[-75.487555,43.937447],[-75.49081,43.939039],[-75.489341,43.939312],[-75.48922,43.942343],[-75.487743,43.94278],[-75.487464,43.945485],[-75.485399,43.947113],[-75.483924,43.946478],[-75.479125,43.946446],[-75.478149,43.943363],[-75.476795,43.9438],[-75.478407,43.949761],[-75.477074,43.950361],[-75.474312,43.950991],[-75.467971,43.950501],[-75.46462,43.949963],[-75.460878,43.951407],[-75.462103,43.953507],[-75.462014,43.955514],[-75.460071,43.957963],[-75.458187,43.958933],[-75.456458,43.958712],[-75.455889,43.95982],[-75.456921,43.965863],[-75.447956,43.96692],[-75.449286,43.973766],[-75.441906,43.974362],[-75.440218,43.969883],[-75.438075,43.96966],[-75.432357,43.970787],[-75.435518,43.978968],[-75.434751,43.980348],[-75.431689,43.982736],[-75.433459,43.983618],[-75.432311,43.986071],[-75.435011,43.98943],[-75.4375,43.991617],[-75.441434,43.996719],[-75.444989,44.000832],[-75.46718,44.000866],[-75.46718,44.021959],[-75.501937,44.022139],[-75.501978,44.030926],[-75.507446,44.025436],[-75.510338,44.022985],[-75.513525,44.024224],[-75.513608,44.026387],[-75.518222,44.031392],[-75.518273,44.033328],[-75.537447,44.032145],[-75.536891,44.035958],[-75.539118,44.036006],[-75.541556,44.038348],[-75.542619,44.041507],[-75.542083,44.042188],[-75.54537,44.043802],[-75.547584,44.046641],[-75.54738,44.047704],[-75.549644,44.04832],[-75.551323,44.047647],[-75.5536,44.048067],[-75.555973,44.049641],[-75.55536,44.051094],[-75.5498,44.054734],[-75.551495,44.057797],[-75.551672,44.059911],[-75.553166,44.061632],[-75.555297,44.060507],[-75.554843,44.061874],[-75.555949,44.062393],[-75.56308,44.06158],[-75.564803,44.059682],[-75.575891,44.044252],[-75.578852,44.04292],[-75.581809,44.042446],[-75.585913,44.0424],[-75.58884,44.042819],[-75.592881,44.045506],[-75.596603,44.046797],[-75.59975,44.047292],[-75.601691,44.048317],[-75.60351,44.051374],[-75.604226,44.053701],[-75.606811,44.057844],[-75.606994,44.059172],[-75.611215,44.063433],[-75.612194,44.063514],[-75.618611,44.060586],[-75.622224,44.057941],[-75.622229,44.056832],[-75.618224,44.049274],[-75.616826,44.048013],[-75.617227,44.045047],[-75.616927,44.040161],[-75.61283,44.03856],[-75.608163,44.035934],[-75.605923,44.034287],[-75.605798,44.033429],[-75.599808,44.032923],[-75.596993,44.033087],[-75.598314,44.030778],[-75.598075,44.029847],[-75.594594,44.029681],[-75.593068,44.03099],[-75.588987,44.030189],[-75.58534,44.030341],[-75.583027,44.029475],[-75.582472,44.030842],[-75.586586,44.020232],[-75.594334,44.019975],[-75.605737,44.018506],[-75.606415,44.017744],[-75.62407,44.016726],[-75.624075,44.017146],[-75.628953,44.017476],[-75.647956,44.041641],[-75.649163,44.043395],[-75.650731,44.04178],[-75.655323,44.038243],[-75.658853,44.037077],[-75.665618,44.037103],[-75.666522,44.040127],[-75.666289,44.041267],[-75.667765,44.041217],[-75.67489,44.043462],[-75.675516,44.047768],[-75.674188,44.049747],[-75.676693,44.048455],[-75.679383,44.048157],[-75.681563,44.050701],[-75.685414,44.050268],[-75.687273,44.049499],[-75.688582,44.04993],[-75.691643,44.052232],[-75.693363,44.054065],[-75.695204,44.054892],[-75.695981,44.05453],[-75.696154,44.051549],[-75.699092,44.049026],[-75.703078,44.048612],[-75.705412,44.04927],[-75.709428,44.047385],[-75.712202,44.044239],[-75.711944,44.040268],[-75.712761,44.038596],[-75.715621,44.036658],[-75.719781,44.036599],[-75.722331,44.036159],[-75.72796,44.032545],[-75.737644,44.027905],[-75.732982,44.029454],[-75.733327,44.027188],[-75.739954,44.024784],[-75.744639,44.023482],[-75.733666,44.024991],[-75.735638,44.012294]],[[-75.719275,44.033724],[-75.71932,44.033896],[-75.718839,44.034051],[-75.714742,44.032268],[-75.716739,44.029293],[-75.717221,44.029324],[-75.718409,44.031795],[-75.719275,44.033724]],[[-75.688207,44.032402],[-75.688002,44.034407],[-75.686286,44.0339],[-75.684222,44.035618],[-75.679595,44.035573],[-75.679679,44.034193],[-75.683412,44.032615],[-75.6767,44.029831],[-75.677275,44.027634],[-75.676857,44.027109],[-75.675233,44.025868],[-75.67578,44.025261],[-75.680246,44.027123],[-75.683404,44.027827],[-75.685304,44.028998],[-75.688207,44.032402]],[[-75.686085,44.03465],[-75.686098,44.036716],[-75.685892,44.039121],[-75.683587,44.040529],[-75.681342,44.040967],[-75.681364,44.040236],[-75.684126,44.039186],[-75.686085,44.03465]]]}},{"type":"Feature","properties":{"zcta5":"13471","AFFGEOID10":"8600000US13471","GEOID10":"13471","ALAND10":243036292,"AWATER10":953871,"county_name":"Lewis","state_code":"NY","county_state":"Lewis County, NY","county_fips":"36049","risk_level_county":"Medium Risk (70–79% vaccinated)","mean_vaccination_rate_county":79.53,"risk_level_zcta":"Higher Risk (60–69% vaccinated)","mean_vaccination_rate_zips":64.49,"cases":26},"geometry":{"type":"MultiPolygon","coordinates":[[[[-75.692598,43.312854],[-75.68692,43.312824],[-75.680881,43.31131],[-75.681171,43.305291],[-75.683396,43.29913],[-75.67586,43.297806],[-75.671,43.29727],[-75.668803,43.296172],[-75.669122,43.297974],[-75.672218,43.298644],[-75.674924,43.302658],[-75.674052,43.302935],[-75.672888,43.30566],[-75.671812,43.305529],[-75.668369,43.307093],[-75.668081,43.30844],[-75.662918,43.307298],[-75.658919,43.306908],[-75.645925,43.30765],[-75.646305,43.304764],[-75.650045,43.300331],[-75.651511,43.296757],[-75.652223,43.291301],[-75.651945,43.287493],[-75.641917,43.286466],[-75.640692,43.291068],[-75.639591,43.292909],[-75.636779,43.295205],[-75.63188,43.296439],[-75.626978,43.298537],[-75.623553,43.300871],[-75.619853,43.302343],[-75.624211,43.299803],[-75.625835,43.298422],[-75.628854,43.297278],[-75.634483,43.294378],[-75.637451,43.293205],[-75.637667,43.290767],[-75.635026,43.288771],[-75.635425,43.286355],[-75.634832,43.285309],[-75.632652,43.284498],[-75.633923,43.282599],[-75.635427,43.281839],[-75.634272,43.279193],[-75.63403,43.276469],[-75.63689,43.272594],[-75.635498,43.270802],[-75.635087,43.26895],[-75.632832,43.269129],[-75.626027,43.268829],[-75.622885,43.268073],[-75.620774,43.265664],[-75.616962,43.264703],[-75.613758,43.265915],[-75.612344,43.268238],[-75.60886,43.267647],[-75.607964,43.266011],[-75.607646,43.266055],[-75.61138,43.262209],[-75.611727,43.259678],[-75.61252,43.258726],[-75.610068,43.259175],[-75.608011,43.260432],[-75.607069,43.265619],[-75.599225,43.265352],[-75.59757,43.263704],[-75.59564,43.262813],[-75.595235,43.266267],[-75.593396,43.26762],[-75.59319,43.267632],[-75.567805,43.269307],[-75.568806,43.271562],[-75.566508,43.273001],[-75.569022,43.276511],[-75.571763,43.278288],[-75.563955,43.280362],[-75.564102,43.284269],[-75.565665,43.288861],[-75.568992,43.293289],[-75.567833,43.294801],[-75.568236,43.297353],[-75.565126,43.298988],[-75.559564,43.301531],[-75.560382,43.303315],[-75.562638,43.304796],[-75.561556,43.305781],[-75.556924,43.307044],[-75.549526,43.30955],[-75.546362,43.310288],[-75.541718,43.310425],[-75.541429,43.312918],[-75.545148,43.313658],[-75.546799,43.314653],[-75.548292,43.319936],[-75.548028,43.320573],[-75.544851,43.321881],[-75.544198,43.326114],[-75.544585,43.32774],[-75.543465,43.330581],[-75.544804,43.331519],[-75.543926,43.334118],[-75.54323,43.338308],[-75.544918,43.3516],[-75.542653,43.366453],[-75.545003,43.366339],[-75.543086,43.370618],[-75.539804,43.377144],[-75.53898,43.379859],[-75.53871,43.383215],[-75.539373,43.387271],[-75.538091,43.390531],[-75.536976,43.400288],[-75.54305,43.398608],[-75.544759,43.397229],[-75.546287,43.39762],[-75.549951,43.395479],[-75.550348,43.399898],[-75.550013,43.402008],[-75.548641,43.405237],[-75.549081,43.40796],[-75.548359,43.411214],[-75.54903,43.413406],[-75.551385,43.416172],[-75.554832,43.421328],[-75.55792,43.42487],[-75.6395,43.444149],[-75.637319,43.438908],[-75.636104,43.437957],[-75.635176,43.435269],[-75.623282,43.432778],[-75.623647,43.42822],[-75.62211,43.427606],[-75.621615,43.425335],[-75.61851,43.423217],[-75.616674,43.420672],[-75.616233,43.417027],[-75.614457,43.420866],[-75.61247,43.419891],[-75.610754,43.416113],[-75.609518,43.414865],[-75.611582,43.408627],[-75.614558,43.401758],[-75.608326,43.399833],[-75.612385,43.399476],[-75.616738,43.402029],[-75.618737,43.402251],[-75.620208,43.403532],[-75.620126,43.406148],[-75.621774,43.406991],[-75.62225,43.404124],[-75.627401,43.39276],[-75.630402,43.395853],[-75.632473,43.396347],[-75.634844,43.398247],[-75.635772,43.399786],[-75.638567,43.402642],[-75.641505,43.404208],[-75.644045,43.406112],[-75.647792,43.407494],[-75.650871,43.409635],[-75.651632,43.41101],[-75.654623,43.401933],[-75.650413,43.400398],[-75.65029,43.399271],[-75.648472,43.396374],[-75.646628,43.391239],[-75.647557,43.390501],[-75.657764,43.392084],[-75.660194,43.381825],[-75.667888,43.364516],[-75.672359,43.363312],[-75.673834,43.361909],[-75.682842,43.364065],[-75.681998,43.361371],[-75.675783,43.355122],[-75.692598,43.312854]]],[[[-75.663693,43.645833],[-75.666656,43.644419],[-75.67015,43.641895],[-75.667235,43.637639],[-75.66726,43.636737],[-75.669814,43.635187],[-75.670616,43.632585],[-75.669792,43.630285],[-75.666572,43.627763],[-75.665688,43.626356],[-75.665144,43.620235],[-75.664414,43.617525],[-75.6658,43.615157],[-75.665084,43.611761],[-75.665463,43.610961],[-75.669189,43.609017],[-75.671557,43.608514],[-75.670483,43.607051],[-75.670326,43.604056],[-75.67102,43.603599],[-75.675188,43.603439],[-75.676473,43.600482],[-75.677708,43.6002],[-75.676401,43.598885],[-75.675363,43.596789],[-75.675853,43.593675],[-75.677927,43.591116],[-75.679573,43.591109],[-75.681856,43.590096],[-75.682339,43.588642],[-75.683708,43.587286],[-75.685616,43.587684],[-75.686531,43.586827],[-75.68869,43.586766],[-75.692303,43.585986],[-75.69379,43.58513],[-75.696565,43.58454],[-75.696889,43.583815],[-75.695533,43.581541],[-75.695752,43.580622],[-75.698282,43.579398],[-75.697808,43.576455],[-75.695205,43.573785],[-75.695216,43.571934],[-75.696283,43.569999],[-75.689251,43.568488],[-75.687381,43.567625],[-75.684522,43.567641],[-75.681134,43.568631],[-75.675891,43.56876],[-75.672625,43.567378],[-75.672463,43.564696],[-75.668751,43.561241],[-75.667686,43.560894],[-75.666761,43.559213],[-75.664703,43.557261],[-75.665017,43.555718],[-75.663168,43.552459],[-75.66368,43.549846],[-75.663337,43.546957],[-75.659605,43.543458],[-75.661311,43.542997],[-75.664848,43.540574],[-75.664676,43.53952],[-75.662613,43.53935],[-75.661727,43.538184],[-75.6608,43.535947],[-75.663207,43.531301],[-75.662158,43.529156],[-75.660264,43.52661],[-75.662156,43.523768],[-75.664854,43.521756],[-75.665134,43.520346],[-75.663285,43.516361],[-75.665689,43.513704],[-75.666932,43.509935],[-75.665606,43.507323],[-75.664614,43.503422],[-75.658189,43.495782],[-75.652986,43.490248],[-75.650296,43.488883],[-75.646572,43.48817],[-75.642271,43.488053],[-75.639372,43.486113],[-75.634509,43.483863],[-75.628536,43.481975],[-75.624999,43.479787],[-75.621919,43.476526],[-75.620094,43.473789],[-75.618115,43.472659],[-75.61501,43.472338],[-75.61277,43.471137],[-75.611032,43.468857],[-75.613666,43.464805],[-75.612366,43.463095],[-75.610214,43.462326],[-75.607512,43.462243],[-75.605221,43.460732],[-75.604038,43.462806],[-75.602931,43.462314],[-75.600071,43.46499],[-75.597268,43.464254],[-75.596718,43.463511],[-75.593966,43.464022],[-75.59196,43.462604],[-75.587807,43.460564],[-75.586265,43.462367],[-75.582296,43.464227],[-75.580677,43.467733],[-75.580443,43.469468],[-75.581388,43.47165],[-75.580719,43.473313],[-75.581806,43.476277],[-75.581467,43.477781],[-75.585384,43.479503],[-75.589345,43.478849],[-75.591236,43.479381],[-75.593244,43.483676],[-75.595748,43.484786],[-75.594762,43.488389],[-75.593357,43.491082],[-75.590956,43.494057],[-75.588047,43.496405],[-75.587766,43.497511],[-75.588374,43.499036],[-75.590229,43.49967],[-75.589756,43.500727],[-75.590776,43.501707],[-75.592709,43.501923],[-75.592046,43.503689],[-75.592992,43.508923],[-75.595033,43.510807],[-75.59333,43.513601],[-75.593466,43.514919],[-75.594519,43.515204],[-75.595549,43.517191],[-75.595256,43.518108],[-75.596712,43.519183],[-75.599559,43.524458],[-75.600558,43.527075],[-75.601938,43.528577],[-75.6025,43.530581],[-75.608827,43.534428],[-75.609337,43.53705],[-75.611104,43.541135],[-75.613228,43.544633],[-75.60849,43.544359],[-75.608016,43.545397],[-75.608102,43.546415],[-75.610027,43.548377],[-75.609887,43.548957],[-75.611951,43.55198],[-75.61474,43.557376],[-75.615638,43.558329],[-75.614658,43.56164],[-75.618999,43.568981],[-75.61736,43.571376],[-75.620723,43.576446],[-75.617244,43.580122],[-75.620434,43.582062],[-75.620035,43.584557],[-75.625181,43.585096],[-75.630635,43.639219],[-75.633001,43.641577],[-75.632764,43.642912],[-75.634366,43.644413],[-75.643948,43.644538],[-75.645685,43.644244],[-75.648891,43.645319],[-75.656103,43.644523],[-75.6623,43.646121],[-75.663693,43.645833]]]]}},{"type":"Feature","properties":{"zcta5":"13309","AFFGEOID10":"8600000US13309","GEOID10":"13309","ALAND10":376562797,"AWATER10":2056303,"county_name":"Lewis","state_code":"NY","county_state":"Lewis County, NY","county_fips":"36049","risk_level_county":"Medium Risk (70–79% vaccinated)","mean_vaccination_rate_county":79.53,"risk_level_zcta":"Medium Risk (70–79% vaccinated)","mean_vaccination_rate_zips":74.22,"cases":26},"geometry":{"type":"MultiPolygon","coordinates":[[[[-75.462224,43.453036],[-75.461736,43.452184],[-75.463716,43.449969],[-75.462354,43.445642],[-75.464082,43.443085],[-75.462086,43.438664],[-75.464597,43.43794],[-75.463888,43.43608],[-75.462708,43.435691],[-75.463083,43.43264],[-75.46214,43.429335],[-75.462567,43.427584],[-75.461392,43.424155],[-75.463032,43.422601],[-75.464318,43.422515],[-75.465029,43.420064],[-75.464751,43.417976],[-75.466712,43.41664],[-75.467187,43.41498],[-75.465765,43.413597],[-75.465655,43.412279],[-75.463503,43.410642],[-75.463722,43.409755],[-75.466672,43.405939],[-75.466521,43.40388],[-75.470599,43.399593],[-75.470817,43.397807],[-75.469861,43.395659],[-75.470596,43.394059],[-75.468543,43.39209],[-75.468963,43.38936],[-75.466207,43.388855],[-75.464317,43.372012],[-75.462679,43.37051],[-75.460866,43.370341],[-75.459106,43.371775],[-75.456539,43.372119],[-75.456593,43.373706],[-75.454194,43.373266],[-75.453794,43.37401],[-75.449809,43.374044],[-75.447595,43.376372],[-75.44777,43.378176],[-75.451494,43.38122],[-75.455691,43.383085],[-75.45682,43.38919],[-75.43877,43.39066],[-75.439263,43.388747],[-75.438422,43.386835],[-75.436921,43.386994],[-75.437676,43.382445],[-75.437512,43.380774],[-75.436193,43.380299],[-75.435594,43.376162],[-75.434726,43.374649],[-75.428213,43.37478],[-75.427013,43.373738],[-75.427258,43.369462],[-75.429028,43.366703],[-75.427572,43.366339],[-75.426695,43.364948],[-75.423319,43.36442],[-75.416468,43.360306],[-75.414488,43.360279],[-75.414286,43.356837],[-75.411529,43.357348],[-75.410699,43.354831],[-75.409776,43.35408],[-75.405449,43.355248],[-75.40483,43.354202],[-75.399546,43.354653],[-75.398899,43.349075],[-75.394931,43.34933],[-75.395402,43.351613],[-75.385703,43.352419],[-75.383118,43.352957],[-75.381095,43.352622],[-75.384647,43.357497],[-75.386835,43.359124],[-75.389002,43.361757],[-75.389365,43.363497],[-75.388881,43.366231],[-75.38949,43.370717],[-75.390452,43.374993],[-75.388717,43.379736],[-75.387451,43.379043],[-75.386281,43.380967],[-75.379315,43.386035],[-75.376387,43.388948],[-75.37539,43.389317],[-75.37467,43.391403],[-75.372147,43.395713],[-75.326559,43.398242],[-75.321394,43.356697],[-75.317433,43.356947],[-75.317994,43.360505],[-75.320105,43.361242],[-75.320176,43.362183],[-75.318181,43.36225],[-75.319839,43.372992],[-75.314194,43.37319],[-75.312757,43.376258],[-75.309507,43.37903],[-75.308895,43.385089],[-75.306797,43.388293],[-75.306296,43.392338],[-75.304789,43.395739],[-75.303589,43.397297],[-75.299335,43.399878],[-75.287217,43.401112],[-75.281098,43.401254],[-75.263452,43.402866],[-75.259148,43.401344],[-75.247717,43.400493],[-75.248391,43.404032],[-75.240196,43.404732],[-75.238452,43.402257],[-75.238807,43.404832],[-75.239426,43.406866],[-75.239301,43.410687],[-75.240633,43.415034],[-75.240044,43.418735],[-75.236477,43.419795],[-75.235155,43.421467],[-75.234268,43.421279],[-75.230387,43.422676],[-75.229227,43.424145],[-75.230426,43.425181],[-75.221903,43.431799],[-75.224186,43.435534],[-75.229349,43.440972],[-75.230523,43.445239],[-75.231482,43.447182],[-75.232094,43.45088],[-75.230649,43.450968],[-75.228414,43.45232],[-75.226647,43.451415],[-75.226093,43.449496],[-75.223813,43.448513],[-75.22273,43.445783],[-75.219688,43.443291],[-75.219238,43.442362],[-75.219176,43.443855],[-75.222935,43.448423],[-75.224152,43.451797],[-75.221886,43.453665],[-75.225837,43.455359],[-75.226493,43.458758],[-75.227452,43.459957],[-75.23066,43.46019],[-75.233123,43.457749],[-75.234543,43.458179],[-75.232692,43.463255],[-75.227555,43.465587],[-75.211584,43.473435],[-75.212353,43.477971],[-75.215217,43.498636],[-75.216696,43.505106],[-75.217578,43.511461],[-75.195,43.513284],[-75.195448,43.516048],[-75.193863,43.516501],[-75.192523,43.515762],[-75.187981,43.515763],[-75.186121,43.517592],[-75.183702,43.518423],[-75.184063,43.520983],[-75.177753,43.521487],[-75.178093,43.523884],[-75.177039,43.527035],[-75.177593,43.527764],[-75.173957,43.531133],[-75.171233,43.530567],[-75.173031,43.532334],[-75.17265,43.535527],[-75.171739,43.536608],[-75.172865,43.539652],[-75.172338,43.540571],[-75.169154,43.540629],[-75.169369,43.542009],[-75.172287,43.55962],[-75.179031,43.559321],[-75.179978,43.562319],[-75.181761,43.561292],[-75.186181,43.560896],[-75.188038,43.561502],[-75.190797,43.558019],[-75.193931,43.555594],[-75.19404,43.554718],[-75.198576,43.550691],[-75.20102,43.549143],[-75.20232,43.549311],[-75.207388,43.551664],[-75.210793,43.547499],[-75.21161,43.545898],[-75.217956,43.544012],[-75.222008,43.540297],[-75.225253,43.562204],[-75.232807,43.558672],[-75.234125,43.566393],[-75.235746,43.566475],[-75.237503,43.56497],[-75.236714,43.561443],[-75.23962,43.559555],[-75.243164,43.558958],[-75.25211,43.554631],[-75.254144,43.553259],[-75.262306,43.545358],[-75.262644,43.545056],[-75.263,43.549055],[-75.266229,43.547132],[-75.271645,43.545718],[-75.272278,43.550665],[-75.272275,43.545638],[-75.276008,43.544706],[-75.281584,43.543836],[-75.284761,43.544477],[-75.286726,43.545729],[-75.285947,43.549606],[-75.293301,43.549102],[-75.293318,43.555667],[-75.294783,43.555752],[-75.297831,43.554309],[-75.300391,43.552291],[-75.302684,43.551759],[-75.306972,43.549351],[-75.309181,43.548418],[-75.309902,43.54602],[-75.30404,43.531754],[-75.3041,43.531242],[-75.305787,43.530686],[-75.307339,43.532384],[-75.308392,43.532247],[-75.309997,43.533774],[-75.310615,43.536638],[-75.312241,43.538498],[-75.317625,43.53814],[-75.324306,43.539415],[-75.326046,43.541753],[-75.327197,43.544665],[-75.326351,43.540713],[-75.324435,43.536092],[-75.33044,43.533418],[-75.331635,43.533368],[-75.338599,43.534878],[-75.345336,43.534113],[-75.349632,43.532081],[-75.350248,43.538815],[-75.350172,43.547243],[-75.35109,43.5528],[-75.353533,43.573969],[-75.372746,43.564457],[-75.375764,43.56834],[-75.379488,43.579486],[-75.381905,43.578672],[-75.383105,43.582143],[-75.384474,43.580683],[-75.401476,43.56224],[-75.399568,43.557302],[-75.399,43.553302],[-75.400006,43.550646],[-75.398581,43.549547],[-75.395912,43.551437],[-75.394835,43.553187],[-75.37444,43.56355],[-75.371661,43.560157],[-75.369838,43.552334],[-75.37287,43.550628],[-75.374513,43.552066],[-75.382235,43.548463],[-75.38416,43.550622],[-75.38994,43.54787],[-75.387685,43.545611],[-75.385789,43.546579],[-75.385038,43.545688],[-75.388297,43.543983],[-75.389472,43.545417],[-75.392828,43.54371],[-75.393168,43.542172],[-75.391991,43.541297],[-75.391375,43.537534],[-75.40815,43.529226],[-75.408472,43.528003],[-75.406848,43.525818],[-75.411292,43.52213],[-75.416742,43.519267],[-75.420565,43.523272],[-75.422316,43.52643],[-75.422376,43.528722],[-75.424439,43.532362],[-75.429199,43.531643],[-75.442989,43.532072],[-75.445653,43.531701],[-75.456258,43.536978],[-75.468887,43.526471],[-75.469417,43.523235],[-75.467196,43.519569],[-75.467092,43.517159],[-75.466751,43.512913],[-75.465302,43.508863],[-75.463626,43.501154],[-75.461434,43.497206],[-75.461011,43.492641],[-75.457895,43.474123],[-75.457787,43.469057],[-75.458091,43.468094],[-75.460615,43.464494],[-75.461845,43.461239],[-75.450849,43.459698],[-75.447267,43.459997],[-75.462224,43.453036]]],[[[-75.529125,43.520875],[-75.529705,43.524725],[-75.525973,43.526297],[-75.52084,43.523853],[-75.517577,43.522653],[-75.51507,43.521042],[-75.511008,43.519105],[-75.508954,43.519354],[-75.499394,43.529633],[-75.497441,43.53127],[-75.494728,43.532249],[-75.491098,43.535657],[-75.488977,43.53835],[-75.481523,43.546579],[-75.485986,43.548753],[-75.486953,43.550794],[-75.489188,43.552099],[-75.488684,43.552994],[-75.483092,43.559084],[-75.480864,43.560264],[-75.476466,43.561064],[-75.480575,43.56071],[-75.48458,43.558613],[-75.486113,43.556635],[-75.488381,43.557542],[-75.490633,43.556285],[-75.494608,43.559966],[-75.498832,43.556032],[-75.500857,43.554969],[-75.508311,43.552602],[-75.510311,43.555743],[-75.539531,43.559083],[-75.542626,43.558142],[-75.545692,43.558145],[-75.5469,43.557242],[-75.552044,43.5567],[-75.556287,43.554936],[-75.558798,43.554723],[-75.561761,43.555236],[-75.563576,43.554995],[-75.564732,43.554255],[-75.566665,43.551862],[-75.567915,43.54902],[-75.566088,43.548956],[-75.562911,43.548015],[-75.559644,43.545693],[-75.556024,43.545459],[-75.55439,43.54421],[-75.55184,43.541321],[-75.54949,43.536875],[-75.549828,43.535022],[-75.548668,43.530255],[-75.536288,43.524269],[-75.529125,43.520875]]]]}},{"type":"Feature","properties":{"zcta5":"13473","AFFGEOID10":"8600000US13473","GEOID10":"13473","ALAND10":119488089,"AWATER10":434983,"county_name":"Lewis","state_code":"NY","county_state":"Lewis County, NY","county_fips":"36049","risk_level_county":"Medium Risk (70–79% vaccinated)","mean_vaccination_rate_county":79.53,"risk_level_zcta":"Lowest Risk (85%+)","mean_vaccination_rate_zips":88,"cases":26},"geometry":{"type":"Polygon","coordinates":[[[-75.567227,43.656081],[-75.563484,43.655256],[-75.566197,43.654706],[-75.568238,43.653393],[-75.568742,43.650948],[-75.567574,43.648744],[-75.564641,43.650045],[-75.560411,43.649831],[-75.55919,43.648136],[-75.557594,43.647715],[-75.554533,43.647892],[-75.552646,43.647513],[-75.551551,43.645802],[-75.54901,43.64479],[-75.549968,43.644283],[-75.549601,43.642112],[-75.548103,43.639036],[-75.546689,43.639151],[-75.545797,43.637798],[-75.546152,43.636408],[-75.54574,43.6336],[-75.546355,43.631668],[-75.544098,43.632391],[-75.541268,43.632308],[-75.540813,43.629936],[-75.542712,43.629025],[-75.543617,43.627667],[-75.535193,43.608559],[-75.533842,43.607397],[-75.529818,43.60549],[-75.527967,43.603205],[-75.527197,43.600275],[-75.525773,43.598509],[-75.524827,43.590827],[-75.526245,43.589177],[-75.52202,43.587066],[-75.52192,43.588832],[-75.520671,43.589728],[-75.522055,43.591208],[-75.521183,43.592669],[-75.521675,43.595644],[-75.520015,43.59704],[-75.518819,43.596458],[-75.518955,43.5973],[-75.51761,43.599243],[-75.517717,43.601219],[-75.51858,43.602656],[-75.517478,43.603444],[-75.513138,43.603686],[-75.509617,43.613863],[-75.503633,43.610722],[-75.502235,43.605451],[-75.49848,43.600713],[-75.492477,43.597622],[-75.482172,43.60903],[-75.473276,43.604765],[-75.471809,43.603435],[-75.469925,43.59824],[-75.468694,43.596999],[-75.457832,43.591721],[-75.455415,43.594086],[-75.448557,43.599265],[-75.4442,43.603124],[-75.440969,43.606836],[-75.4427,43.608],[-75.4433,43.612922],[-75.443646,43.613528],[-75.446684,43.615004],[-75.44684,43.615705],[-75.441599,43.615567],[-75.435561,43.613609],[-75.431623,43.612577],[-75.429766,43.611189],[-75.424835,43.609076],[-75.422397,43.607033],[-75.420629,43.60689],[-75.420175,43.605788],[-75.416134,43.602242],[-75.413995,43.603662],[-75.407002,43.604004],[-75.401309,43.603303],[-75.39729,43.602545],[-75.392089,43.592733],[-75.389937,43.589464],[-75.38508,43.583162],[-75.384474,43.580683],[-75.383105,43.582143],[-75.381086,43.58457],[-75.386118,43.600394],[-75.388228,43.604633],[-75.388024,43.605552],[-75.383691,43.610387],[-75.381097,43.612441],[-75.377794,43.614157],[-75.372614,43.616297],[-75.376043,43.619163],[-75.371275,43.624588],[-75.372425,43.627426],[-75.375299,43.631869],[-75.378122,43.633766],[-75.378376,43.633456],[-75.387557,43.629909],[-75.392913,43.631893],[-75.389502,43.631247],[-75.390216,43.632566],[-75.393897,43.632268],[-75.39623,43.636429],[-75.391546,43.641294],[-75.388533,43.64504],[-75.388559,43.655181],[-75.389834,43.660445],[-75.390173,43.663719],[-75.393807,43.671556],[-75.396589,43.674582],[-75.39869,43.676147],[-75.398879,43.676862],[-75.404741,43.682922],[-75.4062,43.684675],[-75.40731,43.687303],[-75.404638,43.690484],[-75.402252,43.691886],[-75.405599,43.692182],[-75.408814,43.696306],[-75.40998,43.699772],[-75.409635,43.703041],[-75.416556,43.706354],[-75.425079,43.697089],[-75.428549,43.699071],[-75.430941,43.702842],[-75.429327,43.703294],[-75.42885,43.704849],[-75.44907,43.702374],[-75.449807,43.701655],[-75.45188,43.701452],[-75.45278,43.699382],[-75.455746,43.698365],[-75.444655,43.681292],[-75.448371,43.679845],[-75.453206,43.678766],[-75.45555,43.680519],[-75.45719,43.680787],[-75.461323,43.683444],[-75.471354,43.686866],[-75.476603,43.68943],[-75.490951,43.673368],[-75.495594,43.675606],[-75.499407,43.675822],[-75.502483,43.675102],[-75.507999,43.672145],[-75.508092,43.673103],[-75.51253,43.673246],[-75.51283,43.672374],[-75.517207,43.671947],[-75.520891,43.670786],[-75.520246,43.670103],[-75.522315,43.668297],[-75.525999,43.667845],[-75.528316,43.666742],[-75.529623,43.666627],[-75.530328,43.668262],[-75.531581,43.668635],[-75.53467,43.671319],[-75.538997,43.672639],[-75.542194,43.672733],[-75.543681,43.673527],[-75.547792,43.672428],[-75.548106,43.675018],[-75.565198,43.67587],[-75.566834,43.673235],[-75.565728,43.670368],[-75.564742,43.665402],[-75.564835,43.662472],[-75.565837,43.658664],[-75.567227,43.656081]]]}},{"type":"Feature","properties":{"zcta5":"13489","AFFGEOID10":"8600000US13489","GEOID10":"13489","ALAND10":110591134,"AWATER10":1302775,"county_name":"Lewis","state_code":"NY","county_state":"Lewis County, NY","county_fips":"36049","risk_level_county":"Medium Risk (70–79% vaccinated)","mean_vaccination_rate_county":79.53,"risk_level_zcta":"Medium Risk (70–79% vaccinated)","mean_vaccination_rate_zips":78.01,"cases":26},"geometry":{"type":"Polygon","coordinates":[[[-75.658189,43.495782],[-75.658895,43.495245],[-75.658853,43.491152],[-75.657758,43.489576],[-75.667527,43.478717],[-75.666145,43.477972],[-75.66336,43.470728],[-75.657689,43.467715],[-75.655031,43.466892],[-75.652045,43.465096],[-75.648451,43.463577],[-75.644987,43.461654],[-75.649731,43.45593],[-75.650899,43.452185],[-75.65369,43.447135],[-75.6395,43.444149],[-75.55792,43.42487],[-75.553707,43.423822],[-75.5335,43.419756],[-75.50818,43.431459],[-75.506982,43.429401],[-75.499067,43.429519],[-75.495841,43.430329],[-75.494498,43.429922],[-75.485387,43.430583],[-75.479415,43.42892],[-75.474796,43.429085],[-75.467738,43.443975],[-75.465808,43.447237],[-75.464518,43.451956],[-75.462224,43.453036],[-75.447267,43.459997],[-75.450849,43.459698],[-75.461845,43.461239],[-75.460615,43.464494],[-75.458091,43.468094],[-75.457787,43.469057],[-75.457895,43.474123],[-75.461011,43.492641],[-75.461434,43.497206],[-75.463626,43.501154],[-75.465302,43.508863],[-75.466751,43.512913],[-75.467092,43.517159],[-75.4766,43.516331],[-75.48245,43.515161],[-75.485502,43.516174],[-75.48697,43.517674],[-75.487628,43.51701],[-75.488171,43.513332],[-75.489572,43.509975],[-75.491488,43.508794],[-75.49296,43.510494],[-75.495617,43.509905],[-75.49699,43.508688],[-75.498566,43.508679],[-75.498518,43.509518],[-75.500529,43.509828],[-75.502476,43.507994],[-75.529125,43.520875],[-75.536288,43.524269],[-75.53842,43.522703],[-75.542561,43.524568],[-75.544409,43.524029],[-75.545241,43.521925],[-75.543685,43.52013],[-75.544294,43.518213],[-75.547326,43.51694],[-75.549917,43.515005],[-75.550354,43.513113],[-75.550182,43.50845],[-75.553205,43.506701],[-75.553183,43.505543],[-75.551801,43.504319],[-75.55051,43.500563],[-75.551311,43.498673],[-75.551302,43.496284],[-75.55268,43.494434],[-75.55638,43.492544],[-75.562661,43.491906],[-75.563767,43.492321],[-75.569219,43.492143],[-75.570566,43.491476],[-75.573171,43.488756],[-75.57349,43.487024],[-75.575969,43.486501],[-75.577293,43.484982],[-75.579033,43.484775],[-75.581103,43.483382],[-75.580967,43.480777],[-75.581467,43.477781],[-75.581806,43.476277],[-75.580719,43.473313],[-75.581388,43.47165],[-75.580443,43.469468],[-75.580677,43.467733],[-75.582296,43.464227],[-75.586265,43.462367],[-75.587807,43.460564],[-75.59196,43.462604],[-75.593966,43.464022],[-75.596718,43.463511],[-75.597268,43.464254],[-75.600071,43.46499],[-75.602931,43.462314],[-75.604038,43.462806],[-75.605221,43.460732],[-75.607512,43.462243],[-75.610214,43.462326],[-75.612366,43.463095],[-75.613666,43.464805],[-75.611032,43.468857],[-75.61277,43.471137],[-75.61501,43.472338],[-75.618115,43.472659],[-75.620094,43.473789],[-75.621919,43.476526],[-75.624999,43.479787],[-75.628536,43.481975],[-75.634509,43.483863],[-75.639372,43.486113],[-75.642271,43.488053],[-75.646572,43.48817],[-75.650296,43.488883],[-75.652986,43.490248],[-75.658189,43.495782]]]}},{"type":"Feature","properties":{"zcta5":"13682","AFFGEOID10":"8600000US13682","GEOID10":"13682","ALAND10":81189682,"AWATER10":117423,"county_name":"Lewis","state_code":"NY","county_state":"Lewis County, NY","county_fips":"36049","risk_level_county":"Medium Risk (70–79% vaccinated)","mean_vaccination_rate_county":79.53,"risk_level_zcta":"Higher Risk (60–69% vaccinated)","mean_vaccination_rate_zips":62.2,"cases":26},"geometry":{"type":"MultiPolygon","coordinates":[[[[-75.84056,43.883976],[-75.841299,43.873187],[-75.842507,43.872053],[-75.844771,43.871468],[-75.846122,43.869899],[-75.84861,43.868909],[-75.850699,43.868838],[-75.852957,43.869538],[-75.854697,43.866766],[-75.855766,43.862246],[-75.855019,43.861131],[-75.850452,43.858488],[-75.848439,43.857876],[-75.843058,43.857598],[-75.841766,43.868992],[-75.838265,43.869082],[-75.836048,43.869605],[-75.832344,43.869637],[-75.830477,43.868647],[-75.828287,43.869547],[-75.822886,43.870758],[-75.819454,43.870861],[-75.818012,43.869493],[-75.815933,43.868661],[-75.812617,43.869357],[-75.810488,43.867995],[-75.806274,43.867371],[-75.802687,43.867793],[-75.801933,43.872539],[-75.784441,43.871467],[-75.78484,43.873633],[-75.788058,43.873458],[-75.790206,43.874348],[-75.791995,43.875897],[-75.792491,43.877243],[-75.794163,43.878273],[-75.79454,43.881076],[-75.84056,43.883976]]],[[[-75.975473,43.833146],[-75.976891,43.819519],[-75.972537,43.819071],[-75.972258,43.819862],[-75.968771,43.820671],[-75.963766,43.820606],[-75.962453,43.819784],[-75.957266,43.820221],[-75.955069,43.817235],[-75.953887,43.816262],[-75.951544,43.816776],[-75.949226,43.814931],[-75.946477,43.814088],[-75.944503,43.825364],[-75.947676,43.831827],[-75.949343,43.833291],[-75.949027,43.83426],[-75.944761,43.834043],[-75.94235,43.835851],[-75.938484,43.836828],[-75.936845,43.838563],[-75.935026,43.839219],[-75.93386,43.837707],[-75.931948,43.838263],[-75.929639,43.836506],[-75.926544,43.836132],[-75.926153,43.835231],[-75.92465,43.835832],[-75.921697,43.83594],[-75.919956,43.83509],[-75.920035,43.832737],[-75.917972,43.829809],[-75.915367,43.828617],[-75.908617,43.82716],[-75.906403,43.826341],[-75.897234,43.821727],[-75.896077,43.820323],[-75.897447,43.807071],[-75.8989,43.801256],[-75.898301,43.798061],[-75.898647,43.793499],[-75.91401,43.794212],[-75.913002,43.784242],[-75.910993,43.783755],[-75.909087,43.784889],[-75.908652,43.783608],[-75.906396,43.782836],[-75.906177,43.784154],[-75.904135,43.783919],[-75.899478,43.78695],[-75.897634,43.786115],[-75.896039,43.78635],[-75.895037,43.787757],[-75.895351,43.783833],[-75.888807,43.783711],[-75.882518,43.784442],[-75.87844,43.784494],[-75.876804,43.786836],[-75.874676,43.786006],[-75.871876,43.786122],[-75.870013,43.781055],[-75.869159,43.779896],[-75.865943,43.778588],[-75.861232,43.777714],[-75.859898,43.776442],[-75.856664,43.777047],[-75.854994,43.776781],[-75.855157,43.775619],[-75.84837,43.772934],[-75.844699,43.770768],[-75.840063,43.769019],[-75.833383,43.768525],[-75.834497,43.777874],[-75.836247,43.779678],[-75.837396,43.783663],[-75.837126,43.785022],[-75.841192,43.788578],[-75.843598,43.787729],[-75.845567,43.78785],[-75.847697,43.791212],[-75.849899,43.791862],[-75.850534,43.791886],[-75.84708,43.822246],[-75.848963,43.822585],[-75.852829,43.821101],[-75.855548,43.82286],[-75.858197,43.823519],[-75.863637,43.824297],[-75.865327,43.825737],[-75.867327,43.826549],[-75.863313,43.83537],[-75.85998,43.850794],[-75.858942,43.852909],[-75.856062,43.869456],[-75.852702,43.875924],[-75.855896,43.879212],[-75.857063,43.882165],[-75.857085,43.884621],[-75.858093,43.88677],[-75.85982,43.888342],[-75.861411,43.888361],[-75.869857,43.886058],[-75.873269,43.886913],[-75.875271,43.888748],[-75.877305,43.88735],[-75.880959,43.888],[-75.882937,43.887173],[-75.889934,43.887842],[-75.894887,43.888924],[-75.897636,43.892091],[-75.899837,43.893069],[-75.897157,43.896342],[-75.893515,43.900366],[-75.892956,43.90322],[-75.895352,43.908156],[-75.896865,43.90704],[-75.898517,43.906929],[-75.900763,43.90432],[-75.902032,43.904391],[-75.904254,43.900908],[-75.906218,43.900333],[-75.905954,43.899078],[-75.907065,43.897998],[-75.907335,43.895815],[-75.908356,43.893938],[-75.908732,43.891612],[-75.912128,43.890441],[-75.912816,43.889781],[-75.916609,43.887511],[-75.918119,43.887595],[-75.919932,43.886242],[-75.921876,43.885934],[-75.924924,43.883683],[-75.924802,43.882502],[-75.928669,43.880604],[-75.931629,43.879785],[-75.93299,43.878069],[-75.937409,43.875078],[-75.936681,43.874435],[-75.938004,43.873113],[-75.938998,43.873902],[-75.939804,43.872237],[-75.940962,43.872151],[-75.942234,43.869444],[-75.942802,43.869897],[-75.945799,43.866625],[-75.947912,43.867146],[-75.947862,43.86639],[-75.950599,43.86585],[-75.951964,43.86452],[-75.951036,43.863605],[-75.952588,43.861999],[-75.953112,43.859469],[-75.954542,43.859376],[-75.952596,43.857761],[-75.953525,43.85622],[-75.946579,43.853143],[-75.940907,43.853231],[-75.946096,43.850932],[-75.947501,43.848923],[-75.9534,43.845245],[-75.954095,43.843949],[-75.956093,43.843611],[-75.958134,43.84425],[-75.961976,43.843949],[-75.965618,43.844873],[-75.967281,43.84354],[-75.971228,43.842699],[-75.973009,43.841462],[-75.974583,43.841691],[-75.975271,43.833634],[-75.972333,43.834592],[-75.969091,43.836205],[-75.966019,43.835036],[-75.964703,43.833591],[-75.961379,43.833142],[-75.962112,43.83137],[-75.963131,43.830398],[-75.967614,43.830772],[-75.975473,43.833146]]]]}},{"type":"Feature","properties":{"zcta5":"13327","AFFGEOID10":"8600000US13327","GEOID10":"13327","ALAND10":345551435,"AWATER10":6744206,"county_name":"Lewis","state_code":"NY","county_state":"Lewis County, NY","county_fips":"36049","risk_level_county":"Medium Risk (70–79% vaccinated)","mean_vaccination_rate_county":79.53,"risk_level_zcta":"Medium Risk (70–79% vaccinated)","mean_vaccination_rate_zips":72.39,"cases":26},"geometry":{"type":"MultiPolygon","coordinates":[[[[-75.316767,43.851829],[-75.315021,43.849363],[-75.311079,43.849853],[-75.313481,43.85033],[-75.31533,43.853707],[-75.313642,43.85732],[-75.31555,43.857999],[-75.317576,43.854981],[-75.316767,43.851829]]],[[[-75.386362,43.986949],[-75.386762,43.982119],[-75.388391,43.9815],[-75.386759,43.979694],[-75.386238,43.97618],[-75.384876,43.975566],[-75.380228,43.976283],[-75.376726,43.973788],[-75.375451,43.975307],[-75.36912,43.975703],[-75.372055,43.972985],[-75.373408,43.970424],[-75.374696,43.962042],[-75.377286,43.957713],[-75.38086,43.95294],[-75.381854,43.947709],[-75.384601,43.950086],[-75.386313,43.949193],[-75.389564,43.949681],[-75.391942,43.94869],[-75.39605,43.948285],[-75.398327,43.948513],[-75.400401,43.947148],[-75.402691,43.948989],[-75.408622,43.948295],[-75.410281,43.947028],[-75.41267,43.947452],[-75.416808,43.945942],[-75.416768,43.944966],[-75.419867,43.943742],[-75.421959,43.941925],[-75.421567,43.939835],[-75.423973,43.935424],[-75.424122,43.933402],[-75.426075,43.931543],[-75.422004,43.930564],[-75.417939,43.930415],[-75.416536,43.931291],[-75.418185,43.94034],[-75.418452,43.94309],[-75.417736,43.944425],[-75.414596,43.943647],[-75.411081,43.943592],[-75.407016,43.941675],[-75.394549,43.938875],[-75.38608,43.935908],[-75.387689,43.932463],[-75.3882,43.929408],[-75.385783,43.933161],[-75.383319,43.933609],[-75.372631,43.934647],[-75.367995,43.932785],[-75.371537,43.92999],[-75.374197,43.930166],[-75.375133,43.928993],[-75.37474,43.927654],[-75.372744,43.92563],[-75.372204,43.923062],[-75.3735,43.921823],[-75.375569,43.924696],[-75.378303,43.924087],[-75.383054,43.924207],[-75.384097,43.923406],[-75.383654,43.918042],[-75.383895,43.915959],[-75.380868,43.913595],[-75.380767,43.912453],[-75.383614,43.91051],[-75.38414,43.908415],[-75.384033,43.905167],[-75.384588,43.903775],[-75.390887,43.903941],[-75.391601,43.904655],[-75.396344,43.902196],[-75.398645,43.904021],[-75.401204,43.903849],[-75.400698,43.902219],[-75.403728,43.900063],[-75.404498,43.898405],[-75.40473,43.895888],[-75.407005,43.894155],[-75.411811,43.895917],[-75.412863,43.895903],[-75.415981,43.89348],[-75.41628,43.892812],[-75.414147,43.891207],[-75.4145,43.890044],[-75.411407,43.890389],[-75.4103,43.885534],[-75.404182,43.888581],[-75.405039,43.891013],[-75.397891,43.891227],[-75.396358,43.889402],[-75.395149,43.889234],[-75.394145,43.887296],[-75.391924,43.885959],[-75.391715,43.88403],[-75.389892,43.882632],[-75.389076,43.877891],[-75.386867,43.877688],[-75.387576,43.880625],[-75.379524,43.881708],[-75.378141,43.879879],[-75.375954,43.879653],[-75.375903,43.878859],[-75.373142,43.87732],[-75.373209,43.874762],[-75.372608,43.872892],[-75.371031,43.873224],[-75.370095,43.871949],[-75.368657,43.872191],[-75.365687,43.87153],[-75.358034,43.867533],[-75.356259,43.869224],[-75.354888,43.868988],[-75.353681,43.867062],[-75.351904,43.865972],[-75.337168,43.867246],[-75.332847,43.866846],[-75.318362,43.868073],[-75.315365,43.866354],[-75.312322,43.866243],[-75.309974,43.865395],[-75.308168,43.8655],[-75.30742,43.86388],[-75.307801,43.859836],[-75.307295,43.856339],[-75.306048,43.852114],[-75.307177,43.850781],[-75.304905,43.851315],[-75.302475,43.850642],[-75.301977,43.848612],[-75.300781,43.849427],[-75.298592,43.849412],[-75.293118,43.852787],[-75.290932,43.852562],[-75.289575,43.85357],[-75.286055,43.85372],[-75.284004,43.855135],[-75.281521,43.854625],[-75.278147,43.855454],[-75.276417,43.857293],[-75.274724,43.857751],[-75.272445,43.856137],[-75.254114,43.876201],[-75.249629,43.881794],[-75.24016,43.891006],[-75.216563,43.917516],[-75.215264,43.916122],[-75.213716,43.91632],[-75.214167,43.919276],[-75.213319,43.920803],[-75.211321,43.922138],[-75.211956,43.922613],[-75.210575,43.924343],[-75.209001,43.924018],[-75.209278,43.921957],[-75.210511,43.921025],[-75.208748,43.921069],[-75.207976,43.918221],[-75.20618,43.917501],[-75.206704,43.91633],[-75.20969,43.915156],[-75.208862,43.913785],[-75.212711,43.913536],[-75.211169,43.912828],[-75.205122,43.913334],[-75.205104,43.914389],[-75.202172,43.9145],[-75.201301,43.913086],[-75.202264,43.911602],[-75.204352,43.91262],[-75.199883,43.909444],[-75.197917,43.906353],[-75.195675,43.904263],[-75.1952,43.902642],[-75.192684,43.901321],[-75.189423,43.897779],[-75.188166,43.897209],[-75.184709,43.897097],[-75.183979,43.896226],[-75.181246,43.895962],[-75.179261,43.894956],[-75.17844,43.895661],[-75.172855,43.895143],[-75.172788,43.893749],[-75.171096,43.89345],[-75.168054,43.891123],[-75.168255,43.889509],[-75.16219,43.885397],[-75.160053,43.88458],[-75.159104,43.88183],[-75.159272,43.878752],[-75.156142,43.875173],[-75.154304,43.873708],[-75.150681,43.872845],[-75.152348,43.871125],[-75.152001,43.869738],[-75.149845,43.871324],[-75.149164,43.873243],[-75.146184,43.870809],[-75.146986,43.869458],[-75.143109,43.871764],[-75.141737,43.87112],[-75.164076,44.049035],[-75.202015,44.04758],[-75.204244,44.046329],[-75.207141,44.046546],[-75.207394,44.047406],[-75.281316,44.044752],[-75.280965,44.042256],[-75.283027,44.04394],[-75.286546,44.042366],[-75.289894,44.04152],[-75.291586,44.041793],[-75.29778,44.040886],[-75.304024,44.04065],[-75.310226,44.041255],[-75.312928,44.038576],[-75.323667,44.037356],[-75.324368,44.043206],[-75.357239,44.041948],[-75.412737,44.038937],[-75.416184,44.035272],[-75.416163,44.035034],[-75.407056,44.028178],[-75.402352,44.023947],[-75.401152,44.023523],[-75.398626,44.021426],[-75.398699,44.018778],[-75.401361,44.018494],[-75.403376,44.015293],[-75.39828,44.015587],[-75.397915,44.013104],[-75.407621,44.012267],[-75.407602,44.011206],[-75.405636,44.008539],[-75.40613,44.006891],[-75.403447,44.006315],[-75.400995,44.007396],[-75.400142,44.006348],[-75.400342,44.004935],[-75.398836,44.004101],[-75.395754,44.000723],[-75.394931,43.997709],[-75.392107,43.997723],[-75.38932,43.997116],[-75.386575,43.997231],[-75.384507,43.995818],[-75.386124,43.992034],[-75.38568,43.98766],[-75.386362,43.986949]]]]}},{"type":"Feature","properties":{"zcta5":"13437","AFFGEOID10":"8600000US13437","GEOID10":"13437","ALAND10":248962745,"AWATER10":1331911,"county_name":"Lewis","state_code":"NY","county_state":"Lewis County, NY","county_fips":"36049","risk_level_county":"Medium Risk (70–79% vaccinated)","mean_vaccination_rate_county":79.53,"risk_level_zcta":"Medium Risk (70–79% vaccinated)","mean_vaccination_rate_zips":75.05,"cases":26},"geometry":{"type":"Polygon","coordinates":[[[-75.866141,43.695482],[-75.866962,43.692906],[-75.865981,43.689035],[-75.869018,43.687456],[-75.871392,43.684899],[-75.872702,43.684308],[-75.872972,43.683043],[-75.874809,43.681405],[-75.876178,43.677537],[-75.875998,43.674868],[-75.877163,43.673118],[-75.87647,43.670985],[-75.877046,43.669862],[-75.879447,43.669778],[-75.881633,43.668923],[-75.881933,43.667379],[-75.88086,43.6654],[-75.8812,43.66431],[-75.88277,43.663133],[-75.884842,43.663463],[-75.885857,43.662283],[-75.887033,43.659315],[-75.889107,43.660981],[-75.88959,43.66252],[-75.892583,43.664346],[-75.894256,43.666258],[-75.895997,43.665723],[-75.897475,43.667023],[-75.897831,43.668272],[-75.899407,43.667055],[-75.901066,43.666765],[-75.894699,43.604269],[-75.892905,43.582283],[-75.892432,43.567228],[-75.890682,43.563409],[-75.887291,43.560532],[-75.883803,43.560325],[-75.88077,43.560622],[-75.88049,43.558733],[-75.878995,43.556683],[-75.883821,43.557708],[-75.890724,43.561125],[-75.892445,43.561681],[-75.891702,43.560673],[-75.891041,43.557498],[-75.890768,43.551674],[-75.887845,43.550603],[-75.886787,43.549361],[-75.887987,43.54939],[-75.886226,43.547933],[-75.887309,43.547591],[-75.885303,43.546993],[-75.884964,43.545937],[-75.88219,43.545008],[-75.88068,43.545409],[-75.877968,43.544374],[-75.875751,43.545777],[-75.872991,43.54486],[-75.871496,43.543809],[-75.864154,43.541264],[-75.862431,43.540905],[-75.856112,43.537766],[-75.855783,43.536922],[-75.853627,43.536188],[-75.853928,43.537344],[-75.850332,43.537327],[-75.847647,43.536662],[-75.846152,43.537158],[-75.844869,43.536203],[-75.840938,43.535732],[-75.839778,43.535081],[-75.837454,43.535929],[-75.835187,43.534536],[-75.833044,43.532482],[-75.830457,43.531144],[-75.828369,43.530773],[-75.825839,43.531272],[-75.826724,43.532217],[-75.824813,43.532054],[-75.823226,43.530907],[-75.821111,43.531033],[-75.820432,43.529988],[-75.821478,43.529161],[-75.816536,43.526187],[-75.815557,43.523021],[-75.815049,43.515304],[-75.814627,43.513735],[-75.811022,43.507756],[-75.809532,43.50608],[-75.808758,43.506625],[-75.805386,43.506982],[-75.801718,43.508395],[-75.801444,43.510646],[-75.802723,43.511232],[-75.802172,43.512498],[-75.795923,43.514994],[-75.793954,43.496219],[-75.794274,43.495186],[-75.761351,43.4929],[-75.757569,43.492522],[-75.75872,43.508203],[-75.757044,43.506732],[-75.755807,43.506659],[-75.754119,43.505266],[-75.750459,43.503833],[-75.748957,43.505156],[-75.746287,43.50529],[-75.745368,43.50462],[-75.744647,43.512126],[-75.74134,43.516177],[-75.740254,43.516462],[-75.737837,43.519552],[-75.739216,43.524706],[-75.73907,43.526937],[-75.73778,43.527318],[-75.736694,43.529397],[-75.736846,43.530595],[-75.735136,43.531897],[-75.733702,43.531794],[-75.732433,43.530127],[-75.733206,43.521476],[-75.719078,43.520215],[-75.715136,43.521717],[-75.714634,43.524215],[-75.718003,43.528578],[-75.717183,43.534681],[-75.715846,43.535258],[-75.716036,43.537081],[-75.713911,43.538364],[-75.711842,43.540548],[-75.71215,43.543041],[-75.709936,43.546747],[-75.710905,43.548977],[-75.710046,43.549728],[-75.705445,43.550776],[-75.7057,43.553049],[-75.703203,43.555357],[-75.703822,43.558436],[-75.705357,43.560041],[-75.704759,43.56118],[-75.700183,43.5625],[-75.700296,43.563582],[-75.69713,43.566907],[-75.69736,43.568852],[-75.696283,43.569999],[-75.699001,43.570073],[-75.700187,43.57072],[-75.705017,43.571755],[-75.707896,43.571863],[-75.708995,43.573218],[-75.706924,43.574899],[-75.706943,43.575755],[-75.703093,43.579833],[-75.697862,43.584257],[-75.697214,43.586272],[-75.694689,43.58753],[-75.692286,43.590097],[-75.692258,43.594067],[-75.69262,43.595932],[-75.696718,43.597611],[-75.696897,43.601779],[-75.698559,43.603098],[-75.703864,43.604591],[-75.707526,43.605992],[-75.708141,43.607005],[-75.711513,43.60836],[-75.714693,43.611855],[-75.712299,43.612908],[-75.719047,43.616842],[-75.726591,43.62268],[-75.738877,43.634077],[-75.742686,43.644091],[-75.741106,43.646808],[-75.769507,43.644568],[-75.774553,43.688884],[-75.866141,43.695482]]]}},{"type":"Feature","properties":{"zcta5":"13305","AFFGEOID10":"8600000US13305","GEOID10":"13305","ALAND10":2484758,"AWATER10":0,"county_name":"Lewis","state_code":"NY","county_state":"Lewis County, NY","county_fips":"36049","risk_level_county":"Medium Risk (70–79% vaccinated)","mean_vaccination_rate_county":79.53,"risk_level_zcta":"Uninhabited","mean_vaccination_rate_zips":null,"cases":26},"geometry":{"type":"Polygon","coordinates":[[[-75.401204,43.903849],[-75.40781,43.903118],[-75.411278,43.902261],[-75.417005,43.901844],[-75.419659,43.898326],[-75.423656,43.889869],[-75.425294,43.887686],[-75.427403,43.888479],[-75.428602,43.885472],[-75.433488,43.886505],[-75.435214,43.887722],[-75.437524,43.888205],[-75.442416,43.885919],[-75.447719,43.886415],[-75.446653,43.883177],[-75.444861,43.883207],[-75.442247,43.881451],[-75.439478,43.881504],[-75.438533,43.883688],[-75.434786,43.882428],[-75.432644,43.88223],[-75.427014,43.882873],[-75.423098,43.885132],[-75.422288,43.887959],[-75.420596,43.888215],[-75.41687,43.886666],[-75.4145,43.890044],[-75.414147,43.891207],[-75.41628,43.892812],[-75.415981,43.89348],[-75.412863,43.895903],[-75.411811,43.895917],[-75.407005,43.894155],[-75.40473,43.895888],[-75.404498,43.898405],[-75.403728,43.900063],[-75.400698,43.902219],[-75.401204,43.903849]]]}},{"type":"Feature","properties":{"zcta5":"13648","AFFGEOID10":"8600000US13648","GEOID10":"13648","ALAND10":474660992,"AWATER10":12603393,"county_name":"Lewis","state_code":"NY","county_state":"Lewis County, NY","county_fips":"36049","risk_level_county":"Medium Risk (70–79% vaccinated)","mean_vaccination_rate_county":79.53,"risk_level_zcta":"Medium Risk (70–79% vaccinated)","mean_vaccination_rate_zips":72.26,"cases":26},"geometry":{"type":"Polygon","coordinates":[[[-75.446124,44.217655],[-75.447164,44.216767],[-75.545886,44.102978],[-75.507512,44.085106],[-75.492916,44.078116],[-75.48575,44.08636],[-75.480271,44.087268],[-75.479046,44.086782],[-75.477469,44.08742],[-75.476421,44.08925],[-75.474202,44.090868],[-75.47224,44.091244],[-75.469394,44.089253],[-75.466566,44.089128],[-75.462537,44.090272],[-75.459753,44.090117],[-75.454611,44.088601],[-75.450762,44.086044],[-75.448604,44.08571],[-75.446693,44.084455],[-75.442095,44.084069],[-75.439805,44.083114],[-75.437686,44.081606],[-75.420598,44.093263],[-75.419999,44.093362],[-75.419037,44.093755],[-75.414243,44.093953],[-75.409113,44.093308],[-75.406432,44.09323],[-75.402078,44.095286],[-75.397684,44.095777],[-75.39611,44.096665],[-75.389882,44.098558],[-75.386193,44.099239],[-75.384148,44.100454],[-75.381512,44.099033],[-75.376613,44.096924],[-75.370723,44.096077],[-75.366148,44.093467],[-75.366238,44.091937],[-75.364603,44.086893],[-75.364518,44.085491],[-75.366795,44.081871],[-75.36713,44.080519],[-75.365179,44.076127],[-75.364722,44.072572],[-75.362578,44.069886],[-75.360453,44.065664],[-75.358684,44.063653],[-75.358107,44.061061],[-75.359489,44.057738],[-75.358837,44.054713],[-75.356261,44.050847],[-75.355287,44.045655],[-75.357239,44.041948],[-75.324368,44.043206],[-75.323667,44.037356],[-75.312928,44.038576],[-75.310226,44.041255],[-75.304024,44.04065],[-75.29778,44.040886],[-75.291586,44.041793],[-75.289894,44.04152],[-75.286546,44.042366],[-75.283027,44.04394],[-75.280965,44.042256],[-75.281316,44.044752],[-75.207394,44.047406],[-75.207141,44.046546],[-75.204244,44.046329],[-75.202015,44.04758],[-75.164076,44.049035],[-75.170159,44.096959],[-75.261169,44.136123],[-75.249643,44.137452],[-75.179763,44.143185],[-75.185258,44.180827],[-75.187478,44.195722],[-75.1853,44.197984],[-75.184888,44.201346],[-75.182907,44.201744],[-75.182027,44.199812],[-75.178019,44.198684],[-75.170852,44.204462],[-75.166374,44.204983],[-75.153096,44.209179],[-75.151069,44.209588],[-75.151248,44.213525],[-75.152021,44.214464],[-75.15217,44.216812],[-75.153667,44.217013],[-75.154236,44.218767],[-75.153907,44.219771],[-75.135182,44.232062],[-75.13763,44.23853],[-75.139551,44.24041],[-75.137391,44.242022],[-75.147009,44.239461],[-75.146605,44.236863],[-75.154395,44.229617],[-75.157453,44.230085],[-75.157858,44.232198],[-75.15631,44.234189],[-75.157858,44.235295],[-75.158628,44.237204],[-75.153865,44.238442],[-75.150105,44.23891],[-75.145813,44.241711],[-75.147081,44.243615],[-75.145414,44.244879],[-75.143785,44.24778],[-75.151462,44.248087],[-75.155259,44.249412],[-75.160067,44.253627],[-75.164622,44.256698],[-75.166911,44.259367],[-75.169993,44.261012],[-75.174417,44.261309],[-75.174796,44.270342],[-75.159075,44.270763],[-75.159245,44.27805],[-75.16432,44.27921],[-75.16502,44.280344],[-75.165394,44.29024],[-75.164807,44.292489],[-75.165086,44.299925],[-75.174183,44.299429],[-75.200377,44.297959],[-75.19685,44.263296],[-75.194534,44.246016],[-75.222158,44.243846],[-75.221084,44.247652],[-75.219475,44.250409],[-75.218858,44.253829],[-75.221642,44.260019],[-75.221662,44.256581],[-75.223675,44.256454],[-75.225585,44.254542],[-75.229292,44.255552],[-75.230119,44.254715],[-75.232136,44.252469],[-75.230422,44.250352],[-75.229815,44.248233],[-75.232571,44.246107],[-75.231505,44.243321],[-75.23194,44.243062],[-75.248415,44.241782],[-75.249649,44.241484],[-75.318664,44.236302],[-75.34272,44.234399],[-75.346505,44.23573],[-75.346652,44.238863],[-75.350828,44.238682],[-75.350648,44.236746],[-75.351798,44.233662],[-75.374338,44.231903],[-75.390094,44.230929],[-75.39194,44.228736],[-75.390681,44.228686],[-75.388862,44.2273],[-75.383478,44.228093],[-75.382826,44.225419],[-75.380174,44.222782],[-75.37852,44.220508],[-75.376545,44.219078],[-75.37641,44.217708],[-75.3928,44.216491],[-75.391641,44.20852],[-75.388516,44.192532],[-75.446124,44.217655]]]}},{"type":"Feature","properties":{"zcta5":"13665","AFFGEOID10":"8600000US13665","GEOID10":"13665","ALAND10":112287413,"AWATER10":525833,"county_name":"Lewis","state_code":"NY","county_state":"Lewis County, NY","county_fips":"36049","risk_level_county":"Medium Risk (70–79% vaccinated)","mean_vaccination_rate_county":79.53,"risk_level_zcta":"Higher Risk (60–69% vaccinated)","mean_vaccination_rate_zips":69.06,"cases":26},"geometry":{"type":"Polygon","coordinates":[[[-75.5498,44.054734],[-75.55536,44.051094],[-75.555973,44.049641],[-75.5536,44.048067],[-75.551323,44.047647],[-75.549644,44.04832],[-75.54738,44.047704],[-75.547584,44.046641],[-75.54537,44.043802],[-75.542083,44.042188],[-75.542619,44.041507],[-75.541556,44.038348],[-75.539118,44.036006],[-75.536891,44.035958],[-75.537447,44.032145],[-75.518273,44.033328],[-75.518222,44.031392],[-75.513608,44.026387],[-75.513525,44.024224],[-75.510338,44.022985],[-75.507446,44.025436],[-75.501978,44.030926],[-75.501937,44.022139],[-75.46718,44.021959],[-75.46718,44.000866],[-75.444989,44.000832],[-75.441434,43.996719],[-75.4375,43.991617],[-75.435011,43.98943],[-75.432311,43.986071],[-75.433459,43.983618],[-75.431689,43.982736],[-75.424267,43.981394],[-75.420339,43.980238],[-75.418433,43.981001],[-75.416876,43.980607],[-75.413581,43.981019],[-75.410719,43.982173],[-75.402268,43.98403],[-75.397942,43.983504],[-75.396252,43.984787],[-75.394223,43.985205],[-75.391824,43.987256],[-75.387464,43.988044],[-75.386362,43.986949],[-75.38568,43.98766],[-75.386124,43.992034],[-75.384507,43.995818],[-75.386575,43.997231],[-75.38932,43.997116],[-75.392107,43.997723],[-75.394931,43.997709],[-75.395754,44.000723],[-75.398836,44.004101],[-75.400342,44.004935],[-75.400142,44.006348],[-75.400995,44.007396],[-75.403447,44.006315],[-75.40613,44.006891],[-75.405636,44.008539],[-75.407602,44.011206],[-75.407621,44.012267],[-75.397915,44.013104],[-75.39828,44.015587],[-75.403376,44.015293],[-75.401361,44.018494],[-75.398699,44.018778],[-75.398626,44.021426],[-75.401152,44.023523],[-75.402352,44.023947],[-75.407056,44.028178],[-75.416163,44.035034],[-75.416184,44.035272],[-75.412737,44.038937],[-75.357239,44.041948],[-75.355287,44.045655],[-75.356261,44.050847],[-75.358837,44.054713],[-75.359489,44.057738],[-75.358107,44.061061],[-75.358684,44.063653],[-75.360453,44.065664],[-75.362578,44.069886],[-75.364722,44.072572],[-75.365179,44.076127],[-75.36713,44.080519],[-75.366795,44.081871],[-75.364518,44.085491],[-75.364603,44.086893],[-75.366238,44.091937],[-75.366148,44.093467],[-75.370723,44.096077],[-75.376613,44.096924],[-75.381512,44.099033],[-75.384148,44.100454],[-75.386193,44.099239],[-75.389882,44.098558],[-75.39611,44.096665],[-75.397684,44.095777],[-75.402078,44.095286],[-75.406432,44.09323],[-75.409113,44.093308],[-75.414243,44.093953],[-75.419037,44.093755],[-75.419999,44.093362],[-75.420598,44.093263],[-75.437686,44.081606],[-75.439805,44.083114],[-75.442095,44.084069],[-75.446693,44.084455],[-75.448604,44.08571],[-75.450762,44.086044],[-75.454611,44.088601],[-75.459753,44.090117],[-75.462537,44.090272],[-75.466566,44.089128],[-75.469394,44.089253],[-75.47224,44.091244],[-75.474202,44.090868],[-75.476421,44.08925],[-75.477469,44.08742],[-75.479046,44.086782],[-75.480271,44.087268],[-75.48575,44.08636],[-75.492916,44.078116],[-75.507512,44.085106],[-75.508225,44.082258],[-75.508373,44.07899],[-75.511649,44.078844],[-75.510906,44.068919],[-75.517622,44.06811],[-75.524791,44.067801],[-75.527941,44.06733],[-75.529742,44.066511],[-75.538563,44.060901],[-75.5498,44.054734]]]}},{"type":"Feature","properties":{"zcta5":"13345","AFFGEOID10":"8600000US13345","GEOID10":"13345","ALAND10":12791341,"AWATER10":42214,"county_name":"Lewis","state_code":"NY","county_state":"Lewis County, NY","county_fips":"36049","risk_level_county":"Medium Risk (70–79% vaccinated)","mean_vaccination_rate_county":79.53,"risk_level_zcta":"Medium Risk (70–79% vaccinated)","mean_vaccination_rate_zips":73.65,"cases":26},"geometry":{"type":"Polygon","coordinates":[[[-75.361123,43.686635],[-75.365198,43.683487],[-75.366797,43.679745],[-75.36199,43.67851],[-75.361686,43.676917],[-75.359245,43.676739],[-75.355073,43.677475],[-75.356799,43.674643],[-75.357581,43.671536],[-75.357224,43.670107],[-75.355317,43.668577],[-75.352334,43.668987],[-75.349999,43.670878],[-75.345441,43.669883],[-75.343431,43.668745],[-75.337746,43.66817],[-75.338632,43.678224],[-75.329542,43.676822],[-75.325133,43.676947],[-75.318399,43.677809],[-75.316883,43.678877],[-75.313946,43.679535],[-75.310031,43.681925],[-75.305552,43.683344],[-75.295354,43.684055],[-75.297736,43.686969],[-75.303875,43.697067],[-75.30548,43.700304],[-75.307566,43.70246],[-75.311824,43.703551],[-75.314156,43.703562],[-75.316975,43.704285],[-75.318346,43.705619],[-75.321361,43.707356],[-75.329583,43.707837],[-75.331435,43.708529],[-75.334677,43.708469],[-75.335793,43.707957],[-75.341176,43.708746],[-75.339865,43.690546],[-75.343596,43.68929],[-75.34591,43.689951],[-75.347466,43.688409],[-75.349516,43.68727],[-75.34997,43.686025],[-75.353962,43.685698],[-75.356114,43.686679],[-75.361123,43.686635]]]}},{"type":"Feature","properties":{"zcta5":"13312","AFFGEOID10":"8600000US13312","GEOID10":"13312","ALAND10":165054589,"AWATER10":2664480,"county_name":"Lewis","state_code":"NY","county_state":"Lewis County, NY","county_fips":"36049","risk_level_county":"Medium Risk (70–79% vaccinated)","mean_vaccination_rate_county":79.53,"risk_level_zcta":"Medium Risk (70–79% vaccinated)","mean_vaccination_rate_zips":72.04,"cases":26},"geometry":{"type":"Polygon","coordinates":[[[-75.130204,43.776311],[-75.136325,43.775922],[-75.138363,43.775339],[-75.140677,43.773389],[-75.147498,43.771512],[-75.150663,43.775128],[-75.190457,43.772396],[-75.18902,43.759952],[-75.248151,43.753049],[-75.24986,43.752445],[-75.256458,43.751587],[-75.256472,43.750001],[-75.257694,43.749267],[-75.260498,43.749025],[-75.260688,43.747628],[-75.262788,43.74695],[-75.262162,43.743594],[-75.258831,43.744031],[-75.255244,43.744007],[-75.256435,43.741992],[-75.25823,43.740468],[-75.257703,43.738987],[-75.25992,43.737847],[-75.261247,43.735511],[-75.263404,43.735102],[-75.268092,43.736228],[-75.271801,43.734806],[-75.274306,43.735392],[-75.276393,43.734767],[-75.279344,43.735158],[-75.281246,43.734295],[-75.284857,43.735276],[-75.288113,43.734456],[-75.292068,43.734225],[-75.292933,43.731802],[-75.301688,43.729682],[-75.304132,43.727278],[-75.305779,43.726964],[-75.308924,43.7246],[-75.31127,43.724122],[-75.312804,43.723099],[-75.316482,43.72181],[-75.319098,43.721957],[-75.321322,43.720978],[-75.323217,43.718544],[-75.336006,43.716849],[-75.339923,43.716891],[-75.342865,43.715439],[-75.343402,43.714473],[-75.341564,43.712925],[-75.341176,43.708746],[-75.335793,43.707957],[-75.334677,43.708469],[-75.331435,43.708529],[-75.329583,43.707837],[-75.321361,43.707356],[-75.318346,43.705619],[-75.316975,43.704285],[-75.314156,43.703562],[-75.311824,43.703551],[-75.307566,43.70246],[-75.30548,43.700304],[-75.303875,43.697067],[-75.297736,43.686969],[-75.295354,43.684055],[-75.305552,43.683344],[-75.310031,43.681925],[-75.309111,43.681716],[-75.308101,43.679348],[-75.309601,43.677894],[-75.309416,43.675256],[-75.30655,43.674257],[-75.305877,43.672628],[-75.301826,43.670088],[-75.300087,43.668114],[-75.294211,43.667473],[-75.292146,43.667678],[-75.292131,43.666091],[-75.293121,43.664664],[-75.290808,43.662713],[-75.29223,43.660431],[-75.297732,43.657205],[-75.297756,43.656733],[-75.25565,43.658987],[-75.253218,43.660125],[-75.252372,43.659321],[-75.248037,43.659485],[-75.239158,43.65812],[-75.235858,43.658724],[-75.231694,43.658982],[-75.227709,43.65854],[-75.22603,43.659901],[-75.224016,43.659931],[-75.223558,43.656491],[-75.225472,43.654693],[-75.226075,43.652986],[-75.223774,43.651692],[-75.115369,43.658032],[-75.119785,43.693737],[-75.123087,43.72037],[-75.130204,43.776311]]]}},{"type":"Feature","properties":{"zcta5":"13433","AFFGEOID10":"8600000US13433","GEOID10":"13433","ALAND10":112947586,"AWATER10":2015693,"county_name":"Lewis","state_code":"NY","county_state":"Lewis County, NY","county_fips":"36049","risk_level_county":"Medium Risk (70–79% vaccinated)","mean_vaccination_rate_county":79.53,"risk_level_zcta":"Medium Risk (70–79% vaccinated)","mean_vaccination_rate_zips":71.16,"cases":26},"geometry":{"type":"Polygon","coordinates":[[[-75.383691,43.610387],[-75.388024,43.605552],[-75.388228,43.604633],[-75.386118,43.600394],[-75.381086,43.58457],[-75.383105,43.582143],[-75.381905,43.578672],[-75.379488,43.579486],[-75.375764,43.56834],[-75.372746,43.564457],[-75.353533,43.573969],[-75.35109,43.5528],[-75.350172,43.547243],[-75.350248,43.538815],[-75.349632,43.532081],[-75.345336,43.534113],[-75.338599,43.534878],[-75.331635,43.533368],[-75.33044,43.533418],[-75.324435,43.536092],[-75.326351,43.540713],[-75.327197,43.544665],[-75.326046,43.541753],[-75.324306,43.539415],[-75.317625,43.53814],[-75.312241,43.538498],[-75.310615,43.536638],[-75.309997,43.533774],[-75.308392,43.532247],[-75.307339,43.532384],[-75.305787,43.530686],[-75.3041,43.531242],[-75.30404,43.531754],[-75.309902,43.54602],[-75.309181,43.548418],[-75.306972,43.549351],[-75.302684,43.551759],[-75.300391,43.552291],[-75.297831,43.554309],[-75.294783,43.555752],[-75.293318,43.555667],[-75.293301,43.549102],[-75.285947,43.549606],[-75.286726,43.545729],[-75.284761,43.544477],[-75.281584,43.543836],[-75.276008,43.544706],[-75.272275,43.545638],[-75.272278,43.550665],[-75.271645,43.545718],[-75.266229,43.547132],[-75.263,43.549055],[-75.262644,43.545056],[-75.262306,43.545358],[-75.254144,43.553259],[-75.25211,43.554631],[-75.243164,43.558958],[-75.23962,43.559555],[-75.236714,43.561443],[-75.237503,43.56497],[-75.235746,43.566475],[-75.234125,43.566393],[-75.232807,43.558672],[-75.225253,43.562204],[-75.223126,43.563033],[-75.11016,43.615229],[-75.113605,43.64386],[-75.115363,43.644361],[-75.116782,43.644286],[-75.11801,43.643746],[-75.120165,43.642037],[-75.121283,43.640334],[-75.123545,43.638802],[-75.125323,43.63727],[-75.127463,43.635929],[-75.129177,43.634822],[-75.131622,43.635017],[-75.133996,43.633698],[-75.135072,43.63227],[-75.136172,43.632175],[-75.137988,43.630929],[-75.139551,43.630703],[-75.140012,43.629884],[-75.141412,43.630543],[-75.144487,43.627538],[-75.14458,43.626809],[-75.146442,43.625658],[-75.147679,43.625509],[-75.149465,43.624692],[-75.151748,43.62288],[-75.1539,43.620776],[-75.154366,43.620036],[-75.153907,43.618251],[-75.155128,43.617265],[-75.156514,43.617024],[-75.158908,43.618451],[-75.160829,43.618476],[-75.161999,43.617424],[-75.164109,43.616426],[-75.166969,43.616909],[-75.169956,43.617432],[-75.171716,43.618103],[-75.172216,43.618703],[-75.174576,43.618569],[-75.176451,43.61917],[-75.177371,43.620315],[-75.178737,43.618665],[-75.181243,43.619102],[-75.182583,43.617721],[-75.184889,43.615406],[-75.188576,43.614054],[-75.19095,43.611854],[-75.193385,43.611482],[-75.194792,43.610007],[-75.195737,43.608448],[-75.197614,43.607504],[-75.197365,43.60499],[-75.192993,43.604931],[-75.191389,43.605412],[-75.189285,43.605128],[-75.187973,43.605784],[-75.184268,43.606258],[-75.182951,43.606625],[-75.182409,43.607325],[-75.180757,43.608256],[-75.179059,43.608642],[-75.177647,43.608479],[-75.174471,43.609827],[-75.172938,43.611148],[-75.17089,43.611644],[-75.168658,43.612523],[-75.167299,43.612287],[-75.166013,43.61026],[-75.16497,43.609727],[-75.162629,43.609421],[-75.161417,43.608881],[-75.159561,43.60955],[-75.158679,43.609242],[-75.15734,43.609475],[-75.156261,43.60765],[-75.157411,43.608803],[-75.16024,43.608703],[-75.161927,43.608182],[-75.163651,43.609334],[-75.166473,43.609507],[-75.167084,43.611325],[-75.168236,43.612024],[-75.170403,43.611186],[-75.172409,43.611011],[-75.173745,43.610082],[-75.174638,43.608946],[-75.175939,43.608063],[-75.177456,43.60763],[-75.178784,43.608236],[-75.180031,43.607934],[-75.181336,43.606557],[-75.182722,43.60639],[-75.183991,43.605685],[-75.18538,43.605745],[-75.187228,43.605098],[-75.18979,43.604569],[-75.191055,43.604926],[-75.193469,43.604653],[-75.196769,43.604044],[-75.1983,43.604693],[-75.19993,43.606081],[-75.201304,43.606412],[-75.202438,43.605753],[-75.204228,43.603899],[-75.205646,43.603465],[-75.206963,43.602693],[-75.208151,43.602594],[-75.208826,43.603137],[-75.209748,43.602948],[-75.211509,43.601403],[-75.212632,43.601138],[-75.213769,43.601317],[-75.217568,43.600539],[-75.220193,43.600441],[-75.222643,43.599368],[-75.223137,43.598009],[-75.224339,43.59695],[-75.227252,43.596355],[-75.228093,43.595945],[-75.230233,43.596405],[-75.231039,43.597016],[-75.231382,43.598646],[-75.234333,43.601158],[-75.234234,43.603217],[-75.234796,43.605044],[-75.236005,43.606896],[-75.238164,43.607869],[-75.240379,43.607768],[-75.241708,43.606919],[-75.243118,43.607705],[-75.244573,43.607642],[-75.245877,43.608497],[-75.24731,43.608712],[-75.248077,43.609365],[-75.246511,43.615521],[-75.246809,43.6188],[-75.24805,43.619897],[-75.249393,43.620606],[-75.252572,43.623438],[-75.253656,43.623411],[-75.255076,43.622076],[-75.257258,43.621167],[-75.258861,43.621473],[-75.261134,43.621137],[-75.262978,43.619676],[-75.265775,43.618487],[-75.267379,43.618888],[-75.273665,43.623646],[-75.276413,43.623466],[-75.278577,43.623699],[-75.281242,43.623321],[-75.283949,43.623587],[-75.28538,43.622045],[-75.291047,43.622833],[-75.292958,43.62378],[-75.297212,43.62036],[-75.299467,43.618363],[-75.300419,43.617853],[-75.30319,43.618192],[-75.304457,43.61876],[-75.305145,43.618112],[-75.304359,43.616684],[-75.302567,43.615858],[-75.301868,43.61475],[-75.307667,43.608731],[-75.308205,43.607242],[-75.309258,43.606339],[-75.312746,43.604459],[-75.31348,43.603689],[-75.321955,43.604555],[-75.324262,43.60542],[-75.325255,43.605543],[-75.326833,43.604891],[-75.329086,43.604616],[-75.331362,43.604861],[-75.333547,43.604728],[-75.339819,43.604899],[-75.341841,43.604686],[-75.342815,43.605634],[-75.346049,43.602132],[-75.346631,43.601125],[-75.345702,43.599642],[-75.346428,43.598294],[-75.346845,43.596622],[-75.347601,43.597979],[-75.349288,43.59971],[-75.351183,43.599927],[-75.3521,43.600632],[-75.352471,43.601706],[-75.351274,43.605656],[-75.351522,43.606835],[-75.352577,43.607377],[-75.357113,43.608564],[-75.358471,43.609664],[-75.371203,43.59589],[-75.37556,43.600011],[-75.378206,43.602913],[-75.383691,43.610387]]]}},{"type":"Feature","properties":{"zcta5":"13620","AFFGEOID10":"8600000US13620","GEOID10":"13620","ALAND10":119857291,"AWATER10":1000032,"county_name":"Lewis","state_code":"NY","county_state":"Lewis County, NY","county_fips":"36049","risk_level_county":"Medium Risk (70–79% vaccinated)","mean_vaccination_rate_county":79.53,"risk_level_zcta":"Lower Risk (80–84% vaccinated)","mean_vaccination_rate_zips":83.04,"cases":26},"geometry":{"type":"Polygon","coordinates":[[[-75.431689,43.982736],[-75.434751,43.980348],[-75.435518,43.978968],[-75.432357,43.970787],[-75.438075,43.96966],[-75.440218,43.969883],[-75.441906,43.974362],[-75.449286,43.973766],[-75.447956,43.96692],[-75.456921,43.965863],[-75.455889,43.95982],[-75.456458,43.958712],[-75.458187,43.958933],[-75.460071,43.957963],[-75.462014,43.955514],[-75.462103,43.953507],[-75.460878,43.951407],[-75.46462,43.949963],[-75.467971,43.950501],[-75.474312,43.950991],[-75.477074,43.950361],[-75.478407,43.949761],[-75.476795,43.9438],[-75.478149,43.943363],[-75.479125,43.946446],[-75.483924,43.946478],[-75.485399,43.947113],[-75.487464,43.945485],[-75.487743,43.94278],[-75.48922,43.942343],[-75.489341,43.939312],[-75.49081,43.939039],[-75.487555,43.937447],[-75.479159,43.934493],[-75.476627,43.934051],[-75.472814,43.934292],[-75.467844,43.931866],[-75.476201,43.924451],[-75.477575,43.921932],[-75.47962,43.919924],[-75.481167,43.918759],[-75.489377,43.924689],[-75.505025,43.935],[-75.50733,43.937219],[-75.508201,43.936884],[-75.509689,43.935516],[-75.509583,43.93332],[-75.510969,43.931327],[-75.510989,43.929477],[-75.512301,43.928678],[-75.51168,43.926797],[-75.513082,43.926496],[-75.513341,43.923516],[-75.516945,43.92037],[-75.516031,43.918879],[-75.518056,43.917421],[-75.52024,43.917183],[-75.520731,43.914785],[-75.519965,43.912482],[-75.521396,43.911395],[-75.520425,43.908957],[-75.518561,43.906169],[-75.515373,43.906004],[-75.512325,43.905294],[-75.509485,43.902991],[-75.509495,43.899767],[-75.508533,43.897855],[-75.504538,43.894745],[-75.504909,43.894394],[-75.50958,43.897987],[-75.510182,43.89969],[-75.510546,43.903688],[-75.514003,43.905619],[-75.517142,43.905776],[-75.524022,43.906723],[-75.531333,43.907236],[-75.533882,43.908998],[-75.536577,43.912042],[-75.54116,43.915771],[-75.547025,43.918896],[-75.549788,43.919648],[-75.557124,43.919715],[-75.559576,43.920508],[-75.561926,43.922184],[-75.562198,43.923485],[-75.561818,43.927924],[-75.563867,43.929497],[-75.568579,43.931622],[-75.568909,43.93137],[-75.563409,43.928761],[-75.562229,43.926096],[-75.563078,43.923285],[-75.560956,43.920534],[-75.558047,43.919292],[-75.55906,43.918729],[-75.518303,43.894104],[-75.538599,43.88113],[-75.534988,43.876978],[-75.53709,43.875325],[-75.532389,43.870311],[-75.530585,43.870823],[-75.527097,43.869395],[-75.523567,43.869537],[-75.519195,43.868851],[-75.516095,43.867775],[-75.511386,43.871044],[-75.510435,43.86829],[-75.510643,43.866751],[-75.508525,43.863706],[-75.495999,43.862924],[-75.483052,43.862536],[-75.480108,43.861252],[-75.478709,43.858642],[-75.47821,43.855323],[-75.47475,43.851],[-75.47461,43.847157],[-75.47694,43.842661],[-75.478787,43.840835],[-75.479582,43.837652],[-75.478609,43.835697],[-75.475231,43.833158],[-75.466343,43.82707],[-75.463173,43.822763],[-75.465691,43.826626],[-75.469413,43.829588],[-75.4707,43.831819],[-75.469667,43.833475],[-75.468078,43.8346],[-75.463607,43.835302],[-75.461355,43.834525],[-75.457888,43.834719],[-75.454043,43.83317],[-75.451734,43.833752],[-75.442478,43.837558],[-75.440204,43.837833],[-75.442359,43.843644],[-75.438924,43.842796],[-75.434784,43.877117],[-75.434048,43.878383],[-75.431324,43.880025],[-75.429443,43.87114],[-75.428637,43.869497],[-75.425808,43.86691],[-75.424425,43.863961],[-75.423509,43.858653],[-75.430073,43.858623],[-75.429733,43.857229],[-75.427343,43.85463],[-75.425421,43.853252],[-75.423714,43.850185],[-75.422162,43.849264],[-75.42271,43.853743],[-75.421885,43.854548],[-75.416341,43.852229],[-75.414467,43.852474],[-75.415455,43.861078],[-75.391924,43.885959],[-75.394145,43.887296],[-75.395149,43.889234],[-75.396358,43.889402],[-75.397891,43.891227],[-75.405039,43.891013],[-75.404182,43.888581],[-75.4103,43.885534],[-75.411407,43.890389],[-75.4145,43.890044],[-75.41687,43.886666],[-75.420596,43.888215],[-75.422288,43.887959],[-75.423098,43.885132],[-75.427014,43.882873],[-75.432644,43.88223],[-75.434786,43.882428],[-75.438533,43.883688],[-75.439478,43.881504],[-75.442247,43.881451],[-75.444861,43.883207],[-75.446653,43.883177],[-75.447719,43.886415],[-75.442416,43.885919],[-75.437524,43.888205],[-75.435214,43.887722],[-75.433488,43.886505],[-75.428602,43.885472],[-75.427403,43.888479],[-75.425294,43.887686],[-75.423656,43.889869],[-75.419659,43.898326],[-75.417005,43.901844],[-75.411278,43.902261],[-75.40781,43.903118],[-75.401204,43.903849],[-75.398645,43.904021],[-75.396344,43.902196],[-75.391601,43.904655],[-75.390887,43.903941],[-75.384588,43.903775],[-75.384033,43.905167],[-75.38414,43.908415],[-75.383614,43.91051],[-75.380767,43.912453],[-75.380868,43.913595],[-75.383895,43.915959],[-75.383654,43.918042],[-75.384097,43.923406],[-75.383054,43.924207],[-75.378303,43.924087],[-75.375569,43.924696],[-75.3735,43.921823],[-75.372204,43.923062],[-75.372744,43.92563],[-75.37474,43.927654],[-75.375133,43.928993],[-75.374197,43.930166],[-75.371537,43.92999],[-75.367995,43.932785],[-75.372631,43.934647],[-75.383319,43.933609],[-75.385783,43.933161],[-75.3882,43.929408],[-75.387689,43.932463],[-75.38608,43.935908],[-75.394549,43.938875],[-75.407016,43.941675],[-75.411081,43.943592],[-75.414596,43.943647],[-75.417736,43.944425],[-75.418452,43.94309],[-75.418185,43.94034],[-75.416536,43.931291],[-75.417939,43.930415],[-75.422004,43.930564],[-75.426075,43.931543],[-75.424122,43.933402],[-75.423973,43.935424],[-75.421567,43.939835],[-75.421959,43.941925],[-75.419867,43.943742],[-75.416768,43.944966],[-75.416808,43.945942],[-75.41267,43.947452],[-75.410281,43.947028],[-75.408622,43.948295],[-75.402691,43.948989],[-75.400401,43.947148],[-75.398327,43.948513],[-75.39605,43.948285],[-75.391942,43.94869],[-75.389564,43.949681],[-75.386313,43.949193],[-75.384601,43.950086],[-75.381854,43.947709],[-75.38086,43.95294],[-75.377286,43.957713],[-75.374696,43.962042],[-75.373408,43.970424],[-75.372055,43.972985],[-75.36912,43.975703],[-75.375451,43.975307],[-75.376726,43.973788],[-75.380228,43.976283],[-75.384876,43.975566],[-75.386238,43.97618],[-75.386759,43.979694],[-75.388391,43.9815],[-75.386762,43.982119],[-75.386362,43.986949],[-75.387464,43.988044],[-75.391824,43.987256],[-75.394223,43.985205],[-75.396252,43.984787],[-75.397942,43.983504],[-75.402268,43.98403],[-75.410719,43.982173],[-75.413581,43.981019],[-75.416876,43.980607],[-75.418433,43.981001],[-75.420339,43.980238],[-75.424267,43.981394],[-75.431689,43.982736]]]}},{"type":"Feature","properties":{"zcta5":"13404","AFFGEOID10":"8600000US13404","GEOID10":"13404","ALAND10":7631021,"AWATER10":0,"county_name":"Lewis","state_code":"NY","county_state":"Lewis County, NY","county_fips":"36049","risk_level_county":"Medium Risk (70–79% vaccinated)","mean_vaccination_rate_county":79.53,"risk_level_zcta":"Uninhabited","mean_vaccination_rate_zips":null,"cases":26},"geometry":{"type":"Polygon","coordinates":[[[-75.435473,43.722839],[-75.443161,43.726476],[-75.451642,43.731049],[-75.454916,43.733658],[-75.45823,43.734177],[-75.465725,43.755581],[-75.468832,43.756256],[-75.473439,43.756217],[-75.469811,43.749762],[-75.468112,43.746209],[-75.468368,43.744659],[-75.469765,43.745886],[-75.476336,43.747983],[-75.484287,43.747808],[-75.483219,43.746622],[-75.489027,43.74634],[-75.492944,43.744804],[-75.49701,43.744424],[-75.497394,43.743039],[-75.500416,43.741683],[-75.484957,43.727072],[-75.479809,43.728492],[-75.477706,43.7282],[-75.474198,43.728367],[-75.474039,43.73242],[-75.472048,43.735519],[-75.470933,43.733902],[-75.469565,43.734029],[-75.469663,43.728159],[-75.46936,43.726511],[-75.465388,43.718364],[-75.461675,43.719671],[-75.460312,43.722234],[-75.460876,43.724258],[-75.458177,43.72558],[-75.456989,43.727786],[-75.455763,43.727389],[-75.449102,43.727485],[-75.448315,43.722048],[-75.445845,43.724366],[-75.441755,43.722519],[-75.443812,43.720229],[-75.439577,43.718265],[-75.435473,43.722839]]]}},{"type":"Feature","properties":{"zcta5":"13626","AFFGEOID10":"8600000US13626","GEOID10":"13626","ALAND10":257188879,"AWATER10":531722,"county_name":"Lewis","state_code":"NY","county_state":"Lewis County, NY","county_fips":"36049","risk_level_county":"Medium Risk (70–79% vaccinated)","mean_vaccination_rate_county":79.53,"risk_level_zcta":"Medium Risk (70–79% vaccinated)","mean_vaccination_rate_zips":70.8,"cases":26},"geometry":{"type":"MultiPolygon","coordinates":[[[[-75.634294,43.840981],[-75.632389,43.839938],[-75.630565,43.838931],[-75.630231,43.839234],[-75.630612,43.839973],[-75.633793,43.841028],[-75.634248,43.841018],[-75.634294,43.840981]]],[[[-75.84708,43.822246],[-75.850534,43.791886],[-75.849899,43.791862],[-75.786759,43.78832],[-75.775472,43.696826],[-75.774421,43.694836],[-75.770481,43.69371],[-75.76758,43.693917],[-75.763355,43.689926],[-75.759749,43.689695],[-75.75935,43.69209],[-75.758481,43.6932],[-75.759317,43.695646],[-75.754684,43.69872],[-75.750444,43.696588],[-75.748374,43.694144],[-75.74638,43.693963],[-75.742561,43.694519],[-75.73185,43.709507],[-75.7242,43.717051],[-75.725978,43.717623],[-75.727741,43.72199],[-75.72922,43.722769],[-75.729589,43.7247],[-75.731822,43.725773],[-75.735955,43.726104],[-75.737768,43.729427],[-75.737671,43.731443],[-75.741076,43.733629],[-75.743284,43.733598],[-75.743234,43.735555],[-75.74417,43.736211],[-75.747715,43.735488],[-75.750257,43.738407],[-75.752245,43.73814],[-75.756214,43.739933],[-75.757389,43.742092],[-75.757357,43.743775],[-75.756191,43.744345],[-75.756801,43.746782],[-75.756108,43.74777],[-75.75749,43.750746],[-75.755492,43.750851],[-75.755506,43.751881],[-75.758289,43.752116],[-75.75815,43.75402],[-75.759363,43.753709],[-75.75866,43.755929],[-75.760832,43.756528],[-75.759668,43.757313],[-75.760495,43.758219],[-75.763885,43.758825],[-75.766463,43.76171],[-75.76608,43.76348],[-75.764028,43.7662],[-75.762957,43.766743],[-75.763332,43.768797],[-75.761639,43.769482],[-75.762311,43.77094],[-75.758748,43.772239],[-75.758277,43.773836],[-75.755586,43.771644],[-75.751585,43.772478],[-75.746907,43.774553],[-75.741638,43.774684],[-75.738412,43.775718],[-75.742502,43.779714],[-75.743605,43.787023],[-75.716273,43.785637],[-75.714837,43.788216],[-75.713655,43.791876],[-75.680732,43.790338],[-75.681914,43.79681],[-75.681284,43.802701],[-75.671887,43.80232],[-75.671588,43.80669],[-75.670331,43.810043],[-75.66592,43.812739],[-75.652603,43.812342],[-75.650458,43.809847],[-75.651463,43.808182],[-75.650208,43.805901],[-75.651248,43.801356],[-75.642565,43.800987],[-75.63981,43.804359],[-75.639506,43.805831],[-75.640933,43.805687],[-75.64445,43.810208],[-75.642974,43.810135],[-75.640136,43.807548],[-75.63163,43.807404],[-75.630863,43.813637],[-75.626295,43.813386],[-75.625392,43.819793],[-75.623022,43.81973],[-75.621996,43.832012],[-75.639696,43.832964],[-75.638656,43.840219],[-75.634294,43.840981],[-75.636725,43.842436],[-75.629442,43.84218],[-75.6293,43.845299],[-75.618446,43.844663],[-75.618422,43.841794],[-75.604261,43.842854],[-75.602817,43.842445],[-75.589521,43.851013],[-75.586843,43.849689],[-75.585497,43.855491],[-75.590848,43.855966],[-75.590764,43.857045],[-75.588807,43.858617],[-75.589202,43.859259],[-75.58214,43.85916],[-75.581258,43.867719],[-75.584317,43.872283],[-75.579569,43.875714],[-75.582688,43.878833],[-75.579267,43.881523],[-75.582185,43.883065],[-75.586185,43.886956],[-75.58915,43.884902],[-75.591958,43.88736],[-75.596699,43.884763],[-75.598028,43.886581],[-75.599353,43.886147],[-75.601278,43.888392],[-75.602017,43.887959],[-75.603646,43.889455],[-75.600514,43.891592],[-75.603618,43.894907],[-75.608203,43.89188],[-75.609831,43.893698],[-75.608344,43.894552],[-75.610796,43.89691],[-75.607226,43.898407],[-75.602959,43.899486],[-75.597808,43.899302],[-75.590244,43.903513],[-75.607864,43.91102],[-75.612284,43.914983],[-75.62442,43.923647],[-75.626497,43.923495],[-75.626301,43.920158],[-75.628973,43.916701],[-75.633022,43.916274],[-75.634206,43.917889],[-75.637311,43.918101],[-75.63971,43.917497],[-75.644517,43.917769],[-75.646742,43.91754],[-75.650676,43.916292],[-75.653194,43.914859],[-75.654642,43.910526],[-75.658362,43.911849],[-75.664273,43.918143],[-75.665434,43.919078],[-75.677656,43.926461],[-75.691457,43.918093],[-75.702756,43.924526],[-75.704978,43.925287],[-75.709566,43.924463],[-75.711013,43.923877],[-75.713396,43.924173],[-75.71426,43.924977],[-75.718512,43.923613],[-75.720661,43.925928],[-75.723306,43.925128],[-75.726619,43.92544],[-75.729184,43.927629],[-75.731778,43.926306],[-75.734968,43.921406],[-75.737061,43.921305],[-75.741578,43.919372],[-75.741971,43.916685],[-75.746793,43.916511],[-75.752496,43.915383],[-75.754445,43.904048],[-75.755122,43.905076],[-75.758307,43.904649],[-75.762389,43.905784],[-75.766103,43.905214],[-75.779071,43.906229],[-75.781468,43.904813],[-75.786047,43.904349],[-75.792632,43.903223],[-75.79868,43.901067],[-75.797562,43.905455],[-75.803033,43.906421],[-75.809899,43.911764],[-75.809181,43.918894],[-75.812507,43.920584],[-75.814852,43.919856],[-75.813557,43.9198],[-75.812692,43.91796],[-75.811149,43.916853],[-75.811378,43.912889],[-75.812582,43.912872],[-75.814792,43.909821],[-75.813884,43.90859],[-75.814161,43.906648],[-75.814652,43.906222],[-75.821152,43.906602],[-75.822692,43.902835],[-75.826354,43.902397],[-75.828581,43.898335],[-75.830943,43.897697],[-75.834497,43.897566],[-75.835235,43.896176],[-75.839193,43.894995],[-75.84086,43.893233],[-75.840968,43.890929],[-75.843125,43.889814],[-75.842468,43.888261],[-75.845286,43.886725],[-75.848132,43.887243],[-75.848917,43.884444],[-75.84056,43.883976],[-75.79454,43.881076],[-75.761877,43.879019],[-75.761429,43.876582],[-75.758058,43.872665],[-75.758009,43.870959],[-75.756134,43.869452],[-75.756667,43.862311],[-75.753107,43.856717],[-75.753616,43.848171],[-75.765465,43.842531],[-75.770894,43.838076],[-75.779841,43.833668],[-75.78184,43.836079],[-75.77978,43.835977],[-75.779675,43.838778],[-75.784323,43.838679],[-75.794168,43.840166],[-75.7949,43.840666],[-75.793738,43.85465],[-75.807589,43.855516],[-75.813271,43.858665],[-75.818417,43.858961],[-75.823665,43.858442],[-75.827257,43.858409],[-75.831672,43.857576],[-75.831254,43.855038],[-75.829238,43.851213],[-75.827946,43.847061],[-75.827385,43.843649],[-75.822089,43.830211],[-75.823929,43.83178],[-75.826439,43.831388],[-75.828163,43.833211],[-75.829576,43.833432],[-75.832623,43.831108],[-75.835263,43.832529],[-75.837689,43.832725],[-75.838662,43.833754],[-75.838451,43.836977],[-75.837773,43.837725],[-75.839036,43.838902],[-75.840483,43.837392],[-75.841569,43.838456],[-75.844379,43.837952],[-75.845235,43.838878],[-75.84708,43.822246]]]]}}]}