{"type":"FeatureCollection","features":[{"type":"Feature","properties":{"zcta5":"43008","AFFGEOID10":"8600000US43008","GEOID10":"43008","ALAND10":3859807,"AWATER10":1135462,"county_name":"Licking","state_code":"OH","county_state":"Licking County, OH","county_fips":"39089","risk_level_county":"Lower Risk (80–84% vaccinated)","mean_vaccination_rate_county":83.43,"risk_level_zcta":"Higher Risk (60–69% vaccinated)","mean_vaccination_rate_zips":69.69,"cases":13},"geometry":{"type":"Polygon","coordinates":[[[-82.462813,39.93038],[-82.462552,39.934262],[-82.462333,39.939044],[-82.471175,39.939486],[-82.472059,39.940539],[-82.479689,39.94086],[-82.480722,39.945305],[-82.491739,39.944151],[-82.492109,39.940673],[-82.491938,39.933915],[-82.496623,39.934995],[-82.499885,39.935278],[-82.499973,39.932083],[-82.503694,39.929127],[-82.502511,39.929311],[-82.500022,39.92642],[-82.497675,39.926299],[-82.494175,39.926101],[-82.486818,39.928885],[-82.488181,39.927859],[-82.488438,39.925814],[-82.482141,39.925499],[-82.473423,39.925065],[-82.462813,39.93038]]]}},{"type":"Feature","properties":{"zcta5":"43033","AFFGEOID10":"8600000US43033","GEOID10":"43033","ALAND10":1152306,"AWATER10":2804,"county_name":"Licking","state_code":"OH","county_state":"Licking County, OH","county_fips":"39089","risk_level_county":"Lower Risk (80–84% vaccinated)","mean_vaccination_rate_county":83.43,"risk_level_zcta":"Lowest Risk (85%+)","mean_vaccination_rate_zips":95.12,"cases":13},"geometry":{"type":"Polygon","coordinates":[[[-82.5903,39.961343],[-82.593834,39.963765],[-82.596342,39.964065],[-82.598834,39.96346],[-82.601376,39.963951],[-82.603476,39.965452],[-82.605544,39.966059],[-82.608261,39.96516],[-82.608716,39.958879],[-82.607697,39.957794],[-82.605411,39.956868],[-82.604391,39.957522],[-82.599204,39.957914],[-82.594323,39.957767],[-82.593024,39.957043],[-82.589592,39.957338],[-82.5903,39.961343]]]}},{"type":"Feature","properties":{"zcta5":"43721","AFFGEOID10":"8600000US43721","GEOID10":"43721","ALAND10":985527,"AWATER10":2422,"county_name":"Licking","state_code":"OH","county_state":"Licking County, OH","county_fips":"39089","risk_level_county":"Lower Risk (80–84% vaccinated)","mean_vaccination_rate_county":83.43,"risk_level_zcta":"Medium Risk (70–79% vaccinated)","mean_vaccination_rate_zips":72.42,"cases":13},"geometry":{"type":"Polygon","coordinates":[[[-82.261452,39.952067],[-82.270368,39.952428],[-82.271094,39.949223],[-82.266897,39.94813],[-82.259078,39.947236],[-82.26045,39.945388],[-82.260437,39.944191],[-82.259036,39.94313],[-82.256559,39.943491],[-82.256478,39.945746],[-82.251932,39.945214],[-82.251187,39.94645],[-82.251393,39.948371],[-82.253147,39.951799],[-82.261452,39.952067]]]}},{"type":"Feature","properties":{"zcta5":"43740","AFFGEOID10":"8600000US43740","GEOID10":"43740","ALAND10":972125,"AWATER10":0,"county_name":"Licking","state_code":"OH","county_state":"Licking County, OH","county_fips":"39089","risk_level_county":"Lower Risk (80–84% vaccinated)","mean_vaccination_rate_county":83.43,"risk_level_zcta":"Higher Risk (60–69% vaccinated)","mean_vaccination_rate_zips":69.42,"cases":13},"geometry":{"type":"Polygon","coordinates":[[[-82.214281,39.956098],[-82.215411,39.956384],[-82.217509,39.955456],[-82.223003,39.954273],[-82.224431,39.954692],[-82.224175,39.951043],[-82.221957,39.95099],[-82.221638,39.950106],[-82.222272,39.948626],[-82.216283,39.949358],[-82.211921,39.950738],[-82.198772,39.95014],[-82.198562,39.955027],[-82.204722,39.953343],[-82.212069,39.952025],[-82.214813,39.9548],[-82.214281,39.956098]]]}},{"type":"Feature","properties":{"zcta5":"43055","AFFGEOID10":"8600000US43055","GEOID10":"43055","ALAND10":292227651,"AWATER10":2213299,"county_name":"Licking","state_code":"OH","county_state":"Licking County, OH","county_fips":"39089","risk_level_county":"Lower Risk (80–84% vaccinated)","mean_vaccination_rate_county":83.43,"risk_level_zcta":"Medium Risk (70–79% vaccinated)","mean_vaccination_rate_zips":70.07,"cases":13},"geometry":{"type":"Polygon","coordinates":[[[-82.517776,40.189803],[-82.521259,40.189531],[-82.520407,40.187947],[-82.543506,40.188826],[-82.545137,40.188821],[-82.546756,40.18725],[-82.550733,40.185707],[-82.552083,40.186141],[-82.552626,40.18404],[-82.552982,40.175334],[-82.555871,40.174308],[-82.556873,40.173375],[-82.554027,40.172875],[-82.554062,40.171128],[-82.552474,40.167747],[-82.55401,40.167153],[-82.553845,40.154698],[-82.554026,40.153863],[-82.557192,40.153991],[-82.5563,40.152926],[-82.554455,40.151882],[-82.551935,40.151668],[-82.550326,40.149021],[-82.546145,40.146632],[-82.543222,40.145973],[-82.54347,40.141491],[-82.538797,40.14137],[-82.536772,40.145126],[-82.532068,40.145217],[-82.524755,40.144898],[-82.524112,40.148777],[-82.522369,40.148757],[-82.521598,40.152114],[-82.519997,40.152051],[-82.519642,40.155465],[-82.512488,40.155269],[-82.507998,40.155449],[-82.505494,40.154214],[-82.504717,40.154997],[-82.505172,40.168365],[-82.501909,40.167007],[-82.500772,40.16571],[-82.498319,40.164423],[-82.495218,40.163981],[-82.494659,40.163031],[-82.490972,40.16211],[-82.489611,40.161254],[-82.485371,40.162424],[-82.478681,40.154913],[-82.479556,40.154545],[-82.487416,40.14692],[-82.488753,40.145893],[-82.478564,40.145362],[-82.471159,40.140655],[-82.473729,40.112486],[-82.482333,40.112839],[-82.483471,40.111643],[-82.485256,40.111692],[-82.48549,40.109981],[-82.482306,40.107738],[-82.479459,40.107415],[-82.478021,40.105823],[-82.474329,40.103446],[-82.474964,40.094988],[-82.479975,40.091207],[-82.479863,40.088984],[-82.475463,40.088364],[-82.476647,40.072772],[-82.467874,40.072305],[-82.471989,40.071714],[-82.473626,40.071006],[-82.473933,40.065752],[-82.472353,40.066525],[-82.469302,40.066439],[-82.467945,40.065476],[-82.46797,40.063974],[-82.469139,40.064091],[-82.469667,40.056742],[-82.480873,40.059942],[-82.481234,40.055666],[-82.488294,40.058175],[-82.492013,40.058817],[-82.496039,40.058814],[-82.494916,40.05809],[-82.495622,40.057677],[-82.497232,40.057145],[-82.497797,40.056748],[-82.497999,40.056901],[-82.498672,40.056166],[-82.498919,40.053199],[-82.49491,40.052772],[-82.495236,40.049313],[-82.496549,40.049334],[-82.496631,40.047708],[-82.494335,40.046551],[-82.480009,40.045846],[-82.480404,40.040071],[-82.479092,40.040343],[-82.479102,40.03737],[-82.478988,40.037226],[-82.479425,40.036026],[-82.473918,40.035806],[-82.468053,40.035565],[-82.44212,40.043736],[-82.442318,40.0415],[-82.436674,40.04069],[-82.43351,40.040519],[-82.432521,40.042845],[-82.426787,40.042288],[-82.418816,40.042093],[-82.413308,40.041589],[-82.40154,40.040647],[-82.393932,40.040636],[-82.393952,40.042825],[-82.392567,40.041421],[-82.393549,40.042931],[-82.392283,40.046182],[-82.391754,40.045957],[-82.38893,40.047801],[-82.387944,40.050724],[-82.38404,40.050717],[-82.380379,40.05243],[-82.374841,40.052773],[-82.370861,40.052611],[-82.362043,40.052588],[-82.352396,40.053283],[-82.350021,40.053982],[-82.348575,40.055108],[-82.348254,40.056629],[-82.350443,40.058383],[-82.350164,40.059295],[-82.347689,40.061195],[-82.345642,40.061767],[-82.343751,40.061591],[-82.342566,40.060684],[-82.339985,40.060615],[-82.338995,40.059607],[-82.339432,40.061781],[-82.336404,40.061837],[-82.318322,40.064629],[-82.315411,40.065333],[-82.315429,40.065865],[-82.308459,40.067521],[-82.301028,40.068779],[-82.298359,40.069234],[-82.294832,40.069274],[-82.294011,40.068318],[-82.291587,40.068008],[-82.291534,40.066502],[-82.288424,40.060688],[-82.282421,40.060565],[-82.276519,40.062589],[-82.275641,40.061853],[-82.275432,40.059969],[-82.271374,40.061931],[-82.267562,40.063103],[-82.265744,40.062499],[-82.263672,40.059264],[-82.26195,40.058253],[-82.258969,40.058918],[-82.255334,40.057085],[-82.252231,40.056094],[-82.249152,40.056429],[-82.245493,40.05599],[-82.244082,40.055157],[-82.239143,40.049873],[-82.235477,40.048321],[-82.232358,40.04947],[-82.230085,40.052669],[-82.226857,40.053194],[-82.226091,40.053917],[-82.222618,40.054319],[-82.221282,40.055072],[-82.22039,40.056973],[-82.224331,40.058534],[-82.226221,40.063336],[-82.227698,40.066083],[-82.227162,40.075802],[-82.232243,40.075643],[-82.237262,40.075086],[-82.240118,40.075848],[-82.239995,40.077212],[-82.242807,40.077567],[-82.248873,40.075807],[-82.249534,40.077195],[-82.248488,40.078128],[-82.24792,40.092828],[-82.238222,40.092699],[-82.233718,40.096298],[-82.232531,40.098489],[-82.228467,40.10061],[-82.228253,40.103759],[-82.2473,40.103931],[-82.246798,40.112987],[-82.242401,40.114026],[-82.238026,40.116432],[-82.236066,40.118504],[-82.233936,40.122855],[-82.236882,40.123041],[-82.237187,40.124458],[-82.249328,40.126645],[-82.248442,40.13114],[-82.248598,40.132508],[-82.239342,40.134342],[-82.239269,40.138443],[-82.24068,40.140657],[-82.23959,40.141212],[-82.238945,40.143068],[-82.237668,40.143765],[-82.232444,40.141756],[-82.230677,40.142905],[-82.229068,40.142914],[-82.226871,40.141826],[-82.226344,40.140847],[-82.226622,40.136786],[-82.219149,40.138382],[-82.212021,40.137975],[-82.214242,40.142143],[-82.215767,40.143888],[-82.217162,40.143596],[-82.218745,40.147558],[-82.216608,40.147691],[-82.218093,40.152984],[-82.220826,40.152936],[-82.222378,40.154881],[-82.226562,40.157857],[-82.227792,40.159773],[-82.230318,40.160095],[-82.234443,40.159306],[-82.241268,40.160065],[-82.241322,40.163363],[-82.242149,40.167868],[-82.242814,40.169039],[-82.253287,40.169388],[-82.253125,40.173241],[-82.263484,40.191727],[-82.265133,40.191739],[-82.262437,40.196376],[-82.262332,40.198788],[-82.266926,40.198824],[-82.268889,40.199407],[-82.281449,40.200114],[-82.285778,40.20001],[-82.285628,40.203112],[-82.287558,40.198666],[-82.290551,40.195375],[-82.290787,40.192372],[-82.291485,40.19076],[-82.290844,40.18907],[-82.290916,40.183508],[-82.291376,40.181053],[-82.290661,40.177696],[-82.290134,40.173232],[-82.291255,40.172162],[-82.292236,40.172875],[-82.293866,40.176137],[-82.298652,40.172457],[-82.299588,40.174339],[-82.299756,40.176949],[-82.300842,40.178179],[-82.301297,40.180377],[-82.302967,40.184404],[-82.304467,40.185075],[-82.304327,40.183791],[-82.301669,40.180213],[-82.301244,40.178288],[-82.301582,40.174708],[-82.300798,40.173956],[-82.29942,40.170408],[-82.301436,40.171359],[-82.304565,40.17039],[-82.311951,40.170874],[-82.313653,40.170794],[-82.322629,40.171146],[-82.319372,40.167774],[-82.321154,40.167786],[-82.319216,40.166907],[-82.318041,40.165615],[-82.316716,40.162945],[-82.317167,40.159241],[-82.316947,40.158193],[-82.319836,40.15849],[-82.322248,40.157969],[-82.327476,40.158535],[-82.33419,40.158826],[-82.33353,40.157424],[-82.337575,40.138991],[-82.343684,40.138733],[-82.352433,40.139097],[-82.354967,40.139796],[-82.356958,40.143482],[-82.357657,40.147332],[-82.3588,40.148087],[-82.371153,40.149821],[-82.371983,40.141552],[-82.377121,40.142524],[-82.384097,40.139445],[-82.402424,40.143292],[-82.401897,40.145656],[-82.402144,40.147468],[-82.403692,40.149444],[-82.405799,40.150441],[-82.409116,40.151026],[-82.410538,40.149827],[-82.421534,40.150339],[-82.422484,40.153127],[-82.420371,40.157842],[-82.420244,40.158406],[-82.420738,40.158922],[-82.420661,40.159239],[-82.424838,40.160245],[-82.4248,40.160576],[-82.427855,40.160769],[-82.429493,40.159552],[-82.430684,40.160056],[-82.430081,40.161485],[-82.450562,40.166166],[-82.451239,40.171104],[-82.450777,40.175293],[-82.449362,40.178721],[-82.448593,40.186273],[-82.441925,40.186032],[-82.444007,40.192421],[-82.447666,40.193016],[-82.451563,40.19503],[-82.455031,40.198296],[-82.458043,40.19912],[-82.458367,40.201642],[-82.46174,40.20323],[-82.462183,40.203843],[-82.46509,40.202022],[-82.466417,40.20047],[-82.465995,40.204719],[-82.466845,40.204884],[-82.467894,40.206773],[-82.469333,40.206838],[-82.471879,40.207885],[-82.474275,40.206927],[-82.477885,40.206724],[-82.478944,40.207151],[-82.4813,40.209595],[-82.481363,40.210397],[-82.484376,40.21339],[-82.486904,40.214669],[-82.487268,40.21061],[-82.490118,40.207464],[-82.491291,40.207482],[-82.49581,40.204994],[-82.49855,40.20435],[-82.501316,40.202612],[-82.50484,40.198909],[-82.509926,40.199034],[-82.512177,40.198458],[-82.512713,40.197135],[-82.518224,40.197421],[-82.517776,40.189803]]]}},{"type":"Feature","properties":{"zcta5":"43068","AFFGEOID10":"8600000US43068","GEOID10":"43068","ALAND10":50114388,"AWATER10":310816,"county_name":"Licking","state_code":"OH","county_state":"Licking County, OH","county_fips":"39089","risk_level_county":"Lower Risk (80–84% vaccinated)","mean_vaccination_rate_county":83.43,"risk_level_zcta":"Higher Risk (60–69% vaccinated)","mean_vaccination_rate_zips":65.3,"cases":13},"geometry":{"type":"Polygon","coordinates":[[[-82.833772,39.920136],[-82.832802,39.920078],[-82.829268,39.917825],[-82.824567,39.915948],[-82.815544,39.914983],[-82.81299,39.913539],[-82.811966,39.912857],[-82.809821,39.911557],[-82.809682,39.91155],[-82.808132,39.912521],[-82.803495,39.913703],[-82.802495,39.925907],[-82.800905,39.925991],[-82.796977,39.928002],[-82.792753,39.928792],[-82.793659,39.929397],[-82.794724,39.93245],[-82.772984,39.937828],[-82.77287,39.939326],[-82.745577,39.937894],[-82.73997,39.944169],[-82.738957,39.944767],[-82.730558,39.944303],[-82.706023,39.94297],[-82.705742,39.946586],[-82.704597,39.949968],[-82.718061,39.950368],[-82.730049,39.951013],[-82.730204,39.956611],[-82.730057,39.958083],[-82.731609,39.95701],[-82.732131,39.958064],[-82.730257,39.962079],[-82.732419,39.962092],[-82.732419,39.965304],[-82.733781,39.966061],[-82.740922,39.966492],[-82.740924,39.966559],[-82.751819,39.967079],[-82.75116,39.975052],[-82.753645,39.975158],[-82.753283,39.979817],[-82.753251,39.98017],[-82.753006,39.983508],[-82.751892,39.99789],[-82.771881,39.998341],[-82.772431,39.991469],[-82.776594,39.989922],[-82.776829,39.986828],[-82.786419,39.985779],[-82.786199,39.989239],[-82.790149,39.989122],[-82.790922,39.98807],[-82.791097,39.985248],[-82.795645,39.984747],[-82.795142,39.983951],[-82.796939,39.982886],[-82.797462,39.980523],[-82.801891,39.977559],[-82.802929,39.977595],[-82.80261,39.981599],[-82.806354,39.981816],[-82.806625,39.983511],[-82.809421,39.983212],[-82.809399,39.981306],[-82.813406,39.981245],[-82.813735,39.98204],[-82.816283,39.981691],[-82.817231,39.980295],[-82.822569,39.979195],[-82.823119,39.978328],[-82.823764,39.981644],[-82.826836,39.981294],[-82.828901,39.981063],[-82.828998,39.978614],[-82.831527,39.978725],[-82.832071,39.971172],[-82.827359,39.970929],[-82.828298,39.967372],[-82.828572,39.964367],[-82.827509,39.961776],[-82.828134,39.957196],[-82.828823,39.954801],[-82.830569,39.954789],[-82.831012,39.947263],[-82.830285,39.946878],[-82.830603,39.943478],[-82.829761,39.943432],[-82.830747,39.932664],[-82.833499,39.932688],[-82.831157,39.930859],[-82.831278,39.925693],[-82.829562,39.923268],[-82.833772,39.920136]]]}},{"type":"Feature","properties":{"zcta5":"43105","AFFGEOID10":"8600000US43105","GEOID10":"43105","ALAND10":148394388,"AWATER10":38825,"county_name":"Licking","state_code":"OH","county_state":"Licking County, OH","county_fips":"39089","risk_level_county":"Lower Risk (80–84% vaccinated)","mean_vaccination_rate_county":83.43,"risk_level_zcta":"Medium Risk (70–79% vaccinated)","mean_vaccination_rate_zips":72.27,"cases":13},"geometry":{"type":"Polygon","coordinates":[[[-82.68444,39.934666],[-82.682727,39.933924],[-82.683288,39.931865],[-82.682293,39.929765],[-82.682066,39.927135],[-82.6854,39.926658],[-82.698142,39.92306],[-82.698926,39.913122],[-82.69939,39.907215],[-82.699524,39.905715],[-82.700081,39.898471],[-82.698334,39.898185],[-82.68814,39.897638],[-82.689489,39.881098],[-82.68502,39.880896],[-82.685567,39.875312],[-82.689935,39.875554],[-82.692042,39.846221],[-82.689913,39.846116],[-82.690228,39.841722],[-82.673373,39.840854],[-82.673857,39.833867],[-82.673363,39.831682],[-82.674082,39.830696],[-82.664825,39.830222],[-82.66528,39.823877],[-82.662509,39.824491],[-82.66144,39.82321],[-82.658799,39.822021],[-82.658204,39.820214],[-82.655772,39.820986],[-82.655947,39.815203],[-82.65485,39.817698],[-82.653634,39.817515],[-82.650697,39.819758],[-82.649481,39.819804],[-82.649391,39.817791],[-82.646337,39.817397],[-82.646646,39.814693],[-82.640399,39.814177],[-82.638708,39.812873],[-82.637076,39.812782],[-82.635919,39.811775],[-82.633757,39.811566],[-82.632625,39.810586],[-82.631913,39.808458],[-82.629219,39.807379],[-82.62529,39.807086],[-82.625253,39.809106],[-82.61826,39.803309],[-82.617479,39.800861],[-82.613491,39.805531],[-82.613306,39.80331],[-82.615051,39.798512],[-82.615564,39.7959],[-82.614112,39.795285],[-82.614474,39.791552],[-82.613685,39.791055],[-82.607263,39.790885],[-82.60575,39.793608],[-82.603169,39.795483],[-82.601063,39.796307],[-82.603386,39.798083],[-82.596296,39.798432],[-82.577316,39.797734],[-82.576945,39.799091],[-82.574837,39.802408],[-82.573143,39.806274],[-82.571361,39.807257],[-82.570676,39.811639],[-82.569223,39.811581],[-82.567233,39.813548],[-82.566579,39.815767],[-82.559454,39.819882],[-82.556664,39.820704],[-82.551347,39.818155],[-82.551095,39.819445],[-82.547506,39.818],[-82.542304,39.817019],[-82.532756,39.813193],[-82.53272,39.809949],[-82.525633,39.809595],[-82.525194,39.814418],[-82.522819,39.814421],[-82.524671,39.815267],[-82.524525,39.816864],[-82.5233,39.816835],[-82.525202,39.820057],[-82.529311,39.824481],[-82.514993,39.8237],[-82.514733,39.834563],[-82.513301,39.834485],[-82.512656,39.839368],[-82.517756,39.839749],[-82.519732,39.838911],[-82.528144,39.839242],[-82.528987,39.839475],[-82.530003,39.840189],[-82.528676,39.855125],[-82.53793,39.861806],[-82.537279,39.869239],[-82.548301,39.869758],[-82.559103,39.878544],[-82.562094,39.874837],[-82.565843,39.873877],[-82.566098,39.870597],[-82.576951,39.871094],[-82.572325,39.88215],[-82.568319,39.8861],[-82.583817,39.898505],[-82.583669,39.900734],[-82.586806,39.90085],[-82.591476,39.904201],[-82.591141,39.908499],[-82.592706,39.908637],[-82.592027,39.920381],[-82.588219,39.920385],[-82.582302,39.921785],[-82.58257,39.922703],[-82.601555,39.923399],[-82.601101,39.930777],[-82.629659,39.931964],[-82.649026,39.932916],[-82.649704,39.925538],[-82.659437,39.926023],[-82.660326,39.92527],[-82.665451,39.915299],[-82.666367,39.913973],[-82.675021,39.914359],[-82.674808,39.923371],[-82.675971,39.92248],[-82.67904,39.922178],[-82.678679,39.926966],[-82.680456,39.92706],[-82.681183,39.93446],[-82.68444,39.934666]],[[-82.553498,39.841844],[-82.552813,39.843491],[-82.549694,39.845754],[-82.546999,39.844289],[-82.545663,39.847371],[-82.544315,39.84731],[-82.544359,39.846737],[-82.543449,39.84693],[-82.543478,39.84643],[-82.543024,39.846743],[-82.54225,39.847024],[-82.541581,39.847097],[-82.539456,39.846996],[-82.539175,39.846982],[-82.539716,39.840638],[-82.541943,39.839938],[-82.542069,39.838252],[-82.54547,39.839634],[-82.549471,39.839832],[-82.549585,39.838539],[-82.553275,39.838666],[-82.553155,39.840397],[-82.556379,39.840498],[-82.553498,39.841844]]]}},{"type":"Feature","properties":{"zcta5":"43011","AFFGEOID10":"8600000US43011","GEOID10":"43011","ALAND10":213626189,"AWATER10":447328,"county_name":"Licking","state_code":"OH","county_state":"Licking County, OH","county_fips":"39089","risk_level_county":"Lower Risk (80–84% vaccinated)","mean_vaccination_rate_county":83.43,"risk_level_zcta":"Medium Risk (70–79% vaccinated)","mean_vaccination_rate_zips":73.82,"cases":13},"geometry":{"type":"Polygon","coordinates":[[[-82.79365,40.339824],[-82.797599,40.288056],[-82.790065,40.287621],[-82.778454,40.286073],[-82.778198,40.278053],[-82.760787,40.277344],[-82.750235,40.284087],[-82.750747,40.276996],[-82.752009,40.261093],[-82.735887,40.260317],[-82.715399,40.259402],[-82.716318,40.258332],[-82.711858,40.251882],[-82.712259,40.242738],[-82.709901,40.241195],[-82.708074,40.24186],[-82.707128,40.241119],[-82.707288,40.238792],[-82.703599,40.238743],[-82.697679,40.23915],[-82.688278,40.238961],[-82.687861,40.241042],[-82.689924,40.244148],[-82.691177,40.247235],[-82.682692,40.247065],[-82.681148,40.248649],[-82.680626,40.251661],[-82.67894,40.255263],[-82.674401,40.262809],[-82.672398,40.264403],[-82.671698,40.273798],[-82.652381,40.272971],[-82.654367,40.240313],[-82.6673,40.240982],[-82.673892,40.241847],[-82.673581,40.241143],[-82.672707,40.239847],[-82.669798,40.238447],[-82.668014,40.238249],[-82.665004,40.239363],[-82.664603,40.240362],[-82.659336,40.240296],[-82.657717,40.239702],[-82.657188,40.238494],[-82.658514,40.236501],[-82.65653,40.234799],[-82.654595,40.23499],[-82.651965,40.236642],[-82.647674,40.236553],[-82.64634,40.237602],[-82.642958,40.237661],[-82.641978,40.236035],[-82.637909,40.235616],[-82.636796,40.237533],[-82.637658,40.239243],[-82.62978,40.239941],[-82.626628,40.240779],[-82.62621,40.239673],[-82.622117,40.241677],[-82.620316,40.240635],[-82.620161,40.239554],[-82.616493,40.237993],[-82.615818,40.237453],[-82.611593,40.23752],[-82.606421,40.238009],[-82.606055,40.239567],[-82.602118,40.239468],[-82.595844,40.239919],[-82.585515,40.245218],[-82.582568,40.245542],[-82.576809,40.240888],[-82.576223,40.247265],[-82.57114,40.247367],[-82.573115,40.258549],[-82.574593,40.258856],[-82.574281,40.263016],[-82.585914,40.266544],[-82.585739,40.269944],[-82.593975,40.270358],[-82.593777,40.275995],[-82.593048,40.28367],[-82.590201,40.283569],[-82.589954,40.287312],[-82.592674,40.28749],[-82.592042,40.293913],[-82.60138,40.294371],[-82.600415,40.306585],[-82.600577,40.311075],[-82.591714,40.31687],[-82.594293,40.317371],[-82.598699,40.317597],[-82.597966,40.327578],[-82.586186,40.334826],[-82.594239,40.33617],[-82.59363,40.342675],[-82.592477,40.34534],[-82.591888,40.34917],[-82.601323,40.350462],[-82.60762,40.350497],[-82.623228,40.348141],[-82.623661,40.349522],[-82.626209,40.349083],[-82.626057,40.351399],[-82.628135,40.35297],[-82.634031,40.353851],[-82.637536,40.353758],[-82.642001,40.354529],[-82.64561,40.356233],[-82.644151,40.375576],[-82.654249,40.376055],[-82.659121,40.376081],[-82.660738,40.377042],[-82.662503,40.376676],[-82.663639,40.378094],[-82.666182,40.379489],[-82.66772,40.378919],[-82.670842,40.382578],[-82.67134,40.384242],[-82.696373,40.385433],[-82.696156,40.389533],[-82.697538,40.392091],[-82.696939,40.393525],[-82.697727,40.394298],[-82.695842,40.395377],[-82.697062,40.397049],[-82.699687,40.395889],[-82.702906,40.394914],[-82.704235,40.394183],[-82.703312,40.393191],[-82.732601,40.376354],[-82.73925,40.371619],[-82.743141,40.369643],[-82.743238,40.368737],[-82.745175,40.368989],[-82.750422,40.367081],[-82.765458,40.357466],[-82.775908,40.35097],[-82.77459,40.350897],[-82.774813,40.34815],[-82.781814,40.347397],[-82.78794,40.343263],[-82.79365,40.339824]]]}},{"type":"Feature","properties":{"zcta5":"43030","AFFGEOID10":"8600000US43030","GEOID10":"43030","ALAND10":237937,"AWATER10":0,"county_name":"Licking","state_code":"OH","county_state":"Licking County, OH","county_fips":"39089","risk_level_county":"Lower Risk (80–84% vaccinated)","mean_vaccination_rate_county":83.43,"risk_level_zcta":"Medium Risk (70–79% vaccinated)","mean_vaccination_rate_zips":78.67,"cases":13},"geometry":{"type":"Polygon","coordinates":[[[-82.418939,39.960822],[-82.419112,39.959626],[-82.413846,39.958246],[-82.413989,39.959429],[-82.413418,39.964483],[-82.415683,39.965032],[-82.418939,39.960822]]]}},{"type":"Feature","properties":{"zcta5":"43074","AFFGEOID10":"8600000US43074","GEOID10":"43074","ALAND10":224455945,"AWATER10":1633200,"county_name":"Licking","state_code":"OH","county_state":"Licking County, OH","county_fips":"39089","risk_level_county":"Lower Risk (80–84% vaccinated)","mean_vaccination_rate_county":83.43,"risk_level_zcta":"Medium Risk (70–79% vaccinated)","mean_vaccination_rate_zips":71.39,"cases":13},"geometry":{"type":"Polygon","coordinates":[[[-82.929588,40.358123],[-82.930328,40.351821],[-82.934814,40.349372],[-82.943184,40.347304],[-82.943413,40.3464],[-82.946091,40.346021],[-82.949135,40.343908],[-82.951028,40.344167],[-82.950922,40.342035],[-82.952867,40.341172],[-82.952547,40.339962],[-82.95334,40.337471],[-82.954523,40.337254],[-82.953104,40.335484],[-82.953822,40.333916],[-82.955569,40.333576],[-82.956309,40.331428],[-82.954627,40.326953],[-82.953628,40.322772],[-82.955078,40.321117],[-82.952919,40.32003],[-82.948852,40.319278],[-82.946487,40.316352],[-82.948516,40.313175],[-82.950431,40.312412],[-82.955276,40.309421],[-82.957687,40.306026],[-82.957321,40.304107],[-82.955009,40.301811],[-82.954139,40.299999],[-82.952384,40.30046],[-82.954315,40.297054],[-82.955869,40.296275],[-82.961284,40.296623],[-82.962407,40.294144],[-82.961613,40.29102],[-82.960613,40.288952],[-82.960236,40.286625],[-82.958839,40.286003],[-82.957618,40.283988],[-82.954505,40.28178],[-82.954238,40.280284],[-82.956832,40.275962],[-82.957412,40.273498],[-82.954521,40.272369],[-82.953025,40.271221],[-82.95391,40.270294],[-82.95582,40.270396],[-82.94964,40.268413],[-82.943632,40.267298],[-82.937094,40.266978],[-82.937527,40.261429],[-82.934408,40.262295],[-82.931624,40.264474],[-82.927176,40.266452],[-82.928401,40.253466],[-82.928607,40.248186],[-82.921937,40.248321],[-82.922146,40.242839],[-82.911754,40.246196],[-82.910325,40.246452],[-82.899435,40.238598],[-82.898226,40.236966],[-82.896795,40.236484],[-82.890893,40.236416],[-82.88663,40.233275],[-82.883792,40.22929],[-82.883078,40.229217],[-82.878362,40.233404],[-82.86879,40.232947],[-82.870498,40.231148],[-82.86684,40.230631],[-82.86637,40.231002],[-82.863483,40.230853],[-82.860343,40.230674],[-82.86222,40.228145],[-82.864185,40.225871],[-82.866049,40.225343],[-82.868072,40.224105],[-82.868354,40.223087],[-82.868659,40.222763],[-82.870697,40.222286],[-82.871754,40.221426],[-82.870501,40.22228],[-82.869393,40.222559],[-82.86859,40.222671],[-82.868415,40.222787],[-82.868165,40.223223],[-82.866238,40.223073],[-82.86689,40.221688],[-82.867897,40.220428],[-82.867962,40.219057],[-82.851638,40.218291],[-82.844644,40.21739],[-82.833322,40.215529],[-82.82371,40.221623],[-82.809022,40.219715],[-82.818097,40.217003],[-82.825367,40.214534],[-82.826213,40.203639],[-82.810076,40.188202],[-82.805773,40.188465],[-82.805947,40.186209],[-82.794003,40.185636],[-82.793607,40.183768],[-82.782147,40.183244],[-82.781648,40.181911],[-82.778205,40.181768],[-82.777682,40.189828],[-82.771076,40.189876],[-82.770534,40.195914],[-82.766868,40.195755],[-82.767315,40.192493],[-82.765795,40.190483],[-82.765785,40.188331],[-82.763723,40.188541],[-82.762767,40.18626],[-82.759331,40.184383],[-82.75752,40.184423],[-82.756534,40.198924],[-82.740585,40.200211],[-82.739975,40.206672],[-82.755943,40.206813],[-82.755867,40.207896],[-82.739936,40.207403],[-82.73987,40.208234],[-82.739857,40.208405],[-82.754643,40.225436],[-82.754392,40.228423],[-82.749348,40.229594],[-82.748745,40.22987],[-82.748369,40.232711],[-82.754062,40.232963],[-82.753153,40.246407],[-82.747685,40.246172],[-82.744837,40.248139],[-82.741189,40.247504],[-82.739759,40.24581],[-82.737041,40.24568],[-82.735887,40.260317],[-82.752009,40.261093],[-82.750747,40.276996],[-82.750235,40.284087],[-82.760787,40.277344],[-82.778198,40.278053],[-82.778454,40.286073],[-82.790065,40.287621],[-82.797599,40.288056],[-82.79365,40.339824],[-82.797919,40.337391],[-82.801209,40.337546],[-82.800337,40.339541],[-82.798322,40.341168],[-82.797664,40.342483],[-82.798268,40.343679],[-82.798347,40.346685],[-82.80979,40.347253],[-82.810693,40.344964],[-82.806043,40.34471],[-82.806243,40.342234],[-82.803407,40.341944],[-82.803499,40.340617],[-82.806454,40.340854],[-82.806703,40.338194],[-82.809683,40.337934],[-82.825121,40.338606],[-82.824784,40.342918],[-82.821918,40.347743],[-82.822158,40.353107],[-82.920143,40.357669],[-82.929588,40.358123]]]}},{"type":"Feature","properties":{"zcta5":"43031","AFFGEOID10":"8600000US43031","GEOID10":"43031","ALAND10":230615197,"AWATER10":833927,"county_name":"Licking","state_code":"OH","county_state":"Licking County, OH","county_fips":"39089","risk_level_county":"Lower Risk (80–84% vaccinated)","mean_vaccination_rate_county":83.43,"risk_level_zcta":"Higher Risk (60–69% vaccinated)","mean_vaccination_rate_zips":69.49,"cases":13},"geometry":{"type":"Polygon","coordinates":[[[-82.789021,40.164821],[-82.79017,40.161746],[-82.789123,40.160266],[-82.790367,40.159584],[-82.790519,40.157901],[-82.787643,40.155265],[-82.788261,40.153041],[-82.790046,40.151457],[-82.789749,40.148196],[-82.786674,40.145876],[-82.779835,40.145581],[-82.78107,40.126764],[-82.761827,40.125855],[-82.763095,40.112026],[-82.762592,40.106449],[-82.763656,40.097691],[-82.764596,40.095762],[-82.765619,40.083618],[-82.761153,40.083431],[-82.758306,40.084793],[-82.754078,40.085038],[-82.754205,40.080469],[-82.741242,40.083995],[-82.741349,40.082414],[-82.744388,40.082525],[-82.744542,40.080308],[-82.74733,40.080458],[-82.747333,40.079165],[-82.743802,40.07901],[-82.74283,40.078184],[-82.740884,40.078844],[-82.734131,40.078587],[-82.733962,40.081249],[-82.726709,40.08108],[-82.726893,40.078275],[-82.712909,40.077662],[-82.712909,40.085999],[-82.68778,40.084876],[-82.687101,40.093405],[-82.684646,40.093494],[-82.682429,40.089578],[-82.679782,40.089534],[-82.678365,40.092764],[-82.679793,40.094845],[-82.679747,40.099764],[-82.675866,40.099914],[-82.666467,40.103667],[-82.66605,40.109513],[-82.661266,40.109386],[-82.660621,40.115853],[-82.658085,40.115204],[-82.655574,40.115203],[-82.650287,40.112899],[-82.648187,40.109844],[-82.646416,40.109692],[-82.645326,40.111269],[-82.64671,40.113135],[-82.649155,40.117975],[-82.651112,40.121147],[-82.636877,40.120464],[-82.635515,40.133079],[-82.635375,40.136294],[-82.637014,40.142713],[-82.637574,40.14359],[-82.619914,40.143518],[-82.620192,40.137774],[-82.614323,40.134894],[-82.610431,40.132275],[-82.591841,40.121184],[-82.572196,40.121498],[-82.56726,40.12126],[-82.567142,40.124912],[-82.566283,40.132052],[-82.564816,40.130248],[-82.562491,40.126272],[-82.560402,40.125652],[-82.560268,40.129028],[-82.55861,40.130263],[-82.561784,40.136553],[-82.561218,40.137869],[-82.563922,40.140853],[-82.561155,40.142738],[-82.55668,40.141633],[-82.554455,40.151882],[-82.5563,40.152926],[-82.557192,40.153991],[-82.554026,40.153863],[-82.553845,40.154698],[-82.55401,40.167153],[-82.552474,40.167747],[-82.554062,40.171128],[-82.554027,40.172875],[-82.556873,40.173375],[-82.555871,40.174308],[-82.552982,40.175334],[-82.552626,40.18404],[-82.552083,40.186141],[-82.550733,40.185707],[-82.546756,40.18725],[-82.545137,40.188821],[-82.543506,40.188826],[-82.520407,40.187947],[-82.521259,40.189531],[-82.517776,40.189803],[-82.53306,40.202799],[-82.535065,40.205074],[-82.537728,40.206855],[-82.542002,40.210528],[-82.543719,40.212652],[-82.548279,40.216442],[-82.550067,40.215382],[-82.55223,40.215849],[-82.553075,40.217227],[-82.554873,40.216941],[-82.55796,40.215382],[-82.559969,40.215426],[-82.5595,40.220366],[-82.563407,40.220572],[-82.580493,40.234095],[-82.582568,40.245542],[-82.585515,40.245218],[-82.595844,40.239919],[-82.602118,40.239468],[-82.606055,40.239567],[-82.606421,40.238009],[-82.611593,40.23752],[-82.615818,40.237453],[-82.616493,40.237993],[-82.614869,40.214596],[-82.61869,40.211298],[-82.622511,40.211405],[-82.622376,40.208497],[-82.634904,40.208964],[-82.647129,40.209763],[-82.64778,40.211328],[-82.649462,40.21213],[-82.649318,40.215256],[-82.65067,40.215019],[-82.651023,40.216236],[-82.656687,40.216799],[-82.662034,40.216804],[-82.666013,40.216],[-82.670632,40.216121],[-82.686646,40.216944],[-82.686916,40.213752],[-82.690688,40.213907],[-82.691165,40.20744],[-82.69427,40.2076],[-82.695568,40.20543],[-82.739399,40.207376],[-82.73987,40.208234],[-82.739936,40.207403],[-82.755867,40.207896],[-82.755943,40.206813],[-82.739975,40.206672],[-82.740585,40.200211],[-82.756534,40.198924],[-82.75752,40.184423],[-82.759331,40.184383],[-82.762767,40.18626],[-82.763723,40.188541],[-82.765785,40.188331],[-82.765795,40.190483],[-82.767315,40.192493],[-82.766868,40.195755],[-82.770534,40.195914],[-82.771076,40.189876],[-82.777682,40.189828],[-82.778205,40.181768],[-82.779276,40.164309],[-82.789021,40.164821]]]}},{"type":"Feature","properties":{"zcta5":"43062","AFFGEOID10":"8600000US43062","GEOID10":"43062","ALAND10":204202426,"AWATER10":959413,"county_name":"Licking","state_code":"OH","county_state":"Licking County, OH","county_fips":"39089","risk_level_county":"Lower Risk (80–84% vaccinated)","mean_vaccination_rate_county":83.43,"risk_level_zcta":"Medium Risk (70–79% vaccinated)","mean_vaccination_rate_zips":72.66,"cases":13},"geometry":{"type":"Polygon","coordinates":[[[-82.767898,40.046273],[-82.770226,40.01825],[-82.771881,39.998341],[-82.751892,39.99789],[-82.753006,39.983508],[-82.753251,39.98017],[-82.753283,39.979817],[-82.753645,39.975158],[-82.75116,39.975052],[-82.751819,39.967079],[-82.740924,39.966559],[-82.740922,39.966492],[-82.733781,39.966061],[-82.732419,39.965304],[-82.732419,39.962092],[-82.730257,39.962079],[-82.732131,39.958064],[-82.731609,39.95701],[-82.730057,39.958083],[-82.730204,39.956611],[-82.730049,39.951013],[-82.718061,39.950368],[-82.704597,39.949968],[-82.705742,39.946586],[-82.706023,39.94297],[-82.730558,39.944303],[-82.730652,39.939619],[-82.730713,39.937071],[-82.728908,39.936964],[-82.706624,39.935751],[-82.68444,39.934666],[-82.681183,39.93446],[-82.680456,39.92706],[-82.678679,39.926966],[-82.67904,39.922178],[-82.675971,39.92248],[-82.674808,39.923371],[-82.675021,39.914359],[-82.666367,39.913973],[-82.665451,39.915299],[-82.660326,39.92527],[-82.659437,39.926023],[-82.649704,39.925538],[-82.649026,39.932916],[-82.629659,39.931964],[-82.629206,39.939272],[-82.627494,39.939189],[-82.623653,39.945799],[-82.614356,39.945407],[-82.613781,39.947231],[-82.606836,39.951235],[-82.61036,39.955903],[-82.612819,39.95772],[-82.612013,39.958178],[-82.607697,39.957794],[-82.608716,39.958879],[-82.608261,39.96516],[-82.605544,39.966059],[-82.603476,39.965452],[-82.601376,39.963951],[-82.598834,39.96346],[-82.596342,39.964065],[-82.593834,39.963765],[-82.5903,39.961343],[-82.591314,39.962529],[-82.592858,39.968388],[-82.594843,39.968783],[-82.596513,39.970029],[-82.596585,39.971039],[-82.580257,39.981054],[-82.580079,39.982528],[-82.578613,39.982473],[-82.577584,39.995593],[-82.572277,39.997338],[-82.571964,40.003436],[-82.576968,40.003751],[-82.576356,40.011863],[-82.624276,40.013984],[-82.624153,40.01586],[-82.623723,40.018283],[-82.622766,40.018909],[-82.622181,40.02309],[-82.618821,40.02309],[-82.618068,40.032244],[-82.618071,40.034672],[-82.621173,40.034788],[-82.61554,40.041272],[-82.613805,40.043622],[-82.645152,40.044909],[-82.643989,40.062422],[-82.659945,40.073359],[-82.659875,40.075238],[-82.666732,40.075676],[-82.666116,40.080707],[-82.664411,40.083261],[-82.66312,40.087265],[-82.662336,40.095977],[-82.666983,40.096459],[-82.666467,40.103667],[-82.675866,40.099914],[-82.679747,40.099764],[-82.679793,40.094845],[-82.678365,40.092764],[-82.679782,40.089534],[-82.682429,40.089578],[-82.684646,40.093494],[-82.687101,40.093405],[-82.68778,40.084876],[-82.712909,40.085999],[-82.712909,40.077662],[-82.726893,40.078275],[-82.726709,40.08108],[-82.733962,40.081249],[-82.734131,40.078587],[-82.740884,40.078844],[-82.74283,40.078184],[-82.743802,40.07901],[-82.747333,40.079165],[-82.74733,40.080458],[-82.744542,40.080308],[-82.744388,40.082525],[-82.741349,40.082414],[-82.741242,40.083995],[-82.754205,40.080469],[-82.754078,40.085038],[-82.758306,40.084793],[-82.761153,40.083431],[-82.765619,40.083618],[-82.767483,40.051028],[-82.767898,40.046273]]]}},{"type":"Feature","properties":{"zcta5":"43071","AFFGEOID10":"8600000US43071","GEOID10":"43071","ALAND10":87898273,"AWATER10":784242,"county_name":"Licking","state_code":"OH","county_state":"Licking County, OH","county_fips":"39089","risk_level_county":"Lower Risk (80–84% vaccinated)","mean_vaccination_rate_county":83.43,"risk_level_zcta":"Higher Risk (60–69% vaccinated)","mean_vaccination_rate_zips":61.84,"cases":13},"geometry":{"type":"Polygon","coordinates":[[[-82.444007,40.192421],[-82.441925,40.186032],[-82.448593,40.186273],[-82.449362,40.178721],[-82.450777,40.175293],[-82.451239,40.171104],[-82.450562,40.166166],[-82.430081,40.161485],[-82.430684,40.160056],[-82.429493,40.159552],[-82.427855,40.160769],[-82.4248,40.160576],[-82.424838,40.160245],[-82.420661,40.159239],[-82.420738,40.158922],[-82.420244,40.158406],[-82.420371,40.157842],[-82.422484,40.153127],[-82.421534,40.150339],[-82.410538,40.149827],[-82.409116,40.151026],[-82.405799,40.150441],[-82.403692,40.149444],[-82.402144,40.147468],[-82.401897,40.145656],[-82.402424,40.143292],[-82.384097,40.139445],[-82.377121,40.142524],[-82.371983,40.141552],[-82.371153,40.149821],[-82.3588,40.148087],[-82.357657,40.147332],[-82.356958,40.143482],[-82.354967,40.139796],[-82.352433,40.139097],[-82.343684,40.138733],[-82.337575,40.138991],[-82.33353,40.157424],[-82.33419,40.158826],[-82.327476,40.158535],[-82.322248,40.157969],[-82.319836,40.15849],[-82.316947,40.158193],[-82.317167,40.159241],[-82.316716,40.162945],[-82.318041,40.165615],[-82.319216,40.166907],[-82.321154,40.167786],[-82.319372,40.167774],[-82.322629,40.171146],[-82.313653,40.170794],[-82.311951,40.170874],[-82.304565,40.17039],[-82.301436,40.171359],[-82.29942,40.170408],[-82.300798,40.173956],[-82.301582,40.174708],[-82.301244,40.178288],[-82.301669,40.180213],[-82.304327,40.183791],[-82.304467,40.185075],[-82.302967,40.184404],[-82.301297,40.180377],[-82.300842,40.178179],[-82.299756,40.176949],[-82.299588,40.174339],[-82.298652,40.172457],[-82.293866,40.176137],[-82.292236,40.172875],[-82.291255,40.172162],[-82.290134,40.173232],[-82.290661,40.177696],[-82.291376,40.181053],[-82.290916,40.183508],[-82.290844,40.18907],[-82.291485,40.19076],[-82.290787,40.192372],[-82.290551,40.195375],[-82.287558,40.198666],[-82.285628,40.203112],[-82.284338,40.202924],[-82.283203,40.202457],[-82.276178,40.202477],[-82.273418,40.202301],[-82.268889,40.199407],[-82.260289,40.199445],[-82.259406,40.206458],[-82.259523,40.211474],[-82.281318,40.210106],[-82.28124,40.22269],[-82.283111,40.22155],[-82.286559,40.220148],[-82.285926,40.216595],[-82.289264,40.216666],[-82.293843,40.21613],[-82.298567,40.216001],[-82.303378,40.216162],[-82.304584,40.225153],[-82.305976,40.228194],[-82.313948,40.234467],[-82.314739,40.237661],[-82.314129,40.239595],[-82.336599,40.239984],[-82.336148,40.23873],[-82.336719,40.235479],[-82.336592,40.231382],[-82.334822,40.229715],[-82.33463,40.228521],[-82.336328,40.226063],[-82.336677,40.224342],[-82.340678,40.224461],[-82.345961,40.22218],[-82.350768,40.22062],[-82.350971,40.217227],[-82.351572,40.215928],[-82.351934,40.210714],[-82.351786,40.208361],[-82.370391,40.209198],[-82.390396,40.190729],[-82.390906,40.190456],[-82.398223,40.190666],[-82.400221,40.190031],[-82.401268,40.192994],[-82.401103,40.198214],[-82.404684,40.198898],[-82.407502,40.198492],[-82.412693,40.198751],[-82.412467,40.197304],[-82.411266,40.195593],[-82.413115,40.195328],[-82.414683,40.195216],[-82.417085,40.19624],[-82.419698,40.19639],[-82.421783,40.195484],[-82.423612,40.19539],[-82.425024,40.196018],[-82.425889,40.197345],[-82.424677,40.198289],[-82.425638,40.199971],[-82.428661,40.198703],[-82.433225,40.198371],[-82.434861,40.198992],[-82.435945,40.200822],[-82.438078,40.20248],[-82.438419,40.203732],[-82.439648,40.203682],[-82.440884,40.202545],[-82.440069,40.19815],[-82.440521,40.196983],[-82.443731,40.193744],[-82.444007,40.192421]]]}},{"type":"Feature","properties":{"zcta5":"43830","AFFGEOID10":"8600000US43830","GEOID10":"43830","ALAND10":131810079,"AWATER10":3207951,"county_name":"Licking","state_code":"OH","county_state":"Licking County, OH","county_fips":"39089","risk_level_county":"Lower Risk (80–84% vaccinated)","mean_vaccination_rate_county":83.43,"risk_level_zcta":"Higher Risk (60–69% vaccinated)","mean_vaccination_rate_zips":69.05,"cases":13},"geometry":{"type":"Polygon","coordinates":[[[-82.212021,40.137975],[-82.219149,40.138382],[-82.226622,40.136786],[-82.226344,40.140847],[-82.226871,40.141826],[-82.229068,40.142914],[-82.230677,40.142905],[-82.232444,40.141756],[-82.237668,40.143765],[-82.238945,40.143068],[-82.23959,40.141212],[-82.24068,40.140657],[-82.239269,40.138443],[-82.239342,40.134342],[-82.248598,40.132508],[-82.248442,40.13114],[-82.249328,40.126645],[-82.237187,40.124458],[-82.236882,40.123041],[-82.233936,40.122855],[-82.236066,40.118504],[-82.238026,40.116432],[-82.242401,40.114026],[-82.246798,40.112987],[-82.2473,40.103931],[-82.228253,40.103759],[-82.228467,40.10061],[-82.232531,40.098489],[-82.233718,40.096298],[-82.238222,40.092699],[-82.24792,40.092828],[-82.248488,40.078128],[-82.249534,40.077195],[-82.248873,40.075807],[-82.242807,40.077567],[-82.239995,40.077212],[-82.240118,40.075848],[-82.237262,40.075086],[-82.232243,40.075643],[-82.227162,40.075802],[-82.227698,40.066083],[-82.226221,40.063336],[-82.224331,40.058534],[-82.22039,40.056973],[-82.217046,40.056825],[-82.216849,40.055562],[-82.215327,40.055778],[-82.211952,40.054825],[-82.211673,40.055678],[-82.210648,40.054233],[-82.208974,40.054894],[-82.209443,40.053541],[-82.198737,40.055392],[-82.195552,40.055427],[-82.192973,40.054827],[-82.195103,40.010362],[-82.190542,40.013532],[-82.186591,40.014357],[-82.183245,40.016353],[-82.181431,40.015527],[-82.177652,40.015045],[-82.176243,40.015524],[-82.173607,40.015169],[-82.169418,40.015863],[-82.167343,40.016711],[-82.168394,40.019959],[-82.13967,40.018932],[-82.124862,40.018332],[-82.124862,40.025079],[-82.123568,40.024421],[-82.122513,40.017805],[-82.120893,40.012125],[-82.113332,40.005124],[-82.113424,40.002819],[-82.111825,40.000946],[-82.110162,40.000067],[-82.108439,39.999841],[-82.101781,40.001392],[-82.093499,40.001407],[-82.088288,40.002513],[-82.086463,40.004919],[-82.086453,40.007559],[-82.088361,40.013164],[-82.091277,40.01641],[-82.091076,40.018272],[-82.091955,40.021232],[-82.093331,40.022753],[-82.092749,40.026242],[-82.091204,40.022534],[-82.089538,40.022845],[-82.088908,40.025547],[-82.087096,40.028415],[-82.086882,40.032781],[-82.084766,40.032833],[-82.082353,40.032075],[-82.08018,40.03219],[-82.076214,40.034523],[-82.076323,40.031061],[-82.075383,40.029782],[-82.070507,40.027432],[-82.071224,40.018397],[-82.07063,40.017246],[-82.041142,40.016306],[-82.038707,40.016198],[-82.028578,40.015844],[-82.027163,40.023153],[-82.026039,40.029102],[-82.025532,40.037798],[-82.024734,40.037779],[-82.024205,40.045086],[-82.022507,40.051448],[-82.020243,40.052054],[-82.019719,40.055961],[-82.020927,40.057223],[-82.021764,40.059447],[-82.024099,40.061762],[-82.027041,40.063243],[-82.027722,40.064745],[-82.029522,40.065343],[-82.031279,40.066956],[-82.035349,40.068025],[-82.036921,40.066701],[-82.038271,40.06642],[-82.050645,40.066669],[-82.054234,40.065615],[-82.055747,40.064236],[-82.059413,40.0625],[-82.059853,40.059775],[-82.060763,40.061939],[-82.067368,40.060155],[-82.078092,40.060567],[-82.078756,40.061761],[-82.078918,40.066522],[-82.079797,40.069259],[-82.079976,40.073211],[-82.080618,40.07508],[-82.081907,40.076628],[-82.083882,40.080003],[-82.088867,40.084406],[-82.09067,40.083825],[-82.092533,40.079096],[-82.093473,40.077649],[-82.097545,40.073539],[-82.1015,40.071207],[-82.103171,40.06951],[-82.1074,40.066498],[-82.114382,40.062578],[-82.117034,40.062589],[-82.118569,40.063887],[-82.119006,40.066368],[-82.118249,40.069357],[-82.117279,40.070452],[-82.115531,40.077095],[-82.116531,40.080548],[-82.115122,40.085054],[-82.115362,40.086353],[-82.123085,40.08493],[-82.131877,40.083756],[-82.133381,40.08042],[-82.133628,40.075905],[-82.134954,40.075934],[-82.135961,40.078177],[-82.139285,40.08274],[-82.157798,40.080234],[-82.158178,40.084689],[-82.158035,40.090667],[-82.154883,40.098735],[-82.153041,40.099964],[-82.150351,40.100423],[-82.175308,40.103786],[-82.169678,40.098964],[-82.169611,40.097445],[-82.17137,40.096177],[-82.174417,40.095787],[-82.175374,40.094969],[-82.188621,40.095277],[-82.190959,40.091144],[-82.189343,40.122133],[-82.194054,40.126476],[-82.197614,40.131385],[-82.199042,40.134108],[-82.200949,40.135558],[-82.207398,40.138638],[-82.212021,40.137975]]]}},{"type":"Feature","properties":{"zcta5":"43056","AFFGEOID10":"8600000US43056","GEOID10":"43056","ALAND10":222435996,"AWATER10":1884167,"county_name":"Licking","state_code":"OH","county_state":"Licking County, OH","county_fips":"39089","risk_level_county":"Lower Risk (80–84% vaccinated)","mean_vaccination_rate_county":83.43,"risk_level_zcta":"Medium Risk (70–79% vaccinated)","mean_vaccination_rate_zips":71.16,"cases":13},"geometry":{"type":"Polygon","coordinates":[[[-82.48018,40.026073],[-82.48061,40.020124],[-82.506785,40.020899],[-82.507309,40.017569],[-82.502353,40.017515],[-82.502327,40.013503],[-82.497519,40.013536],[-82.497642,40.006216],[-82.502088,40.008407],[-82.502469,40.000702],[-82.482097,39.999758],[-82.482611,39.993447],[-82.478949,39.992658],[-82.479276,39.991917],[-82.480024,39.991054],[-82.480312,39.991011],[-82.481432,39.990471],[-82.481064,39.990027],[-82.482941,39.988253],[-82.48488,39.987144],[-82.48475,39.986276],[-82.480982,39.986385],[-82.47864,39.985848],[-82.476292,39.986682],[-82.472832,39.986027],[-82.471415,39.984799],[-82.470908,39.983057],[-82.473505,39.979585],[-82.470536,39.978978],[-82.468803,39.976937],[-82.4675,39.97373],[-82.467713,39.972309],[-82.470355,39.970879],[-82.472772,39.971658],[-82.473823,39.970722],[-82.473669,39.969553],[-82.471646,39.968506],[-82.469309,39.968005],[-82.469042,39.966852],[-82.466957,39.966849],[-82.46553,39.962796],[-82.461086,39.962536],[-82.460645,39.966558],[-82.456658,39.970055],[-82.454847,39.973729],[-82.453052,39.975415],[-82.450455,39.976527],[-82.448321,39.978289],[-82.446562,39.976868],[-82.439978,39.975181],[-82.436534,39.972958],[-82.426973,39.97245],[-82.42339,39.969615],[-82.421279,39.968501],[-82.418178,39.968344],[-82.418939,39.960822],[-82.415683,39.965032],[-82.413418,39.964483],[-82.413989,39.959429],[-82.410325,39.959283],[-82.40502,39.982744],[-82.39457,39.982056],[-82.394523,39.986093],[-82.392888,39.985559],[-82.391918,39.98417],[-82.390519,39.983988],[-82.388364,39.982378],[-82.386445,39.982171],[-82.383011,39.979373],[-82.381471,39.980106],[-82.372591,39.979527],[-82.371948,39.979121],[-82.372525,39.977311],[-82.375198,39.974555],[-82.376978,39.971902],[-82.378404,39.971152],[-82.378686,39.969613],[-82.376959,39.967016],[-82.374422,39.965421],[-82.37487,39.964368],[-82.374705,39.958015],[-82.36925,39.958663],[-82.371684,39.959479],[-82.354484,39.962239],[-82.349293,39.95686],[-82.348168,39.956095],[-82.336124,39.955464],[-82.336159,39.954776],[-82.332269,39.954443],[-82.33047,39.955257],[-82.312877,39.954674],[-82.303347,39.953775],[-82.294499,39.95348],[-82.293634,39.965033],[-82.292954,39.974509],[-82.288494,39.970915],[-82.289,39.967973],[-82.288529,39.966369],[-82.288377,39.966043],[-82.287889,39.965297],[-82.284983,39.98548],[-82.283851,39.9862],[-82.285057,39.988947],[-82.266019,39.988148],[-82.262527,39.989498],[-82.261156,39.98877],[-82.258633,39.989207],[-82.256277,39.97314],[-82.242692,39.979227],[-82.242401,39.98153],[-82.240028,39.980876],[-82.238701,39.982334],[-82.236444,39.98006],[-82.234386,39.979049],[-82.234306,39.975774],[-82.233247,39.972284],[-82.233494,39.970074],[-82.232632,39.969462],[-82.231476,39.965918],[-82.226219,39.965584],[-82.226549,39.959815],[-82.229433,39.960211],[-82.229149,39.957281],[-82.226522,39.956046],[-82.225037,39.954075],[-82.225828,39.951049],[-82.224175,39.951043],[-82.224431,39.954692],[-82.223003,39.954273],[-82.217509,39.955456],[-82.215411,39.956384],[-82.214281,39.956098],[-82.212861,39.96691],[-82.212259,39.969381],[-82.212734,39.975002],[-82.211711,39.978763],[-82.211648,39.982285],[-82.208893,39.983832],[-82.206252,39.983991],[-82.205755,39.990578],[-82.204014,39.993604],[-82.203764,39.997311],[-82.204132,39.999432],[-82.198389,40.007199],[-82.195103,40.010362],[-82.192973,40.054827],[-82.195552,40.055427],[-82.198737,40.055392],[-82.209443,40.053541],[-82.208974,40.054894],[-82.210648,40.054233],[-82.211673,40.055678],[-82.211952,40.054825],[-82.215327,40.055778],[-82.216849,40.055562],[-82.217046,40.056825],[-82.22039,40.056973],[-82.221282,40.055072],[-82.222618,40.054319],[-82.226091,40.053917],[-82.226857,40.053194],[-82.230085,40.052669],[-82.232358,40.04947],[-82.235477,40.048321],[-82.239143,40.049873],[-82.244082,40.055157],[-82.245493,40.05599],[-82.249152,40.056429],[-82.252231,40.056094],[-82.255334,40.057085],[-82.258969,40.058918],[-82.26195,40.058253],[-82.263672,40.059264],[-82.265744,40.062499],[-82.267562,40.063103],[-82.271374,40.061931],[-82.275432,40.059969],[-82.275641,40.061853],[-82.276519,40.062589],[-82.282421,40.060565],[-82.288424,40.060688],[-82.291534,40.066502],[-82.291587,40.068008],[-82.294011,40.068318],[-82.294832,40.069274],[-82.298359,40.069234],[-82.301028,40.068779],[-82.308459,40.067521],[-82.315429,40.065865],[-82.315411,40.065333],[-82.318322,40.064629],[-82.336404,40.061837],[-82.339432,40.061781],[-82.338995,40.059607],[-82.339985,40.060615],[-82.342566,40.060684],[-82.343751,40.061591],[-82.345642,40.061767],[-82.347689,40.061195],[-82.350164,40.059295],[-82.350443,40.058383],[-82.348254,40.056629],[-82.348575,40.055108],[-82.350021,40.053982],[-82.352396,40.053283],[-82.362043,40.052588],[-82.370861,40.052611],[-82.374841,40.052773],[-82.380379,40.05243],[-82.38404,40.050717],[-82.387944,40.050724],[-82.38893,40.047801],[-82.391754,40.045957],[-82.392283,40.046182],[-82.393549,40.042931],[-82.392567,40.041421],[-82.393952,40.042825],[-82.393932,40.040636],[-82.40154,40.040647],[-82.413308,40.041589],[-82.418816,40.042093],[-82.426787,40.042288],[-82.432521,40.042845],[-82.43351,40.040519],[-82.436674,40.04069],[-82.442318,40.0415],[-82.44212,40.043736],[-82.468053,40.035565],[-82.473918,40.035806],[-82.474034,40.033714],[-82.479743,40.031939],[-82.480146,40.026589],[-82.48018,40.026073]]]}},{"type":"Feature","properties":{"zcta5":"43054","AFFGEOID10":"8600000US43054","GEOID10":"43054","ALAND10":51909500,"AWATER10":665594,"county_name":"Licking","state_code":"OH","county_state":"Licking County, OH","county_fips":"39089","risk_level_county":"Lower Risk (80–84% vaccinated)","mean_vaccination_rate_county":83.43,"risk_level_zcta":"Medium Risk (70–79% vaccinated)","mean_vaccination_rate_zips":78.52,"cases":13},"geometry":{"type":"Polygon","coordinates":[[[-82.862012,40.078854],[-82.862774,40.068172],[-82.86024,40.068092],[-82.860303,40.066313],[-82.861552,40.066187],[-82.861545,40.064448],[-82.850668,40.064019],[-82.850584,40.065207],[-82.848142,40.06518],[-82.847934,40.063911],[-82.841003,40.063553],[-82.840998,40.066002],[-82.840139,40.063303],[-82.839766,40.064711],[-82.837187,40.064713],[-82.837208,40.062885],[-82.834552,40.062762],[-82.835058,40.060518],[-82.833453,40.060226],[-82.836417,40.05815],[-82.836296,40.06131],[-82.837517,40.061688],[-82.842033,40.061729],[-82.843899,40.059797],[-82.84349,40.059252],[-82.840232,40.058894],[-82.839867,40.055985],[-82.840879,40.054344],[-82.839332,40.054275],[-82.839705,40.050502],[-82.837602,40.047875],[-82.836492,40.047636],[-82.836551,40.043139],[-82.822641,40.04241],[-82.820339,40.043902],[-82.819367,40.044131],[-82.807858,40.043585],[-82.807698,40.04357],[-82.804886,40.044999],[-82.804128,40.046027],[-82.804108,40.046152],[-82.80418,40.046341],[-82.80429,40.046423],[-82.804519,40.04637],[-82.804892,40.04641],[-82.805003,40.046959],[-82.805163,40.04719],[-82.80552,40.047357],[-82.805791,40.0474],[-82.805999,40.047547],[-82.806132,40.047794],[-82.805589,40.048459],[-82.78742,40.047368],[-82.787593,40.042568],[-82.786581,40.042832],[-82.785637,40.043079],[-82.783389,40.043462],[-82.78178,40.044741],[-82.782385,40.04525],[-82.777247,40.050886],[-82.777549,40.04664],[-82.767898,40.046273],[-82.767483,40.051028],[-82.765619,40.083618],[-82.764596,40.095762],[-82.763656,40.097691],[-82.762592,40.106449],[-82.763095,40.112026],[-82.761827,40.125855],[-82.78107,40.126764],[-82.781644,40.119046],[-82.791375,40.119268],[-82.791559,40.116656],[-82.803469,40.114035],[-82.805925,40.116626],[-82.808397,40.11572],[-82.810969,40.116314],[-82.811258,40.112814],[-82.816034,40.113041],[-82.812782,40.108835],[-82.811516,40.108642],[-82.81164,40.107065],[-82.821305,40.107487],[-82.82088,40.112943],[-82.822261,40.113225],[-82.824569,40.111651],[-82.82715,40.111808],[-82.827248,40.112837],[-82.829718,40.113504],[-82.830581,40.112955],[-82.83153,40.100798],[-82.833885,40.100929],[-82.834032,40.099104],[-82.83755,40.099277],[-82.83707,40.095678],[-82.838439,40.095734],[-82.838724,40.092148],[-82.836554,40.092056],[-82.836289,40.090082],[-82.846051,40.086573],[-82.845668,40.084272],[-82.844442,40.082588],[-82.843434,40.079319],[-82.84841,40.078856],[-82.854902,40.078603],[-82.862012,40.078854]]]}},{"type":"Feature","properties":{"zcta5":"43001","AFFGEOID10":"8600000US43001","GEOID10":"43001","ALAND10":68745479,"AWATER10":500601,"county_name":"Licking","state_code":"OH","county_state":"Licking County, OH","county_fips":"39089","risk_level_county":"Lower Risk (80–84% vaccinated)","mean_vaccination_rate_county":83.43,"risk_level_zcta":"Higher Risk (60–69% vaccinated)","mean_vaccination_rate_zips":60.43,"cases":13},"geometry":{"type":"Polygon","coordinates":[[[-82.666467,40.103667],[-82.666983,40.096459],[-82.662336,40.095977],[-82.66312,40.087265],[-82.664411,40.083261],[-82.666116,40.080707],[-82.666732,40.075676],[-82.659875,40.075238],[-82.659945,40.073359],[-82.643989,40.062422],[-82.645152,40.044909],[-82.613805,40.043622],[-82.595177,40.042755],[-82.59503,40.044657],[-82.590184,40.045417],[-82.588127,40.047449],[-82.583147,40.0479],[-82.582426,40.049273],[-82.580032,40.050767],[-82.57806,40.051053],[-82.577503,40.051943],[-82.574888,40.052619],[-82.573059,40.054673],[-82.570823,40.055738],[-82.57053,40.056919],[-82.568215,40.057929],[-82.5682,40.059352],[-82.566014,40.059527],[-82.562805,40.061784],[-82.563127,40.065282],[-82.561426,40.066941],[-82.561542,40.069862],[-82.566181,40.070703],[-82.571297,40.071297],[-82.567349,40.120007],[-82.561884,40.119691],[-82.561872,40.120892],[-82.556255,40.120386],[-82.556047,40.122941],[-82.559247,40.123187],[-82.560402,40.125652],[-82.562491,40.126272],[-82.564816,40.130248],[-82.566283,40.132052],[-82.567142,40.124912],[-82.56726,40.12126],[-82.572196,40.121498],[-82.591841,40.121184],[-82.610431,40.132275],[-82.614323,40.134894],[-82.620192,40.137774],[-82.619914,40.143518],[-82.637574,40.14359],[-82.637014,40.142713],[-82.635375,40.136294],[-82.635515,40.133079],[-82.636877,40.120464],[-82.651112,40.121147],[-82.649155,40.117975],[-82.64671,40.113135],[-82.645326,40.111269],[-82.646416,40.109692],[-82.648187,40.109844],[-82.650287,40.112899],[-82.655574,40.115203],[-82.658085,40.115204],[-82.660621,40.115853],[-82.661266,40.109386],[-82.66605,40.109513],[-82.666467,40.103667]]]}},{"type":"Feature","properties":{"zcta5":"43822","AFFGEOID10":"8600000US43822","GEOID10":"43822","ALAND10":227607480,"AWATER10":129560,"county_name":"Licking","state_code":"OH","county_state":"Licking County, OH","county_fips":"39089","risk_level_county":"Lower Risk (80–84% vaccinated)","mean_vaccination_rate_county":83.43,"risk_level_zcta":"Medium Risk (70–79% vaccinated)","mean_vaccination_rate_zips":74.87,"cases":13},"geometry":{"type":"MultiPolygon","coordinates":[[[[-82.272217,40.276236],[-82.267823,40.276433],[-82.267058,40.275192],[-82.266892,40.272697],[-82.268419,40.272457],[-82.26895,40.270958],[-82.273323,40.271536],[-82.274887,40.270339],[-82.274959,40.268763],[-82.276179,40.267544],[-82.280193,40.268298],[-82.28129,40.268133],[-82.281957,40.266673],[-82.281498,40.266058],[-82.281793,40.26373],[-82.280869,40.262653],[-82.280289,40.26011],[-82.280377,40.256206],[-82.277625,40.254223],[-82.275922,40.250406],[-82.27409,40.24977],[-82.270106,40.249253],[-82.268877,40.247579],[-82.26906,40.246313],[-82.268112,40.245447],[-82.264819,40.243886],[-82.26477,40.241116],[-82.263904,40.240168],[-82.252593,40.240129],[-82.253974,40.238435],[-82.253687,40.237289],[-82.251882,40.23745],[-82.25047,40.234962],[-82.250934,40.234125],[-82.253842,40.234028],[-82.25707,40.233464],[-82.26162,40.230919],[-82.264874,40.230705],[-82.267413,40.228712],[-82.269999,40.229946],[-82.273847,40.232298],[-82.277724,40.233966],[-82.28098,40.23378],[-82.281019,40.223463],[-82.28124,40.22269],[-82.281318,40.210106],[-82.259523,40.211474],[-82.259406,40.206458],[-82.260289,40.199445],[-82.268889,40.199407],[-82.266926,40.198824],[-82.262332,40.198788],[-82.262437,40.196376],[-82.265133,40.191739],[-82.263484,40.191727],[-82.253125,40.173241],[-82.253287,40.169388],[-82.242814,40.169039],[-82.242149,40.167868],[-82.241322,40.163363],[-82.241268,40.160065],[-82.234443,40.159306],[-82.230318,40.160095],[-82.227792,40.159773],[-82.226562,40.157857],[-82.222378,40.154881],[-82.220826,40.152936],[-82.218093,40.152984],[-82.216608,40.147691],[-82.218745,40.147558],[-82.217162,40.143596],[-82.215767,40.143888],[-82.214242,40.142143],[-82.212021,40.137975],[-82.207398,40.138638],[-82.200949,40.135558],[-82.199042,40.134108],[-82.197614,40.131385],[-82.194054,40.126476],[-82.189343,40.122133],[-82.190959,40.091144],[-82.188621,40.095277],[-82.175374,40.094969],[-82.174417,40.095787],[-82.17137,40.096177],[-82.169611,40.097445],[-82.169678,40.098964],[-82.175308,40.103786],[-82.150351,40.100423],[-82.153041,40.099964],[-82.154883,40.098735],[-82.158035,40.090667],[-82.158178,40.084689],[-82.157798,40.080234],[-82.139285,40.08274],[-82.135961,40.078177],[-82.134954,40.075934],[-82.133628,40.075905],[-82.133381,40.08042],[-82.131877,40.083756],[-82.123085,40.08493],[-82.115362,40.086353],[-82.115122,40.085054],[-82.116531,40.080548],[-82.115531,40.077095],[-82.117279,40.070452],[-82.118249,40.069357],[-82.119006,40.066368],[-82.118569,40.063887],[-82.117034,40.062589],[-82.114382,40.062578],[-82.1074,40.066498],[-82.103171,40.06951],[-82.1015,40.071207],[-82.097545,40.073539],[-82.093473,40.077649],[-82.092533,40.079096],[-82.09067,40.083825],[-82.088867,40.084406],[-82.088405,40.085376],[-82.088169,40.089556],[-82.093767,40.08973],[-82.093909,40.091609],[-82.090096,40.092578],[-82.089259,40.094718],[-82.089553,40.096343],[-82.096198,40.097575],[-82.095417,40.111711],[-82.093895,40.113715],[-82.09147,40.115224],[-82.090448,40.116526],[-82.090719,40.120374],[-82.089949,40.121368],[-82.085186,40.123442],[-82.083415,40.124903],[-82.078778,40.125881],[-82.075355,40.127748],[-82.071539,40.131437],[-82.069989,40.132034],[-82.061794,40.133929],[-82.054394,40.134991],[-82.04825,40.135513],[-82.048909,40.137039],[-82.038891,40.138946],[-82.038814,40.139825],[-82.041369,40.140471],[-82.042155,40.142074],[-82.039951,40.142081],[-82.039527,40.143513],[-82.037573,40.144198],[-82.039272,40.144568],[-82.039264,40.146804],[-82.037681,40.146086],[-82.037655,40.147924],[-82.039118,40.149621],[-82.036996,40.150305],[-82.036646,40.151601],[-82.037581,40.152678],[-82.04019,40.152479],[-82.057347,40.150147],[-82.066815,40.149552],[-82.070747,40.148692],[-82.075336,40.152833],[-82.077871,40.157564],[-82.0816,40.158521],[-82.08554,40.157885],[-82.086232,40.160986],[-82.087197,40.161705],[-82.093016,40.162337],[-82.092981,40.162579],[-82.092882,40.164093],[-82.091063,40.166487],[-82.089282,40.169961],[-82.092461,40.171373],[-82.091737,40.185893],[-82.08897,40.186571],[-82.088454,40.19401],[-82.090325,40.198494],[-82.091848,40.19939],[-82.100533,40.199624],[-82.100172,40.201828],[-82.101464,40.203198],[-82.102461,40.205944],[-82.101922,40.208817],[-82.100799,40.210878],[-82.118106,40.211408],[-82.117017,40.21987],[-82.117105,40.221739],[-82.118315,40.223545],[-82.118039,40.228629],[-82.124082,40.228857],[-82.125288,40.229685],[-82.128955,40.226867],[-82.131848,40.225498],[-82.136395,40.22544],[-82.138176,40.223228],[-82.140785,40.21856],[-82.143521,40.216516],[-82.146175,40.216387],[-82.159202,40.233351],[-82.161487,40.230479],[-82.164164,40.229618],[-82.164037,40.226567],[-82.165463,40.225752],[-82.167026,40.223134],[-82.170202,40.220453],[-82.172257,40.217319],[-82.179846,40.217626],[-82.180797,40.21996],[-82.179752,40.223849],[-82.183611,40.225891],[-82.182823,40.238624],[-82.195911,40.239071],[-82.195411,40.250908],[-82.199586,40.250754],[-82.198562,40.254996],[-82.19943,40.257016],[-82.20105,40.258834],[-82.201785,40.261432],[-82.203931,40.263977],[-82.205569,40.266864],[-82.207452,40.268419],[-82.209908,40.271506],[-82.2136,40.270875],[-82.217753,40.270773],[-82.21745,40.272355],[-82.219901,40.271297],[-82.223026,40.272383],[-82.223067,40.281154],[-82.225874,40.283409],[-82.232397,40.28646],[-82.235556,40.286949],[-82.242497,40.286979],[-82.255382,40.285993],[-82.259939,40.285131],[-82.268991,40.285403],[-82.278031,40.28476],[-82.28071,40.283536],[-82.278215,40.2814],[-82.275118,40.281305],[-82.273347,40.280498],[-82.271979,40.277988],[-82.272217,40.276236]],[[-82.223026,40.272383],[-82.223048,40.271457],[-82.22345,40.262063],[-82.226661,40.26414],[-82.2316,40.268832],[-82.232985,40.271187],[-82.233021,40.272606],[-82.232879,40.273089],[-82.228978,40.272513],[-82.223749,40.272408],[-82.223026,40.272383]]],[[[-82.285628,40.203112],[-82.285778,40.20001],[-82.281449,40.200114],[-82.268889,40.199407],[-82.273418,40.202301],[-82.276178,40.202477],[-82.283203,40.202457],[-82.284338,40.202924],[-82.285628,40.203112]]]]}},{"type":"Feature","properties":{"zcta5":"43746","AFFGEOID10":"8600000US43746","GEOID10":"43746","ALAND10":54447569,"AWATER10":43130,"county_name":"Licking","state_code":"OH","county_state":"Licking County, OH","county_fips":"39089","risk_level_county":"Lower Risk (80–84% vaccinated)","mean_vaccination_rate_county":83.43,"risk_level_zcta":"Medium Risk (70–79% vaccinated)","mean_vaccination_rate_zips":78.5,"cases":13},"geometry":{"type":"Polygon","coordinates":[[[-82.222272,39.948626],[-82.222424,39.94445],[-82.216502,39.944552],[-82.213059,39.943988],[-82.204621,39.941299],[-82.204735,39.938975],[-82.200735,39.939271],[-82.199461,39.939799],[-82.196275,39.936369],[-82.192815,39.935184],[-82.190071,39.933734],[-82.186795,39.930445],[-82.187537,39.926041],[-82.188557,39.924069],[-82.188129,39.922559],[-82.186745,39.921362],[-82.186936,39.919786],[-82.18312,39.921192],[-82.176534,39.924565],[-82.175059,39.92478],[-82.16873,39.924362],[-82.168487,39.922358],[-82.16738,39.923282],[-82.164172,39.924115],[-82.159629,39.924115],[-82.157519,39.923011],[-82.155393,39.922951],[-82.151235,39.925397],[-82.150316,39.926481],[-82.148454,39.926941],[-82.147645,39.930648],[-82.144077,39.936851],[-82.14069,39.938535],[-82.139872,39.945391],[-82.141494,39.949211],[-82.142511,39.94938],[-82.145348,39.951905],[-82.145659,39.952656],[-82.145452,39.956683],[-82.148702,39.957152],[-82.150738,39.957042],[-82.151878,39.959879],[-82.151469,39.964523],[-82.14777,39.967137],[-82.146371,39.96957],[-82.147031,39.971772],[-82.145919,39.974702],[-82.145056,39.978134],[-82.142997,39.981493],[-82.139402,39.985038],[-82.138949,39.986054],[-82.140143,39.990776],[-82.139549,39.994545],[-82.140813,39.999256],[-82.142602,40.003091],[-82.136157,40.002956],[-82.135296,40.004927],[-82.134072,40.006088],[-82.138748,40.008132],[-82.139147,40.00925],[-82.138768,40.015752],[-82.13967,40.018932],[-82.168394,40.019959],[-82.167343,40.016711],[-82.169418,40.015863],[-82.173607,40.015169],[-82.176243,40.015524],[-82.177652,40.015045],[-82.181431,40.015527],[-82.183245,40.016353],[-82.186591,40.014357],[-82.190542,40.013532],[-82.195103,40.010362],[-82.198389,40.007199],[-82.204132,39.999432],[-82.203764,39.997311],[-82.204014,39.993604],[-82.205755,39.990578],[-82.206252,39.983991],[-82.208893,39.983832],[-82.211648,39.982285],[-82.211711,39.978763],[-82.212734,39.975002],[-82.212259,39.969381],[-82.212861,39.96691],[-82.214281,39.956098],[-82.214813,39.9548],[-82.212069,39.952025],[-82.204722,39.953343],[-82.198562,39.955027],[-82.198772,39.95014],[-82.211921,39.950738],[-82.216283,39.949358],[-82.222272,39.948626]]]}},{"type":"Feature","properties":{"zcta5":"43760","AFFGEOID10":"8600000US43760","GEOID10":"43760","ALAND10":89791443,"AWATER10":153265,"county_name":"Licking","state_code":"OH","county_state":"Licking County, OH","county_fips":"39089","risk_level_county":"Lower Risk (80–84% vaccinated)","mean_vaccination_rate_county":83.43,"risk_level_zcta":"Medium Risk (70–79% vaccinated)","mean_vaccination_rate_zips":73.4,"cases":13},"geometry":{"type":"Polygon","coordinates":[[[-82.256277,39.97314],[-82.253147,39.951799],[-82.251393,39.948371],[-82.251187,39.94645],[-82.245798,39.946602],[-82.246239,39.949519],[-82.246117,39.951568],[-82.231695,39.951075],[-82.23168,39.947586],[-82.233735,39.920577],[-82.233974,39.91326],[-82.243579,39.913696],[-82.244345,39.903995],[-82.240283,39.900544],[-82.238342,39.896138],[-82.236673,39.894475],[-82.236406,39.891827],[-82.236681,39.891244],[-82.243867,39.891504],[-82.244385,39.888103],[-82.248007,39.885789],[-82.25121,39.886613],[-82.252157,39.872617],[-82.244981,39.877133],[-82.24119,39.878035],[-82.239079,39.877495],[-82.236885,39.876216],[-82.23684,39.875068],[-82.23782,39.86072],[-82.228635,39.86019],[-82.229069,39.854687],[-82.227809,39.852672],[-82.22996,39.84772],[-82.22913,39.845616],[-82.228485,39.83829],[-82.230221,39.835462],[-82.231805,39.834415],[-82.23867,39.831632],[-82.240525,39.830175],[-82.240988,39.824521],[-82.217999,39.823225],[-82.221582,39.821108],[-82.223324,39.819156],[-82.225383,39.814814],[-82.225518,39.813459],[-82.227794,39.813679],[-82.228305,39.809475],[-82.227763,39.803405],[-82.225208,39.801326],[-82.225895,39.802171],[-82.224928,39.805192],[-82.226024,39.805954],[-82.223868,39.807356],[-82.223228,39.80901],[-82.223656,39.810833],[-82.220295,39.811202],[-82.220057,39.812303],[-82.217533,39.812336],[-82.213748,39.813989],[-82.211729,39.814131],[-82.208362,39.812973],[-82.207594,39.813898],[-82.204657,39.815009],[-82.202252,39.817027],[-82.199824,39.820326],[-82.197565,39.822164],[-82.188746,39.821671],[-82.188058,39.828789],[-82.185971,39.827491],[-82.179217,39.836114],[-82.179446,39.836508],[-82.184423,39.838817],[-82.186983,39.841215],[-82.186678,39.84397],[-82.18861,39.844391],[-82.192689,39.846558],[-82.203831,39.856823],[-82.204373,39.857998],[-82.202625,39.8582],[-82.202312,39.85921],[-82.205149,39.862862],[-82.205192,39.864493],[-82.20272,39.867278],[-82.195087,39.867041],[-82.194337,39.86629],[-82.191729,39.866543],[-82.190425,39.86584],[-82.187996,39.867993],[-82.186741,39.868339],[-82.184895,39.867081],[-82.184011,39.865654],[-82.183034,39.865533],[-82.181175,39.867345],[-82.179614,39.867543],[-82.178109,39.866477],[-82.178915,39.865714],[-82.177212,39.864917],[-82.173277,39.866422],[-82.170627,39.868228],[-82.169023,39.868091],[-82.165903,39.866219],[-82.165786,39.867507],[-82.163176,39.868327],[-82.159079,39.867803],[-82.155819,39.868332],[-82.150107,39.866183],[-82.145573,39.865444],[-82.144848,39.862894],[-82.141694,39.860627],[-82.141397,39.857194],[-82.135141,39.856846],[-82.135195,39.855678],[-82.131644,39.855958],[-82.129381,39.856836],[-82.126549,39.855734],[-82.12565,39.855935],[-82.126333,39.861082],[-82.125967,39.862958],[-82.129243,39.863379],[-82.128341,39.873283],[-82.125186,39.873687],[-82.123421,39.872676],[-82.120982,39.872191],[-82.116947,39.872746],[-82.116207,39.876855],[-82.118404,39.87873],[-82.121815,39.879483],[-82.12409,39.881557],[-82.128267,39.882341],[-82.128852,39.882989],[-82.129529,39.886068],[-82.128921,39.887869],[-82.127622,39.889181],[-82.130544,39.891346],[-82.130535,39.893043],[-82.132543,39.896877],[-82.135718,39.897333],[-82.135493,39.900077],[-82.136603,39.901709],[-82.137025,39.903848],[-82.138623,39.905619],[-82.141138,39.905969],[-82.142167,39.907443],[-82.143839,39.908296],[-82.162372,39.909374],[-82.169636,39.90982],[-82.172346,39.913134],[-82.169985,39.913903],[-82.16808,39.918554],[-82.168487,39.922358],[-82.16873,39.924362],[-82.175059,39.92478],[-82.176534,39.924565],[-82.18312,39.921192],[-82.186936,39.919786],[-82.186745,39.921362],[-82.188129,39.922559],[-82.188557,39.924069],[-82.187537,39.926041],[-82.186795,39.930445],[-82.190071,39.933734],[-82.192815,39.935184],[-82.196275,39.936369],[-82.199461,39.939799],[-82.200735,39.939271],[-82.204735,39.938975],[-82.204621,39.941299],[-82.213059,39.943988],[-82.216502,39.944552],[-82.222424,39.94445],[-82.222272,39.948626],[-82.221638,39.950106],[-82.221957,39.95099],[-82.224175,39.951043],[-82.225828,39.951049],[-82.225037,39.954075],[-82.226522,39.956046],[-82.229149,39.957281],[-82.229433,39.960211],[-82.226549,39.959815],[-82.226219,39.965584],[-82.231476,39.965918],[-82.232632,39.969462],[-82.233494,39.970074],[-82.233247,39.972284],[-82.234306,39.975774],[-82.234386,39.979049],[-82.236444,39.98006],[-82.238701,39.982334],[-82.240028,39.980876],[-82.242401,39.98153],[-82.242692,39.979227],[-82.256277,39.97314]]]}},{"type":"Feature","properties":{"zcta5":"43147","AFFGEOID10":"8600000US43147","GEOID10":"43147","ALAND10":75483568,"AWATER10":83562,"county_name":"Licking","state_code":"OH","county_state":"Licking County, OH","county_fips":"39089","risk_level_county":"Lower Risk (80–84% vaccinated)","mean_vaccination_rate_county":83.43,"risk_level_zcta":"Medium Risk (70–79% vaccinated)","mean_vaccination_rate_zips":77.42,"cases":13},"geometry":{"type":"Polygon","coordinates":[[[-82.730558,39.944303],[-82.738957,39.944767],[-82.73997,39.944169],[-82.745577,39.937894],[-82.77287,39.939326],[-82.772984,39.937828],[-82.794724,39.93245],[-82.793659,39.929397],[-82.792753,39.928792],[-82.796977,39.928002],[-82.800905,39.925991],[-82.802495,39.925907],[-82.803495,39.913703],[-82.808132,39.912521],[-82.809682,39.91155],[-82.799054,39.911019],[-82.799406,39.907406],[-82.80234,39.907559],[-82.795197,39.904641],[-82.795895,39.896566],[-82.797498,39.884543],[-82.789003,39.884008],[-82.777868,39.883632],[-82.778507,39.876926],[-82.789565,39.877392],[-82.789802,39.873933],[-82.787374,39.873789],[-82.786192,39.87274],[-82.786377,39.87094],[-82.788811,39.871079],[-82.78889,39.870245],[-82.791222,39.870383],[-82.791526,39.86679],[-82.791584,39.866065],[-82.789043,39.865901],[-82.789338,39.862889],[-82.788679,39.862849],[-82.782591,39.862485],[-82.78235,39.86497],[-82.779647,39.864841],[-82.779535,39.866041],[-82.770607,39.865564],[-82.770431,39.861784],[-82.778755,39.862257],[-82.778795,39.861843],[-82.77064,39.861492],[-82.770873,39.859233],[-82.770671,39.859222],[-82.77072,39.858729],[-82.769307,39.858649],[-82.769361,39.857993],[-82.768788,39.857931],[-82.763281,39.857632],[-82.761525,39.857513],[-82.754858,39.857138],[-82.754806,39.85782],[-82.754398,39.857778],[-82.753774,39.858097],[-82.75223,39.858096],[-82.750982,39.858598],[-82.75027,39.8583],[-82.750093,39.85775],[-82.750181,39.856883],[-82.742396,39.856476],[-82.742853,39.860572],[-82.742644,39.862958],[-82.743707,39.863027],[-82.743566,39.864627],[-82.744633,39.864683],[-82.744589,39.867281],[-82.741778,39.867312],[-82.744967,39.871404],[-82.736212,39.87095],[-82.735686,39.876587],[-82.721502,39.869591],[-82.722752,39.855469],[-82.714586,39.855032],[-82.714053,39.8554],[-82.713023,39.854092],[-82.713082,39.85161],[-82.704078,39.851197],[-82.703918,39.853079],[-82.699207,39.852773],[-82.69975,39.846641],[-82.692042,39.846221],[-82.689935,39.875554],[-82.685567,39.875312],[-82.68502,39.880896],[-82.689489,39.881098],[-82.68814,39.897638],[-82.698334,39.898185],[-82.700081,39.898471],[-82.699524,39.905715],[-82.69939,39.907215],[-82.698926,39.913122],[-82.698142,39.92306],[-82.6854,39.926658],[-82.682066,39.927135],[-82.682293,39.929765],[-82.683288,39.931865],[-82.682727,39.933924],[-82.68444,39.934666],[-82.706624,39.935751],[-82.728908,39.936964],[-82.730713,39.937071],[-82.730652,39.939619],[-82.730558,39.944303]]]}},{"type":"Feature","properties":{"zcta5":"43023","AFFGEOID10":"8600000US43023","GEOID10":"43023","ALAND10":134319698,"AWATER10":830770,"county_name":"Licking","state_code":"OH","county_state":"Licking County, OH","county_fips":"39089","risk_level_county":"Lower Risk (80–84% vaccinated)","mean_vaccination_rate_county":83.43,"risk_level_zcta":"Medium Risk (70–79% vaccinated)","mean_vaccination_rate_zips":73.74,"cases":13},"geometry":{"type":"Polygon","coordinates":[[[-82.613805,40.043622],[-82.61554,40.041272],[-82.621173,40.034788],[-82.618071,40.034672],[-82.618068,40.032244],[-82.618821,40.02309],[-82.622181,40.02309],[-82.622766,40.018909],[-82.623723,40.018283],[-82.624153,40.01586],[-82.624276,40.013984],[-82.576356,40.011863],[-82.576968,40.003751],[-82.571964,40.003436],[-82.572277,39.997338],[-82.564669,39.999841],[-82.564636,39.997268],[-82.556864,39.99734],[-82.55644,40.002534],[-82.554717,40.002649],[-82.524137,40.001339],[-82.523814,40.004199],[-82.522621,40.009844],[-82.522858,40.01253],[-82.524262,40.017983],[-82.521036,40.018886],[-82.518715,40.018181],[-82.5171,40.019603],[-82.514156,40.020343],[-82.506709,40.021378],[-82.505922,40.023017],[-82.490071,40.028649],[-82.486035,40.027848],[-82.484942,40.026942],[-82.483177,40.027168],[-82.48018,40.026073],[-82.480146,40.026589],[-82.479743,40.031939],[-82.474034,40.033714],[-82.473918,40.035806],[-82.479425,40.036026],[-82.478988,40.037226],[-82.479102,40.03737],[-82.479092,40.040343],[-82.480404,40.040071],[-82.480009,40.045846],[-82.494335,40.046551],[-82.496631,40.047708],[-82.496549,40.049334],[-82.495236,40.049313],[-82.49491,40.052772],[-82.498919,40.053199],[-82.498672,40.056166],[-82.497999,40.056901],[-82.497797,40.056748],[-82.497232,40.057145],[-82.495622,40.057677],[-82.494916,40.05809],[-82.496039,40.058814],[-82.492013,40.058817],[-82.488294,40.058175],[-82.481234,40.055666],[-82.480873,40.059942],[-82.469667,40.056742],[-82.469139,40.064091],[-82.46797,40.063974],[-82.467945,40.065476],[-82.469302,40.066439],[-82.472353,40.066525],[-82.473933,40.065752],[-82.473626,40.071006],[-82.471989,40.071714],[-82.467874,40.072305],[-82.476647,40.072772],[-82.475463,40.088364],[-82.479863,40.088984],[-82.479975,40.091207],[-82.474964,40.094988],[-82.474329,40.103446],[-82.478021,40.105823],[-82.479459,40.107415],[-82.482306,40.107738],[-82.48549,40.109981],[-82.485256,40.111692],[-82.483471,40.111643],[-82.482333,40.112839],[-82.473729,40.112486],[-82.471159,40.140655],[-82.478564,40.145362],[-82.488753,40.145893],[-82.487416,40.14692],[-82.479556,40.154545],[-82.478681,40.154913],[-82.485371,40.162424],[-82.489611,40.161254],[-82.490972,40.16211],[-82.494659,40.163031],[-82.495218,40.163981],[-82.498319,40.164423],[-82.500772,40.16571],[-82.501909,40.167007],[-82.505172,40.168365],[-82.504717,40.154997],[-82.505494,40.154214],[-82.507998,40.155449],[-82.512488,40.155269],[-82.519642,40.155465],[-82.519997,40.152051],[-82.521598,40.152114],[-82.522369,40.148757],[-82.524112,40.148777],[-82.524755,40.144898],[-82.532068,40.145217],[-82.536772,40.145126],[-82.538797,40.14137],[-82.54347,40.141491],[-82.543222,40.145973],[-82.546145,40.146632],[-82.550326,40.149021],[-82.551935,40.151668],[-82.554455,40.151882],[-82.55668,40.141633],[-82.561155,40.142738],[-82.563922,40.140853],[-82.561218,40.137869],[-82.561784,40.136553],[-82.55861,40.130263],[-82.560268,40.129028],[-82.560402,40.125652],[-82.559247,40.123187],[-82.556047,40.122941],[-82.556255,40.120386],[-82.561872,40.120892],[-82.561884,40.119691],[-82.567349,40.120007],[-82.571297,40.071297],[-82.566181,40.070703],[-82.561542,40.069862],[-82.561426,40.066941],[-82.563127,40.065282],[-82.562805,40.061784],[-82.566014,40.059527],[-82.5682,40.059352],[-82.568215,40.057929],[-82.57053,40.056919],[-82.570823,40.055738],[-82.573059,40.054673],[-82.574888,40.052619],[-82.577503,40.051943],[-82.57806,40.051053],[-82.580032,40.050767],[-82.582426,40.049273],[-82.583147,40.0479],[-82.588127,40.047449],[-82.590184,40.045417],[-82.59503,40.044657],[-82.595177,40.042755],[-82.613805,40.043622]]]}},{"type":"Feature","properties":{"zcta5":"43013","AFFGEOID10":"8600000US43013","GEOID10":"43013","ALAND10":49779649,"AWATER10":111591,"county_name":"Licking","state_code":"OH","county_state":"Licking County, OH","county_fips":"39089","risk_level_county":"Lower Risk (80–84% vaccinated)","mean_vaccination_rate_county":83.43,"risk_level_zcta":"Higher Risk (60–69% vaccinated)","mean_vaccination_rate_zips":62.27,"cases":13},"geometry":{"type":"Polygon","coordinates":[[[-82.735887,40.260317],[-82.737041,40.24568],[-82.739759,40.24581],[-82.741189,40.247504],[-82.744837,40.248139],[-82.747685,40.246172],[-82.753153,40.246407],[-82.754062,40.232963],[-82.748369,40.232711],[-82.748745,40.22987],[-82.749348,40.229594],[-82.754392,40.228423],[-82.754643,40.225436],[-82.739857,40.208405],[-82.73987,40.208234],[-82.739399,40.207376],[-82.695568,40.20543],[-82.69427,40.2076],[-82.691165,40.20744],[-82.690688,40.213907],[-82.686916,40.213752],[-82.686646,40.216944],[-82.670632,40.216121],[-82.666013,40.216],[-82.662034,40.216804],[-82.656687,40.216799],[-82.651023,40.216236],[-82.65067,40.215019],[-82.649318,40.215256],[-82.649462,40.21213],[-82.64778,40.211328],[-82.647129,40.209763],[-82.634904,40.208964],[-82.622376,40.208497],[-82.622511,40.211405],[-82.61869,40.211298],[-82.614869,40.214596],[-82.616493,40.237993],[-82.620161,40.239554],[-82.620316,40.240635],[-82.622117,40.241677],[-82.62621,40.239673],[-82.626628,40.240779],[-82.62978,40.239941],[-82.637658,40.239243],[-82.636796,40.237533],[-82.637909,40.235616],[-82.641978,40.236035],[-82.642958,40.237661],[-82.64634,40.237602],[-82.647674,40.236553],[-82.651965,40.236642],[-82.654595,40.23499],[-82.65653,40.234799],[-82.658514,40.236501],[-82.657188,40.238494],[-82.657717,40.239702],[-82.659336,40.240296],[-82.664603,40.240362],[-82.665004,40.239363],[-82.668014,40.238249],[-82.669798,40.238447],[-82.672707,40.239847],[-82.673581,40.241143],[-82.673892,40.241847],[-82.6673,40.240982],[-82.654367,40.240313],[-82.652381,40.272971],[-82.671698,40.273798],[-82.672398,40.264403],[-82.674401,40.262809],[-82.67894,40.255263],[-82.680626,40.251661],[-82.681148,40.248649],[-82.682692,40.247065],[-82.691177,40.247235],[-82.689924,40.244148],[-82.687861,40.241042],[-82.688278,40.238961],[-82.697679,40.23915],[-82.703599,40.238743],[-82.707288,40.238792],[-82.707128,40.241119],[-82.708074,40.24186],[-82.709901,40.241195],[-82.712259,40.242738],[-82.711858,40.251882],[-82.716318,40.258332],[-82.715399,40.259402],[-82.735887,40.260317]]]}},{"type":"Feature","properties":{"zcta5":"43739","AFFGEOID10":"8600000US43739","GEOID10":"43739","ALAND10":82521564,"AWATER10":334787,"county_name":"Licking","state_code":"OH","county_state":"Licking County, OH","county_fips":"39089","risk_level_county":"Lower Risk (80–84% vaccinated)","mean_vaccination_rate_county":83.43,"risk_level_zcta":"Higher Risk (60–69% vaccinated)","mean_vaccination_rate_zips":68.24,"cases":13},"geometry":{"type":"MultiPolygon","coordinates":[[[[-82.288529,39.966369],[-82.289,39.967973],[-82.288494,39.970915],[-82.292954,39.974509],[-82.293634,39.965033],[-82.292594,39.964576],[-82.290958,39.964727],[-82.289634,39.964483],[-82.28908,39.96487],[-82.289155,39.965913],[-82.289077,39.966167],[-82.288529,39.966369]]],[[[-82.288377,39.966043],[-82.287922,39.965175],[-82.288385,39.962349],[-82.285317,39.960402],[-82.293059,39.956985],[-82.291365,39.956398],[-82.28746,39.954091],[-82.285765,39.951618],[-82.294337,39.952451],[-82.294959,39.950635],[-82.296618,39.952706],[-82.298318,39.952884],[-82.298256,39.951749],[-82.307948,39.951951],[-82.308114,39.94927],[-82.309344,39.94927],[-82.310031,39.940557],[-82.318428,39.941029],[-82.318638,39.939015],[-82.311286,39.93842],[-82.288408,39.93741],[-82.288614,39.935885],[-82.290724,39.934153],[-82.294326,39.933181],[-82.298056,39.930952],[-82.319271,39.93182],[-82.319403,39.93006],[-82.317704,39.926498],[-82.318452,39.922825],[-82.318151,39.920295],[-82.316947,39.91678],[-82.336898,39.918004],[-82.337113,39.915723],[-82.333131,39.914198],[-82.331069,39.911474],[-82.327981,39.909077],[-82.333843,39.909251],[-82.332757,39.908571],[-82.331441,39.906201],[-82.332476,39.893922],[-82.330914,39.892528],[-82.331641,39.890644],[-82.332447,39.891429],[-82.334956,39.891621],[-82.342626,39.889664],[-82.342727,39.888907],[-82.347117,39.889197],[-82.348176,39.890049],[-82.355343,39.891338],[-82.357503,39.891292],[-82.357587,39.886243],[-82.356563,39.883272],[-82.358529,39.876564],[-82.35895,39.872049],[-82.353717,39.871825],[-82.355184,39.855197],[-82.348451,39.856767],[-82.344856,39.857194],[-82.341986,39.85945],[-82.334547,39.859067],[-82.32065,39.85884],[-82.319326,39.857446],[-82.316701,39.852061],[-82.3163,39.854121],[-82.314827,39.854935],[-82.307875,39.853737],[-82.29721,39.85334],[-82.2965,39.861085],[-82.294628,39.862526],[-82.290745,39.869226],[-82.286483,39.869115],[-82.285973,39.867396],[-82.286284,39.863895],[-82.283076,39.86375],[-82.283824,39.866105],[-82.282469,39.867455],[-82.281938,39.869526],[-82.27916,39.870774],[-82.269571,39.870594],[-82.267737,39.869389],[-82.266308,39.864796],[-82.263814,39.864682],[-82.262767,39.862753],[-82.257825,39.862484],[-82.254787,39.861505],[-82.253183,39.861685],[-82.24959,39.860508],[-82.248383,39.861942],[-82.249389,39.865363],[-82.252263,39.870471],[-82.252157,39.872617],[-82.25121,39.886613],[-82.248007,39.885789],[-82.244385,39.888103],[-82.243867,39.891504],[-82.236681,39.891244],[-82.236406,39.891827],[-82.236673,39.894475],[-82.238342,39.896138],[-82.240283,39.900544],[-82.244345,39.903995],[-82.243579,39.913696],[-82.233974,39.91326],[-82.233735,39.920577],[-82.23168,39.947586],[-82.231695,39.951075],[-82.246117,39.951568],[-82.246239,39.949519],[-82.245798,39.946602],[-82.251187,39.94645],[-82.251932,39.945214],[-82.256478,39.945746],[-82.256559,39.943491],[-82.259036,39.94313],[-82.259784,39.939264],[-82.2584,39.93627],[-82.256187,39.936125],[-82.284144,39.937189],[-82.285834,39.937453],[-82.285619,39.939],[-82.28685,39.940533],[-82.286985,39.943525],[-82.285576,39.948239],[-82.284243,39.948052],[-82.28296,39.949048],[-82.281752,39.952496],[-82.283062,39.958899],[-82.284294,39.960858],[-82.272137,39.967902],[-82.268203,39.968312],[-82.266316,39.964546],[-82.26582,39.960256],[-82.263346,39.958699],[-82.261953,39.954669],[-82.259824,39.952987],[-82.261452,39.952067],[-82.253147,39.951799],[-82.256277,39.97314],[-82.258633,39.989207],[-82.261156,39.98877],[-82.262527,39.989498],[-82.266019,39.988148],[-82.285057,39.988947],[-82.283851,39.9862],[-82.284983,39.98548],[-82.287889,39.965297],[-82.288377,39.966043]]]]}},{"type":"Feature","properties":{"zcta5":"43046","AFFGEOID10":"8600000US43046","GEOID10":"43046","ALAND10":65774449,"AWATER10":4908114,"county_name":"Licking","state_code":"OH","county_state":"Licking County, OH","county_fips":"39089","risk_level_county":"Lower Risk (80–84% vaccinated)","mean_vaccination_rate_county":83.43,"risk_level_zcta":"Medium Risk (70–79% vaccinated)","mean_vaccination_rate_zips":71.65,"cases":13},"geometry":{"type":"Polygon","coordinates":[[[-82.607697,39.957794],[-82.612013,39.958178],[-82.612819,39.95772],[-82.61036,39.955903],[-82.606836,39.951235],[-82.613781,39.947231],[-82.614356,39.945407],[-82.623653,39.945799],[-82.627494,39.939189],[-82.629206,39.939272],[-82.629659,39.931964],[-82.601101,39.930777],[-82.601555,39.923399],[-82.58257,39.922703],[-82.582302,39.921785],[-82.588219,39.920385],[-82.592027,39.920381],[-82.592706,39.908637],[-82.591141,39.908499],[-82.591476,39.904201],[-82.586806,39.90085],[-82.583669,39.900734],[-82.583817,39.898505],[-82.568319,39.8861],[-82.572325,39.88215],[-82.576951,39.871094],[-82.566098,39.870597],[-82.565843,39.873877],[-82.562094,39.874837],[-82.559103,39.878544],[-82.548301,39.869758],[-82.537279,39.869239],[-82.53793,39.861806],[-82.528676,39.855125],[-82.530003,39.840189],[-82.528987,39.839475],[-82.528144,39.839242],[-82.519732,39.838911],[-82.517756,39.839749],[-82.512656,39.839368],[-82.511169,39.838682],[-82.510891,39.841871],[-82.505985,39.838156],[-82.504505,39.83808],[-82.502981,39.839632],[-82.500629,39.840716],[-82.49091,39.843745],[-82.489718,39.85435],[-82.495689,39.851037],[-82.509182,39.860438],[-82.508582,39.866852],[-82.506734,39.867343],[-82.501626,39.867841],[-82.498161,39.866551],[-82.496498,39.866896],[-82.495847,39.867972],[-82.493115,39.867495],[-82.490145,39.867681],[-82.488201,39.868318],[-82.487588,39.873868],[-82.478213,39.87345],[-82.478261,39.871754],[-82.468866,39.871042],[-82.467423,39.884718],[-82.472708,39.885015],[-82.472505,39.888004],[-82.477008,39.888278],[-82.476614,39.893564],[-82.485058,39.89247],[-82.490056,39.892431],[-82.492612,39.891552],[-82.506376,39.889801],[-82.505356,39.904456],[-82.505322,39.905876],[-82.5037,39.905872],[-82.501702,39.907487],[-82.504221,39.910054],[-82.499855,39.911802],[-82.496079,39.915012],[-82.495573,39.913232],[-82.494892,39.914559],[-82.491776,39.916784],[-82.492995,39.918068],[-82.489289,39.921565],[-82.483444,39.925225],[-82.482141,39.925499],[-82.488438,39.925814],[-82.488181,39.927859],[-82.486818,39.928885],[-82.494175,39.926101],[-82.497675,39.926299],[-82.500022,39.92642],[-82.508448,39.926825],[-82.518596,39.927301],[-82.520678,39.927386],[-82.558484,39.929124],[-82.558395,39.932249],[-82.562782,39.93729],[-82.571573,39.936917],[-82.581382,39.937301],[-82.581037,39.944302],[-82.597319,39.944981],[-82.600041,39.945262],[-82.599204,39.957914],[-82.604391,39.957522],[-82.605411,39.956868],[-82.607697,39.957794]]]}},{"type":"Feature","properties":{"zcta5":"43080","AFFGEOID10":"8600000US43080","GEOID10":"43080","ALAND10":190912569,"AWATER10":558122,"county_name":"Licking","state_code":"OH","county_state":"Licking County, OH","county_fips":"39089","risk_level_county":"Lower Risk (80–84% vaccinated)","mean_vaccination_rate_county":83.43,"risk_level_zcta":"Higher Risk (60–69% vaccinated)","mean_vaccination_rate_zips":65.07,"cases":13},"geometry":{"type":"Polygon","coordinates":[[[-82.585739,40.269944],[-82.585914,40.266544],[-82.574281,40.263016],[-82.574593,40.258856],[-82.573115,40.258549],[-82.57114,40.247367],[-82.576223,40.247265],[-82.576809,40.240888],[-82.582568,40.245542],[-82.580493,40.234095],[-82.563407,40.220572],[-82.5595,40.220366],[-82.559969,40.215426],[-82.55796,40.215382],[-82.554873,40.216941],[-82.553075,40.217227],[-82.55223,40.215849],[-82.550067,40.215382],[-82.548279,40.216442],[-82.543719,40.212652],[-82.542002,40.210528],[-82.537728,40.206855],[-82.535065,40.205074],[-82.53306,40.202799],[-82.517776,40.189803],[-82.518224,40.197421],[-82.512713,40.197135],[-82.512177,40.198458],[-82.509926,40.199034],[-82.50484,40.198909],[-82.501316,40.202612],[-82.49855,40.20435],[-82.49581,40.204994],[-82.491291,40.207482],[-82.490118,40.207464],[-82.487268,40.21061],[-82.486904,40.214669],[-82.484376,40.21339],[-82.481363,40.210397],[-82.4813,40.209595],[-82.478944,40.207151],[-82.477885,40.206724],[-82.474275,40.206927],[-82.471879,40.207885],[-82.469333,40.206838],[-82.467894,40.206773],[-82.466845,40.204884],[-82.465995,40.204719],[-82.466417,40.20047],[-82.46509,40.202022],[-82.462183,40.203843],[-82.46174,40.20323],[-82.458367,40.201642],[-82.458043,40.19912],[-82.455031,40.198296],[-82.451563,40.19503],[-82.447666,40.193016],[-82.444007,40.192421],[-82.443731,40.193744],[-82.440521,40.196983],[-82.440069,40.19815],[-82.440884,40.202545],[-82.439648,40.203682],[-82.438419,40.203732],[-82.438078,40.20248],[-82.435945,40.200822],[-82.434861,40.198992],[-82.433225,40.198371],[-82.428661,40.198703],[-82.425638,40.199971],[-82.424677,40.198289],[-82.425889,40.197345],[-82.425024,40.196018],[-82.423612,40.19539],[-82.421783,40.195484],[-82.419698,40.19639],[-82.417085,40.19624],[-82.414683,40.195216],[-82.413115,40.195328],[-82.411266,40.195593],[-82.412467,40.197304],[-82.412693,40.198751],[-82.407502,40.198492],[-82.404684,40.198898],[-82.401103,40.198214],[-82.401268,40.192994],[-82.400221,40.190031],[-82.398223,40.190666],[-82.390906,40.190456],[-82.390396,40.190729],[-82.370391,40.209198],[-82.351786,40.208361],[-82.351934,40.210714],[-82.351572,40.215928],[-82.350971,40.217227],[-82.350768,40.22062],[-82.345961,40.22218],[-82.340678,40.224461],[-82.336677,40.224342],[-82.336328,40.226063],[-82.33463,40.228521],[-82.334822,40.229715],[-82.336592,40.231382],[-82.336719,40.235479],[-82.336148,40.23873],[-82.336599,40.239984],[-82.314129,40.239595],[-82.314739,40.237661],[-82.313948,40.234467],[-82.305976,40.228194],[-82.304584,40.225153],[-82.303378,40.216162],[-82.298567,40.216001],[-82.293843,40.21613],[-82.289264,40.216666],[-82.285926,40.216595],[-82.286559,40.220148],[-82.283111,40.22155],[-82.28124,40.22269],[-82.281019,40.223463],[-82.28098,40.23378],[-82.277724,40.233966],[-82.273847,40.232298],[-82.269999,40.229946],[-82.267413,40.228712],[-82.264874,40.230705],[-82.26162,40.230919],[-82.25707,40.233464],[-82.253842,40.234028],[-82.250934,40.234125],[-82.25047,40.234962],[-82.251882,40.23745],[-82.253687,40.237289],[-82.253974,40.238435],[-82.252593,40.240129],[-82.263904,40.240168],[-82.26477,40.241116],[-82.264819,40.243886],[-82.268112,40.245447],[-82.26906,40.246313],[-82.268877,40.247579],[-82.270106,40.249253],[-82.27409,40.24977],[-82.275922,40.250406],[-82.277625,40.254223],[-82.280377,40.256206],[-82.280289,40.26011],[-82.280869,40.262653],[-82.281793,40.26373],[-82.281498,40.266058],[-82.281957,40.266673],[-82.28129,40.268133],[-82.280193,40.268298],[-82.276179,40.267544],[-82.274959,40.268763],[-82.274887,40.270339],[-82.273323,40.271536],[-82.26895,40.270958],[-82.268419,40.272457],[-82.266892,40.272697],[-82.267058,40.275192],[-82.267823,40.276433],[-82.272217,40.276236],[-82.27398,40.276643],[-82.277543,40.275734],[-82.279061,40.276333],[-82.283968,40.27637],[-82.283885,40.284577],[-82.28949,40.283627],[-82.296082,40.281637],[-82.30405,40.280719],[-82.312041,40.280493],[-82.312084,40.276972],[-82.31023,40.276794],[-82.310311,40.272326],[-82.302868,40.272321],[-82.302855,40.268826],[-82.321801,40.269036],[-82.321946,40.2617],[-82.340675,40.26217],[-82.346317,40.263849],[-82.348041,40.264008],[-82.354122,40.268377],[-82.354632,40.266263],[-82.35655,40.266366],[-82.35648,40.267329],[-82.358306,40.267424],[-82.358171,40.269462],[-82.359847,40.270168],[-82.371392,40.270557],[-82.378075,40.270535],[-82.377151,40.283172],[-82.385191,40.280806],[-82.38982,40.280325],[-82.391893,40.2875],[-82.392892,40.292518],[-82.39255,40.299047],[-82.395793,40.298237],[-82.400106,40.296354],[-82.400772,40.295111],[-82.403834,40.293859],[-82.404006,40.292865],[-82.411178,40.289696],[-82.412808,40.289425],[-82.421151,40.285557],[-82.425419,40.287484],[-82.428989,40.288164],[-82.430462,40.28994],[-82.450577,40.290662],[-82.452236,40.295143],[-82.455441,40.299938],[-82.473452,40.300636],[-82.476114,40.264703],[-82.478219,40.264737],[-82.581104,40.269695],[-82.585739,40.269944]]]}},{"type":"Feature","properties":{"zcta5":"43025","AFFGEOID10":"8600000US43025","GEOID10":"43025","ALAND10":90545834,"AWATER10":1903048,"county_name":"Licking","state_code":"OH","county_state":"Licking County, OH","county_fips":"39089","risk_level_county":"Lower Risk (80–84% vaccinated)","mean_vaccination_rate_county":83.43,"risk_level_zcta":"Higher Risk (60–69% vaccinated)","mean_vaccination_rate_zips":68.04,"cases":13},"geometry":{"type":"Polygon","coordinates":[[[-82.599204,39.957914],[-82.600041,39.945262],[-82.597319,39.944981],[-82.581037,39.944302],[-82.581382,39.937301],[-82.571573,39.936917],[-82.562782,39.93729],[-82.558395,39.932249],[-82.558484,39.929124],[-82.520678,39.927386],[-82.518596,39.927301],[-82.508448,39.926825],[-82.500022,39.92642],[-82.502511,39.929311],[-82.503694,39.929127],[-82.499973,39.932083],[-82.499885,39.935278],[-82.496623,39.934995],[-82.491938,39.933915],[-82.492109,39.940673],[-82.491739,39.944151],[-82.480722,39.945305],[-82.479689,39.94086],[-82.472059,39.940539],[-82.471175,39.939486],[-82.462333,39.939044],[-82.462552,39.934262],[-82.462813,39.93038],[-82.424904,39.928183],[-82.425074,39.930085],[-82.427668,39.929718],[-82.430386,39.930542],[-82.432447,39.932271],[-82.436263,39.930426],[-82.437426,39.93247],[-82.439195,39.931689],[-82.43815,39.939443],[-82.443223,39.940168],[-82.44284,39.943956],[-82.439079,39.942733],[-82.438799,39.945736],[-82.437788,39.959051],[-82.436025,39.959378],[-82.435916,39.960274],[-82.419112,39.959626],[-82.418939,39.960822],[-82.418178,39.968344],[-82.421279,39.968501],[-82.42339,39.969615],[-82.426973,39.97245],[-82.436534,39.972958],[-82.439978,39.975181],[-82.446562,39.976868],[-82.448321,39.978289],[-82.450455,39.976527],[-82.453052,39.975415],[-82.454847,39.973729],[-82.456658,39.970055],[-82.460645,39.966558],[-82.461086,39.962536],[-82.46553,39.962796],[-82.466957,39.966849],[-82.469042,39.966852],[-82.469309,39.968005],[-82.471646,39.968506],[-82.473669,39.969553],[-82.473823,39.970722],[-82.472772,39.971658],[-82.470355,39.970879],[-82.467713,39.972309],[-82.4675,39.97373],[-82.468803,39.976937],[-82.470536,39.978978],[-82.473505,39.979585],[-82.470908,39.983057],[-82.471415,39.984799],[-82.472832,39.986027],[-82.476292,39.986682],[-82.47864,39.985848],[-82.480982,39.986385],[-82.48475,39.986276],[-82.48488,39.987144],[-82.482941,39.988253],[-82.481064,39.990027],[-82.481432,39.990471],[-82.480312,39.991011],[-82.480024,39.991054],[-82.479276,39.991917],[-82.478949,39.992658],[-82.482611,39.993447],[-82.482097,39.999758],[-82.502469,40.000702],[-82.502088,40.008407],[-82.497642,40.006216],[-82.497519,40.013536],[-82.502327,40.013503],[-82.502353,40.017515],[-82.507309,40.017569],[-82.506785,40.020899],[-82.48061,40.020124],[-82.48018,40.026073],[-82.483177,40.027168],[-82.484942,40.026942],[-82.486035,40.027848],[-82.490071,40.028649],[-82.505922,40.023017],[-82.506709,40.021378],[-82.514156,40.020343],[-82.5171,40.019603],[-82.518715,40.018181],[-82.521036,40.018886],[-82.524262,40.017983],[-82.522858,40.01253],[-82.522621,40.009844],[-82.523814,40.004199],[-82.524137,40.001339],[-82.554717,40.002649],[-82.55644,40.002534],[-82.556864,39.99734],[-82.564636,39.997268],[-82.564669,39.999841],[-82.572277,39.997338],[-82.577584,39.995593],[-82.578613,39.982473],[-82.580079,39.982528],[-82.580257,39.981054],[-82.596585,39.971039],[-82.596513,39.970029],[-82.594843,39.968783],[-82.592858,39.968388],[-82.591314,39.962529],[-82.5903,39.961343],[-82.589592,39.957338],[-82.593024,39.957043],[-82.594323,39.957767],[-82.599204,39.957914]]]}},{"type":"Feature","properties":{"zcta5":"43076","AFFGEOID10":"8600000US43076","GEOID10":"43076","ALAND10":185493490,"AWATER10":4185793,"county_name":"Licking","state_code":"OH","county_state":"Licking County, OH","county_fips":"39089","risk_level_county":"Lower Risk (80–84% vaccinated)","mean_vaccination_rate_county":83.43,"risk_level_zcta":"Medium Risk (70–79% vaccinated)","mean_vaccination_rate_zips":72.74,"cases":13},"geometry":{"type":"MultiPolygon","coordinates":[[[[-82.261452,39.952067],[-82.259824,39.952987],[-82.261953,39.954669],[-82.263346,39.958699],[-82.26582,39.960256],[-82.266316,39.964546],[-82.268203,39.968312],[-82.272137,39.967902],[-82.284294,39.960858],[-82.283062,39.958899],[-82.281752,39.952496],[-82.28296,39.949048],[-82.284243,39.948052],[-82.285576,39.948239],[-82.286985,39.943525],[-82.28685,39.940533],[-82.285619,39.939],[-82.285834,39.937453],[-82.284144,39.937189],[-82.256187,39.936125],[-82.2584,39.93627],[-82.259784,39.939264],[-82.259036,39.94313],[-82.260437,39.944191],[-82.26045,39.945388],[-82.259078,39.947236],[-82.266897,39.94813],[-82.271094,39.949223],[-82.270368,39.952428],[-82.261452,39.952067]]],[[[-82.482141,39.925499],[-82.483444,39.925225],[-82.489289,39.921565],[-82.492995,39.918068],[-82.491776,39.916784],[-82.494892,39.914559],[-82.495573,39.913232],[-82.496079,39.915012],[-82.499855,39.911802],[-82.504221,39.910054],[-82.501702,39.907487],[-82.5037,39.905872],[-82.505322,39.905876],[-82.505356,39.904456],[-82.506376,39.889801],[-82.492612,39.891552],[-82.490056,39.892431],[-82.485058,39.89247],[-82.476614,39.893564],[-82.477008,39.888278],[-82.472505,39.888004],[-82.472708,39.885015],[-82.467423,39.884718],[-82.468866,39.871042],[-82.469235,39.867759],[-82.466836,39.868637],[-82.464846,39.868271],[-82.462855,39.868775],[-82.460476,39.870581],[-82.456204,39.872163],[-82.454571,39.871522],[-82.449601,39.870754],[-82.443296,39.871402],[-82.453366,39.860228],[-82.454172,39.858823],[-82.453262,39.857245],[-82.451272,39.857336],[-82.450329,39.856221],[-82.455607,39.850996],[-82.467868,39.844299],[-82.472117,39.84325],[-82.472402,39.837223],[-82.459973,39.83642],[-82.451269,39.828533],[-82.454738,39.82744],[-82.455412,39.8202],[-82.454831,39.817369],[-82.451783,39.816573],[-82.451149,39.813073],[-82.448502,39.81027],[-82.448186,39.808732],[-82.446488,39.806081],[-82.44328,39.80596],[-82.444508,39.801753],[-82.444879,39.798439],[-82.44393,39.797748],[-82.440794,39.798573],[-82.440267,39.799699],[-82.437305,39.799243],[-82.435768,39.800495],[-82.432322,39.800106],[-82.431154,39.801121],[-82.428299,39.800314],[-82.427345,39.805182],[-82.427058,39.808452],[-82.429993,39.808639],[-82.426154,39.834541],[-82.424814,39.834477],[-82.425984,39.820817],[-82.423535,39.82079],[-82.42165,39.821352],[-82.421061,39.819582],[-82.399321,39.818476],[-82.399376,39.815621],[-82.39753,39.815446],[-82.398112,39.809304],[-82.392356,39.806079],[-82.388291,39.80514],[-82.385514,39.807235],[-82.3803,39.818928],[-82.378081,39.818886],[-82.37801,39.819803],[-82.376256,39.819712],[-82.373105,39.8177],[-82.371846,39.81891],[-82.373442,39.82026],[-82.372709,39.821139],[-82.369718,39.820466],[-82.364386,39.823972],[-82.363119,39.825208],[-82.35809,39.825729],[-82.356263,39.845628],[-82.348425,39.845167],[-82.343295,39.840072],[-82.340304,39.838848],[-82.337833,39.837182],[-82.336335,39.853636],[-82.333515,39.856087],[-82.334547,39.859067],[-82.341986,39.85945],[-82.344856,39.857194],[-82.348451,39.856767],[-82.355184,39.855197],[-82.353717,39.871825],[-82.35895,39.872049],[-82.358529,39.876564],[-82.356563,39.883272],[-82.357587,39.886243],[-82.357503,39.891292],[-82.355343,39.891338],[-82.348176,39.890049],[-82.347117,39.889197],[-82.342727,39.888907],[-82.342626,39.889664],[-82.334956,39.891621],[-82.332447,39.891429],[-82.331641,39.890644],[-82.330914,39.892528],[-82.332476,39.893922],[-82.331441,39.906201],[-82.332757,39.908571],[-82.333843,39.909251],[-82.327981,39.909077],[-82.331069,39.911474],[-82.333131,39.914198],[-82.337113,39.915723],[-82.336898,39.918004],[-82.316947,39.91678],[-82.318151,39.920295],[-82.318452,39.922825],[-82.317704,39.926498],[-82.319403,39.93006],[-82.319271,39.93182],[-82.298056,39.930952],[-82.294326,39.933181],[-82.290724,39.934153],[-82.288614,39.935885],[-82.288408,39.93741],[-82.311286,39.93842],[-82.318638,39.939015],[-82.318428,39.941029],[-82.310031,39.940557],[-82.309344,39.94927],[-82.308114,39.94927],[-82.307948,39.951951],[-82.298256,39.951749],[-82.298318,39.952884],[-82.296618,39.952706],[-82.294959,39.950635],[-82.294337,39.952451],[-82.285765,39.951618],[-82.28746,39.954091],[-82.291365,39.956398],[-82.293059,39.956985],[-82.285317,39.960402],[-82.288385,39.962349],[-82.287922,39.965175],[-82.288377,39.966043],[-82.288529,39.966369],[-82.289077,39.966167],[-82.289155,39.965913],[-82.28908,39.96487],[-82.289634,39.964483],[-82.290958,39.964727],[-82.292594,39.964576],[-82.293634,39.965033],[-82.294499,39.95348],[-82.303347,39.953775],[-82.312877,39.954674],[-82.33047,39.955257],[-82.332269,39.954443],[-82.336159,39.954776],[-82.336124,39.955464],[-82.348168,39.956095],[-82.349293,39.95686],[-82.354484,39.962239],[-82.371684,39.959479],[-82.36925,39.958663],[-82.374705,39.958015],[-82.37487,39.964368],[-82.374422,39.965421],[-82.376959,39.967016],[-82.378686,39.969613],[-82.378404,39.971152],[-82.376978,39.971902],[-82.375198,39.974555],[-82.372525,39.977311],[-82.371948,39.979121],[-82.372591,39.979527],[-82.381471,39.980106],[-82.383011,39.979373],[-82.386445,39.982171],[-82.388364,39.982378],[-82.390519,39.983988],[-82.391918,39.98417],[-82.392888,39.985559],[-82.394523,39.986093],[-82.39457,39.982056],[-82.40502,39.982744],[-82.410325,39.959283],[-82.413989,39.959429],[-82.413846,39.958246],[-82.419112,39.959626],[-82.435916,39.960274],[-82.436025,39.959378],[-82.437788,39.959051],[-82.438799,39.945736],[-82.439079,39.942733],[-82.44284,39.943956],[-82.443223,39.940168],[-82.43815,39.939443],[-82.439195,39.931689],[-82.437426,39.93247],[-82.436263,39.930426],[-82.432447,39.932271],[-82.430386,39.930542],[-82.427668,39.929718],[-82.425074,39.930085],[-82.424904,39.928183],[-82.462813,39.93038],[-82.473423,39.925065],[-82.482141,39.925499]]]]}}]}