{"type":"FeatureCollection","features":[{"type":"Feature","properties":{"zcta5":"88301","AFFGEOID10":"8600000US88301","GEOID10":"88301","ALAND10":2276870715,"AWATER10":54954,"county_name":"Lincoln","state_code":"NM","county_state":"Lincoln County, NM","county_fips":"35027","risk_level_county":"Medium Risk (70–79% vaccinated)","mean_vaccination_rate_county":70.28,"risk_level_zcta":"Medium Risk (70–79% vaccinated)","mean_vaccination_rate_zips":70.91,"cases":17},"geometry":{"type":"MultiPolygon","coordinates":[[[[-105.430739,34.482895],[-105.434769,34.481618],[-105.437922,34.481155],[-105.437288,34.480129],[-105.435106,34.479814],[-105.432759,34.478426],[-105.43055,34.475781],[-105.430166,34.473773],[-105.428926,34.471583],[-105.42677,34.469341],[-105.426322,34.468001],[-105.42739,34.46479],[-105.428436,34.459027],[-105.427551,34.454698],[-105.426473,34.453759],[-105.423487,34.452499],[-105.42075,34.451903],[-105.416933,34.453116],[-105.414359,34.454621],[-105.411359,34.458121],[-105.405976,34.460347],[-105.403513,34.46203],[-105.402966,34.461395],[-105.434472,34.433615],[-105.451921,34.42182],[-105.454036,34.419919],[-105.470667,34.399561],[-105.480547,34.387368],[-105.48113,34.38043],[-105.48211,34.37605],[-105.48167,34.37418],[-105.48062,34.37137],[-105.47762,34.36838],[-105.47532,34.36689],[-105.47471,34.36557],[-105.46975,34.36154],[-105.467628,34.360148],[-105.458527,34.347207],[-105.453992,34.341863],[-105.454433,34.339458],[-105.453632,34.338175],[-105.453548,34.333044],[-105.453189,34.33238],[-105.443745,34.332449],[-105.441786,34.332714],[-105.433564,34.332488],[-105.427825,34.333369],[-105.422995,34.333073],[-105.418492,34.334285],[-105.41845,34.29904],[-105.41496,34.29962],[-105.40378,34.29652],[-105.40096,34.29695],[-105.39445,34.29664],[-105.3932,34.29588],[-105.391,34.28907],[-105.39311,34.27427],[-105.3911,34.27413],[-105.38457,34.27235],[-105.38354,34.27238],[-105.383543,34.2683],[-105.401196,34.260469],[-105.38358,34.26008],[-105.349153,34.26017],[-105.348242,34.260081],[-105.313218,34.260031],[-105.313072,34.347205],[-105.312707,34.354046],[-105.313009,34.361769],[-105.312847,34.46329],[-105.324643,34.463319],[-105.326873,34.463915],[-105.32821,34.463275],[-105.348124,34.4631],[-105.348751,34.461708],[-105.350987,34.459393],[-105.349626,34.461614],[-105.352376,34.463809],[-105.36073,34.469306],[-105.380225,34.481936],[-105.385104,34.477667],[-105.40059,34.477583],[-105.403298,34.47571],[-105.40148,34.47158],[-105.40058,34.47071],[-105.430739,34.482895]]],[[[-105.925969,33.825622],[-106.052662,33.825606],[-106.052718,33.650297],[-106.104643,33.650309],[-106.104639,33.64404],[-106.104484,33.631498],[-106.104827,33.629607],[-106.104906,33.563086],[-106.12202,33.563379],[-106.122041,33.54846],[-106.104562,33.548568],[-106.104923,33.513132],[-106.105766,33.499921],[-106.106545,33.496133],[-106.10578,33.493803],[-106.105145,33.487485],[-106.105292,33.484647],[-106.106776,33.485522],[-106.106057,33.482365],[-106.105845,33.476197],[-106.105344,33.47374],[-106.106334,33.444934],[-106.106958,33.44173],[-106.106861,33.438972],[-106.107619,33.414792],[-106.107524,33.409137],[-106.107538,33.396178],[-106.107745,33.389398],[-106.098993,33.389411],[-105.931639,33.3899],[-105.927982,33.389899],[-105.917237,33.394466],[-105.911103,33.399568],[-105.909418,33.400382],[-105.907655,33.400322],[-105.902828,33.401515],[-105.898534,33.400975],[-105.898025,33.454118],[-105.899557,33.457324],[-105.903715,33.463164],[-105.902756,33.467675],[-105.906636,33.472372],[-105.908154,33.47361],[-105.908324,33.474755],[-105.904819,33.475127],[-105.902202,33.474154],[-105.897838,33.473205],[-105.897261,33.533279],[-105.833387,33.532905],[-105.833341,33.534963],[-105.765119,33.535016],[-105.761605,33.534517],[-105.762187,33.534993],[-105.754196,33.534977],[-105.752505,33.535412],[-105.748087,33.537439],[-105.746236,33.539288],[-105.745575,33.540993],[-105.743646,33.543545],[-105.740017,33.546801],[-105.7382,33.549612],[-105.736128,33.555243],[-105.73519,33.556617],[-105.736135,33.557139],[-105.735341,33.560659],[-105.735196,33.566065],[-105.736536,33.568669],[-105.735191,33.570621],[-105.731823,33.580097],[-105.736145,33.580415],[-105.736754,33.57997],[-105.739488,33.580731],[-105.741466,33.580637],[-105.748582,33.581319],[-105.749929,33.581044],[-105.751642,33.579808],[-105.753022,33.577907],[-105.754671,33.577448],[-105.754678,33.579189],[-105.752286,33.582441],[-105.750041,33.58773],[-105.748344,33.59293],[-105.751991,33.593562],[-105.754509,33.594763],[-105.756758,33.594794],[-105.758817,33.593931],[-105.762602,33.594191],[-105.764377,33.594893],[-105.7659,33.59452],[-105.767989,33.592722],[-105.771719,33.590237],[-105.776325,33.589963],[-105.778683,33.590833],[-105.782055,33.590216],[-105.784852,33.590309],[-105.786123,33.591216],[-105.791984,33.590735],[-105.79505,33.58991],[-105.794302,33.591722],[-105.798607,33.605837],[-105.798657,33.623955],[-105.798442,33.624668],[-105.754769,33.611469],[-105.73835,33.605582],[-105.738989,33.607344],[-105.737749,33.609451],[-105.736648,33.616247],[-105.732277,33.619987],[-105.702476,33.650075],[-105.698986,33.652942],[-105.697504,33.655536],[-105.695351,33.655977],[-105.69253,33.655746],[-105.691835,33.657034],[-105.688898,33.657412],[-105.687192,33.658325],[-105.682185,33.662241],[-105.679927,33.664662],[-105.67861,33.666519],[-105.677695,33.666792],[-105.677269,33.670411],[-105.675411,33.673299],[-105.674767,33.677026],[-105.674136,33.67827],[-105.676005,33.68087],[-105.672592,33.6823],[-105.671472,33.683337],[-105.667024,33.684572],[-105.664076,33.688337],[-105.662338,33.689904],[-105.656516,33.693071],[-105.656574,33.710223],[-105.654526,33.710635],[-105.654752,33.711533],[-105.653705,33.714318],[-105.65278,33.715033],[-105.651119,33.715246],[-105.647934,33.714457],[-105.645572,33.714538],[-105.639983,33.716906],[-105.636543,33.716956],[-105.636019,33.717318],[-105.636613,33.71923],[-105.635837,33.720753],[-105.634998,33.72538],[-105.633646,33.727639],[-105.632856,33.732374],[-105.630759,33.732735],[-105.62207,33.735402],[-105.6199,33.73479],[-105.6181,33.735177],[-105.612745,33.735086],[-105.612799,33.737334],[-105.610482,33.740016],[-105.607937,33.744329],[-105.607383,33.746073],[-105.607981,33.747478],[-105.611365,33.750709],[-105.613473,33.753788],[-105.622281,33.755426],[-105.626422,33.757606],[-105.627666,33.75787],[-105.628066,33.760493],[-105.630314,33.763473],[-105.63272,33.76537],[-105.639909,33.768127],[-105.642039,33.770053],[-105.645099,33.771473],[-105.65017,33.772613],[-105.653393,33.772632],[-105.660125,33.775016],[-105.659068,33.780045],[-105.659972,33.78319],[-105.658586,33.785004],[-105.65707,33.788223],[-105.653571,33.791071],[-105.649412,33.790845],[-105.644991,33.789626],[-105.642134,33.791688],[-105.640478,33.791789],[-105.637969,33.793453],[-105.636071,33.793963],[-105.634287,33.793014],[-105.630681,33.793423],[-105.627777,33.794836],[-105.625003,33.795571],[-105.625385,33.796704],[-105.622718,33.797869],[-105.618198,33.797947],[-105.615367,33.798258],[-105.60933,33.801175],[-105.602194,33.804303],[-105.594467,33.808056],[-105.592211,33.809381],[-105.578764,33.809269],[-105.571245,33.810439],[-105.568007,33.812364],[-105.564385,33.812272],[-105.561065,33.813599],[-105.557416,33.815452],[-105.55256,33.816914],[-105.551298,33.817784],[-105.546688,33.822155],[-105.544438,33.823871],[-105.541607,33.82335],[-105.538489,33.824838],[-105.533564,33.825478],[-105.530169,33.824947],[-105.52675,33.824977],[-105.526128,33.825783],[-105.526195,33.833848],[-105.518084,33.838174],[-105.514411,33.838425],[-105.51407,33.840513],[-105.514887,33.842677],[-105.516142,33.84422],[-105.516211,33.845407],[-105.515604,33.847326],[-105.511925,33.854213],[-105.508135,33.858308],[-105.515316,33.86213],[-105.525898,33.866365],[-105.545653,33.871632],[-105.548847,33.872844],[-105.553027,33.873399],[-105.570649,33.879189],[-105.57542,33.880563],[-105.577956,33.881977],[-105.58274,33.883179],[-105.595638,33.883197],[-105.595451,33.885469],[-105.594064,33.888917],[-105.592998,33.89005],[-105.592868,33.895797],[-105.591607,33.900526],[-105.591647,33.90255],[-105.591092,33.904252],[-105.591804,33.906977],[-105.59401,33.910929],[-105.586582,33.910987],[-105.585435,33.908222],[-105.582807,33.910757],[-105.543876,33.910916],[-105.55144,33.91107],[-105.560251,33.911004],[-105.560733,33.929069],[-105.555594,33.93152],[-105.551087,33.935208],[-105.547432,33.939285],[-105.54331,33.937018],[-105.540975,33.935116],[-105.536083,33.932756],[-105.531989,33.931312],[-105.528911,33.929432],[-105.527207,33.928997],[-105.525313,33.924231],[-105.522429,33.921229],[-105.520806,33.921218],[-105.519978,33.924282],[-105.520273,33.92871],[-105.520537,33.944855],[-105.521172,33.947994],[-105.520649,33.954151],[-105.521325,33.954556],[-105.523491,33.95403],[-105.525645,33.95414],[-105.523519,33.956045],[-105.520343,33.956113],[-105.520117,33.95806],[-105.520677,33.966181],[-105.521029,33.967949],[-105.523403,33.969788],[-105.524053,33.97104],[-105.524196,33.973477],[-105.525618,33.977252],[-105.525801,33.98386],[-105.530221,33.987605],[-105.534397,33.992189],[-105.538988,33.996239],[-105.540664,33.996947],[-105.542016,33.997558],[-105.544021,33.999755],[-105.585692,34.014009],[-105.59757,34.014834],[-105.603694,34.014901],[-105.610318,34.016192],[-105.61265,34.015688],[-105.615508,34.01582],[-105.619705,34.017839],[-105.62482,34.018911],[-105.63007,34.020319],[-105.630005,34.041171],[-105.672062,34.041169],[-105.672593,34.052824],[-105.675611,34.052754],[-105.679035,34.051967],[-105.679292,34.054104],[-105.681682,34.055032],[-105.687051,34.054103],[-105.69094,34.051731],[-105.695744,34.052666],[-105.696545,34.053781],[-105.698477,34.051971],[-105.70098,34.054211],[-105.703455,34.054984],[-105.709229,34.054182],[-105.712768,34.054154],[-105.717152,34.054524],[-105.719664,34.054406],[-105.725653,34.052492],[-105.733905,34.020454],[-105.736945,34.022197],[-105.742373,34.019621],[-105.743656,34.016142],[-105.746483,34.013256],[-105.749757,34.009071],[-105.752397,34.007945],[-105.753945,34.006111],[-105.753909,34.003859],[-105.754856,34.002401],[-105.755568,33.999755],[-105.759007,33.9968],[-105.76257,33.994537],[-105.769032,33.991082],[-105.775783,33.987929],[-105.772187,33.987067],[-105.769843,33.986975],[-105.763171,33.987501],[-105.760495,33.98702],[-105.754138,33.986743],[-105.782953,33.946399],[-105.78078,33.945383],[-105.76898,33.941214],[-105.764406,33.940097],[-105.759751,33.939873],[-105.751257,33.939955],[-105.751442,33.933998],[-105.756935,33.933732],[-105.7599,33.93326],[-105.774936,33.926098],[-105.78647,33.918161],[-105.796204,33.90697],[-105.803908,33.900339],[-105.805388,33.898779],[-105.806956,33.895042],[-105.808253,33.895242],[-105.812192,33.897215],[-105.813968,33.897367],[-105.819806,33.89321],[-105.820934,33.894628],[-105.821011,33.897533],[-105.834393,33.897848],[-105.835165,33.899454],[-105.833261,33.904901],[-105.831141,33.906809],[-105.831985,33.91179],[-105.833657,33.914713],[-105.834478,33.917054],[-105.834254,33.919139],[-105.834717,33.921432],[-105.837157,33.925468],[-105.873499,33.925509],[-105.87481,33.923646],[-105.877964,33.921037],[-105.881364,33.91675],[-105.882539,33.918868],[-105.884256,33.918542],[-105.885509,33.917353],[-105.883441,33.91394],[-105.878752,33.902575],[-105.874879,33.899956],[-105.872488,33.897942],[-105.872522,33.896926],[-105.874421,33.89486],[-105.877149,33.892926],[-105.873802,33.892168],[-105.87166,33.892375],[-105.86894,33.893408],[-105.865863,33.891256],[-105.864047,33.886056],[-105.86314,33.884774],[-105.861189,33.883836],[-105.855037,33.883494],[-105.857334,33.877533],[-105.857421,33.874278],[-105.855873,33.872953],[-105.855187,33.872769],[-105.832204,33.872415],[-105.831529,33.869871],[-105.828752,33.86178],[-105.823505,33.854697],[-105.822234,33.851129],[-105.82211,33.845359],[-105.823208,33.838763],[-105.822885,33.837667],[-105.823428,33.833136],[-105.823438,33.828967],[-105.822509,33.822283],[-105.823084,33.818276],[-105.825566,33.816994],[-105.826746,33.81364],[-105.832845,33.814584],[-105.833213,33.804437],[-105.842102,33.805183],[-105.846452,33.804365],[-105.854386,33.803983],[-105.865105,33.807381],[-105.866165,33.807585],[-105.874638,33.807497],[-105.884089,33.805245],[-105.887406,33.806133],[-105.890963,33.807642],[-105.90206,33.807623],[-105.902629,33.807913],[-105.925969,33.825622]]]]}},{"type":"Feature","properties":{"zcta5":"88355","AFFGEOID10":"8600000US88355","GEOID10":"88355","ALAND10":45392,"AWATER10":0,"county_name":"Lincoln","state_code":"NM","county_state":"Lincoln County, NM","county_fips":"35027","risk_level_county":"Medium Risk (70–79% vaccinated)","mean_vaccination_rate_county":70.28,"risk_level_zcta":"Uninhabited","mean_vaccination_rate_zips":null,"cases":17},"geometry":{"type":"MultiPolygon","coordinates":[[[[-105.669076,33.360079],[-105.668545,33.359416],[-105.666988,33.359879],[-105.667075,33.362515],[-105.66748,33.362457],[-105.66777,33.360507],[-105.669076,33.360079]]],[[[-105.669877,33.36742],[-105.670086,33.366442],[-105.669179,33.365719],[-105.668508,33.366273],[-105.667497,33.365964],[-105.669877,33.36742]]]]}},{"type":"Feature","properties":{"zcta5":"87011","AFFGEOID10":"8600000US87011","GEOID10":"87011","ALAND10":1183467253,"AWATER10":111780,"county_name":"Lincoln","state_code":"NM","county_state":"Lincoln County, NM","county_fips":"35027","risk_level_county":"Medium Risk (70–79% vaccinated)","mean_vaccination_rate_county":70.28,"risk_level_zcta":"Uninhabited","mean_vaccination_rate_zips":null,"cases":17},"geometry":{"type":"Polygon","coordinates":[[[-105.90182,34.259985],[-105.925968,34.25999],[-105.9445,34.25999],[-105.94566,34.2599],[-106.179492,34.259941],[-106.177656,34.258753],[-106.176817,34.254941],[-106.177381,34.251637],[-106.177385,34.247278],[-106.178557,34.245614],[-106.181148,34.243163],[-106.181093,34.241363],[-106.176677,34.242328],[-106.171518,34.239438],[-106.16704,34.23764],[-106.16467,34.236164],[-106.163079,34.233984],[-106.158857,34.233912],[-106.158866,34.222945],[-106.133903,34.222967],[-106.134044,34.216003],[-106.131789,34.215357],[-106.127441,34.215422],[-106.125542,34.214871],[-106.116135,34.209849],[-106.116304,34.193356],[-106.116788,34.186593],[-106.116406,34.183128],[-106.116385,34.173585],[-106.116204,34.10473],[-106.125374,34.104989],[-106.125169,34.094972],[-106.11627,34.095045],[-106.116253,33.990759],[-106.114787,33.991406],[-106.112228,33.991168],[-106.106453,33.991457],[-106.10217,33.99114],[-106.101,33.991836],[-106.100287,33.986251],[-106.098703,33.984423],[-106.092457,33.97528],[-106.088481,33.967599],[-106.086689,33.965106],[-106.083073,33.961282],[-106.079226,33.958888],[-106.077898,33.957245],[-106.075505,33.952697],[-106.071753,33.947342],[-106.059215,33.937109],[-106.058295,33.93618],[-106.05877,33.932617],[-106.057302,33.926203],[-106.054025,33.920357],[-106.053734,33.918637],[-106.050909,33.911419],[-106.047682,33.907084],[-106.042266,33.904452],[-106.036517,33.901942],[-106.034942,33.901952],[-106.032317,33.901032],[-106.032423,33.904624],[-106.030607,33.906957],[-106.029066,33.908123],[-106.024067,33.908981],[-106.022734,33.909713],[-106.018567,33.91028],[-106.014429,33.911396],[-106.013459,33.91318],[-106.0114,33.914295],[-106.010327,33.916696],[-106.005767,33.920531],[-106.003777,33.920723],[-105.995505,33.919509],[-105.991896,33.919759],[-105.987945,33.919532],[-105.982868,33.917036],[-105.980612,33.914899],[-105.978387,33.914493],[-105.975349,33.912189],[-105.970761,33.911008],[-105.958194,33.910984],[-105.955836,33.911713],[-105.951796,33.913564],[-105.945367,33.916069],[-105.940702,33.91873],[-105.936578,33.921821],[-105.935227,33.921752],[-105.928801,33.919132],[-105.925516,33.920272],[-105.925521,33.911029],[-105.924685,33.825624],[-105.925969,33.825622],[-105.902629,33.807913],[-105.90206,33.807623],[-105.890963,33.807642],[-105.887406,33.806133],[-105.884089,33.805245],[-105.874638,33.807497],[-105.866165,33.807585],[-105.865105,33.807381],[-105.854386,33.803983],[-105.846452,33.804365],[-105.842102,33.805183],[-105.833213,33.804437],[-105.832845,33.814584],[-105.826746,33.81364],[-105.825566,33.816994],[-105.823084,33.818276],[-105.822509,33.822283],[-105.823438,33.828967],[-105.823428,33.833136],[-105.822885,33.837667],[-105.823208,33.838763],[-105.82211,33.845359],[-105.822234,33.851129],[-105.823505,33.854697],[-105.828752,33.86178],[-105.831529,33.869871],[-105.832204,33.872415],[-105.855187,33.872769],[-105.855873,33.872953],[-105.857421,33.874278],[-105.857334,33.877533],[-105.855037,33.883494],[-105.861189,33.883836],[-105.86314,33.884774],[-105.864047,33.886056],[-105.865863,33.891256],[-105.86894,33.893408],[-105.87166,33.892375],[-105.873802,33.892168],[-105.877149,33.892926],[-105.874421,33.89486],[-105.872522,33.896926],[-105.872488,33.897942],[-105.874879,33.899956],[-105.878752,33.902575],[-105.883441,33.91394],[-105.885509,33.917353],[-105.884256,33.918542],[-105.882539,33.918868],[-105.881364,33.91675],[-105.877964,33.921037],[-105.87481,33.923646],[-105.873499,33.925509],[-105.837157,33.925468],[-105.834717,33.921432],[-105.834254,33.919139],[-105.834478,33.917054],[-105.833657,33.914713],[-105.831985,33.91179],[-105.831141,33.906809],[-105.833261,33.904901],[-105.835165,33.899454],[-105.834393,33.897848],[-105.821011,33.897533],[-105.820934,33.894628],[-105.819806,33.89321],[-105.813968,33.897367],[-105.812192,33.897215],[-105.808253,33.895242],[-105.806956,33.895042],[-105.805388,33.898779],[-105.803908,33.900339],[-105.796204,33.90697],[-105.78647,33.918161],[-105.774936,33.926098],[-105.7599,33.93326],[-105.756935,33.933732],[-105.751442,33.933998],[-105.751257,33.939955],[-105.759751,33.939873],[-105.764406,33.940097],[-105.76898,33.941214],[-105.78078,33.945383],[-105.782953,33.946399],[-105.754138,33.986743],[-105.760495,33.98702],[-105.763171,33.987501],[-105.769843,33.986975],[-105.772187,33.987067],[-105.775783,33.987929],[-105.769032,33.991082],[-105.76257,33.994537],[-105.759007,33.9968],[-105.755568,33.999755],[-105.754856,34.002401],[-105.753909,34.003859],[-105.753945,34.006111],[-105.752397,34.007945],[-105.749757,34.009071],[-105.746483,34.013256],[-105.743656,34.016142],[-105.742373,34.019621],[-105.736945,34.022197],[-105.733905,34.020454],[-105.725653,34.052492],[-105.72882,34.052356],[-105.733359,34.053416],[-105.734566,34.054175],[-105.742012,34.055404],[-105.744794,34.056738],[-105.750844,34.056949],[-105.753395,34.056604],[-105.758912,34.056912],[-105.762542,34.059165],[-105.764582,34.061295],[-105.770426,34.063096],[-105.772303,34.063106],[-105.774723,34.062073],[-105.774915,34.060878],[-105.776814,34.058992],[-105.776979,34.058256],[-105.773619,34.053839],[-105.77417,34.051219],[-105.777635,34.048711],[-105.778818,34.047422],[-105.782393,34.047734],[-105.787124,34.048775],[-105.787948,34.049756],[-105.793042,34.049412],[-105.79585,34.047489],[-105.801879,34.0411],[-105.806284,34.039314],[-105.808349,34.039223],[-105.809669,34.040116],[-105.809531,34.043323],[-105.807711,34.049231],[-105.807517,34.051637],[-105.808233,34.053286],[-105.806992,34.055278],[-105.80713,34.056744],[-105.805863,34.057824],[-105.807273,34.061015],[-105.808857,34.061816],[-105.810558,34.061698],[-105.813491,34.060984],[-105.815481,34.059399],[-105.817921,34.058561],[-105.820625,34.056124],[-105.826429,34.055857],[-105.827812,34.053145],[-105.828149,34.045768],[-105.828681,34.044026],[-105.829755,34.043866],[-105.833215,34.045904],[-105.836677,34.046065],[-105.838653,34.044941],[-105.841504,34.041733],[-105.842932,34.041252],[-105.848701,34.042328],[-105.852958,34.04196],[-105.855595,34.042121],[-105.860498,34.039609],[-105.863501,34.035987],[-105.865669,34.032789],[-105.867841,34.030943],[-105.871583,34.026679],[-105.873787,34.022183],[-105.877614,34.02343],[-105.879935,34.025346],[-105.878603,34.026375],[-105.878323,34.027659],[-105.875647,34.032852],[-105.870923,34.039328],[-105.866439,34.044398],[-105.865092,34.047504],[-105.862654,34.049453],[-105.860641,34.051776],[-105.857807,34.056193],[-105.854407,34.062672],[-105.85088,34.066822],[-105.84936,34.069121],[-105.849672,34.071512],[-105.851501,34.075487],[-105.855057,34.08144],[-105.853626,34.083508],[-105.848987,34.083972],[-105.844389,34.083567],[-105.839799,34.085371],[-105.836,34.08557],[-105.834644,34.085011],[-105.832988,34.08557],[-105.829703,34.085799],[-105.799859,34.085814],[-105.79979,34.086898],[-105.797831,34.089481],[-105.798622,34.095021],[-105.800658,34.096348],[-105.800327,34.098844],[-105.799224,34.102371],[-105.80082,34.104134],[-105.79991,34.105324],[-105.802587,34.105301],[-105.80293,34.108238],[-105.804882,34.108159],[-105.808851,34.109718],[-105.812109,34.112078],[-105.813755,34.112665],[-105.812596,34.117506],[-105.81296,34.118069],[-105.815954,34.117463],[-105.82062,34.117995],[-105.822563,34.11764],[-105.822008,34.119246],[-105.822606,34.122993],[-105.821555,34.125316],[-105.822134,34.126622],[-105.824393,34.12791],[-105.825146,34.129782],[-105.823371,34.13186],[-105.824086,34.134094],[-105.824494,34.140068],[-105.823003,34.138892],[-105.822352,34.136226],[-105.820483,34.133944],[-105.816004,34.132866],[-105.812304,34.130808],[-105.809957,34.130487],[-105.8071,34.131096],[-105.801776,34.128928],[-105.800748,34.127215],[-105.797791,34.126685],[-105.795343,34.125496],[-105.793064,34.122307],[-105.791772,34.11911],[-105.787464,34.116049],[-105.786424,34.116188],[-105.784888,34.114978],[-105.780545,34.114829],[-105.77972,34.114952],[-105.776886,34.119135],[-105.775764,34.122706],[-105.771899,34.127685],[-105.770264,34.129001],[-105.767392,34.132303],[-105.764869,34.133319],[-105.762187,34.135478],[-105.757563,34.136073],[-105.754663,34.13747],[-105.755216,34.140356],[-105.756234,34.14287],[-105.756766,34.146594],[-105.759797,34.146732],[-105.76145,34.146206],[-105.761974,34.14513],[-105.764206,34.145039],[-105.767621,34.14669],[-105.76988,34.147217],[-105.771064,34.148478],[-105.770099,34.151295],[-105.770125,34.154754],[-105.768305,34.158395],[-105.839212,34.18866],[-105.841307,34.188797],[-105.842079,34.189919],[-105.845939,34.191636],[-105.850041,34.190804],[-105.853925,34.191116],[-105.856649,34.191818],[-105.860682,34.193649],[-105.861339,34.194786],[-105.859532,34.197381],[-105.867297,34.200675],[-105.875645,34.203708],[-105.889875,34.209845],[-105.889549,34.215725],[-105.893155,34.218226],[-105.892131,34.221245],[-105.891974,34.22427],[-105.889257,34.230314],[-105.889194,34.233802],[-105.893735,34.23345],[-105.898169,34.234035],[-105.902508,34.233468],[-105.907338,34.231653],[-105.906761,34.232964],[-105.904895,34.234682],[-105.90491,34.236071],[-105.903449,34.239036],[-105.904098,34.244014],[-105.902424,34.245893],[-105.902192,34.247874],[-105.902522,34.252371],[-105.901066,34.254863],[-105.902033,34.255409],[-105.90182,34.259985]]]}},{"type":"Feature","properties":{"zcta5":"88341","AFFGEOID10":"8600000US88341","GEOID10":"88341","ALAND10":257420718,"AWATER10":186225,"county_name":"Lincoln","state_code":"NM","county_state":"Lincoln County, NM","county_fips":"35027","risk_level_county":"Medium Risk (70–79% vaccinated)","mean_vaccination_rate_county":70.28,"risk_level_zcta":"Very High Risk (<60% vaccinated)","mean_vaccination_rate_zips":59.47,"cases":17},"geometry":{"type":"Polygon","coordinates":[[[-105.73835,33.605582],[-105.754769,33.611469],[-105.798442,33.624668],[-105.798657,33.623955],[-105.798607,33.605837],[-105.794302,33.591722],[-105.79505,33.58991],[-105.791984,33.590735],[-105.786123,33.591216],[-105.784852,33.590309],[-105.782055,33.590216],[-105.778683,33.590833],[-105.776325,33.589963],[-105.771719,33.590237],[-105.767989,33.592722],[-105.7659,33.59452],[-105.764377,33.594893],[-105.762602,33.594191],[-105.758817,33.593931],[-105.756758,33.594794],[-105.754509,33.594763],[-105.751991,33.593562],[-105.748344,33.59293],[-105.750041,33.58773],[-105.752286,33.582441],[-105.754678,33.579189],[-105.754671,33.577448],[-105.753022,33.577907],[-105.751642,33.579808],[-105.749929,33.581044],[-105.748582,33.581319],[-105.741466,33.580637],[-105.739488,33.580731],[-105.736754,33.57997],[-105.736145,33.580415],[-105.731823,33.580097],[-105.735191,33.570621],[-105.736536,33.568669],[-105.735196,33.566065],[-105.735341,33.560659],[-105.736135,33.557139],[-105.73519,33.556617],[-105.736128,33.555243],[-105.7382,33.549612],[-105.740017,33.546801],[-105.743646,33.543545],[-105.745575,33.540993],[-105.746236,33.539288],[-105.748087,33.537439],[-105.752505,33.535412],[-105.754196,33.534977],[-105.762187,33.534993],[-105.761605,33.534517],[-105.765119,33.535016],[-105.833341,33.534963],[-105.833387,33.532905],[-105.897261,33.533279],[-105.897838,33.473205],[-105.902202,33.474154],[-105.904819,33.475127],[-105.908324,33.474755],[-105.908154,33.47361],[-105.906636,33.472372],[-105.902756,33.467675],[-105.903715,33.463164],[-105.899557,33.457324],[-105.898025,33.454118],[-105.898534,33.400975],[-105.902828,33.401515],[-105.907655,33.400322],[-105.909418,33.400382],[-105.911103,33.399568],[-105.917237,33.394466],[-105.927982,33.389899],[-105.914607,33.389899],[-105.91378,33.389899],[-105.784467,33.390383],[-105.785027,33.392716],[-105.788767,33.397114],[-105.790269,33.397852],[-105.797518,33.399076],[-105.801026,33.400565],[-105.803367,33.398925],[-105.808353,33.397596],[-105.811786,33.397281],[-105.81609,33.399735],[-105.818632,33.39895],[-105.819362,33.39953],[-105.819728,33.401328],[-105.819433,33.404162],[-105.820932,33.405904],[-105.821327,33.407792],[-105.822949,33.408265],[-105.823555,33.410082],[-105.826397,33.410683],[-105.825852,33.412928],[-105.826682,33.416922],[-105.825147,33.417732],[-105.824161,33.420082],[-105.825575,33.423906],[-105.827785,33.425952],[-105.829256,33.428993],[-105.83134,33.429747],[-105.83324,33.429648],[-105.83542,33.430719],[-105.837982,33.430093],[-105.838825,33.428615],[-105.839576,33.430695],[-105.840016,33.429097],[-105.841227,33.430742],[-105.841532,33.428683],[-105.843107,33.429189],[-105.846063,33.428756],[-105.847965,33.430037],[-105.848696,33.431513],[-105.849515,33.434482],[-105.849817,33.437717],[-105.849292,33.440221],[-105.847356,33.442557],[-105.847339,33.443824],[-105.848348,33.445357],[-105.851183,33.447071],[-105.852366,33.449078],[-105.852196,33.450952],[-105.84994,33.451634],[-105.84906,33.454275],[-105.847794,33.455092],[-105.845659,33.460034],[-105.842533,33.462913],[-105.842997,33.466124],[-105.84353,33.469789],[-105.843118,33.470992],[-105.840305,33.471037],[-105.839192,33.472047],[-105.839359,33.475316],[-105.838026,33.477102],[-105.836849,33.480325],[-105.836919,33.482737],[-105.837747,33.484721],[-105.835222,33.486058],[-105.832332,33.486345],[-105.831277,33.488025],[-105.828569,33.488135],[-105.826013,33.487501],[-105.824891,33.489084],[-105.820425,33.490268],[-105.818947,33.491312],[-105.817851,33.49058],[-105.816045,33.490662],[-105.814606,33.491754],[-105.809151,33.494359],[-105.805976,33.493062],[-105.803583,33.493757],[-105.80213,33.493347],[-105.800593,33.49434],[-105.799121,33.493631],[-105.799007,33.494567],[-105.796209,33.494487],[-105.795893,33.495714],[-105.791457,33.493699],[-105.790564,33.495362],[-105.787862,33.49624],[-105.785567,33.494808],[-105.783353,33.494207],[-105.78224,33.49241],[-105.781429,33.493285],[-105.779537,33.492658],[-105.777813,33.493158],[-105.779197,33.492202],[-105.780867,33.492421],[-105.782032,33.490889],[-105.784295,33.491963],[-105.784215,33.488937],[-105.781442,33.488428],[-105.783404,33.486525],[-105.785158,33.485587],[-105.78606,33.479037],[-105.785526,33.477457],[-105.785987,33.472582],[-105.785647,33.468044],[-105.782711,33.46652],[-105.780102,33.46591],[-105.775807,33.465798],[-105.771644,33.462987],[-105.76503,33.461257],[-105.757661,33.457814],[-105.753792,33.45512],[-105.750947,33.455985],[-105.748262,33.455892],[-105.744617,33.456735],[-105.741895,33.458039],[-105.73991,33.456937],[-105.741031,33.456707],[-105.739973,33.455546],[-105.737111,33.454549],[-105.734715,33.451886],[-105.709549,33.447482],[-105.694198,33.443827],[-105.689601,33.447665],[-105.689055,33.449444],[-105.686235,33.448943],[-105.681722,33.450285],[-105.681809,33.45353],[-105.678609,33.45745],[-105.67688,33.460918],[-105.674455,33.463917],[-105.673696,33.468227],[-105.671754,33.472002],[-105.671577,33.475982],[-105.674445,33.489519],[-105.671941,33.490081],[-105.670458,33.491545],[-105.668285,33.492564],[-105.665564,33.492942],[-105.66264,33.49241],[-105.659751,33.494042],[-105.660677,33.495882],[-105.665219,33.496145],[-105.671817,33.495872],[-105.675755,33.497185],[-105.676022,33.499273],[-105.674753,33.50278],[-105.671242,33.502808],[-105.671074,33.499584],[-105.666715,33.49974],[-105.665228,33.50327],[-105.665553,33.504945],[-105.666826,33.505691],[-105.664824,33.507738],[-105.662229,33.50658],[-105.659142,33.506782],[-105.656463,33.506304],[-105.654275,33.504841],[-105.650391,33.502982],[-105.647789,33.503987],[-105.647136,33.507593],[-105.647693,33.510782],[-105.649853,33.511142],[-105.649726,33.515735],[-105.651546,33.515968],[-105.655487,33.51485],[-105.657686,33.515073],[-105.659642,33.514057],[-105.661796,33.515467],[-105.665792,33.514449],[-105.669279,33.515611],[-105.672606,33.518774],[-105.677992,33.520463],[-105.680162,33.522716],[-105.685229,33.526146],[-105.688133,33.52666],[-105.690797,33.52766],[-105.689544,33.580709],[-105.690775,33.580644],[-105.695028,33.582031],[-105.695557,33.581253],[-105.698143,33.580404],[-105.698198,33.579415],[-105.695176,33.577893],[-105.694903,33.577196],[-105.69625,33.577497],[-105.699324,33.576374],[-105.701419,33.578006],[-105.703622,33.578802],[-105.704876,33.5805],[-105.707298,33.582545],[-105.708006,33.584901],[-105.70512,33.586489],[-105.717673,33.593171],[-105.721608,33.592283],[-105.724579,33.59317],[-105.723428,33.594813],[-105.724084,33.596182],[-105.726408,33.597502],[-105.727283,33.598734],[-105.730648,33.601628],[-105.730488,33.602764],[-105.73835,33.605582]]]}},{"type":"Feature","properties":{"zcta5":"88343","AFFGEOID10":"8600000US88343","GEOID10":"88343","ALAND10":682022723,"AWATER10":0,"county_name":"Lincoln","state_code":"NM","county_state":"Lincoln County, NM","county_fips":"35027","risk_level_county":"Medium Risk (70–79% vaccinated)","mean_vaccination_rate_county":70.28,"risk_level_zcta":"Uninhabited","mean_vaccination_rate_zips":null,"cases":17},"geometry":{"type":"Polygon","coordinates":[[[-105.18467,33.315517],[-105.186427,33.313992],[-105.188019,33.31178],[-105.187575,33.30948],[-105.186066,33.308541],[-105.185852,33.307099],[-105.187811,33.306278],[-105.188651,33.304986],[-105.188805,33.301802],[-105.187913,33.300778],[-105.185884,33.300103],[-105.185976,33.298094],[-105.185374,33.295591],[-105.183983,33.29434],[-105.186,33.292523],[-105.186358,33.291376],[-105.183438,33.289975],[-105.180319,33.287467],[-105.179766,33.285653],[-105.180251,33.283607],[-105.178606,33.28244],[-105.176936,33.279224],[-105.175033,33.277248],[-105.171567,33.272042],[-105.168371,33.269531],[-105.167488,33.267214],[-105.167329,33.266236],[-105.167912,33.259462],[-105.171471,33.255831],[-105.173061,33.254882],[-105.177109,33.25347],[-105.178142,33.252602],[-105.180192,33.248416],[-105.187852,33.24617],[-105.189778,33.246277],[-105.191877,33.246992],[-105.194359,33.249192],[-105.196207,33.250031],[-105.200806,33.250141],[-105.207521,33.247742],[-105.209,33.248027],[-105.213326,33.251632],[-105.21716,33.252035],[-105.218532,33.251554],[-105.220073,33.250031],[-105.221084,33.247698],[-105.222407,33.246026],[-105.223947,33.242136],[-105.225925,33.235132],[-105.22763,33.231096],[-105.232275,33.231212],[-105.235675,33.230911],[-105.236392,33.230393],[-105.239035,33.22609],[-105.241059,33.224122],[-105.244364,33.223194],[-105.247915,33.222639],[-105.249714,33.222749],[-105.253212,33.224629],[-105.255782,33.225582],[-105.259645,33.226571],[-105.27629,33.223388],[-105.279692,33.223303],[-105.28151,33.221987],[-105.28172,33.220776],[-105.280651,33.21767],[-105.280627,33.215052],[-105.281629,33.214115],[-105.284329,33.213036],[-105.28482,33.210901],[-105.286239,33.20815],[-105.286842,33.201223],[-105.288315,33.198012],[-105.293549,33.195188],[-105.294176,33.192802],[-105.298155,33.192112],[-105.300117,33.191148],[-105.300771,33.189472],[-105.300092,33.186009],[-105.300228,33.183715],[-105.29925,33.179378],[-105.299795,33.177658],[-105.297999,33.174974],[-105.297236,33.17277],[-105.296639,33.167862],[-105.295005,33.162841],[-105.295469,33.161627],[-105.29694,33.161375],[-105.295715,33.156334],[-105.29324,33.151014],[-105.291943,33.14665],[-105.291395,33.141],[-105.290874,33.139498],[-105.289407,33.137755],[-105.285607,33.134987],[-105.284574,33.134652],[-105.282428,33.1323],[-105.162454,33.131862],[-105.108621,33.131742],[-105.100803,33.133394],[-105.006481,33.134401],[-105.006511,33.138879],[-104.969636,33.13889],[-104.905424,33.138904],[-104.90543,33.152459],[-104.905746,33.153604],[-104.905434,33.159363],[-104.905886,33.163178],[-104.905436,33.164221],[-104.905431,33.22094],[-104.903847,33.22094],[-104.903838,33.305904],[-104.88513,33.305827],[-104.885349,33.344233],[-104.885451,33.349871],[-104.890493,33.346449],[-104.894699,33.345405],[-104.899987,33.346956],[-104.903345,33.34896],[-104.908144,33.349058],[-104.910282,33.348005],[-104.910871,33.345965],[-104.910127,33.34483],[-104.907204,33.342866],[-104.905186,33.342227],[-104.90553,33.341223],[-104.908071,33.339968],[-104.913918,33.339571],[-104.917233,33.338405],[-104.919777,33.33681],[-104.920226,33.335692],[-104.919543,33.329051],[-104.921203,33.327671],[-104.923867,33.327413],[-104.926335,33.325812],[-104.926479,33.32269],[-104.924158,33.31955],[-104.92348,33.318089],[-104.924468,33.315148],[-104.926832,33.314312],[-104.928256,33.31524],[-104.930548,33.31785],[-104.934606,33.319606],[-104.935563,33.3192],[-104.936185,33.316814],[-104.938582,33.313882],[-104.941614,33.312553],[-104.942681,33.313031],[-104.942865,33.314966],[-104.94164,33.318117],[-104.941673,33.320273],[-104.942479,33.321664],[-104.944542,33.323247],[-104.945826,33.323538],[-104.947391,33.322373],[-104.94855,33.32065],[-104.949569,33.321064],[-104.953378,33.319498],[-104.956961,33.319077],[-104.958903,33.315751],[-104.958792,33.313557],[-104.959826,33.312627],[-104.962537,33.312213],[-104.9635,33.312561],[-104.966009,33.31465],[-104.969611,33.315979],[-104.972354,33.313927],[-104.974031,33.313674],[-104.975282,33.315021],[-104.973882,33.317704],[-104.97465,33.321207],[-104.977008,33.321596],[-104.979365,33.320301],[-104.978988,33.321357],[-104.98057,33.322299],[-104.981815,33.321008],[-104.982235,33.318711],[-104.983011,33.31796],[-104.985845,33.317718],[-104.989052,33.317908],[-104.991789,33.317532],[-104.993279,33.316857],[-104.995132,33.316848],[-104.995362,33.315918],[-104.998977,33.315418],[-105.003712,33.315479],[-105.004048,33.313384],[-105.003296,33.311509],[-105.004475,33.310707],[-105.005804,33.310938],[-105.006937,33.311428],[-105.008238,33.314745],[-105.00576,33.318658],[-105.005614,33.321286],[-105.011586,33.323428],[-105.010802,33.321322],[-105.011008,33.319301],[-105.011898,33.317808],[-105.013274,33.317289],[-105.016265,33.319432],[-105.017457,33.318861],[-105.017443,33.320725],[-105.018195,33.322969],[-105.020355,33.32602],[-105.021986,33.326258],[-105.027568,33.321745],[-105.031472,33.321565],[-105.033227,33.322286],[-105.033855,33.323331],[-105.032964,33.324205],[-105.033573,33.325926],[-105.033054,33.329527],[-105.035392,33.331496],[-105.0372,33.33153],[-105.038667,33.33088],[-105.041684,33.332102],[-105.044117,33.333506],[-105.046703,33.331508],[-105.050018,33.331317],[-105.049276,33.332095],[-105.05179,33.331791],[-105.056865,33.332477],[-105.05998,33.333728],[-105.062693,33.33593],[-105.067918,33.339442],[-105.070024,33.340327],[-105.072779,33.340448],[-105.074585,33.339934],[-105.078118,33.338041],[-105.082329,33.334353],[-105.083819,33.332532],[-105.089344,33.328179],[-105.087599,33.325646],[-105.090832,33.324677],[-105.092849,33.324928],[-105.096981,33.323565],[-105.097714,33.320908],[-105.099424,33.32143],[-105.099797,33.322183],[-105.101972,33.323127],[-105.103263,33.324343],[-105.103834,33.3258],[-105.103835,33.327906],[-105.104707,33.331325],[-105.106162,33.332991],[-105.110467,33.335079],[-105.113748,33.334032],[-105.114352,33.335017],[-105.116231,33.334218],[-105.11914,33.334882],[-105.120511,33.335659],[-105.11965,33.337445],[-105.117476,33.338183],[-105.120525,33.340187],[-105.122844,33.342644],[-105.125571,33.344645],[-105.140043,33.350825],[-105.146652,33.352355],[-105.149716,33.353521],[-105.155432,33.354979],[-105.16022,33.356896],[-105.160675,33.353786],[-105.16067,33.34892],[-105.163628,33.348529],[-105.167314,33.346026],[-105.16905,33.34588],[-105.171248,33.344381],[-105.171672,33.34234],[-105.17168,33.338994],[-105.173165,33.336638],[-105.174014,33.332547],[-105.174199,33.328505],[-105.17599,33.325851],[-105.179215,33.323538],[-105.180665,33.321905],[-105.181841,33.318944],[-105.18467,33.315517]]]}},{"type":"Feature","properties":{"zcta5":"88351","AFFGEOID10":"8600000US88351","GEOID10":"88351","ALAND10":1714195668,"AWATER10":0,"county_name":"Lincoln","state_code":"NM","county_state":"Lincoln County, NM","county_fips":"35027","risk_level_county":"Medium Risk (70–79% vaccinated)","mean_vaccination_rate_county":70.28,"risk_level_zcta":"Uninhabited","mean_vaccination_rate_zips":null,"cases":17},"geometry":{"type":"Polygon","coordinates":[[[-104.894829,33.911786],[-104.929683,33.911717],[-104.929329,33.909344],[-104.935099,33.905496],[-104.936225,33.902145],[-104.937815,33.900278],[-104.936218,33.89825],[-104.935283,33.897866],[-104.935253,33.895426],[-104.938433,33.892422],[-104.938479,33.886533],[-104.938924,33.883756],[-104.943055,33.883812],[-104.940876,33.880196],[-104.939194,33.875151],[-104.938671,33.872256],[-104.941444,33.872416],[-104.943257,33.870584],[-104.943229,33.86953],[-104.944602,33.868041],[-104.944959,33.866254],[-104.944767,33.863596],[-104.943174,33.860229],[-104.946029,33.859584],[-104.947475,33.859934],[-104.948432,33.858578],[-104.950802,33.857312],[-104.95755,33.855373],[-104.961515,33.855165],[-104.963245,33.855714],[-104.967254,33.854705],[-104.968544,33.855094],[-104.969396,33.856652],[-104.968188,33.857752],[-104.967997,33.859287],[-104.96937,33.860867],[-104.972199,33.862172],[-104.975732,33.865417],[-104.977919,33.864336],[-104.97989,33.865414],[-104.985581,33.866086],[-104.987488,33.865099],[-104.99303,33.86483],[-104.993594,33.864339],[-104.99384,33.863326],[-104.99241,33.862104],[-104.993151,33.860837],[-104.995258,33.859838],[-104.994888,33.857335],[-104.993667,33.855363],[-104.991918,33.853696],[-104.990657,33.853573],[-104.989743,33.852382],[-104.989743,33.849779],[-104.991306,33.847838],[-104.992611,33.846972],[-104.992378,33.844964],[-104.993461,33.84425],[-104.993488,33.842361],[-104.991615,33.839429],[-104.990469,33.838456],[-104.988218,33.834263],[-104.988822,33.833097],[-104.988632,33.831311],[-104.987649,33.828478],[-104.988801,33.822404],[-104.990235,33.820875],[-104.992593,33.820759],[-104.993662,33.818398],[-104.996746,33.817498],[-105.005145,33.816559],[-105.006157,33.816749],[-105.005852,33.818225],[-105.006461,33.819059],[-105.009196,33.820616],[-105.011079,33.822653],[-105.018479,33.824332],[-105.015986,33.819367],[-105.015273,33.816796],[-105.014673,33.813],[-105.016927,33.805876],[-105.017057,33.80417],[-105.020154,33.803786],[-105.024893,33.802145],[-105.026873,33.800981],[-105.025417,33.781498],[-105.024509,33.779113],[-105.024963,33.777233],[-105.024288,33.756851],[-105.023724,33.756341],[-105.027384,33.756927],[-105.030868,33.7564],[-105.03003,33.75431],[-105.032485,33.752425],[-105.033453,33.75107],[-105.03516,33.750518],[-105.037069,33.747572],[-105.036479,33.745161],[-105.037228,33.743714],[-105.037107,33.740545],[-105.037473,33.738777],[-105.039188,33.735814],[-105.043703,33.735851],[-105.048057,33.733253],[-105.048967,33.733045],[-105.047773,33.731541],[-105.042408,33.725917],[-105.029414,33.726189],[-105.027805,33.725734],[-105.026644,33.722509],[-105.026746,33.718094],[-105.027379,33.715483],[-105.027157,33.711187],[-105.026199,33.709353],[-105.025394,33.70575],[-105.022383,33.701356],[-105.016606,33.695687],[-105.011583,33.689872],[-105.00809,33.6864],[-105.005223,33.683189],[-105.004824,33.681447],[-105.005076,33.679288],[-105.009159,33.679503],[-105.01775,33.677617],[-105.020377,33.675876],[-105.022871,33.67502],[-105.040889,33.674692],[-105.043012,33.674759],[-105.045388,33.675496],[-105.048949,33.67781],[-105.052179,33.6808],[-105.054232,33.68184],[-105.059265,33.683419],[-105.062474,33.684715],[-105.065881,33.684091],[-105.071735,33.680157],[-105.073584,33.679743],[-105.074957,33.680211],[-105.079164,33.68389],[-105.080404,33.684456],[-105.084629,33.685421],[-105.095005,33.686252],[-105.098975,33.68623],[-105.104489,33.684583],[-105.109372,33.681776],[-105.110762,33.681314],[-105.114958,33.680778],[-105.11732,33.680149],[-105.125021,33.676342],[-105.152845,33.667862],[-105.157156,33.666134],[-105.159341,33.665963],[-105.159396,33.663893],[-105.161503,33.663248],[-105.162253,33.661326],[-105.162701,33.658648],[-105.164246,33.657191],[-105.165609,33.653553],[-105.168395,33.648924],[-105.173625,33.647823],[-105.176917,33.645933],[-105.177342,33.643623],[-105.178042,33.642657],[-105.181357,33.641383],[-105.182532,33.640069],[-105.186312,33.638591],[-105.190054,33.63785],[-105.191601,33.635491],[-105.193242,33.634769],[-105.193603,33.633409],[-105.195552,33.632429],[-105.195966,33.630909],[-105.199126,33.629842],[-105.200153,33.628972],[-105.203019,33.627955],[-105.203304,33.627086],[-105.206799,33.625188],[-105.209432,33.621874],[-105.212264,33.620396],[-105.212871,33.62065],[-105.217787,33.620204],[-105.219114,33.621438],[-105.220673,33.620799],[-105.224357,33.620079],[-105.226107,33.618381],[-105.228462,33.616951],[-105.231628,33.613362],[-105.234037,33.612413],[-105.2376,33.608521],[-105.237467,33.604392],[-105.23917,33.602887],[-105.242341,33.602441],[-105.242523,33.599379],[-105.245715,33.597979],[-105.245763,33.596443],[-105.246649,33.595251],[-105.249742,33.593873],[-105.252097,33.59196],[-105.257946,33.592265],[-105.257117,33.590825],[-105.251574,33.587027],[-105.249624,33.584344],[-105.249669,33.581402],[-105.250219,33.576692],[-105.249888,33.573265],[-105.250882,33.568172],[-105.250939,33.566185],[-105.252369,33.564567],[-105.252232,33.561132],[-105.305619,33.560382],[-105.305469,33.562546],[-105.306305,33.565135],[-105.30632,33.627066],[-105.308414,33.627234],[-105.311796,33.628889],[-105.312783,33.629938],[-105.31572,33.631079],[-105.317279,33.630959],[-105.319351,33.631622],[-105.318793,33.632228],[-105.3202,33.632777],[-105.324424,33.633466],[-105.325053,33.63314],[-105.325723,33.634764],[-105.327892,33.634485],[-105.328997,33.636031],[-105.331963,33.637337],[-105.335115,33.637846],[-105.336406,33.637087],[-105.339062,33.639653],[-105.345525,33.641017],[-105.347679,33.640889],[-105.350056,33.642279],[-105.350773,33.643245],[-105.356575,33.643565],[-105.358082,33.64306],[-105.362244,33.642476],[-105.366185,33.642586],[-105.368654,33.643199],[-105.370977,33.644811],[-105.377117,33.646579],[-105.378217,33.646014],[-105.386667,33.647129],[-105.389125,33.646977],[-105.392475,33.647783],[-105.396249,33.647599],[-105.396992,33.647133],[-105.399745,33.648387],[-105.403188,33.649048],[-105.406707,33.650077],[-105.409749,33.650585],[-105.41666,33.650771],[-105.423869,33.651833],[-105.42958,33.651428],[-105.43516,33.650049],[-105.438924,33.649588],[-105.442,33.649531],[-105.444346,33.648789],[-105.445373,33.649551],[-105.447122,33.649542],[-105.453779,33.646902],[-105.454919,33.642914],[-105.455226,33.640133],[-105.456299,33.637011],[-105.457766,33.634114],[-105.459616,33.631623],[-105.461917,33.627296],[-105.465792,33.624598],[-105.466462,33.622539],[-105.465692,33.62111],[-105.466118,33.618015],[-105.466188,33.620871],[-105.467166,33.621663],[-105.470227,33.622534],[-105.473049,33.621597],[-105.476987,33.618738],[-105.477846,33.617066],[-105.47804,33.615315],[-105.480213,33.611299],[-105.481997,33.610039],[-105.483541,33.608],[-105.483997,33.606467],[-105.485834,33.604262],[-105.486249,33.602921],[-105.488614,33.599976],[-105.490739,33.597929],[-105.491757,33.594209],[-105.4928,33.592889],[-105.489883,33.591299],[-105.48905,33.589368],[-105.487895,33.590029],[-105.486594,33.593133],[-105.485247,33.593794],[-105.484613,33.593058],[-105.481285,33.591651],[-105.479141,33.591485],[-105.475705,33.592553],[-105.473063,33.59117],[-105.472236,33.590136],[-105.470828,33.585915],[-105.471949,33.583577],[-105.471703,33.582318],[-105.473233,33.577872],[-105.47523,33.574962],[-105.476788,33.573724],[-105.47958,33.573104],[-105.480016,33.56937],[-105.481465,33.567743],[-105.484582,33.561648],[-105.485237,33.559013],[-105.486195,33.559035],[-105.487945,33.557019],[-105.487998,33.553949],[-105.48481,33.551509],[-105.482108,33.550601],[-105.480948,33.547544],[-105.48148,33.54469],[-105.481953,33.544233],[-105.486105,33.544058],[-105.486691,33.541725],[-105.491004,33.537824],[-105.489929,33.535733],[-105.490394,33.534841],[-105.49425,33.53503],[-105.497092,33.533251],[-105.496407,33.528961],[-105.496353,33.526105],[-105.499632,33.522348],[-105.491704,33.518271],[-105.487731,33.517671],[-105.482423,33.520688],[-105.476354,33.52029],[-105.474601,33.521319],[-105.472939,33.520759],[-105.472024,33.521619],[-105.468858,33.522053],[-105.467465,33.523322],[-105.465665,33.523112],[-105.462164,33.524046],[-105.457668,33.524191],[-105.454247,33.525048],[-105.450597,33.526436],[-105.446336,33.526362],[-105.44193,33.52701],[-105.439287,33.526625],[-105.438351,33.527136],[-105.437356,33.531529],[-105.43605,33.532857],[-105.434609,33.535255],[-105.431127,33.537796],[-105.428629,33.539079],[-105.425228,33.540208],[-105.420783,33.542178],[-105.417904,33.542259],[-105.414095,33.543053],[-105.413084,33.54377],[-105.406513,33.543594],[-105.404812,33.54272],[-105.402519,33.544302],[-105.400285,33.544497],[-105.398366,33.544071],[-105.394537,33.545327],[-105.392603,33.545071],[-105.389519,33.545662],[-105.384352,33.545456],[-105.380145,33.5428],[-105.377581,33.54083],[-105.374817,33.539776],[-105.373173,33.539786],[-105.366876,33.538328],[-105.36359,33.537896],[-105.360036,33.538297],[-105.356303,33.537357],[-105.351408,33.533291],[-105.348685,33.533257],[-105.347544,33.53333],[-105.343251,33.536822],[-105.341911,33.537076],[-105.338746,33.539732],[-105.336836,33.540039],[-105.334766,33.540996],[-105.333891,33.542029],[-105.3308,33.542293],[-105.32955,33.543387],[-105.32884,33.543028],[-105.328486,33.540433],[-105.326778,33.539766],[-105.324617,33.539862],[-105.320413,33.542552],[-105.318542,33.542916],[-105.316482,33.541007],[-105.308428,33.535998],[-105.30674,33.536172],[-105.302784,33.535231],[-105.29632,33.529769],[-105.295147,33.52946],[-105.293612,33.530127],[-105.293921,33.531032],[-105.292172,33.531751],[-105.291001,33.53438],[-105.29023,33.534199],[-105.29009,33.53658],[-105.288256,33.538369],[-105.286211,33.542057],[-105.285826,33.546217],[-105.283535,33.547038],[-105.281245,33.545873],[-105.280374,33.544356],[-105.278635,33.542723],[-105.276395,33.541935],[-105.273989,33.538922],[-105.272728,33.53804],[-105.270228,33.537996],[-105.267911,33.536164],[-105.265222,33.536935],[-105.264979,33.538522],[-105.260836,33.536444],[-105.257581,33.539187],[-105.255638,33.539074],[-105.256383,33.540554],[-105.254993,33.541607],[-105.25301,33.540595],[-105.251287,33.540355],[-105.248803,33.536475],[-105.245037,33.534531],[-105.242612,33.532156],[-105.241294,33.531551],[-105.239687,33.529041],[-105.238053,33.528475],[-105.235827,33.526487],[-105.233971,33.525726],[-105.23379,33.492676],[-105.241412,33.490416],[-105.243363,33.490392],[-105.244106,33.48905],[-105.247196,33.487481],[-105.249458,33.48473],[-105.253858,33.485284],[-105.254924,33.483463],[-105.254951,33.474834],[-105.272222,33.474702],[-105.272453,33.437799],[-105.269561,33.437025],[-105.268219,33.435296],[-105.268277,33.434267],[-105.266789,33.432538],[-105.266733,33.430214],[-105.267372,33.428482],[-105.264474,33.428641],[-105.260237,33.428161],[-105.259798,33.427601],[-105.261746,33.424957],[-105.260337,33.420968],[-105.258409,33.420493],[-105.256808,33.417082],[-105.253974,33.414287],[-105.253864,33.409779],[-105.251031,33.407289],[-105.246868,33.402434],[-105.246126,33.401092],[-105.245813,33.399566],[-105.247913,33.392966],[-105.250575,33.381394],[-105.252109,33.379762],[-105.25428,33.379348],[-105.253685,33.378002],[-105.249515,33.373359],[-105.248223,33.372257],[-105.243103,33.369608],[-105.244144,33.368107],[-105.243132,33.365797],[-105.244099,33.363261],[-105.242532,33.363462],[-105.241756,33.3647],[-105.23901,33.36686],[-105.236997,33.366887],[-105.2366,33.363419],[-105.227111,33.362614],[-105.225527,33.363079],[-105.226171,33.360802],[-105.226008,33.358078],[-105.227746,33.351512],[-105.231761,33.350132],[-105.233757,33.349834],[-105.235533,33.3474],[-105.23542,33.34445],[-105.236874,33.343809],[-105.238423,33.341726],[-105.239353,33.339637],[-105.242613,33.338265],[-105.246243,33.337887],[-105.247214,33.336696],[-105.249203,33.335873],[-105.250673,33.333804],[-105.251513,33.333532],[-105.253832,33.331183],[-105.257161,33.329023],[-105.258758,33.328415],[-105.259616,33.328815],[-105.262302,33.327514],[-105.263891,33.327247],[-105.265825,33.324132],[-105.266275,33.321894],[-105.267356,33.321102],[-105.267158,33.319242],[-105.26549,33.318275],[-105.265359,33.317205],[-105.26689,33.314935],[-105.269568,33.312745],[-105.270996,33.31261],[-105.2678,33.310868],[-105.266645,33.30977],[-105.264043,33.308922],[-105.263002,33.306948],[-105.261628,33.306772],[-105.258595,33.305511],[-105.256545,33.305936],[-105.254018,33.305186],[-105.252922,33.302692],[-105.249191,33.302695],[-105.248363,33.30456],[-105.247798,33.308497],[-105.245834,33.309666],[-105.245876,33.308639],[-105.242977,33.308861],[-105.242169,33.30736],[-105.240715,33.308869],[-105.238786,33.308467],[-105.237581,33.308915],[-105.237405,33.306755],[-105.23527,33.305867],[-105.231766,33.305466],[-105.229315,33.3061],[-105.228471,33.306846],[-105.22878,33.310205],[-105.229408,33.312216],[-105.224462,33.314324],[-105.223977,33.315782],[-105.224799,33.316802],[-105.226213,33.322125],[-105.225356,33.323575],[-105.22319,33.324568],[-105.22276,33.326765],[-105.223103,33.328249],[-105.221886,33.328463],[-105.218897,33.326867],[-105.218579,33.323296],[-105.216822,33.321213],[-105.215374,33.320359],[-105.212709,33.320847],[-105.211395,33.323292],[-105.210606,33.323214],[-105.204778,33.324494],[-105.202948,33.325927],[-105.198709,33.324066],[-105.192201,33.323459],[-105.188989,33.322192],[-105.186426,33.321562],[-105.186131,33.318409],[-105.185536,33.31631],[-105.18467,33.315517],[-105.181841,33.318944],[-105.180665,33.321905],[-105.179215,33.323538],[-105.17599,33.325851],[-105.174199,33.328505],[-105.174014,33.332547],[-105.173165,33.336638],[-105.17168,33.338994],[-105.171672,33.34234],[-105.171248,33.344381],[-105.16905,33.34588],[-105.167314,33.346026],[-105.163628,33.348529],[-105.16067,33.34892],[-105.160675,33.353786],[-105.16022,33.356896],[-105.155432,33.354979],[-105.149716,33.353521],[-105.146652,33.352355],[-105.140043,33.350825],[-105.125571,33.344645],[-105.122844,33.342644],[-105.120525,33.340187],[-105.117476,33.338183],[-105.11965,33.337445],[-105.120511,33.335659],[-105.11914,33.334882],[-105.116231,33.334218],[-105.114352,33.335017],[-105.113748,33.334032],[-105.110467,33.335079],[-105.106162,33.332991],[-105.104707,33.331325],[-105.103835,33.327906],[-105.103834,33.3258],[-105.103263,33.324343],[-105.101972,33.323127],[-105.099797,33.322183],[-105.099424,33.32143],[-105.097714,33.320908],[-105.096981,33.323565],[-105.092849,33.324928],[-105.090832,33.324677],[-105.087599,33.325646],[-105.089344,33.328179],[-105.083819,33.332532],[-105.082329,33.334353],[-105.078118,33.338041],[-105.074585,33.339934],[-105.072779,33.340448],[-105.070024,33.340327],[-105.067918,33.339442],[-105.062693,33.33593],[-105.05998,33.333728],[-105.056865,33.332477],[-105.05179,33.331791],[-105.049276,33.332095],[-105.050018,33.331317],[-105.046703,33.331508],[-105.044117,33.333506],[-105.041684,33.332102],[-105.038667,33.33088],[-105.0372,33.33153],[-105.035392,33.331496],[-105.033054,33.329527],[-105.033573,33.325926],[-105.032964,33.324205],[-105.033855,33.323331],[-105.033227,33.322286],[-105.031472,33.321565],[-105.027568,33.321745],[-105.021986,33.326258],[-105.020355,33.32602],[-105.018195,33.322969],[-105.017443,33.320725],[-105.017457,33.318861],[-105.016265,33.319432],[-105.013274,33.317289],[-105.011898,33.317808],[-105.011008,33.319301],[-105.010802,33.321322],[-105.011586,33.323428],[-105.005614,33.321286],[-105.00576,33.318658],[-105.008238,33.314745],[-105.006937,33.311428],[-105.005804,33.310938],[-105.004475,33.310707],[-105.003296,33.311509],[-105.004048,33.313384],[-105.003712,33.315479],[-104.998977,33.315418],[-104.995362,33.315918],[-104.995132,33.316848],[-104.993279,33.316857],[-104.991789,33.317532],[-104.989052,33.317908],[-104.985845,33.317718],[-104.983011,33.31796],[-104.982235,33.318711],[-104.981815,33.321008],[-104.98057,33.322299],[-104.978988,33.321357],[-104.979365,33.320301],[-104.977008,33.321596],[-104.97465,33.321207],[-104.973882,33.317704],[-104.975282,33.315021],[-104.974031,33.313674],[-104.972354,33.313927],[-104.969611,33.315979],[-104.966009,33.31465],[-104.9635,33.312561],[-104.962537,33.312213],[-104.959826,33.312627],[-104.958792,33.313557],[-104.958903,33.315751],[-104.956961,33.319077],[-104.953378,33.319498],[-104.949569,33.321064],[-104.94855,33.32065],[-104.947391,33.322373],[-104.945826,33.323538],[-104.944542,33.323247],[-104.942479,33.321664],[-104.941673,33.320273],[-104.94164,33.318117],[-104.942865,33.314966],[-104.942681,33.313031],[-104.941614,33.312553],[-104.938582,33.313882],[-104.936185,33.316814],[-104.935563,33.3192],[-104.934606,33.319606],[-104.930548,33.31785],[-104.928256,33.31524],[-104.926832,33.314312],[-104.924468,33.315148],[-104.92348,33.318089],[-104.924158,33.31955],[-104.926479,33.32269],[-104.926335,33.325812],[-104.923867,33.327413],[-104.921203,33.327671],[-104.919543,33.329051],[-104.920226,33.335692],[-104.919777,33.33681],[-104.917233,33.338405],[-104.913918,33.339571],[-104.908071,33.339968],[-104.90553,33.341223],[-104.905186,33.342227],[-104.907204,33.342866],[-104.910127,33.34483],[-104.910871,33.345965],[-104.910282,33.348005],[-104.908144,33.349058],[-104.903345,33.34896],[-104.899987,33.346956],[-104.894699,33.345405],[-104.890493,33.346449],[-104.885451,33.349871],[-104.885141,33.37788],[-104.884834,33.379517],[-104.885119,33.382889],[-104.885088,33.393271],[-104.892433,33.398199],[-104.892301,33.488098],[-104.8919,33.490173],[-104.892314,33.493628],[-104.89109,33.822258],[-104.89236,33.824431],[-104.894573,33.82443],[-104.894743,33.894546],[-104.894528,33.897257],[-104.894774,33.900822],[-104.894829,33.911786]]]}},{"type":"Feature","properties":{"zcta5":"88316","AFFGEOID10":"8600000US88316","GEOID10":"88316","ALAND10":2769996790,"AWATER10":114094,"county_name":"Lincoln","state_code":"NM","county_state":"Lincoln County, NM","county_fips":"35027","risk_level_county":"Medium Risk (70–79% vaccinated)","mean_vaccination_rate_county":70.28,"risk_level_zcta":"Higher Risk (60–69% vaccinated)","mean_vaccination_rate_zips":63.39,"cases":17},"geometry":{"type":"Polygon","coordinates":[[[-105.540664,33.996947],[-105.538988,33.996239],[-105.534397,33.992189],[-105.530221,33.987605],[-105.525801,33.98386],[-105.525618,33.977252],[-105.524196,33.973477],[-105.524053,33.97104],[-105.523403,33.969788],[-105.521029,33.967949],[-105.520677,33.966181],[-105.520117,33.95806],[-105.520343,33.956113],[-105.523519,33.956045],[-105.525645,33.95414],[-105.523491,33.95403],[-105.521325,33.954556],[-105.520649,33.954151],[-105.521172,33.947994],[-105.520537,33.944855],[-105.520273,33.92871],[-105.519978,33.924282],[-105.520806,33.921218],[-105.522429,33.921229],[-105.525313,33.924231],[-105.527207,33.928997],[-105.528911,33.929432],[-105.531989,33.931312],[-105.536083,33.932756],[-105.540975,33.935116],[-105.54331,33.937018],[-105.547432,33.939285],[-105.551087,33.935208],[-105.555594,33.93152],[-105.560733,33.929069],[-105.560251,33.911004],[-105.55144,33.91107],[-105.543876,33.910916],[-105.582807,33.910757],[-105.585435,33.908222],[-105.586582,33.910987],[-105.59401,33.910929],[-105.591804,33.906977],[-105.591092,33.904252],[-105.591647,33.90255],[-105.591607,33.900526],[-105.592868,33.895797],[-105.592998,33.89005],[-105.594064,33.888917],[-105.595451,33.885469],[-105.595638,33.883197],[-105.58274,33.883179],[-105.577956,33.881977],[-105.57542,33.880563],[-105.570649,33.879189],[-105.553027,33.873399],[-105.548847,33.872844],[-105.545653,33.871632],[-105.525898,33.866365],[-105.515316,33.86213],[-105.508135,33.858308],[-105.511925,33.854213],[-105.515604,33.847326],[-105.516211,33.845407],[-105.516142,33.84422],[-105.514887,33.842677],[-105.51407,33.840513],[-105.514411,33.838425],[-105.518084,33.838174],[-105.526195,33.833848],[-105.526128,33.825783],[-105.52675,33.824977],[-105.530169,33.824947],[-105.533564,33.825478],[-105.538489,33.824838],[-105.541607,33.82335],[-105.544438,33.823871],[-105.546688,33.822155],[-105.551298,33.817784],[-105.55256,33.816914],[-105.557416,33.815452],[-105.561065,33.813599],[-105.564385,33.812272],[-105.568007,33.812364],[-105.571245,33.810439],[-105.578764,33.809269],[-105.592211,33.809381],[-105.594467,33.808056],[-105.602194,33.804303],[-105.60933,33.801175],[-105.615367,33.798258],[-105.618198,33.797947],[-105.622718,33.797869],[-105.625385,33.796704],[-105.625003,33.795571],[-105.627777,33.794836],[-105.630681,33.793423],[-105.634287,33.793014],[-105.636071,33.793963],[-105.637969,33.793453],[-105.640478,33.791789],[-105.642134,33.791688],[-105.644991,33.789626],[-105.649412,33.790845],[-105.653571,33.791071],[-105.65707,33.788223],[-105.658586,33.785004],[-105.659972,33.78319],[-105.659068,33.780045],[-105.660125,33.775016],[-105.653393,33.772632],[-105.65017,33.772613],[-105.645099,33.771473],[-105.642039,33.770053],[-105.639909,33.768127],[-105.63272,33.76537],[-105.630314,33.763473],[-105.628066,33.760493],[-105.627666,33.75787],[-105.626422,33.757606],[-105.622281,33.755426],[-105.613473,33.753788],[-105.611365,33.750709],[-105.607981,33.747478],[-105.607383,33.746073],[-105.607937,33.744329],[-105.610482,33.740016],[-105.612799,33.737334],[-105.612745,33.735086],[-105.6181,33.735177],[-105.6199,33.73479],[-105.62207,33.735402],[-105.630759,33.732735],[-105.632856,33.732374],[-105.633646,33.727639],[-105.634998,33.72538],[-105.635837,33.720753],[-105.636613,33.71923],[-105.636019,33.717318],[-105.636543,33.716956],[-105.639983,33.716906],[-105.645572,33.714538],[-105.647934,33.714457],[-105.651119,33.715246],[-105.65278,33.715033],[-105.653705,33.714318],[-105.654752,33.711533],[-105.654526,33.710635],[-105.656574,33.710223],[-105.656516,33.693071],[-105.662338,33.689904],[-105.664076,33.688337],[-105.667024,33.684572],[-105.671472,33.683337],[-105.672592,33.6823],[-105.676005,33.68087],[-105.674136,33.67827],[-105.674767,33.677026],[-105.675411,33.673299],[-105.677269,33.670411],[-105.677695,33.666792],[-105.67861,33.666519],[-105.679927,33.664662],[-105.682185,33.662241],[-105.687192,33.658325],[-105.688898,33.657412],[-105.691835,33.657034],[-105.69253,33.655746],[-105.695351,33.655977],[-105.697504,33.655536],[-105.698986,33.652942],[-105.702476,33.650075],[-105.732277,33.619987],[-105.736648,33.616247],[-105.737749,33.609451],[-105.738989,33.607344],[-105.73835,33.605582],[-105.730488,33.602764],[-105.730648,33.601628],[-105.727283,33.598734],[-105.726408,33.597502],[-105.724084,33.596182],[-105.723428,33.594813],[-105.724579,33.59317],[-105.721608,33.592283],[-105.717673,33.593171],[-105.70512,33.586489],[-105.708006,33.584901],[-105.707298,33.582545],[-105.704876,33.5805],[-105.703622,33.578802],[-105.701419,33.578006],[-105.699324,33.576374],[-105.69625,33.577497],[-105.694903,33.577196],[-105.695176,33.577893],[-105.698198,33.579415],[-105.698143,33.580404],[-105.695557,33.581253],[-105.695028,33.582031],[-105.690775,33.580644],[-105.689544,33.580709],[-105.690797,33.52766],[-105.688133,33.52666],[-105.685229,33.526146],[-105.680162,33.522716],[-105.677992,33.520463],[-105.672606,33.518774],[-105.669279,33.515611],[-105.665792,33.514449],[-105.661796,33.515467],[-105.659642,33.514057],[-105.657686,33.515073],[-105.655487,33.51485],[-105.651546,33.515968],[-105.649726,33.515735],[-105.649853,33.511142],[-105.647693,33.510782],[-105.647136,33.507593],[-105.647789,33.503987],[-105.650391,33.502982],[-105.654275,33.504841],[-105.656463,33.506304],[-105.659142,33.506782],[-105.662229,33.50658],[-105.664824,33.507738],[-105.666826,33.505691],[-105.665553,33.504945],[-105.665228,33.50327],[-105.666715,33.49974],[-105.671074,33.499584],[-105.671242,33.502808],[-105.674753,33.50278],[-105.676022,33.499273],[-105.675755,33.497185],[-105.671817,33.495872],[-105.665219,33.496145],[-105.660677,33.495882],[-105.659751,33.494042],[-105.66264,33.49241],[-105.665564,33.492942],[-105.668285,33.492564],[-105.670458,33.491545],[-105.671941,33.490081],[-105.674445,33.489519],[-105.671577,33.475982],[-105.671754,33.472002],[-105.673696,33.468227],[-105.674455,33.463917],[-105.67688,33.460918],[-105.678609,33.45745],[-105.681809,33.45353],[-105.681722,33.450285],[-105.686235,33.448943],[-105.687625,33.445545],[-105.689998,33.442566],[-105.680417,33.438826],[-105.673749,33.439377],[-105.673364,33.441138],[-105.670061,33.443496],[-105.670076,33.44447],[-105.668555,33.443849],[-105.665807,33.445849],[-105.664125,33.445549],[-105.663424,33.446348],[-105.661176,33.445849],[-105.660911,33.447129],[-105.656093,33.446013],[-105.651948,33.444249],[-105.651307,33.444377],[-105.652912,33.445493],[-105.657789,33.44674],[-105.659163,33.448082],[-105.660708,33.448075],[-105.660132,33.450668],[-105.658552,33.455218],[-105.656005,33.459284],[-105.653755,33.457706],[-105.653266,33.456654],[-105.650874,33.455916],[-105.64955,33.456845],[-105.646845,33.456238],[-105.640975,33.458171],[-105.639962,33.458191],[-105.636898,33.459905],[-105.633718,33.460575],[-105.630471,33.461838],[-105.628033,33.463783],[-105.627249,33.468302],[-105.628494,33.471249],[-105.627178,33.474663],[-105.620404,33.475887],[-105.617826,33.475593],[-105.617681,33.476489],[-105.611352,33.476439],[-105.609637,33.479332],[-105.589428,33.477052],[-105.587714,33.477058],[-105.585279,33.473067],[-105.583266,33.473585],[-105.58179,33.473151],[-105.580778,33.471776],[-105.580723,33.469852],[-105.582171,33.467972],[-105.581684,33.46716],[-105.578251,33.469143],[-105.576956,33.469068],[-105.574169,33.47034],[-105.573589,33.471722],[-105.571008,33.471589],[-105.569725,33.474224],[-105.567488,33.474271],[-105.56572,33.4754],[-105.563521,33.475852],[-105.562491,33.475313],[-105.558543,33.47883],[-105.556008,33.479833],[-105.549914,33.483131],[-105.54899,33.485171],[-105.546575,33.484794],[-105.543844,33.488386],[-105.538293,33.492303],[-105.536461,33.492691],[-105.533923,33.494625],[-105.530714,33.495817],[-105.52771,33.497656],[-105.527274,33.496888],[-105.525199,33.498299],[-105.522801,33.498829],[-105.521791,33.500947],[-105.518362,33.503481],[-105.517614,33.502239],[-105.515313,33.504244],[-105.513362,33.503825],[-105.509886,33.503725],[-105.508185,33.505125],[-105.505633,33.506056],[-105.504106,33.505726],[-105.502282,33.507384],[-105.496847,33.507997],[-105.493928,33.512161],[-105.492681,33.512853],[-105.491893,33.514421],[-105.488117,33.51634],[-105.487731,33.517671],[-105.491704,33.518271],[-105.499632,33.522348],[-105.496353,33.526105],[-105.496407,33.528961],[-105.497092,33.533251],[-105.49425,33.53503],[-105.490394,33.534841],[-105.489929,33.535733],[-105.491004,33.537824],[-105.486691,33.541725],[-105.486105,33.544058],[-105.481953,33.544233],[-105.48148,33.54469],[-105.480948,33.547544],[-105.482108,33.550601],[-105.48481,33.551509],[-105.487998,33.553949],[-105.487945,33.557019],[-105.486195,33.559035],[-105.485237,33.559013],[-105.484582,33.561648],[-105.481465,33.567743],[-105.480016,33.56937],[-105.47958,33.573104],[-105.476788,33.573724],[-105.47523,33.574962],[-105.473233,33.577872],[-105.471703,33.582318],[-105.471949,33.583577],[-105.470828,33.585915],[-105.472236,33.590136],[-105.473063,33.59117],[-105.475705,33.592553],[-105.479141,33.591485],[-105.481285,33.591651],[-105.484613,33.593058],[-105.485247,33.593794],[-105.486594,33.593133],[-105.487895,33.590029],[-105.48905,33.589368],[-105.489883,33.591299],[-105.4928,33.592889],[-105.491757,33.594209],[-105.490739,33.597929],[-105.488614,33.599976],[-105.486249,33.602921],[-105.485834,33.604262],[-105.483997,33.606467],[-105.483541,33.608],[-105.481997,33.610039],[-105.480213,33.611299],[-105.47804,33.615315],[-105.477846,33.617066],[-105.476987,33.618738],[-105.473049,33.621597],[-105.470227,33.622534],[-105.467166,33.621663],[-105.466188,33.620871],[-105.466118,33.618015],[-105.465692,33.62111],[-105.466462,33.622539],[-105.465792,33.624598],[-105.461917,33.627296],[-105.459616,33.631623],[-105.457766,33.634114],[-105.456299,33.637011],[-105.455226,33.640133],[-105.454919,33.642914],[-105.453779,33.646902],[-105.447122,33.649542],[-105.445373,33.649551],[-105.444346,33.648789],[-105.442,33.649531],[-105.438924,33.649588],[-105.43516,33.650049],[-105.42958,33.651428],[-105.423869,33.651833],[-105.41666,33.650771],[-105.409749,33.650585],[-105.406707,33.650077],[-105.403188,33.649048],[-105.399745,33.648387],[-105.396992,33.647133],[-105.396249,33.647599],[-105.392475,33.647783],[-105.389125,33.646977],[-105.386667,33.647129],[-105.378217,33.646014],[-105.377117,33.646579],[-105.370977,33.644811],[-105.368654,33.643199],[-105.366185,33.642586],[-105.362244,33.642476],[-105.358082,33.64306],[-105.356575,33.643565],[-105.350773,33.643245],[-105.350056,33.642279],[-105.347679,33.640889],[-105.345525,33.641017],[-105.339062,33.639653],[-105.336406,33.637087],[-105.335115,33.637846],[-105.331963,33.637337],[-105.328997,33.636031],[-105.327892,33.634485],[-105.325723,33.634764],[-105.325053,33.63314],[-105.324424,33.633466],[-105.3202,33.632777],[-105.318793,33.632228],[-105.319351,33.631622],[-105.317279,33.630959],[-105.31572,33.631079],[-105.312783,33.629938],[-105.311796,33.628889],[-105.308414,33.627234],[-105.30632,33.627066],[-105.306305,33.565135],[-105.305469,33.562546],[-105.305619,33.560382],[-105.252232,33.561132],[-105.252369,33.564567],[-105.250939,33.566185],[-105.250882,33.568172],[-105.249888,33.573265],[-105.250219,33.576692],[-105.249669,33.581402],[-105.249624,33.584344],[-105.251574,33.587027],[-105.257117,33.590825],[-105.257946,33.592265],[-105.252097,33.59196],[-105.249742,33.593873],[-105.246649,33.595251],[-105.245763,33.596443],[-105.245715,33.597979],[-105.242523,33.599379],[-105.242341,33.602441],[-105.23917,33.602887],[-105.237467,33.604392],[-105.2376,33.608521],[-105.234037,33.612413],[-105.231628,33.613362],[-105.228462,33.616951],[-105.226107,33.618381],[-105.224357,33.620079],[-105.220673,33.620799],[-105.219114,33.621438],[-105.217787,33.620204],[-105.212871,33.62065],[-105.212264,33.620396],[-105.209432,33.621874],[-105.206799,33.625188],[-105.203304,33.627086],[-105.203019,33.627955],[-105.200153,33.628972],[-105.199126,33.629842],[-105.195966,33.630909],[-105.195552,33.632429],[-105.193603,33.633409],[-105.193242,33.634769],[-105.191601,33.635491],[-105.190054,33.63785],[-105.186312,33.638591],[-105.182532,33.640069],[-105.181357,33.641383],[-105.178042,33.642657],[-105.177342,33.643623],[-105.176917,33.645933],[-105.173625,33.647823],[-105.168395,33.648924],[-105.165609,33.653553],[-105.164246,33.657191],[-105.162701,33.658648],[-105.162253,33.661326],[-105.161503,33.663248],[-105.159396,33.663893],[-105.159341,33.665963],[-105.157156,33.666134],[-105.152845,33.667862],[-105.125021,33.676342],[-105.11732,33.680149],[-105.114958,33.680778],[-105.110762,33.681314],[-105.109372,33.681776],[-105.104489,33.684583],[-105.098975,33.68623],[-105.095005,33.686252],[-105.084629,33.685421],[-105.080404,33.684456],[-105.079164,33.68389],[-105.074957,33.680211],[-105.073584,33.679743],[-105.071735,33.680157],[-105.065881,33.684091],[-105.062474,33.684715],[-105.059265,33.683419],[-105.054232,33.68184],[-105.052179,33.6808],[-105.048949,33.67781],[-105.045388,33.675496],[-105.043012,33.674759],[-105.040889,33.674692],[-105.022871,33.67502],[-105.020377,33.675876],[-105.01775,33.677617],[-105.009159,33.679503],[-105.005076,33.679288],[-105.004824,33.681447],[-105.005223,33.683189],[-105.00809,33.6864],[-105.011583,33.689872],[-105.016606,33.695687],[-105.022383,33.701356],[-105.025394,33.70575],[-105.026199,33.709353],[-105.027157,33.711187],[-105.027379,33.715483],[-105.026746,33.718094],[-105.026644,33.722509],[-105.027805,33.725734],[-105.029414,33.726189],[-105.042408,33.725917],[-105.047773,33.731541],[-105.048967,33.733045],[-105.048057,33.733253],[-105.043703,33.735851],[-105.039188,33.735814],[-105.037473,33.738777],[-105.037107,33.740545],[-105.037228,33.743714],[-105.036479,33.745161],[-105.037069,33.747572],[-105.03516,33.750518],[-105.033453,33.75107],[-105.032485,33.752425],[-105.03003,33.75431],[-105.030868,33.7564],[-105.027384,33.756927],[-105.023724,33.756341],[-105.024288,33.756851],[-105.024963,33.777233],[-105.024509,33.779113],[-105.025417,33.781498],[-105.026873,33.800981],[-105.024893,33.802145],[-105.020154,33.803786],[-105.017057,33.80417],[-105.016927,33.805876],[-105.014673,33.813],[-105.015273,33.816796],[-105.015986,33.819367],[-105.018479,33.824332],[-105.011079,33.822653],[-105.009196,33.820616],[-105.006461,33.819059],[-105.005852,33.818225],[-105.006157,33.816749],[-105.005145,33.816559],[-104.996746,33.817498],[-104.993662,33.818398],[-104.992593,33.820759],[-104.990235,33.820875],[-104.988801,33.822404],[-104.987649,33.828478],[-104.988632,33.831311],[-104.988822,33.833097],[-104.988218,33.834263],[-104.990469,33.838456],[-104.991615,33.839429],[-104.993488,33.842361],[-104.993461,33.84425],[-104.992378,33.844964],[-104.992611,33.846972],[-104.991306,33.847838],[-104.989743,33.849779],[-104.989743,33.852382],[-104.990657,33.853573],[-104.991918,33.853696],[-104.993667,33.855363],[-104.994888,33.857335],[-104.995258,33.859838],[-104.993151,33.860837],[-104.99241,33.862104],[-104.99384,33.863326],[-104.993594,33.864339],[-104.99303,33.86483],[-104.987488,33.865099],[-104.985581,33.866086],[-104.97989,33.865414],[-104.977919,33.864336],[-104.975732,33.865417],[-104.972199,33.862172],[-104.96937,33.860867],[-104.967997,33.859287],[-104.968188,33.857752],[-104.969396,33.856652],[-104.968544,33.855094],[-104.967254,33.854705],[-104.963245,33.855714],[-104.961515,33.855165],[-104.95755,33.855373],[-104.950802,33.857312],[-104.948432,33.858578],[-104.947475,33.859934],[-104.946029,33.859584],[-104.943174,33.860229],[-104.944767,33.863596],[-104.944959,33.866254],[-104.944602,33.868041],[-104.943229,33.86953],[-104.943257,33.870584],[-104.941444,33.872416],[-104.938671,33.872256],[-104.939194,33.875151],[-104.940876,33.880196],[-104.943055,33.883812],[-104.938924,33.883756],[-104.938479,33.886533],[-104.938433,33.892422],[-104.935253,33.895426],[-104.935283,33.897866],[-104.936218,33.89825],[-104.937815,33.900278],[-104.936225,33.902145],[-104.935099,33.905496],[-104.929329,33.909344],[-104.929683,33.911717],[-104.894829,33.911786],[-104.893726,34.047586],[-104.89748,34.04873],[-104.901687,34.049413],[-104.915266,34.052561],[-104.919311,34.053034],[-104.92274,34.052279],[-104.929996,34.051591],[-104.934229,34.048215],[-104.935222,34.046335],[-104.937052,34.047627],[-104.940133,34.047965],[-104.947282,34.050088],[-104.958127,34.051177],[-104.965004,34.049955],[-104.968921,34.048943],[-104.971099,34.046441],[-104.972623,34.042807],[-104.97665,34.047248],[-104.986345,34.05551],[-104.987418,34.055212],[-104.987722,34.056449],[-104.988519,34.054913],[-104.990521,34.053145],[-104.995854,34.051121],[-104.999314,34.049502],[-105.003164,34.049741],[-105.006649,34.046353],[-105.008485,34.045667],[-105.015912,34.043946],[-105.02032,34.043869],[-105.022333,34.043046],[-105.02493,34.043015],[-105.047582,34.031671],[-105.053553,34.028006],[-105.055342,34.023585],[-105.05592,34.01953],[-105.05537,34.018293],[-105.052069,34.01575],[-105.050981,34.012178],[-105.051094,34.007053],[-105.05033,34.00276],[-105.049324,33.999969],[-105.049482,33.998641],[-105.053497,33.995173],[-105.057555,33.992028],[-105.059065,33.99131],[-105.060693,33.991204],[-105.062677,33.992629],[-105.068818,33.99407],[-105.070536,33.992048],[-105.072782,33.993211],[-105.076823,33.994221],[-105.078591,33.996753],[-105.083115,33.997985],[-105.086647,34.001227],[-105.087116,34.002402],[-105.088783,34.003533],[-105.088525,34.004474],[-105.09282,34.006336],[-105.103523,34.011898],[-105.104787,34.012779],[-105.106396,34.015569],[-105.107277,34.013149],[-105.114874,34.011894],[-105.119096,34.011635],[-105.122408,34.013201],[-105.130444,34.013023],[-105.134325,34.010537],[-105.138837,34.008431],[-105.143981,34.00825],[-105.148437,34.008687],[-105.152591,34.007337],[-105.15526,34.005986],[-105.158836,34.006307],[-105.16497,34.006423],[-105.163319,34.008393],[-105.161255,34.012837],[-105.165106,34.014075],[-105.168709,34.015679],[-105.168406,34.018695],[-105.169422,34.019541],[-105.169615,34.021232],[-105.170684,34.021272],[-105.171806,34.019882],[-105.17316,34.01694],[-105.175035,34.01611],[-105.178614,34.016078],[-105.181314,34.018068],[-105.183863,34.018986],[-105.190307,34.019371],[-105.191106,34.01781],[-105.194803,34.016407],[-105.196381,34.016517],[-105.196929,34.017144],[-105.196454,34.019728],[-105.194441,34.022455],[-105.196898,34.029113],[-105.195465,34.029559],[-105.191958,34.028872],[-105.190505,34.028102],[-105.187904,34.027706],[-105.186517,34.028888],[-105.187798,34.030994],[-105.191153,34.033308],[-105.193312,34.034315],[-105.196133,34.037245],[-105.197387,34.037981],[-105.200425,34.038377],[-105.2031,34.03946],[-105.204171,34.045502],[-105.205043,34.0457],[-105.20851,34.044247],[-105.215247,34.043394],[-105.219005,34.044295],[-105.221053,34.045361],[-105.222586,34.04679],[-105.224146,34.049478],[-105.225673,34.053177],[-105.227662,34.054936],[-105.232663,34.056144],[-105.23289,34.059767],[-105.233942,34.062554],[-105.236771,34.065137],[-105.23788,34.064367],[-105.241447,34.063667],[-105.243111,34.062874],[-105.244873,34.060889],[-105.24712,34.061152],[-105.249328,34.063663],[-105.254411,34.064759],[-105.255818,34.063731],[-105.256361,34.062165],[-105.253616,34.057188],[-105.252191,34.055164],[-105.251704,34.053135],[-105.251962,34.052305],[-105.254441,34.053323],[-105.256101,34.052707],[-105.25739,34.050061],[-105.257269,34.048127],[-105.258456,34.045513],[-105.260716,34.042372],[-105.263334,34.039942],[-105.263612,34.037121],[-105.267615,34.026023],[-105.268201,34.018846],[-105.271711,34.019823],[-105.275013,34.023115],[-105.277281,34.024767],[-105.285436,34.029305],[-105.291224,34.030358],[-105.296413,34.031701],[-105.297697,34.029794],[-105.298651,34.024522],[-105.299487,34.023478],[-105.301593,34.02308],[-105.303844,34.013874],[-105.303677,34.007684],[-105.299051,33.991315],[-105.304524,33.99017],[-105.307823,33.989392],[-105.312718,33.987238],[-105.316101,33.986207],[-105.318599,33.981854],[-105.365699,34.000038],[-105.373662,34.003107],[-105.401928,34.014045],[-105.404951,34.008959],[-105.405803,34.006919],[-105.406902,34.006346],[-105.405893,34.004425],[-105.409423,34.002436],[-105.417238,33.998606],[-105.421124,33.997258],[-105.422052,33.998991],[-105.428532,34.000138],[-105.430519,34.000865],[-105.441094,34.005801],[-105.444566,34.006539],[-105.447197,34.005361],[-105.451959,34.00552],[-105.454266,34.00619],[-105.458104,34.008029],[-105.465591,34.012344],[-105.469503,34.012554],[-105.473131,34.011749],[-105.477235,34.009288],[-105.478317,34.009065],[-105.493279,34.011048],[-105.498343,34.010856],[-105.507591,34.012775],[-105.508141,34.009425],[-105.508308,33.998476],[-105.509203,33.998006],[-105.525868,33.997896],[-105.540664,33.996947]]]}},{"type":"Feature","properties":{"zcta5":"88318","AFFGEOID10":"8600000US88318","GEOID10":"88318","ALAND10":3365714647,"AWATER10":3803,"county_name":"Lincoln","state_code":"NM","county_state":"Lincoln County, NM","county_fips":"35027","risk_level_county":"Medium Risk (70–79% vaccinated)","mean_vaccination_rate_county":70.28,"risk_level_zcta":"Very High Risk (<60% vaccinated)","mean_vaccination_rate_zips":57.41,"cases":17},"geometry":{"type":"Polygon","coordinates":[[[-105.90182,34.259985],[-105.902033,34.255409],[-105.901066,34.254863],[-105.902522,34.252371],[-105.902192,34.247874],[-105.902424,34.245893],[-105.904098,34.244014],[-105.903449,34.239036],[-105.90491,34.236071],[-105.904895,34.234682],[-105.906761,34.232964],[-105.907338,34.231653],[-105.902508,34.233468],[-105.898169,34.234035],[-105.893735,34.23345],[-105.889194,34.233802],[-105.889257,34.230314],[-105.891974,34.22427],[-105.892131,34.221245],[-105.893155,34.218226],[-105.889549,34.215725],[-105.889875,34.209845],[-105.875645,34.203708],[-105.867297,34.200675],[-105.859532,34.197381],[-105.861339,34.194786],[-105.860682,34.193649],[-105.856649,34.191818],[-105.853925,34.191116],[-105.850041,34.190804],[-105.845939,34.191636],[-105.842079,34.189919],[-105.841307,34.188797],[-105.839212,34.18866],[-105.768305,34.158395],[-105.770125,34.154754],[-105.770099,34.151295],[-105.771064,34.148478],[-105.76988,34.147217],[-105.767621,34.14669],[-105.764206,34.145039],[-105.761974,34.14513],[-105.76145,34.146206],[-105.759797,34.146732],[-105.756766,34.146594],[-105.756234,34.14287],[-105.755216,34.140356],[-105.754663,34.13747],[-105.757563,34.136073],[-105.762187,34.135478],[-105.764869,34.133319],[-105.767392,34.132303],[-105.770264,34.129001],[-105.771899,34.127685],[-105.775764,34.122706],[-105.776886,34.119135],[-105.77972,34.114952],[-105.780545,34.114829],[-105.784888,34.114978],[-105.786424,34.116188],[-105.787464,34.116049],[-105.791772,34.11911],[-105.793064,34.122307],[-105.795343,34.125496],[-105.797791,34.126685],[-105.800748,34.127215],[-105.801776,34.128928],[-105.8071,34.131096],[-105.809957,34.130487],[-105.812304,34.130808],[-105.816004,34.132866],[-105.820483,34.133944],[-105.822352,34.136226],[-105.823003,34.138892],[-105.824494,34.140068],[-105.824086,34.134094],[-105.823371,34.13186],[-105.825146,34.129782],[-105.824393,34.12791],[-105.822134,34.126622],[-105.821555,34.125316],[-105.822606,34.122993],[-105.822008,34.119246],[-105.822563,34.11764],[-105.82062,34.117995],[-105.815954,34.117463],[-105.81296,34.118069],[-105.812596,34.117506],[-105.813755,34.112665],[-105.812109,34.112078],[-105.808851,34.109718],[-105.804882,34.108159],[-105.80293,34.108238],[-105.802587,34.105301],[-105.79991,34.105324],[-105.80082,34.104134],[-105.799224,34.102371],[-105.800327,34.098844],[-105.800658,34.096348],[-105.798622,34.095021],[-105.797831,34.089481],[-105.79979,34.086898],[-105.799859,34.085814],[-105.829703,34.085799],[-105.832988,34.08557],[-105.834644,34.085011],[-105.836,34.08557],[-105.839799,34.085371],[-105.844389,34.083567],[-105.848987,34.083972],[-105.853626,34.083508],[-105.855057,34.08144],[-105.851501,34.075487],[-105.849672,34.071512],[-105.84936,34.069121],[-105.85088,34.066822],[-105.854407,34.062672],[-105.857807,34.056193],[-105.860641,34.051776],[-105.862654,34.049453],[-105.865092,34.047504],[-105.866439,34.044398],[-105.870923,34.039328],[-105.875647,34.032852],[-105.878323,34.027659],[-105.878603,34.026375],[-105.879935,34.025346],[-105.877614,34.02343],[-105.873787,34.022183],[-105.871583,34.026679],[-105.867841,34.030943],[-105.865669,34.032789],[-105.863501,34.035987],[-105.860498,34.039609],[-105.855595,34.042121],[-105.852958,34.04196],[-105.848701,34.042328],[-105.842932,34.041252],[-105.841504,34.041733],[-105.838653,34.044941],[-105.836677,34.046065],[-105.833215,34.045904],[-105.829755,34.043866],[-105.828681,34.044026],[-105.828149,34.045768],[-105.827812,34.053145],[-105.826429,34.055857],[-105.820625,34.056124],[-105.817921,34.058561],[-105.815481,34.059399],[-105.813491,34.060984],[-105.810558,34.061698],[-105.808857,34.061816],[-105.807273,34.061015],[-105.805863,34.057824],[-105.80713,34.056744],[-105.806992,34.055278],[-105.808233,34.053286],[-105.807517,34.051637],[-105.807711,34.049231],[-105.809531,34.043323],[-105.809669,34.040116],[-105.808349,34.039223],[-105.806284,34.039314],[-105.801879,34.0411],[-105.79585,34.047489],[-105.793042,34.049412],[-105.787948,34.049756],[-105.787124,34.048775],[-105.782393,34.047734],[-105.778818,34.047422],[-105.777635,34.048711],[-105.77417,34.051219],[-105.773619,34.053839],[-105.776979,34.058256],[-105.776814,34.058992],[-105.774915,34.060878],[-105.774723,34.062073],[-105.772303,34.063106],[-105.770426,34.063096],[-105.764582,34.061295],[-105.762542,34.059165],[-105.758912,34.056912],[-105.753395,34.056604],[-105.750844,34.056949],[-105.744794,34.056738],[-105.742012,34.055404],[-105.734566,34.054175],[-105.733359,34.053416],[-105.72882,34.052356],[-105.725653,34.052492],[-105.719664,34.054406],[-105.717152,34.054524],[-105.712768,34.054154],[-105.709229,34.054182],[-105.703455,34.054984],[-105.70098,34.054211],[-105.698477,34.051971],[-105.696545,34.053781],[-105.695744,34.052666],[-105.69094,34.051731],[-105.687051,34.054103],[-105.681682,34.055032],[-105.679292,34.054104],[-105.679035,34.051967],[-105.675611,34.052754],[-105.672593,34.052824],[-105.672062,34.041169],[-105.630005,34.041171],[-105.63007,34.020319],[-105.62482,34.018911],[-105.619705,34.017839],[-105.615508,34.01582],[-105.61265,34.015688],[-105.610318,34.016192],[-105.603694,34.014901],[-105.59757,34.014834],[-105.585692,34.014009],[-105.544021,33.999755],[-105.542016,33.997558],[-105.540664,33.996947],[-105.525868,33.997896],[-105.509203,33.998006],[-105.508308,33.998476],[-105.508141,34.009425],[-105.507591,34.012775],[-105.498343,34.010856],[-105.493279,34.011048],[-105.478317,34.009065],[-105.477235,34.009288],[-105.473131,34.011749],[-105.469503,34.012554],[-105.465591,34.012344],[-105.458104,34.008029],[-105.454266,34.00619],[-105.451959,34.00552],[-105.447197,34.005361],[-105.444566,34.006539],[-105.441094,34.005801],[-105.430519,34.000865],[-105.428532,34.000138],[-105.422052,33.998991],[-105.421124,33.997258],[-105.417238,33.998606],[-105.409423,34.002436],[-105.405893,34.004425],[-105.406902,34.006346],[-105.405803,34.006919],[-105.404951,34.008959],[-105.401928,34.014045],[-105.373662,34.003107],[-105.365699,34.000038],[-105.318599,33.981854],[-105.316101,33.986207],[-105.312718,33.987238],[-105.307823,33.989392],[-105.304524,33.99017],[-105.299051,33.991315],[-105.303677,34.007684],[-105.303844,34.013874],[-105.301593,34.02308],[-105.299487,34.023478],[-105.298651,34.024522],[-105.297697,34.029794],[-105.296413,34.031701],[-105.291224,34.030358],[-105.285436,34.029305],[-105.277281,34.024767],[-105.275013,34.023115],[-105.271711,34.019823],[-105.268201,34.018846],[-105.267615,34.026023],[-105.263612,34.037121],[-105.263334,34.039942],[-105.260716,34.042372],[-105.258456,34.045513],[-105.257269,34.048127],[-105.25739,34.050061],[-105.256101,34.052707],[-105.254441,34.053323],[-105.251962,34.052305],[-105.251704,34.053135],[-105.252191,34.055164],[-105.253616,34.057188],[-105.256361,34.062165],[-105.255818,34.063731],[-105.254411,34.064759],[-105.249328,34.063663],[-105.24712,34.061152],[-105.244873,34.060889],[-105.243111,34.062874],[-105.241447,34.063667],[-105.23788,34.064367],[-105.236771,34.065137],[-105.233942,34.062554],[-105.23289,34.059767],[-105.232663,34.056144],[-105.227662,34.054936],[-105.225673,34.053177],[-105.224146,34.049478],[-105.222586,34.04679],[-105.221053,34.045361],[-105.219005,34.044295],[-105.215247,34.043394],[-105.20851,34.044247],[-105.205043,34.0457],[-105.204171,34.045502],[-105.2031,34.03946],[-105.200425,34.038377],[-105.197387,34.037981],[-105.196133,34.037245],[-105.193312,34.034315],[-105.191153,34.033308],[-105.187798,34.030994],[-105.186517,34.028888],[-105.187904,34.027706],[-105.190505,34.028102],[-105.191958,34.028872],[-105.195465,34.029559],[-105.196898,34.029113],[-105.194441,34.022455],[-105.196454,34.019728],[-105.196929,34.017144],[-105.196381,34.016517],[-105.194803,34.016407],[-105.191106,34.01781],[-105.190307,34.019371],[-105.183863,34.018986],[-105.181314,34.018068],[-105.178614,34.016078],[-105.175035,34.01611],[-105.17316,34.01694],[-105.171806,34.019882],[-105.170684,34.021272],[-105.169615,34.021232],[-105.169422,34.019541],[-105.168406,34.018695],[-105.168709,34.015679],[-105.165106,34.014075],[-105.161255,34.012837],[-105.163319,34.008393],[-105.16497,34.006423],[-105.158836,34.006307],[-105.15526,34.005986],[-105.152591,34.007337],[-105.148437,34.008687],[-105.143981,34.00825],[-105.138837,34.008431],[-105.134325,34.010537],[-105.130444,34.013023],[-105.122408,34.013201],[-105.119096,34.011635],[-105.114874,34.011894],[-105.107277,34.013149],[-105.106396,34.015569],[-105.104787,34.012779],[-105.103523,34.011898],[-105.09282,34.006336],[-105.088525,34.004474],[-105.088783,34.003533],[-105.087116,34.002402],[-105.086647,34.001227],[-105.083115,33.997985],[-105.078591,33.996753],[-105.076823,33.994221],[-105.072782,33.993211],[-105.070536,33.992048],[-105.068818,33.99407],[-105.062677,33.992629],[-105.060693,33.991204],[-105.059065,33.99131],[-105.057555,33.992028],[-105.053497,33.995173],[-105.049482,33.998641],[-105.049324,33.999969],[-105.05033,34.00276],[-105.051094,34.007053],[-105.050981,34.012178],[-105.052069,34.01575],[-105.05537,34.018293],[-105.05592,34.01953],[-105.055342,34.023585],[-105.053553,34.028006],[-105.047582,34.031671],[-105.02493,34.043015],[-105.022333,34.043046],[-105.02032,34.043869],[-105.015912,34.043946],[-105.008485,34.045667],[-105.006649,34.046353],[-105.003164,34.049741],[-104.999314,34.049502],[-104.995854,34.051121],[-104.990521,34.053145],[-104.988519,34.054913],[-104.987722,34.056449],[-104.987418,34.055212],[-104.986345,34.05551],[-104.97665,34.047248],[-104.972623,34.042807],[-104.971099,34.046441],[-104.968921,34.048943],[-104.965004,34.049955],[-104.958127,34.051177],[-104.947282,34.050088],[-104.940133,34.047965],[-104.937052,34.047627],[-104.935222,34.046335],[-104.934229,34.048215],[-104.929996,34.051591],[-104.92274,34.052279],[-104.919311,34.053034],[-104.915266,34.052561],[-104.901687,34.049413],[-104.89748,34.04873],[-104.893726,34.047586],[-104.893377,34.088407],[-104.892409,34.259919],[-104.892175,34.275259],[-104.891869,34.326171],[-104.89155,34.326916],[-104.891899,34.329175],[-104.891745,34.347043],[-104.892259,34.347141],[-105.284836,34.347255],[-105.285783,34.346879],[-105.288001,34.34725],[-105.313072,34.347205],[-105.313218,34.260031],[-105.348242,34.260081],[-105.349153,34.26017],[-105.38358,34.26008],[-105.401196,34.260469],[-105.383543,34.2683],[-105.38354,34.27238],[-105.38457,34.27235],[-105.3911,34.27413],[-105.39311,34.27427],[-105.391,34.28907],[-105.3932,34.29588],[-105.39445,34.29664],[-105.40096,34.29695],[-105.40378,34.29652],[-105.41496,34.29962],[-105.41845,34.29904],[-105.418492,34.334285],[-105.422995,34.333073],[-105.427825,34.333369],[-105.433564,34.332488],[-105.441786,34.332714],[-105.443745,34.332449],[-105.453189,34.33238],[-105.453548,34.333044],[-105.453632,34.338175],[-105.454433,34.339458],[-105.453992,34.341863],[-105.458527,34.347207],[-105.467628,34.360148],[-105.46975,34.36154],[-105.47471,34.36557],[-105.47532,34.36689],[-105.47762,34.36838],[-105.48062,34.37137],[-105.48167,34.37418],[-105.48211,34.37605],[-105.48113,34.38043],[-105.480547,34.387368],[-105.470667,34.399561],[-105.454036,34.419919],[-105.451921,34.42182],[-105.434472,34.433615],[-105.402966,34.461395],[-105.403513,34.46203],[-105.405976,34.460347],[-105.411359,34.458121],[-105.414359,34.454621],[-105.416933,34.453116],[-105.42075,34.451903],[-105.423487,34.452499],[-105.426473,34.453759],[-105.427551,34.454698],[-105.428436,34.459027],[-105.42739,34.46479],[-105.426322,34.468001],[-105.42677,34.469341],[-105.428926,34.471583],[-105.430166,34.473773],[-105.43055,34.475781],[-105.432759,34.478426],[-105.435106,34.479814],[-105.437288,34.480129],[-105.437922,34.481155],[-105.434769,34.481618],[-105.430739,34.482895],[-105.43218,34.48375],[-105.43611,34.48889],[-105.43849,34.49075],[-105.44475,34.49674],[-105.45344,34.50726],[-105.45408,34.5084],[-105.453959,34.521915],[-105.45868,34.523714],[-105.464065,34.524573],[-105.470856,34.521923],[-105.488953,34.522328],[-105.489729,34.523473],[-105.494628,34.524273],[-105.498031,34.523996],[-105.505859,34.522555],[-105.511396,34.519007],[-105.521583,34.511452],[-105.526206,34.508338],[-105.530745,34.504767],[-105.531188,34.504057],[-105.531623,34.502228],[-105.530965,34.500797],[-105.530544,34.497277],[-105.530725,34.494714],[-105.528807,34.492839],[-105.523389,34.489542],[-105.52329,34.4783],[-105.532558,34.47975],[-105.535786,34.481137],[-105.537035,34.483828],[-105.538088,34.484428],[-105.541775,34.483387],[-105.548232,34.483361],[-105.548733,34.485546],[-105.551312,34.486814],[-105.554251,34.489141],[-105.55592,34.493992],[-105.558361,34.496591],[-105.560056,34.499708],[-105.562501,34.505262],[-105.562589,34.507768],[-105.568776,34.508686],[-105.570785,34.51108],[-105.572611,34.508711],[-105.570891,34.50727],[-105.571947,34.505302],[-105.571987,34.50318],[-105.57352,34.502345],[-105.573116,34.499278],[-105.57374,34.496486],[-105.574955,34.494347],[-105.573925,34.493946],[-105.573195,34.491478],[-105.573354,34.489466],[-105.57476,34.485793],[-105.576161,34.484754],[-105.581638,34.482994],[-105.58345,34.481817],[-105.586363,34.478667],[-105.59166,34.477769],[-105.593863,34.47651],[-105.594971,34.473425],[-105.594879,34.476229],[-105.596319,34.476135],[-105.597207,34.472177],[-105.598282,34.470868],[-105.596443,34.470066],[-105.594784,34.470594],[-105.594273,34.472222],[-105.593084,34.468484],[-105.594153,34.470397],[-105.595195,34.469808],[-105.594112,34.467648],[-105.594144,34.465966],[-105.595067,34.465339],[-105.598366,34.466877],[-105.599488,34.466646],[-105.600283,34.464139],[-105.603189,34.461593],[-105.605439,34.461773],[-105.608344,34.459287],[-105.611583,34.458417],[-105.616726,34.45781],[-105.619778,34.456687],[-105.622459,34.456367],[-105.625947,34.455036],[-105.626943,34.453778],[-105.626859,34.450661],[-105.62805,34.44929],[-105.62804,34.46966],[-105.63392,34.46921],[-105.64043,34.47089],[-105.64367,34.4753],[-105.64488,34.4762],[-105.647877,34.476269],[-105.652434,34.46912],[-105.658448,34.468041],[-105.66155,34.468339],[-105.666678,34.46717],[-105.668145,34.467259],[-105.670474,34.466183],[-105.674879,34.466205],[-105.680865,34.463814],[-105.680426,34.462938],[-105.680351,34.459114],[-105.681461,34.457685],[-105.681052,34.455542],[-105.682775,34.452825],[-105.686617,34.450407],[-105.688478,34.449769],[-105.688499,34.443349],[-105.688897,34.441645],[-105.690421,34.440166],[-105.690577,34.434836],[-105.681457,34.434668],[-105.670279,34.434867],[-105.672471,34.433461],[-105.672374,34.401011],[-105.67678,34.398318],[-105.67824,34.396905],[-105.685156,34.392865],[-105.69005,34.389599],[-105.692762,34.38834],[-105.693259,34.386576],[-105.694586,34.385152],[-105.697848,34.383057],[-105.698079,34.381413],[-105.699978,34.379246],[-105.704235,34.376047],[-105.70573,34.37692],[-105.76987,34.37674],[-105.77025,34.33307],[-105.787757,34.333577],[-105.787917,34.320584],[-105.795643,34.30837],[-105.796443,34.307816],[-105.795727,34.302013],[-105.80854,34.30238],[-105.81461,34.30197],[-105.81926,34.30133],[-105.822611,34.301345],[-105.822696,34.303],[-105.821954,34.306285],[-105.822149,34.307962],[-105.825905,34.308064],[-105.828505,34.310846],[-105.829473,34.313763],[-105.830966,34.314133],[-105.832149,34.313336],[-105.833408,34.310968],[-105.836161,34.308993],[-105.839548,34.307383],[-105.843056,34.30688],[-105.844934,34.30527],[-105.844323,34.303067],[-105.841449,34.300644],[-105.85079,34.30024],[-105.85449,34.29876],[-105.85813,34.29873],[-105.86226,34.29818],[-105.888321,34.260003],[-105.90182,34.259985]]]}},{"type":"Feature","properties":{"zcta5":"88338","AFFGEOID10":"8600000US88338","GEOID10":"88338","ALAND10":261103121,"AWATER10":614,"county_name":"Lincoln","state_code":"NM","county_state":"Lincoln County, NM","county_fips":"35027","risk_level_county":"Medium Risk (70–79% vaccinated)","mean_vaccination_rate_county":70.28,"risk_level_zcta":"Medium Risk (70–79% vaccinated)","mean_vaccination_rate_zips":79.76,"cases":17},"geometry":{"type":"Polygon","coordinates":[[[-105.523764,33.494922],[-105.519562,33.491282],[-105.515273,33.488834],[-105.51389,33.485874],[-105.512423,33.485299],[-105.509975,33.485601],[-105.507563,33.484115],[-105.506336,33.481321],[-105.505082,33.480686],[-105.503305,33.481173],[-105.500841,33.480494],[-105.501468,33.479263],[-105.510956,33.476202],[-105.509573,33.473973],[-105.515171,33.472566],[-105.519354,33.468825],[-105.523178,33.468396],[-105.532467,33.46564],[-105.535589,33.465697],[-105.537178,33.466696],[-105.539006,33.465877],[-105.549202,33.462787],[-105.550402,33.461681],[-105.551386,33.45722],[-105.552313,33.456059],[-105.555868,33.454752],[-105.532455,33.460649],[-105.518085,33.447273],[-105.518096,33.450891],[-105.513769,33.450889],[-105.513835,33.453946],[-105.505344,33.453885],[-105.505305,33.457303],[-105.497111,33.457278],[-105.495898,33.458312],[-105.49436,33.457101],[-105.49494,33.455337],[-105.493055,33.453145],[-105.492808,33.451076],[-105.491194,33.449793],[-105.490323,33.447843],[-105.488216,33.446336],[-105.486332,33.44585],[-105.483585,33.443821],[-105.482458,33.443536],[-105.481138,33.441747],[-105.482729,33.438957],[-105.481,33.4369],[-105.475089,33.434044],[-105.472661,33.43387],[-105.47077,33.432611],[-105.468142,33.432491],[-105.464281,33.43166],[-105.461907,33.42934],[-105.46002,33.428668],[-105.456631,33.425114],[-105.447693,33.420586],[-105.445077,33.420457],[-105.442409,33.419164],[-105.439666,33.4169],[-105.438856,33.414775],[-105.434239,33.417954],[-105.431599,33.41915],[-105.426471,33.419584],[-105.426946,33.42594],[-105.42271,33.429122],[-105.421132,33.426178],[-105.422888,33.419435],[-105.418921,33.419328],[-105.413949,33.418605],[-105.411364,33.418851],[-105.411015,33.419798],[-105.411007,33.432085],[-105.341918,33.431977],[-105.341927,33.424905],[-105.33962,33.426766],[-105.336976,33.427636],[-105.335757,33.426888],[-105.33107,33.42716],[-105.330771,33.427785],[-105.331598,33.43092],[-105.333081,33.432372],[-105.331425,33.433242],[-105.334008,33.435116],[-105.334455,33.433859],[-105.33737,33.433939],[-105.33906,33.431558],[-105.340666,33.433441],[-105.339474,33.434278],[-105.341685,33.435449],[-105.341597,33.439518],[-105.340755,33.441803],[-105.337717,33.442036],[-105.336633,33.444791],[-105.335924,33.443773],[-105.333246,33.443347],[-105.328509,33.444513],[-105.327636,33.445726],[-105.325746,33.446215],[-105.32367,33.445769],[-105.322806,33.446427],[-105.325108,33.451141],[-105.321324,33.45406],[-105.320589,33.455126],[-105.3209,33.456769],[-105.320169,33.457447],[-105.316502,33.456367],[-105.316413,33.458875],[-105.313985,33.458395],[-105.311136,33.459254],[-105.310156,33.460776],[-105.311154,33.463243],[-105.308734,33.465333],[-105.305785,33.466993],[-105.303868,33.466087],[-105.304383,33.463806],[-105.304082,33.462169],[-105.300112,33.462598],[-105.29795,33.459708],[-105.297082,33.460019],[-105.294362,33.463487],[-105.291647,33.461163],[-105.293354,33.459541],[-105.291839,33.457924],[-105.287747,33.457275],[-105.28632,33.455129],[-105.282744,33.454813],[-105.278907,33.452086],[-105.27715,33.451742],[-105.277145,33.450273],[-105.280447,33.448808],[-105.279976,33.445801],[-105.280456,33.444139],[-105.277793,33.441833],[-105.277887,33.440753],[-105.274639,33.439802],[-105.272453,33.437799],[-105.272222,33.474702],[-105.254951,33.474834],[-105.254924,33.483463],[-105.253858,33.485284],[-105.249458,33.48473],[-105.247196,33.487481],[-105.244106,33.48905],[-105.243363,33.490392],[-105.241412,33.490416],[-105.23379,33.492676],[-105.233971,33.525726],[-105.235827,33.526487],[-105.238053,33.528475],[-105.239687,33.529041],[-105.241294,33.531551],[-105.242612,33.532156],[-105.245037,33.534531],[-105.248803,33.536475],[-105.251287,33.540355],[-105.25301,33.540595],[-105.254993,33.541607],[-105.256383,33.540554],[-105.255638,33.539074],[-105.257581,33.539187],[-105.260836,33.536444],[-105.264979,33.538522],[-105.265222,33.536935],[-105.267911,33.536164],[-105.270228,33.537996],[-105.272728,33.53804],[-105.273989,33.538922],[-105.276395,33.541935],[-105.278635,33.542723],[-105.280374,33.544356],[-105.281245,33.545873],[-105.283535,33.547038],[-105.285826,33.546217],[-105.286211,33.542057],[-105.288256,33.538369],[-105.29009,33.53658],[-105.29023,33.534199],[-105.291001,33.53438],[-105.292172,33.531751],[-105.293921,33.531032],[-105.293612,33.530127],[-105.295147,33.52946],[-105.29632,33.529769],[-105.302784,33.535231],[-105.30674,33.536172],[-105.308428,33.535998],[-105.316482,33.541007],[-105.318542,33.542916],[-105.320413,33.542552],[-105.324617,33.539862],[-105.326778,33.539766],[-105.328486,33.540433],[-105.32884,33.543028],[-105.32955,33.543387],[-105.3308,33.542293],[-105.333891,33.542029],[-105.334766,33.540996],[-105.336836,33.540039],[-105.338746,33.539732],[-105.341911,33.537076],[-105.343251,33.536822],[-105.347544,33.53333],[-105.348685,33.533257],[-105.351408,33.533291],[-105.356303,33.537357],[-105.360036,33.538297],[-105.36359,33.537896],[-105.366876,33.538328],[-105.373173,33.539786],[-105.374817,33.539776],[-105.377581,33.54083],[-105.380145,33.5428],[-105.384352,33.545456],[-105.389519,33.545662],[-105.392603,33.545071],[-105.394537,33.545327],[-105.398366,33.544071],[-105.400285,33.544497],[-105.402519,33.544302],[-105.404812,33.54272],[-105.406513,33.543594],[-105.413084,33.54377],[-105.414095,33.543053],[-105.417904,33.542259],[-105.420783,33.542178],[-105.425228,33.540208],[-105.428629,33.539079],[-105.431127,33.537796],[-105.434609,33.535255],[-105.43605,33.532857],[-105.437356,33.531529],[-105.438351,33.527136],[-105.439287,33.526625],[-105.44193,33.52701],[-105.446336,33.526362],[-105.450597,33.526436],[-105.454247,33.525048],[-105.457668,33.524191],[-105.462164,33.524046],[-105.465665,33.523112],[-105.467465,33.523322],[-105.468858,33.522053],[-105.472024,33.521619],[-105.472939,33.520759],[-105.474601,33.521319],[-105.476354,33.52029],[-105.482423,33.520688],[-105.487731,33.517671],[-105.488117,33.51634],[-105.491893,33.514421],[-105.492681,33.512853],[-105.493928,33.512161],[-105.496847,33.507997],[-105.502282,33.507384],[-105.504106,33.505726],[-105.505633,33.506056],[-105.508185,33.505125],[-105.509886,33.503725],[-105.513362,33.503825],[-105.515313,33.504244],[-105.517614,33.502239],[-105.518362,33.503481],[-105.521791,33.500947],[-105.522801,33.498829],[-105.524524,33.495856],[-105.523764,33.494922]]]}},{"type":"Feature","properties":{"zcta5":"88201","AFFGEOID10":"8600000US88201","GEOID10":"88201","ALAND10":5929225055,"AWATER10":12804777,"county_name":"Lincoln","state_code":"NM","county_state":"Lincoln County, NM","county_fips":"35027","risk_level_county":"Medium Risk (70–79% vaccinated)","mean_vaccination_rate_county":70.28,"risk_level_zcta":"Higher Risk (60–69% vaccinated)","mean_vaccination_rate_zips":69.04,"cases":17},"geometry":{"type":"Polygon","coordinates":[[[-104.894829,33.911786],[-104.894774,33.900822],[-104.894528,33.897257],[-104.894743,33.894546],[-104.894573,33.82443],[-104.89236,33.824431],[-104.89109,33.822258],[-104.892314,33.493628],[-104.8919,33.490173],[-104.892301,33.488098],[-104.892433,33.398199],[-104.885088,33.393271],[-104.885119,33.382889],[-104.884834,33.379517],[-104.885141,33.37788],[-104.885451,33.349871],[-104.885349,33.344233],[-104.884624,33.342171],[-104.882759,33.33999],[-104.880761,33.339391],[-104.877121,33.340806],[-104.874761,33.340514],[-104.872972,33.337981],[-104.870721,33.339411],[-104.868303,33.340266],[-104.865642,33.341858],[-104.860446,33.342574],[-104.857509,33.341721],[-104.854953,33.341709],[-104.852807,33.340505],[-104.850005,33.34008],[-104.849292,33.341026],[-104.844357,33.339857],[-104.843277,33.338399],[-104.839488,33.334843],[-104.837583,33.333713],[-104.836216,33.331923],[-104.833764,33.331173],[-104.832432,33.329348],[-104.828264,33.326337],[-104.82734,33.325263],[-104.825298,33.324558],[-104.822437,33.322826],[-104.816959,33.31866],[-104.81503,33.315967],[-104.813839,33.313231],[-104.809387,33.310653],[-104.802226,33.303933],[-104.799168,33.300449],[-104.79787,33.30014],[-104.795106,33.300615],[-104.791817,33.300393],[-104.790967,33.29354],[-104.7859,33.287394],[-104.783986,33.289429],[-104.781958,33.290464],[-104.775072,33.292513],[-104.769756,33.293891],[-104.767195,33.294998],[-104.757288,33.294192],[-104.755643,33.293293],[-104.754395,33.295811],[-104.754124,33.297365],[-104.751591,33.30002],[-104.746168,33.303179],[-104.745355,33.304532],[-104.745693,33.316725],[-104.745471,33.322102],[-104.746549,33.32424],[-104.748519,33.325584],[-104.753792,33.327343],[-104.754687,33.327896],[-104.755811,33.356886],[-104.755599,33.361286],[-104.755275,33.362501],[-104.752589,33.36339],[-104.749565,33.365859],[-104.746359,33.367818],[-104.74576,33.367444],[-104.743869,33.368845],[-104.739873,33.370168],[-104.735327,33.369923],[-104.733807,33.369439],[-104.732411,33.369781],[-104.729653,33.371744],[-104.728264,33.37202],[-104.727052,33.373258],[-104.727531,33.373978],[-104.730657,33.374218],[-104.73126,33.373812],[-104.732009,33.375461],[-104.730685,33.376703],[-104.735983,33.380023],[-104.737776,33.381836],[-104.73295,33.382783],[-104.715684,33.388061],[-104.710438,33.389972],[-104.698323,33.393559],[-104.693473,33.393904],[-104.590877,33.394086],[-104.588791,33.394091],[-104.58879,33.393673],[-104.587723,33.393127],[-104.587188,33.393338],[-104.586671,33.393673],[-104.586665,33.39424],[-104.585015,33.394236],[-104.58184,33.394241],[-104.580671,33.394249],[-104.570655,33.394248],[-104.570708,33.393389],[-104.567841,33.3904],[-104.566575,33.390403],[-104.561969,33.3904],[-104.561974,33.39231],[-104.559023,33.392272],[-104.55909,33.394178],[-104.552282,33.394175],[-104.552281,33.393185],[-104.546647,33.39322],[-104.54553,33.392391],[-104.545536,33.394169],[-104.543714,33.394164],[-104.543717,33.39194],[-104.541116,33.39197],[-104.540395,33.394197],[-104.536092,33.394216],[-104.536087,33.393096],[-104.534631,33.393098],[-104.534633,33.394222],[-104.526028,33.394246],[-104.526025,33.393103],[-104.524397,33.393113],[-104.524385,33.394259],[-104.521113,33.394254],[-104.520309,33.392004],[-104.519009,33.39201],[-104.519476,33.394245],[-104.51435,33.394225],[-104.514275,33.391253],[-104.509684,33.394187],[-104.498957,33.394081],[-104.498941,33.39054],[-104.495899,33.390562],[-104.488055,33.390625],[-104.488087,33.394229],[-104.435482,33.394407],[-104.431446,33.395072],[-104.42272,33.39723],[-104.41788,33.397661],[-104.366207,33.396102],[-104.364559,33.396272],[-104.256848,33.412168],[-104.255281,33.402253],[-104.24856,33.394511],[-104.243545,33.390797],[-104.241616,33.389854],[-104.238961,33.390023],[-104.235688,33.387605],[-104.232674,33.387029],[-104.216308,33.386991],[-104.216303,33.37086],[-104.216475,33.369822],[-104.224547,33.365085],[-104.226174,33.364389],[-104.230942,33.363903],[-104.230466,33.356775],[-104.22861,33.355958],[-104.22743,33.354027],[-104.228013,33.348779],[-104.227836,33.346169],[-104.22895,33.343483],[-104.233352,33.338419],[-104.232929,33.335228],[-104.230126,33.32873],[-104.229147,33.325409],[-104.232054,33.316401],[-104.232112,33.314698],[-104.199831,33.314555],[-104.18971,33.302929],[-104.186551,33.298858],[-104.180952,33.299974],[-104.17405,33.299675],[-104.171961,33.297452],[-104.168647,33.29121],[-104.165996,33.28969],[-104.162904,33.285159],[-104.159948,33.284899],[-104.157872,33.285344],[-104.157195,33.286496],[-104.152448,33.289551],[-104.151831,33.290495],[-104.149158,33.292268],[-104.145554,33.295741],[-104.141586,33.298385],[-104.137265,33.299481],[-104.132864,33.299522],[-104.125379,33.299205],[-104.122868,33.29948],[-104.122764,33.306147],[-104.123067,33.310957],[-104.125516,33.319124],[-104.128582,33.327336],[-104.129044,33.329306],[-104.125516,33.328836],[-104.122153,33.332034],[-104.118225,33.334578],[-104.104173,33.340197],[-104.103545,33.340907],[-104.099303,33.347951],[-104.101802,33.348925],[-104.103113,33.351055],[-104.107645,33.35284],[-104.113134,33.355931],[-104.118842,33.359732],[-104.115622,33.362963],[-104.115077,33.364933],[-104.115078,33.36601],[-104.116853,33.366833],[-104.117293,33.372034],[-104.119069,33.374437],[-104.120859,33.375102],[-104.121723,33.379278],[-104.123036,33.383103],[-104.137691,33.384618],[-104.136452,33.404227],[-104.129677,33.404774],[-104.128474,33.406056],[-104.121881,33.411442],[-104.12237,33.414397],[-104.124673,33.419458],[-104.127728,33.419893],[-104.127742,33.420918],[-104.147908,33.42109],[-104.148297,33.423075],[-104.147231,33.424047],[-104.122515,33.420876],[-104.100163,33.420682],[-104.103611,33.420013],[-104.105703,33.418505],[-104.108551,33.418464],[-104.107769,33.415241],[-104.103856,33.407952],[-104.102621,33.404828],[-104.098522,33.400799],[-104.086971,33.404742],[-104.078257,33.406506],[-104.077001,33.406965],[-104.062416,33.41693],[-104.053811,33.417023],[-104.050397,33.415556],[-104.049331,33.416793],[-104.020952,33.41529],[-104.017442,33.415636],[-104.008118,33.417065],[-104.002056,33.418469],[-104.003623,33.419838],[-103.849048,33.418374],[-103.849042,33.41961],[-103.847074,33.418356],[-103.815301,33.418031],[-103.814452,33.418177],[-103.819477,33.42583],[-103.819187,33.433084],[-103.792689,33.422362],[-103.791077,33.421605],[-103.771604,33.413744],[-103.770621,33.413469],[-103.770934,33.412066],[-103.756274,33.410048],[-103.750312,33.408478],[-103.747486,33.407103],[-103.739725,33.403132],[-103.739776,33.404221],[-103.742335,33.405368],[-103.745634,33.408456],[-103.743073,33.410442],[-103.742971,33.42304],[-103.744422,33.427965],[-103.744397,33.431814],[-103.74366,33.434332],[-103.721528,33.435474],[-103.720809,33.569537],[-103.510129,33.570117],[-103.509997,33.588893],[-103.510395,33.589605],[-103.509759,33.657262],[-103.526892,33.657141],[-103.530268,33.657356],[-103.535745,33.657016],[-103.538337,33.657088],[-103.718333,33.656137],[-103.717863,33.71259],[-103.716888,33.8193],[-103.736669,33.819285],[-103.769502,33.819295],[-103.769248,33.818395],[-103.770332,33.729606],[-103.770645,33.728188],[-103.771421,33.726465],[-103.779533,33.715085],[-103.780492,33.713916],[-103.782239,33.712743],[-103.795476,33.706928],[-103.796274,33.702523],[-103.796237,33.701015],[-103.796564,33.699498],[-103.823613,33.699481],[-103.8236,33.700159],[-103.825046,33.700169],[-103.870371,33.676311],[-103.870178,33.677927],[-103.870224,33.680521],[-103.871639,33.682849],[-103.874509,33.683727],[-103.876293,33.683606],[-103.876535,33.686518],[-103.875912,33.689196],[-103.874,33.690655],[-103.874017,33.697592],[-103.874187,33.700086],[-103.874576,33.702529],[-103.874617,33.708234],[-103.874951,33.710865],[-103.874904,33.714165],[-103.874631,33.715105],[-103.87503,33.71893],[-103.875058,33.720946],[-103.880043,33.718953],[-103.882154,33.718633],[-103.887527,33.717193],[-103.889282,33.716071],[-103.892078,33.714698],[-103.893696,33.714194],[-103.896218,33.714035],[-103.911238,33.714017],[-103.913759,33.714315],[-103.91702,33.7164],[-103.919076,33.718278],[-103.919568,33.722397],[-103.918854,33.726524],[-103.918826,33.729365],[-103.919182,33.732091],[-103.922361,33.735825],[-103.923814,33.73807],[-103.925376,33.739193],[-103.926282,33.741002],[-103.927899,33.74272],[-103.936536,33.742858],[-103.936596,33.74136],[-103.937554,33.742477],[-103.938508,33.742817],[-103.943943,33.742728],[-103.960204,33.742882],[-103.96126,33.742571],[-103.961987,33.743371],[-104.023569,33.711087],[-104.02418,33.71218],[-104.024563,33.713715],[-104.025027,33.716716],[-104.02552,33.718755],[-104.025876,33.719236],[-104.026704,33.718828],[-104.033388,33.716123],[-104.036047,33.714589],[-104.037281,33.713444],[-104.038131,33.713238],[-104.038871,33.713421],[-104.041118,33.715438],[-104.0486,33.719767],[-104.049559,33.721509],[-104.049915,33.72302],[-104.053314,33.725678],[-104.056576,33.726709],[-104.057892,33.726824],[-104.058538,33.728597],[-104.062464,33.728611],[-104.062634,33.729275],[-104.066912,33.73594],[-104.067598,33.736605],[-104.067351,33.743637],[-104.067064,33.750089],[-104.066915,33.751144],[-104.067079,33.757558],[-104.066942,33.760124],[-104.0659,33.763423],[-104.066696,33.76427],[-104.066696,33.765964],[-104.068122,33.768186],[-104.068095,33.768874],[-104.066998,33.771508],[-104.067025,33.774188],[-104.067354,33.774898],[-104.067217,33.776021],[-104.065188,33.778426],[-104.064968,33.779228],[-104.063734,33.781633],[-104.062472,33.783283],[-104.062033,33.786719],[-104.06206,33.789353],[-104.062719,33.790017],[-104.062993,33.791231],[-104.063981,33.792331],[-104.063432,33.796958],[-104.06409,33.799135],[-104.062801,33.802638],[-104.062087,33.803967],[-104.063898,33.805823],[-104.066203,33.808846],[-104.067109,33.809511],[-104.070978,33.809946],[-104.073256,33.813359],[-104.067521,33.818353],[-104.066505,33.818948],[-104.062663,33.820414],[-104.05572,33.82156],[-104.052316,33.823827],[-104.052563,33.825064],[-104.052042,33.825843],[-104.053413,33.830447],[-104.053413,33.831684],[-104.054182,33.832326],[-104.05473,33.8337],[-104.056679,33.832899],[-104.061894,33.83267],[-104.06302,33.83283],[-104.065298,33.832395],[-104.067274,33.83141],[-104.073451,33.830883],[-104.08732,33.832797],[-104.088085,33.833149],[-104.088837,33.834945],[-104.089773,33.842917],[-104.089335,33.845375],[-104.089306,33.847219],[-104.088368,33.848279],[-104.087163,33.848885],[-104.083202,33.850229],[-104.079679,33.850726],[-104.078948,33.851164],[-104.078458,33.852317],[-104.07363,33.854768],[-104.071765,33.854998],[-104.070006,33.855574],[-104.093477,33.875552],[-104.096113,33.875908],[-104.09831,33.876457],[-104.100892,33.877304],[-104.10243,33.877372],[-104.10482,33.877853],[-104.105945,33.876501],[-104.10872,33.876545],[-104.110422,33.876087],[-104.111958,33.875085],[-104.114565,33.87309],[-104.115608,33.872746],[-104.116267,33.871829],[-104.118435,33.870225],[-104.1203,33.87094],[-104.126835,33.873086],[-104.130477,33.873808],[-104.115528,33.885192],[-104.118775,33.8857],[-104.121471,33.885382],[-104.122737,33.88559],[-104.127888,33.885528],[-104.133446,33.885655],[-104.134382,33.885565],[-104.142064,33.883063],[-104.144367,33.882604],[-104.145354,33.882168],[-104.146312,33.881022],[-104.147655,33.880243],[-104.152039,33.879142],[-104.153903,33.879118],[-104.158754,33.877903],[-104.162015,33.87797],[-104.162222,33.875171],[-104.164154,33.873261],[-104.164707,33.872433],[-104.166307,33.871301],[-104.168625,33.869983],[-104.16973,33.869014],[-104.171355,33.868088],[-104.172597,33.867694],[-104.173896,33.866425],[-104.17503,33.864789],[-104.17605,33.864555],[-104.17789,33.855186],[-104.1794,33.854911],[-104.180471,33.853537],[-104.176812,33.849591],[-104.174838,33.849684],[-104.172509,33.848791],[-104.170455,33.846729],[-104.16947,33.845309],[-104.16735,33.84364],[-104.167628,33.841541],[-104.166471,33.839307],[-104.166541,33.838439],[-104.167512,33.837819],[-104.168463,33.836645],[-104.168411,33.835235],[-104.170811,33.835463],[-104.17169,33.83402],[-104.171585,33.826418],[-104.171855,33.821879],[-104.170886,33.81839],[-104.171297,33.812961],[-104.171245,33.80703],[-104.170101,33.805777],[-104.170128,33.804094],[-104.171339,33.80337],[-104.173561,33.806027],[-104.17625,33.807355],[-104.179543,33.808341],[-104.180366,33.808753],[-104.181683,33.810494],[-104.182726,33.811296],[-104.18983,33.812016],[-104.190502,33.811536],[-104.190473,33.810452],[-104.189101,33.806524],[-104.188888,33.803161],[-104.189586,33.801056],[-104.190986,33.801652],[-104.192522,33.801377],[-104.193263,33.800598],[-104.1948,33.80069],[-104.196226,33.801125],[-104.199464,33.801583],[-104.201659,33.802682],[-104.201742,33.804561],[-104.203059,33.806095],[-104.204157,33.806485],[-104.206791,33.806576],[-104.211018,33.808339],[-104.217605,33.810102],[-104.218648,33.810514],[-104.223753,33.811773],[-104.224576,33.811795],[-104.227511,33.810374],[-104.229298,33.811884],[-104.230618,33.813532],[-104.23226,33.812801],[-104.235224,33.812731],[-104.242441,33.812774],[-104.248588,33.81229],[-104.249987,33.811762],[-104.251278,33.811693],[-104.252486,33.811166],[-104.254682,33.810755],[-104.256328,33.810756],[-104.259731,33.810345],[-104.264122,33.810324],[-104.268403,33.810188],[-104.269446,33.810257],[-104.266028,33.787554],[-104.267513,33.783903],[-104.269715,33.784018],[-104.27111,33.783738],[-104.275568,33.78401],[-104.276364,33.784442],[-104.277897,33.781856],[-104.279611,33.780274],[-104.280955,33.77977],[-104.282451,33.779666],[-104.282916,33.780539],[-104.283065,33.779491],[-104.284494,33.778763],[-104.287238,33.776381],[-104.290996,33.775786],[-104.291819,33.776405],[-104.29437,33.776657],[-104.295934,33.777207],[-104.297799,33.779224],[-104.299473,33.77855],[-104.301252,33.776506],[-104.302,33.774407],[-104.302273,33.772611],[-104.301707,33.771004],[-104.300881,33.769396],[-104.297808,33.768209],[-104.296792,33.767488],[-104.296707,33.765982],[-104.297479,33.765732],[-104.297513,33.764329],[-104.299003,33.76379],[-104.300105,33.76305],[-104.302129,33.764538],[-104.303051,33.765485],[-104.305472,33.765135],[-104.305651,33.763417],[-104.305952,33.756758],[-104.305262,33.755537],[-104.307594,33.75765],[-104.309259,33.759118],[-104.30897,33.760278],[-104.30947,33.761966],[-104.310003,33.762884],[-104.311793,33.76383],[-104.312682,33.765985],[-104.312682,33.76626],[-104.312636,33.766634],[-104.312649,33.76681],[-104.312834,33.767041],[-104.312827,33.767096],[-104.312695,33.76725],[-104.312689,33.767502],[-104.312722,33.767673],[-104.312748,33.768052],[-104.312794,33.768267],[-104.312814,33.768558],[-104.31255,33.768992],[-104.312452,33.769207],[-104.312353,33.769691],[-104.312281,33.770576],[-104.312228,33.770823],[-104.311945,33.771268],[-104.311932,33.771483],[-104.312202,33.771747],[-104.312149,33.772605],[-104.312116,33.772874],[-104.311951,33.773308],[-104.311695,33.773737],[-104.311655,33.773896],[-104.311662,33.774199],[-104.311642,33.774276],[-104.311471,33.774435],[-104.311201,33.77465],[-104.310964,33.774919],[-104.310575,33.775414],[-104.31051,33.775469],[-104.310345,33.775535],[-104.310319,33.775793],[-104.310049,33.776206],[-104.309496,33.777509],[-104.309035,33.779383],[-104.307553,33.781594],[-104.306085,33.783512],[-104.304952,33.784194],[-104.303695,33.784238],[-104.301864,33.784936],[-104.299823,33.786222],[-104.298796,33.788152],[-104.298822,33.788685],[-104.299625,33.789323],[-104.300362,33.791555],[-104.299881,33.792979],[-104.30021,33.793996],[-104.29969,33.795459],[-104.2983,33.795645],[-104.295165,33.799224],[-104.294658,33.800225],[-104.294216,33.802468],[-104.294453,33.804469],[-104.295269,33.805266],[-104.297647,33.806091],[-104.298812,33.80641],[-104.301262,33.80663],[-104.302125,33.807043],[-104.303001,33.808588],[-104.302961,33.809643],[-104.302197,33.810529],[-104.301881,33.810721],[-104.301453,33.810946],[-104.301202,33.811111],[-104.301071,33.811166],[-104.300886,33.81115],[-104.300682,33.811012],[-104.300234,33.810754],[-104.299819,33.810589],[-104.299299,33.810297],[-104.295755,33.811193],[-104.29457,33.812073],[-104.294543,33.812199],[-104.294557,33.812303],[-104.294563,33.812446],[-104.294616,33.812556],[-104.294728,33.812721],[-104.294985,33.81293],[-104.295064,33.813029],[-104.29507,33.813458],[-104.295208,33.813738],[-104.295221,33.814145],[-104.295366,33.814288],[-104.295406,33.814376],[-104.295353,33.814486],[-104.295524,33.814789],[-104.295544,33.814926],[-104.295616,33.815102],[-104.295926,33.817411],[-104.295853,33.817516],[-104.295445,33.817642],[-104.295372,33.817724],[-104.295359,33.81806],[-104.294937,33.818335],[-104.294746,33.820077],[-104.293435,33.821188],[-104.293026,33.821925],[-104.292637,33.825234],[-104.293032,33.82707],[-104.292485,33.828038],[-104.292939,33.829308],[-104.29363,33.830749],[-104.294407,33.831683],[-104.294987,33.833085],[-104.295929,33.83452],[-104.29693,33.834927],[-104.299406,33.841107],[-104.300374,33.842092],[-104.300816,33.843884],[-104.300868,33.844219],[-104.300875,33.845214],[-104.300796,33.845429],[-104.30067,33.845495],[-104.300512,33.845561],[-104.300196,33.845577],[-104.299998,33.84555],[-104.299741,33.845495],[-104.299089,33.84528],[-104.298812,33.845214],[-104.298121,33.845071],[-104.297482,33.844554],[-104.297139,33.844428],[-104.29677,33.844318],[-104.294596,33.843971],[-104.293113,33.844488],[-104.292085,33.845235],[-104.288145,33.845949],[-104.28572,33.847724],[-104.285443,33.848054],[-104.285318,33.84806],[-104.285298,33.848417],[-104.285363,33.848818],[-104.28614,33.85011],[-104.287326,33.851282],[-104.289942,33.852272],[-104.290489,33.853135],[-104.291997,33.85396],[-104.292103,33.854224],[-104.292162,33.85451],[-104.292122,33.855054],[-104.292069,33.855236],[-104.291799,33.855423],[-104.291562,33.855428],[-104.29143,33.855384],[-104.291252,33.855291],[-104.290916,33.85529],[-104.290633,33.855268],[-104.290303,33.855318],[-104.289928,33.855345],[-104.28977,33.855323],[-104.289539,33.855268],[-104.289341,33.855136],[-104.28886,33.854999],[-104.288531,33.854878],[-104.288129,33.854784],[-104.28774,33.854608],[-104.287576,33.854559],[-104.283233,33.854986],[-104.28067,33.854738],[-104.278502,33.85504],[-104.275411,33.856403],[-104.274197,33.857991],[-104.274474,33.858915],[-104.275935,33.86178],[-104.275849,33.862582],[-104.276923,33.86382],[-104.279887,33.866679],[-104.280632,33.867158],[-104.283129,33.867983],[-104.283946,33.869253],[-104.282041,33.871556],[-104.279476,33.872848],[-104.277644,33.87382],[-104.276371,33.874485],[-104.275376,33.874452],[-104.273828,33.875166],[-104.273571,33.875231],[-104.273446,33.876122],[-104.274006,33.877084],[-104.274137,33.877557],[-104.274295,33.87781],[-104.274282,33.878212],[-104.274348,33.878464],[-104.274308,33.878585],[-104.274189,33.878657],[-104.274084,33.878976],[-104.274018,33.879064],[-104.273972,33.879179],[-104.274018,33.879283],[-104.273945,33.879333],[-104.273668,33.879465],[-104.273609,33.879707],[-104.27351,33.879861],[-104.273273,33.879981],[-104.273167,33.880086],[-104.272864,33.880674],[-104.2726,33.881015],[-104.272461,33.881383],[-104.272487,33.882824],[-104.273093,33.884286],[-104.273382,33.884759],[-104.275636,33.88681],[-104.276123,33.887635],[-104.275978,33.888652],[-104.274645,33.891472],[-104.273676,33.892412],[-104.273135,33.893621],[-104.272106,33.894017],[-104.270325,33.895523],[-104.268827,33.898931],[-104.268628,33.900388],[-104.26878,33.901344],[-104.268786,33.901526],[-104.268667,33.901625],[-104.268621,33.902031],[-104.26843,33.902257],[-104.268634,33.902977],[-104.268627,33.903549],[-104.269114,33.904291],[-104.269391,33.904649],[-104.269285,33.904885],[-104.270425,33.906414],[-104.271935,33.906673],[-104.272107,33.906788],[-104.272443,33.906992],[-104.272528,33.907041],[-104.272752,33.907201],[-104.272785,33.907311],[-104.272884,33.907514],[-104.273003,33.907646],[-104.273115,33.907811],[-104.273181,33.908064],[-104.273306,33.908201],[-104.273326,33.908328],[-104.273378,33.909504],[-104.274136,33.910912],[-104.275612,33.91282],[-104.276845,33.913167],[-104.27658,33.914311],[-104.277377,33.916405],[-104.278214,33.917417],[-104.277977,33.918709],[-104.277916,33.921821],[-104.277374,33.923448],[-104.276418,33.924063],[-104.276293,33.924283],[-104.275857,33.924624],[-104.275725,33.924789],[-104.275745,33.924915],[-104.275718,33.925053],[-104.27529,33.925163],[-104.275171,33.925234],[-104.275118,33.925465],[-104.275125,33.92563],[-104.275013,33.925701],[-104.274848,33.925734],[-104.274643,33.925734],[-104.274505,33.925806],[-104.2743,33.925982],[-104.274214,33.925981],[-104.274122,33.925877],[-104.272942,33.925673],[-104.272605,33.925629],[-104.272269,33.925541],[-104.271887,33.925376],[-104.271781,33.925304],[-104.271623,33.925321],[-104.271557,33.925293],[-104.271418,33.925189],[-104.271293,33.925134],[-104.27099,33.925057],[-104.269078,33.923759],[-104.268735,33.92339],[-104.268545,33.922032],[-104.26749,33.92135],[-104.26693,33.920003],[-104.266053,33.919629],[-104.264715,33.919672],[-104.263428,33.92103],[-104.263236,33.921387],[-104.263184,33.921607],[-104.263269,33.9217],[-104.263401,33.921777],[-104.263401,33.921904],[-104.263328,33.922113],[-104.263335,33.922179],[-104.263434,33.922289],[-104.26348,33.922382],[-104.263414,33.922789],[-104.263526,33.923003],[-104.263506,33.923207],[-104.263545,33.923295],[-104.263565,33.923427],[-104.263479,33.923564],[-104.263406,33.923795],[-104.263446,33.924059],[-104.263452,33.924196],[-104.263043,33.924564],[-104.262872,33.924911],[-104.262746,33.924916],[-104.262924,33.926247],[-104.263655,33.927698],[-104.265678,33.930179],[-104.265935,33.930228],[-104.266206,33.930377],[-104.266324,33.930558],[-104.267241,33.931103],[-104.267372,33.93157],[-104.26788,33.932065],[-104.269766,33.932979],[-104.271771,33.933331],[-104.275306,33.933536],[-104.275517,33.93364],[-104.275734,33.933778],[-104.275965,33.933778],[-104.276236,33.93386],[-104.276433,33.93397],[-104.276605,33.934003],[-104.276691,33.934047],[-104.276757,33.934201],[-104.276961,33.934306],[-104.27762,33.934466],[-104.277891,33.93473],[-104.278141,33.934763],[-104.278254,33.934845],[-104.278326,33.934988],[-104.278379,33.935142],[-104.278425,33.935175],[-104.278662,33.935285],[-104.27884,33.935483],[-104.279223,33.935637],[-104.279975,33.936154],[-104.280317,33.936347],[-104.280522,33.936484],[-104.281379,33.937496],[-104.281741,33.939673],[-104.281978,33.939822],[-104.282203,33.939959],[-104.282262,33.940053],[-104.282235,33.940146],[-104.282163,33.940316],[-104.282328,33.940635],[-104.282308,33.940696],[-104.282202,33.940861],[-104.282156,33.941026],[-104.282116,33.941246],[-104.28205,33.941262],[-104.281951,33.941229],[-104.281661,33.941218],[-104.281391,33.941306],[-104.281206,33.941394],[-104.281133,33.941487],[-104.281074,33.941669],[-104.280771,33.941762],[-104.280559,33.941888],[-104.280065,33.941883],[-104.279741,33.942015],[-104.279576,33.942097],[-104.275025,33.942145],[-104.272215,33.942007],[-104.270025,33.941632],[-104.267552,33.941818],[-104.265387,33.943335],[-104.264964,33.945512],[-104.265478,33.945743],[-104.265874,33.946188],[-104.266111,33.946595],[-104.265966,33.946881],[-104.266203,33.9472],[-104.266823,33.947629],[-104.269125,33.948658],[-104.270075,33.948405],[-104.272185,33.94895],[-104.274652,33.950067],[-104.275971,33.951535],[-104.277112,33.951822],[-104.27946,33.953813],[-104.279914,33.955275],[-104.282123,33.958052],[-104.283548,33.959262],[-104.28432,33.960428],[-104.284095,33.961247],[-104.284392,33.961929],[-104.284615,33.963105],[-104.280628,33.968299],[-104.279843,33.969729],[-104.278206,33.971438],[-104.276371,33.972053],[-104.276041,33.972196],[-104.27585,33.972317],[-104.275559,33.972548],[-104.275473,33.97263],[-104.275401,33.972674],[-104.275209,33.972745],[-104.274972,33.972756],[-104.27449,33.973086],[-104.273546,33.973504],[-104.272101,33.973943],[-104.271592,33.97424],[-104.273737,33.973542],[-104.274767,33.973081],[-104.276305,33.972163],[-104.278021,33.971674],[-104.279334,33.97052],[-104.280754,33.968706],[-104.280952,33.967942],[-104.282629,33.965886],[-104.284688,33.963012],[-104.284477,33.961769],[-104.284253,33.961401],[-104.284438,33.960928],[-104.284399,33.960532],[-104.28339,33.95891],[-104.282275,33.958091],[-104.280066,33.955165],[-104.279618,33.95395],[-104.27882,33.952966],[-104.277105,33.951695],[-104.275958,33.951404],[-104.275021,33.950117],[-104.272245,33.948912],[-104.270081,33.948339],[-104.267014,33.947634],[-104.266803,33.947508],[-104.266658,33.947354],[-104.266183,33.947101],[-104.266104,33.946969],[-104.266137,33.946782],[-104.266203,33.94659],[-104.265913,33.946117],[-104.265643,33.945798],[-104.265445,33.945506],[-104.265506,33.943318],[-104.267604,33.941939],[-104.270375,33.941748],[-104.271595,33.942023],[-104.27482,33.94226],[-104.278534,33.942262],[-104.279642,33.942141],[-104.280803,33.94185],[-104.281153,33.941718],[-104.281298,33.941449],[-104.281483,33.941344],[-104.28209,33.941344],[-104.282275,33.941152],[-104.282466,33.940586],[-104.282387,33.940097],[-104.281748,33.937738],[-104.280601,33.93649],[-104.278267,33.934746],[-104.277904,33.934598],[-104.277528,33.934372],[-104.277034,33.93419],[-104.276618,33.933948],[-104.275847,33.933668],[-104.275174,33.93347],[-104.27119,33.933084],[-104.269726,33.932825],[-104.268975,33.932528],[-104.268309,33.932186],[-104.267748,33.931779],[-104.267491,33.931609],[-104.267373,33.931114],[-104.265111,33.929469],[-104.263497,33.927193],[-104.262976,33.926071],[-104.263109,33.92457],[-104.263564,33.924224],[-104.263651,33.923548],[-104.263494,33.921112],[-104.2642,33.92042],[-104.265756,33.919799],[-104.266073,33.919755],[-104.266403,33.919849],[-104.266759,33.920118],[-104.267384,33.921372],[-104.268459,33.922225],[-104.268663,33.923473],[-104.270977,33.925172],[-104.271596,33.925469],[-104.274254,33.926036],[-104.275105,33.92574],[-104.275791,33.925009],[-104.276438,33.924173],[-104.277388,33.923569],[-104.278041,33.922008],[-104.27824,33.919957],[-104.278261,33.917241],[-104.277364,33.916081],[-104.276699,33.914267],[-104.277056,33.91336],[-104.276726,33.912601],[-104.275618,33.912749],[-104.274043,33.910632],[-104.273332,33.908037],[-104.272667,33.907008],[-104.272351,33.906728],[-104.270432,33.906232],[-104.270109,33.905919],[-104.269752,33.905342],[-104.269674,33.905215],[-104.269391,33.904517],[-104.269207,33.904319],[-104.268904,33.903648],[-104.26866,33.90334],[-104.269018,33.899541],[-104.268939,33.899041],[-104.269896,33.896716],[-104.271241,33.896353],[-104.272442,33.894919],[-104.273062,33.893786],[-104.275417,33.891346],[-104.276274,33.889615],[-104.276124,33.887322],[-104.275524,33.886557],[-104.274819,33.88587],[-104.273501,33.88471],[-104.273119,33.884143],[-104.272678,33.883214],[-104.272567,33.881653],[-104.274117,33.879251],[-104.274222,33.878833],[-104.274354,33.878596],[-104.274427,33.878409],[-104.274414,33.878239],[-104.274355,33.877794],[-104.273597,33.876188],[-104.273624,33.875512],[-104.273828,33.875276],[-104.274348,33.875084],[-104.274792,33.874916],[-104.275237,33.874749],[-104.27618,33.874579],[-104.276543,33.874496],[-104.279443,33.873507],[-104.280702,33.872232],[-104.282396,33.871562],[-104.284078,33.870012],[-104.284045,33.869303],[-104.283136,33.867901],[-104.280731,33.867009],[-104.279861,33.866498],[-104.277476,33.864067],[-104.277266,33.863083],[-104.276087,33.861686],[-104.274566,33.859036],[-104.274375,33.858272],[-104.275312,33.856584],[-104.277928,33.855419],[-104.278732,33.855788],[-104.282251,33.855256],[-104.285348,33.854992],[-104.285539,33.855361],[-104.286033,33.855465],[-104.286561,33.855465],[-104.287556,33.855482],[-104.287964,33.855372],[-104.288254,33.855312],[-104.289414,33.855318],[-104.289901,33.8554],[-104.290369,33.855422],[-104.290943,33.855411],[-104.291569,33.855521],[-104.291845,33.855467],[-104.292069,33.85528],[-104.292267,33.854642],[-104.292017,33.853735],[-104.291424,33.853009],[-104.289066,33.851832],[-104.288242,33.851134],[-104.286938,33.850814],[-104.285541,33.848961],[-104.285396,33.848368],[-104.285548,33.848197],[-104.285878,33.847691],[-104.287651,33.846323],[-104.291242,33.845438],[-104.291841,33.845444],[-104.294398,33.844119],[-104.297152,33.844571],[-104.297818,33.844939],[-104.298206,33.845214],[-104.299346,33.845588],[-104.300077,33.846396],[-104.300716,33.846286],[-104.300974,33.844637],[-104.30048,33.842141],[-104.299578,33.839095],[-104.297661,33.836395],[-104.296983,33.834834],[-104.295942,33.834389],[-104.29448,33.831634],[-104.29311,33.82916],[-104.293407,33.827994],[-104.29292,33.824992],[-104.293296,33.822568],[-104.295003,33.820045],[-104.295596,33.817796],[-104.295827,33.817604],[-104.295952,33.817472],[-104.295985,33.817329],[-104.295899,33.816493],[-104.295873,33.815822],[-104.295544,33.814294],[-104.29511,33.812974],[-104.294866,33.812545],[-104.295037,33.811875],[-104.295979,33.811237],[-104.2992,33.810341],[-104.300794,33.811194],[-104.301209,33.811172],[-104.30275,33.810347],[-104.303837,33.809259],[-104.303587,33.807989],[-104.301717,33.806708],[-104.299794,33.806289],[-104.299207,33.806399],[-104.298937,33.806372],[-104.298509,33.806042],[-104.296093,33.805426],[-104.294993,33.804738],[-104.294466,33.803974],[-104.294526,33.802512],[-104.295145,33.799757],[-104.295699,33.798625],[-104.29836,33.795739],[-104.299571,33.795651],[-104.300085,33.794986],[-104.300329,33.793348],[-104.300421,33.791429],[-104.299783,33.789394],[-104.299586,33.78918],[-104.299184,33.788911],[-104.298848,33.788531],[-104.299039,33.787784],[-104.299909,33.786415],[-104.301693,33.785172],[-104.303431,33.784419],[-104.305012,33.78426],[-104.305723,33.783875],[-104.307316,33.782347],[-104.309245,33.779268],[-104.309647,33.777432],[-104.310358,33.775964],[-104.310674,33.775551],[-104.311115,33.775145],[-104.31151,33.774551],[-104.31176,33.774215],[-104.31209,33.773578],[-104.312478,33.771648],[-104.312452,33.770246],[-104.31255,33.769487],[-104.312596,33.769196],[-104.312708,33.768943],[-104.312853,33.768827],[-104.312926,33.768498],[-104.312741,33.767387],[-104.312873,33.767112],[-104.312774,33.76692],[-104.312715,33.765892],[-104.312188,33.764264],[-104.311221,33.762417],[-104.309885,33.761647],[-104.309345,33.760866],[-104.309437,33.759344],[-104.308976,33.758634],[-104.306969,33.75671],[-104.305817,33.755154],[-104.305403,33.753658],[-104.305567,33.751322],[-104.306514,33.750153],[-104.30953,33.748216],[-104.315121,33.747084],[-104.316556,33.747278],[-104.319765,33.746076],[-104.321141,33.744211],[-104.322095,33.743417],[-104.32218,33.742331],[-104.321415,33.741091],[-104.319191,33.739927],[-104.31689,33.738526],[-104.315674,33.736758],[-104.315741,33.73448],[-104.316306,33.733034],[-104.318248,33.730923],[-104.319208,33.730428],[-104.321663,33.729983],[-104.323097,33.729142],[-104.323123,33.728064],[-104.32434,33.728113],[-104.326196,33.728899],[-104.326249,33.730065],[-104.327519,33.731802],[-104.327835,33.734298],[-104.32719,33.735183],[-104.32777,33.737525],[-104.327125,33.73802],[-104.328119,33.738339],[-104.330218,33.738468],[-104.331052,33.740165],[-104.331597,33.741411],[-104.332678,33.741983],[-104.336797,33.742494],[-104.338243,33.743301],[-104.345166,33.754001],[-104.345457,33.755059],[-104.347146,33.756839],[-104.346772,33.757864],[-104.345276,33.758583],[-104.345148,33.760173],[-104.344984,33.77866],[-104.344555,33.780077],[-104.344365,33.781818],[-104.343155,33.78772],[-104.342449,33.790468],[-104.341834,33.793802],[-104.342493,33.794262],[-104.343261,33.794563],[-104.345309,33.794651],[-104.346799,33.79427],[-104.348664,33.793078],[-104.349679,33.792666],[-104.352834,33.791817],[-104.354781,33.790602],[-104.358348,33.787944],[-104.359143,33.787737],[-104.363533,33.78785],[-104.365397,33.786017],[-104.367672,33.782625],[-104.368797,33.781754],[-104.370002,33.779806],[-104.371565,33.77905],[-104.372744,33.777674],[-104.373894,33.776949],[-104.377832,33.773773],[-104.38049,33.771896],[-104.384984,33.768237],[-104.384428,33.765069],[-104.391559,33.764003],[-104.394675,33.762907],[-104.397076,33.762302],[-104.39928,33.761185],[-104.406631,33.76503],[-104.409917,33.766985],[-104.416987,33.773921],[-104.419569,33.776269],[-104.421261,33.775214],[-104.422435,33.775149],[-104.422001,33.769607],[-104.422039,33.768262],[-104.421616,33.766198],[-104.421784,33.764076],[-104.41942,33.763363],[-104.418579,33.76364],[-104.41729,33.762769],[-104.417045,33.76176],[-104.416963,33.758823],[-104.416087,33.754741],[-104.416136,33.753298],[-104.418124,33.753396],[-104.42242,33.76052],[-104.431071,33.760337],[-104.435302,33.762288],[-104.441738,33.764332],[-104.446803,33.764561],[-104.448483,33.764442],[-104.44844,33.765243],[-104.449665,33.768944],[-104.450652,33.769638],[-104.451478,33.771002],[-104.453485,33.77288],[-104.456386,33.772672],[-104.465034,33.773165],[-104.464543,33.773901],[-104.458929,33.780831],[-104.454573,33.785859],[-104.453061,33.787148],[-104.454515,33.791225],[-104.455366,33.792348],[-104.456683,33.793539],[-104.462117,33.797478],[-104.464203,33.798394],[-104.465355,33.79915],[-104.46692,33.800959],[-104.468567,33.802379],[-104.472025,33.80263],[-104.473178,33.803157],[-104.476492,33.818029],[-104.480083,33.819535],[-104.482219,33.821627],[-104.478252,33.821884],[-104.475267,33.825336],[-104.474308,33.826673],[-104.473624,33.828507],[-104.472884,33.829263],[-104.472036,33.831335],[-104.471158,33.832618],[-104.468661,33.834864],[-104.467179,33.835414],[-104.465176,33.837133],[-104.464023,33.837774],[-104.460427,33.838875],[-104.457106,33.838875],[-104.45491,33.839677],[-104.453867,33.840365],[-104.451753,33.84025],[-104.450572,33.840686],[-104.449694,33.844374],[-104.449008,33.846207],[-104.448652,33.848428],[-104.448075,33.849344],[-104.448103,33.850283],[-104.448839,33.852531],[-104.449418,33.853554],[-104.450066,33.853076],[-104.453716,33.85329],[-104.455964,33.854593],[-104.457295,33.854373],[-104.459028,33.854681],[-104.460161,33.855483],[-104.462606,33.855928],[-104.464537,33.856148],[-104.46577,33.856878],[-104.466593,33.856724],[-104.466335,33.857337],[-104.460514,33.856353],[-104.45958,33.856376],[-104.45906,33.864554],[-104.458236,33.865727],[-104.456642,33.869401],[-104.455955,33.873076],[-104.454764,33.875529],[-104.454579,33.890288],[-104.454756,33.892423],[-104.456706,33.893087],[-104.459783,33.89469],[-104.462833,33.895606],[-104.464838,33.896659],[-104.466267,33.898354],[-104.467943,33.898651],[-104.470829,33.899682],[-104.471241,33.900827],[-104.471242,33.902041],[-104.470528,33.903255],[-104.468331,33.90463],[-104.467122,33.905776],[-104.465722,33.907701],[-104.464046,33.908686],[-104.460007,33.911573],[-104.458194,33.913063],[-104.457222,33.915063],[-104.457853,33.917059],[-104.458373,33.919768],[-104.457547,33.921766],[-104.457711,33.923923],[-104.457544,33.925003],[-104.457845,33.92677],[-104.458311,33.927963],[-104.458805,33.928791],[-104.460643,33.930192],[-104.461879,33.932281],[-104.462345,33.933704],[-104.463085,33.934761],[-104.464595,33.93607],[-104.470497,33.942134],[-104.472283,33.944383],[-104.474039,33.947],[-104.475658,33.94909],[-104.476208,33.950123],[-104.471884,33.951326],[-104.465473,33.95166],[-104.446806,33.95204],[-104.437236,33.952196],[-104.436741,33.952842],[-104.436599,33.96672],[-104.436297,33.967665],[-104.436433,33.970219],[-104.437648,33.969965],[-104.438925,33.970645],[-104.440296,33.969849],[-104.442793,33.969142],[-104.445315,33.96727],[-104.447701,33.966266],[-104.449428,33.965169],[-104.452281,33.964532],[-104.454695,33.964376],[-104.461142,33.964408],[-104.462487,33.96489],[-104.464351,33.966865],[-104.465527,33.969459],[-104.465739,33.972993],[-104.467712,33.975357],[-104.469601,33.978686],[-104.469928,33.980109],[-104.469952,33.981693],[-104.475424,33.981073],[-104.480318,33.981415],[-104.479607,33.982259],[-104.475575,33.983897],[-104.475148,33.987642],[-104.474848,33.988556],[-104.473292,33.991729],[-104.470768,33.992614],[-104.468298,33.992701],[-104.466023,33.994456],[-104.464981,33.994843],[-104.46316,33.996353],[-104.762285,33.999786],[-104.764378,33.999638],[-104.773005,33.999945],[-104.786104,34.000137],[-104.786429,34.087664],[-104.87521,34.088751],[-104.893377,34.088407],[-104.893726,34.047586],[-104.894829,33.911786]]]}},{"type":"Feature","properties":{"zcta5":"88136","AFFGEOID10":"8600000US88136","GEOID10":"88136","ALAND10":865106355,"AWATER10":499385,"county_name":"Lincoln","state_code":"NM","county_state":"Lincoln County, NM","county_fips":"35027","risk_level_county":"Medium Risk (70–79% vaccinated)","mean_vaccination_rate_county":70.28,"risk_level_zcta":"Medium Risk (70–79% vaccinated)","mean_vaccination_rate_zips":70.9,"cases":17},"geometry":{"type":"Polygon","coordinates":[[[-104.891745,34.347043],[-104.891899,34.329175],[-104.89155,34.326916],[-104.891869,34.326171],[-104.892175,34.275259],[-104.887947,34.276697],[-104.885488,34.278209],[-104.884086,34.278057],[-104.881829,34.28059],[-104.880232,34.281324],[-104.873985,34.283206],[-104.865788,34.284202],[-104.859397,34.285605],[-104.856136,34.286655],[-104.849578,34.290774],[-104.84437,34.296427],[-104.838788,34.300939],[-104.836251,34.303292],[-104.831916,34.302835],[-104.829315,34.305892],[-104.829453,34.307208],[-104.833497,34.314071],[-104.83299,34.315127],[-104.821317,34.323541],[-104.818544,34.325384],[-104.817406,34.326588],[-104.814798,34.330858],[-104.814066,34.33371],[-104.813314,34.334449],[-104.800845,34.335051],[-104.789738,34.336301],[-104.780022,34.335955],[-104.777699,34.335023],[-104.774624,34.335022],[-104.772391,34.332861],[-104.769747,34.333135],[-104.768813,34.332106],[-104.766374,34.33194],[-104.762856,34.331186],[-104.761756,34.329948],[-104.759232,34.329804],[-104.753395,34.327663],[-104.750963,34.327475],[-104.747213,34.326113],[-104.744225,34.325928],[-104.739997,34.326353],[-104.738447,34.326782],[-104.733264,34.326322],[-104.732271,34.326603],[-104.73117,34.324509],[-104.728088,34.323487],[-104.726564,34.324159],[-104.723808,34.324346],[-104.722502,34.323775],[-104.720448,34.324089],[-104.717909,34.322726],[-104.715603,34.32232],[-104.710674,34.322969],[-104.709394,34.321903],[-104.706817,34.3212],[-104.70618,34.320381],[-104.704212,34.319721],[-104.701291,34.321926],[-104.699157,34.321657],[-104.697103,34.323031],[-104.694658,34.321063],[-104.693107,34.321586],[-104.687449,34.321893],[-104.685865,34.321536],[-104.684268,34.322438],[-104.682578,34.321234],[-104.681439,34.321332],[-104.67963,34.322712],[-104.673388,34.322118],[-104.671969,34.323624],[-104.668921,34.322573],[-104.667676,34.323128],[-104.665529,34.323073],[-104.664661,34.322177],[-104.663018,34.321945],[-104.661652,34.322605],[-104.659334,34.321972],[-104.658009,34.321109],[-104.65608,34.321806],[-104.6539,34.321921],[-104.653304,34.321333],[-104.651508,34.32192],[-104.647804,34.321281],[-104.646088,34.321809],[-104.645465,34.320929],[-104.640033,34.319068],[-104.638026,34.318903],[-104.637754,34.318193],[-104.634209,34.318516],[-104.631866,34.315706],[-104.629825,34.316117],[-104.62907,34.314654],[-104.626645,34.314483],[-104.625777,34.315021],[-104.621943,34.314391],[-104.618702,34.312892],[-104.617231,34.313536],[-104.615502,34.312998],[-104.61158,34.313906],[-104.611685,34.312928],[-104.610334,34.312901],[-104.609049,34.313412],[-104.607312,34.312522],[-104.60565,34.313518],[-104.603476,34.311364],[-104.602178,34.312332],[-104.598673,34.31263],[-104.598414,34.311244],[-104.596877,34.310931],[-104.597203,34.311918],[-104.595416,34.31725],[-104.595584,34.324484],[-104.597011,34.32722],[-104.598496,34.328359],[-104.612698,34.34707],[-104.55175,34.34756],[-104.543155,34.34676],[-104.54192,34.346453],[-104.54107,34.347213],[-104.542098,34.348256],[-104.545266,34.352962],[-104.547162,34.355034],[-104.551979,34.361081],[-104.556776,34.391123],[-104.561596,34.405335],[-104.567943,34.416958],[-104.570434,34.42073],[-104.572466,34.426392],[-104.576454,34.43053],[-104.577239,34.43293],[-104.593857,34.435281],[-104.594813,34.438203],[-104.608689,34.438231],[-104.608663,34.44043],[-104.61131,34.440423],[-104.611254,34.439356],[-104.612487,34.439285],[-104.612681,34.498382],[-104.621762,34.546643],[-104.621693,34.547595],[-104.617473,34.572943],[-104.617373,34.574502],[-104.617818,34.58644],[-104.617562,34.588693],[-104.615138,34.591751],[-104.614173,34.598498],[-104.610762,34.602915],[-104.607653,34.604621],[-104.608146,34.604384],[-104.611286,34.604608],[-104.688994,34.6047],[-104.892023,34.604426],[-104.891953,34.582968],[-104.891745,34.347043]]]}},{"type":"Feature","properties":{"zcta5":"88324","AFFGEOID10":"8600000US88324","GEOID10":"88324","ALAND10":100309757,"AWATER10":0,"county_name":"Lincoln","state_code":"NM","county_state":"Lincoln County, NM","county_fips":"35027","risk_level_county":"Medium Risk (70–79% vaccinated)","mean_vaccination_rate_county":70.28,"risk_level_zcta":"Uninhabited","mean_vaccination_rate_zips":null,"cases":17},"geometry":{"type":"Polygon","coordinates":[[[-105.518085,33.447273],[-105.518727,33.446832],[-105.522792,33.446818],[-105.52277,33.447553],[-105.527228,33.447561],[-105.527257,33.443796],[-105.535855,33.443828],[-105.535859,33.442819],[-105.530566,33.441732],[-105.524625,33.434824],[-105.518314,33.437682],[-105.515928,33.438077],[-105.515217,33.440013],[-105.513452,33.439805],[-105.512327,33.441004],[-105.51334,33.43835],[-105.511822,33.435634],[-105.508059,33.434725],[-105.506291,33.431379],[-105.506975,33.430559],[-105.507526,33.427625],[-105.508498,33.426595],[-105.509633,33.42322],[-105.506258,33.42226],[-105.50472,33.421087],[-105.50173,33.420385],[-105.499462,33.418813],[-105.498199,33.418591],[-105.495616,33.416764],[-105.493551,33.414478],[-105.493322,33.412549],[-105.492088,33.409596],[-105.486272,33.406405],[-105.48245,33.40486],[-105.480119,33.403256],[-105.477608,33.402994],[-105.475289,33.4017],[-105.474956,33.401102],[-105.478818,33.396643],[-105.483003,33.393871],[-105.487727,33.390019],[-105.488218,33.389339],[-105.486775,33.38927],[-105.484828,33.390935],[-105.482526,33.393532],[-105.484877,33.390447],[-105.483828,33.389813],[-105.481428,33.391973],[-105.480547,33.393428],[-105.479522,33.392459],[-105.478546,33.390093],[-105.479372,33.387899],[-105.469399,33.369196],[-105.47042,33.368484],[-105.471498,33.36639],[-105.469922,33.366021],[-105.468863,33.362426],[-105.467373,33.360714],[-105.467506,33.359971],[-105.465717,33.358072],[-105.464349,33.357318],[-105.462238,33.354577],[-105.458229,33.353001],[-105.456316,33.350188],[-105.4573,33.347028],[-105.456363,33.345734],[-105.4557,33.342508],[-105.455654,33.340193],[-105.456153,33.338242],[-105.458122,33.336827],[-105.461745,33.334926],[-105.462103,33.333534],[-105.465158,33.334069],[-105.467421,33.33157],[-105.468702,33.328561],[-105.468655,33.327022],[-105.466223,33.324016],[-105.46509,33.321637],[-105.464654,33.319505],[-105.463631,33.31777],[-105.463032,33.314228],[-105.457526,33.313083],[-105.452118,33.312443],[-105.4507,33.312809],[-105.445188,33.311985],[-105.443932,33.309762],[-105.440194,33.308182],[-105.432555,33.306097],[-105.430017,33.306005],[-105.428299,33.306738],[-105.42587,33.308984],[-105.424315,33.309396],[-105.420276,33.312053],[-105.420166,33.31503],[-105.419964,33.376233],[-105.417404,33.372982],[-105.414947,33.372062],[-105.413814,33.371026],[-105.411592,33.370556],[-105.411172,33.367817],[-105.410056,33.367154],[-105.40616,33.366438],[-105.404401,33.367479],[-105.401692,33.36694],[-105.399715,33.365101],[-105.397928,33.366228],[-105.395054,33.366945],[-105.392779,33.368096],[-105.39175,33.368808],[-105.38973,33.371889],[-105.386707,33.375633],[-105.386765,33.376559],[-105.390643,33.375568],[-105.389991,33.382499],[-105.384295,33.384476],[-105.383759,33.385648],[-105.384297,33.388275],[-105.385479,33.387751],[-105.389568,33.387425],[-105.388801,33.394987],[-105.389881,33.397377],[-105.392436,33.399529],[-105.391899,33.403194],[-105.391054,33.403993],[-105.389181,33.404232],[-105.387821,33.405565],[-105.386719,33.417271],[-105.390504,33.420012],[-105.391579,33.421221],[-105.394411,33.42283],[-105.390883,33.42199],[-105.387829,33.421671],[-105.383953,33.422091],[-105.381185,33.42194],[-105.371185,33.419864],[-105.367464,33.418878],[-105.363881,33.417614],[-105.355762,33.41435],[-105.349955,33.413929],[-105.344496,33.412689],[-105.333648,33.411462],[-105.332794,33.414606],[-105.331266,33.417099],[-105.341937,33.417115],[-105.341927,33.424905],[-105.341918,33.431977],[-105.411007,33.432085],[-105.411015,33.419798],[-105.411364,33.418851],[-105.413949,33.418605],[-105.418921,33.419328],[-105.422888,33.419435],[-105.421132,33.426178],[-105.42271,33.429122],[-105.426946,33.42594],[-105.426471,33.419584],[-105.431599,33.41915],[-105.434239,33.417954],[-105.438856,33.414775],[-105.439666,33.4169],[-105.442409,33.419164],[-105.445077,33.420457],[-105.447693,33.420586],[-105.456631,33.425114],[-105.46002,33.428668],[-105.461907,33.42934],[-105.464281,33.43166],[-105.468142,33.432491],[-105.47077,33.432611],[-105.472661,33.43387],[-105.475089,33.434044],[-105.481,33.4369],[-105.482729,33.438957],[-105.481138,33.441747],[-105.482458,33.443536],[-105.483585,33.443821],[-105.486332,33.44585],[-105.488216,33.446336],[-105.490323,33.447843],[-105.491194,33.449793],[-105.492808,33.451076],[-105.493055,33.453145],[-105.49494,33.455337],[-105.49436,33.457101],[-105.495898,33.458312],[-105.497111,33.457278],[-105.505305,33.457303],[-105.505344,33.453885],[-105.513835,33.453946],[-105.513769,33.450889],[-105.518096,33.450891],[-105.518085,33.447273]]]}},{"type":"Feature","properties":{"zcta5":"88345","AFFGEOID10":"8600000US88345","GEOID10":"88345","ALAND10":85471330,"AWATER10":15619,"county_name":"Lincoln","state_code":"NM","county_state":"Lincoln County, NM","county_fips":"35027","risk_level_county":"Medium Risk (70–79% vaccinated)","mean_vaccination_rate_county":70.28,"risk_level_zcta":"Higher Risk (60–69% vaccinated)","mean_vaccination_rate_zips":64.43,"cases":17},"geometry":{"type":"Polygon","coordinates":[[[-105.643316,33.344751],[-105.643935,33.347675],[-105.644095,33.353482],[-105.643448,33.355789],[-105.643436,33.35823],[-105.644182,33.362288],[-105.643397,33.366959],[-105.641927,33.366649],[-105.64189,33.371111],[-105.639439,33.371539],[-105.63985,33.37254],[-105.63775,33.377411],[-105.638805,33.381279],[-105.641414,33.382233],[-105.645678,33.3844],[-105.64695,33.384472],[-105.644693,33.38532],[-105.642955,33.388028],[-105.640644,33.389608],[-105.636639,33.389556],[-105.630133,33.388731],[-105.626395,33.389239],[-105.624621,33.388731],[-105.619724,33.38975],[-105.619787,33.388732],[-105.61494,33.389097],[-105.612819,33.390388],[-105.61736,33.390051],[-105.620957,33.391043],[-105.625688,33.390394],[-105.627545,33.390915],[-105.632946,33.390872],[-105.634281,33.39047],[-105.636109,33.391115],[-105.637897,33.390652],[-105.641219,33.390932],[-105.642232,33.391962],[-105.647249,33.392263],[-105.648406,33.392693],[-105.65645,33.392462],[-105.659194,33.393033],[-105.659272,33.394759],[-105.667414,33.394565],[-105.667407,33.395675],[-105.673967,33.39724],[-105.673954,33.396048],[-105.671139,33.395933],[-105.669798,33.394866],[-105.666489,33.39369],[-105.663277,33.39338],[-105.661074,33.392375],[-105.659326,33.391147],[-105.66333,33.391065],[-105.663041,33.388215],[-105.666584,33.389049],[-105.667345,33.390984],[-105.671822,33.390893],[-105.671846,33.394543],[-105.673965,33.394497],[-105.673951,33.395606],[-105.679147,33.396906],[-105.680629,33.398826],[-105.685253,33.399124],[-105.687115,33.398696],[-105.690655,33.399802],[-105.696474,33.399721],[-105.702388,33.398524],[-105.704206,33.397461],[-105.708518,33.396248],[-105.709981,33.395325],[-105.713154,33.395344],[-105.71865,33.394331],[-105.720754,33.392722],[-105.721624,33.392882],[-105.726661,33.391423],[-105.730954,33.391968],[-105.733131,33.391788],[-105.734708,33.390671],[-105.727171,33.390633],[-105.725957,33.304834],[-105.637662,33.305148],[-105.637562,33.305149],[-105.6141,33.305201],[-105.614889,33.309635],[-105.612671,33.312914],[-105.613191,33.313864],[-105.617685,33.317168],[-105.618129,33.319476],[-105.617567,33.320465],[-105.617656,33.323729],[-105.61673,33.325752],[-105.615332,33.326259],[-105.610388,33.325932],[-105.607092,33.326659],[-105.60459,33.328628],[-105.603054,33.32949],[-105.59982,33.330829],[-105.595949,33.331088],[-105.593244,33.33258],[-105.592654,33.333259],[-105.592567,33.33337],[-105.594597,33.335756],[-105.59883,33.334531],[-105.598848,33.333464],[-105.601043,33.332625],[-105.603749,33.329825],[-105.604857,33.329383],[-105.604792,33.331316],[-105.605172,33.330575],[-105.610651,33.326787],[-105.615645,33.328007],[-105.615598,33.326284],[-105.619674,33.326466],[-105.620781,33.326331],[-105.62229,33.325882],[-105.624728,33.324823],[-105.625982,33.326771],[-105.626601,33.326675],[-105.627888,33.326678],[-105.628434,33.326494],[-105.628921,33.326292],[-105.629237,33.326306],[-105.629563,33.32601],[-105.629861,33.325903],[-105.630194,33.325951],[-105.633523,33.326786],[-105.634352,33.326309],[-105.636695,33.32865],[-105.637306,33.330569],[-105.638203,33.333374],[-105.640924,33.336951],[-105.643316,33.344751]],[[-105.669877,33.36742],[-105.667497,33.365964],[-105.668508,33.366273],[-105.669179,33.365719],[-105.670086,33.366442],[-105.669877,33.36742]],[[-105.669076,33.360079],[-105.66777,33.360507],[-105.66748,33.362457],[-105.667075,33.362515],[-105.666988,33.359879],[-105.668545,33.359416],[-105.669076,33.360079]]]}},{"type":"Feature","properties":{"zcta5":"88346","AFFGEOID10":"8600000US88346","GEOID10":"88346","ALAND10":155110369,"AWATER10":0,"county_name":"Lincoln","state_code":"NM","county_state":"Lincoln County, NM","county_fips":"35027","risk_level_county":"Medium Risk (70–79% vaccinated)","mean_vaccination_rate_county":70.28,"risk_level_zcta":"Very High Risk (<60% vaccinated)","mean_vaccination_rate_zips":55.73,"cases":17},"geometry":{"type":"Polygon","coordinates":[[[-105.643316,33.344751],[-105.640924,33.336951],[-105.638203,33.333374],[-105.637306,33.330569],[-105.636695,33.32865],[-105.634352,33.326309],[-105.633523,33.326786],[-105.630194,33.325951],[-105.629861,33.325903],[-105.629563,33.32601],[-105.629237,33.326306],[-105.628921,33.326292],[-105.628434,33.326494],[-105.627888,33.326678],[-105.626601,33.326675],[-105.625982,33.326771],[-105.624728,33.324823],[-105.62229,33.325882],[-105.620781,33.326331],[-105.619674,33.326466],[-105.615598,33.326284],[-105.615645,33.328007],[-105.610651,33.326787],[-105.605172,33.330575],[-105.604792,33.331316],[-105.604857,33.329383],[-105.603749,33.329825],[-105.601043,33.332625],[-105.598848,33.333464],[-105.59883,33.334531],[-105.594597,33.335756],[-105.592567,33.33337],[-105.592654,33.333259],[-105.593244,33.33258],[-105.595949,33.331088],[-105.59982,33.330829],[-105.603054,33.32949],[-105.60459,33.328628],[-105.607092,33.326659],[-105.610388,33.325932],[-105.615332,33.326259],[-105.61673,33.325752],[-105.617656,33.323729],[-105.617567,33.320465],[-105.618129,33.319476],[-105.617685,33.317168],[-105.613191,33.313864],[-105.612671,33.312914],[-105.614889,33.309635],[-105.6141,33.305201],[-105.463172,33.30522],[-105.462838,33.307158],[-105.463032,33.314228],[-105.463631,33.31777],[-105.464654,33.319505],[-105.46509,33.321637],[-105.466223,33.324016],[-105.468655,33.327022],[-105.468702,33.328561],[-105.467421,33.33157],[-105.465158,33.334069],[-105.462103,33.333534],[-105.461745,33.334926],[-105.458122,33.336827],[-105.456153,33.338242],[-105.455654,33.340193],[-105.4557,33.342508],[-105.456363,33.345734],[-105.4573,33.347028],[-105.456316,33.350188],[-105.458229,33.353001],[-105.462238,33.354577],[-105.464349,33.357318],[-105.465717,33.358072],[-105.467506,33.359971],[-105.467373,33.360714],[-105.468863,33.362426],[-105.469922,33.366021],[-105.471498,33.36639],[-105.47042,33.368484],[-105.469399,33.369196],[-105.479372,33.387899],[-105.478546,33.390093],[-105.479522,33.392459],[-105.480547,33.393428],[-105.481428,33.391973],[-105.483828,33.389813],[-105.484877,33.390447],[-105.482526,33.393532],[-105.484828,33.390935],[-105.486775,33.38927],[-105.488218,33.389339],[-105.487727,33.390019],[-105.483003,33.393871],[-105.478818,33.396643],[-105.474956,33.401102],[-105.475289,33.4017],[-105.477608,33.402994],[-105.480119,33.403256],[-105.48245,33.40486],[-105.486272,33.406405],[-105.492088,33.409596],[-105.493322,33.412549],[-105.493551,33.414478],[-105.495616,33.416764],[-105.498199,33.418591],[-105.499462,33.418813],[-105.50173,33.420385],[-105.50472,33.421087],[-105.506258,33.42226],[-105.509633,33.42322],[-105.512079,33.422431],[-105.515472,33.422265],[-105.515705,33.421675],[-105.517908,33.421225],[-105.519905,33.42181],[-105.522811,33.42185],[-105.524289,33.420658],[-105.528202,33.420197],[-105.529953,33.418968],[-105.53418,33.418947],[-105.538659,33.417837],[-105.54135,33.415613],[-105.547112,33.409717],[-105.548494,33.409681],[-105.552265,33.407767],[-105.553303,33.406436],[-105.556083,33.406143],[-105.558284,33.406748],[-105.559631,33.405617],[-105.561375,33.401196],[-105.562819,33.400288],[-105.564453,33.398007],[-105.564588,33.397106],[-105.567111,33.394316],[-105.572699,33.391233],[-105.57679,33.389997],[-105.577877,33.388427],[-105.579376,33.387544],[-105.579956,33.384507],[-105.58165,33.384352],[-105.582354,33.383378],[-105.584141,33.383828],[-105.587069,33.386144],[-105.589167,33.386158],[-105.590924,33.386733],[-105.590604,33.384327],[-105.589064,33.381532],[-105.590074,33.380404],[-105.592806,33.382389],[-105.594029,33.382105],[-105.593927,33.383211],[-105.595274,33.384112],[-105.596451,33.383277],[-105.597638,33.381788],[-105.597829,33.379745],[-105.596775,33.376725],[-105.595009,33.37453],[-105.597426,33.374],[-105.600391,33.374547],[-105.602435,33.375985],[-105.60563,33.37625],[-105.606448,33.375382],[-105.605737,33.373182],[-105.607465,33.373562],[-105.610394,33.376334],[-105.612173,33.376607],[-105.615157,33.376224],[-105.618439,33.377829],[-105.61921,33.377631],[-105.619487,33.376809],[-105.617943,33.373337],[-105.618476,33.37219],[-105.620115,33.371589],[-105.619717,33.369283],[-105.621059,33.368149],[-105.62218,33.364134],[-105.620688,33.363208],[-105.61965,33.360766],[-105.621949,33.356181],[-105.624701,33.354629],[-105.624475,33.353807],[-105.62376,33.353116],[-105.620377,33.353068],[-105.620527,33.352418],[-105.622216,33.352313],[-105.625279,33.350749],[-105.626093,33.349901],[-105.629269,33.348672],[-105.630993,33.348737],[-105.635066,33.346004],[-105.637374,33.345455],[-105.640374,33.345695],[-105.643316,33.344751]]]}},{"type":"Feature","properties":{"zcta5":"88348","AFFGEOID10":"8600000US88348","GEOID10":"88348","ALAND10":26462815,"AWATER10":0,"county_name":"Lincoln","state_code":"NM","county_state":"Lincoln County, NM","county_fips":"35027","risk_level_county":"Medium Risk (70–79% vaccinated)","mean_vaccination_rate_county":70.28,"risk_level_zcta":"Very High Risk (<60% vaccinated)","mean_vaccination_rate_zips":48.5,"cases":17},"geometry":{"type":"Polygon","coordinates":[[[-105.333648,33.411462],[-105.344496,33.412689],[-105.349955,33.413929],[-105.355762,33.41435],[-105.363881,33.417614],[-105.367464,33.418878],[-105.371185,33.419864],[-105.381185,33.42194],[-105.383953,33.422091],[-105.387829,33.421671],[-105.390883,33.42199],[-105.394411,33.42283],[-105.391579,33.421221],[-105.390504,33.420012],[-105.386719,33.417271],[-105.387821,33.405565],[-105.389181,33.404232],[-105.391054,33.403993],[-105.391899,33.403194],[-105.392436,33.399529],[-105.389881,33.397377],[-105.388801,33.394987],[-105.389568,33.387425],[-105.385479,33.387751],[-105.384297,33.388275],[-105.383759,33.385648],[-105.384295,33.384476],[-105.389991,33.382499],[-105.390643,33.375568],[-105.386765,33.376559],[-105.386707,33.375633],[-105.38462,33.37605],[-105.383727,33.380415],[-105.380099,33.378752],[-105.378611,33.379832],[-105.375824,33.380083],[-105.372803,33.378244],[-105.37023,33.377457],[-105.367429,33.37794],[-105.365061,33.375228],[-105.360966,33.372867],[-105.358919,33.369523],[-105.359699,33.36806],[-105.358017,33.367516],[-105.356446,33.36571],[-105.353051,33.369045],[-105.351224,33.369866],[-105.348137,33.369906],[-105.344553,33.370936],[-105.341806,33.369495],[-105.338601,33.375573],[-105.336481,33.376469],[-105.337884,33.378895],[-105.33852,33.383329],[-105.336101,33.383985],[-105.33509,33.385717],[-105.334215,33.389097],[-105.3328,33.389735],[-105.330523,33.392079],[-105.328141,33.392726],[-105.325608,33.394546],[-105.3237,33.394835],[-105.319936,33.397264],[-105.317696,33.396397],[-105.317562,33.3973],[-105.315122,33.396701],[-105.313748,33.395547],[-105.309842,33.396521],[-105.307141,33.396478],[-105.306783,33.395715],[-105.304204,33.395443],[-105.302634,33.394345],[-105.302029,33.392988],[-105.299991,33.393797],[-105.29983,33.394975],[-105.30284,33.395929],[-105.30816,33.396997],[-105.318024,33.402682],[-105.325273,33.407816],[-105.327659,33.40931],[-105.328057,33.408727],[-105.330117,33.409326],[-105.33058,33.410626],[-105.333648,33.411462]]]}},{"type":"Feature","properties":{"zcta5":"88336","AFFGEOID10":"8600000US88336","GEOID10":"88336","ALAND10":320425446,"AWATER10":15708,"county_name":"Lincoln","state_code":"NM","county_state":"Lincoln County, NM","county_fips":"35027","risk_level_county":"Medium Risk (70–79% vaccinated)","mean_vaccination_rate_county":70.28,"risk_level_zcta":"Lower Risk (80–84% vaccinated)","mean_vaccination_rate_zips":83.14,"cases":17},"geometry":{"type":"Polygon","coordinates":[[[-105.463032,33.314228],[-105.462838,33.307158],[-105.463172,33.30522],[-105.317376,33.305977],[-105.316968,33.132303],[-105.282428,33.1323],[-105.284574,33.134652],[-105.285607,33.134987],[-105.289407,33.137755],[-105.290874,33.139498],[-105.291395,33.141],[-105.291943,33.14665],[-105.29324,33.151014],[-105.295715,33.156334],[-105.29694,33.161375],[-105.295469,33.161627],[-105.295005,33.162841],[-105.296639,33.167862],[-105.297236,33.17277],[-105.297999,33.174974],[-105.299795,33.177658],[-105.29925,33.179378],[-105.300228,33.183715],[-105.300092,33.186009],[-105.300771,33.189472],[-105.300117,33.191148],[-105.298155,33.192112],[-105.294176,33.192802],[-105.293549,33.195188],[-105.288315,33.198012],[-105.286842,33.201223],[-105.286239,33.20815],[-105.28482,33.210901],[-105.284329,33.213036],[-105.281629,33.214115],[-105.280627,33.215052],[-105.280651,33.21767],[-105.28172,33.220776],[-105.28151,33.221987],[-105.279692,33.223303],[-105.27629,33.223388],[-105.259645,33.226571],[-105.255782,33.225582],[-105.253212,33.224629],[-105.249714,33.222749],[-105.247915,33.222639],[-105.244364,33.223194],[-105.241059,33.224122],[-105.239035,33.22609],[-105.236392,33.230393],[-105.235675,33.230911],[-105.232275,33.231212],[-105.22763,33.231096],[-105.225925,33.235132],[-105.223947,33.242136],[-105.222407,33.246026],[-105.221084,33.247698],[-105.220073,33.250031],[-105.218532,33.251554],[-105.21716,33.252035],[-105.213326,33.251632],[-105.209,33.248027],[-105.207521,33.247742],[-105.200806,33.250141],[-105.196207,33.250031],[-105.194359,33.249192],[-105.191877,33.246992],[-105.189778,33.246277],[-105.187852,33.24617],[-105.180192,33.248416],[-105.178142,33.252602],[-105.177109,33.25347],[-105.173061,33.254882],[-105.171471,33.255831],[-105.167912,33.259462],[-105.167329,33.266236],[-105.167488,33.267214],[-105.168371,33.269531],[-105.171567,33.272042],[-105.175033,33.277248],[-105.176936,33.279224],[-105.178606,33.28244],[-105.180251,33.283607],[-105.179766,33.285653],[-105.180319,33.287467],[-105.183438,33.289975],[-105.186358,33.291376],[-105.186,33.292523],[-105.183983,33.29434],[-105.185374,33.295591],[-105.185976,33.298094],[-105.185884,33.300103],[-105.187913,33.300778],[-105.188805,33.301802],[-105.188651,33.304986],[-105.187811,33.306278],[-105.185852,33.307099],[-105.186066,33.308541],[-105.187575,33.30948],[-105.188019,33.31178],[-105.186427,33.313992],[-105.18467,33.315517],[-105.185536,33.31631],[-105.186131,33.318409],[-105.186426,33.321562],[-105.188989,33.322192],[-105.192201,33.323459],[-105.198709,33.324066],[-105.202948,33.325927],[-105.204778,33.324494],[-105.210606,33.323214],[-105.211395,33.323292],[-105.212709,33.320847],[-105.215374,33.320359],[-105.216822,33.321213],[-105.218579,33.323296],[-105.218897,33.326867],[-105.221886,33.328463],[-105.223103,33.328249],[-105.22276,33.326765],[-105.22319,33.324568],[-105.225356,33.323575],[-105.226213,33.322125],[-105.224799,33.316802],[-105.223977,33.315782],[-105.224462,33.314324],[-105.229408,33.312216],[-105.22878,33.310205],[-105.228471,33.306846],[-105.229315,33.3061],[-105.231766,33.305466],[-105.23527,33.305867],[-105.237405,33.306755],[-105.237581,33.308915],[-105.238786,33.308467],[-105.240715,33.308869],[-105.242169,33.30736],[-105.242977,33.308861],[-105.245876,33.308639],[-105.245834,33.309666],[-105.247798,33.308497],[-105.248363,33.30456],[-105.249191,33.302695],[-105.252922,33.302692],[-105.254018,33.305186],[-105.256545,33.305936],[-105.258595,33.305511],[-105.261628,33.306772],[-105.263002,33.306948],[-105.264043,33.308922],[-105.266645,33.30977],[-105.2678,33.310868],[-105.270996,33.31261],[-105.269568,33.312745],[-105.26689,33.314935],[-105.265359,33.317205],[-105.26549,33.318275],[-105.267158,33.319242],[-105.267356,33.321102],[-105.266275,33.321894],[-105.265825,33.324132],[-105.263891,33.327247],[-105.262302,33.327514],[-105.259616,33.328815],[-105.258758,33.328415],[-105.257161,33.329023],[-105.253832,33.331183],[-105.251513,33.333532],[-105.250673,33.333804],[-105.249203,33.335873],[-105.247214,33.336696],[-105.246243,33.337887],[-105.242613,33.338265],[-105.239353,33.339637],[-105.238423,33.341726],[-105.236874,33.343809],[-105.23542,33.34445],[-105.235533,33.3474],[-105.233757,33.349834],[-105.231761,33.350132],[-105.227746,33.351512],[-105.226008,33.358078],[-105.226171,33.360802],[-105.225527,33.363079],[-105.227111,33.362614],[-105.2366,33.363419],[-105.236997,33.366887],[-105.23901,33.36686],[-105.241756,33.3647],[-105.242532,33.363462],[-105.244099,33.363261],[-105.243132,33.365797],[-105.244144,33.368107],[-105.243103,33.369608],[-105.248223,33.372257],[-105.249515,33.373359],[-105.253685,33.378002],[-105.25428,33.379348],[-105.252109,33.379762],[-105.250575,33.381394],[-105.247913,33.392966],[-105.245813,33.399566],[-105.246126,33.401092],[-105.246868,33.402434],[-105.251031,33.407289],[-105.253864,33.409779],[-105.253974,33.414287],[-105.256808,33.417082],[-105.258409,33.420493],[-105.260337,33.420968],[-105.261746,33.424957],[-105.259798,33.427601],[-105.260237,33.428161],[-105.264474,33.428641],[-105.267372,33.428482],[-105.266733,33.430214],[-105.266789,33.432538],[-105.268277,33.434267],[-105.268219,33.435296],[-105.269561,33.437025],[-105.272453,33.437799],[-105.274639,33.439802],[-105.277887,33.440753],[-105.277793,33.441833],[-105.280456,33.444139],[-105.279976,33.445801],[-105.280447,33.448808],[-105.277145,33.450273],[-105.27715,33.451742],[-105.278907,33.452086],[-105.282744,33.454813],[-105.28632,33.455129],[-105.287747,33.457275],[-105.291839,33.457924],[-105.293354,33.459541],[-105.291647,33.461163],[-105.294362,33.463487],[-105.297082,33.460019],[-105.29795,33.459708],[-105.300112,33.462598],[-105.304082,33.462169],[-105.304383,33.463806],[-105.303868,33.466087],[-105.305785,33.466993],[-105.308734,33.465333],[-105.311154,33.463243],[-105.310156,33.460776],[-105.311136,33.459254],[-105.313985,33.458395],[-105.316413,33.458875],[-105.316502,33.456367],[-105.320169,33.457447],[-105.3209,33.456769],[-105.320589,33.455126],[-105.321324,33.45406],[-105.325108,33.451141],[-105.322806,33.446427],[-105.32367,33.445769],[-105.325746,33.446215],[-105.327636,33.445726],[-105.328509,33.444513],[-105.333246,33.443347],[-105.335924,33.443773],[-105.336633,33.444791],[-105.337717,33.442036],[-105.340755,33.441803],[-105.341597,33.439518],[-105.341685,33.435449],[-105.339474,33.434278],[-105.340666,33.433441],[-105.33906,33.431558],[-105.33737,33.433939],[-105.334455,33.433859],[-105.334008,33.435116],[-105.331425,33.433242],[-105.333081,33.432372],[-105.331598,33.43092],[-105.330771,33.427785],[-105.33107,33.42716],[-105.335757,33.426888],[-105.336976,33.427636],[-105.33962,33.426766],[-105.341927,33.424905],[-105.341937,33.417115],[-105.331266,33.417099],[-105.332794,33.414606],[-105.333648,33.411462],[-105.33058,33.410626],[-105.330117,33.409326],[-105.328057,33.408727],[-105.327659,33.40931],[-105.325273,33.407816],[-105.318024,33.402682],[-105.30816,33.396997],[-105.30284,33.395929],[-105.29983,33.394975],[-105.299991,33.393797],[-105.302029,33.392988],[-105.302634,33.394345],[-105.304204,33.395443],[-105.306783,33.395715],[-105.307141,33.396478],[-105.309842,33.396521],[-105.313748,33.395547],[-105.315122,33.396701],[-105.317562,33.3973],[-105.317696,33.396397],[-105.319936,33.397264],[-105.3237,33.394835],[-105.325608,33.394546],[-105.328141,33.392726],[-105.330523,33.392079],[-105.3328,33.389735],[-105.334215,33.389097],[-105.33509,33.385717],[-105.336101,33.383985],[-105.33852,33.383329],[-105.337884,33.378895],[-105.336481,33.376469],[-105.338601,33.375573],[-105.341806,33.369495],[-105.344553,33.370936],[-105.348137,33.369906],[-105.351224,33.369866],[-105.353051,33.369045],[-105.356446,33.36571],[-105.358017,33.367516],[-105.359699,33.36806],[-105.358919,33.369523],[-105.360966,33.372867],[-105.365061,33.375228],[-105.367429,33.37794],[-105.37023,33.377457],[-105.372803,33.378244],[-105.375824,33.380083],[-105.378611,33.379832],[-105.380099,33.378752],[-105.383727,33.380415],[-105.38462,33.37605],[-105.386707,33.375633],[-105.38973,33.371889],[-105.39175,33.368808],[-105.392779,33.368096],[-105.395054,33.366945],[-105.397928,33.366228],[-105.399715,33.365101],[-105.401692,33.36694],[-105.404401,33.367479],[-105.40616,33.366438],[-105.410056,33.367154],[-105.411172,33.367817],[-105.411592,33.370556],[-105.413814,33.371026],[-105.414947,33.372062],[-105.417404,33.372982],[-105.419964,33.376233],[-105.420166,33.31503],[-105.420276,33.312053],[-105.424315,33.309396],[-105.42587,33.308984],[-105.428299,33.306738],[-105.430017,33.306005],[-105.432555,33.306097],[-105.440194,33.308182],[-105.443932,33.309762],[-105.445188,33.311985],[-105.4507,33.312809],[-105.452118,33.312443],[-105.457526,33.313083],[-105.463032,33.314228]]]}},{"type":"Feature","properties":{"zcta5":"88312","AFFGEOID10":"8600000US88312","GEOID10":"88312","ALAND10":250526394,"AWATER10":33716,"county_name":"Lincoln","state_code":"NM","county_state":"Lincoln County, NM","county_fips":"35027","risk_level_county":"Medium Risk (70–79% vaccinated)","mean_vaccination_rate_county":70.28,"risk_level_zcta":"Higher Risk (60–69% vaccinated)","mean_vaccination_rate_zips":63.84,"cases":17},"geometry":{"type":"Polygon","coordinates":[[[-105.686235,33.448943],[-105.689055,33.449444],[-105.689601,33.447665],[-105.694198,33.443827],[-105.709549,33.447482],[-105.734715,33.451886],[-105.737111,33.454549],[-105.739973,33.455546],[-105.741031,33.456707],[-105.73991,33.456937],[-105.741895,33.458039],[-105.744617,33.456735],[-105.748262,33.455892],[-105.750947,33.455985],[-105.753792,33.45512],[-105.757661,33.457814],[-105.76503,33.461257],[-105.771644,33.462987],[-105.775807,33.465798],[-105.780102,33.46591],[-105.782711,33.46652],[-105.785647,33.468044],[-105.785987,33.472582],[-105.785526,33.477457],[-105.78606,33.479037],[-105.785158,33.485587],[-105.783404,33.486525],[-105.781442,33.488428],[-105.784215,33.488937],[-105.784295,33.491963],[-105.782032,33.490889],[-105.780867,33.492421],[-105.779197,33.492202],[-105.777813,33.493158],[-105.779537,33.492658],[-105.781429,33.493285],[-105.78224,33.49241],[-105.783353,33.494207],[-105.785567,33.494808],[-105.787862,33.49624],[-105.790564,33.495362],[-105.791457,33.493699],[-105.795893,33.495714],[-105.796209,33.494487],[-105.799007,33.494567],[-105.799121,33.493631],[-105.800593,33.49434],[-105.80213,33.493347],[-105.803583,33.493757],[-105.805976,33.493062],[-105.809151,33.494359],[-105.814606,33.491754],[-105.816045,33.490662],[-105.817851,33.49058],[-105.818947,33.491312],[-105.820425,33.490268],[-105.824891,33.489084],[-105.826013,33.487501],[-105.828569,33.488135],[-105.831277,33.488025],[-105.832332,33.486345],[-105.835222,33.486058],[-105.837747,33.484721],[-105.836919,33.482737],[-105.836849,33.480325],[-105.838026,33.477102],[-105.839359,33.475316],[-105.839192,33.472047],[-105.840305,33.471037],[-105.843118,33.470992],[-105.84353,33.469789],[-105.842997,33.466124],[-105.842533,33.462913],[-105.845659,33.460034],[-105.847794,33.455092],[-105.84906,33.454275],[-105.84994,33.451634],[-105.852196,33.450952],[-105.852366,33.449078],[-105.851183,33.447071],[-105.848348,33.445357],[-105.847339,33.443824],[-105.847356,33.442557],[-105.849292,33.440221],[-105.849817,33.437717],[-105.849515,33.434482],[-105.848696,33.431513],[-105.847965,33.430037],[-105.846063,33.428756],[-105.843107,33.429189],[-105.841532,33.428683],[-105.841227,33.430742],[-105.840016,33.429097],[-105.839576,33.430695],[-105.838825,33.428615],[-105.837982,33.430093],[-105.83542,33.430719],[-105.83324,33.429648],[-105.83134,33.429747],[-105.829256,33.428993],[-105.827785,33.425952],[-105.825575,33.423906],[-105.824161,33.420082],[-105.825147,33.417732],[-105.826682,33.416922],[-105.825852,33.412928],[-105.826397,33.410683],[-105.823555,33.410082],[-105.822949,33.408265],[-105.821327,33.407792],[-105.820932,33.405904],[-105.819433,33.404162],[-105.819728,33.401328],[-105.819362,33.39953],[-105.818632,33.39895],[-105.81609,33.399735],[-105.811786,33.397281],[-105.808353,33.397596],[-105.803367,33.398925],[-105.801026,33.400565],[-105.797518,33.399076],[-105.790269,33.397852],[-105.788767,33.397114],[-105.785027,33.392716],[-105.784467,33.390383],[-105.734708,33.390671],[-105.733131,33.391788],[-105.730954,33.391968],[-105.726661,33.391423],[-105.721624,33.392882],[-105.720754,33.392722],[-105.71865,33.394331],[-105.713154,33.395344],[-105.709981,33.395325],[-105.708518,33.396248],[-105.704206,33.397461],[-105.702388,33.398524],[-105.696474,33.399721],[-105.690655,33.399802],[-105.687115,33.398696],[-105.685253,33.399124],[-105.680629,33.398826],[-105.679147,33.396906],[-105.673951,33.395606],[-105.673965,33.394497],[-105.671846,33.394543],[-105.671822,33.390893],[-105.667345,33.390984],[-105.666584,33.389049],[-105.663041,33.388215],[-105.66333,33.391065],[-105.659326,33.391147],[-105.661074,33.392375],[-105.663277,33.39338],[-105.666489,33.39369],[-105.669798,33.394866],[-105.671139,33.395933],[-105.673954,33.396048],[-105.673967,33.39724],[-105.667407,33.395675],[-105.667414,33.394565],[-105.659272,33.394759],[-105.659194,33.393033],[-105.65645,33.392462],[-105.648406,33.392693],[-105.647249,33.392263],[-105.642232,33.391962],[-105.641219,33.390932],[-105.637897,33.390652],[-105.636109,33.391115],[-105.634281,33.39047],[-105.632946,33.390872],[-105.627545,33.390915],[-105.625688,33.390394],[-105.620957,33.391043],[-105.61736,33.390051],[-105.612819,33.390388],[-105.61494,33.389097],[-105.619787,33.388732],[-105.619724,33.38975],[-105.624621,33.388731],[-105.626395,33.389239],[-105.630133,33.388731],[-105.636639,33.389556],[-105.640644,33.389608],[-105.642955,33.388028],[-105.644693,33.38532],[-105.64695,33.384472],[-105.645678,33.3844],[-105.641414,33.382233],[-105.638805,33.381279],[-105.63775,33.377411],[-105.63985,33.37254],[-105.639439,33.371539],[-105.64189,33.371111],[-105.641927,33.366649],[-105.643397,33.366959],[-105.644182,33.362288],[-105.643436,33.35823],[-105.643448,33.355789],[-105.644095,33.353482],[-105.643935,33.347675],[-105.643316,33.344751],[-105.640374,33.345695],[-105.637374,33.345455],[-105.635066,33.346004],[-105.630993,33.348737],[-105.629269,33.348672],[-105.626093,33.349901],[-105.625279,33.350749],[-105.622216,33.352313],[-105.620527,33.352418],[-105.620377,33.353068],[-105.62376,33.353116],[-105.624475,33.353807],[-105.624701,33.354629],[-105.621949,33.356181],[-105.61965,33.360766],[-105.620688,33.363208],[-105.62218,33.364134],[-105.621059,33.368149],[-105.619717,33.369283],[-105.620115,33.371589],[-105.618476,33.37219],[-105.617943,33.373337],[-105.619487,33.376809],[-105.61921,33.377631],[-105.618439,33.377829],[-105.615157,33.376224],[-105.612173,33.376607],[-105.610394,33.376334],[-105.607465,33.373562],[-105.605737,33.373182],[-105.606448,33.375382],[-105.60563,33.37625],[-105.602435,33.375985],[-105.600391,33.374547],[-105.597426,33.374],[-105.595009,33.37453],[-105.596775,33.376725],[-105.597829,33.379745],[-105.597638,33.381788],[-105.596451,33.383277],[-105.595274,33.384112],[-105.593927,33.383211],[-105.594029,33.382105],[-105.592806,33.382389],[-105.590074,33.380404],[-105.589064,33.381532],[-105.590604,33.384327],[-105.590924,33.386733],[-105.589167,33.386158],[-105.587069,33.386144],[-105.584141,33.383828],[-105.582354,33.383378],[-105.58165,33.384352],[-105.579956,33.384507],[-105.579376,33.387544],[-105.577877,33.388427],[-105.57679,33.389997],[-105.572699,33.391233],[-105.567111,33.394316],[-105.564588,33.397106],[-105.564453,33.398007],[-105.562819,33.400288],[-105.561375,33.401196],[-105.559631,33.405617],[-105.558284,33.406748],[-105.556083,33.406143],[-105.553303,33.406436],[-105.552265,33.407767],[-105.548494,33.409681],[-105.547112,33.409717],[-105.54135,33.415613],[-105.538659,33.417837],[-105.53418,33.418947],[-105.529953,33.418968],[-105.528202,33.420197],[-105.524289,33.420658],[-105.522811,33.42185],[-105.519905,33.42181],[-105.517908,33.421225],[-105.515705,33.421675],[-105.515472,33.422265],[-105.512079,33.422431],[-105.509633,33.42322],[-105.508498,33.426595],[-105.507526,33.427625],[-105.506975,33.430559],[-105.506291,33.431379],[-105.508059,33.434725],[-105.511822,33.435634],[-105.51334,33.43835],[-105.512327,33.441004],[-105.513452,33.439805],[-105.515217,33.440013],[-105.515928,33.438077],[-105.518314,33.437682],[-105.524625,33.434824],[-105.530566,33.441732],[-105.535859,33.442819],[-105.535855,33.443828],[-105.527257,33.443796],[-105.527228,33.447561],[-105.52277,33.447553],[-105.522792,33.446818],[-105.518727,33.446832],[-105.518085,33.447273],[-105.532455,33.460649],[-105.555868,33.454752],[-105.552313,33.456059],[-105.551386,33.45722],[-105.550402,33.461681],[-105.549202,33.462787],[-105.539006,33.465877],[-105.537178,33.466696],[-105.535589,33.465697],[-105.532467,33.46564],[-105.523178,33.468396],[-105.519354,33.468825],[-105.515171,33.472566],[-105.509573,33.473973],[-105.510956,33.476202],[-105.501468,33.479263],[-105.500841,33.480494],[-105.503305,33.481173],[-105.505082,33.480686],[-105.506336,33.481321],[-105.507563,33.484115],[-105.509975,33.485601],[-105.512423,33.485299],[-105.51389,33.485874],[-105.515273,33.488834],[-105.519562,33.491282],[-105.523764,33.494922],[-105.527691,33.492879],[-105.529593,33.491183],[-105.532745,33.490599],[-105.530044,33.492865],[-105.531853,33.493451],[-105.529073,33.495328],[-105.528525,33.49669],[-105.527274,33.496888],[-105.52771,33.497656],[-105.530714,33.495817],[-105.533923,33.494625],[-105.536461,33.492691],[-105.538293,33.492303],[-105.543844,33.488386],[-105.546575,33.484794],[-105.54899,33.485171],[-105.549914,33.483131],[-105.556008,33.479833],[-105.558543,33.47883],[-105.562491,33.475313],[-105.563521,33.475852],[-105.56572,33.4754],[-105.567488,33.474271],[-105.569725,33.474224],[-105.571008,33.471589],[-105.573589,33.471722],[-105.574169,33.47034],[-105.576956,33.469068],[-105.578251,33.469143],[-105.581684,33.46716],[-105.582171,33.467972],[-105.580723,33.469852],[-105.580778,33.471776],[-105.58179,33.473151],[-105.583266,33.473585],[-105.585279,33.473067],[-105.587714,33.477058],[-105.589428,33.477052],[-105.609637,33.479332],[-105.611352,33.476439],[-105.617681,33.476489],[-105.617826,33.475593],[-105.620404,33.475887],[-105.627178,33.474663],[-105.628494,33.471249],[-105.627249,33.468302],[-105.628033,33.463783],[-105.630471,33.461838],[-105.633718,33.460575],[-105.636898,33.459905],[-105.639962,33.458191],[-105.640975,33.458171],[-105.646845,33.456238],[-105.64955,33.456845],[-105.650874,33.455916],[-105.653266,33.456654],[-105.653755,33.457706],[-105.656005,33.459284],[-105.658552,33.455218],[-105.660132,33.450668],[-105.660708,33.448075],[-105.659163,33.448082],[-105.657789,33.44674],[-105.652912,33.445493],[-105.651307,33.444377],[-105.651948,33.444249],[-105.656093,33.446013],[-105.660911,33.447129],[-105.661176,33.445849],[-105.663424,33.446348],[-105.664125,33.445549],[-105.665807,33.445849],[-105.668555,33.443849],[-105.670076,33.44447],[-105.670061,33.443496],[-105.673364,33.441138],[-105.673749,33.439377],[-105.680417,33.438826],[-105.689998,33.442566],[-105.687625,33.445545],[-105.686235,33.448943]]]}},{"type":"Feature","properties":{"zcta5":"88323","AFFGEOID10":"8600000US88323","GEOID10":"88323","ALAND10":300997,"AWATER10":0,"county_name":"Lincoln","state_code":"NM","county_state":"Lincoln County, NM","county_fips":"35027","risk_level_county":"Medium Risk (70–79% vaccinated)","mean_vaccination_rate_county":70.28,"risk_level_zcta":"Uninhabited","mean_vaccination_rate_zips":null,"cases":17},"geometry":{"type":"Polygon","coordinates":[[[-105.527274,33.496888],[-105.528525,33.49669],[-105.529073,33.495328],[-105.531853,33.493451],[-105.530044,33.492865],[-105.532745,33.490599],[-105.529593,33.491183],[-105.527691,33.492879],[-105.523764,33.494922],[-105.524524,33.495856],[-105.522801,33.498829],[-105.525199,33.498299],[-105.527274,33.496888]]]}}]}