{"type":"FeatureCollection","features":[{"type":"Feature","properties":{"zcta5":"76711","AFFGEOID10":"8600000US76711","GEOID10":"76711","ALAND10":10223861,"AWATER10":26490,"county_name":"Mclennan","state_code":"TX","county_state":"Mclennan County, TX","county_fips":"48309","risk_level_county":"Higher Risk (60–69% vaccinated)","mean_vaccination_rate_county":67.19,"risk_level_zcta":"Very High Risk (<60% vaccinated)","mean_vaccination_rate_zips":51.32,"cases":188},"geometry":{"type":"Polygon","coordinates":[[[-97.176378,31.503295],[-97.174584,31.502121],[-97.164121,31.498326],[-97.155094,31.495087],[-97.155189,31.494869],[-97.150959,31.493089],[-97.150867,31.493253],[-97.146186,31.50109],[-97.142839,31.508139],[-97.13667,31.518481],[-97.134053,31.524077],[-97.134387,31.524841],[-97.133092,31.527447],[-97.134086,31.528266],[-97.135393,31.527099],[-97.137104,31.529017],[-97.145708,31.53619],[-97.148264,31.537302],[-97.154219,31.531857],[-97.157039,31.526903],[-97.16067,31.523019],[-97.164198,31.520708],[-97.166807,31.51966],[-97.166116,31.518895],[-97.169455,31.516744],[-97.169581,31.513866],[-97.168082,31.512066],[-97.173159,31.507573],[-97.176378,31.503295]]]}},{"type":"Feature","properties":{"zcta5":"76689","AFFGEOID10":"8600000US76689","GEOID10":"76689","ALAND10":595359511,"AWATER10":2489409,"county_name":"Mclennan","state_code":"TX","county_state":"Mclennan County, TX","county_fips":"48309","risk_level_county":"Higher Risk (60–69% vaccinated)","mean_vaccination_rate_county":67.19,"risk_level_zcta":"Higher Risk (60–69% vaccinated)","mean_vaccination_rate_zips":63.87,"cases":188},"geometry":{"type":"Polygon","coordinates":[[[-97.694657,31.66546],[-97.698749,31.663639],[-97.699937,31.66273],[-97.703164,31.658672],[-97.704347,31.657719],[-97.708777,31.655473],[-97.711402,31.652098],[-97.713519,31.647338],[-97.717897,31.64261],[-97.718241,31.641377],[-97.717727,31.638837],[-97.719432,31.636355],[-97.72308,31.63447],[-97.719926,31.630321],[-97.718246,31.629839],[-97.712137,31.629336],[-97.709231,31.628278],[-97.689613,31.625609],[-97.677585,31.625919],[-97.675623,31.625157],[-97.673333,31.623484],[-97.668756,31.622847],[-97.667241,31.622318],[-97.664679,31.618681],[-97.6635,31.61817],[-97.663923,31.617058],[-97.66605,31.615338],[-97.665915,31.612549],[-97.662376,31.607098],[-97.662409,31.605597],[-97.664684,31.601176],[-97.664557,31.598981],[-97.662549,31.596952],[-97.662496,31.594821],[-97.663067,31.590938],[-97.67248,31.581566],[-97.672044,31.568911],[-97.674554,31.567411],[-97.678781,31.563578],[-97.67981,31.562926],[-97.675525,31.555053],[-97.678235,31.553302],[-97.671915,31.544338],[-97.672695,31.54309],[-97.669689,31.538696],[-97.653108,31.547304],[-97.651687,31.547086],[-97.645644,31.54964],[-97.645362,31.551479],[-97.643907,31.555997],[-97.643372,31.55664],[-97.639394,31.556367],[-97.638042,31.555616],[-97.637933,31.554602],[-97.636134,31.552598],[-97.634231,31.551982],[-97.628241,31.555096],[-97.62221,31.546442],[-97.619728,31.54774],[-97.618713,31.54641],[-97.614909,31.548863],[-97.614092,31.547911],[-97.611456,31.549511],[-97.609371,31.549835],[-97.597935,31.549549],[-97.595048,31.548204],[-97.587626,31.551681],[-97.58564,31.548694],[-97.57956,31.551735],[-97.586572,31.561904],[-97.58348,31.563395],[-97.581002,31.562514],[-97.57549,31.562646],[-97.573388,31.563646],[-97.572557,31.56596],[-97.570309,31.566875],[-97.569425,31.567975],[-97.566159,31.569027],[-97.563696,31.57047],[-97.560964,31.573767],[-97.561044,31.575394],[-97.559973,31.57615],[-97.558605,31.579265],[-97.559086,31.580457],[-97.557855,31.581281],[-97.556169,31.580799],[-97.556515,31.582632],[-97.553195,31.584326],[-97.55009,31.585172],[-97.548509,31.586637],[-97.546474,31.587483],[-97.544547,31.587276],[-97.542059,31.58622],[-97.539835,31.588716],[-97.535578,31.589859],[-97.533114,31.591392],[-97.533354,31.592217],[-97.529231,31.593108],[-97.525991,31.594319],[-97.525107,31.594502],[-97.522112,31.592758],[-97.520883,31.590214],[-97.521261,31.587167],[-97.520781,31.586456],[-97.517436,31.585629],[-97.51618,31.583772],[-97.509411,31.581772],[-97.507243,31.58232],[-97.504543,31.57966],[-97.500301,31.578635],[-97.498077,31.576621],[-97.496604,31.576302],[-97.49481,31.574837],[-97.494032,31.573211],[-97.491969,31.572044],[-97.487018,31.571659],[-97.485599,31.570859],[-97.483775,31.567492],[-97.482143,31.567356],[-97.479442,31.569237],[-97.47709,31.571874],[-97.476448,31.57192],[-97.473395,31.569448],[-97.472777,31.567684],[-97.469967,31.566724],[-97.466459,31.564573],[-97.46536,31.56187],[-97.462403,31.558175],[-97.459708,31.55555],[-97.457005,31.554223],[-97.454623,31.553881],[-97.451465,31.552073],[-97.44753,31.552234],[-97.452258,31.570319],[-97.451165,31.570645],[-97.447711,31.565875],[-97.438731,31.570452],[-97.440278,31.572661],[-97.433787,31.575865],[-97.438479,31.581186],[-97.440362,31.583814],[-97.439355,31.584844],[-97.439673,31.586993],[-97.441122,31.590522],[-97.442601,31.59118],[-97.444108,31.594875],[-97.440607,31.59575],[-97.433573,31.599324],[-97.435629,31.60205],[-97.437985,31.601637],[-97.442054,31.602666],[-97.444894,31.605872],[-97.44942,31.607611],[-97.449903,31.610131],[-97.451806,31.612375],[-97.45344,31.613061],[-97.455476,31.615786],[-97.446215,31.620475],[-97.438695,31.610059],[-97.428563,31.603471],[-97.424001,31.59838],[-97.4201,31.593286],[-97.41288,31.596965],[-97.412031,31.596808],[-97.409577,31.593997],[-97.403959,31.590915],[-97.40226,31.5892],[-97.398113,31.586499],[-97.394545,31.582085],[-97.394128,31.580749],[-97.370852,31.592778],[-97.36917,31.592277],[-97.355599,31.599115],[-97.362289,31.601952],[-97.362005,31.603555],[-97.356447,31.606961],[-97.356338,31.612691],[-97.354249,31.614409],[-97.353954,31.617456],[-97.351383,31.618647],[-97.350526,31.618761],[-97.347502,31.616561],[-97.347502,31.615439],[-97.345895,31.616492],[-97.344477,31.615965],[-97.342896,31.617889],[-97.342655,31.619126],[-97.341048,31.620683],[-97.335344,31.62272],[-97.334433,31.624507],[-97.332451,31.625033],[-97.331835,31.62666],[-97.331995,31.627805],[-97.333387,31.628928],[-97.333546,31.631036],[-97.33558,31.632778],[-97.339034,31.63326],[-97.340319,31.634017],[-97.343774,31.633812],[-97.345112,31.634843],[-97.350549,31.633218],[-97.352664,31.632187],[-97.355155,31.629828],[-97.357779,31.628431],[-97.360163,31.628133],[-97.36193,31.628661],[-97.362679,31.631021],[-97.365356,31.634916],[-97.36648,31.638352],[-97.367792,31.64101],[-97.367818,31.642659],[-97.368943,31.644813],[-97.366693,31.646325],[-97.364898,31.650403],[-97.363961,31.650953],[-97.362996,31.653839],[-97.364897,31.657391],[-97.365298,31.659338],[-97.366396,31.660621],[-97.369878,31.66179],[-97.371726,31.661309],[-97.372771,31.660095],[-97.374271,31.660507],[-97.374485,31.663073],[-97.375101,31.663669],[-97.374833,31.665754],[-97.375717,31.666418],[-97.374779,31.668045],[-97.375958,31.671115],[-97.374404,31.67462],[-97.374564,31.677667],[-97.373037,31.681882],[-97.373083,31.686218],[-97.382204,31.6863],[-97.386556,31.692571],[-97.336415,31.717008],[-97.337836,31.718958],[-97.341155,31.720459],[-97.34681,31.721464],[-97.348123,31.725114],[-97.35042,31.726241],[-97.359032,31.727356],[-97.362499,31.72707],[-97.362809,31.728834],[-97.361339,31.729718],[-97.362396,31.731962],[-97.365062,31.730937],[-97.369885,31.732013],[-97.371351,31.733294],[-97.370735,31.734738],[-97.368843,31.736138],[-97.368558,31.737838],[-97.366082,31.739125],[-97.362207,31.736714],[-97.360317,31.733086],[-97.330334,31.74666],[-97.336372,31.754432],[-97.340378,31.759999],[-97.344919,31.763815],[-97.347081,31.766391],[-97.349693,31.773006],[-97.350651,31.776496],[-97.351768,31.778159],[-97.353837,31.779801],[-97.359682,31.776847],[-97.361271,31.777495],[-97.367738,31.785765],[-97.376834,31.780981],[-97.38052,31.785995],[-97.391767,31.780477],[-97.399917,31.791847],[-97.403755,31.79083],[-97.404808,31.791912],[-97.411276,31.788824],[-97.418323,31.798763],[-97.439953,31.788086],[-97.439536,31.789351],[-97.442058,31.789924],[-97.445,31.791491],[-97.445956,31.79098],[-97.449661,31.796321],[-97.456199,31.793018],[-97.459282,31.801252],[-97.510048,31.775108],[-97.515768,31.775703],[-97.517052,31.77655],[-97.519507,31.781536],[-97.521553,31.782783],[-97.522545,31.784076],[-97.528425,31.783374],[-97.528971,31.782118],[-97.545113,31.781618],[-97.545939,31.78116],[-97.545492,31.779446],[-97.54271,31.778198],[-97.541803,31.776118],[-97.539391,31.772498],[-97.539042,31.769591],[-97.537654,31.767885],[-97.536413,31.764265],[-97.536172,31.762698],[-97.538869,31.762047],[-97.54127,31.759254],[-97.539919,31.757703],[-97.540859,31.754476],[-97.539457,31.751968],[-97.53808,31.751533],[-97.539309,31.749999],[-97.538703,31.74883],[-97.540498,31.74695],[-97.540606,31.74516],[-97.542748,31.742074],[-97.542592,31.740287],[-97.541507,31.736827],[-97.539919,31.735301],[-97.539314,31.730893],[-97.537549,31.728331],[-97.538071,31.723971],[-97.540107,31.723539],[-97.540035,31.721],[-97.541862,31.721638],[-97.543962,31.724736],[-97.548775,31.723633],[-97.545197,31.706486],[-97.550958,31.713834],[-97.55205,31.713261],[-97.55347,31.715135],[-97.558366,31.712363],[-97.557475,31.714154],[-97.559848,31.718666],[-97.561149,31.719098],[-97.563612,31.718614],[-97.566599,31.71716],[-97.569101,31.716785],[-97.570436,31.71593],[-97.572846,31.71748],[-97.578441,31.720018],[-97.581631,31.723371],[-97.58413,31.725037],[-97.587716,31.726297],[-97.592523,31.727478],[-97.605229,31.702572],[-97.607593,31.702148],[-97.608436,31.702691],[-97.612311,31.701225],[-97.612437,31.70039],[-97.614383,31.699542],[-97.621206,31.700413],[-97.620513,31.699247],[-97.618412,31.698005],[-97.617904,31.696968],[-97.619476,31.696267],[-97.618066,31.694234],[-97.621223,31.692548],[-97.623321,31.690359],[-97.625663,31.689617],[-97.628735,31.686864],[-97.629969,31.687876],[-97.635398,31.684978],[-97.632599,31.681329],[-97.634618,31.680293],[-97.634158,31.679094],[-97.637817,31.677267],[-97.639514,31.675245],[-97.63731,31.671875],[-97.634866,31.674588],[-97.632049,31.676637],[-97.629144,31.67816],[-97.622788,31.668903],[-97.625668,31.667431],[-97.624,31.665012],[-97.628196,31.656526],[-97.638456,31.656107],[-97.641193,31.654609],[-97.642878,31.654239],[-97.650368,31.656513],[-97.652271,31.656314],[-97.655393,31.66085],[-97.660045,31.660321],[-97.663273,31.664811],[-97.666486,31.66338],[-97.670706,31.669061],[-97.679523,31.66454],[-97.68138,31.666633],[-97.683763,31.665744],[-97.687128,31.665373],[-97.692474,31.66583],[-97.694657,31.66546]]]}},{"type":"Feature","properties":{"zcta5":"76701","AFFGEOID10":"8600000US76701","GEOID10":"76701","ALAND10":2949729,"AWATER10":46452,"county_name":"Mclennan","state_code":"TX","county_state":"Mclennan County, TX","county_fips":"48309","risk_level_county":"Higher Risk (60–69% vaccinated)","mean_vaccination_rate_county":67.19,"risk_level_zcta":"Very High Risk (<60% vaccinated)","mean_vaccination_rate_zips":58.76,"cases":188},"geometry":{"type":"Polygon","coordinates":[[[-97.133998,31.564956],[-97.137465,31.561436],[-97.139308,31.558532],[-97.142527,31.555634],[-97.143931,31.552171],[-97.148152,31.548367],[-97.149421,31.546265],[-97.153192,31.543004],[-97.148412,31.538998],[-97.148264,31.537302],[-97.12337,31.559257],[-97.127339,31.560936],[-97.133998,31.564956]]]}},{"type":"Feature","properties":{"zcta5":"76643","AFFGEOID10":"8600000US76643","GEOID10":"76643","ALAND10":20782311,"AWATER10":44139,"county_name":"Mclennan","state_code":"TX","county_state":"Mclennan County, TX","county_fips":"48309","risk_level_county":"Higher Risk (60–69% vaccinated)","mean_vaccination_rate_county":67.19,"risk_level_zcta":"Medium Risk (70–79% vaccinated)","mean_vaccination_rate_zips":70.65,"cases":188},"geometry":{"type":"Polygon","coordinates":[[[-97.21334,31.455174],[-97.217872,31.452946],[-97.213726,31.44655],[-97.211986,31.443881],[-97.210232,31.441044],[-97.214409,31.439156],[-97.215824,31.44129],[-97.21849,31.440038],[-97.214268,31.433168],[-97.206635,31.436818],[-97.208443,31.430881],[-97.209003,31.428767],[-97.209167,31.423972],[-97.210309,31.419676],[-97.20785,31.419013],[-97.205901,31.41945],[-97.203549,31.418374],[-97.201625,31.418467],[-97.199808,31.417277],[-97.197881,31.417128],[-97.197232,31.41718],[-97.193973,31.421751],[-97.186439,31.434979],[-97.175911,31.451671],[-97.172873,31.457526],[-97.171914,31.458447],[-97.168282,31.46431],[-97.169194,31.464713],[-97.160274,31.478755],[-97.161413,31.478157],[-97.166356,31.479923],[-97.169056,31.479853],[-97.173639,31.481972],[-97.174242,31.4828],[-97.179445,31.472609],[-97.184725,31.473956],[-97.187327,31.469317],[-97.189481,31.471667],[-97.194516,31.480133],[-97.198729,31.478478],[-97.202833,31.484315],[-97.208854,31.481203],[-97.20958,31.482261],[-97.210783,31.481667],[-97.206424,31.474874],[-97.211577,31.472542],[-97.212816,31.470857],[-97.212979,31.468096],[-97.206642,31.458213],[-97.21334,31.455174]]]}},{"type":"Feature","properties":{"zcta5":"76704","AFFGEOID10":"8600000US76704","GEOID10":"76704","ALAND10":13401444,"AWATER10":441565,"county_name":"Mclennan","state_code":"TX","county_state":"Mclennan County, TX","county_fips":"48309","risk_level_county":"Higher Risk (60–69% vaccinated)","mean_vaccination_rate_county":67.19,"risk_level_zcta":"Very High Risk (<60% vaccinated)","mean_vaccination_rate_zips":56.11,"cases":188},"geometry":{"type":"Polygon","coordinates":[[[-97.141349,31.596335],[-97.146461,31.59369],[-97.153233,31.590729],[-97.155285,31.589198],[-97.155426,31.588694],[-97.15481,31.587119],[-97.154349,31.585938],[-97.152681,31.583189],[-97.149514,31.579197],[-97.145721,31.575191],[-97.1435,31.572845],[-97.133998,31.564956],[-97.127339,31.560936],[-97.12337,31.559257],[-97.115417,31.555396],[-97.108869,31.552946],[-97.104413,31.551858],[-97.10282,31.551765],[-97.101458,31.559418],[-97.101798,31.561108],[-97.102794,31.562711],[-97.100054,31.564031],[-97.098669,31.566836],[-97.102197,31.567037],[-97.104258,31.56791],[-97.106298,31.566878],[-97.111568,31.574858],[-97.115233,31.582014],[-97.115313,31.583082],[-97.114134,31.589234],[-97.122818,31.585004],[-97.12467,31.587528],[-97.124992,31.589428],[-97.123655,31.595583],[-97.121648,31.59629],[-97.120256,31.595918],[-97.117904,31.602055],[-97.12211,31.602773],[-97.139274,31.593592],[-97.141067,31.595961],[-97.141349,31.596335]]]}},{"type":"Feature","properties":{"zcta5":"76705","AFFGEOID10":"8600000US76705","GEOID10":"76705","ALAND10":296035393,"AWATER10":10839612,"county_name":"Mclennan","state_code":"TX","county_state":"Mclennan County, TX","county_fips":"48309","risk_level_county":"Higher Risk (60–69% vaccinated)","mean_vaccination_rate_county":67.19,"risk_level_zcta":"Very High Risk (<60% vaccinated)","mean_vaccination_rate_zips":54.67,"cases":188},"geometry":{"type":"Polygon","coordinates":[[[-97.277265,31.745492],[-97.272707,31.74194],[-97.270727,31.738827],[-97.270256,31.737326],[-97.270208,31.734565],[-97.270601,31.731547],[-97.272455,31.72738],[-97.273755,31.72548],[-97.279299,31.720637],[-97.283846,31.717942],[-97.286497,31.717028],[-97.288393,31.715372],[-97.288674,31.714489],[-97.288565,31.707829],[-97.28824,31.706073],[-97.287009,31.703321],[-97.285947,31.701824],[-97.284145,31.700462],[-97.280406,31.698493],[-97.278029,31.698269],[-97.270569,31.695462],[-97.268176,31.694231],[-97.266988,31.694119],[-97.256904,31.694233],[-97.251536,31.692407],[-97.248571,31.69244],[-97.246799,31.692962],[-97.239693,31.693796],[-97.236001,31.694842],[-97.231666,31.692627],[-97.223314,31.689575],[-97.220943,31.689726],[-97.216464,31.687763],[-97.214368,31.686403],[-97.210786,31.684933],[-97.206171,31.683725],[-97.201984,31.681381],[-97.196027,31.679685],[-97.194394,31.679576],[-97.188576,31.677249],[-97.185886,31.675769],[-97.180639,31.671927],[-97.178996,31.671064],[-97.174526,31.669602],[-97.167327,31.663893],[-97.165544,31.66366],[-97.16223,31.660048],[-97.162062,31.658667],[-97.163214,31.656266],[-97.163181,31.654003],[-97.164468,31.65072],[-97.166364,31.648563],[-97.170905,31.644869],[-97.174429,31.642569],[-97.177936,31.639137],[-97.180719,31.636844],[-97.180811,31.633071],[-97.180328,31.630435],[-97.178632,31.625926],[-97.177503,31.61965],[-97.174908,31.614396],[-97.173256,31.612905],[-97.171034,31.612928],[-97.168378,31.61371],[-97.165004,31.616009],[-97.158964,31.618461],[-97.155141,31.620512],[-97.148536,31.624981],[-97.145132,31.625268],[-97.137254,31.623587],[-97.135316,31.622727],[-97.133367,31.621112],[-97.130952,31.617993],[-97.129202,31.614678],[-97.128935,31.611474],[-97.13021,31.607311],[-97.134435,31.602238],[-97.141349,31.596335],[-97.141067,31.595961],[-97.139274,31.593592],[-97.12211,31.602773],[-97.117904,31.602055],[-97.120256,31.595918],[-97.121648,31.59629],[-97.123655,31.595583],[-97.124992,31.589428],[-97.12467,31.587528],[-97.122818,31.585004],[-97.114134,31.589234],[-97.115313,31.583082],[-97.115233,31.582014],[-97.111568,31.574858],[-97.106298,31.566878],[-97.104258,31.56791],[-97.102197,31.567037],[-97.098669,31.566836],[-97.100054,31.564031],[-97.102794,31.562711],[-97.101798,31.561108],[-97.101458,31.559418],[-97.10282,31.551765],[-97.10012,31.5519],[-97.097887,31.551042],[-97.090468,31.550079],[-97.089298,31.549702],[-97.088393,31.549626],[-97.08062,31.544042],[-97.078959,31.541668],[-97.075515,31.538683],[-97.071267,31.530926],[-97.070474,31.526909],[-97.069375,31.52214],[-97.067426,31.520272],[-97.063422,31.519682],[-97.061662,31.52083],[-97.059296,31.520979],[-97.055907,31.522142],[-97.05444,31.523162],[-97.052225,31.523561],[-97.050441,31.522949],[-97.047607,31.521214],[-97.045137,31.519037],[-97.04404,31.521564],[-97.041363,31.524311],[-97.039598,31.52431],[-97.037968,31.522912],[-97.035133,31.523414],[-97.033927,31.526001],[-97.030968,31.526749],[-97.024455,31.522609],[-97.021515,31.521848],[-97.018347,31.522141],[-97.014296,31.519108],[-96.999014,31.5211],[-96.998801,31.522249],[-96.990549,31.521042],[-96.992231,31.521588],[-96.992438,31.522477],[-96.990911,31.523232],[-96.990094,31.52208],[-96.988205,31.523037],[-96.98601,31.523463],[-96.976788,31.528005],[-96.974281,31.528841],[-96.965875,31.532802],[-96.958269,31.520418],[-96.920217,31.538169],[-96.928162,31.550823],[-96.924582,31.553206],[-96.919541,31.555587],[-96.926942,31.566444],[-96.929052,31.566989],[-96.935084,31.564152],[-96.936125,31.5631],[-96.937664,31.559888],[-96.939655,31.557181],[-96.940225,31.557367],[-96.950146,31.563958],[-96.948672,31.565234],[-96.946932,31.568393],[-96.94488,31.570171],[-96.937829,31.574247],[-96.933199,31.573382],[-96.932586,31.574238],[-96.91681,31.581299],[-96.918978,31.584642],[-96.922127,31.583281],[-96.921542,31.584543],[-96.917921,31.585997],[-96.919858,31.58658],[-96.921992,31.586491],[-96.946024,31.575768],[-96.947437,31.575453],[-96.961629,31.575969],[-96.973771,31.577655],[-96.976202,31.578602],[-96.975995,31.580361],[-96.977641,31.590764],[-96.977923,31.593946],[-96.98113,31.592514],[-96.986263,31.587915],[-96.989764,31.594079],[-96.991697,31.596739],[-96.993566,31.59836],[-96.998372,31.605212],[-97.000274,31.608892],[-96.99912,31.610587],[-96.995881,31.610725],[-96.996123,31.611984],[-96.994171,31.613016],[-96.993023,31.615766],[-96.990322,31.617692],[-96.990082,31.618586],[-96.992865,31.617896],[-96.993001,31.619568],[-96.991824,31.620646],[-96.990298,31.620395],[-96.984678,31.621889],[-96.984118,31.624203],[-96.982218,31.624846],[-96.982327,31.626266],[-96.980588,31.627367],[-96.979918,31.626474],[-96.976251,31.627508],[-96.975932,31.629088],[-96.974672,31.628058],[-96.970629,31.627832],[-96.969531,31.628968],[-96.97345,31.635199],[-97.001274,31.631575],[-97.008484,31.6318],[-97.016033,31.630445],[-97.027346,31.627722],[-97.044513,31.620389],[-97.045609,31.622862],[-97.047029,31.621878],[-97.044267,31.626778],[-97.041535,31.627395],[-97.040999,31.628082],[-97.04062,31.631976],[-97.039228,31.631998],[-97.03944,31.634449],[-97.038314,31.636235],[-97.037989,31.639808],[-97.036408,31.640357],[-97.036406,31.642624],[-97.035736,31.643219],[-97.033909,31.649197],[-97.032891,31.649219],[-97.032512,31.653388],[-97.030956,31.655769],[-97.031892,31.656915],[-97.030017,31.657509],[-97.029804,31.659006],[-97.038786,31.654177],[-97.047063,31.665067],[-97.051887,31.662439],[-97.053583,31.661832],[-97.070249,31.653238],[-97.07473,31.659716],[-97.075437,31.659961],[-97.080969,31.657123],[-97.086902,31.665935],[-97.095566,31.661544],[-97.095791,31.6614],[-97.100093,31.659386],[-97.100284,31.656094],[-97.100059,31.650688],[-97.101555,31.64997],[-97.102469,31.646759],[-97.115355,31.640421],[-97.115714,31.641032],[-97.119131,31.641257],[-97.1193,31.638125],[-97.122702,31.636203],[-97.124593,31.635573],[-97.125977,31.638331],[-97.125762,31.639819],[-97.123272,31.640667],[-97.122522,31.641767],[-97.125601,31.643027],[-97.126244,31.64573],[-97.124943,31.646535],[-97.1237,31.647379],[-97.123619,31.649028],[-97.12469,31.650815],[-97.12137,31.652098],[-97.121557,31.653656],[-97.119548,31.655694],[-97.122681,31.658696],[-97.122574,31.659681],[-97.119172,31.662063],[-97.120243,31.663689],[-97.119868,31.665476],[-97.117966,31.666896],[-97.11893,31.668065],[-97.118073,31.670264],[-97.120617,31.671776],[-97.120751,31.673219],[-97.119009,31.674044],[-97.118286,31.675991],[-97.118446,31.677663],[-97.120482,31.678625],[-97.120134,31.680137],[-97.121767,31.682497],[-97.120803,31.684719],[-97.122651,31.686254],[-97.123321,31.687995],[-97.126589,31.688614],[-97.127634,31.689782],[-97.127232,31.690973],[-97.128732,31.692256],[-97.128625,31.693699],[-97.13192,31.695715],[-97.133715,31.697433],[-97.133126,31.698991],[-97.13342,31.700709],[-97.141005,31.696939],[-97.140583,31.701204],[-97.141752,31.704077],[-97.133954,31.707992],[-97.133741,31.708682],[-97.131363,31.709227],[-97.128277,31.710756],[-97.1235,31.7141],[-97.124663,31.716804],[-97.121408,31.718275],[-97.120466,31.719447],[-97.123132,31.725256],[-97.125925,31.724428],[-97.13656,31.719154],[-97.137185,31.719997],[-97.140364,31.717972],[-97.14909,31.713638],[-97.152779,31.719006],[-97.157262,31.716772],[-97.158465,31.722258],[-97.176564,31.723691],[-97.176373,31.723003],[-97.179063,31.725351],[-97.178206,31.72636],[-97.180753,31.728741],[-97.180647,31.730895],[-97.181425,31.731719],[-97.180782,31.732819],[-97.183036,31.736598],[-97.184537,31.737491],[-97.184994,31.738934],[-97.183975,31.739415],[-97.184685,31.741233],[-97.187336,31.739781],[-97.189035,31.735358],[-97.192073,31.732938],[-97.200264,31.73155],[-97.211088,31.726456],[-97.212327,31.727444],[-97.21273,31.729047],[-97.21635,31.731038],[-97.216432,31.732848],[-97.215522,31.734154],[-97.21464,31.737316],[-97.217215,31.739788],[-97.217674,31.743385],[-97.219633,31.745445],[-97.221671,31.746246],[-97.221244,31.748445],[-97.222826,31.748879],[-97.222819,31.750728],[-97.224349,31.751964],[-97.224512,31.754575],[-97.22623,31.755926],[-97.225892,31.757523],[-97.217754,31.76144],[-97.224127,31.770608],[-97.224495,31.771608],[-97.265575,31.750968],[-97.266379,31.750749],[-97.277265,31.745492]]]}},{"type":"Feature","properties":{"zcta5":"76655","AFFGEOID10":"8600000US76655","GEOID10":"76655","ALAND10":197742692,"AWATER10":1137215,"county_name":"Mclennan","state_code":"TX","county_state":"Mclennan County, TX","county_fips":"48309","risk_level_county":"Higher Risk (60–69% vaccinated)","mean_vaccination_rate_county":67.19,"risk_level_zcta":"Higher Risk (60–69% vaccinated)","mean_vaccination_rate_zips":64.79,"cases":188},"geometry":{"type":"Polygon","coordinates":[[[-97.312051,31.418459],[-97.309371,31.41481],[-97.307083,31.413464],[-97.30467,31.412052],[-97.301087,31.408215],[-97.297057,31.407078],[-97.295577,31.406021],[-97.292708,31.402143],[-97.28995,31.399726],[-97.290538,31.399374],[-97.286611,31.397466],[-97.283966,31.398243],[-97.281912,31.395973],[-97.278307,31.395169],[-97.277238,31.395626],[-97.27457,31.39292],[-97.27254,31.393652],[-97.26971,31.392573],[-97.266371,31.392776],[-97.263489,31.391215],[-97.262582,31.389886],[-97.260231,31.390342],[-97.25871,31.389447],[-97.26508,31.386158],[-97.260511,31.378779],[-97.260917,31.369391],[-97.250382,31.366812],[-97.246407,31.377936],[-97.248031,31.383416],[-97.247506,31.383955],[-97.24609,31.383429],[-97.245261,31.382078],[-97.241896,31.38215],[-97.241577,31.383158],[-97.239415,31.384718],[-97.238906,31.383023],[-97.237542,31.381673],[-97.237861,31.380229],[-97.236098,31.379681],[-97.231158,31.380005],[-97.230249,31.378402],[-97.227898,31.377602],[-97.225815,31.377902],[-97.22421,31.374719],[-97.222928,31.37449],[-97.222473,31.373093],[-97.219747,31.371354],[-97.218625,31.36998],[-97.217515,31.369889],[-97.21772,31.36749],[-97.218578,31.365123],[-97.217394,31.364721],[-97.216388,31.369746],[-97.215818,31.36965],[-97.218119,31.358594],[-97.217288,31.357195],[-97.213166,31.359284],[-97.210993,31.355297],[-97.198308,31.3357],[-97.191103,31.339243],[-97.189068,31.339812],[-97.183333,31.337924],[-97.181431,31.335186],[-97.179292,31.336087],[-97.178309,31.337505],[-97.178843,31.339131],[-97.175283,31.33636],[-97.174066,31.336436],[-97.171616,31.334582],[-97.171723,31.333434],[-97.164037,31.337277],[-97.160706,31.332214],[-97.161411,31.324988],[-97.154933,31.324357],[-97.14919,31.315445],[-97.1446,31.317703],[-97.141629,31.318196],[-97.142924,31.320529],[-97.138432,31.321122],[-97.139247,31.322825],[-97.139271,31.325949],[-97.136644,31.335333],[-97.135648,31.337477],[-97.1324,31.34265],[-97.129393,31.343816],[-97.12727,31.341262],[-97.123715,31.338402],[-97.123246,31.336095],[-97.118022,31.337633],[-97.103457,31.344968],[-97.105347,31.348761],[-97.108969,31.357516],[-97.09378,31.364725],[-97.093795,31.356945],[-97.082976,31.356948],[-97.08162,31.370174],[-97.081098,31.370416],[-97.076307,31.372931],[-97.065132,31.368646],[-97.060045,31.374932],[-97.05914,31.37677],[-97.057415,31.376505],[-97.049693,31.365772],[-97.044074,31.368616],[-97.049275,31.376213],[-97.041318,31.380456],[-97.045985,31.387072],[-97.041069,31.389292],[-97.038097,31.391129],[-97.037397,31.391434],[-97.038887,31.392475],[-97.043115,31.398373],[-97.046354,31.396568],[-97.049429,31.398171],[-97.05355,31.400842],[-97.05777,31.40227],[-97.057923,31.413122],[-97.054555,31.414935],[-97.057651,31.418904],[-97.063736,31.425644],[-97.065617,31.427997],[-97.068396,31.427816],[-97.072003,31.426558],[-97.073739,31.427406],[-97.077239,31.426308],[-97.078307,31.427637],[-97.081834,31.427249],[-97.08357,31.428074],[-97.086707,31.427634],[-97.090172,31.428888],[-97.092541,31.428696],[-97.093971,31.430019],[-97.095504,31.430228],[-97.097962,31.431639],[-97.10134,31.43233],[-97.101732,31.4288],[-97.102566,31.427362],[-97.104236,31.426841],[-97.106908,31.428313],[-97.120318,31.418845],[-97.121914,31.412533],[-97.121992,31.420532],[-97.130656,31.420487],[-97.131552,31.421411],[-97.138832,31.421372],[-97.139016,31.420118],[-97.145756,31.416871],[-97.146978,31.415688],[-97.150617,31.413995],[-97.145911,31.406807],[-97.151006,31.404447],[-97.147942,31.399974],[-97.150532,31.39873],[-97.153564,31.403264],[-97.16394,31.398507],[-97.16392,31.399197],[-97.172906,31.413068],[-97.173776,31.413533],[-97.181711,31.425855],[-97.191057,31.421295],[-97.193973,31.421751],[-97.197232,31.41718],[-97.197881,31.417128],[-97.199808,31.417277],[-97.201625,31.418467],[-97.203549,31.418374],[-97.205901,31.41945],[-97.20785,31.419013],[-97.210309,31.419676],[-97.209167,31.423972],[-97.209003,31.428767],[-97.208443,31.430881],[-97.206635,31.436818],[-97.214268,31.433168],[-97.21849,31.440038],[-97.215824,31.44129],[-97.214409,31.439156],[-97.210232,31.441044],[-97.211986,31.443881],[-97.213726,31.44655],[-97.217872,31.452946],[-97.21334,31.455174],[-97.215658,31.458046],[-97.217771,31.459511],[-97.223498,31.461725],[-97.225134,31.464296],[-97.226237,31.465675],[-97.22607,31.465751],[-97.226858,31.467064],[-97.22711,31.467879],[-97.226996,31.471194],[-97.227144,31.47204],[-97.228173,31.473692],[-97.228832,31.47446],[-97.230435,31.476641],[-97.235327,31.475419],[-97.239612,31.475954],[-97.24213,31.47806],[-97.255313,31.471436],[-97.254634,31.470119],[-97.266377,31.463934],[-97.264702,31.461573],[-97.262497,31.462839],[-97.257598,31.464186],[-97.256785,31.452009],[-97.258415,31.451098],[-97.260587,31.452255],[-97.261946,31.453728],[-97.284887,31.45173],[-97.300946,31.443207],[-97.299999,31.442143],[-97.301822,31.441093],[-97.299657,31.438179],[-97.30135,31.437323],[-97.294605,31.427385],[-97.312051,31.418459]]]}},{"type":"Feature","properties":{"zcta5":"76524","AFFGEOID10":"8600000US76524","GEOID10":"76524","ALAND10":174111281,"AWATER10":1068021,"county_name":"Mclennan","state_code":"TX","county_state":"Mclennan County, TX","county_fips":"48309","risk_level_county":"Higher Risk (60–69% vaccinated)","mean_vaccination_rate_county":67.19,"risk_level_zcta":"Very High Risk (<60% vaccinated)","mean_vaccination_rate_zips":58.3,"cases":188},"geometry":{"type":"Polygon","coordinates":[[[-97.265881,31.336416],[-97.267629,31.335144],[-97.271774,31.333259],[-97.275543,31.333348],[-97.278598,31.333852],[-97.284255,31.333426],[-97.293508,31.329144],[-97.293966,31.327137],[-97.291592,31.325371],[-97.289201,31.325849],[-97.290717,31.318579],[-97.290371,31.317068],[-97.291827,31.31696],[-97.291926,31.312434],[-97.290121,31.310391],[-97.290817,31.310338],[-97.305371,31.303182],[-97.301211,31.296867],[-97.31082,31.296439],[-97.306669,31.289738],[-97.305733,31.289132],[-97.303479,31.289376],[-97.302609,31.2887],[-97.295085,31.276948],[-97.291394,31.276857],[-97.278043,31.283031],[-97.276484,31.280627],[-97.278113,31.279799],[-97.277355,31.278894],[-97.237546,31.222096],[-97.236587,31.220521],[-97.231287,31.213938],[-97.228296,31.209241],[-97.226529,31.208982],[-97.225915,31.209723],[-97.220471,31.210331],[-97.219766,31.211252],[-97.208634,31.193545],[-97.195075,31.19981],[-97.193622,31.201531],[-97.191453,31.202042],[-97.191907,31.20417],[-97.191031,31.204901],[-97.186828,31.203235],[-97.184461,31.203713],[-97.175516,31.190218],[-97.171197,31.192103],[-97.167205,31.18609],[-97.154847,31.189108],[-97.14599,31.192963],[-97.143296,31.194996],[-97.137216,31.201764],[-97.135131,31.203186],[-97.130709,31.204861],[-97.133762,31.209953],[-97.132015,31.211228],[-97.140611,31.224603],[-97.140546,31.225999],[-97.143951,31.231612],[-97.142477,31.232807],[-97.139918,31.232069],[-97.139782,31.234884],[-97.138654,31.236835],[-97.137039,31.237947],[-97.147136,31.252502],[-97.142496,31.254926],[-97.139782,31.254241],[-97.13797,31.255065],[-97.136831,31.253954],[-97.13518,31.254085],[-97.133516,31.253529],[-97.133773,31.251979],[-97.131732,31.251032],[-97.12976,31.252769],[-97.129215,31.254753],[-97.12741,31.25439],[-97.124997,31.254771],[-97.121489,31.254593],[-97.125579,31.261044],[-97.124639,31.261515],[-97.132574,31.273897],[-97.128505,31.275006],[-97.124931,31.274792],[-97.11941,31.277857],[-97.107469,31.28313],[-97.104886,31.284466],[-97.10011,31.288914],[-97.10042,31.293174],[-97.104695,31.292849],[-97.110307,31.291441],[-97.113605,31.291509],[-97.123399,31.292973],[-97.125347,31.293415],[-97.146988,31.300492],[-97.147871,31.300715],[-97.147637,31.302028],[-97.144435,31.302442],[-97.145263,31.305114],[-97.145284,31.309249],[-97.14919,31.315445],[-97.154933,31.324357],[-97.161411,31.324988],[-97.164107,31.325129],[-97.165086,31.326238],[-97.171479,31.322052],[-97.175838,31.319882],[-97.190581,31.31345],[-97.191362,31.316579],[-97.194833,31.319058],[-97.196069,31.320895],[-97.197598,31.320354],[-97.227516,31.304771],[-97.231883,31.311131],[-97.236046,31.317721],[-97.236947,31.314933],[-97.238837,31.31157],[-97.244225,31.30489],[-97.245574,31.305776],[-97.239527,31.315819],[-97.237632,31.31822],[-97.23583,31.319671],[-97.236122,31.320274],[-97.239703,31.318515],[-97.242122,31.322465],[-97.243412,31.322131],[-97.246547,31.324142],[-97.249036,31.328622],[-97.247032,31.329162],[-97.244314,31.328103],[-97.243067,31.329494],[-97.242411,31.328249],[-97.241024,31.329036],[-97.241124,31.330462],[-97.242321,31.333038],[-97.243728,31.33181],[-97.246465,31.331516],[-97.252222,31.332662],[-97.257487,31.332914],[-97.259993,31.333775],[-97.264783,31.333193],[-97.265881,31.336416]]]}},{"type":"Feature","properties":{"zcta5":"76664","AFFGEOID10":"8600000US76664","GEOID10":"76664","ALAND10":349764911,"AWATER10":3090730,"county_name":"Mclennan","state_code":"TX","county_state":"Mclennan County, TX","county_fips":"48309","risk_level_county":"Higher Risk (60–69% vaccinated)","mean_vaccination_rate_county":67.19,"risk_level_zcta":"Higher Risk (60–69% vaccinated)","mean_vaccination_rate_zips":65.06,"cases":188},"geometry":{"type":"Polygon","coordinates":[[[-96.917921,31.585997],[-96.921542,31.584543],[-96.922127,31.583281],[-96.918978,31.584642],[-96.91681,31.581299],[-96.932586,31.574238],[-96.933199,31.573382],[-96.937829,31.574247],[-96.94488,31.570171],[-96.946932,31.568393],[-96.948672,31.565234],[-96.950146,31.563958],[-96.940225,31.557367],[-96.939655,31.557181],[-96.937664,31.559888],[-96.936125,31.5631],[-96.935084,31.564152],[-96.929052,31.566989],[-96.926942,31.566444],[-96.919541,31.555587],[-96.924582,31.553206],[-96.928162,31.550823],[-96.920217,31.538169],[-96.91283,31.541637],[-96.90492,31.529346],[-96.906379,31.528039],[-96.903776,31.524521],[-96.903127,31.515392],[-96.889501,31.521635],[-96.884215,31.51316],[-96.889291,31.510832],[-96.886824,31.506716],[-96.891177,31.499857],[-96.890609,31.499311],[-96.89524,31.497067],[-96.889892,31.488415],[-96.88107,31.492474],[-96.881031,31.49027],[-96.877743,31.489743],[-96.875978,31.488735],[-96.875257,31.489491],[-96.87253,31.488322],[-96.87245,31.487017],[-96.870228,31.486734],[-96.860166,31.491973],[-96.857921,31.492961],[-96.821516,31.511824],[-96.820877,31.509111],[-96.823823,31.507566],[-96.826675,31.505399],[-96.82604,31.504162],[-96.824949,31.503986],[-96.824397,31.502502],[-96.825488,31.501754],[-96.823922,31.500397],[-96.82459,31.49948],[-96.821377,31.496446],[-96.824503,31.485687],[-96.82319,31.482949],[-96.821723,31.482105],[-96.818633,31.483622],[-96.817644,31.48257],[-96.813393,31.484631],[-96.810478,31.471656],[-96.810053,31.468244],[-96.810294,31.462552],[-96.804933,31.464815],[-96.794742,31.469957],[-96.794165,31.471334],[-96.789829,31.473552],[-96.78926,31.472729],[-96.77268,31.481096],[-96.757696,31.459363],[-96.758016,31.457534],[-96.759338,31.455149],[-96.758716,31.454747],[-96.760237,31.45251],[-96.761951,31.450966],[-96.761824,31.448421],[-96.762844,31.446948],[-96.762499,31.445008],[-96.76584,31.438346],[-96.764616,31.437152],[-96.761167,31.438928],[-96.747466,31.419039],[-96.742218,31.421718],[-96.739868,31.418702],[-96.733461,31.420638],[-96.732301,31.421789],[-96.721962,31.406224],[-96.716289,31.408941],[-96.719896,31.414265],[-96.724522,31.420577],[-96.726618,31.422775],[-96.734519,31.434364],[-96.732654,31.436607],[-96.733162,31.43775],[-96.735917,31.436423],[-96.746236,31.451574],[-96.746743,31.453547],[-96.746445,31.454645],[-96.737993,31.472539],[-96.737048,31.473818],[-96.735945,31.474587],[-96.713533,31.486051],[-96.712536,31.487019],[-96.712591,31.488538],[-96.732354,31.516929],[-96.72894,31.542652],[-96.655761,31.534721],[-96.652073,31.53657],[-96.655095,31.540872],[-96.658269,31.539193],[-96.664418,31.548855],[-96.662593,31.54973],[-96.678408,31.57319],[-96.68385,31.579382],[-96.674612,31.584213],[-96.659172,31.591758],[-96.650992,31.594786],[-96.653173,31.596496],[-96.654932,31.59875],[-96.657466,31.603533],[-96.657562,31.606221],[-96.656514,31.6071],[-96.658284,31.607892],[-96.66838,31.613901],[-96.670229,31.61474],[-96.683745,31.618678],[-96.68617,31.620715],[-96.68891,31.62474],[-96.690799,31.626108],[-96.69246,31.626622],[-96.699428,31.627515],[-96.702401,31.628419],[-96.709874,31.632148],[-96.713724,31.630257],[-96.713913,31.628307],[-96.718797,31.625798],[-96.719988,31.624308],[-96.731481,31.618795],[-96.734161,31.622744],[-96.747781,31.616091],[-96.752087,31.613779],[-96.754476,31.617055],[-96.759682,31.614483],[-96.761449,31.613846],[-96.762817,31.615166],[-96.763812,31.614715],[-96.76701,31.61636],[-96.768581,31.616575],[-96.768984,31.619069],[-96.770294,31.62206],[-96.787043,31.646222],[-96.790136,31.648959],[-96.791023,31.65012],[-96.7981,31.649459],[-96.799642,31.648349],[-96.818639,31.639021],[-96.820248,31.63846],[-96.833061,31.636668],[-96.834117,31.636617],[-96.839264,31.637776],[-96.853613,31.641436],[-96.867028,31.643114],[-96.879691,31.641877],[-96.885051,31.641958],[-96.889086,31.647766],[-96.888747,31.643709],[-96.887509,31.643749],[-96.887044,31.641979],[-96.891809,31.641783],[-96.888716,31.636756],[-96.878724,31.62169],[-96.880331,31.619067],[-96.881723,31.618792],[-96.882767,31.617189],[-96.884694,31.615998],[-96.884775,31.614211],[-96.8863,31.613409],[-96.888522,31.611279],[-96.892403,31.611187],[-96.894785,31.609148],[-96.897006,31.608896],[-96.897916,31.608026],[-96.897487,31.605071],[-96.899708,31.601978],[-96.89944,31.601222],[-96.904873,31.600997],[-96.907121,31.599343],[-96.908368,31.597152],[-96.906105,31.593744],[-96.910959,31.591503],[-96.916073,31.588852],[-96.915493,31.587269],[-96.917921,31.585997]]]}},{"type":"Feature","properties":{"zcta5":"76640","AFFGEOID10":"8600000US76640","GEOID10":"76640","ALAND10":73620746,"AWATER10":891587,"county_name":"Mclennan","state_code":"TX","county_state":"Mclennan County, TX","county_fips":"48309","risk_level_county":"Higher Risk (60–69% vaccinated)","mean_vaccination_rate_county":67.19,"risk_level_zcta":"Very High Risk (<60% vaccinated)","mean_vaccination_rate_zips":51.27,"cases":188},"geometry":{"type":"Polygon","coordinates":[[[-97.128277,31.710756],[-97.131363,31.709227],[-97.133741,31.708682],[-97.133954,31.707992],[-97.141752,31.704077],[-97.140583,31.701204],[-97.141005,31.696939],[-97.13342,31.700709],[-97.133126,31.698991],[-97.133715,31.697433],[-97.13192,31.695715],[-97.128625,31.693699],[-97.128732,31.692256],[-97.127232,31.690973],[-97.127634,31.689782],[-97.126589,31.688614],[-97.123321,31.687995],[-97.122651,31.686254],[-97.120803,31.684719],[-97.121767,31.682497],[-97.120134,31.680137],[-97.120482,31.678625],[-97.118446,31.677663],[-97.118286,31.675991],[-97.119009,31.674044],[-97.120751,31.673219],[-97.120617,31.671776],[-97.118073,31.670264],[-97.11893,31.668065],[-97.117966,31.666896],[-97.119868,31.665476],[-97.120243,31.663689],[-97.119172,31.662063],[-97.122574,31.659681],[-97.122681,31.658696],[-97.119548,31.655694],[-97.121557,31.653656],[-97.12137,31.652098],[-97.12469,31.650815],[-97.123619,31.649028],[-97.1237,31.647379],[-97.124943,31.646535],[-97.126244,31.64573],[-97.125601,31.643027],[-97.122522,31.641767],[-97.123272,31.640667],[-97.125762,31.639819],[-97.125977,31.638331],[-97.124593,31.635573],[-97.122702,31.636203],[-97.1193,31.638125],[-97.119131,31.641257],[-97.115714,31.641032],[-97.115355,31.640421],[-97.102469,31.646759],[-97.101555,31.64997],[-97.100059,31.650688],[-97.100284,31.656094],[-97.100093,31.659386],[-97.095791,31.6614],[-97.095566,31.661544],[-97.086902,31.665935],[-97.080969,31.657123],[-97.075437,31.659961],[-97.07473,31.659716],[-97.070249,31.653238],[-97.053583,31.661832],[-97.051887,31.662439],[-97.047063,31.665067],[-97.038786,31.654177],[-97.029804,31.659006],[-97.029183,31.660921],[-97.029663,31.662663],[-97.026821,31.665157],[-97.027463,31.666509],[-97.026979,31.668021],[-97.024355,31.66756],[-97.023817,31.669484],[-97.021914,31.670078],[-97.021859,31.671682],[-97.02408,31.673676],[-97.024693,31.675601],[-97.023566,31.677547],[-97.024904,31.678877],[-97.022887,31.685449],[-97.019994,31.685607],[-97.020528,31.686501],[-97.020177,31.688791],[-97.018891,31.688722],[-97.018406,31.691355],[-97.015914,31.691811],[-97.013423,31.691557],[-97.012026,31.694236],[-97.010311,31.694692],[-97.009452,31.695951],[-97.00653,31.697116],[-97.005456,31.698879],[-97.005558,31.702636],[-97.004698,31.703941],[-97.005203,31.707286],[-97.004211,31.707789],[-97.003859,31.710308],[-97.004394,31.71079],[-97.002731,31.711956],[-97.002354,31.713422],[-97.003156,31.714888],[-97.001627,31.715505],[-96.9959,31.71614],[-96.99727,31.718751],[-96.996016,31.723836],[-96.996362,31.725243],[-97.004453,31.729504],[-97.005519,31.729729],[-97.010532,31.728946],[-97.01196,31.729364],[-97.007007,31.722151],[-97.00913,31.721083],[-97.014483,31.729268],[-97.016976,31.730158],[-97.017803,31.728501],[-97.025591,31.724321],[-97.024694,31.723048],[-97.032659,31.718884],[-97.033574,31.720331],[-97.042102,31.715904],[-97.044783,31.712877],[-97.046549,31.713768],[-97.050548,31.712244],[-97.052985,31.715906],[-97.065318,31.710224],[-97.074866,31.724895],[-97.091939,31.716598],[-97.094939,31.71295],[-97.097853,31.713503],[-97.097441,31.704308],[-97.102253,31.702203],[-97.102105,31.71104],[-97.102879,31.72847],[-97.114029,31.722886],[-97.116564,31.721787],[-97.116525,31.719892],[-97.11905,31.718772],[-97.122641,31.71413],[-97.12488,31.712493],[-97.128277,31.710756]]]}},{"type":"Feature","properties":{"zcta5":"76633","AFFGEOID10":"8600000US76633","GEOID10":"76633","ALAND10":125027598,"AWATER10":1690776,"county_name":"Mclennan","state_code":"TX","county_state":"Mclennan County, TX","county_fips":"48309","risk_level_county":"Higher Risk (60–69% vaccinated)","mean_vaccination_rate_county":67.19,"risk_level_zcta":"Medium Risk (70–79% vaccinated)","mean_vaccination_rate_zips":72.69,"cases":188},"geometry":{"type":"Polygon","coordinates":[[[-97.330334,31.74666],[-97.360317,31.733086],[-97.362207,31.736714],[-97.366082,31.739125],[-97.368558,31.737838],[-97.368843,31.736138],[-97.370735,31.734738],[-97.371351,31.733294],[-97.369885,31.732013],[-97.365062,31.730937],[-97.362396,31.731962],[-97.361339,31.729718],[-97.362809,31.728834],[-97.362499,31.72707],[-97.359032,31.727356],[-97.35042,31.726241],[-97.348123,31.725114],[-97.34681,31.721464],[-97.341155,31.720459],[-97.337836,31.718958],[-97.336415,31.717008],[-97.386556,31.692571],[-97.382204,31.6863],[-97.373083,31.686218],[-97.373037,31.681882],[-97.374564,31.677667],[-97.374404,31.67462],[-97.375958,31.671115],[-97.374779,31.668045],[-97.375717,31.666418],[-97.374833,31.665754],[-97.375101,31.663669],[-97.374485,31.663073],[-97.374271,31.660507],[-97.372771,31.660095],[-97.371726,31.661309],[-97.369878,31.66179],[-97.366396,31.660621],[-97.365298,31.659338],[-97.364897,31.657391],[-97.362996,31.653839],[-97.363961,31.650953],[-97.364898,31.650403],[-97.366693,31.646325],[-97.368943,31.644813],[-97.367818,31.642659],[-97.367792,31.64101],[-97.36648,31.638352],[-97.365356,31.634916],[-97.362679,31.631021],[-97.36193,31.628661],[-97.360163,31.628133],[-97.357779,31.628431],[-97.355155,31.629828],[-97.352664,31.632187],[-97.350549,31.633218],[-97.345112,31.634843],[-97.343774,31.633812],[-97.340319,31.634017],[-97.339034,31.63326],[-97.33558,31.632778],[-97.333546,31.631036],[-97.333387,31.628928],[-97.331995,31.627805],[-97.331835,31.62666],[-97.332451,31.625033],[-97.334433,31.624507],[-97.335344,31.62272],[-97.341048,31.620683],[-97.342655,31.619126],[-97.342896,31.617889],[-97.344477,31.615965],[-97.343862,31.613353],[-97.341293,31.611084],[-97.341374,31.609709],[-97.334228,31.606064],[-97.329731,31.605604],[-97.327937,31.606131],[-97.325795,31.607573],[-97.323411,31.609771],[-97.319929,31.612359],[-97.315457,31.614418],[-97.314626,31.616022],[-97.313394,31.616571],[-97.311468,31.614668],[-97.309353,31.614782],[-97.308307,31.616408],[-97.306113,31.615078],[-97.299289,31.61205],[-97.29549,31.609092],[-97.295026,31.602257],[-97.294133,31.600807],[-97.290526,31.598787],[-97.286525,31.598708],[-97.284023,31.599742],[-97.279488,31.603316],[-97.276821,31.603346],[-97.276357,31.602963],[-97.265877,31.608264],[-97.272028,31.616998],[-97.262802,31.621737],[-97.264145,31.623904],[-97.265991,31.624865],[-97.268661,31.628901],[-97.267605,31.629377],[-97.267795,31.632892],[-97.268241,31.632876],[-97.284108,31.63565],[-97.278486,31.639063],[-97.281774,31.642934],[-97.286081,31.648797],[-97.289155,31.647226],[-97.289698,31.648003],[-97.286935,31.649484],[-97.272853,31.656771],[-97.263456,31.66174],[-97.268364,31.668893],[-97.269813,31.670566],[-97.275139,31.677943],[-97.276604,31.679482],[-97.27386,31.679133],[-97.273533,31.679871],[-97.27073,31.679492],[-97.269574,31.680694],[-97.269961,31.682013],[-97.267748,31.685969],[-97.26455,31.688083],[-97.26561,31.688286],[-97.265799,31.690725],[-97.263463,31.691223],[-97.263152,31.692444],[-97.260602,31.693003],[-97.260314,31.693923],[-97.261839,31.693624],[-97.266988,31.694119],[-97.268176,31.694231],[-97.270569,31.695462],[-97.278029,31.698269],[-97.280406,31.698493],[-97.284145,31.700462],[-97.285947,31.701824],[-97.287009,31.703321],[-97.28824,31.706073],[-97.288565,31.707829],[-97.288674,31.714489],[-97.288393,31.715372],[-97.286497,31.717028],[-97.283846,31.717942],[-97.279299,31.720637],[-97.273755,31.72548],[-97.272455,31.72738],[-97.270601,31.731547],[-97.270208,31.734565],[-97.270256,31.737326],[-97.270727,31.738827],[-97.272707,31.74194],[-97.277265,31.745492],[-97.280358,31.747178],[-97.285338,31.749299],[-97.286654,31.750179],[-97.289074,31.750923],[-97.29082,31.752227],[-97.296494,31.755545],[-97.30167,31.757105],[-97.3029,31.756613],[-97.328665,31.744461],[-97.330334,31.74666]]]}},{"type":"Feature","properties":{"zcta5":"76707","AFFGEOID10":"8600000US76707","GEOID10":"76707","ALAND10":8451864,"AWATER10":70928,"county_name":"Mclennan","state_code":"TX","county_state":"Mclennan County, TX","county_fips":"48309","risk_level_county":"Higher Risk (60–69% vaccinated)","mean_vaccination_rate_county":67.19,"risk_level_zcta":"Very High Risk (<60% vaccinated)","mean_vaccination_rate_zips":54.05,"cases":188},"geometry":{"type":"Polygon","coordinates":[[[-97.145721,31.575191],[-97.147529,31.572788],[-97.149084,31.57196],[-97.147062,31.569292],[-97.147808,31.56837],[-97.150616,31.56745],[-97.14991,31.566499],[-97.150965,31.565943],[-97.151623,31.566925],[-97.154979,31.565234],[-97.154717,31.563591],[-97.157092,31.562367],[-97.157762,31.563315],[-97.162422,31.561123],[-97.161736,31.56013],[-97.164005,31.558983],[-97.164693,31.559979],[-97.165838,31.559402],[-97.166498,31.560406],[-97.167648,31.559817],[-97.166589,31.558293],[-97.168138,31.556865],[-97.174434,31.553522],[-97.179364,31.551139],[-97.185361,31.548581],[-97.185854,31.547887],[-97.18428,31.545615],[-97.185457,31.545011],[-97.183273,31.541933],[-97.182112,31.542521],[-97.180584,31.540339],[-97.177513,31.541911],[-97.176994,31.541186],[-97.174298,31.542568],[-97.174981,31.54353],[-97.173594,31.544245],[-97.172919,31.543282],[-97.169569,31.544952],[-97.169811,31.543721],[-97.168338,31.541692],[-97.164778,31.540108],[-97.165594,31.539402],[-97.161659,31.536108],[-97.158851,31.538681],[-97.156656,31.539975],[-97.153192,31.543004],[-97.149421,31.546265],[-97.148152,31.548367],[-97.143931,31.552171],[-97.142527,31.555634],[-97.139308,31.558532],[-97.137465,31.561436],[-97.133998,31.564956],[-97.1435,31.572845],[-97.145721,31.575191]]]}},{"type":"Feature","properties":{"zcta5":"76682","AFFGEOID10":"8600000US76682","GEOID10":"76682","ALAND10":293765478,"AWATER10":5274419,"county_name":"Mclennan","state_code":"TX","county_state":"Mclennan County, TX","county_fips":"48309","risk_level_county":"Higher Risk (60–69% vaccinated)","mean_vaccination_rate_county":67.19,"risk_level_zcta":"Higher Risk (60–69% vaccinated)","mean_vaccination_rate_zips":60.59,"cases":188},"geometry":{"type":"Polygon","coordinates":[[[-97.045137,31.519037],[-97.043846,31.51647],[-97.042454,31.51183],[-97.042435,31.510321],[-97.043571,31.506663],[-97.044734,31.505017],[-97.048538,31.501711],[-97.051597,31.498035],[-97.052886,31.494752],[-97.051371,31.492],[-97.047177,31.488014],[-97.044195,31.486281],[-97.042115,31.485546],[-97.039305,31.485572],[-97.035481,31.487368],[-97.032555,31.489911],[-97.02932,31.49145],[-97.027249,31.491469],[-97.025754,31.490225],[-97.024547,31.48835],[-97.023624,31.485591],[-97.022417,31.483715],[-97.022382,31.480948],[-97.023091,31.478552],[-97.024686,31.476022],[-97.025547,31.473876],[-97.027728,31.470963],[-97.031679,31.467656],[-97.034473,31.466372],[-97.03757,31.465715],[-97.039481,31.464816],[-97.040648,31.463548],[-97.040024,31.461038],[-97.037488,31.4593],[-97.033047,31.458964],[-97.028478,31.460138],[-97.026133,31.461795],[-97.023485,31.462951],[-97.019646,31.463364],[-97.013286,31.463296],[-97.010778,31.463822],[-97.008412,31.463843],[-97.003812,31.462627],[-97.002008,31.460253],[-97.001834,31.458116],[-97.002547,31.455972],[-97.002663,31.453455],[-97.001607,31.451703],[-96.999814,31.45021],[-96.997434,31.449099],[-96.991644,31.447138],[-96.990301,31.446144],[-96.990139,31.445013],[-96.991583,31.442233],[-96.99171,31.440471],[-96.993148,31.437187],[-96.994455,31.435289],[-96.995918,31.434018],[-97.00003,31.431843],[-97.005776,31.430282],[-97.010339,31.428731],[-97.013851,31.425806],[-97.015171,31.425039],[-97.019752,31.419022],[-97.020087,31.416315],[-97.019252,31.413637],[-97.017623,31.410927],[-96.989884,31.424828],[-96.99005,31.422579],[-96.991165,31.419104],[-96.991027,31.418164],[-96.987691,31.409926],[-96.978111,31.396758],[-96.980806,31.395285],[-96.98102,31.394612],[-96.973598,31.384494],[-96.969508,31.380101],[-96.968136,31.379184],[-96.963687,31.378895],[-96.961375,31.379356],[-96.958534,31.378853],[-96.957025,31.374502],[-96.954666,31.371845],[-96.954613,31.369379],[-96.955796,31.366734],[-96.943855,31.356837],[-96.943719,31.358345],[-96.941823,31.360521],[-96.940248,31.359994],[-96.940515,31.358643],[-96.938974,31.358312],[-96.931613,31.367398],[-96.911194,31.389665],[-96.908432,31.390308],[-96.908722,31.392407],[-96.911789,31.40121],[-96.903316,31.405588],[-96.894875,31.409561],[-96.896968,31.41281],[-96.902522,31.410648],[-96.906478,31.416445],[-96.912531,31.413799],[-96.915146,31.417091],[-96.912634,31.419042],[-96.915972,31.419],[-96.916343,31.419958],[-96.916565,31.429975],[-96.9163,31.431672],[-96.904873,31.437012],[-96.905963,31.440013],[-96.894586,31.44521],[-96.89145,31.440223],[-96.893816,31.438584],[-96.890398,31.433997],[-96.881728,31.438046],[-96.878483,31.432874],[-96.879578,31.431929],[-96.87641,31.426957],[-96.880259,31.425145],[-96.873932,31.415272],[-96.869164,31.411394],[-96.842708,31.424109],[-96.842937,31.4228],[-96.834178,31.409149],[-96.867837,31.393173],[-96.861194,31.382648],[-96.850657,31.36583],[-96.855667,31.362923],[-96.851596,31.356215],[-96.838255,31.362257],[-96.829992,31.357372],[-96.825466,31.363258],[-96.832161,31.373486],[-96.830065,31.376774],[-96.827093,31.382707],[-96.824127,31.384784],[-96.810766,31.391302],[-96.812982,31.390745],[-96.814059,31.393994],[-96.81336,31.394977],[-96.816943,31.395104],[-96.816782,31.398402],[-96.818007,31.402113],[-96.819942,31.402223],[-96.820545,31.403779],[-96.819436,31.405923],[-96.819718,31.408099],[-96.822609,31.411607],[-96.823097,31.414212],[-96.813056,31.419317],[-96.812624,31.417805],[-96.808032,31.411424],[-96.805401,31.412209],[-96.803308,31.407365],[-96.796987,31.398303],[-96.783434,31.4052],[-96.78089,31.406057],[-96.771587,31.405057],[-96.769174,31.405071],[-96.76198,31.40877],[-96.757857,31.412734],[-96.754265,31.414416],[-96.752785,31.41606],[-96.747466,31.419039],[-96.761167,31.438928],[-96.764616,31.437152],[-96.76584,31.438346],[-96.762499,31.445008],[-96.762844,31.446948],[-96.761824,31.448421],[-96.761951,31.450966],[-96.760237,31.45251],[-96.758716,31.454747],[-96.759338,31.455149],[-96.758016,31.457534],[-96.757696,31.459363],[-96.77268,31.481096],[-96.78926,31.472729],[-96.789829,31.473552],[-96.794165,31.471334],[-96.794742,31.469957],[-96.804933,31.464815],[-96.810294,31.462552],[-96.810053,31.468244],[-96.810478,31.471656],[-96.813393,31.484631],[-96.817644,31.48257],[-96.818633,31.483622],[-96.821723,31.482105],[-96.82319,31.482949],[-96.824503,31.485687],[-96.821377,31.496446],[-96.82459,31.49948],[-96.823922,31.500397],[-96.825488,31.501754],[-96.824397,31.502502],[-96.824949,31.503986],[-96.82604,31.504162],[-96.826675,31.505399],[-96.823823,31.507566],[-96.820877,31.509111],[-96.821516,31.511824],[-96.857921,31.492961],[-96.860166,31.491973],[-96.870228,31.486734],[-96.87245,31.487017],[-96.87253,31.488322],[-96.875257,31.489491],[-96.875978,31.488735],[-96.877743,31.489743],[-96.881031,31.49027],[-96.88107,31.492474],[-96.889892,31.488415],[-96.89524,31.497067],[-96.890609,31.499311],[-96.891177,31.499857],[-96.886824,31.506716],[-96.889291,31.510832],[-96.884215,31.51316],[-96.889501,31.521635],[-96.903127,31.515392],[-96.903776,31.524521],[-96.906379,31.528039],[-96.90492,31.529346],[-96.91283,31.541637],[-96.920217,31.538169],[-96.958269,31.520418],[-96.965875,31.532802],[-96.974281,31.528841],[-96.976788,31.528005],[-96.98601,31.523463],[-96.988205,31.523037],[-96.990094,31.52208],[-96.990911,31.523232],[-96.992438,31.522477],[-96.992231,31.521588],[-96.990549,31.521042],[-96.998801,31.522249],[-96.999014,31.5211],[-97.014296,31.519108],[-97.018347,31.522141],[-97.021515,31.521848],[-97.024455,31.522609],[-97.030968,31.526749],[-97.033927,31.526001],[-97.035133,31.523414],[-97.037968,31.522912],[-97.039598,31.52431],[-97.041363,31.524311],[-97.04404,31.521564],[-97.045137,31.519037]]]}},{"type":"Feature","properties":{"zcta5":"76673","AFFGEOID10":"8600000US76673","GEOID10":"76673","ALAND10":239093313,"AWATER10":3049180,"county_name":"Mclennan","state_code":"TX","county_state":"Mclennan County, TX","county_fips":"48309","risk_level_county":"Higher Risk (60–69% vaccinated)","mean_vaccination_rate_county":67.19,"risk_level_zcta":"Very High Risk (<60% vaccinated)","mean_vaccination_rate_zips":54.54,"cases":188},"geometry":{"type":"Polygon","coordinates":[[[-97.002383,31.811081],[-96.983923,31.783855],[-96.985606,31.781555],[-96.973964,31.764759],[-96.972317,31.765427],[-96.971768,31.765901],[-96.932215,31.708887],[-96.889086,31.647766],[-96.883848,31.648042],[-96.858712,31.660454],[-96.856536,31.661931],[-96.849496,31.665716],[-96.849775,31.666743],[-96.835034,31.674486],[-96.82182,31.655219],[-96.800943,31.665327],[-96.803127,31.665392],[-96.804436,31.66609],[-96.807185,31.66965],[-96.812064,31.672311],[-96.815156,31.676736],[-96.799619,31.684654],[-96.794863,31.689151],[-96.792112,31.692069],[-96.791318,31.694517],[-96.787688,31.696786],[-96.782416,31.702128],[-96.787854,31.710258],[-96.787284,31.711796],[-96.791966,31.718595],[-96.791259,31.720442],[-96.793753,31.724128],[-96.795617,31.726125],[-96.802218,31.731444],[-96.80413,31.731217],[-96.805891,31.734025],[-96.807723,31.739077],[-96.807625,31.742873],[-96.80842,31.743982],[-96.809892,31.743783],[-96.810284,31.745465],[-96.812793,31.745773],[-96.815591,31.747725],[-96.816144,31.749011],[-96.820042,31.74822],[-96.823966,31.749011],[-96.825278,31.75074],[-96.825953,31.750135],[-96.827684,31.75152],[-96.83074,31.752432],[-96.831499,31.751761],[-96.83258,31.75302],[-96.837881,31.754031],[-96.838572,31.755274],[-96.811438,31.7687],[-96.818745,31.77959],[-96.82214,31.778054],[-96.828373,31.774893],[-96.83017,31.776826],[-96.838661,31.772583],[-96.842801,31.777856],[-96.84622,31.776538],[-96.851927,31.784702],[-96.849983,31.786742],[-96.85494,31.793857],[-96.848435,31.801309],[-96.851868,31.806137],[-96.864838,31.808144],[-96.865956,31.808134],[-96.871897,31.806588],[-96.882107,31.801651],[-96.888091,31.810201],[-96.892441,31.808433],[-96.899049,31.818995],[-96.900589,31.818686],[-96.902891,31.821621],[-96.895685,31.825498],[-96.898783,31.830192],[-96.899663,31.830695],[-96.907908,31.843012],[-96.916464,31.85581],[-96.919835,31.854114],[-96.92197,31.854717],[-96.921315,31.853368],[-96.93019,31.849052],[-96.930976,31.848288],[-96.935526,31.854924],[-96.941309,31.85208],[-96.944979,31.850958],[-96.950862,31.851198],[-96.95349,31.850862],[-96.965864,31.844668],[-96.972906,31.841426],[-96.959155,31.820974],[-96.963756,31.814398],[-96.962135,31.81273],[-96.96513,31.808609],[-96.967735,31.807281],[-96.965887,31.811314],[-96.967351,31.812362],[-96.973945,31.822128],[-96.976048,31.821493],[-96.977618,31.823289],[-97.002383,31.811081]]]}},{"type":"Feature","properties":{"zcta5":"76630","AFFGEOID10":"8600000US76630","GEOID10":"76630","ALAND10":37341023,"AWATER10":273889,"county_name":"Mclennan","state_code":"TX","county_state":"Mclennan County, TX","county_fips":"48309","risk_level_county":"Higher Risk (60–69% vaccinated)","mean_vaccination_rate_county":67.19,"risk_level_zcta":"Very High Risk (<60% vaccinated)","mean_vaccination_rate_zips":45.53,"cases":188},"geometry":{"type":"Polygon","coordinates":[[[-97.265881,31.336416],[-97.264783,31.333193],[-97.259993,31.333775],[-97.257487,31.332914],[-97.252222,31.332662],[-97.246465,31.331516],[-97.243728,31.33181],[-97.242321,31.333038],[-97.241124,31.330462],[-97.241024,31.329036],[-97.242411,31.328249],[-97.243067,31.329494],[-97.244314,31.328103],[-97.247032,31.329162],[-97.249036,31.328622],[-97.246547,31.324142],[-97.243412,31.322131],[-97.242122,31.322465],[-97.239703,31.318515],[-97.236122,31.320274],[-97.23583,31.319671],[-97.237632,31.31822],[-97.239527,31.315819],[-97.245574,31.305776],[-97.244225,31.30489],[-97.238837,31.31157],[-97.236947,31.314933],[-97.236046,31.317721],[-97.231883,31.311131],[-97.227516,31.304771],[-97.197598,31.320354],[-97.196069,31.320895],[-97.194833,31.319058],[-97.191362,31.316579],[-97.190581,31.31345],[-97.175838,31.319882],[-97.171479,31.322052],[-97.165086,31.326238],[-97.164107,31.325129],[-97.161411,31.324988],[-97.160706,31.332214],[-97.164037,31.337277],[-97.171723,31.333434],[-97.171616,31.334582],[-97.174066,31.336436],[-97.175283,31.33636],[-97.178843,31.339131],[-97.178309,31.337505],[-97.179292,31.336087],[-97.181431,31.335186],[-97.183333,31.337924],[-97.189068,31.339812],[-97.191103,31.339243],[-97.198308,31.3357],[-97.210993,31.355297],[-97.213166,31.359284],[-97.217288,31.357195],[-97.218119,31.358594],[-97.215818,31.36965],[-97.216388,31.369746],[-97.217394,31.364721],[-97.218578,31.365123],[-97.21772,31.36749],[-97.217515,31.369889],[-97.218625,31.36998],[-97.219747,31.371354],[-97.222473,31.373093],[-97.222928,31.37449],[-97.22421,31.374719],[-97.225815,31.377902],[-97.227898,31.377602],[-97.230249,31.378402],[-97.231158,31.380005],[-97.236098,31.379681],[-97.237861,31.380229],[-97.237542,31.381673],[-97.238906,31.383023],[-97.239415,31.384718],[-97.241577,31.383158],[-97.241896,31.38215],[-97.245261,31.382078],[-97.24609,31.383429],[-97.247506,31.383955],[-97.248031,31.383416],[-97.246407,31.377936],[-97.250382,31.366812],[-97.260917,31.369391],[-97.261085,31.365901],[-97.253981,31.354906],[-97.250872,31.349595],[-97.247656,31.350065],[-97.248345,31.339673],[-97.246771,31.338585],[-97.246149,31.336384],[-97.249155,31.336553],[-97.249318,31.338271],[-97.250279,31.338384],[-97.251544,31.336243],[-97.252985,31.336725],[-97.25333,31.338215],[-97.254823,31.339499],[-97.25394,31.341102],[-97.2549,31.342203],[-97.255942,31.340921],[-97.258771,31.34168],[-97.263201,31.342348],[-97.2651,31.339807],[-97.264248,31.337881],[-97.265881,31.336416]]]}},{"type":"Feature","properties":{"zcta5":"76561","AFFGEOID10":"8600000US76561","GEOID10":"76561","ALAND10":117306049,"AWATER10":2288109,"county_name":"Mclennan","state_code":"TX","county_state":"Mclennan County, TX","county_fips":"48309","risk_level_county":"Higher Risk (60–69% vaccinated)","mean_vaccination_rate_county":67.19,"risk_level_zcta":"Higher Risk (60–69% vaccinated)","mean_vaccination_rate_zips":64.88,"cases":188},"geometry":{"type":"Polygon","coordinates":[[[-97.545242,31.502252],[-97.547939,31.502104],[-97.550628,31.500944],[-97.554867,31.496293],[-97.55592,31.494379],[-97.555856,31.492801],[-97.5573,31.491322],[-97.55809,31.488485],[-97.559501,31.487693],[-97.562177,31.487434],[-97.569585,31.48781],[-97.571293,31.486909],[-97.566926,31.480862],[-97.577896,31.476597],[-97.578976,31.477575],[-97.581722,31.475971],[-97.585778,31.466131],[-97.589258,31.466938],[-97.588501,31.465118],[-97.58825,31.46266],[-97.589597,31.461021],[-97.589539,31.459597],[-97.587947,31.454599],[-97.588755,31.453251],[-97.587754,31.451679],[-97.588209,31.450843],[-97.587285,31.448418],[-97.588188,31.446059],[-97.586662,31.444338],[-97.588008,31.443447],[-97.587129,31.441918],[-97.588829,31.441049],[-97.588386,31.439911],[-97.589296,31.437409],[-97.589149,31.435569],[-97.590152,31.435484],[-97.590394,31.43353],[-97.593288,31.426613],[-97.583627,31.429041],[-97.57852,31.429887],[-97.548919,31.432617],[-97.548841,31.430201],[-97.54811,31.429535],[-97.549187,31.428606],[-97.549245,31.426792],[-97.548136,31.424625],[-97.546392,31.422837],[-97.551866,31.419584],[-97.552816,31.418423],[-97.555372,31.411729],[-97.556682,31.410796],[-97.563191,31.410419],[-97.566684,31.410727],[-97.56834,31.408937],[-97.568478,31.407763],[-97.570014,31.406273],[-97.572271,31.40525],[-97.578786,31.406698],[-97.575987,31.414616],[-97.587135,31.417668],[-97.597481,31.420046],[-97.595675,31.425907],[-97.598835,31.424605],[-97.59843,31.423197],[-97.601955,31.418907],[-97.602531,31.416399],[-97.60028,31.41458],[-97.600517,31.412716],[-97.604477,31.40804],[-97.605424,31.404196],[-97.606174,31.403602],[-97.60625,31.400896],[-97.60423,31.400375],[-97.601819,31.399122],[-97.602062,31.398313],[-97.599164,31.396439],[-97.599753,31.393013],[-97.5987,31.390714],[-97.59445,31.39027],[-97.592866,31.38806],[-97.590282,31.387225],[-97.590641,31.386345],[-97.588789,31.385955],[-97.59033,31.384997],[-97.590515,31.383865],[-97.588192,31.384538],[-97.587283,31.383753],[-97.582857,31.384699],[-97.581109,31.384448],[-97.580335,31.385534],[-97.57872,31.38385],[-97.576932,31.383407],[-97.575023,31.383744],[-97.575178,31.385872],[-97.572349,31.384841],[-97.571866,31.383095],[-97.570397,31.382415],[-97.570026,31.381119],[-97.564252,31.381378],[-97.562593,31.380363],[-97.560907,31.376424],[-97.560802,31.373847],[-97.559269,31.373512],[-97.56032,31.37233],[-97.559494,31.370922],[-97.559777,31.36929],[-97.557631,31.368226],[-97.558108,31.370121],[-97.556128,31.370572],[-97.554914,31.370074],[-97.55403,31.368067],[-97.556141,31.367531],[-97.555886,31.366506],[-97.553553,31.366937],[-97.551987,31.366361],[-97.552456,31.364794],[-97.551142,31.364862],[-97.55091,31.363638],[-97.54862,31.364005],[-97.547289,31.362311],[-97.544535,31.361688],[-97.541269,31.359483],[-97.539291,31.357626],[-97.535154,31.355479],[-97.533522,31.35615],[-97.53392,31.353738],[-97.531497,31.351997],[-97.530338,31.354182],[-97.532952,31.35471],[-97.529318,31.355633],[-97.528863,31.357354],[-97.527517,31.356738],[-97.528306,31.354214],[-97.526949,31.352757],[-97.52641,31.354159],[-97.523661,31.35319],[-97.521649,31.3538],[-97.520663,31.35293],[-97.519265,31.353755],[-97.519382,31.350538],[-97.517563,31.350114],[-97.517545,31.347551],[-97.518372,31.346644],[-97.517475,31.345797],[-97.52141,31.343918],[-97.520129,31.342675],[-97.521957,31.340041],[-97.523699,31.340944],[-97.524199,31.339195],[-97.526211,31.338377],[-97.52725,31.336819],[-97.525944,31.335638],[-97.527678,31.334171],[-97.527346,31.333012],[-97.524853,31.332656],[-97.526149,31.334186],[-97.524201,31.335588],[-97.524138,31.333526],[-97.522319,31.332601],[-97.523874,31.331594],[-97.52232,31.330144],[-97.521442,31.330293],[-97.519357,31.332252],[-97.518733,31.331057],[-97.516455,31.33193],[-97.517317,31.329839],[-97.516403,31.328314],[-97.515577,31.329766],[-97.509922,31.328939],[-97.507124,31.328114],[-97.503512,31.325982],[-97.500292,31.323093],[-97.500292,31.322247],[-97.489618,31.320454],[-97.486635,31.319802],[-97.481783,31.318262],[-97.475791,31.315774],[-97.474466,31.319234],[-97.4777,31.3201],[-97.48472,31.322387],[-97.485798,31.323511],[-97.486616,31.325938],[-97.485463,31.328678],[-97.486482,31.329789],[-97.487177,31.33238],[-97.488191,31.332381],[-97.487356,31.336219],[-97.490296,31.338933],[-97.489088,31.343575],[-97.490634,31.348083],[-97.492736,31.349182],[-97.49168,31.350519],[-97.492404,31.35186],[-97.49418,31.352327],[-97.497124,31.358358],[-97.499324,31.360766],[-97.499696,31.362179],[-97.498966,31.362844],[-97.497344,31.361432],[-97.496184,31.361471],[-97.495351,31.361939],[-97.496929,31.363604],[-97.496727,31.369098],[-97.494696,31.3716],[-97.494562,31.372629],[-97.492769,31.374472],[-97.492722,31.375681],[-97.493871,31.378161],[-97.491956,31.381071],[-97.492642,31.381466],[-97.49281,31.383688],[-97.494362,31.384974],[-97.494081,31.386909],[-97.494652,31.387943],[-97.486854,31.386349],[-97.485389,31.390695],[-97.487349,31.394539],[-97.485674,31.395119],[-97.48783,31.399176],[-97.478792,31.40201],[-97.47558,31.401975],[-97.489105,31.421339],[-97.532979,31.484592],[-97.545242,31.502252]]]}},{"type":"Feature","properties":{"zcta5":"76654","AFFGEOID10":"8600000US76654","GEOID10":"76654","ALAND10":1662778,"AWATER10":13740,"county_name":"Mclennan","state_code":"TX","county_state":"Mclennan County, TX","county_fips":"48309","risk_level_county":"Higher Risk (60–69% vaccinated)","mean_vaccination_rate_county":67.19,"risk_level_zcta":"Higher Risk (60–69% vaccinated)","mean_vaccination_rate_zips":65.24,"cases":188},"geometry":{"type":"Polygon","coordinates":[[[-97.005519,31.729729],[-97.002189,31.731744],[-97.003443,31.733788],[-97.010679,31.737354],[-97.009687,31.739826],[-97.012145,31.740273],[-97.013661,31.737105],[-97.016322,31.734122],[-97.017682,31.731388],[-97.019561,31.73232],[-97.022549,31.731099],[-97.020852,31.728522],[-97.029423,31.724325],[-97.03129,31.726898],[-97.033441,31.725852],[-97.030432,31.721929],[-97.025591,31.724321],[-97.017803,31.728501],[-97.016976,31.730158],[-97.014483,31.729268],[-97.00913,31.721083],[-97.007007,31.722151],[-97.01196,31.729364],[-97.010532,31.728946],[-97.005519,31.729729]]]}},{"type":"Feature","properties":{"zcta5":"76621","AFFGEOID10":"8600000US76621","GEOID10":"76621","ALAND10":188276608,"AWATER10":1058356,"county_name":"Mclennan","state_code":"TX","county_state":"Mclennan County, TX","county_fips":"48309","risk_level_county":"Higher Risk (60–69% vaccinated)","mean_vaccination_rate_county":67.19,"risk_level_zcta":"Higher Risk (60–69% vaccinated)","mean_vaccination_rate_zips":61.65,"cases":188},"geometry":{"type":"Polygon","coordinates":[[[-97.167123,31.905501],[-97.165839,31.903523],[-97.166091,31.902969],[-97.169233,31.901063],[-97.167141,31.897389],[-97.166673,31.895494],[-97.165119,31.892835],[-97.165839,31.885897],[-97.166095,31.885341],[-97.167189,31.883734],[-97.169737,31.882229],[-97.185694,31.874412],[-97.186248,31.87267],[-97.189853,31.867117],[-97.194144,31.863616],[-97.195328,31.861129],[-97.195602,31.858252],[-97.196881,31.858202],[-97.197508,31.85652],[-97.198912,31.85525],[-97.199305,31.853535],[-97.200761,31.851979],[-97.200303,31.850583],[-97.200735,31.849324],[-97.202596,31.847713],[-97.201359,31.845772],[-97.201854,31.844393],[-97.192625,31.849139],[-97.185411,31.838379],[-97.182714,31.835909],[-97.180223,31.836902],[-97.177414,31.832933],[-97.176363,31.832823],[-97.174552,31.833652],[-97.173555,31.835025],[-97.172603,31.838446],[-97.173541,31.841234],[-97.176097,31.845152],[-97.173521,31.845931],[-97.162236,31.851463],[-97.158482,31.846008],[-97.155278,31.841931],[-97.154975,31.840693],[-97.15008,31.834208],[-97.138849,31.839516],[-97.1384,31.837393],[-97.142111,31.834756],[-97.141081,31.833309],[-97.142788,31.8316],[-97.144972,31.830628],[-97.144889,31.82932],[-97.147536,31.828485],[-97.148515,31.827518],[-97.150711,31.827683],[-97.151039,31.82881],[-97.153047,31.830658],[-97.153814,31.830026],[-97.154934,31.830666],[-97.155423,31.832165],[-97.159326,31.831847],[-97.162094,31.832865],[-97.163711,31.830458],[-97.165025,31.830304],[-97.166422,31.83125],[-97.162011,31.824565],[-97.167671,31.821878],[-97.163384,31.815519],[-97.157703,31.818017],[-97.151862,31.809246],[-97.121735,31.824111],[-97.1197,31.824614],[-97.118391,31.823797],[-97.093606,31.835973],[-97.091373,31.837871],[-97.088881,31.838314],[-97.046776,31.85847],[-97.037266,31.863079],[-97.009292,31.821664],[-97.002383,31.811081],[-96.977618,31.823289],[-96.985191,31.834308],[-96.986734,31.832968],[-96.990438,31.831165],[-96.990134,31.833143],[-96.99295,31.837749],[-96.993988,31.838744],[-96.994395,31.841608],[-96.996774,31.845675],[-96.997953,31.84679],[-96.999965,31.850995],[-96.998414,31.853755],[-97,31.856212],[-97.002698,31.858447],[-97.001776,31.859431],[-97.002901,31.862326],[-96.994719,31.866354],[-97.010339,31.889747],[-96.994575,31.897427],[-97.002144,31.90859],[-97.003838,31.910491],[-97.009477,31.918941],[-97.000444,31.923416],[-96.999858,31.923889],[-96.995547,31.930105],[-96.995438,31.932267],[-97.008044,31.950755],[-97.013146,31.948392],[-97.02322,31.96292],[-97.030052,31.954524],[-97.034981,31.950265],[-97.042449,31.946469],[-97.022185,31.939873],[-97.022102,31.938553],[-97.023797,31.937769],[-97.025208,31.938833],[-97.031408,31.935815],[-97.037524,31.944424],[-97.045234,31.940856],[-97.047347,31.944055],[-97.051456,31.941119],[-97.056816,31.938228],[-97.053263,31.932656],[-97.058474,31.930493],[-97.062272,31.928319],[-97.075183,31.922106],[-97.076167,31.923102],[-97.082315,31.921164],[-97.093681,31.95361],[-97.110044,31.945651],[-97.131327,31.936199],[-97.127075,31.929715],[-97.158378,31.914146],[-97.1561,31.910925],[-97.167123,31.905501]]]}},{"type":"Feature","properties":{"zcta5":"76622","AFFGEOID10":"8600000US76622","GEOID10":"76622","ALAND10":136535041,"AWATER10":1610075,"county_name":"Mclennan","state_code":"TX","county_state":"Mclennan County, TX","county_fips":"48309","risk_level_county":"Higher Risk (60–69% vaccinated)","mean_vaccination_rate_county":67.19,"risk_level_zcta":"Very High Risk (<60% vaccinated)","mean_vaccination_rate_zips":59.66,"cases":188},"geometry":{"type":"Polygon","coordinates":[[[-97.28206,31.843152],[-97.279529,31.841271],[-97.27831,31.839468],[-97.277184,31.836326],[-97.276716,31.833521],[-97.276998,31.830761],[-97.278128,31.828061],[-97.282026,31.823331],[-97.287166,31.820265],[-97.287579,31.819668],[-97.290417,31.818517],[-97.292771,31.816993],[-97.298499,31.810642],[-97.302605,31.806833],[-97.305163,31.803909],[-97.30853,31.8007],[-97.320039,31.793605],[-97.324895,31.791908],[-97.326497,31.789741],[-97.32653,31.78836],[-97.324915,31.781406],[-97.323663,31.778347],[-97.321104,31.775208],[-97.317982,31.772049],[-97.311992,31.764294],[-97.310335,31.761552],[-97.306751,31.759333],[-97.30167,31.757105],[-97.296494,31.755545],[-97.29082,31.752227],[-97.289074,31.750923],[-97.286654,31.750179],[-97.285338,31.749299],[-97.280358,31.747178],[-97.277265,31.745492],[-97.266379,31.750749],[-97.265575,31.750968],[-97.224495,31.771608],[-97.187335,31.790169],[-97.189193,31.790669],[-97.19026,31.792052],[-97.188543,31.793244],[-97.18775,31.795463],[-97.190767,31.799911],[-97.190068,31.801272],[-97.190809,31.802383],[-97.192419,31.802988],[-97.193874,31.804456],[-97.195715,31.804087],[-97.196887,31.806325],[-97.198902,31.8087],[-97.199012,31.810553],[-97.19822,31.811746],[-97.196269,31.812603],[-97.19607,31.814165],[-97.19343,31.816787],[-97.190777,31.817178],[-97.189663,31.820345],[-97.191312,31.822687],[-97.190095,31.82455],[-97.192188,31.826832],[-97.192986,31.828971],[-97.194789,31.829086],[-97.195221,31.833221],[-97.196908,31.834457],[-97.195472,31.835117],[-97.194873,31.83769],[-97.196477,31.83934],[-97.196677,31.841022],[-97.198828,31.842215],[-97.199536,31.843523],[-97.201854,31.844393],[-97.201359,31.845772],[-97.202596,31.847713],[-97.200735,31.849324],[-97.200303,31.850583],[-97.200761,31.851979],[-97.199305,31.853535],[-97.198912,31.85525],[-97.197508,31.85652],[-97.196881,31.858202],[-97.195602,31.858252],[-97.195328,31.861129],[-97.194144,31.863616],[-97.189853,31.867117],[-97.186248,31.87267],[-97.185694,31.874412],[-97.169737,31.882229],[-97.167189,31.883734],[-97.166095,31.885341],[-97.165839,31.885897],[-97.165119,31.892835],[-97.166673,31.895494],[-97.167141,31.897389],[-97.169233,31.901063],[-97.166091,31.902969],[-97.165839,31.903523],[-97.167123,31.905501],[-97.173443,31.914898],[-97.179986,31.911512],[-97.181404,31.910251],[-97.181901,31.908568],[-97.181529,31.905567],[-97.183173,31.903387],[-97.188736,31.900581],[-97.190958,31.90001],[-97.191234,31.899065],[-97.193654,31.897784],[-97.195184,31.897527],[-97.199957,31.898881],[-97.202591,31.898556],[-97.202445,31.897444],[-97.205375,31.896009],[-97.215919,31.89468],[-97.217722,31.893756],[-97.218186,31.892713],[-97.220642,31.896359],[-97.225489,31.895917],[-97.236544,31.890499],[-97.235127,31.88683],[-97.228994,31.872788],[-97.231265,31.87258],[-97.237481,31.869327],[-97.240278,31.870709],[-97.241325,31.869375],[-97.242936,31.869116],[-97.248451,31.865249],[-97.257936,31.879205],[-97.260869,31.882295],[-97.263351,31.881475],[-97.269587,31.882066],[-97.274234,31.878697],[-97.272205,31.877993],[-97.274087,31.877322],[-97.274743,31.878565],[-97.275917,31.877186],[-97.274867,31.875981],[-97.275677,31.874045],[-97.27693,31.873423],[-97.276939,31.8719],[-97.278415,31.870405],[-97.277437,31.869151],[-97.277064,31.867166],[-97.279229,31.865171],[-97.280537,31.866095],[-97.281284,31.865331],[-97.28059,31.862747],[-97.284095,31.861582],[-97.285004,31.859394],[-97.286756,31.860153],[-97.285932,31.858437],[-97.282911,31.855671],[-97.281953,31.853433],[-97.280529,31.853394],[-97.280922,31.852124],[-97.284047,31.851438],[-97.283693,31.850179],[-97.281368,31.849156],[-97.278411,31.849798],[-97.278251,31.84877],[-97.276492,31.848654],[-97.279353,31.845411],[-97.281434,31.84567],[-97.282845,31.844714],[-97.28206,31.843152]]]}},{"type":"Feature","properties":{"zcta5":"76624","AFFGEOID10":"8600000US76624","GEOID10":"76624","ALAND10":166395702,"AWATER10":1931922,"county_name":"Mclennan","state_code":"TX","county_state":"Mclennan County, TX","county_fips":"48309","risk_level_county":"Higher Risk (60–69% vaccinated)","mean_vaccination_rate_county":67.19,"risk_level_zcta":"Higher Risk (60–69% vaccinated)","mean_vaccination_rate_zips":62.85,"cases":188},"geometry":{"type":"Polygon","coordinates":[[[-97.029804,31.659006],[-97.030017,31.657509],[-97.031892,31.656915],[-97.030956,31.655769],[-97.032512,31.653388],[-97.032891,31.649219],[-97.033909,31.649197],[-97.035736,31.643219],[-97.036406,31.642624],[-97.036408,31.640357],[-97.037989,31.639808],[-97.038314,31.636235],[-97.03944,31.634449],[-97.039228,31.631998],[-97.04062,31.631976],[-97.040999,31.628082],[-97.041535,31.627395],[-97.044267,31.626778],[-97.047029,31.621878],[-97.045609,31.622862],[-97.044513,31.620389],[-97.027346,31.627722],[-97.016033,31.630445],[-97.008484,31.6318],[-97.001274,31.631575],[-96.97345,31.635199],[-96.969531,31.628968],[-96.970629,31.627832],[-96.974672,31.628058],[-96.975932,31.629088],[-96.976251,31.627508],[-96.979918,31.626474],[-96.980588,31.627367],[-96.982327,31.626266],[-96.982218,31.624846],[-96.984118,31.624203],[-96.984678,31.621889],[-96.990298,31.620395],[-96.991824,31.620646],[-96.993001,31.619568],[-96.992865,31.617896],[-96.990082,31.618586],[-96.990322,31.617692],[-96.993023,31.615766],[-96.994171,31.613016],[-96.996123,31.611984],[-96.995881,31.610725],[-96.99912,31.610587],[-97.000274,31.608892],[-96.998372,31.605212],[-96.993566,31.59836],[-96.991697,31.596739],[-96.989764,31.594079],[-96.986263,31.587915],[-96.98113,31.592514],[-96.977923,31.593946],[-96.977641,31.590764],[-96.975995,31.580361],[-96.976202,31.578602],[-96.973771,31.577655],[-96.961629,31.575969],[-96.947437,31.575453],[-96.946024,31.575768],[-96.921992,31.586491],[-96.919858,31.58658],[-96.917921,31.585997],[-96.915493,31.587269],[-96.916073,31.588852],[-96.910959,31.591503],[-96.906105,31.593744],[-96.908368,31.597152],[-96.907121,31.599343],[-96.904873,31.600997],[-96.89944,31.601222],[-96.899708,31.601978],[-96.897487,31.605071],[-96.897916,31.608026],[-96.897006,31.608896],[-96.894785,31.609148],[-96.892403,31.611187],[-96.888522,31.611279],[-96.8863,31.613409],[-96.884775,31.614211],[-96.884694,31.615998],[-96.882767,31.617189],[-96.881723,31.618792],[-96.880331,31.619067],[-96.878724,31.62169],[-96.888716,31.636756],[-96.891809,31.641783],[-96.887044,31.641979],[-96.887509,31.643749],[-96.888747,31.643709],[-96.889086,31.647766],[-96.932215,31.708887],[-96.971768,31.765901],[-96.972317,31.765427],[-96.973964,31.764759],[-96.967277,31.754706],[-96.973598,31.751599],[-96.975186,31.753922],[-96.983072,31.750124],[-96.985349,31.75078],[-96.986524,31.750155],[-96.988502,31.75331],[-96.992199,31.751477],[-96.990916,31.749528],[-96.992279,31.748854],[-96.989878,31.747527],[-96.989368,31.746405],[-96.99119,31.745922],[-96.991186,31.74173],[-96.990059,31.741136],[-96.992142,31.73385],[-96.991497,31.732682],[-96.993262,31.729428],[-96.995406,31.728716],[-96.995564,31.726173],[-96.996362,31.725243],[-96.996016,31.723836],[-96.99727,31.718751],[-96.9959,31.71614],[-97.001627,31.715505],[-97.003156,31.714888],[-97.002354,31.713422],[-97.002731,31.711956],[-97.004394,31.71079],[-97.003859,31.710308],[-97.004211,31.707789],[-97.005203,31.707286],[-97.004698,31.703941],[-97.005558,31.702636],[-97.005456,31.698879],[-97.00653,31.697116],[-97.009452,31.695951],[-97.010311,31.694692],[-97.012026,31.694236],[-97.013423,31.691557],[-97.015914,31.691811],[-97.018406,31.691355],[-97.018891,31.688722],[-97.020177,31.688791],[-97.020528,31.686501],[-97.019994,31.685607],[-97.022887,31.685449],[-97.024904,31.678877],[-97.023566,31.677547],[-97.024693,31.675601],[-97.02408,31.673676],[-97.021859,31.671682],[-97.021914,31.670078],[-97.023817,31.669484],[-97.024355,31.66756],[-97.026979,31.668021],[-97.027463,31.666509],[-97.026821,31.665157],[-97.029663,31.662663],[-97.029183,31.660921],[-97.029804,31.659006]]]}},{"type":"Feature","properties":{"zcta5":"76638","AFFGEOID10":"8600000US76638","GEOID10":"76638","ALAND10":214099288,"AWATER10":445808,"county_name":"Mclennan","state_code":"TX","county_state":"Mclennan County, TX","county_fips":"48309","risk_level_county":"Higher Risk (60–69% vaccinated)","mean_vaccination_rate_county":67.19,"risk_level_zcta":"Very High Risk (<60% vaccinated)","mean_vaccination_rate_zips":48.09,"cases":188},"geometry":{"type":"Polygon","coordinates":[[[-97.344477,31.615965],[-97.345895,31.616492],[-97.347502,31.615439],[-97.347502,31.616561],[-97.350526,31.618761],[-97.351383,31.618647],[-97.353954,31.617456],[-97.354249,31.614409],[-97.356338,31.612691],[-97.356447,31.606961],[-97.362005,31.603555],[-97.362289,31.601952],[-97.355599,31.599115],[-97.36917,31.592277],[-97.370852,31.592778],[-97.394128,31.580749],[-97.394545,31.582085],[-97.398113,31.586499],[-97.40226,31.5892],[-97.403959,31.590915],[-97.409577,31.593997],[-97.412031,31.596808],[-97.41288,31.596965],[-97.4201,31.593286],[-97.424001,31.59838],[-97.428563,31.603471],[-97.438695,31.610059],[-97.446215,31.620475],[-97.455476,31.615786],[-97.45344,31.613061],[-97.451806,31.612375],[-97.449903,31.610131],[-97.44942,31.607611],[-97.444894,31.605872],[-97.442054,31.602666],[-97.437985,31.601637],[-97.435629,31.60205],[-97.433573,31.599324],[-97.440607,31.59575],[-97.444108,31.594875],[-97.442601,31.59118],[-97.441122,31.590522],[-97.439673,31.586993],[-97.439355,31.584844],[-97.440362,31.583814],[-97.438479,31.581186],[-97.433787,31.575865],[-97.440278,31.572661],[-97.438731,31.570452],[-97.447711,31.565875],[-97.451165,31.570645],[-97.452258,31.570319],[-97.44753,31.552234],[-97.451465,31.552073],[-97.454623,31.553881],[-97.457005,31.554223],[-97.459708,31.55555],[-97.462403,31.558175],[-97.46536,31.56187],[-97.466459,31.564573],[-97.469967,31.566724],[-97.472777,31.567684],[-97.473395,31.569448],[-97.476448,31.57192],[-97.47709,31.571874],[-97.479442,31.569237],[-97.482143,31.567356],[-97.483775,31.567492],[-97.485599,31.570859],[-97.487018,31.571659],[-97.491969,31.572044],[-97.494032,31.573211],[-97.49481,31.574837],[-97.496604,31.576302],[-97.498077,31.576621],[-97.500301,31.578635],[-97.504543,31.57966],[-97.507243,31.58232],[-97.509411,31.581772],[-97.51618,31.583772],[-97.517436,31.585629],[-97.520781,31.586456],[-97.521261,31.587167],[-97.520883,31.590214],[-97.522112,31.592758],[-97.525107,31.594502],[-97.525991,31.594319],[-97.529231,31.593108],[-97.533354,31.592217],[-97.533114,31.591392],[-97.535578,31.589859],[-97.539835,31.588716],[-97.542059,31.58622],[-97.544547,31.587276],[-97.546474,31.587483],[-97.548509,31.586637],[-97.55009,31.585172],[-97.553195,31.584326],[-97.556515,31.582632],[-97.556169,31.580799],[-97.557855,31.581281],[-97.559086,31.580457],[-97.558605,31.579265],[-97.559973,31.57615],[-97.561044,31.575394],[-97.560964,31.573767],[-97.563696,31.57047],[-97.566159,31.569027],[-97.569425,31.567975],[-97.570309,31.566875],[-97.572557,31.56596],[-97.573388,31.563646],[-97.57549,31.562646],[-97.581002,31.562514],[-97.58348,31.563395],[-97.586572,31.561904],[-97.57956,31.551735],[-97.545242,31.502252],[-97.532979,31.484592],[-97.532596,31.485493],[-97.53028,31.485196],[-97.529074,31.488092],[-97.520384,31.493177],[-97.521643,31.495575],[-97.507018,31.502762],[-97.502998,31.496895],[-97.504012,31.492997],[-97.50389,31.491813],[-97.500524,31.487024],[-97.480154,31.497413],[-97.471727,31.486356],[-97.455952,31.494801],[-97.453029,31.490453],[-97.450434,31.491754],[-97.445765,31.485128],[-97.439815,31.488169],[-97.442344,31.493346],[-97.438861,31.495446],[-97.443776,31.503175],[-97.437353,31.506493],[-97.435605,31.504153],[-97.432342,31.505938],[-97.42737,31.496248],[-97.351742,31.534669],[-97.346898,31.536708],[-97.35115,31.542555],[-97.346033,31.545085],[-97.344059,31.542372],[-97.34084,31.543825],[-97.334737,31.547139],[-97.333023,31.547484],[-97.331545,31.546725],[-97.328981,31.544361],[-97.326685,31.545772],[-97.32719,31.548123],[-97.326146,31.548992],[-97.325044,31.55526],[-97.323274,31.557595],[-97.322148,31.560068],[-97.322452,31.561906],[-97.324065,31.56399],[-97.320645,31.565823],[-97.324609,31.571523],[-97.305459,31.581327],[-97.309647,31.583094],[-97.309329,31.583962],[-97.29971,31.588744],[-97.298721,31.587314],[-97.295907,31.595493],[-97.296644,31.594875],[-97.2985,31.595247],[-97.296517,31.598302],[-97.297159,31.599127],[-97.294133,31.600807],[-97.295026,31.602257],[-97.29549,31.609092],[-97.299289,31.61205],[-97.306113,31.615078],[-97.308307,31.616408],[-97.309353,31.614782],[-97.311468,31.614668],[-97.313394,31.616571],[-97.314626,31.616022],[-97.315457,31.614418],[-97.319929,31.612359],[-97.323411,31.609771],[-97.325795,31.607573],[-97.327937,31.606131],[-97.329731,31.605604],[-97.334228,31.606064],[-97.341374,31.609709],[-97.341293,31.611084],[-97.343862,31.613353],[-97.344477,31.615965]]]}},{"type":"Feature","properties":{"zcta5":"76712","AFFGEOID10":"8600000US76712","GEOID10":"76712","ALAND10":130404860,"AWATER10":14907043,"county_name":"Mclennan","state_code":"TX","county_state":"Mclennan County, TX","county_fips":"48309","risk_level_county":"Higher Risk (60–69% vaccinated)","mean_vaccination_rate_county":67.19,"risk_level_zcta":"Medium Risk (70–79% vaccinated)","mean_vaccination_rate_zips":75.38,"cases":188},"geometry":{"type":"Polygon","coordinates":[[[-97.294133,31.600807],[-97.297159,31.599127],[-97.296517,31.598302],[-97.2985,31.595247],[-97.296644,31.594875],[-97.295907,31.595493],[-97.298721,31.587314],[-97.29971,31.588744],[-97.309329,31.583962],[-97.309647,31.583094],[-97.305459,31.581327],[-97.324609,31.571523],[-97.320645,31.565823],[-97.324065,31.56399],[-97.322452,31.561906],[-97.322148,31.560068],[-97.323274,31.557595],[-97.325044,31.55526],[-97.326146,31.548992],[-97.32719,31.548123],[-97.326685,31.545772],[-97.328981,31.544361],[-97.325644,31.541844],[-97.322516,31.540124],[-97.323265,31.539506],[-97.323909,31.536367],[-97.323267,31.535726],[-97.319923,31.536159],[-97.319093,31.537465],[-97.317301,31.538106],[-97.314439,31.536844],[-97.313478,31.534828],[-97.313533,31.532491],[-97.315005,31.529994],[-97.310633,31.523729],[-97.303569,31.513601],[-97.30333,31.513101],[-97.309772,31.509741],[-97.306171,31.506301],[-97.306013,31.503231],[-97.301581,31.499563],[-97.298993,31.499119],[-97.29799,31.495168],[-97.295656,31.492159],[-97.288083,31.481514],[-97.282815,31.482446],[-97.275657,31.483746],[-97.275729,31.475153],[-97.276803,31.473771],[-97.280305,31.473957],[-97.281697,31.472378],[-97.280817,31.470201],[-97.281486,31.469491],[-97.281381,31.467383],[-97.282824,31.467568],[-97.283655,31.465827],[-97.282748,31.463856],[-97.285585,31.460834],[-97.287938,31.459782],[-97.288206,31.458385],[-97.289437,31.45763],[-97.289572,31.455614],[-97.291176,31.455684],[-97.292674,31.454333],[-97.290858,31.452934],[-97.290832,31.451789],[-97.292195,31.451767],[-97.294067,31.45005],[-97.295404,31.450211],[-97.295058,31.448287],[-97.296047,31.447898],[-97.297008,31.449525],[-97.298986,31.448633],[-97.299282,31.446296],[-97.304014,31.444146],[-97.306445,31.444583],[-97.308557,31.443805],[-97.309895,31.441331],[-97.308829,31.43739],[-97.30998,31.435879],[-97.311048,31.436796],[-97.313133,31.435376],[-97.313508,31.434369],[-97.311184,31.433222],[-97.311532,31.431802],[-97.314712,31.431482],[-97.316184,31.427611],[-97.314609,31.42658],[-97.314637,31.425068],[-97.313462,31.423646],[-97.314468,31.422029],[-97.312051,31.418459],[-97.294605,31.427385],[-97.30135,31.437323],[-97.299657,31.438179],[-97.301822,31.441093],[-97.299999,31.442143],[-97.300946,31.443207],[-97.284887,31.45173],[-97.261946,31.453728],[-97.260587,31.452255],[-97.258415,31.451098],[-97.256785,31.452009],[-97.257598,31.464186],[-97.262497,31.462839],[-97.264702,31.461573],[-97.266377,31.463934],[-97.254634,31.470119],[-97.255313,31.471436],[-97.24213,31.47806],[-97.239612,31.475954],[-97.235327,31.475419],[-97.230435,31.476641],[-97.228832,31.47446],[-97.228173,31.473692],[-97.227144,31.47204],[-97.226996,31.471194],[-97.22711,31.467879],[-97.226858,31.467064],[-97.22607,31.465751],[-97.226237,31.465675],[-97.225134,31.464296],[-97.223498,31.461725],[-97.217771,31.459511],[-97.215658,31.458046],[-97.21334,31.455174],[-97.206642,31.458213],[-97.212979,31.468096],[-97.212816,31.470857],[-97.211577,31.472542],[-97.206424,31.474874],[-97.210783,31.481667],[-97.20958,31.482261],[-97.208854,31.481203],[-97.202833,31.484315],[-97.198729,31.478478],[-97.194516,31.480133],[-97.189481,31.471667],[-97.187327,31.469317],[-97.184725,31.473956],[-97.179445,31.472609],[-97.174242,31.4828],[-97.173639,31.481972],[-97.169056,31.479853],[-97.166356,31.479923],[-97.161413,31.478157],[-97.160274,31.478755],[-97.169194,31.464713],[-97.168282,31.46431],[-97.163098,31.472456],[-97.150959,31.493089],[-97.155189,31.494869],[-97.155094,31.495087],[-97.164121,31.498326],[-97.174584,31.502121],[-97.176378,31.503295],[-97.179504,31.505293],[-97.180172,31.50633],[-97.177924,31.508343],[-97.177146,31.510225],[-97.175704,31.512005],[-97.178945,31.514776],[-97.1811,31.513746],[-97.184911,31.509223],[-97.189038,31.512244],[-97.188374,31.512601],[-97.193393,31.515138],[-97.189439,31.512798],[-97.190145,31.512449],[-97.19354,31.514594],[-97.201508,31.51686],[-97.201288,31.517366],[-97.207018,31.518987],[-97.214147,31.52232],[-97.216445,31.522948],[-97.223279,31.526059],[-97.227404,31.527562],[-97.228389,31.527619],[-97.233148,31.529404],[-97.232011,31.530906],[-97.23194,31.535937],[-97.227557,31.539759],[-97.226128,31.54317],[-97.222791,31.547608],[-97.222394,31.550757],[-97.222451,31.554529],[-97.221326,31.55844],[-97.220303,31.559332],[-97.21828,31.562624],[-97.216146,31.568432],[-97.216246,31.575042],[-97.216294,31.57824],[-97.212827,31.584062],[-97.213006,31.586072],[-97.218269,31.581488],[-97.229523,31.581365],[-97.235673,31.586453],[-97.239289,31.590438],[-97.24814,31.597633],[-97.253176,31.597577],[-97.2576,31.59627],[-97.261692,31.592703],[-97.264196,31.591794],[-97.268046,31.59175],[-97.27073,31.592852],[-97.273732,31.595333],[-97.274222,31.59822],[-97.274269,31.601237],[-97.276357,31.602963],[-97.276821,31.603346],[-97.279488,31.603316],[-97.284023,31.599742],[-97.286525,31.598708],[-97.290526,31.598787],[-97.294133,31.600807]]]}},{"type":"Feature","properties":{"zcta5":"76657","AFFGEOID10":"8600000US76657","GEOID10":"76657","ALAND10":275294850,"AWATER10":234685,"county_name":"Mclennan","state_code":"TX","county_state":"Mclennan County, TX","county_fips":"48309","risk_level_county":"Higher Risk (60–69% vaccinated)","mean_vaccination_rate_county":67.19,"risk_level_zcta":"Higher Risk (60–69% vaccinated)","mean_vaccination_rate_zips":66.59,"cases":188},"geometry":{"type":"MultiPolygon","coordinates":[[[[-97.47558,31.401975],[-97.478792,31.40201],[-97.48783,31.399176],[-97.485674,31.395119],[-97.487349,31.394539],[-97.485389,31.390695],[-97.486854,31.386349],[-97.494652,31.387943],[-97.494081,31.386909],[-97.494362,31.384974],[-97.49281,31.383688],[-97.492642,31.381466],[-97.491956,31.381071],[-97.493871,31.378161],[-97.492722,31.375681],[-97.492769,31.374472],[-97.494562,31.372629],[-97.494696,31.3716],[-97.496727,31.369098],[-97.496929,31.363604],[-97.495351,31.361939],[-97.496184,31.361471],[-97.497344,31.361432],[-97.498966,31.362844],[-97.499696,31.362179],[-97.499324,31.360766],[-97.497124,31.358358],[-97.49418,31.352327],[-97.492404,31.35186],[-97.49168,31.350519],[-97.492736,31.349182],[-97.490634,31.348083],[-97.489088,31.343575],[-97.490296,31.338933],[-97.487356,31.336219],[-97.488191,31.332381],[-97.487177,31.33238],[-97.486482,31.329789],[-97.485463,31.328678],[-97.486616,31.325938],[-97.485798,31.323511],[-97.48472,31.322387],[-97.4777,31.3201],[-97.474466,31.319234],[-97.469056,31.333611],[-97.470292,31.334036],[-97.46857,31.335219],[-97.46385,31.333764],[-97.460219,31.341185],[-97.457119,31.34935],[-97.434317,31.34277],[-97.461556,31.381893],[-97.463918,31.384258],[-97.47558,31.401975]]],[[[-97.328981,31.544361],[-97.331545,31.546725],[-97.333023,31.547484],[-97.334737,31.547139],[-97.34084,31.543825],[-97.344059,31.542372],[-97.346033,31.545085],[-97.35115,31.542555],[-97.346898,31.536708],[-97.351742,31.534669],[-97.42737,31.496248],[-97.432342,31.505938],[-97.435605,31.504153],[-97.437353,31.506493],[-97.443776,31.503175],[-97.438861,31.495446],[-97.442344,31.493346],[-97.439815,31.488169],[-97.445765,31.485128],[-97.450434,31.491754],[-97.453029,31.490453],[-97.455952,31.494801],[-97.471727,31.486356],[-97.480154,31.497413],[-97.500524,31.487024],[-97.50389,31.491813],[-97.504012,31.492997],[-97.502998,31.496895],[-97.507018,31.502762],[-97.521643,31.495575],[-97.520384,31.493177],[-97.529074,31.488092],[-97.53028,31.485196],[-97.532596,31.485493],[-97.532979,31.484592],[-97.489105,31.421339],[-97.428564,31.430838],[-97.427518,31.431129],[-97.418667,31.435877],[-97.418751,31.432466],[-97.416891,31.42925],[-97.421757,31.426673],[-97.416965,31.419795],[-97.413105,31.421817],[-97.409796,31.42309],[-97.399834,31.42814],[-97.391935,31.414184],[-97.383695,31.399291],[-97.383026,31.397542],[-97.3825,31.39517],[-97.381722,31.381767],[-97.381676,31.379205],[-97.382383,31.36641],[-97.381523,31.360997],[-97.380815,31.357808],[-97.385923,31.344862],[-97.375932,31.341968],[-97.372025,31.341406],[-97.370447,31.345554],[-97.369054,31.34619],[-97.365174,31.342348],[-97.364243,31.340517],[-97.361541,31.333396],[-97.360162,31.33299],[-97.359817,31.336092],[-97.352217,31.333952],[-97.349823,31.340326],[-97.349151,31.341269],[-97.343165,31.356092],[-97.340991,31.361882],[-97.340957,31.363137],[-97.337622,31.371665],[-97.334503,31.371423],[-97.333267,31.374375],[-97.330429,31.370374],[-97.328415,31.368207],[-97.324136,31.361542],[-97.319182,31.363985],[-97.318618,31.365202],[-97.317839,31.374948],[-97.328477,31.39046],[-97.330399,31.392358],[-97.334756,31.398761],[-97.337547,31.398519],[-97.339278,31.400975],[-97.335077,31.403115],[-97.330719,31.40134],[-97.308471,31.412453],[-97.307083,31.413464],[-97.309371,31.41481],[-97.312051,31.418459],[-97.314468,31.422029],[-97.313462,31.423646],[-97.314637,31.425068],[-97.314609,31.42658],[-97.316184,31.427611],[-97.314712,31.431482],[-97.311532,31.431802],[-97.311184,31.433222],[-97.313508,31.434369],[-97.313133,31.435376],[-97.311048,31.436796],[-97.30998,31.435879],[-97.308829,31.43739],[-97.309895,31.441331],[-97.308557,31.443805],[-97.306445,31.444583],[-97.304014,31.444146],[-97.299282,31.446296],[-97.298986,31.448633],[-97.297008,31.449525],[-97.296047,31.447898],[-97.295058,31.448287],[-97.295404,31.450211],[-97.294067,31.45005],[-97.292195,31.451767],[-97.290832,31.451789],[-97.290858,31.452934],[-97.292674,31.454333],[-97.291176,31.455684],[-97.289572,31.455614],[-97.289437,31.45763],[-97.288206,31.458385],[-97.287938,31.459782],[-97.285585,31.460834],[-97.282748,31.463856],[-97.283655,31.465827],[-97.282824,31.467568],[-97.281381,31.467383],[-97.281486,31.469491],[-97.280817,31.470201],[-97.281697,31.472378],[-97.280305,31.473957],[-97.276803,31.473771],[-97.275729,31.475153],[-97.275657,31.483746],[-97.282815,31.482446],[-97.288083,31.481514],[-97.295656,31.492159],[-97.29799,31.495168],[-97.298993,31.499119],[-97.301581,31.499563],[-97.306013,31.503231],[-97.306171,31.506301],[-97.309772,31.509741],[-97.30333,31.513101],[-97.303569,31.513601],[-97.310633,31.523729],[-97.315005,31.529994],[-97.313533,31.532491],[-97.313478,31.534828],[-97.314439,31.536844],[-97.317301,31.538106],[-97.319093,31.537465],[-97.319923,31.536159],[-97.323267,31.535726],[-97.323909,31.536367],[-97.323265,31.539506],[-97.322516,31.540124],[-97.325644,31.541844],[-97.328981,31.544361]]]]}},{"type":"Feature","properties":{"zcta5":"76691","AFFGEOID10":"8600000US76691","GEOID10":"76691","ALAND10":258330022,"AWATER10":1230702,"county_name":"Mclennan","state_code":"TX","county_state":"Mclennan County, TX","county_fips":"48309","risk_level_county":"Higher Risk (60–69% vaccinated)","mean_vaccination_rate_county":67.19,"risk_level_zcta":"Higher Risk (60–69% vaccinated)","mean_vaccination_rate_zips":64.96,"cases":188},"geometry":{"type":"Polygon","coordinates":[[[-97.224495,31.771608],[-97.224127,31.770608],[-97.217754,31.76144],[-97.225892,31.757523],[-97.22623,31.755926],[-97.224512,31.754575],[-97.224349,31.751964],[-97.222819,31.750728],[-97.222826,31.748879],[-97.221244,31.748445],[-97.221671,31.746246],[-97.219633,31.745445],[-97.217674,31.743385],[-97.217215,31.739788],[-97.21464,31.737316],[-97.215522,31.734154],[-97.216432,31.732848],[-97.21635,31.731038],[-97.21273,31.729047],[-97.212327,31.727444],[-97.211088,31.726456],[-97.200264,31.73155],[-97.192073,31.732938],[-97.189035,31.735358],[-97.187336,31.739781],[-97.184685,31.741233],[-97.183975,31.739415],[-97.184994,31.738934],[-97.184537,31.737491],[-97.183036,31.736598],[-97.180782,31.732819],[-97.181425,31.731719],[-97.180647,31.730895],[-97.180753,31.728741],[-97.178206,31.72636],[-97.179063,31.725351],[-97.176373,31.723003],[-97.176564,31.723691],[-97.158465,31.722258],[-97.157262,31.716772],[-97.152779,31.719006],[-97.14909,31.713638],[-97.140364,31.717972],[-97.137185,31.719997],[-97.13656,31.719154],[-97.125925,31.724428],[-97.123132,31.725256],[-97.120466,31.719447],[-97.121408,31.718275],[-97.124663,31.716804],[-97.1235,31.7141],[-97.128277,31.710756],[-97.12488,31.712493],[-97.122641,31.71413],[-97.11905,31.718772],[-97.116525,31.719892],[-97.116564,31.721787],[-97.114029,31.722886],[-97.102879,31.72847],[-97.102105,31.71104],[-97.102253,31.702203],[-97.097441,31.704308],[-97.097853,31.713503],[-97.094939,31.71295],[-97.091939,31.716598],[-97.074866,31.724895],[-97.065318,31.710224],[-97.052985,31.715906],[-97.050548,31.712244],[-97.046549,31.713768],[-97.044783,31.712877],[-97.042102,31.715904],[-97.033574,31.720331],[-97.032659,31.718884],[-97.024694,31.723048],[-97.025591,31.724321],[-97.030432,31.721929],[-97.033441,31.725852],[-97.03129,31.726898],[-97.029423,31.724325],[-97.020852,31.728522],[-97.022549,31.731099],[-97.019561,31.73232],[-97.017682,31.731388],[-97.016322,31.734122],[-97.013661,31.737105],[-97.012145,31.740273],[-97.009687,31.739826],[-97.010679,31.737354],[-97.003443,31.733788],[-97.002189,31.731744],[-97.005519,31.729729],[-97.004453,31.729504],[-96.996362,31.725243],[-96.995564,31.726173],[-96.995406,31.728716],[-96.993262,31.729428],[-96.991497,31.732682],[-96.992142,31.73385],[-96.990059,31.741136],[-96.991186,31.74173],[-96.99119,31.745922],[-96.989368,31.746405],[-96.989878,31.747527],[-96.992279,31.748854],[-96.990916,31.749528],[-96.992199,31.751477],[-96.988502,31.75331],[-96.986524,31.750155],[-96.985349,31.75078],[-96.983072,31.750124],[-96.975186,31.753922],[-96.973598,31.751599],[-96.967277,31.754706],[-96.973964,31.764759],[-96.985606,31.781555],[-96.983923,31.783855],[-97.002383,31.811081],[-97.009292,31.821664],[-97.037266,31.863079],[-97.046776,31.85847],[-97.088881,31.838314],[-97.091373,31.837871],[-97.093606,31.835973],[-97.118391,31.823797],[-97.1197,31.824614],[-97.121735,31.824111],[-97.151862,31.809246],[-97.157703,31.818017],[-97.163384,31.815519],[-97.167671,31.821878],[-97.162011,31.824565],[-97.166422,31.83125],[-97.165025,31.830304],[-97.163711,31.830458],[-97.162094,31.832865],[-97.159326,31.831847],[-97.155423,31.832165],[-97.154934,31.830666],[-97.153814,31.830026],[-97.153047,31.830658],[-97.151039,31.82881],[-97.150711,31.827683],[-97.148515,31.827518],[-97.147536,31.828485],[-97.144889,31.82932],[-97.144972,31.830628],[-97.142788,31.8316],[-97.141081,31.833309],[-97.142111,31.834756],[-97.1384,31.837393],[-97.138849,31.839516],[-97.15008,31.834208],[-97.154975,31.840693],[-97.155278,31.841931],[-97.158482,31.846008],[-97.162236,31.851463],[-97.173521,31.845931],[-97.176097,31.845152],[-97.173541,31.841234],[-97.172603,31.838446],[-97.173555,31.835025],[-97.174552,31.833652],[-97.176363,31.832823],[-97.177414,31.832933],[-97.180223,31.836902],[-97.182714,31.835909],[-97.185411,31.838379],[-97.192625,31.849139],[-97.201854,31.844393],[-97.199536,31.843523],[-97.198828,31.842215],[-97.196677,31.841022],[-97.196477,31.83934],[-97.194873,31.83769],[-97.195472,31.835117],[-97.196908,31.834457],[-97.195221,31.833221],[-97.194789,31.829086],[-97.192986,31.828971],[-97.192188,31.826832],[-97.190095,31.82455],[-97.191312,31.822687],[-97.189663,31.820345],[-97.190777,31.817178],[-97.19343,31.816787],[-97.19607,31.814165],[-97.196269,31.812603],[-97.19822,31.811746],[-97.199012,31.810553],[-97.198902,31.8087],[-97.196887,31.806325],[-97.195715,31.804087],[-97.193874,31.804456],[-97.192419,31.802988],[-97.190809,31.802383],[-97.190068,31.801272],[-97.190767,31.799911],[-97.18775,31.795463],[-97.188543,31.793244],[-97.19026,31.792052],[-97.189193,31.790669],[-97.187335,31.790169],[-97.224495,31.771608]]]}},{"type":"Feature","properties":{"zcta5":"76706","AFFGEOID10":"8600000US76706","GEOID10":"76706","ALAND10":183591327,"AWATER10":3754865,"county_name":"Mclennan","state_code":"TX","county_state":"Mclennan County, TX","county_fips":"48309","risk_level_county":"Higher Risk (60–69% vaccinated)","mean_vaccination_rate_county":67.19,"risk_level_zcta":"Higher Risk (60–69% vaccinated)","mean_vaccination_rate_zips":60.83,"cases":188},"geometry":{"type":"Polygon","coordinates":[[[-97.193973,31.421751],[-97.191057,31.421295],[-97.181711,31.425855],[-97.173776,31.413533],[-97.172906,31.413068],[-97.16392,31.399197],[-97.16394,31.398507],[-97.153564,31.403264],[-97.150532,31.39873],[-97.147942,31.399974],[-97.151006,31.404447],[-97.145911,31.406807],[-97.150617,31.413995],[-97.146978,31.415688],[-97.145756,31.416871],[-97.139016,31.420118],[-97.138832,31.421372],[-97.131552,31.421411],[-97.130656,31.420487],[-97.121992,31.420532],[-97.121914,31.412533],[-97.120318,31.418845],[-97.106908,31.428313],[-97.104236,31.426841],[-97.102566,31.427362],[-97.101732,31.4288],[-97.10134,31.43233],[-97.097962,31.431639],[-97.095504,31.430228],[-97.093971,31.430019],[-97.092541,31.428696],[-97.090172,31.428888],[-97.086707,31.427634],[-97.08357,31.428074],[-97.081834,31.427249],[-97.078307,31.427637],[-97.077239,31.426308],[-97.073739,31.427406],[-97.072003,31.426558],[-97.068396,31.427816],[-97.065617,31.427997],[-97.063736,31.425644],[-97.057651,31.418904],[-97.054555,31.414935],[-97.057923,31.413122],[-97.05777,31.40227],[-97.05355,31.400842],[-97.049429,31.398171],[-97.046354,31.396568],[-97.043115,31.398373],[-97.038887,31.392475],[-97.037397,31.391434],[-97.033392,31.388778],[-97.026893,31.38815],[-97.024843,31.388259],[-97.022824,31.387055],[-97.02276,31.386208],[-97.021172,31.384531],[-97.018654,31.382985],[-97.017123,31.382622],[-97.016976,31.381775],[-97.015021,31.382214],[-97.015711,31.386162],[-97.015067,31.387348],[-97.014411,31.38848],[-97.011235,31.390773],[-97.009189,31.391425],[-97.004539,31.391844],[-97.000245,31.393132],[-96.99755,31.394712],[-96.995042,31.397646],[-96.993345,31.401739],[-96.992466,31.404842],[-96.992545,31.40584],[-96.994128,31.408164],[-96.99626,31.408628],[-96.999584,31.407709],[-97.004747,31.406897],[-97.009633,31.406915],[-97.012746,31.407745],[-97.016142,31.409497],[-97.017623,31.410927],[-97.019252,31.413637],[-97.020087,31.416315],[-97.019752,31.419022],[-97.015171,31.425039],[-97.013851,31.425806],[-97.010339,31.428731],[-97.005776,31.430282],[-97.00003,31.431843],[-96.995918,31.434018],[-96.994455,31.435289],[-96.993148,31.437187],[-96.99171,31.440471],[-96.991583,31.442233],[-96.990139,31.445013],[-96.990301,31.446144],[-96.991644,31.447138],[-96.997434,31.449099],[-96.999814,31.45021],[-97.001607,31.451703],[-97.002663,31.453455],[-97.002547,31.455972],[-97.001834,31.458116],[-97.002008,31.460253],[-97.003812,31.462627],[-97.008412,31.463843],[-97.010778,31.463822],[-97.013286,31.463296],[-97.019646,31.463364],[-97.023485,31.462951],[-97.026133,31.461795],[-97.028478,31.460138],[-97.033047,31.458964],[-97.037488,31.4593],[-97.040024,31.461038],[-97.040648,31.463548],[-97.039481,31.464816],[-97.03757,31.465715],[-97.034473,31.466372],[-97.031679,31.467656],[-97.027728,31.470963],[-97.025547,31.473876],[-97.024686,31.476022],[-97.023091,31.478552],[-97.022382,31.480948],[-97.022417,31.483715],[-97.023624,31.485591],[-97.024547,31.48835],[-97.025754,31.490225],[-97.027249,31.491469],[-97.02932,31.49145],[-97.032555,31.489911],[-97.035481,31.487368],[-97.039305,31.485572],[-97.042115,31.485546],[-97.044195,31.486281],[-97.047177,31.488014],[-97.051371,31.492],[-97.052886,31.494752],[-97.051597,31.498035],[-97.048538,31.501711],[-97.044734,31.505017],[-97.043571,31.506663],[-97.042435,31.510321],[-97.042454,31.51183],[-97.043846,31.51647],[-97.045137,31.519037],[-97.047607,31.521214],[-97.050441,31.522949],[-97.052225,31.523561],[-97.05444,31.523162],[-97.055907,31.522142],[-97.059296,31.520979],[-97.061662,31.52083],[-97.063422,31.519682],[-97.067426,31.520272],[-97.069375,31.52214],[-97.070474,31.526909],[-97.071267,31.530926],[-97.075515,31.538683],[-97.078959,31.541668],[-97.08062,31.544042],[-97.088393,31.549626],[-97.089298,31.549702],[-97.090468,31.550079],[-97.097887,31.551042],[-97.10012,31.5519],[-97.10282,31.551765],[-97.104413,31.551858],[-97.108869,31.552946],[-97.115417,31.555396],[-97.12337,31.559257],[-97.148264,31.537302],[-97.145708,31.53619],[-97.137104,31.529017],[-97.135393,31.527099],[-97.134086,31.528266],[-97.133092,31.527447],[-97.134387,31.524841],[-97.134053,31.524077],[-97.13667,31.518481],[-97.142839,31.508139],[-97.146186,31.50109],[-97.150867,31.493253],[-97.150959,31.493089],[-97.163098,31.472456],[-97.168282,31.46431],[-97.171914,31.458447],[-97.172873,31.457526],[-97.175911,31.451671],[-97.186439,31.434979],[-97.193973,31.421751]],[[-97.121683,31.549781],[-97.120692,31.55065],[-97.116689,31.547302],[-97.116391,31.546673],[-97.117474,31.546255],[-97.121683,31.549781]]]}},{"type":"Feature","properties":{"zcta5":"76708","AFFGEOID10":"8600000US76708","GEOID10":"76708","ALAND10":120532121,"AWATER10":10437621,"county_name":"Mclennan","state_code":"TX","county_state":"Mclennan County, TX","county_fips":"48309","risk_level_county":"Higher Risk (60–69% vaccinated)","mean_vaccination_rate_county":67.19,"risk_level_zcta":"Higher Risk (60–69% vaccinated)","mean_vaccination_rate_zips":62.66,"cases":188},"geometry":{"type":"Polygon","coordinates":[[[-97.266988,31.694119],[-97.261839,31.693624],[-97.260314,31.693923],[-97.260602,31.693003],[-97.263152,31.692444],[-97.263463,31.691223],[-97.265799,31.690725],[-97.26561,31.688286],[-97.26455,31.688083],[-97.267748,31.685969],[-97.269961,31.682013],[-97.269574,31.680694],[-97.27073,31.679492],[-97.273533,31.679871],[-97.27386,31.679133],[-97.276604,31.679482],[-97.275139,31.677943],[-97.269813,31.670566],[-97.268364,31.668893],[-97.263456,31.66174],[-97.272853,31.656771],[-97.286935,31.649484],[-97.289698,31.648003],[-97.289155,31.647226],[-97.286081,31.648797],[-97.281774,31.642934],[-97.278486,31.639063],[-97.284108,31.63565],[-97.268241,31.632876],[-97.267795,31.632892],[-97.267605,31.629377],[-97.268661,31.628901],[-97.265991,31.624865],[-97.264145,31.623904],[-97.262802,31.621737],[-97.272028,31.616998],[-97.265877,31.608264],[-97.276357,31.602963],[-97.274269,31.601237],[-97.274222,31.59822],[-97.273732,31.595333],[-97.27073,31.592852],[-97.268046,31.59175],[-97.264196,31.591794],[-97.261692,31.592703],[-97.2576,31.59627],[-97.253176,31.597577],[-97.24814,31.597633],[-97.239289,31.590438],[-97.235673,31.586453],[-97.229523,31.581365],[-97.218269,31.581488],[-97.213006,31.586072],[-97.212827,31.584062],[-97.216294,31.57824],[-97.216246,31.575042],[-97.200418,31.57389],[-97.193834,31.570822],[-97.191745,31.566624],[-97.19046,31.562741],[-97.191598,31.563155],[-97.187562,31.558441],[-97.186333,31.553607],[-97.186495,31.550793],[-97.187685,31.550343],[-97.18728,31.548502],[-97.185854,31.547887],[-97.185361,31.548581],[-97.179364,31.551139],[-97.174434,31.553522],[-97.168138,31.556865],[-97.166589,31.558293],[-97.167648,31.559817],[-97.166498,31.560406],[-97.165838,31.559402],[-97.164693,31.559979],[-97.164005,31.558983],[-97.161736,31.56013],[-97.162422,31.561123],[-97.157762,31.563315],[-97.157092,31.562367],[-97.154717,31.563591],[-97.154979,31.565234],[-97.151623,31.566925],[-97.150965,31.565943],[-97.14991,31.566499],[-97.150616,31.56745],[-97.147808,31.56837],[-97.147062,31.569292],[-97.149084,31.57196],[-97.147529,31.572788],[-97.145721,31.575191],[-97.149514,31.579197],[-97.152681,31.583189],[-97.154349,31.585938],[-97.15481,31.587119],[-97.155426,31.588694],[-97.155285,31.589198],[-97.153233,31.590729],[-97.146461,31.59369],[-97.141349,31.596335],[-97.134435,31.602238],[-97.13021,31.607311],[-97.128935,31.611474],[-97.129202,31.614678],[-97.130952,31.617993],[-97.133367,31.621112],[-97.135316,31.622727],[-97.137254,31.623587],[-97.145132,31.625268],[-97.148536,31.624981],[-97.155141,31.620512],[-97.158964,31.618461],[-97.165004,31.616009],[-97.168378,31.61371],[-97.171034,31.612928],[-97.173256,31.612905],[-97.174908,31.614396],[-97.177503,31.61965],[-97.178632,31.625926],[-97.180328,31.630435],[-97.180811,31.633071],[-97.180719,31.636844],[-97.177936,31.639137],[-97.174429,31.642569],[-97.170905,31.644869],[-97.166364,31.648563],[-97.164468,31.65072],[-97.163181,31.654003],[-97.163214,31.656266],[-97.162062,31.658667],[-97.16223,31.660048],[-97.165544,31.66366],[-97.167327,31.663893],[-97.174526,31.669602],[-97.178996,31.671064],[-97.180639,31.671927],[-97.185886,31.675769],[-97.188576,31.677249],[-97.194394,31.679576],[-97.196027,31.679685],[-97.201984,31.681381],[-97.206171,31.683725],[-97.210786,31.684933],[-97.214368,31.686403],[-97.216464,31.687763],[-97.220943,31.689726],[-97.223314,31.689575],[-97.231666,31.692627],[-97.236001,31.694842],[-97.239693,31.693796],[-97.246799,31.692962],[-97.248571,31.69244],[-97.251536,31.692407],[-97.256904,31.694233],[-97.266988,31.694119]]]}},{"type":"Feature","properties":{"zcta5":"76710","AFFGEOID10":"8600000US76710","GEOID10":"76710","ALAND10":24629946,"AWATER10":5141638,"county_name":"Mclennan","state_code":"TX","county_state":"Mclennan County, TX","county_fips":"48309","risk_level_county":"Higher Risk (60–69% vaccinated)","mean_vaccination_rate_county":67.19,"risk_level_zcta":"Higher Risk (60–69% vaccinated)","mean_vaccination_rate_zips":68.27,"cases":188},"geometry":{"type":"Polygon","coordinates":[[[-97.216246,31.575042],[-97.216146,31.568432],[-97.21828,31.562624],[-97.220303,31.559332],[-97.221326,31.55844],[-97.222451,31.554529],[-97.222394,31.550757],[-97.222791,31.547608],[-97.226128,31.54317],[-97.227557,31.539759],[-97.23194,31.535937],[-97.232011,31.530906],[-97.233148,31.529404],[-97.228389,31.527619],[-97.227404,31.527562],[-97.223279,31.526059],[-97.216445,31.522948],[-97.214147,31.52232],[-97.207018,31.518987],[-97.201288,31.517366],[-97.201508,31.51686],[-97.19354,31.514594],[-97.190145,31.512449],[-97.189439,31.512798],[-97.193393,31.515138],[-97.188374,31.512601],[-97.189038,31.512244],[-97.184911,31.509223],[-97.1811,31.513746],[-97.178945,31.514776],[-97.175704,31.512005],[-97.177146,31.510225],[-97.177924,31.508343],[-97.180172,31.50633],[-97.179504,31.505293],[-97.176378,31.503295],[-97.173159,31.507573],[-97.168082,31.512066],[-97.169581,31.513866],[-97.169455,31.516744],[-97.166116,31.518895],[-97.166807,31.51966],[-97.164198,31.520708],[-97.16067,31.523019],[-97.157039,31.526903],[-97.154219,31.531857],[-97.148264,31.537302],[-97.148412,31.538998],[-97.153192,31.543004],[-97.156656,31.539975],[-97.158851,31.538681],[-97.161659,31.536108],[-97.165594,31.539402],[-97.164778,31.540108],[-97.168338,31.541692],[-97.169811,31.543721],[-97.169569,31.544952],[-97.172919,31.543282],[-97.173594,31.544245],[-97.174981,31.54353],[-97.174298,31.542568],[-97.176994,31.541186],[-97.177513,31.541911],[-97.180584,31.540339],[-97.182112,31.542521],[-97.183273,31.541933],[-97.185457,31.545011],[-97.18428,31.545615],[-97.185854,31.547887],[-97.18728,31.548502],[-97.187685,31.550343],[-97.186495,31.550793],[-97.186333,31.553607],[-97.187562,31.558441],[-97.191598,31.563155],[-97.19046,31.562741],[-97.191745,31.566624],[-97.193834,31.570822],[-97.200418,31.57389],[-97.216246,31.575042]]]}},{"type":"Feature","properties":{"zcta5":"76557","AFFGEOID10":"8600000US76557","GEOID10":"76557","ALAND10":352940364,"AWATER10":16303154,"county_name":"Mclennan","state_code":"TX","county_state":"Mclennan County, TX","county_fips":"48309","risk_level_county":"Higher Risk (60–69% vaccinated)","mean_vaccination_rate_county":67.19,"risk_level_zcta":"Higher Risk (60–69% vaccinated)","mean_vaccination_rate_zips":65.02,"cases":188},"geometry":{"type":"Polygon","coordinates":[[[-97.503512,31.325982],[-97.505374,31.321182],[-97.508401,31.322698],[-97.514422,31.307534],[-97.517995,31.307953],[-97.527645,31.310371],[-97.529621,31.30518],[-97.534131,31.306204],[-97.535589,31.303903],[-97.535393,31.301518],[-97.541409,31.302751],[-97.545786,31.291608],[-97.529256,31.286916],[-97.528657,31.285426],[-97.522245,31.283644],[-97.523437,31.281698],[-97.523332,31.280544],[-97.524647,31.278432],[-97.520548,31.276215],[-97.518071,31.274075],[-97.515521,31.270466],[-97.526728,31.26475],[-97.528511,31.260382],[-97.525299,31.25927],[-97.52697,31.253624],[-97.526756,31.252485],[-97.522537,31.246824],[-97.52533,31.23945],[-97.525368,31.238214],[-97.516411,31.235659],[-97.513535,31.233315],[-97.512238,31.232866],[-97.509369,31.232906],[-97.507477,31.233795],[-97.504875,31.237555],[-97.502771,31.238246],[-97.501421,31.236431],[-97.499651,31.235545],[-97.500691,31.233168],[-97.500648,31.228022],[-97.501481,31.222055],[-97.502114,31.221117],[-97.501722,31.217741],[-97.500657,31.216694],[-97.500225,31.214496],[-97.501605,31.21232],[-97.50098,31.207182],[-97.499092,31.206618],[-97.495441,31.206368],[-97.4899,31.206258],[-97.488598,31.211819],[-97.487276,31.213568],[-97.48169,31.217121],[-97.479831,31.217966],[-97.476075,31.220444],[-97.471302,31.222658],[-97.467379,31.220987],[-97.466152,31.221364],[-97.464751,31.224345],[-97.463274,31.225522],[-97.461643,31.224239],[-97.463095,31.220691],[-97.45963,31.219607],[-97.46038,31.217807],[-97.457649,31.21567],[-97.453659,31.211002],[-97.449554,31.20426],[-97.448341,31.207565],[-97.428088,31.201828],[-97.423454,31.212881],[-97.41835,31.211294],[-97.417877,31.209946],[-97.402084,31.205492],[-97.40696,31.192741],[-97.404228,31.19194],[-97.402138,31.190788],[-97.37528,31.183298],[-97.371433,31.185745],[-97.369133,31.185331],[-97.36837,31.186016],[-97.366135,31.191923],[-97.364548,31.192968],[-97.355164,31.19034],[-97.352896,31.19619],[-97.351792,31.197503],[-97.355708,31.22363],[-97.357365,31.227671],[-97.356171,31.231733],[-97.346317,31.229145],[-97.343685,31.235711],[-97.340631,31.234797],[-97.337533,31.242634],[-97.332631,31.241292],[-97.328881,31.251602],[-97.329585,31.251801],[-97.313889,31.260289],[-97.290749,31.253675],[-97.283638,31.262544],[-97.299726,31.267977],[-97.278113,31.279799],[-97.276484,31.280627],[-97.278043,31.283031],[-97.291394,31.276857],[-97.295085,31.276948],[-97.302609,31.2887],[-97.303479,31.289376],[-97.305733,31.289132],[-97.306669,31.289738],[-97.31082,31.296439],[-97.301211,31.296867],[-97.305371,31.303182],[-97.290817,31.310338],[-97.290121,31.310391],[-97.291926,31.312434],[-97.291827,31.31696],[-97.290371,31.317068],[-97.290717,31.318579],[-97.289201,31.325849],[-97.291592,31.325371],[-97.293966,31.327137],[-97.293508,31.329144],[-97.284255,31.333426],[-97.278598,31.333852],[-97.275543,31.333348],[-97.271774,31.333259],[-97.267629,31.335144],[-97.265881,31.336416],[-97.264248,31.337881],[-97.2651,31.339807],[-97.263201,31.342348],[-97.258771,31.34168],[-97.255942,31.340921],[-97.2549,31.342203],[-97.25394,31.341102],[-97.254823,31.339499],[-97.25333,31.338215],[-97.252985,31.336725],[-97.251544,31.336243],[-97.250279,31.338384],[-97.249318,31.338271],[-97.249155,31.336553],[-97.246149,31.336384],[-97.246771,31.338585],[-97.248345,31.339673],[-97.247656,31.350065],[-97.250872,31.349595],[-97.253981,31.354906],[-97.261085,31.365901],[-97.260917,31.369391],[-97.260511,31.378779],[-97.26508,31.386158],[-97.25871,31.389447],[-97.260231,31.390342],[-97.262582,31.389886],[-97.263489,31.391215],[-97.266371,31.392776],[-97.26971,31.392573],[-97.27254,31.393652],[-97.27457,31.39292],[-97.277238,31.395626],[-97.278307,31.395169],[-97.281912,31.395973],[-97.283966,31.398243],[-97.286611,31.397466],[-97.290538,31.399374],[-97.28995,31.399726],[-97.292708,31.402143],[-97.295577,31.406021],[-97.297057,31.407078],[-97.301087,31.408215],[-97.30467,31.412052],[-97.307083,31.413464],[-97.308471,31.412453],[-97.330719,31.40134],[-97.335077,31.403115],[-97.339278,31.400975],[-97.337547,31.398519],[-97.334756,31.398761],[-97.330399,31.392358],[-97.328477,31.39046],[-97.317839,31.374948],[-97.318618,31.365202],[-97.319182,31.363985],[-97.324136,31.361542],[-97.328415,31.368207],[-97.330429,31.370374],[-97.333267,31.374375],[-97.334503,31.371423],[-97.337622,31.371665],[-97.340957,31.363137],[-97.340991,31.361882],[-97.343165,31.356092],[-97.349151,31.341269],[-97.349823,31.340326],[-97.352217,31.333952],[-97.359817,31.336092],[-97.360162,31.33299],[-97.361541,31.333396],[-97.364243,31.340517],[-97.365174,31.342348],[-97.369054,31.34619],[-97.370447,31.345554],[-97.372025,31.341406],[-97.375932,31.341968],[-97.385923,31.344862],[-97.380815,31.357808],[-97.381523,31.360997],[-97.382383,31.36641],[-97.381676,31.379205],[-97.381722,31.381767],[-97.3825,31.39517],[-97.383026,31.397542],[-97.395474,31.390835],[-97.396417,31.390534],[-97.413864,31.387628],[-97.412827,31.382941],[-97.446774,31.377591],[-97.447612,31.375976],[-97.449628,31.377184],[-97.451363,31.376872],[-97.452373,31.381244],[-97.455039,31.381187],[-97.461556,31.381893],[-97.434317,31.34277],[-97.457119,31.34935],[-97.460219,31.341185],[-97.46385,31.333764],[-97.46857,31.335219],[-97.470292,31.334036],[-97.469056,31.333611],[-97.474466,31.319234],[-97.475791,31.315774],[-97.481783,31.318262],[-97.486635,31.319802],[-97.489618,31.320454],[-97.500292,31.322247],[-97.500292,31.323093],[-97.503512,31.325982]]]}},{"type":"Feature","properties":{"zcta5":"76798","AFFGEOID10":"8600000US76798","GEOID10":"76798","ALAND10":90399,"AWATER10":0,"county_name":"Mclennan","state_code":"TX","county_state":"Mclennan County, TX","county_fips":"48309","risk_level_county":"Higher Risk (60–69% vaccinated)","mean_vaccination_rate_county":67.19,"risk_level_zcta":"Uninhabited","mean_vaccination_rate_zips":null,"cases":188},"geometry":{"type":"Polygon","coordinates":[[[-97.121683,31.549781],[-97.117474,31.546255],[-97.116391,31.546673],[-97.116689,31.547302],[-97.120692,31.55065],[-97.121683,31.549781]]]}}]}