{"type":"FeatureCollection","features":[{"type":"Feature","properties":{"zcta5":"57741","AFFGEOID10":"8600000US57741","GEOID10":"57741","ALAND10":4565350,"AWATER10":0,"county_name":"Meade","state_code":"SD","county_state":"Meade County, SD","county_fips":"46093","risk_level_county":"Medium Risk (70–79% vaccinated)","mean_vaccination_rate_county":73.15,"risk_level_zcta":"Uninhabited","mean_vaccination_rate_zips":null,"cases":16},"geometry":{"type":"Polygon","coordinates":[[[-103.483252,44.411697],[-103.484449,44.407995],[-103.481244,44.405828],[-103.477793,44.402496],[-103.479374,44.402076],[-103.478206,44.399157],[-103.481299,44.396484],[-103.481766,44.395004],[-103.478307,44.396237],[-103.472848,44.395489],[-103.470819,44.396641],[-103.46717,44.396277],[-103.466072,44.394478],[-103.453853,44.394416],[-103.453064,44.415608],[-103.467001,44.414901],[-103.467582,44.410871],[-103.469857,44.411086],[-103.469764,44.413831],[-103.473845,44.412463],[-103.4788,44.412948],[-103.483252,44.411697]]]}},{"type":"Feature","properties":{"zcta5":"57706","AFFGEOID10":"8600000US57706","GEOID10":"57706","ALAND10":16685258,"AWATER10":0,"county_name":"Meade","state_code":"SD","county_state":"Meade County, SD","county_fips":"46093","risk_level_county":"Medium Risk (70–79% vaccinated)","mean_vaccination_rate_county":73.15,"risk_level_zcta":"Lowest Risk (85%+)","mean_vaccination_rate_zips":90.22,"cases":16},"geometry":{"type":"Polygon","coordinates":[[[-103.122132,44.168847],[-103.122217,44.165543],[-103.123461,44.165539],[-103.126453,44.163656],[-103.12878,44.165109],[-103.12674,44.163476],[-103.129139,44.161916],[-103.120986,44.155212],[-103.118681,44.152997],[-103.116119,44.147756],[-103.116191,44.146667],[-103.114415,44.146672],[-103.113532,44.147662],[-103.110748,44.145536],[-103.110768,44.14081],[-103.103909,44.140812],[-103.080434,44.14075],[-103.080248,44.136768],[-103.075378,44.132937],[-103.072601,44.131778],[-103.070812,44.134456],[-103.070776,44.14076],[-103.068563,44.140762],[-103.068544,44.143004],[-103.066047,44.143184],[-103.064337,44.142999],[-103.06066,44.143006],[-103.060655,44.151121],[-103.06569,44.151095],[-103.065376,44.154569],[-103.06575,44.154566],[-103.065684,44.165431],[-103.070735,44.165436],[-103.075829,44.165462],[-103.075756,44.173002],[-103.078925,44.172778],[-103.090689,44.172789],[-103.090674,44.176431],[-103.12092,44.176497],[-103.120936,44.172878],[-103.12219,44.172861],[-103.122132,44.168847]]]}},{"type":"Feature","properties":{"zcta5":"57758","AFFGEOID10":"8600000US57758","GEOID10":"57758","ALAND10":1348259863,"AWATER10":4227302,"county_name":"Meade","state_code":"SD","county_state":"Meade County, SD","county_fips":"46093","risk_level_county":"Medium Risk (70–79% vaccinated)","mean_vaccination_rate_county":73.15,"risk_level_zcta":"Lowest Risk (85%+)","mean_vaccination_rate_zips":99.23,"cases":16},"geometry":{"type":"Polygon","coordinates":[[[-102.95729,45.28044],[-102.956516,45.257905],[-102.957443,45.250063],[-102.957281,45.212851],[-102.957163,45.18154],[-102.957378,45.179942],[-102.957135,45.172895],[-102.957371,45.039569],[-102.958779,45.039564],[-102.958787,44.977832],[-102.958557,44.9749],[-102.958684,44.819017],[-102.729096,44.819703],[-102.72526,44.820088],[-102.719853,44.819733],[-102.717488,44.820616],[-102.715337,44.819862],[-102.714084,44.820663],[-102.712575,44.821143],[-102.710841,44.819658],[-102.707501,44.820412],[-102.707682,44.819649],[-102.702363,44.819796],[-102.697867,44.820391],[-102.695942,44.819676],[-102.665892,44.819745],[-102.657609,44.839205],[-102.659394,44.84399],[-102.65887,44.845933],[-102.655042,44.852241],[-102.654516,44.8535],[-102.65455,44.892767],[-102.65223,44.84171],[-102.654311,44.819771],[-102.594993,44.819907],[-102.594283,44.777453],[-102.533274,44.777358],[-102.532148,44.780118],[-102.530192,44.783555],[-102.531968,44.786933],[-102.534751,44.789325],[-102.535256,44.790249],[-102.534573,44.795537],[-102.532021,44.799123],[-102.526374,44.798632],[-102.492903,44.798567],[-102.491614,44.797472],[-102.491471,44.793058],[-102.490439,44.792248],[-102.477262,44.786506],[-102.473495,44.784245],[-102.47224,44.784104],[-102.451494,44.784125],[-102.451485,44.785884],[-102.45249,44.787739],[-102.451377,44.790955],[-102.451413,44.820239],[-102.394199,44.820221],[-102.391137,44.821115],[-102.384361,44.819191],[-102.382382,44.819249],[-102.373025,44.820226],[-102.369712,44.821145],[-102.367306,44.820144],[-102.36163,44.820121],[-102.356091,44.820889],[-102.353605,44.820196],[-102.3505,44.820102],[-102.26853,44.820163],[-102.268582,44.845623],[-102.268151,44.848889],[-102.264701,44.849171],[-102.248238,44.849189],[-102.248377,44.935765],[-102.244631,44.936131],[-102.218142,44.936171],[-102.219179,44.937475],[-102.218925,44.939111],[-102.220603,44.94022],[-102.219736,44.940628],[-102.219837,44.943195],[-102.218818,44.946461],[-102.219786,44.94714],[-102.2215,44.950342],[-102.446884,44.949681],[-102.451756,44.949449],[-102.451876,44.979725],[-102.456362,44.977752],[-102.491264,44.9782],[-102.491377,44.949955],[-102.552438,44.950475],[-102.552776,44.936113],[-102.53763,44.935798],[-102.537969,44.921443],[-102.573381,44.92159],[-102.573317,44.892717],[-102.59339,44.892728],[-102.593601,44.913455],[-102.613578,44.913629],[-102.613453,44.935561],[-102.608148,44.935635],[-102.613283,44.942947],[-102.602968,44.942962],[-102.60308,44.950339],[-102.715029,44.950711],[-102.715248,44.979146],[-102.715447,44.981331],[-102.715931,44.999988],[-102.715265,45.00694],[-102.726537,45.006919],[-102.761304,45.006848],[-102.761437,45.023097],[-102.756302,45.023069],[-102.756187,45.030641],[-102.756671,45.033937],[-102.757411,45.036571],[-102.757694,45.039278],[-102.874736,45.039344],[-102.874773,45.043282],[-102.875514,45.050642],[-102.875947,45.051841],[-102.88549,45.06974],[-102.887653,45.075229],[-102.89121,45.082677],[-102.894041,45.087492],[-102.896316,45.089353],[-102.900644,45.090439],[-102.900317,45.091218],[-102.897582,45.092491],[-102.894128,45.091481],[-102.892397,45.090392],[-102.89061,45.09089],[-102.892299,45.092644],[-102.896344,45.0948],[-102.896528,45.097254],[-102.897588,45.09985],[-102.896403,45.101891],[-102.896753,45.104316],[-102.895762,45.108047],[-102.892883,45.108297],[-102.892023,45.104697],[-102.890818,45.1051],[-102.891003,45.107574],[-102.889847,45.108745],[-102.89145,45.112333],[-102.887567,45.112158],[-102.885844,45.111605],[-102.882584,45.109067],[-102.880212,45.105703],[-102.881346,45.103781],[-102.885072,45.102735],[-102.884808,45.100298],[-102.880418,45.10126],[-102.879784,45.098188],[-102.876657,45.098162],[-102.877643,45.099551],[-102.876599,45.100169],[-102.873653,45.100279],[-102.872719,45.09859],[-102.870607,45.096801],[-102.871822,45.095549],[-102.870769,45.094876],[-102.86835,45.096462],[-102.865426,45.096375],[-102.863505,45.097361],[-102.862346,45.098618],[-102.863928,45.100805],[-102.86639,45.10142],[-102.867337,45.10065],[-102.869975,45.100714],[-102.865495,45.104321],[-102.862812,45.104217],[-102.860722,45.100129],[-102.8581,45.100125],[-102.857235,45.100591],[-102.858544,45.102571],[-102.858823,45.104371],[-102.857054,45.104481],[-102.856827,45.106359],[-102.857962,45.109155],[-102.857803,45.111293],[-102.859042,45.115758],[-102.857796,45.116369],[-102.853794,45.115365],[-102.852652,45.113792],[-102.849869,45.114328],[-102.849561,45.116213],[-102.851569,45.118215],[-102.854217,45.119187],[-102.856458,45.121167],[-102.857245,45.124962],[-102.854194,45.124988],[-102.854704,45.12356],[-102.851577,45.121868],[-102.848978,45.122676],[-102.846685,45.122321],[-102.84629,45.123584],[-102.843687,45.124343],[-102.841148,45.126817],[-102.844704,45.12897],[-102.846497,45.129118],[-102.847234,45.130205],[-102.845958,45.13147],[-102.842195,45.133509],[-102.840502,45.133048],[-102.839715,45.131814],[-102.837343,45.131241],[-102.83448,45.133165],[-102.834263,45.134706],[-102.83105,45.137302],[-102.831384,45.139597],[-102.833045,45.141927],[-102.83552,45.143274],[-102.837053,45.139023],[-102.838011,45.138227],[-102.838026,45.140838],[-102.835554,45.14423],[-102.834367,45.144245],[-102.83328,45.146038],[-102.83117,45.147381],[-102.82801,45.148163],[-102.825698,45.147433],[-102.821782,45.145138],[-102.818935,45.144454],[-102.816121,45.142593],[-102.815287,45.140289],[-102.817408,45.138557],[-102.815585,45.136995],[-102.812713,45.136402],[-102.80824,45.136153],[-102.803715,45.137264],[-102.802653,45.136912],[-102.801657,45.134164],[-102.801994,45.131229],[-102.800682,45.130656],[-102.797408,45.13079],[-102.795669,45.131614],[-102.795605,45.133833],[-102.793957,45.134855],[-102.792161,45.134649],[-102.790609,45.13338],[-102.788996,45.133901],[-102.785261,45.13385],[-102.786668,45.137882],[-102.78659,45.1394],[-102.785099,45.142609],[-102.785174,45.14403],[-102.790332,45.14656],[-102.79344,45.148798],[-102.792178,45.150212],[-102.788209,45.151691],[-102.783572,45.15187],[-102.782065,45.151426],[-102.778773,45.153231],[-102.775355,45.153312],[-102.775232,45.154433],[-102.776758,45.15625],[-102.781972,45.159071],[-102.781682,45.160204],[-102.779569,45.160919],[-102.777859,45.160676],[-102.76895,45.161214],[-102.765467,45.162337],[-102.761624,45.161073],[-102.761072,45.157666],[-102.761278,45.154635],[-102.757471,45.151995],[-102.755216,45.152821],[-102.752012,45.155301],[-102.750485,45.158365],[-102.748752,45.158963],[-102.745724,45.158541],[-102.746793,45.156498],[-102.746708,45.154733],[-102.744645,45.154064],[-102.743308,45.155525],[-102.742863,45.158733],[-102.74153,45.160297],[-102.739519,45.159854],[-102.737669,45.157908],[-102.736624,45.155798],[-102.736453,45.152363],[-102.73427,45.150239],[-102.730914,45.149774],[-102.729724,45.149061],[-102.723229,45.149382],[-102.720085,45.150326],[-102.718994,45.151064],[-102.720754,45.155524],[-102.720433,45.158391],[-102.71606,45.161857],[-102.714878,45.163771],[-102.716735,45.166719],[-102.716736,45.168526],[-102.712837,45.16781],[-102.712732,45.176337],[-102.712637,45.191212],[-102.712995,45.194923],[-102.712669,45.256481],[-102.715545,45.2569],[-102.71927,45.256483],[-102.722585,45.2531],[-102.73281,45.245631],[-102.73917,45.246258],[-102.744751,45.246284],[-102.746492,45.246642],[-102.753346,45.246966],[-102.75645,45.249516],[-102.76071,45.25114],[-102.769978,45.256376],[-102.792804,45.25646],[-102.795665,45.253137],[-102.803881,45.255741],[-102.80451,45.256819],[-102.804902,45.27036],[-102.806587,45.27469],[-102.812228,45.27114],[-102.813289,45.270848],[-102.826855,45.270829],[-102.829579,45.269604],[-102.832775,45.269036],[-102.834569,45.267334],[-102.841197,45.266909],[-102.842888,45.266281],[-102.845872,45.266991],[-102.84705,45.268069],[-102.848118,45.27044],[-102.848981,45.270745],[-102.897683,45.270772],[-102.898641,45.270741],[-102.897282,45.272476],[-102.897304,45.285297],[-102.940392,45.28528],[-102.942003,45.285059],[-102.945631,45.282493],[-102.953874,45.280577],[-102.95729,45.28044]]]}},{"type":"Feature","properties":{"zcta5":"57788","AFFGEOID10":"8600000US57788","GEOID10":"57788","ALAND10":554526695,"AWATER10":1326362,"county_name":"Meade","state_code":"SD","county_state":"Meade County, SD","county_fips":"46093","risk_level_county":"Medium Risk (70–79% vaccinated)","mean_vaccination_rate_county":73.15,"risk_level_zcta":"Lower Risk (80–84% vaccinated)","mean_vaccination_rate_zips":83.03,"cases":16},"geometry":{"type":"Polygon","coordinates":[[[-103.471437,44.621633],[-103.472689,44.620342],[-103.475693,44.619836],[-103.476974,44.617734],[-103.478949,44.617926],[-103.484464,44.616936],[-103.486654,44.617528],[-103.487178,44.619399],[-103.488515,44.619727],[-103.489275,44.618866],[-103.491672,44.618717],[-103.494529,44.617854],[-103.496235,44.618808],[-103.498523,44.617243],[-103.500229,44.617379],[-103.501773,44.615545],[-103.502948,44.615738],[-103.505446,44.614735],[-103.505463,44.613177],[-103.507406,44.61303],[-103.507285,44.611548],[-103.509282,44.611747],[-103.509928,44.610595],[-103.509223,44.609299],[-103.512059,44.607737],[-103.513934,44.606081],[-103.514338,44.604566],[-103.522761,44.604489],[-103.522853,44.593989],[-103.522661,44.590052],[-103.472343,44.59021],[-103.467175,44.587887],[-103.467455,44.546873],[-103.447208,44.546897],[-103.447117,44.561372],[-103.346711,44.561348],[-103.346947,44.517968],[-103.246378,44.517805],[-103.24642,44.503572],[-103.226177,44.503246],[-103.226119,44.517744],[-103.177915,44.517746],[-103.174413,44.516074],[-103.171402,44.515287],[-103.168176,44.512202],[-103.163802,44.514675],[-103.160275,44.515559],[-103.15739,44.515629],[-103.14228,44.514039],[-103.136854,44.512853],[-103.134508,44.514511],[-103.130441,44.516343],[-103.128997,44.517604],[-103.128385,44.518886],[-103.128955,44.520672],[-103.131599,44.522186],[-103.134947,44.521416],[-103.13852,44.519594],[-103.142791,44.516309],[-103.14595,44.515127],[-103.147352,44.515083],[-103.149487,44.51591],[-103.149644,44.516918],[-103.147203,44.520034],[-103.147359,44.521339],[-103.149175,44.522759],[-103.151598,44.522991],[-103.156005,44.5216],[-103.157764,44.520137],[-103.160513,44.519567],[-103.163644,44.519727],[-103.165465,44.520345],[-103.16671,44.522471],[-103.166836,44.528049],[-103.167315,44.529878],[-103.166739,44.531684],[-103.165492,44.532484],[-103.163351,44.531615],[-103.161915,44.528277],[-103.159039,44.527819],[-103.155682,44.528618],[-103.154115,44.529532],[-103.154211,44.530355],[-103.156159,44.532185],[-103.156829,44.533602],[-103.156284,44.536803],[-103.154909,44.537785],[-103.151905,44.538424],[-103.150338,44.539201],[-103.149314,44.540664],[-103.149473,44.54231],[-103.151422,44.543934],[-103.155672,44.545901],[-103.165996,44.551505],[-103.168329,44.553425],[-103.169415,44.556306],[-103.167304,44.558272],[-103.165737,44.558523],[-103.161804,44.558248],[-103.159373,44.558727],[-103.156494,44.561744],[-103.154861,44.565744],[-103.15502,44.567047],[-103.157737,44.569357],[-103.163236,44.57137],[-103.1657,44.570891],[-103.168836,44.566228],[-103.170307,44.565039],[-103.173057,44.563988],[-103.17568,44.563577],[-103.179453,44.563737],[-103.182043,44.564263],[-103.184249,44.566001],[-103.182458,44.56735],[-103.177917,44.567989],[-103.177277,44.568835],[-103.17798,44.571487],[-103.176381,44.573521],[-103.173374,44.574801],[-103.171966,44.576013],[-103.171582,44.578162],[-103.172157,44.580676],[-103.172892,44.582002],[-103.175707,44.582689],[-103.177722,44.581614],[-103.179162,44.577911],[-103.184984,44.571259],[-103.186551,44.570779],[-103.189493,44.572905],[-103.194035,44.572128],[-103.197521,44.573179],[-103.197969,44.574368],[-103.196977,44.5751],[-103.193171,44.576243],[-103.191572,44.577363],[-103.191572,44.578323],[-103.194003,44.580152],[-103.197298,44.579809],[-103.201071,44.577888],[-103.206382,44.57759],[-103.208525,44.578459],[-103.210189,44.580196],[-103.209805,44.580859],[-103.205839,44.581111],[-103.204784,44.58214],[-103.20536,44.58374],[-103.207024,44.585935],[-103.20664,44.587192],[-103.204816,44.589318],[-103.204817,44.590461],[-103.206194,44.592062],[-103.208529,44.591901],[-103.211215,44.588494],[-103.212527,44.58822],[-103.214798,44.588928],[-103.217486,44.590665],[-103.219278,44.591099],[-103.221549,44.590207],[-103.221687,44.604602],[-102.964125,44.604287],[-102.963646,44.690613],[-102.95865,44.690617],[-102.958752,44.748509],[-103.019151,44.748507],[-103.027276,44.749552],[-103.029709,44.749477],[-103.033683,44.748709],[-103.036754,44.748505],[-103.104975,44.748441],[-103.106192,44.74856],[-103.114573,44.750997],[-103.121294,44.746435],[-103.12795,44.743912],[-103.129354,44.743089],[-103.139607,44.732131],[-103.1414,44.731066],[-103.152642,44.729206],[-103.155623,44.729233],[-103.164827,44.725362],[-103.167275,44.724819],[-103.170293,44.724784],[-103.181681,44.722859],[-103.206956,44.721245],[-103.208966,44.720849],[-103.241497,44.712815],[-103.243302,44.712415],[-103.237162,44.709493],[-103.234703,44.707103],[-103.232926,44.706243],[-103.230035,44.705711],[-103.224412,44.703972],[-103.219756,44.703747],[-103.216202,44.700576],[-103.211519,44.699543],[-103.210253,44.698742],[-103.206097,44.694525],[-103.201897,44.692405],[-103.200362,44.690109],[-103.199017,44.68901],[-103.194536,44.683766],[-103.192803,44.6822],[-103.184997,44.67898],[-103.183194,44.67878],[-103.177726,44.679258],[-103.175256,44.67896],[-103.170459,44.676817],[-103.169236,44.675975],[-103.167529,44.673447],[-103.16324,44.668708],[-103.159819,44.665627],[-103.158454,44.662774],[-103.166225,44.662399],[-103.168287,44.66151],[-103.175131,44.657809],[-103.179459,44.654441],[-103.18094,44.652762],[-103.183056,44.64898],[-103.185776,44.648094],[-103.185758,44.643509],[-103.185761,44.634044],[-103.186356,44.633515],[-103.203907,44.633483],[-103.205863,44.632365],[-103.209413,44.633217],[-103.215071,44.634009],[-103.227452,44.630262],[-103.24134,44.627789],[-103.244612,44.625715],[-103.247353,44.625408],[-103.250828,44.627025],[-103.253917,44.62646],[-103.25665,44.627232],[-103.255849,44.628647],[-103.256093,44.630334],[-103.261415,44.632074],[-103.268542,44.633298],[-103.271302,44.632779],[-103.273151,44.633815],[-103.272096,44.635521],[-103.269655,44.636236],[-103.267408,44.635296],[-103.265956,44.635386],[-103.263851,44.636817],[-103.263635,44.638515],[-103.266338,44.641697],[-103.270022,44.643539],[-103.275086,44.647117],[-103.280539,44.647506],[-103.282155,44.648095],[-103.286384,44.648346],[-103.287485,44.646386],[-103.290367,44.643778],[-103.291072,44.641472],[-103.293114,44.640012],[-103.296682,44.639898],[-103.29887,44.640422],[-103.299965,44.641074],[-103.29962,44.642292],[-103.296993,44.644237],[-103.296353,44.646893],[-103.297157,44.649025],[-103.300212,44.651033],[-103.301915,44.651306],[-103.30365,44.650064],[-103.306253,44.650092],[-103.310673,44.652705],[-103.312568,44.653146],[-103.317025,44.650501],[-103.319905,44.649709],[-103.32148,44.648767],[-103.322722,44.646644],[-103.324651,44.644479],[-103.325957,44.641484],[-103.329112,44.640521],[-103.330246,44.640868],[-103.330138,44.643306],[-103.330688,44.645415],[-103.33242,44.647012],[-103.334693,44.647577],[-103.338459,44.647141],[-103.341372,44.646271],[-103.342613,44.644786],[-103.342141,44.639858],[-103.34357,44.635137],[-103.344166,44.634442],[-103.346987,44.634131],[-103.348292,44.63682],[-103.349697,44.637625],[-103.354649,44.638269],[-103.356988,44.637302],[-103.357868,44.63548],[-103.357756,44.633702],[-103.358761,44.631083],[-103.360746,44.629264],[-103.365421,44.628559],[-103.368335,44.629336],[-103.368015,44.630896],[-103.368638,44.632281],[-103.372288,44.633067],[-103.373626,44.633848],[-103.372794,44.637702],[-103.373379,44.638483],[-103.37611,44.639732],[-103.37904,44.639494],[-103.383215,44.637203],[-103.387346,44.635986],[-103.388438,44.633838],[-103.387108,44.632676],[-103.3867,44.630268],[-103.387488,44.629034],[-103.390651,44.627106],[-103.392857,44.62665],[-103.395419,44.626988],[-103.396916,44.628193],[-103.396014,44.63009],[-103.395959,44.631906],[-103.397135,44.632798],[-103.399163,44.632813],[-103.403174,44.630574],[-103.406332,44.629932],[-103.408067,44.630542],[-103.408259,44.632029],[-103.405078,44.633498],[-103.404879,44.634147],[-103.406153,44.636961],[-103.408223,44.63743],[-103.411893,44.639251],[-103.41375,44.638623],[-103.416163,44.63664],[-103.420576,44.63556],[-103.424528,44.635343],[-103.428538,44.636806],[-103.430639,44.638115],[-103.436,44.638381],[-103.440334,44.640021],[-103.441628,44.642063],[-103.440869,44.644474],[-103.441078,44.646956],[-103.443749,44.650143],[-103.446034,44.651229],[-103.449489,44.648597],[-103.454071,44.645891],[-103.455303,44.644425],[-103.45553,44.642674],[-103.457221,44.640785],[-103.461146,44.639967],[-103.460654,44.63921],[-103.456957,44.638629],[-103.458202,44.637971],[-103.456987,44.637329],[-103.457563,44.63419],[-103.456379,44.633718],[-103.456886,44.632703],[-103.46078,44.62867],[-103.460249,44.627238],[-103.462815,44.625788],[-103.463879,44.623927],[-103.466491,44.623263],[-103.467459,44.623663],[-103.467471,44.625425],[-103.470878,44.623108],[-103.471437,44.621633]]]}},{"type":"Feature","properties":{"zcta5":"57791","AFFGEOID10":"8600000US57791","GEOID10":"57791","ALAND10":531097471,"AWATER10":3560732,"county_name":"Meade","state_code":"SD","county_state":"Meade County, SD","county_fips":"46093","risk_level_county":"Medium Risk (70–79% vaccinated)","mean_vaccination_rate_county":73.15,"risk_level_zcta":"Medium Risk (70–79% vaccinated)","mean_vaccination_rate_zips":79.1,"cases":16},"geometry":{"type":"Polygon","coordinates":[[[-102.565268,44.370652],[-102.566442,44.370391],[-102.566195,44.364408],[-102.565665,44.363069],[-102.563929,44.361758],[-102.563428,44.359982],[-102.564501,44.356476],[-102.563103,44.35091],[-102.56177,44.349495],[-102.556865,44.34591],[-102.549524,44.342769],[-102.546484,44.340011],[-102.545006,44.337405],[-102.544718,44.335306],[-102.545257,44.332103],[-102.544298,44.330458],[-102.538065,44.325039],[-102.537652,44.323891],[-102.537746,44.313553],[-102.54759,44.313315],[-102.548103,44.284323],[-102.527904,44.284338],[-102.527942,44.271145],[-102.52614,44.269175],[-102.517883,44.266011],[-102.512494,44.261735],[-102.511043,44.259205],[-102.510635,44.253943],[-102.509918,44.252009],[-102.508642,44.250577],[-102.506064,44.249226],[-102.505241,44.161368],[-102.487957,44.164014],[-102.487977,44.140189],[-102.473485,44.140129],[-102.476381,44.138629],[-102.477302,44.137623],[-102.484825,44.136318],[-102.487999,44.135951],[-102.488196,43.994566],[-102.488821,43.994514],[-102.497865,43.994576],[-102.497655,43.963066],[-102.49576,43.965729],[-102.494007,43.966654],[-102.487908,43.967461],[-102.485762,43.968652],[-102.484182,43.970327],[-102.483344,43.972785],[-102.482124,43.974604],[-102.480545,43.975293],[-102.478962,43.974768],[-102.476823,43.9726],[-102.475205,43.972898],[-102.473526,43.974648],[-102.473241,43.977194],[-102.473634,43.98011],[-102.475557,43.981607],[-102.479736,43.983135],[-102.480802,43.984316],[-102.478992,43.987539],[-102.475155,43.989458],[-102.471887,43.991465],[-102.46937,43.99434],[-102.466833,43.994222],[-102.391223,43.994443],[-102.384114,43.994222],[-102.375573,43.99455],[-102.367676,43.994528],[-102.368457,44.054672],[-102.372005,44.057907],[-102.374418,44.062875],[-102.378651,44.067206],[-102.40049,44.06772],[-102.40615,44.06799],[-102.41519,44.06889],[-102.41962,44.06907],[-102.42266,44.0687],[-102.425883,44.067821],[-102.43043,44.06576],[-102.433348,44.064729],[-102.438511,44.063826],[-102.44674,44.065181],[-102.442625,44.067704],[-102.439184,44.070463],[-102.441205,44.07057],[-102.435289,44.07532],[-102.431258,44.077673],[-102.42854,44.078672],[-102.425005,44.079267],[-102.415815,44.079703],[-102.414251,44.078952],[-102.411251,44.079818],[-102.400914,44.080411],[-102.402104,44.081319],[-102.396051,44.081319],[-102.397355,44.082153],[-102.398178,44.08421],[-102.395767,44.085512],[-102.393992,44.085123],[-102.395765,44.088003],[-102.393638,44.090082],[-102.393129,44.091751],[-102.393508,44.094014],[-102.396013,44.095798],[-102.396994,44.098632],[-102.394773,44.099614],[-102.394384,44.101659],[-102.390787,44.108162],[-102.389305,44.109768],[-102.387592,44.110328],[-102.387769,44.081324],[-102.36795,44.081393],[-102.367062,44.124988],[-102.36715,44.165843],[-102.369493,44.168081],[-102.375283,44.168494],[-102.376682,44.169201],[-102.381167,44.174634],[-102.381617,44.176251],[-102.382065,44.18675],[-102.38247,44.187808],[-102.384616,44.189437],[-102.386917,44.192065],[-102.38725,44.194568],[-102.395261,44.194521],[-102.396139,44.196047],[-102.395129,44.198179],[-102.394733,44.200544],[-102.393522,44.202966],[-102.391614,44.204999],[-102.389199,44.20621],[-102.383415,44.20751],[-102.379126,44.207119],[-102.376329,44.207323],[-102.372578,44.209414],[-102.372203,44.211185],[-102.372751,44.21265],[-102.372923,44.215903],[-102.373607,44.219372],[-102.373068,44.221041],[-102.372528,44.221772],[-102.368589,44.223968],[-102.361981,44.227194],[-102.359629,44.22772],[-102.357246,44.229915],[-102.357183,44.231584],[-102.358298,44.233595],[-102.360507,44.23564],[-102.365017,44.240459],[-102.365854,44.242365],[-102.365203,44.244573],[-102.362832,44.246176],[-102.359426,44.247426],[-102.358665,44.248944],[-102.359094,44.25092],[-102.361466,44.252452],[-102.362547,44.253941],[-102.362475,44.257257],[-102.363059,44.258691],[-102.367356,44.260517],[-102.367961,44.262025],[-102.367453,44.262757],[-102.364718,44.263032],[-102.362555,44.262553],[-102.36033,44.263377],[-102.3589,44.26484],[-102.359601,44.266897],[-102.361097,44.268108],[-102.364503,44.271878],[-102.365013,44.273226],[-102.366988,44.27567],[-102.367753,44.277499],[-102.367438,44.281179],[-102.36655,44.28415],[-102.366965,44.285613],[-102.366203,44.287556],[-102.364995,44.288836],[-102.362069,44.290003],[-102.360245,44.293326],[-102.360489,44.298214],[-102.359054,44.300746],[-102.355555,44.302919],[-102.35269,44.30196],[-102.351194,44.302006],[-102.347981,44.304613],[-102.347855,44.306281],[-102.350307,44.308475],[-102.350929,44.309743],[-102.349036,44.312429],[-102.348496,44.314829],[-102.348689,44.318166],[-102.346907,44.319949],[-102.344584,44.321115],[-102.344521,44.323469],[-102.34605,44.324177],[-102.347834,44.326349],[-102.345893,44.327744],[-102.342187,44.328957],[-102.341665,44.329962],[-102.3424,44.331414],[-102.342394,44.336612],[-102.343191,44.339172],[-102.342905,44.340246],[-102.340836,44.341687],[-102.339053,44.34171],[-102.33693,44.342509],[-102.336648,44.343965],[-102.338362,44.345735],[-102.341701,44.347512],[-102.341635,44.348772],[-102.335521,44.351835],[-102.33205,44.354875],[-102.331285,44.356315],[-102.328801,44.357847],[-102.324997,44.357863],[-102.323255,44.360113],[-102.324048,44.361523],[-102.326763,44.362167],[-102.327369,44.364361],[-102.326381,44.366852],[-102.324725,44.367812],[-102.322909,44.368041],[-102.317938,44.366647],[-102.31644,44.364155],[-102.314593,44.363447],[-102.311694,44.363835],[-102.305545,44.367758],[-102.305397,44.369297],[-102.306499,44.371674],[-102.306053,44.372611],[-102.302835,44.373456],[-102.300002,44.374986],[-102.298284,44.376915],[-102.298506,44.379086],[-102.301947,44.382012],[-102.30252,44.38336],[-102.301851,44.384777],[-102.298554,44.386294],[-102.298089,44.387929],[-102.298694,44.389552],[-102.300446,44.390604],[-102.304559,44.391542],[-102.305292,44.393622],[-102.302741,44.395382],[-102.302836,44.398353],[-102.302108,44.399784],[-102.302937,44.400703],[-102.301845,44.403092],[-102.30207,44.40674],[-102.302548,44.407655],[-102.30564,44.408843],[-102.305608,44.410992],[-102.304332,44.411791],[-102.303589,44.413936],[-102.30446,44.417139],[-102.302928,44.419814],[-102.30312,44.420637],[-102.305288,44.422214],[-102.308381,44.422854],[-102.310932,44.424386],[-102.309816,44.42658],[-102.307488,44.427425],[-102.306148,44.428773],[-102.307104,44.433116],[-102.306223,44.434085],[-102.303276,44.433699],[-102.305166,44.435198],[-102.307789,44.434724],[-102.310231,44.435356],[-102.316974,44.434069],[-102.320154,44.432822],[-102.322286,44.430671],[-102.325127,44.431371],[-102.327967,44.431335],[-102.330897,44.428681],[-102.333703,44.42731],[-102.335649,44.427835],[-102.336734,44.429389],[-102.33549,44.430509],[-102.336155,44.431232],[-102.335208,44.433561],[-102.336012,44.434497],[-102.340753,44.435291],[-102.342385,44.43398],[-102.341657,44.431163],[-102.348211,44.43108],[-102.351057,44.432037],[-102.351378,44.43535],[-102.353834,44.436287],[-102.357566,44.436263],[-102.361119,44.435145],[-102.365124,44.434157],[-102.36659,44.432716],[-102.368915,44.428784],[-102.371688,44.427092],[-102.373854,44.424416],[-102.373949,44.423594],[-102.371683,44.421858],[-102.366994,44.420969],[-102.364601,44.418958],[-102.364504,44.417633],[-102.365396,44.416055],[-102.367435,44.41466],[-102.370815,44.414247],[-102.374449,44.41324],[-102.376245,44.412048],[-102.377236,44.409876],[-102.377366,44.407225],[-102.376768,44.399637],[-102.377154,44.397283],[-102.379894,44.398176],[-102.379189,44.402084],[-102.38024,44.402816],[-102.384543,44.403595],[-102.387402,44.403152],[-102.388816,44.402203],[-102.391656,44.399027],[-102.391563,44.395484],[-102.392011,44.393313],[-102.392937,44.392125],[-102.393672,44.389657],[-102.396701,44.387601],[-102.400651,44.390437],[-102.402468,44.391329],[-102.404986,44.391444],[-102.406708,44.390416],[-102.407602,44.387902],[-102.409898,44.384886],[-102.410886,44.384566],[-102.412511,44.386806],[-102.416111,44.389732],[-102.419521,44.390853],[-102.422358,44.390922],[-102.425577,44.390282],[-102.427777,44.389368],[-102.428255,44.386763],[-102.426917,44.385574],[-102.422423,44.384614],[-102.42048,44.382099],[-102.42064,44.380042],[-102.42268,44.378008],[-102.425479,44.374259],[-102.42771,44.373048],[-102.429112,44.374168],[-102.429054,44.376821],[-102.430615,44.379518],[-102.433037,44.380661],[-102.437243,44.380638],[-102.439697,44.379427],[-102.444158,44.375907],[-102.446707,44.375678],[-102.448588,44.377118],[-102.449513,44.379403],[-102.45133,44.38114],[-102.455155,44.382214],[-102.458405,44.381733],[-102.460572,44.380933],[-102.462803,44.380795],[-102.466405,44.382372],[-102.47074,44.383285],[-102.473193,44.383215],[-102.474978,44.382849],[-102.476284,44.381112],[-102.476187,44.37958],[-102.473667,44.375513],[-102.474234,44.374302],[-102.47554,44.37373],[-102.48137,44.37238],[-102.485927,44.372356],[-102.492883,44.375472],[-102.499672,44.376964],[-102.501091,44.376801],[-102.502686,44.375774],[-102.50466,44.372097],[-102.505967,44.370978],[-102.507308,44.368762],[-102.509859,44.366751],[-102.512727,44.365839],[-102.514734,44.366],[-102.52257,44.36918],[-102.524067,44.369981],[-102.524512,44.371581],[-102.526422,44.374439],[-102.527924,44.375556],[-102.532289,44.377157],[-102.536751,44.377021],[-102.537994,44.376564],[-102.538167,44.374986],[-102.536109,44.373985],[-102.533816,44.37163],[-102.534327,44.369778],[-102.536431,44.367516],[-102.539746,44.365506],[-102.541498,44.365918],[-102.545257,44.369073],[-102.547455,44.369759],[-102.550801,44.369919],[-102.552617,44.368685],[-102.551184,44.364754],[-102.551472,44.363359],[-102.553192,44.362514],[-102.556888,44.362674],[-102.558226,44.363863],[-102.559755,44.36752],[-102.561827,44.370378],[-102.56342,44.370903],[-102.565268,44.370652]]]}},{"type":"Feature","properties":{"zcta5":"57626","AFFGEOID10":"8600000US57626","GEOID10":"57626","ALAND10":3128803441,"AWATER10":6733464,"county_name":"Meade","state_code":"SD","county_state":"Meade County, SD","county_fips":"46093","risk_level_county":"Medium Risk (70–79% vaccinated)","mean_vaccination_rate_county":73.15,"risk_level_zcta":"Lowest Risk (85%+)","mean_vaccination_rate_zips":95.71,"cases":16},"geometry":{"type":"Polygon","coordinates":[[[-102.712732,45.176337],[-102.712837,45.16781],[-102.716736,45.168526],[-102.716735,45.166719],[-102.714878,45.163771],[-102.71606,45.161857],[-102.720433,45.158391],[-102.720754,45.155524],[-102.718994,45.151064],[-102.720085,45.150326],[-102.723229,45.149382],[-102.729724,45.149061],[-102.730914,45.149774],[-102.73427,45.150239],[-102.736453,45.152363],[-102.736624,45.155798],[-102.737669,45.157908],[-102.739519,45.159854],[-102.74153,45.160297],[-102.742863,45.158733],[-102.743308,45.155525],[-102.744645,45.154064],[-102.746708,45.154733],[-102.746793,45.156498],[-102.745724,45.158541],[-102.748752,45.158963],[-102.750485,45.158365],[-102.752012,45.155301],[-102.755216,45.152821],[-102.757471,45.151995],[-102.761278,45.154635],[-102.761072,45.157666],[-102.761624,45.161073],[-102.765467,45.162337],[-102.76895,45.161214],[-102.777859,45.160676],[-102.779569,45.160919],[-102.781682,45.160204],[-102.781972,45.159071],[-102.776758,45.15625],[-102.775232,45.154433],[-102.775355,45.153312],[-102.778773,45.153231],[-102.782065,45.151426],[-102.783572,45.15187],[-102.788209,45.151691],[-102.792178,45.150212],[-102.79344,45.148798],[-102.790332,45.14656],[-102.785174,45.14403],[-102.785099,45.142609],[-102.78659,45.1394],[-102.786668,45.137882],[-102.785261,45.13385],[-102.788996,45.133901],[-102.790609,45.13338],[-102.792161,45.134649],[-102.793957,45.134855],[-102.795605,45.133833],[-102.795669,45.131614],[-102.797408,45.13079],[-102.800682,45.130656],[-102.801994,45.131229],[-102.801657,45.134164],[-102.802653,45.136912],[-102.803715,45.137264],[-102.80824,45.136153],[-102.812713,45.136402],[-102.815585,45.136995],[-102.817408,45.138557],[-102.815287,45.140289],[-102.816121,45.142593],[-102.818935,45.144454],[-102.821782,45.145138],[-102.825698,45.147433],[-102.82801,45.148163],[-102.83117,45.147381],[-102.83328,45.146038],[-102.834367,45.144245],[-102.835554,45.14423],[-102.838026,45.140838],[-102.838011,45.138227],[-102.837053,45.139023],[-102.83552,45.143274],[-102.833045,45.141927],[-102.831384,45.139597],[-102.83105,45.137302],[-102.834263,45.134706],[-102.83448,45.133165],[-102.837343,45.131241],[-102.839715,45.131814],[-102.840502,45.133048],[-102.842195,45.133509],[-102.845958,45.13147],[-102.847234,45.130205],[-102.846497,45.129118],[-102.844704,45.12897],[-102.841148,45.126817],[-102.843687,45.124343],[-102.84629,45.123584],[-102.846685,45.122321],[-102.848978,45.122676],[-102.851577,45.121868],[-102.854704,45.12356],[-102.854194,45.124988],[-102.857245,45.124962],[-102.856458,45.121167],[-102.854217,45.119187],[-102.851569,45.118215],[-102.849561,45.116213],[-102.849869,45.114328],[-102.852652,45.113792],[-102.853794,45.115365],[-102.857796,45.116369],[-102.859042,45.115758],[-102.857803,45.111293],[-102.857962,45.109155],[-102.856827,45.106359],[-102.857054,45.104481],[-102.858823,45.104371],[-102.858544,45.102571],[-102.857235,45.100591],[-102.8581,45.100125],[-102.860722,45.100129],[-102.862812,45.104217],[-102.865495,45.104321],[-102.869975,45.100714],[-102.867337,45.10065],[-102.86639,45.10142],[-102.863928,45.100805],[-102.862346,45.098618],[-102.863505,45.097361],[-102.865426,45.096375],[-102.86835,45.096462],[-102.870769,45.094876],[-102.871822,45.095549],[-102.870607,45.096801],[-102.872719,45.09859],[-102.873653,45.100279],[-102.876599,45.100169],[-102.877643,45.099551],[-102.876657,45.098162],[-102.879784,45.098188],[-102.880418,45.10126],[-102.884808,45.100298],[-102.885072,45.102735],[-102.881346,45.103781],[-102.880212,45.105703],[-102.882584,45.109067],[-102.885844,45.111605],[-102.887567,45.112158],[-102.89145,45.112333],[-102.889847,45.108745],[-102.891003,45.107574],[-102.890818,45.1051],[-102.892023,45.104697],[-102.892883,45.108297],[-102.895762,45.108047],[-102.896753,45.104316],[-102.896403,45.101891],[-102.897588,45.09985],[-102.896528,45.097254],[-102.896344,45.0948],[-102.892299,45.092644],[-102.89061,45.09089],[-102.892397,45.090392],[-102.894128,45.091481],[-102.897582,45.092491],[-102.900317,45.091218],[-102.900644,45.090439],[-102.896316,45.089353],[-102.894041,45.087492],[-102.89121,45.082677],[-102.887653,45.075229],[-102.88549,45.06974],[-102.875947,45.051841],[-102.875514,45.050642],[-102.874773,45.043282],[-102.874736,45.039344],[-102.757694,45.039278],[-102.757411,45.036571],[-102.756671,45.033937],[-102.756187,45.030641],[-102.756302,45.023069],[-102.761437,45.023097],[-102.761304,45.006848],[-102.726537,45.006919],[-102.715265,45.00694],[-102.715931,44.999988],[-102.715447,44.981331],[-102.715248,44.979146],[-102.715029,44.950711],[-102.60308,44.950339],[-102.602968,44.942962],[-102.613283,44.942947],[-102.608148,44.935635],[-102.613453,44.935561],[-102.613578,44.913629],[-102.593601,44.913455],[-102.59339,44.892728],[-102.573317,44.892717],[-102.573381,44.92159],[-102.537969,44.921443],[-102.53763,44.935798],[-102.552776,44.936113],[-102.552438,44.950475],[-102.491377,44.949955],[-102.491264,44.9782],[-102.456362,44.977752],[-102.451876,44.979725],[-102.451756,44.949449],[-102.446884,44.949681],[-102.2215,44.950342],[-102.219786,44.94714],[-102.218818,44.946461],[-102.219837,44.943195],[-102.219736,44.940628],[-102.220603,44.94022],[-102.218925,44.939111],[-102.219179,44.937475],[-102.218142,44.936171],[-102.244631,44.936131],[-102.248377,44.935765],[-102.248238,44.849189],[-102.264701,44.849171],[-102.268151,44.848889],[-102.268582,44.845623],[-102.26853,44.820163],[-102.268485,44.791202],[-102.249211,44.79123],[-102.245313,44.791636],[-102.242705,44.791199],[-102.228326,44.791197],[-102.226646,44.787035],[-102.225431,44.786194],[-102.22152,44.78494],[-102.218483,44.782727],[-102.216354,44.781652],[-102.214937,44.777449],[-102.211893,44.775682],[-102.210115,44.774],[-102.207345,44.770282],[-102.205409,44.768723],[-102.205171,44.766363],[-102.205766,44.763582],[-102.20517,44.761465],[-102.202832,44.759729],[-102.204292,44.756529],[-102.202738,44.754173],[-102.204028,44.74842],[-102.202532,44.746876],[-102.201716,44.746833],[-102.200292,44.748414],[-102.198474,44.748883],[-102.195505,44.747959],[-102.197142,44.744709],[-102.196495,44.742465],[-102.19479,44.740096],[-102.195132,44.738214],[-102.196721,44.734369],[-102.197077,44.73119],[-102.195539,44.72915],[-102.19485,44.727121],[-102.196104,44.71968],[-102.196567,44.718854],[-102.193671,44.718652],[-102.191464,44.717284],[-102.186269,44.718803],[-102.171712,44.718934],[-102.171261,44.689949],[-102.000437,44.689998],[-101.98757,44.689859],[-101.981634,44.689657],[-101.978383,44.688414],[-101.975872,44.689637],[-101.973717,44.689439],[-101.971336,44.688946],[-101.965833,44.687094],[-101.962421,44.688961],[-101.959397,44.688859],[-101.9556,44.689719],[-101.936379,44.689782],[-101.832899,44.690024],[-101.77938,44.689643],[-101.778288,44.690313],[-101.772307,44.690121],[-101.768573,44.691736],[-101.729238,44.691863],[-101.727705,44.691001],[-101.724646,44.691293],[-101.724036,44.691892],[-101.717148,44.691885],[-101.698085,44.69201],[-101.70052,44.75863],[-101.627568,44.758637],[-101.627311,44.760985],[-101.628554,44.762681],[-101.631457,44.769287],[-101.633984,44.771962],[-101.634115,44.77614],[-101.632102,44.779877],[-101.624105,44.793103],[-101.623,44.79601],[-101.622695,44.79833],[-101.622685,44.860484],[-101.627994,44.862721],[-101.631568,44.863746],[-101.63488,44.86341],[-101.716834,44.863078],[-101.719272,44.862696],[-101.72389,44.862963],[-101.86224,44.862876],[-101.861865,44.851462],[-101.865729,44.854056],[-101.868351,44.857534],[-101.868669,44.860136],[-101.869394,44.861982],[-101.871631,44.865469],[-101.872716,44.869772],[-101.875736,44.870926],[-101.87892,44.870904],[-101.882816,44.875268],[-101.884148,44.877756],[-101.886965,44.880696],[-101.888626,44.883172],[-101.892574,44.887217],[-101.893509,44.89181],[-101.894583,44.893103],[-101.898003,44.892391],[-101.906669,44.892292],[-101.906473,44.946037],[-101.904394,44.946506],[-101.903475,44.948042],[-101.904089,44.950605],[-101.903732,44.956598],[-101.906791,44.962579],[-101.907066,45.022989],[-101.986647,45.023167],[-102.000083,45.024374],[-101.999993,45.037999],[-102.000067,45.062847],[-102.000192,45.064019],[-101.999994,45.065353],[-102.000005,45.23681],[-101.999888,45.238218],[-101.999738,45.256326],[-101.999391,45.299195],[-102.008438,45.299481],[-102.131879,45.299738],[-102.133984,45.299533],[-102.13502,45.299762],[-102.159691,45.299776],[-102.164594,45.300193],[-102.220298,45.29992],[-102.227047,45.300067],[-102.344649,45.299637],[-102.344067,45.212599],[-102.369804,45.21254],[-102.375048,45.212779],[-102.467916,45.212833],[-102.467509,45.205328],[-102.467949,45.126026],[-102.561147,45.12594],[-102.5617,45.144001],[-102.561469,45.145394],[-102.562833,45.146501],[-102.560594,45.147137],[-102.560349,45.146039],[-102.558255,45.145871],[-102.557418,45.149269],[-102.558775,45.154431],[-102.559545,45.156062],[-102.561044,45.156699],[-102.562544,45.156877],[-102.563935,45.155738],[-102.566831,45.151708],[-102.567899,45.148836],[-102.568998,45.148559],[-102.570272,45.149959],[-102.573039,45.151236],[-102.576392,45.153514],[-102.581134,45.154372],[-102.584427,45.156061],[-102.587225,45.156088],[-102.589998,45.156821],[-102.590192,45.169394],[-102.646921,45.169515],[-102.649847,45.168293],[-102.656386,45.169489],[-102.691981,45.169464],[-102.692576,45.169866],[-102.692563,45.17618],[-102.69281,45.176629],[-102.693893,45.176718],[-102.711393,45.176783],[-102.712732,45.176337]]]}},{"type":"Feature","properties":{"zcta5":"57761","AFFGEOID10":"8600000US57761","GEOID10":"57761","ALAND10":1387302575,"AWATER10":3214695,"county_name":"Meade","state_code":"SD","county_state":"Meade County, SD","county_fips":"46093","risk_level_county":"Medium Risk (70–79% vaccinated)","mean_vaccination_rate_county":73.15,"risk_level_zcta":"Lower Risk (80–84% vaccinated)","mean_vaccination_rate_zips":81.16,"cases":16},"geometry":{"type":"Polygon","coordinates":[[[-102.837717,44.350858],[-102.834257,44.35135],[-102.832357,44.351167],[-102.830584,44.350207],[-102.827521,44.347031],[-102.825464,44.346027],[-102.82198,44.345273],[-102.819414,44.345891],[-102.816885,44.347629],[-102.813625,44.349093],[-102.808811,44.347699],[-102.805745,44.345482],[-102.804551,44.343517],[-102.803192,44.342717],[-102.802179,44.343288],[-102.801018,44.345552],[-102.801766,44.347519],[-102.803469,44.349233],[-102.803893,44.350537],[-102.803369,44.352938],[-102.800922,44.357717],[-102.798131,44.359225],[-102.795358,44.359613],[-102.793001,44.359453],[-102.789019,44.35808],[-102.786248,44.355451],[-102.783796,44.354147],[-102.779304,44.352774],[-102.77717,44.351493],[-102.776406,44.350442],[-102.776503,44.348659],[-102.780551,44.34498],[-102.780711,44.344271],[-102.779692,44.343036],[-102.777622,44.342258],[-102.773705,44.342303],[-102.772271,44.342828],[-102.76813,44.343169],[-102.764341,44.342047],[-102.763098,44.342367],[-102.762142,44.343326],[-102.761722,44.349224],[-102.760159,44.351029],[-102.757355,44.35201],[-102.753884,44.350797],[-102.751783,44.349196],[-102.750937,44.346612],[-102.748527,44.342227],[-102.747887,44.340421],[-102.745911,44.339485],[-102.743618,44.339052],[-102.739446,44.339191],[-102.734382,44.340267],[-102.731835,44.341342],[-102.729607,44.343195],[-102.724989,44.345116],[-102.720976,44.345209],[-102.720307,44.345575],[-102.718206,44.349118],[-102.716678,44.350033],[-102.713174,44.349828],[-102.707917,44.346994],[-102.706165,44.346789],[-102.701992,44.348481],[-102.701377,44.347836],[-102.706228,44.34608],[-102.708586,44.346514],[-102.711294,44.348137],[-102.716423,44.349256],[-102.717251,44.348707],[-102.719861,44.34482],[-102.722026,44.344294],[-102.724766,44.344248],[-102.72725,44.343676],[-102.733808,44.33949],[-102.737566,44.338666],[-102.741706,44.338321],[-102.745146,44.338388],[-102.748109,44.339507],[-102.749033,44.340375],[-102.750113,44.343072],[-102.751946,44.345881],[-102.752325,44.348533],[-102.754076,44.349951],[-102.757674,44.351439],[-102.759172,44.350891],[-102.760607,44.349132],[-102.761186,44.343509],[-102.762907,44.341795],[-102.764628,44.341339],[-102.768895,44.342667],[-102.775967,44.341161],[-102.778769,44.341642],[-102.781571,44.343837],[-102.781315,44.345574],[-102.779435,44.346991],[-102.777235,44.34955],[-102.777808,44.351082],[-102.779941,44.352317],[-102.782968,44.353118],[-102.786249,44.354628],[-102.789497,44.357303],[-102.793734,44.35895],[-102.796856,44.358996],[-102.799405,44.357671],[-102.801158,44.355888],[-102.801764,44.353465],[-102.803071,44.351614],[-102.803039,44.350105],[-102.800778,44.347544],[-102.80011,44.345739],[-102.80148,44.342676],[-102.802595,44.341716],[-102.805334,44.342859],[-102.806513,44.344688],[-102.809188,44.347065],[-102.813106,44.348231],[-102.814794,44.348003],[-102.819604,44.345351],[-102.822981,44.344597],[-102.825242,44.345008],[-102.827903,44.346381],[-102.831325,44.349721],[-102.834366,44.350752],[-102.837716,44.350091],[-102.837517,44.346147],[-102.835845,44.343842],[-102.835101,44.340893],[-102.835434,44.337906],[-102.83459,44.336009],[-102.829921,44.329127],[-102.828914,44.326115],[-102.82948,44.241062],[-102.969612,44.241947],[-102.969646,44.151562],[-102.969919,44.140627],[-102.929762,44.140572],[-102.929824,44.132282],[-102.919099,44.132278],[-102.919098,44.125411],[-102.929918,44.125422],[-102.929782,44.116142],[-102.91588,44.11198],[-102.91259,44.1108],[-102.90252,44.1065],[-102.89788,44.10499],[-102.89418,44.10436],[-102.889682,44.104221],[-102.889686,44.103584],[-102.896728,44.103875],[-102.896166,44.102112],[-102.896681,44.099296],[-102.897758,44.098884],[-102.896245,44.096908],[-102.893436,44.096562],[-102.895987,44.095723],[-102.894567,44.094214],[-102.897743,44.094536],[-102.929785,44.099207],[-102.92974,44.091202],[-102.910436,44.08497],[-102.910254,44.074851],[-102.90986,44.023644],[-102.929041,44.023664],[-102.92905,43.994606],[-102.910468,43.994645],[-102.909056,43.990997],[-102.899345,43.99067],[-102.899323,43.994495],[-102.896638,43.994805],[-102.889751,43.99451],[-102.858681,43.994629],[-102.857829,43.993557],[-102.85413,43.994545],[-102.778885,43.994593],[-102.778787,43.955291],[-102.766101,43.955016],[-102.764315,43.951747],[-102.761786,43.951375],[-102.760586,43.954155],[-102.75887,43.955254],[-102.7573,43.958866],[-102.757027,43.962845],[-102.757697,43.967534],[-102.75709,43.968631],[-102.754633,43.969059],[-102.751379,43.97221],[-102.751097,43.974319],[-102.748589,43.976494],[-102.742202,43.977847],[-102.737297,43.976791],[-102.726277,43.976797],[-102.724854,43.978808],[-102.719409,43.980182],[-102.718362,43.978765],[-102.715673,43.980183],[-102.713522,43.982697],[-102.711053,43.983201],[-102.704185,43.982675],[-102.698456,43.981807],[-102.698265,43.969509],[-102.697189,43.968023],[-102.69396,43.965646],[-102.690258,43.962217],[-102.688644,43.959793],[-102.688551,43.933436],[-102.688393,43.932773],[-102.6845,43.935439],[-102.67818,43.938185],[-102.676163,43.937808],[-102.674601,43.936155],[-102.673904,43.938258],[-102.671341,43.940475],[-102.673175,43.943905],[-102.67773,43.948797],[-102.680575,43.953781],[-102.677352,43.95537],[-102.676509,43.954304],[-102.67326,43.953679],[-102.671675,43.954488],[-102.666909,43.955263],[-102.665172,43.956324],[-102.66162,43.956589],[-102.658269,43.952085],[-102.657701,43.948222],[-102.656183,43.94653],[-102.655141,43.94342],[-102.654007,43.936242],[-102.652996,43.934825],[-102.651513,43.930161],[-102.651673,43.926755],[-102.651264,43.923051],[-102.649939,43.919029],[-102.647316,43.916376],[-102.641406,43.912145],[-102.643405,43.9067],[-102.643385,43.903441],[-102.643982,43.901394],[-102.641067,43.901388],[-102.640823,43.902293],[-102.638359,43.902903],[-102.63681,43.905122],[-102.635841,43.904022],[-102.632511,43.902693],[-102.629769,43.903914],[-102.62646,43.903824],[-102.621734,43.901345],[-102.616942,43.9003],[-102.616977,43.911355],[-102.58263,43.911743],[-102.579825,43.914123],[-102.580562,43.915721],[-102.580465,43.91855],[-102.578946,43.921229],[-102.57654,43.923828],[-102.575356,43.924374],[-102.569112,43.929434],[-102.568957,43.931462],[-102.56742,43.932933],[-102.564911,43.934162],[-102.562485,43.93368],[-102.556111,43.927881],[-102.553064,43.926839],[-102.54968,43.928433],[-102.545914,43.931952],[-102.543929,43.938165],[-102.543095,43.938733],[-102.54463,43.945197],[-102.544336,43.947638],[-102.540425,43.949397],[-102.536603,43.950199],[-102.531101,43.95023],[-102.528561,43.950852],[-102.520143,43.950488],[-102.515079,43.950501],[-102.511517,43.952936],[-102.510138,43.954449],[-102.506026,43.956358],[-102.50221,43.956776],[-102.500044,43.957945],[-102.498451,43.960247],[-102.497655,43.963066],[-102.497865,43.994576],[-102.575127,43.994553],[-102.580572,43.997117],[-102.623272,44.02006],[-102.6239,44.031461],[-102.631166,44.036895],[-102.641096,44.042092],[-102.64645,44.043532],[-102.646472,44.047109],[-102.638674,44.047119],[-102.638696,44.054125],[-102.646722,44.054108],[-102.646886,44.060572],[-102.668243,44.060561],[-102.668692,44.081805],[-102.655178,44.081655],[-102.648613,44.08189],[-102.648591,44.096175],[-102.668691,44.096165],[-102.668671,44.103588],[-102.70462,44.10361],[-102.70887,44.10442],[-102.708905,44.110746],[-102.728783,44.110796],[-102.729843,44.125313],[-102.70887,44.129761],[-102.709305,44.136117],[-102.71413,44.1361],[-102.718077,44.136836],[-102.718912,44.137821],[-102.719383,44.140497],[-102.668577,44.140362],[-102.668581,44.153199],[-102.668402,44.154014],[-102.668797,44.250906],[-102.667721,44.250473],[-102.666031,44.248439],[-102.664091,44.247845],[-102.662852,44.246541],[-102.660562,44.246929],[-102.659957,44.248049],[-102.660533,44.251946],[-102.661264,44.253752],[-102.660405,44.254552],[-102.656874,44.255374],[-102.655664,44.257636],[-102.653184,44.256973],[-102.651086,44.255486],[-102.647206,44.254479],[-102.646444,44.253336],[-102.646923,44.250707],[-102.64819,44.249564],[-102.646696,44.248456],[-102.64447,44.248912],[-102.642045,44.250198],[-102.63986,44.248567],[-102.637253,44.24772],[-102.637922,44.246075],[-102.636653,44.243537],[-102.635477,44.242576],[-102.632807,44.242141],[-102.631215,44.243534],[-102.629499,44.243282],[-102.626416,44.242023],[-102.625102,44.242185],[-102.624181,44.244129],[-102.625088,44.246026],[-102.628573,44.246939],[-102.628412,44.24863],[-102.626312,44.249086],[-102.624789,44.2487],[-102.62285,44.24925],[-102.621163,44.247308],[-102.62005,44.247057],[-102.617062,44.247972],[-102.615153,44.246716],[-102.61426,44.243356],[-102.613464,44.242785],[-102.61213,44.243974],[-102.610508,44.243998],[-102.610573,44.246032],[-102.607681,44.247862],[-102.607999,44.24857],[-102.610925,44.248683],[-102.6129,44.249984],[-102.610233,44.251714],[-102.608325,44.250983],[-102.603713,44.250414],[-102.597633,44.248848],[-102.594331,44.25018],[-102.592146,44.248276],[-102.587927,44.248303],[-102.587348,44.250048],[-102.587779,44.251718],[-102.589992,44.253291],[-102.592055,44.254154],[-102.593521,44.255432],[-102.593925,44.259127],[-102.596126,44.261451],[-102.598604,44.262606],[-102.598676,44.263814],[-102.598111,44.28441],[-102.548103,44.284323],[-102.54759,44.313315],[-102.537746,44.313553],[-102.537652,44.323891],[-102.538065,44.325039],[-102.544298,44.330458],[-102.545257,44.332103],[-102.544718,44.335306],[-102.545006,44.337405],[-102.546484,44.340011],[-102.549524,44.342769],[-102.556865,44.34591],[-102.56177,44.349495],[-102.563103,44.35091],[-102.564501,44.356476],[-102.563428,44.359982],[-102.563929,44.361758],[-102.565665,44.363069],[-102.566195,44.364408],[-102.566442,44.370391],[-102.565268,44.370652],[-102.565521,44.372343],[-102.560339,44.371611],[-102.55932,44.371904],[-102.558771,44.374319],[-102.559449,44.375288],[-102.562626,44.377494],[-102.563997,44.379314],[-102.560643,44.381201],[-102.559868,44.382211],[-102.559093,44.385863],[-102.556629,44.388358],[-102.556972,44.389508],[-102.561346,44.393293],[-102.562101,44.394592],[-102.562342,44.395988],[-102.562704,44.517459],[-102.629149,44.517382],[-102.634277,44.516993],[-102.648208,44.524897],[-102.655167,44.529609],[-102.661432,44.531673],[-102.662277,44.532316],[-102.662383,44.54639],[-102.68261,44.546428],[-102.682783,44.445],[-102.719444,44.444991],[-102.721648,44.445759],[-102.722544,44.459392],[-102.72266,44.468296],[-102.723493,44.469474],[-102.724075,44.47268],[-102.722644,44.474852],[-102.722549,44.490875],[-102.722889,44.517261],[-102.88605,44.51792],[-102.888059,44.51709],[-102.888048,44.515126],[-102.884345,44.514016],[-102.883179,44.513104],[-102.883743,44.51156],[-102.886778,44.511127],[-102.884991,44.509115],[-102.882787,44.508748],[-102.881157,44.509662],[-102.877548,44.509386],[-102.877294,44.507922],[-102.879052,44.506346],[-102.880969,44.50589],[-102.881577,44.50461],[-102.8773,44.501682],[-102.877397,44.500882],[-102.87842,44.50033],[-102.882443,44.500999],[-102.884999,44.499986],[-102.88439,44.497701],[-102.882155,44.496603],[-102.876343,44.496782],[-102.873534,44.498249],[-102.871425,44.497586],[-102.871359,44.494775],[-102.872219,44.493494],[-102.870749,44.492009],[-102.868034,44.491827],[-102.864842,44.493178],[-102.863213,44.493224],[-102.861551,44.491213],[-102.862348,44.48895],[-102.864806,44.488354],[-102.863654,44.485909],[-102.86145,44.484607],[-102.861577,44.483555],[-102.865823,44.482388],[-102.868314,44.483141],[-102.8678,44.479484],[-102.865979,44.478593],[-102.860679,44.478732],[-102.86004,44.477269],[-102.861891,44.476034],[-102.864795,44.475302],[-102.867028,44.473061],[-102.863419,44.47057],[-102.859938,44.469269],[-102.858119,44.470435],[-102.858854,44.471258],[-102.857356,44.47359],[-102.854194,44.472128],[-102.854767,44.469248],[-102.851861,44.467694],[-102.852116,44.4663],[-102.853679,44.465111],[-102.854412,44.462893],[-102.856646,44.462367],[-102.860189,44.463645],[-102.861019,44.463394],[-102.861273,44.461885],[-102.860027,44.460445],[-102.856739,44.459098],[-102.85275,44.459739],[-102.851217,44.458437],[-102.851919,44.457202],[-102.854949,44.455578],[-102.858619,44.454342],[-102.85849,44.453062],[-102.855169,44.449955],[-102.851819,44.450619],[-102.84949,44.452471],[-102.847193,44.452243],[-102.846584,44.44998],[-102.842755,44.450187],[-102.842052,44.44765],[-102.843455,44.445638],[-102.842242,44.444929],[-102.843486,44.443695],[-102.842017,44.441249],[-102.839464,44.440267],[-102.836497,44.442119],[-102.834679,44.442462],[-102.835221,44.440588],[-102.83321,44.439719],[-102.832444,44.438439],[-102.834007,44.436656],[-102.837484,44.435352],[-102.837005,44.433387],[-102.83525,44.432244],[-102.83206,44.432747],[-102.832283,44.431056],[-102.831389,44.43021],[-102.831516,44.427147],[-102.829889,44.427627],[-102.82823,44.426599],[-102.828326,44.425433],[-102.824498,44.426005],[-102.822903,44.427697],[-102.821532,44.426577],[-102.823126,44.425205],[-102.823987,44.423353],[-102.826188,44.423559],[-102.828421,44.422507],[-102.828612,44.420838],[-102.8259,44.419216],[-102.82456,44.41773],[-102.821626,44.417593],[-102.82086,44.416793],[-102.820413,44.41245],[-102.823634,44.412084],[-102.826344,44.410506],[-102.829215,44.41094],[-102.830172,44.411694],[-102.831958,44.4111],[-102.832181,44.409911],[-102.830777,44.409774],[-102.827268,44.407466],[-102.82325,44.406872],[-102.821911,44.405318],[-102.822453,44.403946],[-102.821081,44.403375],[-102.818818,44.404952],[-102.817957,44.406552],[-102.818308,44.408152],[-102.814673,44.410141],[-102.813652,44.409844],[-102.814545,44.407398],[-102.813684,44.406712],[-102.810782,44.407924],[-102.810272,44.406164],[-102.808327,44.405181],[-102.809698,44.402963],[-102.808838,44.401912],[-102.809277,44.398429],[-102.811438,44.398343],[-102.816226,44.399619],[-102.8192,44.399212],[-102.822172,44.397563],[-102.823276,44.3955],[-102.825636,44.394496],[-102.840999,44.394508],[-102.843219,44.393551],[-102.843431,44.387244],[-102.863583,44.387254],[-102.863653,44.372801],[-102.843447,44.372827],[-102.843401,44.358786],[-102.842602,44.357335],[-102.839981,44.355629],[-102.838365,44.353757],[-102.837717,44.350858]]]}},{"type":"Feature","properties":{"zcta5":"57748","AFFGEOID10":"8600000US57748","GEOID10":"57748","ALAND10":1012661044,"AWATER10":6824111,"county_name":"Meade","state_code":"SD","county_state":"Meade County, SD","county_fips":"46093","risk_level_county":"Medium Risk (70–79% vaccinated)","mean_vaccination_rate_county":73.15,"risk_level_zcta":"Lowest Risk (85%+)","mean_vaccination_rate_zips":99.14,"cases":16},"geometry":{"type":"Polygon","coordinates":[[[-102.281759,44.658551],[-102.281568,44.604263],[-102.24099,44.604153],[-102.241011,44.589601],[-102.241042,44.51797],[-102.340894,44.517566],[-102.341155,44.468254],[-102.36048,44.468545],[-102.361119,44.435145],[-102.357566,44.436263],[-102.353834,44.436287],[-102.351378,44.43535],[-102.351057,44.432037],[-102.348211,44.43108],[-102.341657,44.431163],[-102.342385,44.43398],[-102.340753,44.435291],[-102.336012,44.434497],[-102.335208,44.433561],[-102.336155,44.431232],[-102.33549,44.430509],[-102.336734,44.429389],[-102.335649,44.427835],[-102.333703,44.42731],[-102.330897,44.428681],[-102.327967,44.431335],[-102.325127,44.431371],[-102.322286,44.430671],[-102.320154,44.432822],[-102.316974,44.434069],[-102.310231,44.435356],[-102.307789,44.434724],[-102.305166,44.435198],[-102.303276,44.433699],[-102.29881,44.430812],[-102.296836,44.430588],[-102.293377,44.431984],[-102.292373,44.435111],[-102.286635,44.438836],[-102.284404,44.441232],[-102.283829,44.445096],[-102.282876,44.448626],[-102.280027,44.450286],[-102.274961,44.450683],[-102.271461,44.447647],[-102.26779,44.446593],[-102.254603,44.446764],[-102.252539,44.44701],[-102.248315,44.448698],[-102.24453,44.449188],[-102.237429,44.449534],[-102.234951,44.449995],[-102.229384,44.451989],[-102.226112,44.452514],[-102.222096,44.452366],[-102.220326,44.451354],[-102.2201,44.449743],[-102.222315,44.445558],[-102.222417,44.443713],[-102.218179,44.441284],[-102.210944,44.440386],[-102.2088,44.43954],[-102.199344,44.434877],[-102.196457,44.433223],[-102.196462,44.432351],[-102.1989,44.430348],[-102.198768,44.428738],[-102.189438,44.427194],[-102.185845,44.426912],[-102.179867,44.427225],[-102.17636,44.428218],[-102.169776,44.428494],[-102.164179,44.427466],[-102.160156,44.428825],[-102.158421,44.430159],[-102.156488,44.433472],[-102.154377,44.43514],[-102.153857,44.436211],[-102.154081,44.437822],[-102.156822,44.440282],[-102.158872,44.441061],[-102.159614,44.442003],[-102.159278,44.443679],[-102.155768,44.444973],[-102.153758,44.445233],[-102.149884,44.444949],[-102.144098,44.444154],[-102.137713,44.441913],[-102.132454,44.43894],[-102.127463,44.438214],[-102.123435,44.438186],[-102.117035,44.436386],[-102.112535,44.435886],[-102.108034,44.436586],[-102.106234,44.437886],[-102.105634,44.439286],[-102.105634,44.442086],[-102.104434,44.446486],[-102.103334,44.447686],[-102.099434,44.450486],[-102.099034,44.451686],[-102.094034,44.454686],[-102.086534,44.453786],[-102.084734,44.453886],[-102.082934,44.454986],[-102.082634,44.457086],[-102.084034,44.459386],[-102.083941,44.460671],[-102.082334,44.460886],[-102.079134,44.463186],[-102.074634,44.464286],[-102.073234,44.465586],[-102.072334,44.468086],[-102.073134,44.469386],[-102.075534,44.470586],[-102.076234,44.471586],[-102.075934,44.475086],[-102.072134,44.476786],[-102.070234,44.478286],[-102.067534,44.478186],[-102.063034,44.480886],[-102.056933,44.480786],[-102.055433,44.481286],[-102.054533,44.483286],[-102.055133,44.485886],[-102.054433,44.490286],[-102.052733,44.492286],[-102.049133,44.494486],[-102.047733,44.497586],[-102.046033,44.499886],[-102.044664,44.500608],[-102.038807,44.50171],[-102.037589,44.50374],[-102.030717,44.503945],[-102.02275,44.505174],[-102.017454,44.505562],[-102.011823,44.50529],[-102.005922,44.507847],[-102.003257,44.508662],[-102.001068,44.510926],[-102.000432,44.511663],[-102.000432,44.511136],[-101.997532,44.513035],[-101.996891,44.516775],[-101.996051,44.518901],[-101.994783,44.519992],[-101.991333,44.521268],[-101.986806,44.524748],[-101.983893,44.525018],[-101.981237,44.52311],[-101.978589,44.522751],[-101.975167,44.524535],[-101.973875,44.526844],[-101.967858,44.525082],[-101.964504,44.525582],[-101.961188,44.527979],[-101.959284,44.528454],[-101.946404,44.528659],[-101.943538,44.532016],[-101.94278,44.533666],[-101.939562,44.535103],[-101.938462,44.535009],[-101.936184,44.532449],[-101.934765,44.531627],[-101.930029,44.530901],[-101.925352,44.529982],[-101.922595,44.530372],[-101.920609,44.531184],[-101.917869,44.533131],[-101.914583,44.533469],[-101.910626,44.532561],[-101.908214,44.533178],[-101.904889,44.535145],[-101.900836,44.535753],[-101.895855,44.535913],[-101.889038,44.538458],[-101.887834,44.538581],[-101.885978,44.537732],[-101.885167,44.535816],[-101.881253,44.533093],[-101.878244,44.532778],[-101.876303,44.533485],[-101.873279,44.53298],[-101.872534,44.532098],[-101.869132,44.531504],[-101.865766,44.532127],[-101.862626,44.531268],[-101.860058,44.529363],[-101.858154,44.527339],[-101.855565,44.526603],[-101.849821,44.529192],[-101.847503,44.5294],[-101.844079,44.527692],[-101.840803,44.527026],[-101.838081,44.522377],[-101.836447,44.521676],[-101.834266,44.521764],[-101.831912,44.523528],[-101.83152,44.526962],[-101.830768,44.529249],[-101.827744,44.531728],[-101.819808,44.531766],[-101.81653,44.531292],[-101.814356,44.529347],[-101.814831,44.525623],[-101.812847,44.522695],[-101.811198,44.522373],[-101.805234,44.525492],[-101.805357,44.52896],[-101.806377,44.531537],[-101.805668,44.533978],[-101.803533,44.536186],[-101.800198,44.541518],[-101.796944,44.543165],[-101.793997,44.543328],[-101.790808,44.541781],[-101.784658,44.540785],[-101.78311,44.539342],[-101.783186,44.537351],[-101.782423,44.536057],[-101.780733,44.536436],[-101.776277,44.538995],[-101.773434,44.541079],[-101.768857,44.543363],[-101.765762,44.547994],[-101.762749,44.548995],[-101.758213,44.548401],[-101.754379,44.550527],[-101.750999,44.553236],[-101.749138,44.55419],[-101.745348,44.554697],[-101.743469,44.556043],[-101.743299,44.558509],[-101.744041,44.559686],[-101.749134,44.563556],[-101.749145,44.56545],[-101.748323,44.566974],[-101.746984,44.567788],[-101.742349,44.568698],[-101.739492,44.568931],[-101.735262,44.568551],[-101.732091,44.566439],[-101.728852,44.566083],[-101.721785,44.569595],[-101.719972,44.571046],[-101.716023,44.572678],[-101.715525,44.575219],[-101.716582,44.576792],[-101.716435,44.577904],[-101.713744,44.580039],[-101.712393,44.5802],[-101.709041,44.579497],[-101.701338,44.574978],[-101.697446,44.574791],[-101.693991,44.575571],[-101.691775,44.575569],[-101.69056,44.574964],[-101.690056,44.573521],[-101.690296,44.57124],[-101.687203,44.570303],[-101.682039,44.571057],[-101.678263,44.575085],[-101.677775,44.577978],[-101.676038,44.580355],[-101.67364,44.581554],[-101.67133,44.583535],[-101.666783,44.583943],[-101.664679,44.583748],[-101.662707,44.585318],[-101.66115,44.587985],[-101.659665,44.588056],[-101.657574,44.586393],[-101.657445,44.58333],[-101.65523,44.582304],[-101.650219,44.584363],[-101.646031,44.585189],[-101.643749,44.58422],[-101.643812,44.5811],[-101.642431,44.579954],[-101.639056,44.579572],[-101.637276,44.580675],[-101.637371,44.583181],[-101.635554,44.585694],[-101.633289,44.586853],[-101.632079,44.586834],[-101.638861,44.646678],[-101.643909,44.646772],[-101.648738,44.64773],[-101.656142,44.649715],[-101.659024,44.649966],[-101.660252,44.647496],[-101.664011,44.646387],[-101.665334,44.645389],[-101.667222,44.646041],[-101.667895,44.644771],[-101.669677,44.644613],[-101.670054,44.645708],[-101.672407,44.644094],[-101.675099,44.643202],[-101.677724,44.642996],[-101.681379,44.640708],[-101.683818,44.639719],[-101.690104,44.639658],[-101.690397,44.637756],[-101.689703,44.634523],[-101.691436,44.633237],[-101.697049,44.634093],[-101.704689,44.638868],[-101.709662,44.640706],[-101.714025,44.641449],[-101.71563,44.64245],[-101.717148,44.691885],[-101.724036,44.691892],[-101.724646,44.691293],[-101.727705,44.691001],[-101.729238,44.691863],[-101.768573,44.691736],[-101.772307,44.690121],[-101.778288,44.690313],[-101.77938,44.689643],[-101.832899,44.690024],[-101.936379,44.689782],[-101.9556,44.689719],[-101.959397,44.688859],[-101.962421,44.688961],[-101.965833,44.687094],[-101.971336,44.688946],[-101.973717,44.689439],[-101.975872,44.689637],[-101.978383,44.688414],[-101.981634,44.689657],[-101.98757,44.689859],[-102.000437,44.689998],[-102.171261,44.689949],[-102.171712,44.718934],[-102.186269,44.718803],[-102.191464,44.717284],[-102.193671,44.718652],[-102.196567,44.718854],[-102.197544,44.716641],[-102.197581,44.707185],[-102.19798,44.705804],[-102.197569,44.703026],[-102.197624,44.697504],[-102.198267,44.690057],[-102.198921,44.689897],[-102.220722,44.689859],[-102.222044,44.689117],[-102.222011,44.682054],[-102.221528,44.678558],[-102.222041,44.67587],[-102.222089,44.661917],[-102.265573,44.662027],[-102.268537,44.660401],[-102.27092,44.660309],[-102.272307,44.658569],[-102.281759,44.658551]]]}},{"type":"Feature","properties":{"zcta5":"57702","AFFGEOID10":"8600000US57702","GEOID10":"57702","ALAND10":756295548,"AWATER10":5169257,"county_name":"Meade","state_code":"SD","county_state":"Meade County, SD","county_fips":"46093","risk_level_county":"Medium Risk (70–79% vaccinated)","mean_vaccination_rate_county":73.15,"risk_level_zcta":"Lower Risk (80–84% vaccinated)","mean_vaccination_rate_zips":80.22,"cases":16},"geometry":{"type":"Polygon","coordinates":[[[-103.589462,44.14067],[-103.590529,44.13662],[-103.594693,44.1346],[-103.594584,44.131393],[-103.595098,44.129667],[-103.593714,44.12795],[-103.593616,44.126574],[-103.592229,44.125503],[-103.592853,44.124573],[-103.590962,44.123691],[-103.590712,44.121775],[-103.591792,44.12072],[-103.591555,44.119126],[-103.59427,44.114129],[-103.592654,44.111736],[-103.593484,44.110179],[-103.592579,44.107834],[-103.593659,44.106141],[-103.593664,44.102799],[-103.595514,44.100819],[-103.596138,44.09915],[-103.595597,44.097132],[-103.59719,44.095932],[-103.596799,44.094051],[-103.59766,44.092218],[-103.599714,44.090902],[-103.601369,44.088651],[-103.600282,44.085743],[-103.603852,44.085391],[-103.607269,44.083842],[-103.609492,44.083934],[-103.613991,44.08323],[-103.615992,44.081648],[-103.614903,44.081265],[-103.616034,44.077648],[-103.614953,44.077226],[-103.614303,44.074005],[-103.616915,44.074591],[-103.616692,44.072237],[-103.619149,44.071253],[-103.620779,44.071642],[-103.619688,44.069404],[-103.622351,44.068025],[-103.62401,44.068271],[-103.62274,44.06955],[-103.623418,44.070208],[-103.625304,44.068665],[-103.626378,44.066699],[-103.629073,44.066514],[-103.628861,44.065329],[-103.63011,44.064506],[-103.628813,44.060225],[-103.627146,44.059994],[-103.626221,44.057392],[-103.626397,44.055998],[-103.623961,44.057267],[-103.623115,44.056],[-103.624391,44.0543],[-103.621982,44.053065],[-103.622841,44.050645],[-103.621088,44.049437],[-103.620987,44.048219],[-103.619268,44.047509],[-103.621266,44.046267],[-103.622824,44.044164],[-103.625047,44.042425],[-103.630304,44.041621],[-103.624023,44.038826],[-103.62586,44.035499],[-103.624895,44.03379],[-103.621512,44.03316],[-103.618095,44.030669],[-103.617089,44.031414],[-103.615716,44.029646],[-103.613312,44.028451],[-103.613914,44.025721],[-103.611611,44.024185],[-103.604897,44.023063],[-103.601876,44.021991],[-103.59845,44.019441],[-103.596115,44.018211],[-103.594742,44.015961],[-103.591943,44.016072],[-103.586888,44.014338],[-103.58332,44.01417],[-103.572429,44.018475],[-103.571155,44.014286],[-103.570788,44.009456],[-103.566387,44.008828],[-103.533318,43.98656],[-103.517914,43.985765],[-103.51701,43.98481],[-103.514161,43.983942],[-103.513873,43.982619],[-103.509683,43.977283],[-103.507614,43.977394],[-103.50552,43.979027],[-103.504183,43.977095],[-103.501342,43.975571],[-103.499956,43.973562],[-103.49591,43.973712],[-103.492481,43.976667],[-103.488898,43.978212],[-103.48459,43.979166],[-103.48287,43.97655],[-103.48247,43.97485],[-103.48318,43.9712],[-103.48585,43.96658],[-103.4878,43.96222],[-103.49165,43.96082],[-103.49416,43.95918],[-103.496988,43.956122],[-103.502591,43.954645],[-103.504999,43.953028],[-103.507915,43.952888],[-103.51304,43.95113],[-103.513513,43.948023],[-103.516031,43.947317],[-103.514376,43.945989],[-103.512227,43.943243],[-103.509978,43.935798],[-103.50714,43.93171],[-103.50599,43.92922],[-103.50455,43.92796],[-103.50248,43.9273],[-103.495478,43.92677],[-103.487791,43.92722],[-103.48555,43.9271],[-103.483008,43.925848],[-103.48166,43.92351],[-103.47822,43.92198],[-103.46913,43.92282],[-103.46197,43.92463],[-103.4606,43.9255],[-103.45974,43.92791],[-103.45771,43.92958],[-103.450955,43.92989],[-103.44822,43.928755],[-103.445829,43.926536],[-103.442748,43.924774],[-103.44248,43.92099],[-103.441733,43.917499],[-103.438174,43.912728],[-103.43617,43.907],[-103.43237,43.906016],[-103.431309,43.905227],[-103.403246,43.904907],[-103.403117,43.900588],[-103.400655,43.897489],[-103.397294,43.896813],[-103.394333,43.894755],[-103.38828,43.89255],[-103.38723,43.894086],[-103.389609,43.895414],[-103.389311,43.897128],[-103.359058,43.897137],[-103.36486,43.902546],[-103.365749,43.90446],[-103.363715,43.906204],[-103.35844,43.906056],[-103.355052,43.907142],[-103.353348,43.906589],[-103.352528,43.906214],[-103.351821,43.903648],[-103.351974,43.899918],[-103.348344,43.900594],[-103.346444,43.899499],[-103.345488,43.897307],[-103.34193,43.897282],[-103.342656,43.895614],[-103.341833,43.892367],[-103.341483,43.888],[-103.338953,43.885737],[-103.336822,43.888457],[-103.3369,43.890867],[-103.332773,43.896041],[-103.332302,43.89764],[-103.330372,43.899104],[-103.328189,43.901871],[-103.323226,43.900272],[-103.318005,43.899426],[-103.316434,43.898001],[-103.315432,43.895797],[-103.316289,43.894896],[-103.313819,43.893918],[-103.316411,43.891034],[-103.317045,43.887083],[-103.313486,43.884943],[-103.311595,43.887678],[-103.311449,43.889778],[-103.310191,43.892128],[-103.307332,43.891914],[-103.30541,43.895778],[-103.301394,43.895641],[-103.29916,43.895146],[-103.2996,43.912844],[-103.219114,43.912148],[-103.218942,43.904906],[-103.199135,43.904888],[-103.19906,43.93227],[-103.19881,43.93388],[-103.19678,43.93751],[-103.190135,43.94397],[-103.189243,43.945369],[-103.187598,43.950759],[-103.18614,43.95756],[-103.18397,43.97035],[-103.18152,43.97526],[-103.18091,43.97806],[-103.180589,43.987659],[-103.17995,43.99102],[-103.17982,43.99446],[-103.181134,44.002897],[-103.179058,44.002728],[-103.175697,44.003853],[-103.173516,44.003238],[-103.173493,44.004012],[-103.168035,44.002875],[-103.167001,44.001673],[-103.165207,44.003072],[-103.164652,44.002271],[-103.16263,44.00277],[-103.159902,44.001529],[-103.158229,44.002599],[-103.157916,44.00436],[-103.159375,44.005622],[-103.158736,44.007241],[-103.159837,44.008585],[-103.155426,44.011438],[-103.156474,44.01346],[-103.161632,44.017109],[-103.166178,44.019469],[-103.169677,44.022361],[-103.171654,44.024528],[-103.175744,44.02808],[-103.184624,44.033697],[-103.185756,44.0348],[-103.191874,44.034799],[-103.191917,44.0383],[-103.195326,44.038274],[-103.199111,44.0375],[-103.2029,44.03532],[-103.20573,44.0324],[-103.20912,44.03123],[-103.22202,44.03128],[-103.225798,44.030797],[-103.22719,44.03021],[-103.23975,44.02345],[-103.24212,44.02161],[-103.24406,44.01896],[-103.24607,44.01822],[-103.250557,44.018569],[-103.249625,44.024013],[-103.249598,44.02409],[-103.249073,44.026812],[-103.245437,44.047036],[-103.244312,44.04936],[-103.24465,44.051474],[-103.25216,44.052688],[-103.252182,44.058612],[-103.252967,44.060396],[-103.25006,44.060377],[-103.250106,44.062062],[-103.248708,44.063513],[-103.24949,44.066927],[-103.250838,44.069196],[-103.250746,44.071396],[-103.249566,44.071337],[-103.248646,44.073709],[-103.246514,44.074783],[-103.245413,44.076155],[-103.24491,44.080032],[-103.245751,44.082585],[-103.25199,44.08345],[-103.24891,44.08426],[-103.237823,44.084399],[-103.237768,44.085746],[-103.245274,44.085512],[-103.248891,44.08496],[-103.25003,44.088498],[-103.24843,44.090433],[-103.248779,44.096507],[-103.243157,44.100896],[-103.240062,44.105956],[-103.25125,44.10624],[-103.2625,44.10813],[-103.26491,44.10883],[-103.26786,44.11075],[-103.271663,44.114576],[-103.271405,44.115573],[-103.267369,44.115381],[-103.267357,44.116708],[-103.2717,44.11663],[-103.27196,44.11812],[-103.272044,44.131045],[-103.271361,44.133806],[-103.271957,44.135802],[-103.271971,44.141015],[-103.25046,44.141026],[-103.229756,44.140868],[-103.231254,44.147481],[-103.240713,44.147501],[-103.24177,44.148319],[-103.241739,44.150818],[-103.242322,44.149101],[-103.24754,44.150872],[-103.24752,44.149271],[-103.249349,44.146787],[-103.251232,44.146841],[-103.250772,44.148386],[-103.255094,44.148102],[-103.256325,44.146768],[-103.258338,44.146865],[-103.25837,44.145654],[-103.262506,44.148703],[-103.266105,44.148405],[-103.269125,44.1472],[-103.271595,44.148572],[-103.271907,44.150156],[-103.275434,44.154707],[-103.276956,44.155144],[-103.276937,44.161851],[-103.277938,44.164972],[-103.277249,44.168964],[-103.276844,44.176102],[-103.27718,44.177061],[-103.281837,44.182916],[-103.282471,44.184672],[-103.284663,44.18746],[-103.285109,44.188925],[-103.282333,44.191134],[-103.280686,44.191125],[-103.28141,44.192548],[-103.280178,44.194453],[-103.281597,44.195255],[-103.280511,44.197594],[-103.28068,44.199144],[-103.278356,44.201071],[-103.278548,44.202916],[-103.276564,44.203909],[-103.274929,44.203427],[-103.272421,44.205397],[-103.272706,44.20654],[-103.270508,44.209419],[-103.270488,44.21171],[-103.288611,44.218626],[-103.289299,44.214973],[-103.29107,44.214593],[-103.29089,44.210787],[-103.289931,44.209931],[-103.292111,44.207794],[-103.287076,44.198984],[-103.282694,44.193661],[-103.285544,44.190695],[-103.289377,44.191171],[-103.292046,44.190792],[-103.292021,44.189035],[-103.294248,44.188639],[-103.297914,44.18933],[-103.297914,44.187284],[-103.292006,44.183286],[-103.29006,44.171865],[-103.297726,44.155962],[-103.298149,44.154735],[-103.303097,44.154722],[-103.303428,44.154709],[-103.305129,44.157771],[-103.306414,44.159204],[-103.312311,44.162664],[-103.311996,44.16225],[-103.312997,44.160593],[-103.310101,44.154721],[-103.309296,44.152974],[-103.307743,44.152076],[-103.302892,44.152953],[-103.295767,44.140879],[-103.298149,44.14085],[-103.299061,44.140238],[-103.30342,44.1402],[-103.311537,44.140188],[-103.311677,44.140843],[-103.359908,44.140883],[-103.371869,44.146511],[-103.376914,44.158703],[-103.393798,44.169477],[-103.391659,44.1695],[-103.39111,44.183516],[-103.415471,44.183545],[-103.416383,44.183475],[-103.452543,44.183423],[-103.452453,44.140772],[-103.589462,44.14067]]]}},{"type":"Feature","properties":{"zcta5":"57767","AFFGEOID10":"8600000US57767","GEOID10":"57767","ALAND10":405465282,"AWATER10":27752,"county_name":"Meade","state_code":"SD","county_state":"Meade County, SD","county_fips":"46093","risk_level_county":"Medium Risk (70–79% vaccinated)","mean_vaccination_rate_county":73.15,"risk_level_zcta":"Lowest Risk (85%+)","mean_vaccination_rate_zips":87.98,"cases":16},"geometry":{"type":"Polygon","coordinates":[[[-102.548103,44.284323],[-102.598111,44.28441],[-102.598676,44.263814],[-102.598604,44.262606],[-102.596126,44.261451],[-102.593925,44.259127],[-102.593521,44.255432],[-102.592055,44.254154],[-102.589992,44.253291],[-102.587779,44.251718],[-102.587348,44.250048],[-102.587927,44.248303],[-102.592146,44.248276],[-102.594331,44.25018],[-102.597633,44.248848],[-102.603713,44.250414],[-102.608325,44.250983],[-102.610233,44.251714],[-102.6129,44.249984],[-102.610925,44.248683],[-102.607999,44.24857],[-102.607681,44.247862],[-102.610573,44.246032],[-102.610508,44.243998],[-102.61213,44.243974],[-102.613464,44.242785],[-102.61426,44.243356],[-102.615153,44.246716],[-102.617062,44.247972],[-102.62005,44.247057],[-102.621163,44.247308],[-102.62285,44.24925],[-102.624789,44.2487],[-102.626312,44.249086],[-102.628412,44.24863],[-102.628573,44.246939],[-102.625088,44.246026],[-102.624181,44.244129],[-102.625102,44.242185],[-102.626416,44.242023],[-102.629499,44.243282],[-102.631215,44.243534],[-102.632807,44.242141],[-102.635477,44.242576],[-102.636653,44.243537],[-102.637922,44.246075],[-102.637253,44.24772],[-102.63986,44.248567],[-102.642045,44.250198],[-102.64447,44.248912],[-102.646696,44.248456],[-102.64819,44.249564],[-102.646923,44.250707],[-102.646444,44.253336],[-102.647206,44.254479],[-102.651086,44.255486],[-102.653184,44.256973],[-102.655664,44.257636],[-102.656874,44.255374],[-102.660405,44.254552],[-102.661264,44.253752],[-102.660533,44.251946],[-102.659957,44.248049],[-102.660562,44.246929],[-102.662852,44.246541],[-102.664091,44.247845],[-102.666031,44.248439],[-102.667721,44.250473],[-102.668797,44.250906],[-102.668402,44.154014],[-102.668581,44.153199],[-102.668577,44.140362],[-102.719383,44.140497],[-102.718912,44.137821],[-102.718077,44.136836],[-102.71413,44.1361],[-102.709305,44.136117],[-102.70887,44.129761],[-102.729843,44.125313],[-102.728783,44.110796],[-102.708905,44.110746],[-102.70887,44.10442],[-102.70462,44.10361],[-102.668671,44.103588],[-102.668691,44.096165],[-102.648591,44.096175],[-102.648613,44.08189],[-102.655178,44.081655],[-102.668692,44.081805],[-102.668243,44.060561],[-102.646886,44.060572],[-102.646722,44.054108],[-102.638696,44.054125],[-102.638674,44.047119],[-102.646472,44.047109],[-102.64645,44.043532],[-102.641096,44.042092],[-102.631166,44.036895],[-102.6239,44.031461],[-102.623272,44.02006],[-102.580572,43.997117],[-102.575127,43.994553],[-102.497865,43.994576],[-102.488821,43.994514],[-102.488196,43.994566],[-102.487999,44.135951],[-102.484825,44.136318],[-102.477302,44.137623],[-102.476381,44.138629],[-102.473485,44.140129],[-102.487977,44.140189],[-102.487957,44.164014],[-102.505241,44.161368],[-102.506064,44.249226],[-102.508642,44.250577],[-102.509918,44.252009],[-102.510635,44.253943],[-102.511043,44.259205],[-102.512494,44.261735],[-102.517883,44.266011],[-102.52614,44.269175],[-102.527942,44.271145],[-102.527904,44.284338],[-102.548103,44.284323]]]}},{"type":"Feature","properties":{"zcta5":"57785","AFFGEOID10":"8600000US57785","GEOID10":"57785","ALAND10":1544617460,"AWATER10":5239729,"county_name":"Meade","state_code":"SD","county_state":"Meade County, SD","county_fips":"46093","risk_level_county":"Medium Risk (70–79% vaccinated)","mean_vaccination_rate_county":73.15,"risk_level_zcta":"Medium Risk (70–79% vaccinated)","mean_vaccination_rate_zips":78.49,"cases":16},"geometry":{"type":"Polygon","coordinates":[[[-103.712536,44.415857],[-103.71135,44.413547],[-103.71244,44.412239],[-103.717369,44.409538],[-103.718758,44.407913],[-103.720551,44.40115],[-103.720512,44.40044],[-103.719376,44.399014],[-103.715054,44.396483],[-103.708862,44.393909],[-103.707321,44.392097],[-103.708633,44.390045],[-103.712799,44.387867],[-103.706169,44.389347],[-103.704002,44.389328],[-103.699279,44.387166],[-103.702958,44.38429],[-103.701866,44.380066],[-103.702446,44.37875],[-103.708248,44.377773],[-103.720357,44.37121],[-103.718671,44.370268],[-103.717699,44.368025],[-103.717833,44.363012],[-103.716829,44.36258],[-103.71679,44.36079],[-103.712573,44.361824],[-103.71331,44.345115],[-103.689241,44.326975],[-103.691127,44.329381],[-103.691426,44.332527],[-103.692592,44.334932],[-103.692719,44.339344],[-103.690152,44.339733],[-103.687423,44.337236],[-103.679561,44.342522],[-103.654349,44.361178],[-103.65433,44.344116],[-103.589763,44.344177],[-103.588892,44.343253],[-103.588928,44.341263],[-103.586441,44.341686],[-103.583908,44.341412],[-103.577362,44.34362],[-103.572563,44.346172],[-103.569383,44.346529],[-103.569417,44.344246],[-103.574291,44.344195],[-103.574305,44.298453],[-103.573221,44.300704],[-103.569019,44.301527],[-103.565357,44.299127],[-103.565103,44.297869],[-103.559049,44.294417],[-103.557289,44.295552],[-103.555706,44.299412],[-103.552666,44.301417],[-103.549655,44.304498],[-103.549142,44.306463],[-103.547709,44.305963],[-103.545075,44.306213],[-103.540109,44.304291],[-103.537847,44.306326],[-103.534823,44.306485],[-103.532499,44.305341],[-103.52658,44.301224],[-103.527058,44.299624],[-103.525084,44.299234],[-103.521677,44.29985],[-103.521455,44.298067],[-103.524671,44.297817],[-103.52305,44.294364],[-103.518657,44.294476],[-103.516238,44.293675],[-103.515118,44.292142],[-103.515262,44.285425],[-103.493323,44.285206],[-103.49334,44.278607],[-103.487019,44.279297],[-103.485064,44.280624],[-103.483873,44.282317],[-103.480469,44.284788],[-103.474446,44.283584],[-103.479212,44.285087],[-103.480785,44.286166],[-103.481487,44.288264],[-103.485497,44.291007],[-103.486436,44.288615],[-103.487834,44.288169],[-103.487345,44.297479],[-103.492118,44.299641],[-103.433889,44.29991],[-103.436578,44.316218],[-103.436741,44.318543],[-103.43561,44.322906],[-103.433059,44.319019],[-103.432095,44.315911],[-103.428368,44.300136],[-103.413848,44.300217],[-103.412731,44.301786],[-103.410814,44.301903],[-103.405552,44.303572],[-103.401228,44.304146],[-103.397991,44.303777],[-103.395877,44.302789],[-103.389244,44.302101],[-103.381429,44.300212],[-103.375162,44.29948],[-103.367714,44.300247],[-103.352507,44.300393],[-103.352497,44.287573],[-103.349693,44.2868],[-103.349692,44.285954],[-103.345882,44.285812],[-103.272403,44.285812],[-103.276412,44.286706],[-103.277111,44.288207],[-103.276975,44.300498],[-103.238327,44.300521],[-103.237012,44.299543],[-103.235302,44.300019],[-103.232621,44.298458],[-103.23265,44.294503],[-103.230931,44.294618],[-103.229974,44.292446],[-103.2266,44.292401],[-103.227301,44.293567],[-103.221349,44.293935],[-103.218551,44.291766],[-103.217344,44.291857],[-103.211476,44.288917],[-103.210923,44.286068],[-103.151534,44.285842],[-103.152557,44.291489],[-103.151067,44.289252],[-103.149297,44.289689],[-103.147053,44.288959],[-103.145094,44.289283],[-103.143398,44.287869],[-103.14106,44.289199],[-103.141081,44.287375],[-103.139859,44.286167],[-103.141662,44.28439],[-103.141232,44.282655],[-103.138805,44.280831],[-103.138211,44.281907],[-103.134565,44.278922],[-103.128768,44.281098],[-103.128228,44.280046],[-103.126637,44.279999],[-103.126733,44.278833],[-103.128325,44.278057],[-103.127787,44.275267],[-103.123825,44.27392],[-103.120707,44.274105],[-103.121534,44.273442],[-103.119654,44.270219],[-103.117841,44.271454],[-103.115549,44.270244],[-103.115135,44.269169],[-103.113416,44.268804],[-103.113004,44.269902],[-103.110712,44.269217],[-103.112556,44.266839],[-103.110646,44.265788],[-103.11109,44.26373],[-103.109658,44.263891],[-103.110101,44.260324],[-103.107555,44.259456],[-103.107267,44.258016],[-103.10574,44.258405],[-103.104118,44.257583],[-103.103766,44.255891],[-103.102208,44.256349],[-103.100999,44.255046],[-103.098867,44.254933],[-103.098422,44.253927],[-103.100234,44.252326],[-103.097332,44.247945],[-103.097458,44.245156],[-103.096313,44.245316],[-103.09609,44.243853],[-103.092496,44.244106],[-103.093481,44.241957],[-103.090651,44.242094],[-103.089537,44.239717],[-103.086358,44.241066],[-103.08499,44.239809],[-103.084703,44.238095],[-103.082382,44.238369],[-103.081937,44.239558],[-103.079297,44.238804],[-103.078788,44.236152],[-103.077166,44.237158],[-103.075671,44.236724],[-103.075671,44.235535],[-103.070562,44.233998],[-103.070509,44.256434],[-103.090229,44.256256],[-103.090604,44.342906],[-102.969203,44.343673],[-102.96887,44.345875],[-102.968283,44.374864],[-102.966971,44.373512],[-102.965735,44.37115],[-102.96452,44.369972],[-102.961078,44.369794],[-102.956208,44.370996],[-102.948702,44.374313],[-102.945352,44.376361],[-102.943367,44.37674],[-102.942126,44.376161],[-102.940917,44.373289],[-102.942468,44.370774],[-102.942592,44.369015],[-102.941537,44.36572],[-102.943863,44.363672],[-102.946096,44.36247],[-102.951121,44.361268],[-102.951462,44.358797],[-102.949043,44.35755],[-102.944391,44.357061],[-102.938373,44.357907],[-102.935272,44.357239],[-102.933225,44.356059],[-102.931271,44.353699],[-102.930216,44.353232],[-102.926029,44.352876],[-102.922493,44.35134],[-102.920446,44.348779],[-102.92026,44.346642],[-102.921624,44.344194],[-102.920508,44.342947],[-102.916913,44.343804],[-102.913653,44.345752],[-102.913436,44.350627],[-102.912192,44.352027],[-102.908425,44.352514],[-102.904439,44.35204],[-102.901412,44.349714],[-102.900477,44.34792],[-102.898839,44.346492],[-102.893525,44.346676],[-102.891851,44.347878],[-102.890754,44.349672],[-102.891674,44.352765],[-102.889242,44.354123],[-102.886172,44.354384],[-102.883421,44.353754],[-102.880961,44.352141],[-102.879204,44.349497],[-102.87758,44.349267],[-102.870864,44.350071],[-102.86825,44.349501],[-102.867484,44.347764],[-102.868248,44.346689],[-102.873599,44.345041],[-102.872926,44.341909],[-102.870089,44.339716],[-102.868558,44.337247],[-102.866487,44.336699],[-102.864513,44.337066],[-102.862508,44.33981],[-102.862351,44.341799],[-102.861428,44.343835],[-102.85834,44.345549],[-102.851814,44.345664],[-102.84857,44.344291],[-102.847018,44.344542],[-102.846064,44.345798],[-102.845027,44.349636],[-102.843566,44.350413],[-102.837717,44.350858],[-102.838365,44.353757],[-102.839981,44.355629],[-102.842602,44.357335],[-102.843401,44.358786],[-102.843447,44.372827],[-102.863653,44.372801],[-102.863583,44.387254],[-102.843431,44.387244],[-102.843219,44.393551],[-102.840999,44.394508],[-102.825636,44.394496],[-102.823276,44.3955],[-102.822172,44.397563],[-102.8192,44.399212],[-102.816226,44.399619],[-102.811438,44.398343],[-102.809277,44.398429],[-102.808838,44.401912],[-102.809698,44.402963],[-102.808327,44.405181],[-102.810272,44.406164],[-102.810782,44.407924],[-102.813684,44.406712],[-102.814545,44.407398],[-102.813652,44.409844],[-102.814673,44.410141],[-102.818308,44.408152],[-102.817957,44.406552],[-102.818818,44.404952],[-102.821081,44.403375],[-102.822453,44.403946],[-102.821911,44.405318],[-102.82325,44.406872],[-102.827268,44.407466],[-102.830777,44.409774],[-102.832181,44.409911],[-102.831958,44.4111],[-102.830172,44.411694],[-102.829215,44.41094],[-102.826344,44.410506],[-102.823634,44.412084],[-102.820413,44.41245],[-102.82086,44.416793],[-102.821626,44.417593],[-102.82456,44.41773],[-102.8259,44.419216],[-102.828612,44.420838],[-102.828421,44.422507],[-102.826188,44.423559],[-102.823987,44.423353],[-102.823126,44.425205],[-102.821532,44.426577],[-102.822903,44.427697],[-102.824498,44.426005],[-102.828326,44.425433],[-102.82823,44.426599],[-102.829889,44.427627],[-102.831516,44.427147],[-102.831389,44.43021],[-102.832283,44.431056],[-102.83206,44.432747],[-102.83525,44.432244],[-102.837005,44.433387],[-102.837484,44.435352],[-102.834007,44.436656],[-102.832444,44.438439],[-102.83321,44.439719],[-102.835221,44.440588],[-102.834679,44.442462],[-102.836497,44.442119],[-102.839464,44.440267],[-102.842017,44.441249],[-102.843486,44.443695],[-102.842242,44.444929],[-102.843455,44.445638],[-102.842052,44.44765],[-102.842755,44.450187],[-102.846584,44.44998],[-102.847193,44.452243],[-102.84949,44.452471],[-102.851819,44.450619],[-102.855169,44.449955],[-102.85849,44.453062],[-102.858619,44.454342],[-102.854949,44.455578],[-102.851919,44.457202],[-102.851217,44.458437],[-102.85275,44.459739],[-102.856739,44.459098],[-102.860027,44.460445],[-102.861273,44.461885],[-102.861019,44.463394],[-102.860189,44.463645],[-102.856646,44.462367],[-102.854412,44.462893],[-102.853679,44.465111],[-102.852116,44.4663],[-102.851861,44.467694],[-102.854767,44.469248],[-102.854194,44.472128],[-102.857356,44.47359],[-102.858854,44.471258],[-102.858119,44.470435],[-102.859938,44.469269],[-102.863419,44.47057],[-102.867028,44.473061],[-102.864795,44.475302],[-102.861891,44.476034],[-102.86004,44.477269],[-102.860679,44.478732],[-102.865979,44.478593],[-102.8678,44.479484],[-102.868314,44.483141],[-102.865823,44.482388],[-102.861577,44.483555],[-102.86145,44.484607],[-102.863654,44.485909],[-102.864806,44.488354],[-102.862348,44.48895],[-102.861551,44.491213],[-102.863213,44.493224],[-102.864842,44.493178],[-102.868034,44.491827],[-102.870749,44.492009],[-102.872219,44.493494],[-102.871359,44.494775],[-102.871425,44.497586],[-102.873534,44.498249],[-102.876343,44.496782],[-102.882155,44.496603],[-102.88439,44.497701],[-102.884999,44.499986],[-102.882443,44.500999],[-102.87842,44.50033],[-102.877397,44.500882],[-102.8773,44.501682],[-102.881577,44.50461],[-102.880969,44.50589],[-102.879052,44.506346],[-102.877294,44.507922],[-102.877548,44.509386],[-102.881157,44.509662],[-102.882787,44.508748],[-102.884991,44.509115],[-102.886778,44.511127],[-102.883743,44.51156],[-102.883179,44.513104],[-102.884345,44.514016],[-102.888048,44.515126],[-102.888059,44.51709],[-102.88605,44.51792],[-102.965123,44.518029],[-102.963697,44.601021],[-102.964125,44.604287],[-103.221687,44.604602],[-103.221549,44.590207],[-103.219278,44.591099],[-103.217486,44.590665],[-103.214798,44.588928],[-103.212527,44.58822],[-103.211215,44.588494],[-103.208529,44.591901],[-103.206194,44.592062],[-103.204817,44.590461],[-103.204816,44.589318],[-103.20664,44.587192],[-103.207024,44.585935],[-103.20536,44.58374],[-103.204784,44.58214],[-103.205839,44.581111],[-103.209805,44.580859],[-103.210189,44.580196],[-103.208525,44.578459],[-103.206382,44.57759],[-103.201071,44.577888],[-103.197298,44.579809],[-103.194003,44.580152],[-103.191572,44.578323],[-103.191572,44.577363],[-103.193171,44.576243],[-103.196977,44.5751],[-103.197969,44.574368],[-103.197521,44.573179],[-103.194035,44.572128],[-103.189493,44.572905],[-103.186551,44.570779],[-103.184984,44.571259],[-103.179162,44.577911],[-103.177722,44.581614],[-103.175707,44.582689],[-103.172892,44.582002],[-103.172157,44.580676],[-103.171582,44.578162],[-103.171966,44.576013],[-103.173374,44.574801],[-103.176381,44.573521],[-103.17798,44.571487],[-103.177277,44.568835],[-103.177917,44.567989],[-103.182458,44.56735],[-103.184249,44.566001],[-103.182043,44.564263],[-103.179453,44.563737],[-103.17568,44.563577],[-103.173057,44.563988],[-103.170307,44.565039],[-103.168836,44.566228],[-103.1657,44.570891],[-103.163236,44.57137],[-103.157737,44.569357],[-103.15502,44.567047],[-103.154861,44.565744],[-103.156494,44.561744],[-103.159373,44.558727],[-103.161804,44.558248],[-103.165737,44.558523],[-103.167304,44.558272],[-103.169415,44.556306],[-103.168329,44.553425],[-103.165996,44.551505],[-103.155672,44.545901],[-103.151422,44.543934],[-103.149473,44.54231],[-103.149314,44.540664],[-103.150338,44.539201],[-103.151905,44.538424],[-103.154909,44.537785],[-103.156284,44.536803],[-103.156829,44.533602],[-103.156159,44.532185],[-103.154211,44.530355],[-103.154115,44.529532],[-103.155682,44.528618],[-103.159039,44.527819],[-103.161915,44.528277],[-103.163351,44.531615],[-103.165492,44.532484],[-103.166739,44.531684],[-103.167315,44.529878],[-103.166836,44.528049],[-103.16671,44.522471],[-103.165465,44.520345],[-103.163644,44.519727],[-103.160513,44.519567],[-103.157764,44.520137],[-103.156005,44.5216],[-103.151598,44.522991],[-103.149175,44.522759],[-103.147359,44.521339],[-103.147203,44.520034],[-103.149644,44.516918],[-103.149487,44.51591],[-103.147352,44.515083],[-103.14595,44.515127],[-103.142791,44.516309],[-103.13852,44.519594],[-103.134947,44.521416],[-103.131599,44.522186],[-103.128955,44.520672],[-103.128385,44.518886],[-103.128997,44.517604],[-103.130441,44.516343],[-103.134508,44.514511],[-103.136854,44.512853],[-103.14228,44.514039],[-103.15739,44.515629],[-103.160275,44.515559],[-103.163802,44.514675],[-103.168176,44.512202],[-103.171402,44.515287],[-103.174413,44.516074],[-103.177915,44.517746],[-103.226119,44.517744],[-103.226177,44.503246],[-103.24642,44.503572],[-103.246378,44.517805],[-103.346947,44.517968],[-103.346711,44.561348],[-103.447117,44.561372],[-103.447208,44.546897],[-103.467455,44.546873],[-103.468208,44.545195],[-103.472629,44.541415],[-103.476122,44.540372],[-103.477739,44.539012],[-103.482234,44.533526],[-103.482838,44.532225],[-103.480514,44.532232],[-103.457815,44.522378],[-103.447414,44.521943],[-103.447636,44.473482],[-103.442452,44.46791],[-103.434675,44.461399],[-103.443257,44.46121],[-103.44868,44.459996],[-103.467124,44.45998],[-103.468158,44.459363],[-103.468372,44.457426],[-103.470895,44.456222],[-103.489116,44.455299],[-103.488335,44.459898],[-103.508594,44.45989],[-103.508505,44.467656],[-103.512871,44.467669],[-103.516326,44.466587],[-103.518086,44.466823],[-103.518285,44.464797],[-103.520557,44.464601],[-103.521263,44.463373],[-103.527982,44.462487],[-103.529525,44.45978],[-103.532659,44.458967],[-103.533492,44.458105],[-103.537074,44.457589],[-103.538289,44.45812],[-103.542039,44.456384],[-103.542025,44.455196],[-103.545783,44.454328],[-103.549099,44.455656],[-103.549312,44.452442],[-103.551128,44.449071],[-103.549333,44.445717],[-103.542059,44.44057],[-103.540191,44.437143],[-103.540866,44.434446],[-103.539222,44.431031],[-103.547789,44.43351],[-103.552241,44.432746],[-103.559276,44.434784],[-103.56309,44.436749],[-103.565487,44.438639],[-103.567321,44.441305],[-103.568842,44.441572],[-103.568934,44.427612],[-103.568936,44.427315],[-103.573601,44.428783],[-103.576043,44.430531],[-103.58535,44.439846],[-103.589623,44.443619],[-103.598805,44.450389],[-103.599716,44.45018],[-103.596183,44.447891],[-103.592949,44.445282],[-103.603305,44.445279],[-103.600573,44.443065],[-103.58876,44.436279],[-103.582298,44.431101],[-103.580578,44.430001],[-103.568935,44.426939],[-103.568518,44.423475],[-103.568559,44.415457],[-103.583321,44.415631],[-103.694185,44.415783],[-103.710281,44.415826],[-103.712536,44.415857]],[[-103.483252,44.411697],[-103.4788,44.412948],[-103.473845,44.412463],[-103.469764,44.413831],[-103.469857,44.411086],[-103.467582,44.410871],[-103.467001,44.414901],[-103.453064,44.415608],[-103.453853,44.394416],[-103.466072,44.394478],[-103.46717,44.396277],[-103.470819,44.396641],[-103.472848,44.395489],[-103.478307,44.396237],[-103.481766,44.395004],[-103.481299,44.396484],[-103.478206,44.399157],[-103.479374,44.402076],[-103.477793,44.402496],[-103.481244,44.405828],[-103.484449,44.407995],[-103.483252,44.411697]]]}},{"type":"Feature","properties":{"zcta5":"57793","AFFGEOID10":"8600000US57793","GEOID10":"57793","ALAND10":382717252,"AWATER10":214883,"county_name":"Meade","state_code":"SD","county_state":"Meade County, SD","county_fips":"46093","risk_level_county":"Medium Risk (70–79% vaccinated)","mean_vaccination_rate_county":73.15,"risk_level_zcta":"Medium Risk (70–79% vaccinated)","mean_vaccination_rate_zips":73.63,"cases":16},"geometry":{"type":"Polygon","coordinates":[[[-103.688797,44.517654],[-103.685028,44.514599],[-103.676208,44.506554],[-103.673683,44.503483],[-103.668816,44.495113],[-103.666328,44.492588],[-103.66304,44.490402],[-103.659561,44.489109],[-103.661484,44.488495],[-103.672592,44.488628],[-103.674118,44.488197],[-103.674782,44.487244],[-103.675468,44.483902],[-103.67823,44.481155],[-103.679018,44.479528],[-103.686379,44.481224],[-103.692856,44.483646],[-103.696533,44.485371],[-103.700233,44.486645],[-103.705765,44.487541],[-103.715515,44.487808],[-103.718323,44.48753],[-103.719053,44.486561],[-103.723007,44.484795],[-103.728889,44.480793],[-103.729462,44.47958],[-103.729649,44.46775],[-103.73025,44.467247],[-103.725334,44.4622],[-103.723373,44.459633],[-103.721161,44.455006],[-103.718178,44.44722],[-103.715775,44.433762],[-103.715065,44.430775],[-103.714842,44.427604],[-103.71565,44.424616],[-103.714812,44.420928],[-103.711488,44.41957],[-103.710281,44.415826],[-103.694185,44.415783],[-103.583321,44.415631],[-103.568559,44.415457],[-103.568518,44.423475],[-103.568935,44.426939],[-103.580578,44.430001],[-103.582298,44.431101],[-103.58876,44.436279],[-103.600573,44.443065],[-103.603305,44.445279],[-103.592949,44.445282],[-103.596183,44.447891],[-103.599716,44.45018],[-103.598805,44.450389],[-103.589623,44.443619],[-103.58535,44.439846],[-103.576043,44.430531],[-103.573601,44.428783],[-103.568936,44.427315],[-103.568934,44.427612],[-103.568842,44.441572],[-103.567321,44.441305],[-103.565487,44.438639],[-103.56309,44.436749],[-103.559276,44.434784],[-103.552241,44.432746],[-103.547789,44.43351],[-103.539222,44.431031],[-103.540866,44.434446],[-103.540191,44.437143],[-103.542059,44.44057],[-103.549333,44.445717],[-103.551128,44.449071],[-103.549312,44.452442],[-103.549099,44.455656],[-103.545783,44.454328],[-103.542025,44.455196],[-103.542039,44.456384],[-103.538289,44.45812],[-103.537074,44.457589],[-103.533492,44.458105],[-103.532659,44.458967],[-103.529525,44.45978],[-103.527982,44.462487],[-103.521263,44.463373],[-103.520557,44.464601],[-103.518285,44.464797],[-103.518086,44.466823],[-103.516326,44.466587],[-103.512871,44.467669],[-103.508505,44.467656],[-103.508594,44.45989],[-103.488335,44.459898],[-103.489116,44.455299],[-103.470895,44.456222],[-103.468372,44.457426],[-103.468158,44.459363],[-103.467124,44.45998],[-103.44868,44.459996],[-103.443257,44.46121],[-103.434675,44.461399],[-103.442452,44.46791],[-103.447636,44.473482],[-103.447414,44.521943],[-103.457815,44.522378],[-103.480514,44.532232],[-103.482838,44.532225],[-103.482234,44.533526],[-103.477739,44.539012],[-103.476122,44.540372],[-103.472629,44.541415],[-103.468208,44.545195],[-103.467455,44.546873],[-103.467175,44.587887],[-103.472343,44.59021],[-103.522661,44.590052],[-103.522853,44.593989],[-103.522761,44.604489],[-103.514338,44.604566],[-103.513934,44.606081],[-103.512059,44.607737],[-103.509223,44.609299],[-103.509928,44.610595],[-103.509282,44.611747],[-103.507285,44.611548],[-103.507406,44.61303],[-103.505463,44.613177],[-103.505446,44.614735],[-103.502948,44.615738],[-103.501773,44.615545],[-103.500229,44.617379],[-103.498523,44.617243],[-103.496235,44.618808],[-103.494529,44.617854],[-103.491672,44.618717],[-103.489275,44.618866],[-103.488515,44.619727],[-103.487178,44.619399],[-103.486654,44.617528],[-103.484464,44.616936],[-103.478949,44.617926],[-103.476974,44.617734],[-103.475693,44.619836],[-103.472689,44.620342],[-103.471437,44.621633],[-103.472173,44.622477],[-103.472188,44.632615],[-103.472579,44.63327],[-103.473745,44.633641],[-103.548186,44.633297],[-103.548161,44.647738],[-103.567891,44.647695],[-103.56643,44.646816],[-103.567506,44.645916],[-103.565516,44.645367],[-103.566261,44.64433],[-103.564255,44.643337],[-103.56613,44.643123],[-103.567045,44.640851],[-103.567609,44.642339],[-103.58297,44.642281],[-103.582877,44.640498],[-103.587867,44.640515],[-103.587862,44.619496],[-103.588466,44.616998],[-103.587883,44.615714],[-103.587878,44.604296],[-103.603284,44.60432],[-103.607132,44.604219],[-103.68789,44.604502],[-103.688861,44.535873],[-103.709137,44.5358],[-103.709137,44.534702],[-103.700501,44.526993],[-103.688797,44.517654]]]}},{"type":"Feature","properties":{"zcta5":"57701","AFFGEOID10":"8600000US57701","GEOID10":"57701","ALAND10":183431156,"AWATER10":268537,"county_name":"Meade","state_code":"SD","county_state":"Meade County, SD","county_fips":"46093","risk_level_county":"Medium Risk (70–79% vaccinated)","mean_vaccination_rate_county":73.15,"risk_level_zcta":"Medium Risk (70–79% vaccinated)","mean_vaccination_rate_zips":71.08,"cases":16},"geometry":{"type":"Polygon","coordinates":[[[-103.270488,44.21171],[-103.270508,44.209419],[-103.272706,44.20654],[-103.272421,44.205397],[-103.274929,44.203427],[-103.276564,44.203909],[-103.278548,44.202916],[-103.278356,44.201071],[-103.28068,44.199144],[-103.280511,44.197594],[-103.281597,44.195255],[-103.280178,44.194453],[-103.28141,44.192548],[-103.280686,44.191125],[-103.282333,44.191134],[-103.285109,44.188925],[-103.284663,44.18746],[-103.282471,44.184672],[-103.281837,44.182916],[-103.27718,44.177061],[-103.276844,44.176102],[-103.277249,44.168964],[-103.277938,44.164972],[-103.276937,44.161851],[-103.276956,44.155144],[-103.275434,44.154707],[-103.271907,44.150156],[-103.271595,44.148572],[-103.269125,44.1472],[-103.266105,44.148405],[-103.262506,44.148703],[-103.25837,44.145654],[-103.258338,44.146865],[-103.256325,44.146768],[-103.255094,44.148102],[-103.250772,44.148386],[-103.251232,44.146841],[-103.249349,44.146787],[-103.24752,44.149271],[-103.24754,44.150872],[-103.242322,44.149101],[-103.241739,44.150818],[-103.24177,44.148319],[-103.240713,44.147501],[-103.231254,44.147481],[-103.229756,44.140868],[-103.25046,44.141026],[-103.271971,44.141015],[-103.271957,44.135802],[-103.271361,44.133806],[-103.272044,44.131045],[-103.27196,44.11812],[-103.2717,44.11663],[-103.267357,44.116708],[-103.267369,44.115381],[-103.271405,44.115573],[-103.271663,44.114576],[-103.26786,44.11075],[-103.26491,44.10883],[-103.2625,44.10813],[-103.25125,44.10624],[-103.240062,44.105956],[-103.243157,44.100896],[-103.248779,44.096507],[-103.24843,44.090433],[-103.25003,44.088498],[-103.248891,44.08496],[-103.245274,44.085512],[-103.237768,44.085746],[-103.237823,44.084399],[-103.24891,44.08426],[-103.25199,44.08345],[-103.245751,44.082585],[-103.24491,44.080032],[-103.245413,44.076155],[-103.246514,44.074783],[-103.248646,44.073709],[-103.249566,44.071337],[-103.250746,44.071396],[-103.250838,44.069196],[-103.24949,44.066927],[-103.248708,44.063513],[-103.250106,44.062062],[-103.25006,44.060377],[-103.252967,44.060396],[-103.252182,44.058612],[-103.25216,44.052688],[-103.24465,44.051474],[-103.244312,44.04936],[-103.245437,44.047036],[-103.249073,44.026812],[-103.249598,44.02409],[-103.249625,44.024013],[-103.250557,44.018569],[-103.24607,44.01822],[-103.24406,44.01896],[-103.24212,44.02161],[-103.23975,44.02345],[-103.22719,44.03021],[-103.225798,44.030797],[-103.22202,44.03128],[-103.20912,44.03123],[-103.20573,44.0324],[-103.2029,44.03532],[-103.199111,44.0375],[-103.195326,44.038274],[-103.191917,44.0383],[-103.191874,44.034799],[-103.185756,44.0348],[-103.186357,44.036289],[-103.186689,44.037314],[-103.191605,44.064195],[-103.1917,44.069402],[-103.186603,44.069401],[-103.186565,44.074397],[-103.187075,44.075268],[-103.188917,44.074511],[-103.1917,44.074723],[-103.19169,44.078367],[-103.18758,44.078371],[-103.186491,44.079207],[-103.18978,44.08093],[-103.19171,44.08136],[-103.19114,44.08769],[-103.18562,44.09083],[-103.18583,44.091],[-103.183861,44.092261],[-103.182713,44.093188],[-103.182014,44.093916],[-103.179776,44.097138],[-103.17763,44.09931],[-103.174813,44.099711],[-103.15753,44.0997],[-103.15115,44.10067],[-103.151333,44.104887],[-103.151297,44.116029],[-103.146223,44.116039],[-103.1462,44.114112],[-103.14127,44.114274],[-103.141466,44.125618],[-103.13112,44.125594],[-103.13111,44.107625],[-103.115971,44.115975],[-103.116087,44.125589],[-103.110917,44.12558],[-103.110893,44.128817],[-103.1109,44.130121],[-103.110838,44.133062],[-103.110768,44.14081],[-103.110748,44.145536],[-103.113532,44.147662],[-103.114415,44.146672],[-103.116191,44.146667],[-103.116119,44.147756],[-103.118681,44.152997],[-103.120986,44.155212],[-103.129139,44.161916],[-103.12674,44.163476],[-103.12878,44.165109],[-103.126453,44.163656],[-103.123461,44.165539],[-103.122217,44.165543],[-103.122132,44.168847],[-103.150106,44.168752],[-103.151276,44.227634],[-103.225601,44.227742],[-103.228396,44.228784],[-103.231666,44.229452],[-103.231642,44.213115],[-103.267354,44.213136],[-103.270488,44.21171]]]}},{"type":"Feature","properties":{"zcta5":"57787","AFFGEOID10":"8600000US57787","GEOID10":"57787","ALAND10":1521447231,"AWATER10":2376859,"county_name":"Meade","state_code":"SD","county_state":"Meade County, SD","county_fips":"46093","risk_level_county":"Medium Risk (70–79% vaccinated)","mean_vaccination_rate_county":73.15,"risk_level_zcta":"Lowest Risk (85%+)","mean_vaccination_rate_zips":93.96,"cases":16},"geometry":{"type":"Polygon","coordinates":[[[-102.964125,44.604287],[-102.963697,44.601021],[-102.965123,44.518029],[-102.88605,44.51792],[-102.722889,44.517261],[-102.722549,44.490875],[-102.722644,44.474852],[-102.724075,44.47268],[-102.723493,44.469474],[-102.72266,44.468296],[-102.722544,44.459392],[-102.721648,44.445759],[-102.719444,44.444991],[-102.682783,44.445],[-102.68261,44.546428],[-102.662383,44.54639],[-102.662277,44.532316],[-102.661432,44.531673],[-102.655167,44.529609],[-102.648208,44.524897],[-102.634277,44.516993],[-102.629149,44.517382],[-102.562704,44.517459],[-102.562873,44.575367],[-102.48177,44.575956],[-102.482759,44.579672],[-102.484344,44.582467],[-102.481791,44.582435],[-102.483,44.690433],[-102.348292,44.690068],[-102.348402,44.704447],[-102.288779,44.704423],[-102.288799,44.696515],[-102.288461,44.693901],[-102.286258,44.691422],[-102.284214,44.68974],[-102.281942,44.68762],[-102.2818,44.686617],[-102.281759,44.658551],[-102.272307,44.658569],[-102.27092,44.660309],[-102.268537,44.660401],[-102.265573,44.662027],[-102.222089,44.661917],[-102.222041,44.67587],[-102.221528,44.678558],[-102.222011,44.682054],[-102.222044,44.689117],[-102.220722,44.689859],[-102.198921,44.689897],[-102.198267,44.690057],[-102.197624,44.697504],[-102.197569,44.703026],[-102.19798,44.705804],[-102.197581,44.707185],[-102.197544,44.716641],[-102.196567,44.718854],[-102.196104,44.71968],[-102.19485,44.727121],[-102.195539,44.72915],[-102.197077,44.73119],[-102.196721,44.734369],[-102.195132,44.738214],[-102.19479,44.740096],[-102.196495,44.742465],[-102.197142,44.744709],[-102.195505,44.747959],[-102.198474,44.748883],[-102.200292,44.748414],[-102.201716,44.746833],[-102.202532,44.746876],[-102.204028,44.74842],[-102.202738,44.754173],[-102.204292,44.756529],[-102.202832,44.759729],[-102.20517,44.761465],[-102.205766,44.763582],[-102.205171,44.766363],[-102.205409,44.768723],[-102.207345,44.770282],[-102.210115,44.774],[-102.211893,44.775682],[-102.214937,44.777449],[-102.216354,44.781652],[-102.218483,44.782727],[-102.22152,44.78494],[-102.225431,44.786194],[-102.226646,44.787035],[-102.228326,44.791197],[-102.242705,44.791199],[-102.245313,44.791636],[-102.249211,44.79123],[-102.268485,44.791202],[-102.26853,44.820163],[-102.3505,44.820102],[-102.353605,44.820196],[-102.356091,44.820889],[-102.36163,44.820121],[-102.367306,44.820144],[-102.369712,44.821145],[-102.373025,44.820226],[-102.382382,44.819249],[-102.384361,44.819191],[-102.391137,44.821115],[-102.394199,44.820221],[-102.451413,44.820239],[-102.451377,44.790955],[-102.45249,44.787739],[-102.451485,44.785884],[-102.451494,44.784125],[-102.47224,44.784104],[-102.473495,44.784245],[-102.477262,44.786506],[-102.490439,44.792248],[-102.491471,44.793058],[-102.491614,44.797472],[-102.492903,44.798567],[-102.526374,44.798632],[-102.532021,44.799123],[-102.534573,44.795537],[-102.535256,44.790249],[-102.534751,44.789325],[-102.531968,44.786933],[-102.530192,44.783555],[-102.532148,44.780118],[-102.533274,44.777358],[-102.594283,44.777453],[-102.594993,44.819907],[-102.654311,44.819771],[-102.65223,44.84171],[-102.65455,44.892767],[-102.654516,44.8535],[-102.655042,44.852241],[-102.65887,44.845933],[-102.659394,44.84399],[-102.657609,44.839205],[-102.665892,44.819745],[-102.695942,44.819676],[-102.697867,44.820391],[-102.702363,44.819796],[-102.707682,44.819649],[-102.707501,44.820412],[-102.710841,44.819658],[-102.712575,44.821143],[-102.714084,44.820663],[-102.715337,44.819862],[-102.717488,44.820616],[-102.719853,44.819733],[-102.72526,44.820088],[-102.729096,44.819703],[-102.958684,44.819017],[-102.958752,44.748509],[-102.95865,44.690617],[-102.963646,44.690613],[-102.964125,44.604287]]]}},{"type":"Feature","properties":{"zcta5":"57769","AFFGEOID10":"8600000US57769","GEOID10":"57769","ALAND10":328255187,"AWATER10":534782,"county_name":"Meade","state_code":"SD","county_state":"Meade County, SD","county_fips":"46093","risk_level_county":"Medium Risk (70–79% vaccinated)","mean_vaccination_rate_county":73.15,"risk_level_zcta":"Medium Risk (70–79% vaccinated)","mean_vaccination_rate_zips":78.21,"cases":16},"geometry":{"type":"Polygon","coordinates":[[[-103.574302,44.281052],[-103.574396,44.256077],[-103.453016,44.256609],[-103.452877,44.232014],[-103.44987,44.230436],[-103.443846,44.22955],[-103.441907,44.228681],[-103.439649,44.225023],[-103.438028,44.223537],[-103.435993,44.220084],[-103.435834,44.218049],[-103.427887,44.215031],[-103.424359,44.213041],[-103.422167,44.210572],[-103.419656,44.21],[-103.416413,44.208193],[-103.413299,44.207255],[-103.411552,44.204922],[-103.408532,44.20595],[-103.408469,44.204007],[-103.404275,44.202725],[-103.40224,44.20293],[-103.40003,44.202053],[-103.398573,44.200567],[-103.396681,44.200981],[-103.396854,44.198604],[-103.39402,44.198557],[-103.392109,44.197882],[-103.391261,44.198172],[-103.387668,44.201893],[-103.385602,44.202773],[-103.384158,44.201878],[-103.382345,44.20192],[-103.380606,44.200558],[-103.378391,44.200853],[-103.37603,44.204965],[-103.373736,44.205637],[-103.373465,44.187161],[-103.372473,44.184736],[-103.365922,44.185198],[-103.363123,44.184564],[-103.358163,44.18542],[-103.356707,44.186124],[-103.353973,44.183496],[-103.345793,44.18337],[-103.345128,44.185104],[-103.343025,44.185888],[-103.339887,44.185807],[-103.340742,44.186924],[-103.342443,44.188444],[-103.347139,44.188581],[-103.350868,44.19146],[-103.352393,44.191477],[-103.352402,44.194268],[-103.352405,44.197037],[-103.357034,44.201394],[-103.352812,44.201799],[-103.355015,44.204101],[-103.351552,44.200711],[-103.351499,44.201018],[-103.347417,44.198347],[-103.340331,44.198525],[-103.343329,44.199928],[-103.349128,44.203447],[-103.35051,44.203065],[-103.352304,44.205068],[-103.354152,44.20545],[-103.356494,44.208215],[-103.35481,44.20895],[-103.351412,44.2057],[-103.342517,44.205575],[-103.341737,44.208937],[-103.309176,44.189591],[-103.30268,44.189398],[-103.301488,44.189377],[-103.302977,44.189882],[-103.303972,44.191478],[-103.303034,44.19326],[-103.30053,44.194205],[-103.299004,44.194021],[-103.297914,44.18933],[-103.294248,44.188639],[-103.292021,44.189035],[-103.292046,44.190792],[-103.289377,44.191171],[-103.285544,44.190695],[-103.282694,44.193661],[-103.287076,44.198984],[-103.292111,44.207794],[-103.289931,44.209931],[-103.29089,44.210787],[-103.29107,44.214593],[-103.289299,44.214973],[-103.288611,44.218626],[-103.270488,44.21171],[-103.267354,44.213136],[-103.231642,44.213115],[-103.231666,44.229452],[-103.228396,44.228784],[-103.225601,44.227742],[-103.151276,44.227634],[-103.150106,44.168752],[-103.122132,44.168847],[-103.12219,44.172861],[-103.120936,44.172878],[-103.12092,44.176497],[-103.090674,44.176431],[-103.090689,44.172789],[-103.078925,44.172778],[-103.075756,44.173002],[-103.075829,44.165462],[-103.070735,44.165436],[-103.070562,44.233998],[-103.075671,44.235535],[-103.075671,44.236724],[-103.077166,44.237158],[-103.078788,44.236152],[-103.079297,44.238804],[-103.081937,44.239558],[-103.082382,44.238369],[-103.084703,44.238095],[-103.08499,44.239809],[-103.086358,44.241066],[-103.089537,44.239717],[-103.090651,44.242094],[-103.093481,44.241957],[-103.092496,44.244106],[-103.09609,44.243853],[-103.096313,44.245316],[-103.097458,44.245156],[-103.097332,44.247945],[-103.100234,44.252326],[-103.098422,44.253927],[-103.098867,44.254933],[-103.100999,44.255046],[-103.102208,44.256349],[-103.103766,44.255891],[-103.104118,44.257583],[-103.10574,44.258405],[-103.107267,44.258016],[-103.107555,44.259456],[-103.110101,44.260324],[-103.109658,44.263891],[-103.11109,44.26373],[-103.110646,44.265788],[-103.112556,44.266839],[-103.110712,44.269217],[-103.113004,44.269902],[-103.113416,44.268804],[-103.115135,44.269169],[-103.115549,44.270244],[-103.117841,44.271454],[-103.119654,44.270219],[-103.121534,44.273442],[-103.120707,44.274105],[-103.123825,44.27392],[-103.127787,44.275267],[-103.128325,44.278057],[-103.126733,44.278833],[-103.126637,44.279999],[-103.128228,44.280046],[-103.128768,44.281098],[-103.134565,44.278922],[-103.138211,44.281907],[-103.138805,44.280831],[-103.141232,44.282655],[-103.141662,44.28439],[-103.139859,44.286167],[-103.141081,44.287375],[-103.14106,44.289199],[-103.143398,44.287869],[-103.145094,44.289283],[-103.147053,44.288959],[-103.149297,44.289689],[-103.151067,44.289252],[-103.152557,44.291489],[-103.151534,44.285842],[-103.210923,44.286068],[-103.211476,44.288917],[-103.217344,44.291857],[-103.218551,44.291766],[-103.221349,44.293935],[-103.227301,44.293567],[-103.2266,44.292401],[-103.229974,44.292446],[-103.230931,44.294618],[-103.23265,44.294503],[-103.232621,44.298458],[-103.235302,44.300019],[-103.237012,44.299543],[-103.238327,44.300521],[-103.276975,44.300498],[-103.277111,44.288207],[-103.276412,44.286706],[-103.272403,44.285812],[-103.345882,44.285812],[-103.349692,44.285954],[-103.349693,44.2868],[-103.352497,44.287573],[-103.352507,44.300393],[-103.367714,44.300247],[-103.375162,44.29948],[-103.381429,44.300212],[-103.389244,44.302101],[-103.395877,44.302789],[-103.397991,44.303777],[-103.401228,44.304146],[-103.405552,44.303572],[-103.410814,44.301903],[-103.412731,44.301786],[-103.413848,44.300217],[-103.428368,44.300136],[-103.432095,44.315911],[-103.433059,44.319019],[-103.43561,44.322906],[-103.436741,44.318543],[-103.436578,44.316218],[-103.433889,44.29991],[-103.492118,44.299641],[-103.487345,44.297479],[-103.487834,44.288169],[-103.486436,44.288615],[-103.485497,44.291007],[-103.481487,44.288264],[-103.480785,44.286166],[-103.479212,44.285087],[-103.474446,44.283584],[-103.480469,44.284788],[-103.483873,44.282317],[-103.485064,44.280624],[-103.487019,44.279297],[-103.49334,44.278607],[-103.493323,44.285206],[-103.515262,44.285425],[-103.515118,44.292142],[-103.516238,44.293675],[-103.518657,44.294476],[-103.52305,44.294364],[-103.524671,44.297817],[-103.521455,44.298067],[-103.521677,44.29985],[-103.525084,44.299234],[-103.527058,44.299624],[-103.52658,44.301224],[-103.532499,44.305341],[-103.534823,44.306485],[-103.537847,44.306326],[-103.540109,44.304291],[-103.545075,44.306213],[-103.547709,44.305963],[-103.549142,44.306463],[-103.549655,44.304498],[-103.552666,44.301417],[-103.555706,44.299412],[-103.557289,44.295552],[-103.559049,44.294417],[-103.565103,44.297869],[-103.565357,44.299127],[-103.569019,44.301527],[-103.573221,44.300704],[-103.574305,44.298453],[-103.574302,44.281052]]]}},{"type":"Feature","properties":{"zcta5":"57718","AFFGEOID10":"8600000US57718","GEOID10":"57718","ALAND10":58622280,"AWATER10":3775,"county_name":"Meade","state_code":"SD","county_state":"Meade County, SD","county_fips":"46093","risk_level_county":"Medium Risk (70–79% vaccinated)","mean_vaccination_rate_county":73.15,"risk_level_zcta":"Medium Risk (70–79% vaccinated)","mean_vaccination_rate_zips":75.21,"cases":16},"geometry":{"type":"Polygon","coordinates":[[[-103.452877,44.232014],[-103.452436,44.198341],[-103.452543,44.183423],[-103.416383,44.183475],[-103.415471,44.183545],[-103.39111,44.183516],[-103.391659,44.1695],[-103.393798,44.169477],[-103.376914,44.158703],[-103.371869,44.146511],[-103.359908,44.140883],[-103.311677,44.140843],[-103.311537,44.140188],[-103.30342,44.1402],[-103.299061,44.140238],[-103.298149,44.14085],[-103.295767,44.140879],[-103.302892,44.152953],[-103.307743,44.152076],[-103.309296,44.152974],[-103.310101,44.154721],[-103.312997,44.160593],[-103.311996,44.16225],[-103.312311,44.162664],[-103.306414,44.159204],[-103.305129,44.157771],[-103.303428,44.154709],[-103.303097,44.154722],[-103.298149,44.154735],[-103.297726,44.155962],[-103.29006,44.171865],[-103.292006,44.183286],[-103.297914,44.187284],[-103.297914,44.18933],[-103.299004,44.194021],[-103.30053,44.194205],[-103.303034,44.19326],[-103.303972,44.191478],[-103.302977,44.189882],[-103.301488,44.189377],[-103.30268,44.189398],[-103.309176,44.189591],[-103.341737,44.208937],[-103.342517,44.205575],[-103.351412,44.2057],[-103.35481,44.20895],[-103.356494,44.208215],[-103.354152,44.20545],[-103.352304,44.205068],[-103.35051,44.203065],[-103.349128,44.203447],[-103.343329,44.199928],[-103.340331,44.198525],[-103.347417,44.198347],[-103.351499,44.201018],[-103.351552,44.200711],[-103.355015,44.204101],[-103.352812,44.201799],[-103.357034,44.201394],[-103.352405,44.197037],[-103.352402,44.194268],[-103.352393,44.191477],[-103.350868,44.19146],[-103.347139,44.188581],[-103.342443,44.188444],[-103.340742,44.186924],[-103.339887,44.185807],[-103.343025,44.185888],[-103.345128,44.185104],[-103.345793,44.18337],[-103.353973,44.183496],[-103.356707,44.186124],[-103.358163,44.18542],[-103.363123,44.184564],[-103.365922,44.185198],[-103.372473,44.184736],[-103.373465,44.187161],[-103.373736,44.205637],[-103.37603,44.204965],[-103.378391,44.200853],[-103.380606,44.200558],[-103.382345,44.20192],[-103.384158,44.201878],[-103.385602,44.202773],[-103.387668,44.201893],[-103.391261,44.198172],[-103.392109,44.197882],[-103.39402,44.198557],[-103.396854,44.198604],[-103.396681,44.200981],[-103.398573,44.200567],[-103.40003,44.202053],[-103.40224,44.20293],[-103.404275,44.202725],[-103.408469,44.204007],[-103.408532,44.20595],[-103.411552,44.204922],[-103.413299,44.207255],[-103.416413,44.208193],[-103.419656,44.21],[-103.422167,44.210572],[-103.424359,44.213041],[-103.427887,44.215031],[-103.435834,44.218049],[-103.435993,44.220084],[-103.438028,44.223537],[-103.439649,44.225023],[-103.441907,44.228681],[-103.443846,44.22955],[-103.44987,44.230436],[-103.452877,44.232014]]]}},{"type":"Feature","properties":{"zcta5":"57792","AFFGEOID10":"8600000US57792","GEOID10":"57792","ALAND10":633682511,"AWATER10":802462,"county_name":"Meade","state_code":"SD","county_state":"Meade County, SD","county_fips":"46093","risk_level_county":"Medium Risk (70–79% vaccinated)","mean_vaccination_rate_county":73.15,"risk_level_zcta":"Lowest Risk (85%+)","mean_vaccination_rate_zips":95.12,"cases":16},"geometry":{"type":"Polygon","coordinates":[[[-102.562704,44.517459],[-102.562342,44.395988],[-102.562101,44.394592],[-102.561346,44.393293],[-102.556972,44.389508],[-102.556629,44.388358],[-102.559093,44.385863],[-102.559868,44.382211],[-102.560643,44.381201],[-102.563997,44.379314],[-102.562626,44.377494],[-102.559449,44.375288],[-102.558771,44.374319],[-102.55932,44.371904],[-102.560339,44.371611],[-102.565521,44.372343],[-102.565268,44.370652],[-102.56342,44.370903],[-102.561827,44.370378],[-102.559755,44.36752],[-102.558226,44.363863],[-102.556888,44.362674],[-102.553192,44.362514],[-102.551472,44.363359],[-102.551184,44.364754],[-102.552617,44.368685],[-102.550801,44.369919],[-102.547455,44.369759],[-102.545257,44.369073],[-102.541498,44.365918],[-102.539746,44.365506],[-102.536431,44.367516],[-102.534327,44.369778],[-102.533816,44.37163],[-102.536109,44.373985],[-102.538167,44.374986],[-102.537994,44.376564],[-102.536751,44.377021],[-102.532289,44.377157],[-102.527924,44.375556],[-102.526422,44.374439],[-102.524512,44.371581],[-102.524067,44.369981],[-102.52257,44.36918],[-102.514734,44.366],[-102.512727,44.365839],[-102.509859,44.366751],[-102.507308,44.368762],[-102.505967,44.370978],[-102.50466,44.372097],[-102.502686,44.375774],[-102.501091,44.376801],[-102.499672,44.376964],[-102.492883,44.375472],[-102.485927,44.372356],[-102.48137,44.37238],[-102.47554,44.37373],[-102.474234,44.374302],[-102.473667,44.375513],[-102.476187,44.37958],[-102.476284,44.381112],[-102.474978,44.382849],[-102.473193,44.383215],[-102.47074,44.383285],[-102.466405,44.382372],[-102.462803,44.380795],[-102.460572,44.380933],[-102.458405,44.381733],[-102.455155,44.382214],[-102.45133,44.38114],[-102.449513,44.379403],[-102.448588,44.377118],[-102.446707,44.375678],[-102.444158,44.375907],[-102.439697,44.379427],[-102.437243,44.380638],[-102.433037,44.380661],[-102.430615,44.379518],[-102.429054,44.376821],[-102.429112,44.374168],[-102.42771,44.373048],[-102.425479,44.374259],[-102.42268,44.378008],[-102.42064,44.380042],[-102.42048,44.382099],[-102.422423,44.384614],[-102.426917,44.385574],[-102.428255,44.386763],[-102.427777,44.389368],[-102.425577,44.390282],[-102.422358,44.390922],[-102.419521,44.390853],[-102.416111,44.389732],[-102.412511,44.386806],[-102.410886,44.384566],[-102.409898,44.384886],[-102.407602,44.387902],[-102.406708,44.390416],[-102.404986,44.391444],[-102.402468,44.391329],[-102.400651,44.390437],[-102.396701,44.387601],[-102.393672,44.389657],[-102.392937,44.392125],[-102.392011,44.393313],[-102.391563,44.395484],[-102.391656,44.399027],[-102.388816,44.402203],[-102.387402,44.403152],[-102.384543,44.403595],[-102.38024,44.402816],[-102.379189,44.402084],[-102.379894,44.398176],[-102.377154,44.397283],[-102.376768,44.399637],[-102.377366,44.407225],[-102.377236,44.409876],[-102.376245,44.412048],[-102.374449,44.41324],[-102.370815,44.414247],[-102.367435,44.41466],[-102.365396,44.416055],[-102.364504,44.417633],[-102.364601,44.418958],[-102.366994,44.420969],[-102.371683,44.421858],[-102.373949,44.423594],[-102.373854,44.424416],[-102.371688,44.427092],[-102.368915,44.428784],[-102.36659,44.432716],[-102.365124,44.434157],[-102.361119,44.435145],[-102.36048,44.468545],[-102.341155,44.468254],[-102.340894,44.517566],[-102.241042,44.51797],[-102.241011,44.589601],[-102.24099,44.604153],[-102.281568,44.604263],[-102.281759,44.658551],[-102.2818,44.686617],[-102.281942,44.68762],[-102.284214,44.68974],[-102.286258,44.691422],[-102.288461,44.693901],[-102.288799,44.696515],[-102.288779,44.704423],[-102.348402,44.704447],[-102.348292,44.690068],[-102.483,44.690433],[-102.481791,44.582435],[-102.484344,44.582467],[-102.482759,44.579672],[-102.48177,44.575956],[-102.562873,44.575367],[-102.562704,44.517459]]]}},{"type":"Feature","properties":{"zcta5":"57719","AFFGEOID10":"8600000US57719","GEOID10":"57719","ALAND10":428221560,"AWATER10":3560418,"county_name":"Meade","state_code":"SD","county_state":"Meade County, SD","county_fips":"46093","risk_level_county":"Medium Risk (70–79% vaccinated)","mean_vaccination_rate_county":73.15,"risk_level_zcta":"Lower Risk (80–84% vaccinated)","mean_vaccination_rate_zips":80.17,"cases":16},"geometry":{"type":"Polygon","coordinates":[[[-103.13111,44.107625],[-103.144853,44.099222],[-103.141207,44.099155],[-103.141235,44.092403],[-103.13078,44.092486],[-103.130845,44.099921],[-103.120613,44.099927],[-103.120632,44.111509],[-103.12016,44.110415],[-103.11815,44.111442],[-103.11803,44.113467],[-103.117101,44.113413],[-103.116001,44.111052],[-103.11597,44.103989],[-103.111122,44.103949],[-103.111256,44.099855],[-103.111025,44.082052],[-103.090811,44.081955],[-103.091369,44.084229],[-103.090734,44.08555],[-103.086776,44.089306],[-103.089337,44.09096],[-103.090842,44.093592],[-103.09083,44.096325],[-103.088411,44.096598],[-103.070856,44.097231],[-103.065608,44.097209],[-103.029961,44.097066],[-103.026598,44.096585],[-103.023745,44.094915],[-103.021492,44.091949],[-103.019137,44.090416],[-103.017587,44.087266],[-103.014671,44.084578],[-103.012675,44.0834],[-103.012148,44.082076],[-103.01035,44.08078],[-103.010218,44.082008],[-102.96977,44.082044],[-102.964523,44.082044],[-102.949762,44.074603],[-102.910254,44.074851],[-102.910436,44.08497],[-102.92974,44.091202],[-102.929785,44.099207],[-102.897743,44.094536],[-102.894567,44.094214],[-102.895987,44.095723],[-102.893436,44.096562],[-102.896245,44.096908],[-102.897758,44.098884],[-102.896681,44.099296],[-102.896166,44.102112],[-102.896728,44.103875],[-102.889686,44.103584],[-102.889682,44.104221],[-102.89418,44.10436],[-102.89788,44.10499],[-102.90252,44.1065],[-102.91259,44.1108],[-102.91588,44.11198],[-102.929782,44.116142],[-102.929918,44.125422],[-102.919098,44.125411],[-102.919099,44.132278],[-102.929824,44.132282],[-102.929762,44.140572],[-102.969919,44.140627],[-102.969646,44.151562],[-102.969612,44.241947],[-102.82948,44.241062],[-102.828914,44.326115],[-102.829921,44.329127],[-102.83459,44.336009],[-102.835434,44.337906],[-102.835101,44.340893],[-102.835845,44.343842],[-102.837517,44.346147],[-102.837716,44.350091],[-102.834366,44.350752],[-102.831325,44.349721],[-102.827903,44.346381],[-102.825242,44.345008],[-102.822981,44.344597],[-102.819604,44.345351],[-102.814794,44.348003],[-102.813106,44.348231],[-102.809188,44.347065],[-102.806513,44.344688],[-102.805334,44.342859],[-102.802595,44.341716],[-102.80148,44.342676],[-102.80011,44.345739],[-102.800778,44.347544],[-102.803039,44.350105],[-102.803071,44.351614],[-102.801764,44.353465],[-102.801158,44.355888],[-102.799405,44.357671],[-102.796856,44.358996],[-102.793734,44.35895],[-102.789497,44.357303],[-102.786249,44.354628],[-102.782968,44.353118],[-102.779941,44.352317],[-102.777808,44.351082],[-102.777235,44.34955],[-102.779435,44.346991],[-102.781315,44.345574],[-102.781571,44.343837],[-102.778769,44.341642],[-102.775967,44.341161],[-102.768895,44.342667],[-102.764628,44.341339],[-102.762907,44.341795],[-102.761186,44.343509],[-102.760607,44.349132],[-102.759172,44.350891],[-102.757674,44.351439],[-102.754076,44.349951],[-102.752325,44.348533],[-102.751946,44.345881],[-102.750113,44.343072],[-102.749033,44.340375],[-102.748109,44.339507],[-102.745146,44.338388],[-102.741706,44.338321],[-102.737566,44.338666],[-102.733808,44.33949],[-102.72725,44.343676],[-102.724766,44.344248],[-102.722026,44.344294],[-102.719861,44.34482],[-102.717251,44.348707],[-102.716423,44.349256],[-102.711294,44.348137],[-102.708586,44.346514],[-102.706228,44.34608],[-102.701377,44.347836],[-102.701992,44.348481],[-102.706165,44.346789],[-102.707917,44.346994],[-102.713174,44.349828],[-102.716678,44.350033],[-102.718206,44.349118],[-102.720307,44.345575],[-102.720976,44.345209],[-102.724989,44.345116],[-102.729607,44.343195],[-102.731835,44.341342],[-102.734382,44.340267],[-102.739446,44.339191],[-102.743618,44.339052],[-102.745911,44.339485],[-102.747887,44.340421],[-102.748527,44.342227],[-102.750937,44.346612],[-102.751783,44.349196],[-102.753884,44.350797],[-102.757355,44.35201],[-102.760159,44.351029],[-102.761722,44.349224],[-102.762142,44.343326],[-102.763098,44.342367],[-102.764341,44.342047],[-102.76813,44.343169],[-102.772271,44.342828],[-102.773705,44.342303],[-102.777622,44.342258],[-102.779692,44.343036],[-102.780711,44.344271],[-102.780551,44.34498],[-102.776503,44.348659],[-102.776406,44.350442],[-102.77717,44.351493],[-102.779304,44.352774],[-102.783796,44.354147],[-102.786248,44.355451],[-102.789019,44.35808],[-102.793001,44.359453],[-102.795358,44.359613],[-102.798131,44.359225],[-102.800922,44.357717],[-102.803369,44.352938],[-102.803893,44.350537],[-102.803469,44.349233],[-102.801766,44.347519],[-102.801018,44.345552],[-102.802179,44.343288],[-102.803192,44.342717],[-102.804551,44.343517],[-102.805745,44.345482],[-102.808811,44.347699],[-102.813625,44.349093],[-102.816885,44.347629],[-102.819414,44.345891],[-102.82198,44.345273],[-102.825464,44.346027],[-102.827521,44.347031],[-102.830584,44.350207],[-102.832357,44.351167],[-102.834257,44.35135],[-102.837717,44.350858],[-102.843566,44.350413],[-102.845027,44.349636],[-102.846064,44.345798],[-102.847018,44.344542],[-102.84857,44.344291],[-102.851814,44.345664],[-102.85834,44.345549],[-102.861428,44.343835],[-102.862351,44.341799],[-102.862508,44.33981],[-102.864513,44.337066],[-102.866487,44.336699],[-102.868558,44.337247],[-102.870089,44.339716],[-102.872926,44.341909],[-102.873599,44.345041],[-102.868248,44.346689],[-102.867484,44.347764],[-102.86825,44.349501],[-102.870864,44.350071],[-102.87758,44.349267],[-102.879204,44.349497],[-102.880961,44.352141],[-102.883421,44.353754],[-102.886172,44.354384],[-102.889242,44.354123],[-102.891674,44.352765],[-102.890754,44.349672],[-102.891851,44.347878],[-102.893525,44.346676],[-102.898839,44.346492],[-102.900477,44.34792],[-102.901412,44.349714],[-102.904439,44.35204],[-102.908425,44.352514],[-102.912192,44.352027],[-102.913436,44.350627],[-102.913653,44.345752],[-102.916913,44.343804],[-102.920508,44.342947],[-102.921624,44.344194],[-102.92026,44.346642],[-102.920446,44.348779],[-102.922493,44.35134],[-102.926029,44.352876],[-102.930216,44.353232],[-102.931271,44.353699],[-102.933225,44.356059],[-102.935272,44.357239],[-102.938373,44.357907],[-102.944391,44.357061],[-102.949043,44.35755],[-102.951462,44.358797],[-102.951121,44.361268],[-102.946096,44.36247],[-102.943863,44.363672],[-102.941537,44.36572],[-102.942592,44.369015],[-102.942468,44.370774],[-102.940917,44.373289],[-102.942126,44.376161],[-102.943367,44.37674],[-102.945352,44.376361],[-102.948702,44.374313],[-102.956208,44.370996],[-102.961078,44.369794],[-102.96452,44.369972],[-102.965735,44.37115],[-102.966971,44.373512],[-102.968283,44.374864],[-102.96887,44.345875],[-102.969203,44.343673],[-103.090604,44.342906],[-103.090229,44.256256],[-103.070509,44.256434],[-103.070562,44.233998],[-103.070735,44.165436],[-103.065684,44.165431],[-103.06575,44.154566],[-103.065376,44.154569],[-103.06569,44.151095],[-103.060655,44.151121],[-103.06066,44.143006],[-103.064337,44.142999],[-103.066047,44.143184],[-103.068544,44.143004],[-103.068563,44.140762],[-103.070776,44.14076],[-103.070812,44.134456],[-103.072601,44.131778],[-103.075378,44.132937],[-103.080248,44.136768],[-103.080434,44.14075],[-103.103909,44.140812],[-103.110768,44.14081],[-103.110838,44.133062],[-103.1109,44.130121],[-103.110893,44.128817],[-103.110917,44.12558],[-103.116087,44.125589],[-103.115971,44.115975],[-103.13111,44.107625]],[[-103.139592,44.099458],[-103.139014,44.099435],[-103.136409,44.098446],[-103.137351,44.097946],[-103.139602,44.098653],[-103.139592,44.099458]]]}}]}