{"type":"FeatureCollection","features":[{"type":"Feature","properties":{"zcta5":"02461","AFFGEOID10":"8600000US02461","GEOID10":"02461","ALAND10":3768931,"AWATER10":41434,"county_name":"Middlesex","state_code":"MA","county_state":"Middlesex County, MA","county_fips":"25017","risk_level_county":"Lower Risk (80–84% vaccinated)","mean_vaccination_rate_county":82.72,"risk_level_zcta":"Lowest Risk (85%+)","mean_vaccination_rate_zips":87.28,"cases":2},"geometry":{"type":"Polygon","coordinates":[[[-71.222754,42.317517],[-71.225777,42.317066],[-71.217717,42.318071],[-71.215904,42.315903],[-71.215495,42.314533],[-71.21195,42.318883],[-71.207903,42.319435],[-71.208569,42.319308],[-71.216384,42.311672],[-71.213706,42.311745],[-71.211583,42.311016],[-71.212698,42.306431],[-71.216071,42.307571],[-71.216976,42.306607],[-71.213183,42.306224],[-71.211082,42.302721],[-71.211565,42.29973],[-71.207881,42.297157],[-71.204419,42.297269],[-71.202564,42.298145],[-71.203982,42.300334],[-71.204912,42.300484],[-71.205714,42.306491],[-71.203469,42.307042],[-71.204793,42.308093],[-71.203796,42.310294],[-71.201987,42.309642],[-71.200185,42.311106],[-71.199796,42.312553],[-71.1982,42.314387],[-71.195547,42.316211],[-71.197568,42.316756],[-71.197282,42.318278],[-71.198764,42.319103],[-71.197993,42.3192],[-71.200655,42.321629],[-71.20233,42.322133],[-71.199704,42.324852],[-71.202073,42.324578],[-71.203507,42.325914],[-71.203343,42.327004],[-71.205773,42.327851],[-71.206178,42.330644],[-71.207015,42.330824],[-71.207795,42.333715],[-71.209318,42.334315],[-71.210016,42.332915],[-71.212693,42.332937],[-71.214768,42.332171],[-71.21408,42.331064],[-71.21065,42.330646],[-71.211087,42.329386],[-71.217245,42.328825],[-71.218269,42.325914],[-71.215588,42.325253],[-71.215265,42.32319],[-71.21714,42.323734],[-71.217919,42.322106],[-71.220105,42.322889],[-71.222121,42.321534],[-71.220291,42.320068],[-71.21955,42.319824],[-71.219585,42.318761],[-71.217155,42.318746],[-71.217081,42.318238],[-71.222754,42.317517]],[[-71.212142,42.311835],[-71.212945,42.312141],[-71.212024,42.313314],[-71.211436,42.314078],[-71.210584,42.313838],[-71.212142,42.311835]]]}},{"type":"Feature","properties":{"zcta5":"02141","AFFGEOID10":"8600000US02141","GEOID10":"02141","ALAND10":1667393,"AWATER10":26516,"county_name":"Middlesex","state_code":"MA","county_state":"Middlesex County, MA","county_fips":"25017","risk_level_county":"Lower Risk (80–84% vaccinated)","mean_vaccination_rate_county":82.72,"risk_level_zcta":"Medium Risk (70–79% vaccinated)","mean_vaccination_rate_zips":79.79,"cases":2},"geometry":{"type":"Polygon","coordinates":[[[-71.094749,42.374292],[-71.096875,42.370475],[-71.091803,42.366315],[-71.090973,42.367752],[-71.089181,42.367065],[-71.090785,42.362746],[-71.088207,42.362608],[-71.086769,42.364591],[-71.083472,42.363851],[-71.084794,42.364392],[-71.085115,42.366028],[-71.088136,42.366549],[-71.088033,42.367191],[-71.085727,42.367583],[-71.081651,42.367066],[-71.07673,42.365746],[-71.073113,42.369131],[-71.070644,42.367949],[-71.069478,42.369046],[-71.064059,42.369001],[-71.067115,42.371816],[-71.072466,42.372658],[-71.072689,42.373222],[-71.073857,42.372602],[-71.076003,42.37403],[-71.079097,42.374183],[-71.086088,42.373059],[-71.089783,42.373948],[-71.094749,42.374292]]]}},{"type":"Feature","properties":{"zcta5":"02139","AFFGEOID10":"8600000US02139","GEOID10":"02139","ALAND10":4034615,"AWATER10":347794,"county_name":"Middlesex","state_code":"MA","county_state":"Middlesex County, MA","county_fips":"25017","risk_level_county":"Lower Risk (80–84% vaccinated)","mean_vaccination_rate_county":82.72,"risk_level_zcta":"Medium Risk (70–79% vaccinated)","mean_vaccination_rate_zips":79.45,"cases":2},"geometry":{"type":"Polygon","coordinates":[[[-71.116921,42.364246],[-71.116597,42.359185],[-71.117099,42.355594],[-71.111001,42.352597],[-71.110591,42.352585],[-71.108798,42.352397],[-71.099196,42.352797],[-71.091235,42.354338],[-71.092581,42.357097],[-71.087159,42.359243],[-71.088207,42.362608],[-71.090785,42.362746],[-71.089181,42.367065],[-71.090973,42.367752],[-71.091803,42.366315],[-71.096875,42.370475],[-71.094749,42.374292],[-71.097463,42.374431],[-71.103172,42.374297],[-71.105427,42.376332],[-71.105899,42.374389],[-71.107061,42.374526],[-71.110734,42.369176],[-71.110746,42.368306],[-71.114649,42.369367],[-71.11351,42.368726],[-71.113811,42.36512],[-71.115979,42.365239],[-71.116921,42.364246]]]}},{"type":"Feature","properties":{"zcta5":"02180","AFFGEOID10":"8600000US02180","GEOID10":"02180","ALAND10":15578795,"AWATER10":1632658,"county_name":"Middlesex","state_code":"MA","county_state":"Middlesex County, MA","county_fips":"25017","risk_level_county":"Lower Risk (80–84% vaccinated)","mean_vaccination_rate_county":82.72,"risk_level_zcta":"Lower Risk (80–84% vaccinated)","mean_vaccination_rate_zips":83.1,"cases":2},"geometry":{"type":"Polygon","coordinates":[[[-71.11976,42.500292],[-71.121496,42.498538],[-71.116795,42.494639],[-71.112116,42.473818],[-71.109521,42.473895],[-71.119402,42.453445],[-71.104722,42.448847],[-71.085639,42.444688],[-71.082116,42.44394],[-71.079189,42.461648],[-71.078152,42.47402],[-71.077707,42.477391],[-71.07524,42.488008],[-71.085502,42.492258],[-71.090115,42.501261],[-71.100727,42.502242],[-71.11976,42.500292]]]}},{"type":"Feature","properties":{"zcta5":"01719","AFFGEOID10":"8600000US01719","GEOID10":"01719","ALAND10":26638827,"AWATER10":317226,"county_name":"Middlesex","state_code":"MA","county_state":"Middlesex County, MA","county_fips":"25017","risk_level_county":"Lower Risk (80–84% vaccinated)","mean_vaccination_rate_county":82.72,"risk_level_zcta":"Medium Risk (70–79% vaccinated)","mean_vaccination_rate_zips":78.52,"cases":2},"geometry":{"type":"Polygon","coordinates":[[[-71.529841,42.519841],[-71.532718,42.51465],[-71.534855,42.51333],[-71.547202,42.494468],[-71.550691,42.489141],[-71.560367,42.47435],[-71.560258,42.474296],[-71.556698,42.472642],[-71.556238,42.472137],[-71.543394,42.466452],[-71.511133,42.464535],[-71.498546,42.463775],[-71.473813,42.499764],[-71.473528,42.500177],[-71.500053,42.509266],[-71.50281,42.506869],[-71.509084,42.510043],[-71.51144,42.508857],[-71.51482,42.511524],[-71.516558,42.513906],[-71.517807,42.515616],[-71.529841,42.519841]]]}},{"type":"Feature","properties":{"zcta5":"01431","AFFGEOID10":"8600000US01431","GEOID10":"01431","ALAND10":61290098,"AWATER10":1000254,"county_name":"Middlesex","state_code":"MA","county_state":"Middlesex County, MA","county_fips":"25017","risk_level_county":"Lower Risk (80–84% vaccinated)","mean_vaccination_rate_county":82.72,"risk_level_zcta":"Higher Risk (60–69% vaccinated)","mean_vaccination_rate_zips":68.79,"cases":2},"geometry":{"type":"Polygon","coordinates":[[[-71.89877002948,42.7114218822193],[-71.897103,42.703728],[-71.869778,42.683647],[-71.865751,42.684111],[-71.864076,42.679557],[-71.857757,42.674982],[-71.856393,42.667643],[-71.858483,42.633815],[-71.844843,42.637985],[-71.775325,42.636663],[-71.775755,42.64423],[-71.774363,42.672228],[-71.774241,42.674545],[-71.774142,42.676474],[-71.7725568791756,42.70800987715601],[-71.80539006840151,42.7088974788648],[-71.89877002948,42.7114218822193]]]}},{"type":"Feature","properties":{"zcta5":"02462","AFFGEOID10":"8600000US02462","GEOID10":"02462","ALAND10":1367330,"AWATER10":58332,"county_name":"Middlesex","state_code":"MA","county_state":"Middlesex County, MA","county_fips":"25017","risk_level_county":"Lower Risk (80–84% vaccinated)","mean_vaccination_rate_county":82.72,"risk_level_zcta":"Lower Risk (80–84% vaccinated)","mean_vaccination_rate_zips":82.45,"cases":2},"geometry":{"type":"MultiPolygon","coordinates":[[[[-71.248785,42.329902],[-71.247244,42.329902],[-71.243589,42.328749],[-71.240946,42.330931],[-71.23519,42.328112],[-71.235714,42.32677],[-71.23184,42.325676],[-71.231194,42.326252],[-71.233321,42.327832],[-71.238108,42.330313],[-71.244888,42.3337],[-71.246877,42.332126],[-71.248785,42.329902]]],[[[-71.258581,42.336834],[-71.259204,42.335419],[-71.26122,42.334605],[-71.263852,42.334721],[-71.26513,42.33183],[-71.267819,42.330575],[-71.269767,42.331181],[-71.269958,42.328086],[-71.265687,42.327242],[-71.263092,42.326052],[-71.259118,42.326442],[-71.258187,42.324685],[-71.256336,42.32462],[-71.252808,42.32671],[-71.249171,42.323568],[-71.252009,42.328213],[-71.250444,42.32927],[-71.251064,42.329106],[-71.252458,42.329381],[-71.258581,42.336834]]]]}},{"type":"Feature","properties":{"zcta5":"01760","AFFGEOID10":"8600000US01760","GEOID10":"01760","ALAND10":38376081,"AWATER10":2588209,"county_name":"Middlesex","state_code":"MA","county_state":"Middlesex County, MA","county_fips":"25017","risk_level_county":"Lower Risk (80–84% vaccinated)","mean_vaccination_rate_county":82.72,"risk_level_zcta":"Lower Risk (80–84% vaccinated)","mean_vaccination_rate_zips":82.35,"cases":2},"geometry":{"type":"Polygon","coordinates":[[[-71.393183,42.298773],[-71.402528,42.29333],[-71.400861,42.286417],[-71.398489,42.285575],[-71.400059,42.283119],[-71.3995,42.280783],[-71.397218,42.279006],[-71.395861,42.272908],[-71.390365,42.271916],[-71.380566,42.270152],[-71.377416,42.269596],[-71.356607,42.263035],[-71.357109,42.261594],[-71.356561,42.260398],[-71.352592,42.256323],[-71.351686,42.255819],[-71.350829,42.255896],[-71.349209,42.255098],[-71.341777,42.253537],[-71.342459,42.250455],[-71.332434,42.247729],[-71.332253,42.249072],[-71.317878,42.248685],[-71.314474,42.248598],[-71.302922,42.248274],[-71.305764,42.259805],[-71.30649,42.262761],[-71.30846,42.270709],[-71.323662,42.297415],[-71.32975,42.312991],[-71.327327,42.313746],[-71.327444,42.321114],[-71.328438,42.329119],[-71.333246,42.326637],[-71.339334,42.322142],[-71.33903,42.322617],[-71.345998,42.314804],[-71.355199,42.31717],[-71.35991,42.317149],[-71.364891,42.315346],[-71.368753,42.312837],[-71.370224,42.310576],[-71.373395,42.309855],[-71.377687,42.314669],[-71.387522,42.302069],[-71.393183,42.298773]]]}},{"type":"Feature","properties":{"zcta5":"01886","AFFGEOID10":"8600000US01886","GEOID10":"01886","ALAND10":78331445,"AWATER10":2900091,"county_name":"Middlesex","state_code":"MA","county_state":"Middlesex County, MA","county_fips":"25017","risk_level_county":"Lower Risk (80–84% vaccinated)","mean_vaccination_rate_county":82.72,"risk_level_zcta":"Lower Risk (80–84% vaccinated)","mean_vaccination_rate_zips":82.15,"cases":2},"geometry":{"type":"Polygon","coordinates":[[[-71.493528,42.617404],[-71.494579,42.606419],[-71.494798,42.604369],[-71.498006,42.576862],[-71.492103,42.57544],[-71.483765,42.573788],[-71.48002,42.558094],[-71.428535,42.528804],[-71.423794,42.526189],[-71.399515,42.534015],[-71.38474,42.538699],[-71.388359,42.549949],[-71.396942,42.580355],[-71.398419,42.584723],[-71.400228,42.591079],[-71.401978,42.599805],[-71.405401,42.610393],[-71.417642,42.653774],[-71.479309,42.624241],[-71.493528,42.617404]]]}},{"type":"Feature","properties":{"zcta5":"01701","AFFGEOID10":"8600000US01701","GEOID10":"01701","ALAND10":43944781,"AWATER10":1817823,"county_name":"Middlesex","state_code":"MA","county_state":"Middlesex County, MA","county_fips":"25017","risk_level_county":"Lower Risk (80–84% vaccinated)","mean_vaccination_rate_county":82.72,"risk_level_zcta":"Lower Risk (80–84% vaccinated)","mean_vaccination_rate_zips":83.27,"cases":2},"geometry":{"type":"Polygon","coordinates":[[[-71.492804,42.298008],[-71.493182,42.297282],[-71.488589,42.297684],[-71.485582,42.297015],[-71.478971,42.296773],[-71.472194,42.296749],[-71.470254,42.295921],[-71.468213,42.294329],[-71.464119,42.294142],[-71.461036,42.293324],[-71.458731,42.293705],[-71.450841,42.297479],[-71.448606,42.298231],[-71.437828,42.300183],[-71.435846,42.300284],[-71.430949,42.299588],[-71.42369,42.298229],[-71.419792,42.297757],[-71.414478,42.297819],[-71.403615,42.29848],[-71.393183,42.298773],[-71.387522,42.302069],[-71.377687,42.314669],[-71.381757,42.328469],[-71.388832,42.336269],[-71.388873,42.337445],[-71.391311,42.336893],[-71.392888,42.33561],[-71.394293,42.335556],[-71.394971,42.336526],[-71.394932,42.338888],[-71.396717,42.341045],[-71.483298,42.35313],[-71.486797,42.330189],[-71.485109,42.323164],[-71.485948,42.311228],[-71.492804,42.298008]]]}},{"type":"Feature","properties":{"zcta5":"02421","AFFGEOID10":"8600000US02421","GEOID10":"02421","ALAND10":25506283,"AWATER10":416287,"county_name":"Middlesex","state_code":"MA","county_state":"Middlesex County, MA","county_fips":"25017","risk_level_county":"Lower Risk (80–84% vaccinated)","mean_vaccination_rate_county":82.72,"risk_level_zcta":"Lower Risk (80–84% vaccinated)","mean_vaccination_rate_zips":82,"cases":2},"geometry":{"type":"Polygon","coordinates":[[[-71.270026,42.463654],[-71.272695,42.459704],[-71.271039,42.451044],[-71.27052,42.448333],[-71.270216,42.446755],[-71.269944,42.445334],[-71.269018,42.440494],[-71.267601,42.435725],[-71.26615,42.429916],[-71.26723,42.424438],[-71.232919,42.413171],[-71.211261,42.406074],[-71.202612,42.414826],[-71.196315,42.421429],[-71.192131,42.425451],[-71.19453,42.424904],[-71.196151,42.42601],[-71.200226,42.427536],[-71.203162,42.426727],[-71.206499,42.4287],[-71.208112,42.428977],[-71.209144,42.430105],[-71.207914,42.431428],[-71.20905,42.431687],[-71.210347,42.434868],[-71.212244,42.435939],[-71.214429,42.440764],[-71.216592,42.441755],[-71.222107,42.445815],[-71.22647,42.447005],[-71.229662,42.448667],[-71.230495,42.45019],[-71.231839,42.449772],[-71.233848,42.452399],[-71.232606,42.453043],[-71.237122,42.458039],[-71.239732,42.459256],[-71.238365,42.459728],[-71.239493,42.461651],[-71.244367,42.464636],[-71.240809,42.463899],[-71.244228,42.46597],[-71.2426,42.467023],[-71.244906,42.47027],[-71.247269,42.472899],[-71.253487,42.477679],[-71.255717,42.479747],[-71.256596,42.478499],[-71.261515,42.476246],[-71.270026,42.463654]]]}},{"type":"Feature","properties":{"zcta5":"01850","AFFGEOID10":"8600000US01850","GEOID10":"01850","ALAND10":3521443,"AWATER10":305903,"county_name":"Middlesex","state_code":"MA","county_state":"Middlesex County, MA","county_fips":"25017","risk_level_county":"Lower Risk (80–84% vaccinated)","mean_vaccination_rate_county":82.72,"risk_level_zcta":"Medium Risk (70–79% vaccinated)","mean_vaccination_rate_zips":72,"cases":2},"geometry":{"type":"Polygon","coordinates":[[[-71.322191,42.661809],[-71.318932,42.660181],[-71.318258,42.656236],[-71.316718,42.655635],[-71.312395,42.652375],[-71.307923,42.649302],[-71.303228,42.647397],[-71.298716,42.646644],[-71.294312,42.644732],[-71.292447,42.644567],[-71.290483,42.645167],[-71.286868,42.647366],[-71.286011,42.649559],[-71.28686,42.648868],[-71.299569,42.666515],[-71.322191,42.661809]]]}},{"type":"Feature","properties":{"zcta5":"02176","AFFGEOID10":"8600000US02176","GEOID10":"02176","ALAND10":12127466,"AWATER10":219702,"county_name":"Middlesex","state_code":"MA","county_state":"Middlesex County, MA","county_fips":"25017","risk_level_county":"Lower Risk (80–84% vaccinated)","mean_vaccination_rate_county":82.72,"risk_level_zcta":"Lowest Risk (85%+)","mean_vaccination_rate_zips":86.53,"cases":2},"geometry":{"type":"Polygon","coordinates":[[[-71.082116,42.44394],[-71.082919,42.43884],[-71.025836,42.444709],[-71.053365,42.475925],[-71.061323,42.474196],[-71.061269,42.472651],[-71.069305,42.471637],[-71.078152,42.47402],[-71.079189,42.461648],[-71.082116,42.44394]]]}},{"type":"Feature","properties":{"zcta5":"02148","AFFGEOID10":"8600000US02148","GEOID10":"02148","ALAND10":13066939,"AWATER10":99282,"county_name":"Middlesex","state_code":"MA","county_state":"Middlesex County, MA","county_fips":"25017","risk_level_county":"Lower Risk (80–84% vaccinated)","mean_vaccination_rate_county":82.72,"risk_level_zcta":"Medium Risk (70–79% vaccinated)","mean_vaccination_rate_zips":74.64,"cases":2},"geometry":{"type":"Polygon","coordinates":[[[-71.085639,42.444688],[-71.088031,42.429026],[-71.089062,42.429115],[-71.089446,42.426623],[-71.085785,42.417895],[-71.081724,42.415157],[-71.07931,42.414938],[-71.077132,42.413285],[-71.074734,42.412547],[-71.073196,42.412996],[-71.073296,42.414796],[-71.061584,42.41561],[-71.060441,42.416007],[-71.05458,42.420034],[-71.054402,42.419951],[-71.050663,42.422748],[-71.050472,42.422887],[-71.028227,42.424202],[-71.020377,42.43825],[-71.025836,42.444709],[-71.082919,42.43884],[-71.082116,42.44394],[-71.085639,42.444688]]]}},{"type":"Feature","properties":{"zcta5":"02453","AFFGEOID10":"8600000US02453","GEOID10":"02453","ALAND10":9071217,"AWATER10":738042,"county_name":"Middlesex","state_code":"MA","county_state":"Middlesex County, MA","county_fips":"25017","risk_level_county":"Lower Risk (80–84% vaccinated)","mean_vaccination_rate_county":82.72,"risk_level_zcta":"Medium Risk (70–79% vaccinated)","mean_vaccination_rate_zips":78.45,"cases":2},"geometry":{"type":"Polygon","coordinates":[[[-71.27075,42.369514],[-71.270224,42.36827],[-71.273491,42.366106],[-71.271275,42.363373],[-71.269258,42.362474],[-71.268917,42.359881],[-71.26438,42.354888],[-71.260385,42.353633],[-71.256465,42.354905],[-71.255731,42.353754],[-71.252444,42.356105],[-71.243076,42.358875],[-71.221062,42.36539],[-71.21719,42.366534],[-71.217547,42.368316],[-71.215515,42.367891],[-71.194177,42.386031],[-71.19446,42.386317],[-71.207621,42.382769],[-71.215332,42.381069],[-71.219115,42.380009],[-71.223629,42.377801],[-71.23325,42.376793],[-71.234809,42.375977],[-71.235767,42.376349],[-71.243893,42.376254],[-71.243814,42.375422],[-71.246516,42.375331],[-71.249207,42.376299],[-71.25533,42.376349],[-71.257779,42.375773],[-71.258186,42.376387],[-71.258414,42.375275],[-71.262149,42.375627],[-71.263198,42.374834],[-71.264472,42.376579],[-71.267311,42.37525],[-71.268164,42.373838],[-71.269175,42.370052],[-71.27075,42.369514]]]}},{"type":"Feature","properties":{"zcta5":"01851","AFFGEOID10":"8600000US01851","GEOID10":"01851","ALAND10":8662434,"AWATER10":94451,"county_name":"Middlesex","state_code":"MA","county_state":"Middlesex County, MA","county_fips":"25017","risk_level_county":"Lower Risk (80–84% vaccinated)","mean_vaccination_rate_county":82.72,"risk_level_zcta":"Medium Risk (70–79% vaccinated)","mean_vaccination_rate_zips":75.36,"cases":2},"geometry":{"type":"Polygon","coordinates":[[[-71.364345,42.636698],[-71.359943,42.625972],[-71.328834,42.613774],[-71.325698,42.613264],[-71.325408,42.611251],[-71.323341,42.60649],[-71.319897,42.6069],[-71.318882,42.608544],[-71.319309,42.613572],[-71.316851,42.61369],[-71.318365,42.613912],[-71.319771,42.615688],[-71.320025,42.616713],[-71.318819,42.617904],[-71.319529,42.621766],[-71.31877,42.627325],[-71.314481,42.631931],[-71.312679,42.632726],[-71.316283,42.638991],[-71.317841,42.640015],[-71.316782,42.64071],[-71.317817,42.640166],[-71.325171,42.640751],[-71.327033,42.640291],[-71.330607,42.640909],[-71.350102,42.637828],[-71.364345,42.636698]]]}},{"type":"Feature","properties":{"zcta5":"01854","AFFGEOID10":"8600000US01854","GEOID10":"01854","ALAND10":10189722,"AWATER10":1390759,"county_name":"Middlesex","state_code":"MA","county_state":"Middlesex County, MA","county_fips":"25017","risk_level_county":"Lower Risk (80–84% vaccinated)","mean_vaccination_rate_county":82.72,"risk_level_zcta":"Medium Risk (70–79% vaccinated)","mean_vaccination_rate_zips":70.53,"cases":2},"geometry":{"type":"Polygon","coordinates":[[[-71.368882,42.661753],[-71.378204,42.660687],[-71.382479,42.652558],[-71.380247,42.65036],[-71.38092,42.649008],[-71.379107,42.647396],[-71.377115,42.642697],[-71.374521,42.639548],[-71.369495,42.637583],[-71.364738,42.637598],[-71.364345,42.636698],[-71.350102,42.637828],[-71.330607,42.640909],[-71.327033,42.640291],[-71.325171,42.640751],[-71.317817,42.640166],[-71.316782,42.64071],[-71.317869,42.641314],[-71.314798,42.64352],[-71.316379,42.64429],[-71.314443,42.646081],[-71.312971,42.645904],[-71.313111,42.648112],[-71.315973,42.648604],[-71.312395,42.652375],[-71.316718,42.655635],[-71.318258,42.656236],[-71.318932,42.660181],[-71.322191,42.661809],[-71.344273,42.657215],[-71.344313,42.65741],[-71.345399,42.657175],[-71.346321,42.657015],[-71.346301,42.656792],[-71.357523,42.654454],[-71.368882,42.661753]]]}},{"type":"Feature","properties":{"zcta5":"01718","AFFGEOID10":"8600000US01718","GEOID10":"01718","ALAND10":120260,"AWATER10":0,"county_name":"Middlesex","state_code":"MA","county_state":"Middlesex County, MA","county_fips":"25017","risk_level_county":"Lower Risk (80–84% vaccinated)","mean_vaccination_rate_county":82.72,"risk_level_zcta":"Medium Risk (70–79% vaccinated)","mean_vaccination_rate_zips":73.99,"cases":2},"geometry":{"type":"Polygon","coordinates":[[[-71.43172,42.519593],[-71.430278,42.516947],[-71.429257,42.51756],[-71.42896,42.519749],[-71.426265,42.521426],[-71.427597,42.522152],[-71.43172,42.519593]]]}},{"type":"Feature","properties":{"zcta5":"01702","AFFGEOID10":"8600000US01702","GEOID10":"01702","ALAND10":20951471,"AWATER10":1972409,"county_name":"Middlesex","state_code":"MA","county_state":"Middlesex County, MA","county_fips":"25017","risk_level_county":"Lower Risk (80–84% vaccinated)","mean_vaccination_rate_county":82.72,"risk_level_zcta":"Medium Risk (70–79% vaccinated)","mean_vaccination_rate_zips":74.45,"cases":2},"geometry":{"type":"Polygon","coordinates":[[[-71.493346,42.296964],[-71.497046,42.289829],[-71.460756,42.279063],[-71.419298,42.257281],[-71.397769,42.261528],[-71.390365,42.271916],[-71.395861,42.272908],[-71.397218,42.279006],[-71.3995,42.280783],[-71.400059,42.283119],[-71.398489,42.285575],[-71.400861,42.286417],[-71.402528,42.29333],[-71.393183,42.298773],[-71.403615,42.29848],[-71.414478,42.297819],[-71.419792,42.297757],[-71.42369,42.298229],[-71.430949,42.299588],[-71.435846,42.300284],[-71.437828,42.300183],[-71.448606,42.298231],[-71.450841,42.297479],[-71.458731,42.293705],[-71.461036,42.293324],[-71.464119,42.294142],[-71.468213,42.294329],[-71.470254,42.295921],[-71.472194,42.296749],[-71.478971,42.296773],[-71.485582,42.297015],[-71.488589,42.297684],[-71.493182,42.297282],[-71.493346,42.296964]]]}},{"type":"Feature","properties":{"zcta5":"01731","AFFGEOID10":"8600000US01731","GEOID10":"01731","ALAND10":2051823,"AWATER10":0,"county_name":"Middlesex","state_code":"MA","county_state":"Middlesex County, MA","county_fips":"25017","risk_level_county":"Lower Risk (80–84% vaccinated)","mean_vaccination_rate_county":82.72,"risk_level_zcta":"Lower Risk (80–84% vaccinated)","mean_vaccination_rate_zips":83.22,"cases":2},"geometry":{"type":"Polygon","coordinates":[[[-71.270026,42.463654],[-71.272299,42.465249],[-71.276451,42.465228],[-71.27621,42.463829],[-71.278305,42.463197],[-71.286515,42.463831],[-71.284792,42.461451],[-71.289756,42.459685],[-71.288346,42.459169],[-71.287012,42.457547],[-71.287945,42.45701],[-71.288553,42.454482],[-71.287922,42.452198],[-71.285507,42.449159],[-71.277757,42.449055],[-71.277192,42.449143],[-71.27405,42.450241],[-71.272543,42.450571],[-71.273608,42.452182],[-71.271039,42.451044],[-71.272695,42.459704],[-71.270026,42.463654]]]}},{"type":"Feature","properties":{"zcta5":"02460","AFFGEOID10":"8600000US02460","GEOID10":"02460","ALAND10":3480845,"AWATER10":22012,"county_name":"Middlesex","state_code":"MA","county_state":"Middlesex County, MA","county_fips":"25017","risk_level_county":"Lower Risk (80–84% vaccinated)","mean_vaccination_rate_county":82.72,"risk_level_zcta":"Lowest Risk (85%+)","mean_vaccination_rate_zips":86.3,"cases":2},"geometry":{"type":"Polygon","coordinates":[[[-71.21719,42.366534],[-71.221062,42.36539],[-71.216715,42.360526],[-71.217863,42.358485],[-71.216064,42.35361],[-71.217728,42.352621],[-71.215558,42.350406],[-71.214088,42.350113],[-71.210803,42.350556],[-71.214116,42.349785],[-71.211504,42.347835],[-71.21319,42.346943],[-71.21292,42.343438],[-71.215432,42.343214],[-71.213127,42.342127],[-71.214063,42.33868],[-71.213466,42.337739],[-71.205303,42.338726],[-71.204606,42.340096],[-71.200915,42.341598],[-71.201305,42.3418],[-71.198875,42.340855],[-71.197066,42.343516],[-71.198068,42.347697],[-71.196206,42.350877],[-71.197105,42.352232],[-71.196806,42.353808],[-71.202501,42.352149],[-71.207112,42.351104],[-71.205948,42.351888],[-71.205872,42.353544],[-71.203552,42.35455],[-71.2042,42.356176],[-71.202211,42.357509],[-71.205103,42.360498],[-71.206128,42.360483],[-71.202683,42.362227],[-71.204665,42.364893],[-71.204486,42.365785],[-71.207221,42.364137],[-71.210184,42.364114],[-71.216445,42.365913],[-71.217061,42.366569],[-71.21719,42.366534]]]}},{"type":"Feature","properties":{"zcta5":"02140","AFFGEOID10":"8600000US02140","GEOID10":"02140","ALAND10":2990308,"AWATER10":53982,"county_name":"Middlesex","state_code":"MA","county_state":"Middlesex County, MA","county_fips":"25017","risk_level_county":"Lower Risk (80–84% vaccinated)","mean_vaccination_rate_county":82.72,"risk_level_zcta":"Medium Risk (70–79% vaccinated)","mean_vaccination_rate_zips":78.74,"cases":2},"geometry":{"type":"Polygon","coordinates":[[[-71.156304,42.395852],[-71.153169,42.395643],[-71.150115,42.394933],[-71.145248,42.392878],[-71.141715,42.392243],[-71.142195,42.394631],[-71.140607,42.39468],[-71.140745,42.395886],[-71.140489,42.39472],[-71.140998,42.392071],[-71.135437,42.391123],[-71.138678,42.390657],[-71.138945,42.389963],[-71.136639,42.388486],[-71.1326,42.388681],[-71.130589,42.385611],[-71.129067,42.386171],[-71.127809,42.384782],[-71.126338,42.385377],[-71.125537,42.383986],[-71.123647,42.383461],[-71.121754,42.384337],[-71.116094,42.384332],[-71.116153,42.383044],[-71.112939,42.38285],[-71.115584,42.385158],[-71.118159,42.388025],[-71.117085,42.389581],[-71.118015,42.390527],[-71.118308,42.390919],[-71.119404,42.391875],[-71.120205,42.392759],[-71.120887,42.393812],[-71.122987,42.392377],[-71.1313,42.40158],[-71.134514,42.404167],[-71.136391,42.400965],[-71.140793,42.399476],[-71.143659,42.397447],[-71.152245,42.400816],[-71.156304,42.395852]]]}},{"type":"Feature","properties":{"zcta5":"01863","AFFGEOID10":"8600000US01863","GEOID10":"01863","ALAND10":11966347,"AWATER10":840165,"county_name":"Middlesex","state_code":"MA","county_state":"Middlesex County, MA","county_fips":"25017","risk_level_county":"Lower Risk (80–84% vaccinated)","mean_vaccination_rate_county":82.72,"risk_level_zcta":"Lower Risk (80–84% vaccinated)","mean_vaccination_rate_zips":82.35,"cases":2},"geometry":{"type":"Polygon","coordinates":[[[-71.38092,42.649008],[-71.38522,42.649599],[-71.392488,42.648476],[-71.394341,42.648474],[-71.396968,42.649637],[-71.398995,42.652467],[-71.40211,42.651603],[-71.401288,42.649488],[-71.398312,42.645502],[-71.39889,42.644949],[-71.402782,42.646771],[-71.403966,42.648419],[-71.405309,42.648138],[-71.409764,42.648785],[-71.411978,42.647974],[-71.412309,42.64941],[-71.417642,42.653774],[-71.405401,42.610393],[-71.403884,42.611251],[-71.397783,42.612803],[-71.39946,42.614969],[-71.396368,42.615974],[-71.393552,42.617932],[-71.392216,42.620073],[-71.392811,42.617587],[-71.391336,42.614863],[-71.387077,42.616209],[-71.383666,42.617881],[-71.384879,42.620418],[-71.380007,42.620282],[-71.378887,42.619266],[-71.373825,42.618492],[-71.370554,42.61941],[-71.366854,42.621726],[-71.365691,42.621582],[-71.365633,42.623089],[-71.359943,42.625972],[-71.364345,42.636698],[-71.364738,42.637598],[-71.369495,42.637583],[-71.374521,42.639548],[-71.377115,42.642697],[-71.379107,42.647396],[-71.38092,42.649008]]]}},{"type":"Feature","properties":{"zcta5":"01773","AFFGEOID10":"8600000US01773","GEOID10":"01773","ALAND10":35278051,"AWATER10":2008895,"county_name":"Middlesex","state_code":"MA","county_state":"Middlesex County, MA","county_fips":"25017","risk_level_county":"Lower Risk (80–84% vaccinated)","mean_vaccination_rate_county":82.72,"risk_level_zcta":"Medium Risk (70–79% vaccinated)","mean_vaccination_rate_zips":79.02,"cases":2},"geometry":{"type":"Polygon","coordinates":[[[-71.36634,42.41272],[-71.365813,42.412508],[-71.332599,42.399441],[-71.334569,42.396114],[-71.321524,42.392683],[-71.317749,42.392169],[-71.315244,42.39348],[-71.313524,42.39628],[-71.312223,42.395824],[-71.309965,42.399594],[-71.307992,42.399939],[-71.307762,42.399977],[-71.307469,42.400022],[-71.29952,42.401274],[-71.293379,42.402241],[-71.289724,42.401067],[-71.283233,42.398983],[-71.282825,42.399728],[-71.281205,42.402691],[-71.286031,42.404097],[-71.280265,42.411805],[-71.274421,42.409877],[-71.271765,42.416775],[-71.26723,42.424438],[-71.26615,42.429916],[-71.267601,42.435725],[-71.269018,42.440494],[-71.269944,42.445334],[-71.270216,42.446755],[-71.27052,42.448333],[-71.271039,42.451044],[-71.273608,42.452182],[-71.272543,42.450571],[-71.27405,42.450241],[-71.277192,42.449143],[-71.277757,42.449055],[-71.285507,42.449159],[-71.288552,42.452935],[-71.29093,42.460855],[-71.292918,42.46134],[-71.294159,42.460116],[-71.298827,42.462642],[-71.298845,42.462669],[-71.303191,42.461254],[-71.303416,42.460067],[-71.304809,42.45276],[-71.309929,42.453248],[-71.313618,42.455023],[-71.319406,42.450442],[-71.32013,42.449866],[-71.320261,42.449764],[-71.320298,42.449734],[-71.322971,42.447626],[-71.324756,42.446201],[-71.326472,42.447373],[-71.326679,42.447554],[-71.326696,42.44778],[-71.326574,42.447922],[-71.328183,42.447393],[-71.337851,42.444632],[-71.340057,42.444271],[-71.338987,42.443093],[-71.333879,42.439764],[-71.333575,42.439249],[-71.335379,42.437776],[-71.35256,42.426923],[-71.354461,42.422816],[-71.354475,42.421992],[-71.357084,42.419826],[-71.359152,42.420666],[-71.362562,42.421056],[-71.364573,42.420079],[-71.363928,42.416022],[-71.365212,42.413353],[-71.36634,42.41272]]]}},{"type":"Feature","properties":{"zcta5":"01720","AFFGEOID10":"8600000US01720","GEOID10":"01720","ALAND10":51059959,"AWATER10":1114409,"county_name":"Middlesex","state_code":"MA","county_state":"Middlesex County, MA","county_fips":"25017","risk_level_county":"Lower Risk (80–84% vaccinated)","mean_vaccination_rate_county":82.72,"risk_level_zcta":"Medium Risk (70–79% vaccinated)","mean_vaccination_rate_zips":78.08,"cases":2},"geometry":{"type":"Polygon","coordinates":[[[-71.473528,42.500177],[-71.473813,42.499764],[-71.498546,42.463775],[-71.464349,42.4503],[-71.430389,42.436937],[-71.393882,42.491215],[-71.397865,42.49205],[-71.399494,42.492636],[-71.390512,42.497118],[-71.38948,42.498091],[-71.392873,42.4999],[-71.386462,42.502222],[-71.384957,42.504466],[-71.391563,42.50682],[-71.397941,42.526277],[-71.399515,42.534015],[-71.423794,42.526189],[-71.428535,42.528804],[-71.435017,42.52217],[-71.435261,42.521806],[-71.443939,42.509059],[-71.449436,42.507398],[-71.454502,42.50588],[-71.466271,42.502353],[-71.469407,42.501412],[-71.473528,42.500177]],[[-71.43172,42.519593],[-71.427597,42.522152],[-71.426265,42.521426],[-71.42896,42.519749],[-71.429257,42.51756],[-71.430278,42.516947],[-71.43172,42.519593]]]}},{"type":"Feature","properties":{"zcta5":"01770","AFFGEOID10":"8600000US01770","GEOID10":"01770","ALAND10":40891309,"AWATER10":963644,"county_name":"Middlesex","state_code":"MA","county_state":"Middlesex County, MA","county_fips":"25017","risk_level_county":"Lower Risk (80–84% vaccinated)","mean_vaccination_rate_county":82.72,"risk_level_zcta":"Medium Risk (70–79% vaccinated)","mean_vaccination_rate_zips":77.45,"cases":2},"geometry":{"type":"Polygon","coordinates":[[[-71.419298,42.257281],[-71.418303,42.246504],[-71.420075,42.238123],[-71.417436,42.237958],[-71.413551,42.234815],[-71.412109,42.227651],[-71.40969,42.22604],[-71.408961,42.222455],[-71.410091,42.219816],[-71.409953,42.219008],[-71.402022,42.215399],[-71.403709,42.214861],[-71.403524,42.214142],[-71.401154,42.212958],[-71.400191,42.211791],[-71.398603,42.211207],[-71.397529,42.210302],[-71.397315,42.207927],[-71.393923,42.207089],[-71.392373,42.208949],[-71.391706,42.209742],[-71.388489,42.208005],[-71.388206,42.204303],[-71.386058,42.203626],[-71.380182,42.201759],[-71.384765,42.192014],[-71.378391,42.193472],[-71.375626,42.193851],[-71.361986,42.195761],[-71.34417,42.200703],[-71.346035,42.202406],[-71.34676,42.203916],[-71.346792,42.204847],[-71.349338,42.205075],[-71.352024,42.207311],[-71.351565,42.211113],[-71.350899,42.21264],[-71.350059,42.21383],[-71.349023,42.214543],[-71.34698,42.215555],[-71.346076,42.215524],[-71.339837,42.213886],[-71.338435,42.215232],[-71.338683,42.216778],[-71.340754,42.217906],[-71.343065,42.220242],[-71.34302,42.221232],[-71.341664,42.221772],[-71.34083,42.224605],[-71.336458,42.227723],[-71.333904,42.23018],[-71.330991,42.231966],[-71.329561,42.23367],[-71.330992,42.23667],[-71.331124,42.238802],[-71.33058,42.241823],[-71.329776,42.242823],[-71.329436,42.245302],[-71.332434,42.247729],[-71.342459,42.250455],[-71.341777,42.253537],[-71.349209,42.255098],[-71.350829,42.255896],[-71.351686,42.255819],[-71.352592,42.256323],[-71.356561,42.260398],[-71.357109,42.261594],[-71.356607,42.263035],[-71.377416,42.269596],[-71.380566,42.270152],[-71.390365,42.271916],[-71.397769,42.261528],[-71.419298,42.257281]]]}},{"type":"Feature","properties":{"zcta5":"01862","AFFGEOID10":"8600000US01862","GEOID10":"01862","ALAND10":23932094,"AWATER10":1076075,"county_name":"Middlesex","state_code":"MA","county_state":"Middlesex County, MA","county_fips":"25017","risk_level_county":"Lower Risk (80–84% vaccinated)","mean_vaccination_rate_county":82.72,"risk_level_zcta":"Lower Risk (80–84% vaccinated)","mean_vaccination_rate_zips":82.7,"cases":2},"geometry":{"type":"Polygon","coordinates":[[[-71.332543,42.560756],[-71.33309,42.560115],[-71.324706,42.556018],[-71.319618,42.55407],[-71.314385,42.549554],[-71.315702,42.547286],[-71.318313,42.542782],[-71.317868,42.542371],[-71.314542,42.539303],[-71.308749,42.53396],[-71.307185,42.533221],[-71.307445,42.530875],[-71.307538,42.529999],[-71.305141,42.529432],[-71.304675,42.529872],[-71.304383,42.529767],[-71.299443,42.534874],[-71.296763,42.536728],[-71.296594,42.540659],[-71.295982,42.541545],[-71.291056,42.545492],[-71.287233,42.547896],[-71.285616,42.551389],[-71.284785,42.551849],[-71.291519,42.557806],[-71.29246,42.557507],[-71.295622,42.558532],[-71.297006,42.560265],[-71.297093,42.562995],[-71.29335,42.562122],[-71.29264,42.563704],[-71.297281,42.566318],[-71.295137,42.570251],[-71.290793,42.572772],[-71.281084,42.574382],[-71.279904,42.573949],[-71.281772,42.572731],[-71.281419,42.567103],[-71.275126,42.565877],[-71.273634,42.566839],[-71.273599,42.570355],[-71.275693,42.569038],[-71.276253,42.570975],[-71.270176,42.572609],[-71.274184,42.573393],[-71.274278,42.574512],[-71.270953,42.577555],[-71.267994,42.580909],[-71.261458,42.586452],[-71.257825,42.588207],[-71.25553,42.588262],[-71.240706,42.581953],[-71.243322,42.583104],[-71.244051,42.585107],[-71.245484,42.585756],[-71.242829,42.587959],[-71.251331,42.591909],[-71.249443,42.593529],[-71.250209,42.597537],[-71.248192,42.600119],[-71.248861,42.602175],[-71.250279,42.6027],[-71.255052,42.602784],[-71.258257,42.600089],[-71.258986,42.598823],[-71.261377,42.596538],[-71.296271,42.612675],[-71.297028,42.613011],[-71.295939,42.61035],[-71.2953,42.606611],[-71.294264,42.60557],[-71.332543,42.560756]]]}},{"type":"Feature","properties":{"zcta5":"02142","AFFGEOID10":"8600000US02142","GEOID10":"02142","ALAND10":719893,"AWATER10":545836,"county_name":"Middlesex","state_code":"MA","county_state":"Middlesex County, MA","county_fips":"25017","risk_level_county":"Lower Risk (80–84% vaccinated)","mean_vaccination_rate_county":82.72,"risk_level_zcta":"Lower Risk (80–84% vaccinated)","mean_vaccination_rate_zips":82.33,"cases":2},"geometry":{"type":"Polygon","coordinates":[[[-71.088207,42.362608],[-71.087159,42.359243],[-71.092581,42.357097],[-71.091235,42.354338],[-71.087511,42.355557],[-71.077952,42.358735],[-71.077334,42.359084],[-71.07681,42.359504],[-71.075795,42.361597],[-71.071537,42.36711],[-71.070644,42.367949],[-71.073113,42.369131],[-71.07673,42.365746],[-71.081651,42.367066],[-71.085727,42.367583],[-71.088033,42.367191],[-71.088136,42.366549],[-71.085115,42.366028],[-71.084794,42.364392],[-71.083472,42.363851],[-71.086769,42.364591],[-71.088207,42.362608]]]}},{"type":"Feature","properties":{"zcta5":"01730","AFFGEOID10":"8600000US01730","GEOID10":"01730","ALAND10":35485223,"AWATER10":461054,"county_name":"Middlesex","state_code":"MA","county_state":"Middlesex County, MA","county_fips":"25017","risk_level_county":"Lower Risk (80–84% vaccinated)","mean_vaccination_rate_county":82.72,"risk_level_zcta":"Lower Risk (80–84% vaccinated)","mean_vaccination_rate_zips":84.08,"cases":2},"geometry":{"type":"Polygon","coordinates":[[[-71.317538,42.502425],[-71.318305,42.498194],[-71.318585,42.491157],[-71.319303,42.486289],[-71.31719,42.484694],[-71.317161,42.483566],[-71.318147,42.482839],[-71.32077,42.482256],[-71.32099,42.481497],[-71.321268,42.480515],[-71.318562,42.478538],[-71.316947,42.476682],[-71.313768,42.474182],[-71.309465,42.476404],[-71.306552,42.474427],[-71.30515,42.474599],[-71.303804,42.47444],[-71.301868,42.473266],[-71.300818,42.473652],[-71.29872,42.472909],[-71.289676,42.466182],[-71.289302,42.464557],[-71.298845,42.462669],[-71.298827,42.462642],[-71.294159,42.460116],[-71.292918,42.46134],[-71.29093,42.460855],[-71.288552,42.452935],[-71.285507,42.449159],[-71.287922,42.452198],[-71.288553,42.454482],[-71.287945,42.45701],[-71.287012,42.457547],[-71.288346,42.459169],[-71.289756,42.459685],[-71.284792,42.461451],[-71.286515,42.463831],[-71.278305,42.463197],[-71.27621,42.463829],[-71.276451,42.465228],[-71.272299,42.465249],[-71.270026,42.463654],[-71.261515,42.476246],[-71.256596,42.478499],[-71.255717,42.479747],[-71.251986,42.485015],[-71.240906,42.490013],[-71.235182,42.500415],[-71.234073,42.500931],[-71.234292,42.501762],[-71.229573,42.501792],[-71.231897,42.506367],[-71.233544,42.508693],[-71.236924,42.511491],[-71.240056,42.519716],[-71.241593,42.520798],[-71.242576,42.51994],[-71.250142,42.52573],[-71.254572,42.522593],[-71.256396,42.523992],[-71.264098,42.524081],[-71.278107,42.526713],[-71.280832,42.526408],[-71.303508,42.520069],[-71.306052,42.52043],[-71.306699,42.520593],[-71.306904,42.517492],[-71.306233,42.514564],[-71.308758,42.513374],[-71.311253,42.511014],[-71.316606,42.507091],[-71.317835,42.503817],[-71.317538,42.502425]]]}},{"type":"Feature","properties":{"zcta5":"01826","AFFGEOID10":"8600000US01826","GEOID10":"01826","ALAND10":53530461,"AWATER10":1712643,"county_name":"Middlesex","state_code":"MA","county_state":"Middlesex County, MA","county_fips":"25017","risk_level_county":"Lower Risk (80–84% vaccinated)","mean_vaccination_rate_county":82.72,"risk_level_zcta":"Lower Risk (80–84% vaccinated)","mean_vaccination_rate_zips":83.41,"cases":2},"geometry":{"type":"Polygon","coordinates":[[[-71.367434834859,42.698522759657294],[-71.372363,42.688962],[-71.374034,42.689596],[-71.374475,42.688619],[-71.378798,42.683092],[-71.376676,42.677953],[-71.373365,42.666123],[-71.371579,42.664145],[-71.369626,42.669334],[-71.366434,42.666678],[-71.368882,42.661753],[-71.357523,42.654454],[-71.346301,42.656792],[-71.346321,42.657015],[-71.345399,42.657175],[-71.344313,42.65741],[-71.344273,42.657215],[-71.322191,42.661809],[-71.299569,42.666515],[-71.28686,42.648868],[-71.286011,42.649559],[-71.280042,42.654342],[-71.275154,42.656216],[-71.273449,42.65655],[-71.264347,42.657667],[-71.257234,42.656831],[-71.255749,42.656929],[-71.250303,42.660591],[-71.248557,42.66107],[-71.242227,42.662287],[-71.241754,42.66308],[-71.238103,42.669491],[-71.238434,42.670763],[-71.239565,42.675237],[-71.242043,42.684951],[-71.243625,42.691204],[-71.244272,42.693746],[-71.244287,42.693744],[-71.245937,42.700309],[-71.255238293884,42.7366140844391],[-71.255605,42.736389],[-71.267905,42.72589],[-71.2785168854597,42.7118049938274],[-71.278929,42.711258],[-71.2790108252557,42.711181574054194],[-71.2873069170642,42.7034329069998],[-71.2888325141297,42.70200797776889],[-71.294205,42.69699],[-71.330206,42.69719],[-71.351874,42.698154],[-71.367434834859,42.698522759657294]]]}},{"type":"Feature","properties":{"zcta5":"01879","AFFGEOID10":"8600000US01879","GEOID10":"01879","ALAND10":43514291,"AWATER10":3649865,"county_name":"Middlesex","state_code":"MA","county_state":"Middlesex County, MA","county_fips":"25017","risk_level_county":"Lower Risk (80–84% vaccinated)","mean_vaccination_rate_county":82.72,"risk_level_zcta":"Lower Risk (80–84% vaccinated)","mean_vaccination_rate_zips":81.65,"cases":2},"geometry":{"type":"Polygon","coordinates":[[[-71.496978,42.649635],[-71.496872,42.649138],[-71.496912,42.646404],[-71.497478,42.641667],[-71.498398,42.639283],[-71.498593,42.638792],[-71.493528,42.617404],[-71.479309,42.624241],[-71.417642,42.653774],[-71.412309,42.64941],[-71.411978,42.647974],[-71.409764,42.648785],[-71.405309,42.648138],[-71.403966,42.648419],[-71.402782,42.646771],[-71.39889,42.644949],[-71.398312,42.645502],[-71.401288,42.649488],[-71.40211,42.651603],[-71.398995,42.652467],[-71.396968,42.649637],[-71.394341,42.648474],[-71.392488,42.648476],[-71.38522,42.649599],[-71.38092,42.649008],[-71.380247,42.65036],[-71.382479,42.652558],[-71.378204,42.660687],[-71.368882,42.661753],[-71.366434,42.666678],[-71.369626,42.669334],[-71.371579,42.664145],[-71.373365,42.666123],[-71.376676,42.677953],[-71.378798,42.683092],[-71.374475,42.688619],[-71.374034,42.689596],[-71.372363,42.688962],[-71.367434834859,42.698522759657294],[-71.3869430269232,42.6989850635301],[-71.4323540138531,42.7000612101589],[-71.4491741670486,42.7004598130606],[-71.4496163626051,42.700470292182295],[-71.45768776362699,42.7006615677213],[-71.456336,42.695849],[-71.461033,42.691969],[-71.459532,42.690421],[-71.457027,42.690657],[-71.456121,42.686352],[-71.452088,42.687154],[-71.451466,42.68536],[-71.450282,42.685296],[-71.44803,42.680913],[-71.446709,42.672794],[-71.446418,42.67041],[-71.452343,42.669743],[-71.452369,42.669386],[-71.451527,42.669758],[-71.447835,42.66661],[-71.446956,42.663168],[-71.447964,42.662673],[-71.449754,42.661827],[-71.455438,42.661211],[-71.45493,42.660105],[-71.458683,42.659755],[-71.457188,42.658369],[-71.45955,42.657231],[-71.474784,42.649889],[-71.479484,42.658794],[-71.482511,42.65103],[-71.489029,42.649197],[-71.492055,42.649113],[-71.496978,42.649635]]]}},{"type":"Feature","properties":{"zcta5":"02138","AFFGEOID10":"8600000US02138","GEOID10":"02138","ALAND10":7097658,"AWATER10":810982,"county_name":"Middlesex","state_code":"MA","county_state":"Middlesex County, MA","county_fips":"25017","risk_level_county":"Lower Risk (80–84% vaccinated)","mean_vaccination_rate_county":82.72,"risk_level_zcta":"Medium Risk (70–79% vaccinated)","mean_vaccination_rate_zips":78.36,"cases":2},"geometry":{"type":"Polygon","coordinates":[[[-71.156304,42.395852],[-71.158387,42.394593],[-71.157118,42.39056],[-71.157984,42.387043],[-71.160332,42.386444],[-71.160488,42.386386],[-71.158016,42.382666],[-71.157792,42.382211],[-71.15542,42.38151],[-71.156231,42.380636],[-71.154395,42.375164],[-71.150378,42.374613],[-71.14363,42.375277],[-71.14292,42.375392],[-71.139716,42.37493],[-71.140205,42.371007],[-71.139473,42.371018],[-71.13973,42.369652],[-71.140333,42.369494],[-71.140722,42.369688],[-71.140395,42.370283],[-71.14036,42.370693],[-71.142461,42.367017],[-71.144269,42.366454],[-71.14363,42.364981],[-71.139692,42.364475],[-71.131997,42.369696],[-71.133197,42.372596],[-71.130169,42.373961],[-71.128203,42.373572],[-71.126024,42.371948],[-71.123168,42.36898],[-71.11896,42.36876],[-71.11723,42.367367],[-71.116921,42.364246],[-71.115979,42.365239],[-71.113811,42.36512],[-71.11351,42.368726],[-71.114649,42.369367],[-71.110746,42.368306],[-71.110734,42.369176],[-71.107061,42.374526],[-71.105899,42.374389],[-71.105427,42.376332],[-71.107272,42.378087],[-71.106383,42.378286],[-71.108785,42.380131],[-71.111656,42.381749],[-71.112939,42.38285],[-71.116153,42.383044],[-71.116094,42.384332],[-71.121754,42.384337],[-71.123647,42.383461],[-71.125537,42.383986],[-71.126338,42.385377],[-71.127809,42.384782],[-71.129067,42.386171],[-71.130589,42.385611],[-71.1326,42.388681],[-71.136639,42.388486],[-71.138945,42.389963],[-71.138678,42.390657],[-71.135437,42.391123],[-71.140998,42.392071],[-71.140489,42.39472],[-71.140745,42.395886],[-71.140607,42.39468],[-71.142195,42.394631],[-71.141715,42.392243],[-71.145248,42.392878],[-71.150115,42.394933],[-71.153169,42.395643],[-71.156304,42.395852]]]}},{"type":"Feature","properties":{"zcta5":"01867","AFFGEOID10":"8600000US01867","GEOID10":"01867","ALAND10":25784571,"AWATER10":36125,"county_name":"Middlesex","state_code":"MA","county_state":"Middlesex County, MA","county_fips":"25017","risk_level_county":"Lower Risk (80–84% vaccinated)","mean_vaccination_rate_county":82.72,"risk_level_zcta":"Lowest Risk (85%+)","mean_vaccination_rate_zips":87.62,"cases":2},"geometry":{"type":"Polygon","coordinates":[[[-71.070978,42.555889],[-71.08989,42.558222],[-71.092781,42.55925],[-71.103546,42.564888],[-71.104784,42.566549],[-71.108695,42.563726],[-71.110162,42.561431],[-71.113135,42.560869],[-71.11603,42.561961],[-71.118566,42.561324],[-71.119312,42.560138],[-71.12069,42.560562],[-71.121753,42.559253],[-71.12398,42.558233],[-71.126874,42.554259],[-71.129242,42.554735],[-71.131173,42.552688],[-71.131974,42.553416],[-71.134332,42.552571],[-71.134381,42.55271],[-71.136478,42.552367],[-71.131295,42.53182],[-71.132516,42.531286],[-71.131837,42.530826],[-71.133135,42.530116],[-71.133974,42.527141],[-71.12419,42.508317],[-71.122395,42.504153],[-71.11976,42.500292],[-71.100727,42.502242],[-71.099645,42.506431],[-71.094289,42.507087],[-71.095564,42.508966],[-71.097463,42.510246],[-71.09658,42.511855],[-71.083507,42.525489],[-71.081085,42.525473],[-71.075257,42.531122],[-71.070978,42.555889]]]}},{"type":"Feature","properties":{"zcta5":"01801","AFFGEOID10":"8600000US01801","GEOID10":"01801","ALAND10":32797091,"AWATER10":771596,"county_name":"Middlesex","state_code":"MA","county_state":"Middlesex County, MA","county_fips":"25017","risk_level_county":"Lower Risk (80–84% vaccinated)","mean_vaccination_rate_county":82.72,"risk_level_zcta":"Lowest Risk (85%+)","mean_vaccination_rate_zips":85.38,"cases":2},"geometry":{"type":"Polygon","coordinates":[[[-71.204317,42.465845],[-71.206967,42.463624],[-71.198446,42.456982],[-71.195413,42.45359],[-71.193844,42.453141],[-71.189635,42.44983],[-71.164378,42.459746],[-71.163003,42.460196],[-71.156237,42.456917],[-71.152292,42.463716],[-71.146008,42.465801],[-71.14613,42.466033],[-71.145126,42.466161],[-71.144879,42.466185],[-71.123862,42.473392],[-71.112116,42.473818],[-71.116795,42.494639],[-71.121496,42.498538],[-71.11976,42.500292],[-71.122395,42.504153],[-71.12419,42.508317],[-71.133974,42.527141],[-71.133135,42.530116],[-71.131837,42.530826],[-71.132516,42.531286],[-71.135454,42.530001],[-71.170373,42.515816],[-71.170029,42.515499],[-71.168444,42.498299],[-71.168914,42.490547],[-71.170719,42.489755],[-71.168924,42.487087],[-71.181501,42.483622],[-71.182944,42.482122],[-71.186506,42.48098],[-71.18548,42.479967],[-71.188279,42.479696],[-71.204317,42.465845]]]}},{"type":"Feature","properties":{"zcta5":"01469","AFFGEOID10":"8600000US01469","GEOID10":"01469","ALAND10":59006708,"AWATER10":587943,"county_name":"Middlesex","state_code":"MA","county_state":"Middlesex County, MA","county_fips":"25017","risk_level_county":"Lower Risk (80–84% vaccinated)","mean_vaccination_rate_county":82.72,"risk_level_zcta":"Lower Risk (80–84% vaccinated)","mean_vaccination_rate_zips":82.06,"cases":2},"geometry":{"type":"Polygon","coordinates":[[[-71.7462660207048,42.707299138679],[-71.746583,42.705778],[-71.750243,42.700068],[-71.750391,42.698301],[-71.749002,42.696326],[-71.744099,42.692562],[-71.741554,42.689894],[-71.73998,42.686003],[-71.737178,42.684632],[-71.733228,42.682531],[-71.735165,42.682634],[-71.736246,42.682116],[-71.737254,42.680794],[-71.73781,42.680567],[-71.737495,42.680049],[-71.736565,42.678851],[-71.735609,42.678012],[-71.732881,42.678173],[-71.729367,42.677196],[-71.726454,42.677291],[-71.724491,42.676285],[-71.726602,42.673467],[-71.725116,42.672288],[-71.726836,42.672901],[-71.735663,42.662812],[-71.733089,42.662066],[-71.724363,42.662178],[-71.719196,42.662021],[-71.718311,42.660563],[-71.714674,42.660402],[-71.715953,42.659563],[-71.7197,42.660884],[-71.721473,42.660813],[-71.724087,42.661678],[-71.728001,42.661406],[-71.731135,42.660364],[-71.731488,42.659615],[-71.730416,42.656871],[-71.727706,42.65731],[-71.721849,42.656455],[-71.720639,42.650115],[-71.72656,42.642335],[-71.729573,42.637068],[-71.732257,42.631454],[-71.707449,42.624173],[-71.694113,42.620313],[-71.664601,42.611598],[-71.660464,42.635135],[-71.660196,42.63679],[-71.65793,42.649944],[-71.657576,42.651954],[-71.654896,42.667188],[-71.653497,42.675142],[-71.653016,42.677873],[-71.651989,42.683711],[-71.650721,42.69092],[-71.65187391472301,42.7052307655759],[-71.7013916601883,42.706314614297],[-71.745817,42.707287],[-71.7462660207048,42.707299138679]]]}},{"type":"Feature","properties":{"zcta5":"02155","AFFGEOID10":"8600000US02155","GEOID10":"02155","ALAND10":21224223,"AWATER10":1473858,"county_name":"Middlesex","state_code":"MA","county_state":"Middlesex County, MA","county_fips":"25017","risk_level_county":"Lower Risk (80–84% vaccinated)","mean_vaccination_rate_county":82.72,"risk_level_zcta":"Lower Risk (80–84% vaccinated)","mean_vaccination_rate_zips":81.62,"cases":2},"geometry":{"type":"Polygon","coordinates":[[[-71.149886,42.43584],[-71.147429,42.426957],[-71.146197,42.423391],[-71.142599,42.421692],[-71.142965,42.420062],[-71.139364,42.41593],[-71.13629,42.415146],[-71.132372,42.415207],[-71.132472,42.414573],[-71.129429,42.416586],[-71.12678,42.41806],[-71.126992,42.41663],[-71.129922,42.413327],[-71.12704,42.412328],[-71.128101,42.41072],[-71.126201,42.40931],[-71.12336,42.409191],[-71.123996,42.408268],[-71.124809,42.406999],[-71.12242,42.406029],[-71.123482,42.40446],[-71.120071,42.402447],[-71.117062,42.401181],[-71.117444,42.404015],[-71.119367,42.403746],[-71.12144,42.404567],[-71.119931,42.405082],[-71.117322,42.404854],[-71.117419,42.405829],[-71.115469,42.405048],[-71.115105,42.40246],[-71.113682,42.400774],[-71.11075,42.399703],[-71.101098,42.396411],[-71.100603,42.397235],[-71.100372,42.39719],[-71.100029,42.397166],[-71.099683,42.397181],[-71.099608,42.397121],[-71.096689,42.400455],[-71.091993,42.3989],[-71.085687,42.400651],[-71.083423,42.400013],[-71.075996,42.396396],[-71.075988,42.399706],[-71.073448,42.402665],[-71.071297,42.406922],[-71.073659,42.408519],[-71.071869,42.411436],[-71.073196,42.412996],[-71.074734,42.412547],[-71.077132,42.413285],[-71.07931,42.414938],[-71.081724,42.415157],[-71.085785,42.417895],[-71.089446,42.426623],[-71.089062,42.429115],[-71.088031,42.429026],[-71.085639,42.444688],[-71.104722,42.448847],[-71.119402,42.453445],[-71.121346,42.44867],[-71.124153,42.444116],[-71.121976,42.439786],[-71.127146,42.438887],[-71.129041,42.435599],[-71.149886,42.43584]]]}},{"type":"Feature","properties":{"zcta5":"02464","AFFGEOID10":"8600000US02464","GEOID10":"02464","ALAND10":1460811,"AWATER10":23675,"county_name":"Middlesex","state_code":"MA","county_state":"Middlesex County, MA","county_fips":"25017","risk_level_county":"Lower Risk (80–84% vaccinated)","mean_vaccination_rate_county":82.72,"risk_level_zcta":"Lower Risk (80–84% vaccinated)","mean_vaccination_rate_zips":82.08,"cases":2},"geometry":{"type":"MultiPolygon","coordinates":[[[[-71.212142,42.311835],[-71.210584,42.313838],[-71.211436,42.314078],[-71.212024,42.313314],[-71.212945,42.312141],[-71.212142,42.311835]]],[[[-71.220291,42.320068],[-71.222619,42.318992],[-71.222827,42.31944],[-71.224377,42.319729],[-71.225349,42.319429],[-71.224817,42.318282],[-71.225212,42.31737],[-71.222754,42.317517],[-71.217081,42.318238],[-71.217155,42.318746],[-71.219585,42.318761],[-71.21955,42.319824],[-71.220291,42.320068]]],[[[-71.228035,42.316838],[-71.227543,42.3154],[-71.226286,42.314117],[-71.227068,42.312398],[-71.226311,42.310284],[-71.226894,42.308452],[-71.220492,42.306482],[-71.216976,42.306607],[-71.216071,42.307571],[-71.212698,42.306431],[-71.211583,42.311016],[-71.213706,42.311745],[-71.216384,42.311672],[-71.208569,42.319308],[-71.207903,42.319435],[-71.21195,42.318883],[-71.215495,42.314533],[-71.215904,42.315903],[-71.217717,42.318071],[-71.225777,42.317066],[-71.228035,42.316838]]]]}},{"type":"Feature","properties":{"zcta5":"02149","AFFGEOID10":"8600000US02149","GEOID10":"02149","ALAND10":8865783,"AWATER10":636034,"county_name":"Middlesex","state_code":"MA","county_state":"Middlesex County, MA","county_fips":"25017","risk_level_county":"Lower Risk (80–84% vaccinated)","mean_vaccination_rate_county":82.72,"risk_level_zcta":"Medium Risk (70–79% vaccinated)","mean_vaccination_rate_zips":70.39,"cases":2},"geometry":{"type":"Polygon","coordinates":[[[-71.073196,42.412996],[-71.071869,42.411436],[-71.073659,42.408519],[-71.071297,42.406922],[-71.073448,42.402665],[-71.075988,42.399706],[-71.075996,42.396396],[-71.075586,42.395247],[-71.073496,42.391796],[-71.072696,42.390796],[-71.069322,42.394022],[-71.067396,42.394996],[-71.06741,42.393476],[-71.070193,42.390734],[-71.070896,42.388996],[-71.065695,42.386596],[-71.057395,42.387297],[-71.055295,42.387097],[-71.050695,42.391996],[-71.050002,42.393471],[-71.052928,42.395719],[-71.05229,42.397207],[-71.049971,42.397506],[-71.048208,42.396621],[-71.045707,42.398355],[-71.045429,42.398043],[-71.04516,42.398059],[-71.044309,42.398574],[-71.044243,42.39878],[-71.044454,42.399011],[-71.044695,42.39886],[-71.044821,42.398979],[-71.040568,42.401982],[-71.035787,42.409373],[-71.033181,42.414206],[-71.028227,42.424202],[-71.050472,42.422887],[-71.050663,42.422748],[-71.054402,42.419951],[-71.05458,42.420034],[-71.060441,42.416007],[-71.061584,42.41561],[-71.073296,42.414796],[-71.073196,42.412996]]]}},{"type":"Feature","properties":{"zcta5":"02467","AFFGEOID10":"8600000US02467","GEOID10":"02467","ALAND10":12621094,"AWATER10":142135,"county_name":"Middlesex","state_code":"MA","county_state":"Middlesex County, MA","county_fips":"25017","risk_level_county":"Lower Risk (80–84% vaccinated)","mean_vaccination_rate_county":82.72,"risk_level_zcta":"Lower Risk (80–84% vaccinated)","mean_vaccination_rate_zips":80.56,"cases":2},"geometry":{"type":"Polygon","coordinates":[[[-71.17788,42.339096],[-71.179616,42.33616],[-71.182456,42.336516],[-71.181342,42.334551],[-71.181524,42.33251],[-71.175658,42.326091],[-71.176455,42.324263],[-71.178459,42.323923],[-71.178551,42.322185],[-71.183348,42.322985],[-71.1851,42.322592],[-71.184488,42.321861],[-71.181458,42.321575],[-71.18198,42.319268],[-71.179658,42.318189],[-71.1811,42.31662],[-71.178847,42.314379],[-71.174395,42.310981],[-71.175953,42.310309],[-71.176323,42.308306],[-71.175242,42.305407],[-71.176625,42.302606],[-71.173011,42.301744],[-71.170416,42.302642],[-71.169808,42.300443],[-71.178636,42.294595],[-71.176954,42.293773],[-71.173775,42.290989],[-71.17346,42.292839],[-71.171889,42.293332],[-71.172555,42.295446],[-71.172173,42.296682],[-71.169934,42.297373],[-71.169662,42.298726],[-71.168605,42.297799],[-71.169786,42.300244],[-71.167416,42.298396],[-71.165479,42.297897],[-71.159305,42.2951],[-71.157678,42.295738],[-71.153691,42.295746],[-71.152148,42.294613],[-71.14829,42.296558],[-71.145467,42.296777],[-71.138084,42.295852],[-71.135261,42.296907],[-71.137103,42.301185],[-71.139556,42.301891],[-71.140135,42.302147],[-71.14714,42.305554],[-71.146436,42.307471],[-71.143881,42.309789],[-71.139806,42.310714],[-71.14194,42.31243],[-71.14063,42.31353],[-71.142536,42.31526],[-71.140764,42.321225],[-71.14481,42.32379],[-71.14253,42.32632],[-71.15099,42.329802],[-71.152009,42.331566],[-71.15163,42.33315],[-71.14862,42.33455],[-71.150104,42.335282],[-71.148295,42.335807],[-71.148482,42.336253],[-71.150689,42.33584],[-71.150776,42.336004],[-71.152876,42.335737],[-71.154681,42.332867],[-71.157286,42.3315],[-71.156059,42.33061],[-71.156887,42.330241],[-71.159723,42.333036],[-71.162298,42.333965],[-71.162474,42.334577],[-71.163875,42.336616],[-71.164806,42.33854],[-71.16602,42.339162],[-71.166126,42.340088],[-71.166699,42.340009],[-71.170003,42.344252],[-71.170595,42.341581],[-71.173781,42.34229],[-71.176497,42.341679],[-71.17788,42.339096]],[[-71.167937,42.322521],[-71.167131,42.322798],[-71.161522,42.326896],[-71.15898,42.32473],[-71.164,42.32351],[-71.1636,42.3231],[-71.16541,42.32228],[-71.1657,42.32294],[-71.167937,42.322521]]]}},{"type":"Feature","properties":{"zcta5":"01741","AFFGEOID10":"8600000US01741","GEOID10":"01741","ALAND10":39560352,"AWATER10":643174,"county_name":"Middlesex","state_code":"MA","county_state":"Middlesex County, MA","county_fips":"25017","risk_level_county":"Lower Risk (80–84% vaccinated)","mean_vaccination_rate_county":82.72,"risk_level_zcta":"Medium Risk (70–79% vaccinated)","mean_vaccination_rate_zips":77.86,"cases":2},"geometry":{"type":"Polygon","coordinates":[[[-71.399515,42.534015],[-71.397941,42.526277],[-71.391563,42.50682],[-71.384957,42.504466],[-71.381944,42.504317],[-71.380447,42.504243],[-71.369926,42.503723],[-71.353624,42.50292],[-71.317538,42.502425],[-71.317835,42.503817],[-71.316606,42.507091],[-71.311253,42.511014],[-71.308758,42.513374],[-71.306233,42.514564],[-71.306904,42.517492],[-71.306699,42.520593],[-71.306836,42.522075],[-71.30516,42.525936],[-71.305141,42.529432],[-71.307538,42.529999],[-71.307445,42.530875],[-71.307185,42.533221],[-71.308749,42.53396],[-71.314542,42.539303],[-71.317868,42.542371],[-71.318313,42.542782],[-71.315702,42.547286],[-71.314385,42.549554],[-71.319618,42.55407],[-71.324706,42.556018],[-71.33309,42.560115],[-71.332543,42.560756],[-71.346299,42.563661],[-71.368336,42.558037],[-71.376254,42.55482],[-71.379648,42.553455],[-71.388359,42.549949],[-71.38474,42.538699],[-71.399515,42.534015]]]}},{"type":"Feature","properties":{"zcta5":"02466","AFFGEOID10":"8600000US02466","GEOID10":"02466","ALAND10":4634935,"AWATER10":207388,"county_name":"Middlesex","state_code":"MA","county_state":"Middlesex County, MA","county_fips":"25017","risk_level_county":"Lower Risk (80–84% vaccinated)","mean_vaccination_rate_county":82.72,"risk_level_zcta":"Lower Risk (80–84% vaccinated)","mean_vaccination_rate_zips":80.92,"cases":2},"geometry":{"type":"Polygon","coordinates":[[[-71.260385,42.353633],[-71.258631,42.350052],[-71.260185,42.348378],[-71.259759,42.346111],[-71.261236,42.344282],[-71.261909,42.341975],[-71.260597,42.340914],[-71.2586,42.341206],[-71.256385,42.340438],[-71.25583,42.338996],[-71.258581,42.336834],[-71.252458,42.329381],[-71.251064,42.329106],[-71.250444,42.32927],[-71.250118,42.329442],[-71.248785,42.329902],[-71.246877,42.332126],[-71.244888,42.3337],[-71.238108,42.330313],[-71.235156,42.337572],[-71.233769,42.338461],[-71.235947,42.339046],[-71.24,42.342029],[-71.238518,42.343397],[-71.2396,42.344493],[-71.237,42.344809],[-71.237605,42.346906],[-71.241731,42.346556],[-71.242828,42.347349],[-71.241515,42.347882],[-71.237252,42.347689],[-71.236903,42.349051],[-71.239399,42.349322],[-71.238794,42.35118],[-71.23979,42.352495],[-71.238013,42.353962],[-71.238288,42.355419],[-71.239769,42.356394],[-71.239196,42.357575],[-71.240279,42.358697],[-71.243076,42.358875],[-71.252444,42.356105],[-71.255731,42.353754],[-71.256465,42.354905],[-71.260385,42.353633]]]}},{"type":"Feature","properties":{"zcta5":"01880","AFFGEOID10":"8600000US01880","GEOID10":"01880","ALAND10":17901488,"AWATER10":1396460,"county_name":"Middlesex","state_code":"MA","county_state":"Middlesex County, MA","county_fips":"25017","risk_level_county":"Lower Risk (80–84% vaccinated)","mean_vaccination_rate_county":82.72,"risk_level_zcta":"Lowest Risk (85%+)","mean_vaccination_rate_zips":86.03,"cases":2},"geometry":{"type":"Polygon","coordinates":[[[-71.075257,42.531122],[-71.081085,42.525473],[-71.083507,42.525489],[-71.09658,42.511855],[-71.097463,42.510246],[-71.095564,42.508966],[-71.094289,42.507087],[-71.099645,42.506431],[-71.100727,42.502242],[-71.090115,42.501261],[-71.085502,42.492258],[-71.07524,42.488008],[-71.077707,42.477391],[-71.078152,42.47402],[-71.069305,42.471637],[-71.061269,42.472651],[-71.061323,42.474196],[-71.053365,42.475925],[-71.054214,42.476903],[-71.052621,42.486102],[-71.050252,42.486533],[-71.045209,42.48872],[-71.04013,42.495651],[-71.043996,42.500695],[-71.041714,42.502557],[-71.037796,42.503295],[-71.036096,42.505195],[-71.035296,42.506995],[-71.037197,42.510197],[-71.037506,42.513117],[-71.039667,42.514409],[-71.041603,42.514645],[-71.041432,42.513199],[-71.046257,42.515063],[-71.056088,42.52142],[-71.058436,42.522793],[-71.057513,42.524173],[-71.058835,42.523839],[-71.067567,42.52468],[-71.075257,42.531122]]]}},{"type":"Feature","properties":{"zcta5":"02493","AFFGEOID10":"8600000US02493","GEOID10":"02493","ALAND10":43564243,"AWATER10":1327828,"county_name":"Middlesex","state_code":"MA","county_state":"Middlesex County, MA","county_fips":"25017","risk_level_county":"Lower Risk (80–84% vaccinated)","mean_vaccination_rate_county":82.72,"risk_level_zcta":"Lowest Risk (85%+)","mean_vaccination_rate_zips":86.5,"cases":2},"geometry":{"type":"Polygon","coordinates":[[[-71.334569,42.396114],[-71.335878,42.393942],[-71.328779,42.331683],[-71.328438,42.329119],[-71.327444,42.321114],[-71.327327,42.313746],[-71.317208,42.316257],[-71.269958,42.328086],[-71.269767,42.331181],[-71.267819,42.330575],[-71.26513,42.33183],[-71.263852,42.334721],[-71.26122,42.334605],[-71.259204,42.335419],[-71.258581,42.336834],[-71.25583,42.338996],[-71.256385,42.340438],[-71.2586,42.341206],[-71.260597,42.340914],[-71.261909,42.341975],[-71.261236,42.344282],[-71.259759,42.346111],[-71.260185,42.348378],[-71.258631,42.350052],[-71.260385,42.353633],[-71.26438,42.354888],[-71.268917,42.359881],[-71.269258,42.362474],[-71.271275,42.363373],[-71.273491,42.366106],[-71.270224,42.36827],[-71.27075,42.369514],[-71.273623,42.373736],[-71.276517,42.374965],[-71.267761,42.390141],[-71.276172,42.392916],[-71.279583,42.398752],[-71.282825,42.399728],[-71.283233,42.398983],[-71.289724,42.401067],[-71.293379,42.402241],[-71.29952,42.401274],[-71.307469,42.400022],[-71.307762,42.399977],[-71.307992,42.399939],[-71.309965,42.399594],[-71.312223,42.395824],[-71.313524,42.39628],[-71.315244,42.39348],[-71.317749,42.392169],[-71.321524,42.392683],[-71.334569,42.396114]]]}},{"type":"Feature","properties":{"zcta5":"01463","AFFGEOID10":"8600000US01463","GEOID10":"01463","ALAND10":58485761,"AWATER10":1531789,"county_name":"Middlesex","state_code":"MA","county_state":"Middlesex County, MA","county_fips":"25017","risk_level_county":"Lower Risk (80–84% vaccinated)","mean_vaccination_rate_county":82.72,"risk_level_zcta":"Lower Risk (80–84% vaccinated)","mean_vaccination_rate_zips":80.27,"cases":2},"geometry":{"type":"Polygon","coordinates":[[[-71.65187391472301,42.7052307655759],[-71.650721,42.69092],[-71.651989,42.683711],[-71.653016,42.677873],[-71.653497,42.675142],[-71.654896,42.667188],[-71.657576,42.651954],[-71.65793,42.649944],[-71.656412,42.649723],[-71.652466,42.645755],[-71.648988,42.64423],[-71.647027,42.644155],[-71.646916,42.644126],[-71.64261,42.64073],[-71.64074,42.639266],[-71.630784,42.635163],[-71.615525,42.629273],[-71.61418,42.628498],[-71.608,42.627376],[-71.607251,42.630219],[-71.605621,42.631026],[-71.603562,42.629864],[-71.60091,42.626254],[-71.599644,42.625821],[-71.595988,42.626337],[-71.593308,42.626317],[-71.593704,42.628035],[-71.592952,42.629272],[-71.587919,42.630833],[-71.589216,42.632915],[-71.592958,42.633122],[-71.592589,42.634595],[-71.591262,42.635728],[-71.592426,42.636567],[-71.59175,42.637398],[-71.588839,42.637151],[-71.587327,42.639415],[-71.586151,42.644169],[-71.58715,42.644963],[-71.586477,42.646419],[-71.583823,42.646029],[-71.582961,42.644138],[-71.57985,42.647911],[-71.579929,42.649289],[-71.5791,42.651385],[-71.579436,42.65415],[-71.576957,42.654778],[-71.555035,42.659582],[-71.555511,42.658755],[-71.552421,42.660124],[-71.537136,42.663495],[-71.532513,42.669061],[-71.538858,42.67417],[-71.553674,42.675882],[-71.557464,42.676333],[-71.556103,42.677298],[-71.555813,42.677718],[-71.555529,42.678399],[-71.555695,42.682523],[-71.556382,42.684156],[-71.556753,42.688773],[-71.55311,42.692873],[-71.550144,42.693969],[-71.549359,42.694459],[-71.544392,42.698871],[-71.5425377313421,42.702672336764],[-71.5429610720437,42.7026823690646],[-71.54296182494559,42.702682386906794],[-71.55269269071229,42.7029129883339],[-71.5672917924266,42.7032589569013],[-71.6306223191203,42.7047597596236],[-71.631814,42.704788],[-71.636214,42.704888],[-71.65187391472301,42.7052307655759]]]}},{"type":"Feature","properties":{"zcta5":"01464","AFFGEOID10":"8600000US01464","GEOID10":"01464","ALAND10":38791621,"AWATER10":204573,"county_name":"Middlesex","state_code":"MA","county_state":"Middlesex County, MA","county_fips":"25017","risk_level_county":"Lower Risk (80–84% vaccinated)","mean_vaccination_rate_county":82.72,"risk_level_zcta":"Medium Risk (70–79% vaccinated)","mean_vaccination_rate_zips":75.48,"cases":2},"geometry":{"type":"Polygon","coordinates":[[[-71.664601,42.611598],[-71.666957,42.598631],[-71.6673,42.596739],[-71.670866,42.577105],[-71.675801,42.549856],[-71.676618,42.545432],[-71.677275,42.541689],[-71.678969,42.53043],[-71.663981,42.528195],[-71.654519,42.526778],[-71.651713,42.526391],[-71.651482,42.526349],[-71.650546,42.526181],[-71.643407,42.525132],[-71.635869,42.524024],[-71.638938,42.528783],[-71.639206,42.530957],[-71.63665,42.533127],[-71.636432,42.534367],[-71.641242,42.534799],[-71.640968,42.533831],[-71.64677,42.532895],[-71.647632,42.535305],[-71.645024,42.538305],[-71.643843,42.537666],[-71.643592,42.541752],[-71.638784,42.541223],[-71.635865,42.541998],[-71.633769,42.541038],[-71.632017,42.544518],[-71.630262,42.545827],[-71.628475,42.548001],[-71.625126,42.550099],[-71.619927,42.552502],[-71.616128,42.55354],[-71.611476,42.55384],[-71.61091,42.554966],[-71.612509,42.558921],[-71.615128,42.559197],[-71.6172,42.56123],[-71.619916,42.56243],[-71.625085,42.566594],[-71.626598,42.570006],[-71.624305,42.571414],[-71.619623,42.572815],[-71.616699,42.575208],[-71.614193,42.575134],[-71.613463,42.576642],[-71.609547,42.578411],[-71.609943,42.57978],[-71.609192,42.581215],[-71.61085,42.581141],[-71.610827,42.582592],[-71.613534,42.581911],[-71.613297,42.582939],[-71.614802,42.584367],[-71.613832,42.585439],[-71.615594,42.586236],[-71.619436,42.585798],[-71.61888,42.587584],[-71.620367,42.587576],[-71.623906,42.590724],[-71.623308,42.592833],[-71.626036,42.593566],[-71.62619,42.598404],[-71.628311,42.600268],[-71.627606,42.602883],[-71.628927,42.602294],[-71.630346,42.603725],[-71.630077,42.607107],[-71.632269,42.607562],[-71.634804,42.609272],[-71.635375,42.610751],[-71.63405,42.612615],[-71.635713,42.612409],[-71.640021,42.613972],[-71.643727,42.615965],[-71.644115,42.617317],[-71.64467,42.618104],[-71.64373,42.619618],[-71.64421,42.622242],[-71.646038,42.623652],[-71.645523,42.624376],[-71.646975,42.626584],[-71.647796,42.624834],[-71.650187,42.626783],[-71.649602,42.62729],[-71.650333,42.628997],[-71.651761,42.630319],[-71.653085,42.630555],[-71.657686,42.633281],[-71.657977,42.634208],[-71.658842,42.634102],[-71.660464,42.635135],[-71.664601,42.611598]]]}},{"type":"Feature","properties":{"zcta5":"01742","AFFGEOID10":"8600000US01742","GEOID10":"01742","ALAND10":63287946,"AWATER10":3359587,"county_name":"Middlesex","state_code":"MA","county_state":"Middlesex County, MA","county_fips":"25017","risk_level_county":"Lower Risk (80–84% vaccinated)","mean_vaccination_rate_county":82.72,"risk_level_zcta":"Lower Risk (80–84% vaccinated)","mean_vaccination_rate_zips":82.05,"cases":2},"geometry":{"type":"Polygon","coordinates":[[[-71.430389,42.436937],[-71.396264,42.42402],[-71.382801,42.418949],[-71.36634,42.41272],[-71.365212,42.413353],[-71.363928,42.416022],[-71.364573,42.420079],[-71.362562,42.421056],[-71.359152,42.420666],[-71.357084,42.419826],[-71.354475,42.421992],[-71.354461,42.422816],[-71.35256,42.426923],[-71.335379,42.437776],[-71.333575,42.439249],[-71.333879,42.439764],[-71.338987,42.443093],[-71.340057,42.444271],[-71.337851,42.444632],[-71.328183,42.447393],[-71.326574,42.447922],[-71.326696,42.44778],[-71.326679,42.447554],[-71.326472,42.447373],[-71.324756,42.446201],[-71.322971,42.447626],[-71.320298,42.449734],[-71.320261,42.449764],[-71.32013,42.449866],[-71.319406,42.450442],[-71.313618,42.455023],[-71.309929,42.453248],[-71.304809,42.45276],[-71.303416,42.460067],[-71.303191,42.461254],[-71.298845,42.462669],[-71.289302,42.464557],[-71.289676,42.466182],[-71.29872,42.472909],[-71.300818,42.473652],[-71.301868,42.473266],[-71.303804,42.47444],[-71.30515,42.474599],[-71.306552,42.474427],[-71.309465,42.476404],[-71.313768,42.474182],[-71.316947,42.476682],[-71.318562,42.478538],[-71.321268,42.480515],[-71.32099,42.481497],[-71.32077,42.482256],[-71.318147,42.482839],[-71.317161,42.483566],[-71.31719,42.484694],[-71.319303,42.486289],[-71.318585,42.491157],[-71.318305,42.498194],[-71.317538,42.502425],[-71.353624,42.50292],[-71.369926,42.503723],[-71.380447,42.504243],[-71.381944,42.504317],[-71.384957,42.504466],[-71.386462,42.502222],[-71.392873,42.4999],[-71.38948,42.498091],[-71.390512,42.497118],[-71.399494,42.492636],[-71.397865,42.49205],[-71.393882,42.491215],[-71.430389,42.436937]]]}},{"type":"Feature","properties":{"zcta5":"01746","AFFGEOID10":"8600000US01746","GEOID10":"01746","ALAND10":48312692,"AWATER10":1035601,"county_name":"Middlesex","state_code":"MA","county_state":"Middlesex County, MA","county_fips":"25017","risk_level_county":"Lower Risk (80–84% vaccinated)","mean_vaccination_rate_county":82.72,"risk_level_zcta":"Lower Risk (80–84% vaccinated)","mean_vaccination_rate_zips":84.59,"cases":2},"geometry":{"type":"Polygon","coordinates":[[[-71.502626,42.191416],[-71.497378,42.166643],[-71.493136,42.16621],[-71.484633,42.166023],[-71.480392,42.165925],[-71.478027,42.165871],[-71.478119,42.156782],[-71.472744,42.156873],[-71.463957,42.158239],[-71.444067,42.174889],[-71.430174,42.179386],[-71.42373,42.179253],[-71.42355,42.178131],[-71.402295,42.178794],[-71.404427,42.188433],[-71.392975,42.190517],[-71.385227,42.19193],[-71.384765,42.192014],[-71.380182,42.201759],[-71.386058,42.203626],[-71.388206,42.204303],[-71.388489,42.208005],[-71.391706,42.209742],[-71.392373,42.208949],[-71.393923,42.207089],[-71.397315,42.207927],[-71.397529,42.210302],[-71.398603,42.211207],[-71.400191,42.211791],[-71.401154,42.212958],[-71.403524,42.214142],[-71.403709,42.214861],[-71.402022,42.215399],[-71.409953,42.219008],[-71.410091,42.219816],[-71.408961,42.222455],[-71.40969,42.22604],[-71.412109,42.227651],[-71.413551,42.234815],[-71.417436,42.237958],[-71.420075,42.238123],[-71.431492,42.236356],[-71.46711,42.230773],[-71.463921,42.226718],[-71.460271,42.216251],[-71.479593,42.205559],[-71.482345,42.204035],[-71.496335,42.195058],[-71.502626,42.191416]]]}},{"type":"Feature","properties":{"zcta5":"01749","AFFGEOID10":"8600000US01749","GEOID10":"01749","ALAND10":29854090,"AWATER10":881206,"county_name":"Middlesex","state_code":"MA","county_state":"Middlesex County, MA","county_fips":"25017","risk_level_county":"Lower Risk (80–84% vaccinated)","mean_vaccination_rate_county":82.72,"risk_level_zcta":"Lower Risk (80–84% vaccinated)","mean_vaccination_rate_zips":82.67,"cases":2},"geometry":{"type":"Polygon","coordinates":[[[-71.604251,42.397703],[-71.602537,42.396942],[-71.590558,42.391619],[-71.580043,42.386949],[-71.588303,42.381967],[-71.607759,42.370022],[-71.603313,42.36741],[-71.603065,42.367267],[-71.528309,42.375119],[-71.515118,42.376501],[-71.505594,42.377497],[-71.48898,42.379217],[-71.475505,42.380632],[-71.472678,42.390025],[-71.475884,42.390791],[-71.484139,42.392793],[-71.486288,42.393451],[-71.487738,42.394968],[-71.486949,42.396024],[-71.489919,42.396332],[-71.49088,42.395261],[-71.492977,42.396398],[-71.500261,42.395446],[-71.503848,42.397482],[-71.510805,42.397524],[-71.517924,42.398154],[-71.526822,42.396065],[-71.528049,42.401524],[-71.534341,42.403633],[-71.5591,42.411943],[-71.564584,42.410928],[-71.577884,42.408465],[-71.579095,42.408239],[-71.58526,42.407097],[-71.596073,42.401739],[-71.602631,42.3985],[-71.604251,42.397703]]]}},{"type":"Feature","properties":{"zcta5":"01752","AFFGEOID10":"8600000US01752","GEOID10":"01752","ALAND10":54039295,"AWATER10":3201505,"county_name":"Middlesex","state_code":"MA","county_state":"Middlesex County, MA","county_fips":"25017","risk_level_county":"Lower Risk (80–84% vaccinated)","mean_vaccination_rate_county":82.72,"risk_level_zcta":"Medium Risk (70–79% vaccinated)","mean_vaccination_rate_zips":77.29,"cases":2},"geometry":{"type":"Polygon","coordinates":[[[-71.624702,42.350465],[-71.625825,42.349724],[-71.62417,42.348287],[-71.620658,42.345249],[-71.61826,42.342589],[-71.616459,42.341591],[-71.611573,42.339008],[-71.604099,42.336768],[-71.603591,42.331676],[-71.605266,42.33016],[-71.601885,42.326971],[-71.597286,42.320964],[-71.595644,42.319906],[-71.592502,42.317901],[-71.585168,42.310977],[-71.581946,42.312855],[-71.569085,42.320373],[-71.551126,42.326395],[-71.516527,42.330336],[-71.508216,42.327928],[-71.486797,42.330189],[-71.483298,42.35313],[-71.475505,42.380632],[-71.48898,42.379217],[-71.505594,42.377497],[-71.515118,42.376501],[-71.528309,42.375119],[-71.603065,42.367267],[-71.606999,42.361677],[-71.609875,42.357603],[-71.610007,42.357403],[-71.615982,42.354582],[-71.624329,42.35064],[-71.624702,42.350465]]]}},{"type":"Feature","properties":{"zcta5":"01776","AFFGEOID10":"8600000US01776","GEOID10":"01776","ALAND10":62779719,"AWATER10":1260703,"county_name":"Middlesex","state_code":"MA","county_state":"Middlesex County, MA","county_fips":"25017","risk_level_county":"Lower Risk (80–84% vaccinated)","mean_vaccination_rate_county":82.72,"risk_level_zcta":"Lowest Risk (85%+)","mean_vaccination_rate_zips":88.53,"cases":2},"geometry":{"type":"Polygon","coordinates":[[[-71.475505,42.380632],[-71.483298,42.35313],[-71.396717,42.341045],[-71.397982,42.343215],[-71.392653,42.344404],[-71.391369,42.345209],[-71.387718,42.344829],[-71.387939,42.348636],[-71.388961,42.350022],[-71.390111,42.354812],[-71.390809,42.355237],[-71.391671,42.36098],[-71.38614,42.361297],[-71.386659,42.361401],[-71.387824,42.362991],[-71.391162,42.363062],[-71.390031,42.365231],[-71.389915,42.365326],[-71.390119,42.365709],[-71.390116,42.367859],[-71.387419,42.369953],[-71.388781,42.371481],[-71.386603,42.37307],[-71.387814,42.375278],[-71.387474,42.375406],[-71.383484,42.376612],[-71.382973,42.378212],[-71.384037,42.37998],[-71.381364,42.38342],[-71.378829,42.384434],[-71.378537,42.385803],[-71.377351,42.386613],[-71.377191,42.387818],[-71.375472,42.388679],[-71.373896,42.38734],[-71.372688,42.387206],[-71.372153,42.389366],[-71.37068,42.388568],[-71.367839,42.390061],[-71.365716,42.3894],[-71.364429,42.390222],[-71.364795,42.392187],[-71.362392,42.391669],[-71.361794,42.392558],[-71.362187,42.394036],[-71.361626,42.395317],[-71.362421,42.396328],[-71.364461,42.396294],[-71.369273,42.39778],[-71.36984,42.398642],[-71.367244,42.400037],[-71.367347,42.400512],[-71.369302,42.400693],[-71.369669,42.401356],[-71.368088,42.403918],[-71.37037,42.405077],[-71.373433,42.405565],[-71.374567,42.407238],[-71.374425,42.407939],[-71.370307,42.40982],[-71.367724,42.410528],[-71.367348,42.412165],[-71.36634,42.41272],[-71.382801,42.418949],[-71.396264,42.42402],[-71.430389,42.436937],[-71.442683,42.406952],[-71.445847,42.406434],[-71.469452,42.402631],[-71.471073,42.396241],[-71.471344,42.395175],[-71.472678,42.390025],[-71.475505,42.380632]]]}},{"type":"Feature","properties":{"zcta5":"01778","AFFGEOID10":"8600000US01778","GEOID10":"01778","ALAND10":39384513,"AWATER10":2075865,"county_name":"Middlesex","state_code":"MA","county_state":"Middlesex County, MA","county_fips":"25017","risk_level_county":"Lower Risk (80–84% vaccinated)","mean_vaccination_rate_county":82.72,"risk_level_zcta":"Lowest Risk (85%+)","mean_vaccination_rate_zips":86.95,"cases":2},"geometry":{"type":"Polygon","coordinates":[[[-71.36634,42.41272],[-71.367348,42.412165],[-71.367724,42.410528],[-71.370307,42.40982],[-71.374425,42.407939],[-71.374567,42.407238],[-71.373433,42.405565],[-71.37037,42.405077],[-71.368088,42.403918],[-71.369669,42.401356],[-71.369302,42.400693],[-71.367347,42.400512],[-71.367244,42.400037],[-71.36984,42.398642],[-71.369273,42.39778],[-71.364461,42.396294],[-71.362421,42.396328],[-71.361626,42.395317],[-71.362187,42.394036],[-71.361794,42.392558],[-71.362392,42.391669],[-71.364795,42.392187],[-71.364429,42.390222],[-71.365716,42.3894],[-71.367839,42.390061],[-71.37068,42.388568],[-71.372153,42.389366],[-71.372688,42.387206],[-71.373896,42.38734],[-71.375472,42.388679],[-71.377191,42.387818],[-71.377351,42.386613],[-71.378537,42.385803],[-71.378829,42.384434],[-71.381364,42.38342],[-71.384037,42.37998],[-71.382973,42.378212],[-71.383484,42.376612],[-71.387474,42.375406],[-71.387814,42.375278],[-71.386603,42.37307],[-71.388781,42.371481],[-71.387419,42.369953],[-71.390116,42.367859],[-71.390119,42.365709],[-71.389915,42.365326],[-71.390031,42.365231],[-71.391162,42.363062],[-71.387824,42.362991],[-71.386659,42.361401],[-71.38614,42.361297],[-71.391671,42.36098],[-71.390809,42.355237],[-71.390111,42.354812],[-71.388961,42.350022],[-71.387939,42.348636],[-71.387718,42.344829],[-71.391369,42.345209],[-71.392653,42.344404],[-71.397982,42.343215],[-71.396717,42.341045],[-71.394932,42.338888],[-71.394971,42.336526],[-71.394293,42.335556],[-71.392888,42.33561],[-71.391311,42.336893],[-71.388873,42.337445],[-71.388832,42.336269],[-71.381757,42.328469],[-71.377687,42.314669],[-71.373395,42.309855],[-71.370224,42.310576],[-71.368753,42.312837],[-71.364891,42.315346],[-71.35991,42.317149],[-71.355199,42.31717],[-71.345998,42.314804],[-71.33903,42.322617],[-71.339334,42.322142],[-71.333246,42.326637],[-71.328438,42.329119],[-71.328779,42.331683],[-71.335878,42.393942],[-71.334569,42.396114],[-71.332599,42.399441],[-71.365813,42.412508],[-71.36634,42.41272]]]}},{"type":"Feature","properties":{"zcta5":"01803","AFFGEOID10":"8600000US01803","GEOID10":"01803","ALAND10":30330398,"AWATER10":294382,"county_name":"Middlesex","state_code":"MA","county_state":"Middlesex County, MA","county_fips":"25017","risk_level_county":"Lower Risk (80–84% vaccinated)","mean_vaccination_rate_county":82.72,"risk_level_zcta":"Lower Risk (80–84% vaccinated)","mean_vaccination_rate_zips":82.52,"cases":2},"geometry":{"type":"Polygon","coordinates":[[[-71.231897,42.506367],[-71.229573,42.501792],[-71.234292,42.501762],[-71.234073,42.500931],[-71.235182,42.500415],[-71.240906,42.490013],[-71.212116,42.466244],[-71.210556,42.4677],[-71.210289,42.470915],[-71.204317,42.465845],[-71.188279,42.479696],[-71.18548,42.479967],[-71.186506,42.48098],[-71.182944,42.482122],[-71.181501,42.483622],[-71.168924,42.487087],[-71.170719,42.489755],[-71.168914,42.490547],[-71.168444,42.498299],[-71.170029,42.515499],[-71.170373,42.515816],[-71.192952,42.53452],[-71.195119,42.535664],[-71.197738,42.538414],[-71.199747,42.539494],[-71.205032,42.544473],[-71.217956,42.524047],[-71.22187,42.525234],[-71.231897,42.506367]]]}},{"type":"Feature","properties":{"zcta5":"01827","AFFGEOID10":"8600000US01827","GEOID10":"01827","ALAND10":42609582,"AWATER10":782595,"county_name":"Middlesex","state_code":"MA","county_state":"Middlesex County, MA","county_fips":"25017","risk_level_county":"Lower Risk (80–84% vaccinated)","mean_vaccination_rate_county":82.72,"risk_level_zcta":"Higher Risk (60–69% vaccinated)","mean_vaccination_rate_zips":68.1,"cases":2},"geometry":{"type":"Polygon","coordinates":[[[-71.5425377313421,42.702672336764],[-71.544392,42.698871],[-71.549359,42.694459],[-71.550144,42.693969],[-71.55311,42.692873],[-71.556753,42.688773],[-71.556382,42.684156],[-71.555695,42.682523],[-71.555529,42.678399],[-71.555813,42.677718],[-71.556103,42.677298],[-71.557464,42.676333],[-71.553674,42.675882],[-71.538858,42.67417],[-71.532513,42.669061],[-71.537136,42.663495],[-71.536087,42.657666],[-71.534296,42.648362],[-71.531432,42.647707],[-71.514969,42.643623],[-71.505942,42.646636],[-71.496978,42.649635],[-71.492055,42.649113],[-71.489029,42.649197],[-71.482511,42.65103],[-71.479484,42.658794],[-71.474784,42.649889],[-71.45955,42.657231],[-71.457188,42.658369],[-71.458683,42.659755],[-71.45493,42.660105],[-71.455438,42.661211],[-71.449754,42.661827],[-71.447964,42.662673],[-71.446956,42.663168],[-71.447835,42.66661],[-71.451527,42.669758],[-71.452369,42.669386],[-71.452343,42.669743],[-71.446418,42.67041],[-71.446709,42.672794],[-71.44803,42.680913],[-71.450282,42.685296],[-71.451466,42.68536],[-71.452088,42.687154],[-71.456121,42.686352],[-71.457027,42.690657],[-71.459532,42.690421],[-71.461033,42.691969],[-71.456336,42.695849],[-71.45768776362699,42.7006615677213],[-71.50384706992209,42.7017554479741],[-71.5038522234691,42.7017555701025],[-71.5064568656807,42.701817294745],[-71.51486137421709,42.7020164642443],[-71.5390219975251,42.702589021131594],[-71.5390281902916,42.702589167887396],[-71.540359414302,42.702620715147795],[-71.54203645674309,42.702660457591],[-71.5425377313421,42.702672336764]]]}},{"type":"Feature","properties":{"zcta5":"01432","AFFGEOID10":"8600000US01432","GEOID10":"01432","ALAND10":21939380,"AWATER10":1211472,"county_name":"Middlesex","state_code":"MA","county_state":"Middlesex County, MA","county_fips":"25017","risk_level_county":"Lower Risk (80–84% vaccinated)","mean_vaccination_rate_county":82.72,"risk_level_zcta":"Lower Risk (80–84% vaccinated)","mean_vaccination_rate_zips":82.49,"cases":2},"geometry":{"type":"Polygon","coordinates":[[[-71.609192,42.581215],[-71.609943,42.57978],[-71.609547,42.578411],[-71.613463,42.576642],[-71.614193,42.575134],[-71.616699,42.575208],[-71.619623,42.572815],[-71.624305,42.571414],[-71.626598,42.570006],[-71.625085,42.566594],[-71.619916,42.56243],[-71.6172,42.56123],[-71.615128,42.559197],[-71.612509,42.558921],[-71.61091,42.554966],[-71.608908,42.55291],[-71.605441,42.553988],[-71.601097,42.555852],[-71.599818,42.557488],[-71.599646,42.556459],[-71.597895,42.556972],[-71.597906,42.5585],[-71.596235,42.558542],[-71.590891,42.554762],[-71.587321,42.553504],[-71.578683,42.551926],[-71.575814,42.551891],[-71.575681,42.551109],[-71.571721,42.552676],[-71.572041,42.548987],[-71.556019,42.546119],[-71.552668,42.545516],[-71.53878,42.54303],[-71.542323,42.550334],[-71.533031,42.55273],[-71.532379,42.553829],[-71.52788,42.556226],[-71.523187,42.559826],[-71.520892,42.564311],[-71.511459,42.569386],[-71.529436,42.572124],[-71.571232,42.578499],[-71.578036,42.579546],[-71.580112,42.579849],[-71.586244,42.580783],[-71.600847,42.582998],[-71.602362,42.58202],[-71.607257,42.582938],[-71.609192,42.581215]]]}},{"type":"Feature","properties":{"zcta5":"02476","AFFGEOID10":"8600000US02476","GEOID10":"02476","ALAND10":5420706,"AWATER10":191590,"county_name":"Middlesex","state_code":"MA","county_state":"Middlesex County, MA","county_fips":"25017","risk_level_county":"Lower Risk (80–84% vaccinated)","mean_vaccination_rate_county":82.72,"risk_level_zcta":"Lower Risk (80–84% vaccinated)","mean_vaccination_rate_zips":81.99,"cases":2},"geometry":{"type":"Polygon","coordinates":[[[-71.192131,42.425451],[-71.196315,42.421429],[-71.202612,42.414826],[-71.194257,42.41339],[-71.195194,42.415141],[-71.194291,42.415321],[-71.187233,42.412574],[-71.182147,42.410978],[-71.177151,42.410107],[-71.171576,42.408465],[-71.1639,42.405707],[-71.159616,42.404606],[-71.15686,42.403014],[-71.15612,42.406241],[-71.154711,42.407223],[-71.156339,42.410443],[-71.152502,42.411926],[-71.150862,42.411427],[-71.152421,42.414789],[-71.154691,42.416],[-71.154225,42.417397],[-71.159875,42.419361],[-71.163459,42.421023],[-71.168619,42.42196],[-71.17379,42.425338],[-71.176317,42.425964],[-71.18219,42.425443],[-71.182707,42.424735],[-71.186149,42.425123],[-71.187816,42.426681],[-71.190445,42.427215],[-71.192131,42.425451]]]}},{"type":"Feature","properties":{"zcta5":"01876","AFFGEOID10":"8600000US01876","GEOID10":"01876","ALAND10":53002803,"AWATER10":924894,"county_name":"Middlesex","state_code":"MA","county_state":"Middlesex County, MA","county_fips":"25017","risk_level_county":"Lower Risk (80–84% vaccinated)","mean_vaccination_rate_county":82.72,"risk_level_zcta":"Lowest Risk (85%+)","mean_vaccination_rate_zips":86.44,"cases":2},"geometry":{"type":"Polygon","coordinates":[[[-71.275154,42.656216],[-71.272702,42.650852],[-71.271707,42.648018],[-71.271188,42.644242],[-71.274709,42.628859],[-71.277791,42.620847],[-71.283427,42.615299],[-71.296271,42.612675],[-71.261377,42.596538],[-71.258986,42.598823],[-71.258257,42.600089],[-71.255052,42.602784],[-71.250279,42.6027],[-71.248861,42.602175],[-71.248192,42.600119],[-71.250209,42.597537],[-71.249443,42.593529],[-71.251331,42.591909],[-71.242829,42.587959],[-71.211127,42.573313],[-71.192646,42.564583],[-71.175195,42.592266],[-71.165009,42.597955],[-71.167254,42.599496],[-71.180481,42.607709],[-71.181167,42.608242],[-71.180681,42.609117],[-71.177835,42.608827],[-71.177298,42.612118],[-71.177961,42.612814],[-71.176702,42.614253],[-71.172618,42.615203],[-71.171488,42.616384],[-71.172108,42.616751],[-71.198951,42.629652],[-71.200962,42.630418],[-71.205755,42.632919],[-71.2261,42.642491],[-71.228311,42.643751],[-71.255749,42.656929],[-71.257234,42.656831],[-71.264347,42.657667],[-71.273449,42.65655],[-71.275154,42.656216]]]}},{"type":"Feature","properties":{"zcta5":"02143","AFFGEOID10":"8600000US02143","GEOID10":"02143","ALAND10":3999025,"AWATER10":0,"county_name":"Middlesex","state_code":"MA","county_state":"Middlesex County, MA","county_fips":"25017","risk_level_county":"Lower Risk (80–84% vaccinated)","mean_vaccination_rate_county":82.72,"risk_level_zcta":"Lower Risk (80–84% vaccinated)","mean_vaccination_rate_zips":80.9,"cases":2},"geometry":{"type":"Polygon","coordinates":[[[-71.104022,42.391463],[-71.106774,42.391879],[-71.108151,42.390689],[-71.111903,42.392285],[-71.114407,42.389352],[-71.116608,42.389226],[-71.116715,42.387228],[-71.118159,42.388025],[-71.115584,42.385158],[-71.112939,42.38285],[-71.111656,42.381749],[-71.108785,42.380131],[-71.106383,42.378286],[-71.107272,42.378087],[-71.105427,42.376332],[-71.103172,42.374297],[-71.097463,42.374431],[-71.094749,42.374292],[-71.089783,42.373948],[-71.086088,42.373059],[-71.079097,42.374183],[-71.076003,42.37403],[-71.073857,42.372602],[-71.072689,42.373222],[-71.075657,42.380196],[-71.0806,42.381023],[-71.080686,42.38151],[-71.080884,42.382141],[-71.088116,42.380821],[-71.090057,42.382816],[-71.089769,42.383315],[-71.094742,42.387136],[-71.104022,42.391463]]]}},{"type":"Feature","properties":{"zcta5":"02144","AFFGEOID10":"8600000US02144","GEOID10":"02144","ALAND10":2803187,"AWATER10":12779,"county_name":"Middlesex","state_code":"MA","county_state":"Middlesex County, MA","county_fips":"25017","risk_level_county":"Lower Risk (80–84% vaccinated)","mean_vaccination_rate_county":82.72,"risk_level_zcta":"Lower Risk (80–84% vaccinated)","mean_vaccination_rate_zips":81.29,"cases":2},"geometry":{"type":"Polygon","coordinates":[[[-71.132472,42.414573],[-71.132415,42.40901],[-71.13412,42.406734],[-71.134514,42.404167],[-71.1313,42.40158],[-71.122987,42.392377],[-71.120887,42.393812],[-71.120205,42.392759],[-71.119404,42.391875],[-71.118308,42.390919],[-71.118015,42.390527],[-71.117085,42.389581],[-71.118159,42.388025],[-71.116715,42.387228],[-71.116608,42.389226],[-71.114407,42.389352],[-71.111903,42.392285],[-71.108151,42.390689],[-71.106774,42.391879],[-71.104022,42.391463],[-71.106171,42.392765],[-71.11109,42.394013],[-71.108861,42.397193],[-71.11075,42.399703],[-71.113682,42.400774],[-71.115105,42.40246],[-71.115469,42.405048],[-71.117419,42.405829],[-71.117322,42.404854],[-71.119931,42.405082],[-71.12144,42.404567],[-71.119367,42.403746],[-71.117444,42.404015],[-71.117062,42.401181],[-71.120071,42.402447],[-71.123482,42.40446],[-71.12242,42.406029],[-71.124809,42.406999],[-71.123996,42.408268],[-71.12336,42.409191],[-71.126201,42.40931],[-71.128101,42.41072],[-71.12704,42.412328],[-71.129922,42.413327],[-71.126992,42.41663],[-71.12678,42.41806],[-71.129429,42.416586],[-71.132472,42.414573]]]}},{"type":"Feature","properties":{"zcta5":"02145","AFFGEOID10":"8600000US02145","GEOID10":"02145","ALAND10":3615597,"AWATER10":229489,"county_name":"Middlesex","state_code":"MA","county_state":"Middlesex County, MA","county_fips":"25017","risk_level_county":"Lower Risk (80–84% vaccinated)","mean_vaccination_rate_county":82.72,"risk_level_zcta":"Lower Risk (80–84% vaccinated)","mean_vaccination_rate_zips":80.09,"cases":2},"geometry":{"type":"Polygon","coordinates":[[[-71.11075,42.399703],[-71.108861,42.397193],[-71.11109,42.394013],[-71.106171,42.392765],[-71.104022,42.391463],[-71.094742,42.387136],[-71.089769,42.383315],[-71.090057,42.382816],[-71.088116,42.380821],[-71.080884,42.382141],[-71.079785,42.382932],[-71.073496,42.391796],[-71.075586,42.395247],[-71.075996,42.396396],[-71.083423,42.400013],[-71.085687,42.400651],[-71.091993,42.3989],[-71.096689,42.400455],[-71.099608,42.397121],[-71.099683,42.397181],[-71.100029,42.397166],[-71.100372,42.39719],[-71.100603,42.397235],[-71.101098,42.396411],[-71.11075,42.399703]]]}},{"type":"Feature","properties":{"zcta5":"01434","AFFGEOID10":"8600000US01434","GEOID10":"01434","ALAND10":13669087,"AWATER10":401234,"county_name":"Middlesex","state_code":"MA","county_state":"Middlesex County, MA","county_fips":"25017","risk_level_county":"Lower Risk (80–84% vaccinated)","mean_vaccination_rate_county":82.72,"risk_level_zcta":"Medium Risk (70–79% vaccinated)","mean_vaccination_rate_zips":71.96,"cases":2},"geometry":{"type":"Polygon","coordinates":[[[-71.61091,42.554966],[-71.611476,42.55384],[-71.616128,42.55354],[-71.619927,42.552502],[-71.625126,42.550099],[-71.628475,42.548001],[-71.630262,42.545827],[-71.632017,42.544518],[-71.633769,42.541038],[-71.635865,42.541998],[-71.638784,42.541223],[-71.643592,42.541752],[-71.643843,42.537666],[-71.645024,42.538305],[-71.647632,42.535305],[-71.64677,42.532895],[-71.640968,42.533831],[-71.641242,42.534799],[-71.636432,42.534367],[-71.63665,42.533127],[-71.639206,42.530957],[-71.638938,42.528783],[-71.635869,42.524024],[-71.636144,42.523098],[-71.633938,42.521932],[-71.632526,42.52278],[-71.631533,42.5245],[-71.630925,42.525923],[-71.630108,42.525577],[-71.63117,42.523762],[-71.630512,42.522191],[-71.628112,42.522191],[-71.627912,42.522591],[-71.627712,42.523191],[-71.626712,42.523591],[-71.626041,42.524287],[-71.624723,42.523125],[-71.619317,42.522817],[-71.613651,42.520174],[-71.613156,42.520363],[-71.613267,42.51989],[-71.611547,42.518606],[-71.606651,42.517115],[-71.605273,42.518371],[-71.60109,42.52082],[-71.59901,42.522711],[-71.597709,42.525557],[-71.594791,42.53716],[-71.592153,42.537206],[-71.590883,42.538255],[-71.59076,42.53917],[-71.590513,42.539673],[-71.586669,42.541334],[-71.584392,42.541755],[-71.582167,42.543561],[-71.57852,42.548089],[-71.57541,42.549593],[-71.572041,42.548987],[-71.571721,42.552676],[-71.575681,42.551109],[-71.575814,42.551891],[-71.578683,42.551926],[-71.587321,42.553504],[-71.590891,42.554762],[-71.596235,42.558542],[-71.597906,42.5585],[-71.597895,42.556972],[-71.599646,42.556459],[-71.599818,42.557488],[-71.601097,42.555852],[-71.605441,42.553988],[-71.608908,42.55291],[-71.61091,42.554966]]]}},{"type":"Feature","properties":{"zcta5":"02478","AFFGEOID10":"8600000US02478","GEOID10":"02478","ALAND10":12026979,"AWATER10":183393,"county_name":"Middlesex","state_code":"MA","county_state":"Middlesex County, MA","county_fips":"25017","risk_level_county":"Lower Risk (80–84% vaccinated)","mean_vaccination_rate_county":82.72,"risk_level_zcta":"Lower Risk (80–84% vaccinated)","mean_vaccination_rate_zips":81.99,"cases":2},"geometry":{"type":"Polygon","coordinates":[[[-71.211261,42.406074],[-71.202628,42.403702],[-71.201702,42.402425],[-71.201507,42.400381],[-71.199552,42.398214],[-71.199429,42.39732],[-71.196815,42.395456],[-71.196428,42.393909],[-71.197902,42.392621],[-71.197028,42.391973],[-71.196817,42.389736],[-71.194886,42.388053],[-71.195531,42.3874],[-71.19446,42.386317],[-71.194177,42.386031],[-71.189159,42.380717],[-71.179495,42.380195],[-71.174732,42.37928],[-71.169082,42.377592],[-71.16142,42.376698],[-71.154395,42.375164],[-71.156231,42.380636],[-71.15542,42.38151],[-71.157792,42.382211],[-71.158016,42.382666],[-71.160488,42.386386],[-71.160332,42.386444],[-71.157984,42.387043],[-71.157118,42.39056],[-71.158387,42.394593],[-71.156304,42.395852],[-71.152245,42.400816],[-71.156321,42.402534],[-71.158083,42.402561],[-71.164067,42.405377],[-71.1639,42.405707],[-71.171576,42.408465],[-71.177151,42.410107],[-71.182147,42.410978],[-71.187233,42.412574],[-71.194291,42.415321],[-71.195194,42.415141],[-71.194257,42.41339],[-71.202612,42.414826],[-71.211261,42.406074]]]}},{"type":"Feature","properties":{"zcta5":"01852","AFFGEOID10":"8600000US01852","GEOID10":"01852","ALAND10":12872188,"AWATER10":596840,"county_name":"Middlesex","state_code":"MA","county_state":"Middlesex County, MA","county_fips":"25017","risk_level_county":"Lower Risk (80–84% vaccinated)","mean_vaccination_rate_county":82.72,"risk_level_zcta":"Medium Risk (70–79% vaccinated)","mean_vaccination_rate_zips":74.21,"cases":2},"geometry":{"type":"Polygon","coordinates":[[[-71.316782,42.64071],[-71.317841,42.640015],[-71.316283,42.638991],[-71.312679,42.632726],[-71.314481,42.631931],[-71.31877,42.627325],[-71.319529,42.621766],[-71.318819,42.617904],[-71.320025,42.616713],[-71.319771,42.615688],[-71.318365,42.613912],[-71.316851,42.61369],[-71.296205,42.614683],[-71.296872,42.613577],[-71.297028,42.613011],[-71.296271,42.612675],[-71.283427,42.615299],[-71.277791,42.620847],[-71.274709,42.628859],[-71.271188,42.644242],[-71.271707,42.648018],[-71.272702,42.650852],[-71.275154,42.656216],[-71.280042,42.654342],[-71.286011,42.649559],[-71.286868,42.647366],[-71.290483,42.645167],[-71.292447,42.644567],[-71.294312,42.644732],[-71.298716,42.646644],[-71.303228,42.647397],[-71.307923,42.649302],[-71.312395,42.652375],[-71.315973,42.648604],[-71.313111,42.648112],[-71.312971,42.645904],[-71.314443,42.646081],[-71.316379,42.64429],[-71.314798,42.64352],[-71.317869,42.641314],[-71.316782,42.64071]]]}},{"type":"Feature","properties":{"zcta5":"01887","AFFGEOID10":"8600000US01887","GEOID10":"01887","ALAND10":43987643,"AWATER10":445743,"county_name":"Middlesex","state_code":"MA","county_state":"Middlesex County, MA","county_fips":"25017","risk_level_county":"Lower Risk (80–84% vaccinated)","mean_vaccination_rate_county":82.72,"risk_level_zcta":"Lowest Risk (85%+)","mean_vaccination_rate_zips":87.63,"cases":2},"geometry":{"type":"Polygon","coordinates":[[[-71.211127,42.573313],[-71.215314,42.570345],[-71.214973,42.567747],[-71.215678,42.566279],[-71.215814,42.562524],[-71.218547,42.56151],[-71.208872,42.554536],[-71.211391,42.553071],[-71.20983,42.551444],[-71.210599,42.547665],[-71.212372,42.547544],[-71.209808,42.546017],[-71.206407,42.545832],[-71.205032,42.544473],[-71.199747,42.539494],[-71.197738,42.538414],[-71.195119,42.535664],[-71.192952,42.53452],[-71.170373,42.515816],[-71.135454,42.530001],[-71.132516,42.531286],[-71.131295,42.53182],[-71.136478,42.552367],[-71.136742,42.553464],[-71.130524,42.58321],[-71.135456,42.599116],[-71.141203,42.603207],[-71.143197,42.604039],[-71.148653,42.613168],[-71.154419,42.615268],[-71.156564,42.614977],[-71.158617,42.612948],[-71.159517,42.607659],[-71.160667,42.605318],[-71.163909,42.601852],[-71.165009,42.597955],[-71.175195,42.592266],[-71.192646,42.564583],[-71.211127,42.573313]]]}},{"type":"Feature","properties":{"zcta5":"02420","AFFGEOID10":"8600000US02420","GEOID10":"02420","ALAND10":17059236,"AWATER10":117936,"county_name":"Middlesex","state_code":"MA","county_state":"Middlesex County, MA","county_fips":"25017","risk_level_county":"Lower Risk (80–84% vaccinated)","mean_vaccination_rate_county":82.72,"risk_level_zcta":"Lower Risk (80–84% vaccinated)","mean_vaccination_rate_zips":83.83,"cases":2},"geometry":{"type":"Polygon","coordinates":[[[-71.255717,42.479747],[-71.253487,42.477679],[-71.247269,42.472899],[-71.244906,42.47027],[-71.2426,42.467023],[-71.244228,42.46597],[-71.240809,42.463899],[-71.244367,42.464636],[-71.239493,42.461651],[-71.238365,42.459728],[-71.239732,42.459256],[-71.237122,42.458039],[-71.232606,42.453043],[-71.233848,42.452399],[-71.231839,42.449772],[-71.230495,42.45019],[-71.229662,42.448667],[-71.22647,42.447005],[-71.222107,42.445815],[-71.216592,42.441755],[-71.214429,42.440764],[-71.212244,42.435939],[-71.210347,42.434868],[-71.20905,42.431687],[-71.207914,42.431428],[-71.209144,42.430105],[-71.208112,42.428977],[-71.206499,42.4287],[-71.203162,42.426727],[-71.200226,42.427536],[-71.196151,42.42601],[-71.19453,42.424904],[-71.192131,42.425451],[-71.190445,42.427215],[-71.185558,42.432313],[-71.182277,42.436279],[-71.177885,42.440201],[-71.182543,42.443893],[-71.185713,42.445004],[-71.189635,42.44983],[-71.193844,42.453141],[-71.195413,42.45359],[-71.198446,42.456982],[-71.206967,42.463624],[-71.204317,42.465845],[-71.210289,42.470915],[-71.210556,42.4677],[-71.212116,42.466244],[-71.240906,42.490013],[-71.251986,42.485015],[-71.255717,42.479747]]]}},{"type":"Feature","properties":{"zcta5":"02451","AFFGEOID10":"8600000US02451","GEOID10":"02451","ALAND10":14311318,"AWATER10":1825723,"county_name":"Middlesex","state_code":"MA","county_state":"Middlesex County, MA","county_fips":"25017","risk_level_county":"Lower Risk (80–84% vaccinated)","mean_vaccination_rate_county":82.72,"risk_level_zcta":"Lower Risk (80–84% vaccinated)","mean_vaccination_rate_zips":83.16,"cases":2},"geometry":{"type":"Polygon","coordinates":[[[-71.26723,42.424438],[-71.271765,42.416775],[-71.274421,42.409877],[-71.280265,42.411805],[-71.286031,42.404097],[-71.281205,42.402691],[-71.282825,42.399728],[-71.279583,42.398752],[-71.276172,42.392916],[-71.267761,42.390141],[-71.276517,42.374965],[-71.273623,42.373736],[-71.27075,42.369514],[-71.269175,42.370052],[-71.268164,42.373838],[-71.267311,42.37525],[-71.264472,42.376579],[-71.263198,42.374834],[-71.262149,42.375627],[-71.258414,42.375275],[-71.258186,42.376387],[-71.257779,42.375773],[-71.25533,42.376349],[-71.249207,42.376299],[-71.246516,42.375331],[-71.243814,42.375422],[-71.243893,42.376254],[-71.235767,42.376349],[-71.235762,42.378624],[-71.236495,42.381668],[-71.242139,42.381494],[-71.241724,42.383129],[-71.239123,42.383567],[-71.236912,42.383111],[-71.2392,42.390009],[-71.235875,42.396444],[-71.234761,42.397517],[-71.234244,42.399821],[-71.235103,42.401285],[-71.234057,42.402123],[-71.234056,42.405688],[-71.234512,42.4087],[-71.232919,42.413171],[-71.26723,42.424438]],[[-71.236525,42.404058],[-71.237182,42.404105],[-71.236401,42.407499],[-71.236078,42.405913],[-71.235773,42.405866],[-71.236525,42.404058]]]}},{"type":"Feature","properties":{"zcta5":"02452","AFFGEOID10":"8600000US02452","GEOID10":"02452","ALAND10":9585966,"AWATER10":87629,"county_name":"Middlesex","state_code":"MA","county_state":"Middlesex County, MA","county_fips":"25017","risk_level_county":"Lower Risk (80–84% vaccinated)","mean_vaccination_rate_county":82.72,"risk_level_zcta":"Medium Risk (70–79% vaccinated)","mean_vaccination_rate_zips":76.95,"cases":2},"geometry":{"type":"MultiPolygon","coordinates":[[[[-71.236525,42.404058],[-71.235773,42.405866],[-71.236078,42.405913],[-71.236401,42.407499],[-71.237182,42.404105],[-71.236525,42.404058]]],[[[-71.232919,42.413171],[-71.234512,42.4087],[-71.234056,42.405688],[-71.234057,42.402123],[-71.235103,42.401285],[-71.234244,42.399821],[-71.234761,42.397517],[-71.235875,42.396444],[-71.2392,42.390009],[-71.236912,42.383111],[-71.239123,42.383567],[-71.241724,42.383129],[-71.242139,42.381494],[-71.236495,42.381668],[-71.235762,42.378624],[-71.235767,42.376349],[-71.234809,42.375977],[-71.23325,42.376793],[-71.223629,42.377801],[-71.219115,42.380009],[-71.215332,42.381069],[-71.207621,42.382769],[-71.19446,42.386317],[-71.195531,42.3874],[-71.194886,42.388053],[-71.196817,42.389736],[-71.197028,42.391973],[-71.197902,42.392621],[-71.196428,42.393909],[-71.196815,42.395456],[-71.199429,42.39732],[-71.199552,42.398214],[-71.201507,42.400381],[-71.201702,42.402425],[-71.202628,42.403702],[-71.211261,42.406074],[-71.232919,42.413171]]]]}},{"type":"Feature","properties":{"zcta5":"02459","AFFGEOID10":"8600000US02459","GEOID10":"02459","ALAND10":12958671,"AWATER10":254764,"county_name":"Middlesex","state_code":"MA","county_state":"Middlesex County, MA","county_fips":"25017","risk_level_county":"Lower Risk (80–84% vaccinated)","mean_vaccination_rate_county":82.72,"risk_level_zcta":"Lowest Risk (85%+)","mean_vaccination_rate_zips":87.93,"cases":2},"geometry":{"type":"Polygon","coordinates":[[[-71.21708,42.337037],[-71.217586,42.333886],[-71.218047,42.333062],[-71.21711,42.331993],[-71.214768,42.332171],[-71.212693,42.332937],[-71.210016,42.332915],[-71.209318,42.334315],[-71.207795,42.333715],[-71.207015,42.330824],[-71.206178,42.330644],[-71.205773,42.327851],[-71.203343,42.327004],[-71.203507,42.325914],[-71.202073,42.324578],[-71.199704,42.324852],[-71.20233,42.322133],[-71.200655,42.321629],[-71.197993,42.3192],[-71.198764,42.319103],[-71.197282,42.318278],[-71.197568,42.316756],[-71.195547,42.316211],[-71.1982,42.314387],[-71.199796,42.312553],[-71.200185,42.311106],[-71.201987,42.309642],[-71.203796,42.310294],[-71.204793,42.308093],[-71.203469,42.307042],[-71.205714,42.306491],[-71.204912,42.300484],[-71.203982,42.300334],[-71.202564,42.298145],[-71.204419,42.297269],[-71.207881,42.297157],[-71.20635,42.294267],[-71.20524,42.289568],[-71.202975,42.288574],[-71.20159,42.288633],[-71.196732,42.286078],[-71.195793,42.286196],[-71.195268,42.287965],[-71.192645,42.287745],[-71.190934,42.28565],[-71.191155,42.283059],[-71.190904,42.283248],[-71.178636,42.294595],[-71.169808,42.300443],[-71.170416,42.302642],[-71.173011,42.301744],[-71.176625,42.302606],[-71.175242,42.305407],[-71.176323,42.308306],[-71.175953,42.310309],[-71.174395,42.310981],[-71.178847,42.314379],[-71.1811,42.31662],[-71.179658,42.318189],[-71.18198,42.319268],[-71.181458,42.321575],[-71.184488,42.321861],[-71.1851,42.322592],[-71.183348,42.322985],[-71.178551,42.322185],[-71.178459,42.323923],[-71.176455,42.324263],[-71.175658,42.326091],[-71.181524,42.33251],[-71.181342,42.334551],[-71.182456,42.336516],[-71.179616,42.33616],[-71.17788,42.339096],[-71.179437,42.341056],[-71.182896,42.341502],[-71.183452,42.340418],[-71.187245,42.341235],[-71.189123,42.340907],[-71.192248,42.341446],[-71.190389,42.344082],[-71.194105,42.344827],[-71.197066,42.343516],[-71.198875,42.340855],[-71.201305,42.3418],[-71.200915,42.341598],[-71.204606,42.340096],[-71.205303,42.338726],[-71.213466,42.337739],[-71.21547,42.336925],[-71.21708,42.337037]]]}},{"type":"Feature","properties":{"zcta5":"02472","AFFGEOID10":"8600000US02472","GEOID10":"02472","ALAND10":10455352,"AWATER10":344302,"county_name":"Middlesex","state_code":"MA","county_state":"Middlesex County, MA","county_fips":"25017","risk_level_county":"Lower Risk (80–84% vaccinated)","mean_vaccination_rate_county":82.72,"risk_level_zcta":"Lower Risk (80–84% vaccinated)","mean_vaccination_rate_zips":84.34,"cases":2},"geometry":{"type":"Polygon","coordinates":[[[-71.194177,42.386031],[-71.215515,42.367891],[-71.217547,42.368316],[-71.21719,42.366534],[-71.217061,42.366569],[-71.216445,42.365913],[-71.210184,42.364114],[-71.207221,42.364137],[-71.204486,42.365785],[-71.200929,42.366116],[-71.195422,42.367825],[-71.192215,42.365424],[-71.196298,42.361802],[-71.190087,42.360338],[-71.188957,42.359985],[-71.188404,42.359838],[-71.188367,42.359928],[-71.18368,42.358829],[-71.182126,42.360681],[-71.175272,42.359272],[-71.167625,42.360073],[-71.163716,42.358249],[-71.159746,42.359781],[-71.155303,42.359898],[-71.148332,42.361119],[-71.14363,42.364981],[-71.144269,42.366454],[-71.142461,42.367017],[-71.14036,42.370693],[-71.140395,42.370283],[-71.140722,42.369688],[-71.140333,42.369494],[-71.13973,42.369652],[-71.139473,42.371018],[-71.140205,42.371007],[-71.139716,42.37493],[-71.14292,42.375392],[-71.14363,42.375277],[-71.150378,42.374613],[-71.154395,42.375164],[-71.16142,42.376698],[-71.169082,42.377592],[-71.174732,42.37928],[-71.179495,42.380195],[-71.189159,42.380717],[-71.194177,42.386031]]]}},{"type":"Feature","properties":{"zcta5":"02474","AFFGEOID10":"8600000US02474","GEOID10":"02474","ALAND10":7900552,"AWATER10":690129,"county_name":"Middlesex","state_code":"MA","county_state":"Middlesex County, MA","county_fips":"25017","risk_level_county":"Lower Risk (80–84% vaccinated)","mean_vaccination_rate_county":82.72,"risk_level_zcta":"Lower Risk (80–84% vaccinated)","mean_vaccination_rate_zips":84.27,"cases":2},"geometry":{"type":"Polygon","coordinates":[[[-71.190445,42.427215],[-71.187816,42.426681],[-71.186149,42.425123],[-71.182707,42.424735],[-71.18219,42.425443],[-71.176317,42.425964],[-71.17379,42.425338],[-71.168619,42.42196],[-71.163459,42.421023],[-71.159875,42.419361],[-71.154225,42.417397],[-71.154691,42.416],[-71.152421,42.414789],[-71.150862,42.411427],[-71.152502,42.411926],[-71.156339,42.410443],[-71.154711,42.407223],[-71.15612,42.406241],[-71.15686,42.403014],[-71.159616,42.404606],[-71.1639,42.405707],[-71.164067,42.405377],[-71.158083,42.402561],[-71.156321,42.402534],[-71.152245,42.400816],[-71.143659,42.397447],[-71.140793,42.399476],[-71.136391,42.400965],[-71.134514,42.404167],[-71.13412,42.406734],[-71.132415,42.40901],[-71.132472,42.414573],[-71.132372,42.415207],[-71.13629,42.415146],[-71.139364,42.41593],[-71.142965,42.420062],[-71.142599,42.421692],[-71.146197,42.423391],[-71.147429,42.426957],[-71.149886,42.43584],[-71.153682,42.435803],[-71.182277,42.436279],[-71.185558,42.432313],[-71.190445,42.427215]]]}},{"type":"Feature","properties":{"zcta5":"02465","AFFGEOID10":"8600000US02465","GEOID10":"02465","ALAND10":5807431,"AWATER10":1401,"county_name":"Middlesex","state_code":"MA","county_state":"Middlesex County, MA","county_fips":"25017","risk_level_county":"Lower Risk (80–84% vaccinated)","mean_vaccination_rate_county":82.72,"risk_level_zcta":"Lower Risk (80–84% vaccinated)","mean_vaccination_rate_zips":83.66,"cases":2},"geometry":{"type":"Polygon","coordinates":[[[-71.243076,42.358875],[-71.240279,42.358697],[-71.239196,42.357575],[-71.239769,42.356394],[-71.238288,42.355419],[-71.238013,42.353962],[-71.23979,42.352495],[-71.238794,42.35118],[-71.239399,42.349322],[-71.236903,42.349051],[-71.237252,42.347689],[-71.241515,42.347882],[-71.242828,42.347349],[-71.241731,42.346556],[-71.237605,42.346906],[-71.237,42.344809],[-71.2396,42.344493],[-71.238518,42.343397],[-71.24,42.342029],[-71.235947,42.339046],[-71.233769,42.338461],[-71.235156,42.337572],[-71.234011,42.335798],[-71.230869,42.333932],[-71.226761,42.334016],[-71.226105,42.335687],[-71.222677,42.335458],[-71.220456,42.336651],[-71.219092,42.337882],[-71.21708,42.337037],[-71.21547,42.336925],[-71.213466,42.337739],[-71.214063,42.33868],[-71.213127,42.342127],[-71.215432,42.343214],[-71.21292,42.343438],[-71.21319,42.346943],[-71.211504,42.347835],[-71.214116,42.349785],[-71.210803,42.350556],[-71.214088,42.350113],[-71.215558,42.350406],[-71.217728,42.352621],[-71.216064,42.35361],[-71.217863,42.358485],[-71.216715,42.360526],[-71.221062,42.36539],[-71.243076,42.358875]]]}},{"type":"Feature","properties":{"zcta5":"01775","AFFGEOID10":"8600000US01775","GEOID10":"01775","ALAND10":44865750,"AWATER10":1739913,"county_name":"Middlesex","state_code":"MA","county_state":"Middlesex County, MA","county_fips":"25017","risk_level_county":"Lower Risk (80–84% vaccinated)","mean_vaccination_rate_county":82.72,"risk_level_zcta":"Lower Risk (80–84% vaccinated)","mean_vaccination_rate_zips":80.24,"cases":2},"geometry":{"type":"Polygon","coordinates":[[[-71.548903,42.447308],[-71.550601,42.441419],[-71.55535,42.424952],[-71.555289,42.424643],[-71.555958,42.422839],[-71.5591,42.411943],[-71.534341,42.403633],[-71.528049,42.401524],[-71.526822,42.396065],[-71.517924,42.398154],[-71.510805,42.397524],[-71.503848,42.397482],[-71.500261,42.395446],[-71.492977,42.396398],[-71.49088,42.395261],[-71.489919,42.396332],[-71.486949,42.396024],[-71.487738,42.394968],[-71.486288,42.393451],[-71.484139,42.392793],[-71.475884,42.390791],[-71.472678,42.390025],[-71.471344,42.395175],[-71.471073,42.396241],[-71.469452,42.402631],[-71.474496,42.422081],[-71.474809,42.423276],[-71.478382,42.437104],[-71.464349,42.4503],[-71.498546,42.463775],[-71.511133,42.464535],[-71.543394,42.466452],[-71.543523,42.466006],[-71.544065,42.46412],[-71.548903,42.447308]]]}},{"type":"Feature","properties":{"zcta5":"01890","AFFGEOID10":"8600000US01890","GEOID10":"01890","ALAND10":15623914,"AWATER10":817439,"county_name":"Middlesex","state_code":"MA","county_state":"Middlesex County, MA","county_fips":"25017","risk_level_county":"Lower Risk (80–84% vaccinated)","mean_vaccination_rate_county":82.72,"risk_level_zcta":"Lowest Risk (85%+)","mean_vaccination_rate_zips":86,"cases":2},"geometry":{"type":"Polygon","coordinates":[[[-71.189635,42.44983],[-71.185713,42.445004],[-71.182543,42.443893],[-71.177885,42.440201],[-71.182277,42.436279],[-71.153682,42.435803],[-71.149886,42.43584],[-71.129041,42.435599],[-71.127146,42.438887],[-71.121976,42.439786],[-71.124153,42.444116],[-71.121346,42.44867],[-71.119402,42.453445],[-71.109521,42.473895],[-71.112116,42.473818],[-71.123862,42.473392],[-71.144879,42.466185],[-71.145126,42.466161],[-71.14613,42.466033],[-71.146008,42.465801],[-71.152292,42.463716],[-71.156237,42.456917],[-71.163003,42.460196],[-71.164378,42.459746],[-71.189635,42.44983]]]}},{"type":"Feature","properties":{"zcta5":"01864","AFFGEOID10":"8600000US01864","GEOID10":"01864","ALAND10":34085622,"AWATER10":875315,"county_name":"Middlesex","state_code":"MA","county_state":"Middlesex County, MA","county_fips":"25017","risk_level_county":"Lower Risk (80–84% vaccinated)","mean_vaccination_rate_county":82.72,"risk_level_zcta":"Lowest Risk (85%+)","mean_vaccination_rate_zips":85.31,"cases":2},"geometry":{"type":"Polygon","coordinates":[[[-71.135456,42.599116],[-71.130524,42.58321],[-71.136742,42.553464],[-71.136478,42.552367],[-71.134381,42.55271],[-71.134332,42.552571],[-71.131974,42.553416],[-71.131173,42.552688],[-71.129242,42.554735],[-71.126874,42.554259],[-71.12398,42.558233],[-71.121753,42.559253],[-71.12069,42.560562],[-71.119312,42.560138],[-71.118566,42.561324],[-71.11603,42.561961],[-71.113135,42.560869],[-71.110162,42.561431],[-71.108695,42.563726],[-71.104784,42.566549],[-71.103546,42.564888],[-71.092781,42.55925],[-71.08989,42.558222],[-71.070978,42.555889],[-71.064937,42.562116],[-71.05704,42.574019],[-71.053006,42.572994],[-71.052772,42.571372],[-71.051933,42.571915],[-71.049747,42.57096],[-71.044371,42.573601],[-71.040827,42.57278],[-71.040227,42.57145],[-71.037717,42.571008],[-71.037069,42.571625],[-71.035245,42.570378],[-71.028312,42.574082],[-71.033998,42.585493],[-71.059352,42.606327],[-71.059156,42.607249],[-71.058766,42.609077],[-71.065212,42.607253],[-71.076167,42.604136],[-71.135456,42.599116]]]}},{"type":"Feature","properties":{"zcta5":"01748","AFFGEOID10":"8600000US01748","GEOID10":"01748","ALAND10":67922994,"AWATER10":4220310,"county_name":"Middlesex","state_code":"MA","county_state":"Middlesex County, MA","county_fips":"25017","risk_level_county":"Lower Risk (80–84% vaccinated)","mean_vaccination_rate_county":82.72,"risk_level_zcta":"Lower Risk (80–84% vaccinated)","mean_vaccination_rate_zips":84.83,"cases":2},"geometry":{"type":"Polygon","coordinates":[[[-71.599318,42.225959],[-71.602221,42.218101],[-71.58291,42.195559],[-71.578225,42.195202],[-71.571548,42.194653],[-71.572271,42.192733],[-71.56495,42.192594],[-71.558162,42.192475],[-71.556269,42.191858],[-71.556204,42.18787],[-71.556421,42.186814],[-71.556983,42.185905],[-71.555485,42.185405],[-71.555552,42.183374],[-71.555738,42.182503],[-71.552992,42.183734],[-71.551615,42.184347],[-71.539498,42.189734],[-71.534815,42.189619],[-71.51538,42.189138],[-71.506894,42.188927],[-71.505359,42.189813],[-71.502626,42.191416],[-71.496335,42.195058],[-71.482345,42.204035],[-71.479593,42.205559],[-71.460271,42.216251],[-71.463921,42.226718],[-71.46711,42.230773],[-71.475359,42.229485],[-71.486283,42.232006],[-71.486128,42.240564],[-71.486001,42.24696],[-71.494417,42.248848],[-71.499077,42.249894],[-71.522757,42.255207],[-71.522178,42.266454],[-71.522385,42.266437],[-71.522992,42.266092],[-71.524931,42.265905],[-71.527995,42.266525],[-71.532255,42.266106],[-71.533937,42.265266],[-71.535762,42.264864],[-71.536308,42.264726],[-71.538282,42.264229],[-71.540003,42.262826],[-71.541887,42.263951],[-71.543668,42.26393],[-71.549453,42.266095],[-71.55251,42.267497],[-71.556947,42.26801],[-71.561926,42.267687],[-71.564564,42.266866],[-71.570088,42.265046],[-71.586759,42.259545],[-71.589855,42.251265],[-71.592868,42.243211],[-71.596656,42.233099],[-71.599318,42.225959]]]}},{"type":"Feature","properties":{"zcta5":"01450","AFFGEOID10":"8600000US01450","GEOID10":"01450","ALAND10":84895216,"AWATER10":2596565,"county_name":"Middlesex","state_code":"MA","county_state":"Middlesex County, MA","county_fips":"25017","risk_level_county":"Lower Risk (80–84% vaccinated)","mean_vaccination_rate_county":82.72,"risk_level_zcta":"Lower Risk (80–84% vaccinated)","mean_vaccination_rate_zips":83.28,"cases":2},"geometry":{"type":"Polygon","coordinates":[[[-71.65793,42.649944],[-71.660196,42.63679],[-71.660464,42.635135],[-71.658842,42.634102],[-71.657977,42.634208],[-71.657686,42.633281],[-71.653085,42.630555],[-71.651761,42.630319],[-71.650333,42.628997],[-71.649602,42.62729],[-71.650187,42.626783],[-71.647796,42.624834],[-71.646975,42.626584],[-71.645523,42.624376],[-71.646038,42.623652],[-71.64421,42.622242],[-71.64373,42.619618],[-71.64467,42.618104],[-71.644115,42.617317],[-71.643727,42.615965],[-71.640021,42.613972],[-71.635713,42.612409],[-71.63405,42.612615],[-71.635375,42.610751],[-71.634804,42.609272],[-71.632269,42.607562],[-71.630077,42.607107],[-71.630346,42.603725],[-71.628927,42.602294],[-71.627606,42.602883],[-71.628311,42.600268],[-71.62619,42.598404],[-71.626036,42.593566],[-71.623308,42.592833],[-71.623906,42.590724],[-71.620367,42.587576],[-71.61888,42.587584],[-71.619436,42.585798],[-71.615594,42.586236],[-71.613832,42.585439],[-71.614802,42.584367],[-71.613297,42.582939],[-71.613534,42.581911],[-71.610827,42.582592],[-71.61085,42.581141],[-71.609192,42.581215],[-71.607257,42.582938],[-71.602362,42.58202],[-71.600847,42.582998],[-71.586244,42.580783],[-71.580112,42.579849],[-71.578036,42.579546],[-71.571232,42.578499],[-71.529436,42.572124],[-71.511459,42.569386],[-71.511412,42.569416],[-71.506411,42.572172],[-71.503037,42.575468],[-71.498006,42.576862],[-71.494798,42.604369],[-71.494579,42.606419],[-71.493528,42.617404],[-71.498593,42.638792],[-71.498398,42.639283],[-71.497478,42.641667],[-71.496912,42.646404],[-71.496872,42.649138],[-71.496978,42.649635],[-71.505942,42.646636],[-71.514969,42.643623],[-71.531432,42.647707],[-71.534296,42.648362],[-71.536087,42.657666],[-71.537136,42.663495],[-71.552421,42.660124],[-71.555511,42.658755],[-71.555035,42.659582],[-71.576957,42.654778],[-71.579436,42.65415],[-71.5791,42.651385],[-71.579929,42.649289],[-71.57985,42.647911],[-71.582961,42.644138],[-71.583823,42.646029],[-71.586477,42.646419],[-71.58715,42.644963],[-71.586151,42.644169],[-71.587327,42.639415],[-71.588839,42.637151],[-71.59175,42.637398],[-71.592426,42.636567],[-71.591262,42.635728],[-71.592589,42.634595],[-71.592958,42.633122],[-71.589216,42.632915],[-71.587919,42.630833],[-71.592952,42.629272],[-71.593704,42.628035],[-71.593308,42.626317],[-71.595988,42.626337],[-71.599644,42.625821],[-71.60091,42.626254],[-71.603562,42.629864],[-71.605621,42.631026],[-71.607251,42.630219],[-71.608,42.627376],[-71.61418,42.628498],[-71.615525,42.629273],[-71.630784,42.635163],[-71.64074,42.639266],[-71.64261,42.64073],[-71.646916,42.644126],[-71.647027,42.644155],[-71.648988,42.64423],[-71.652466,42.645755],[-71.656412,42.649723],[-71.65793,42.649944]]]}},{"type":"Feature","properties":{"zcta5":"01824","AFFGEOID10":"8600000US01824","GEOID10":"01824","ALAND10":46001869,"AWATER10":978920,"county_name":"Middlesex","state_code":"MA","county_state":"Middlesex County, MA","county_fips":"25017","risk_level_county":"Lower Risk (80–84% vaccinated)","mean_vaccination_rate_county":82.72,"risk_level_zcta":"Lower Risk (80–84% vaccinated)","mean_vaccination_rate_zips":83.74,"cases":2},"geometry":{"type":"Polygon","coordinates":[[[-71.359943,42.625972],[-71.365633,42.623089],[-71.365691,42.621582],[-71.366854,42.621726],[-71.370554,42.61941],[-71.373825,42.618492],[-71.378887,42.619266],[-71.380007,42.620282],[-71.384879,42.620418],[-71.383666,42.617881],[-71.387077,42.616209],[-71.391336,42.614863],[-71.392811,42.617587],[-71.392216,42.620073],[-71.393552,42.617932],[-71.396368,42.615974],[-71.39946,42.614969],[-71.397783,42.612803],[-71.403884,42.611251],[-71.405401,42.610393],[-71.401978,42.599805],[-71.400228,42.591079],[-71.398419,42.584723],[-71.396942,42.580355],[-71.388359,42.549949],[-71.379648,42.553455],[-71.376254,42.55482],[-71.368336,42.558037],[-71.346299,42.563661],[-71.332543,42.560756],[-71.294264,42.60557],[-71.2953,42.606611],[-71.295939,42.61035],[-71.297028,42.613011],[-71.296872,42.613577],[-71.296205,42.614683],[-71.316851,42.61369],[-71.319309,42.613572],[-71.318882,42.608544],[-71.319897,42.6069],[-71.323341,42.60649],[-71.325408,42.611251],[-71.325698,42.613264],[-71.328834,42.613774],[-71.359943,42.625972]]]}},{"type":"Feature","properties":{"zcta5":"01721","AFFGEOID10":"8600000US01721","GEOID10":"01721","ALAND10":31950697,"AWATER10":1393387,"county_name":"Middlesex","state_code":"MA","county_state":"Middlesex County, MA","county_fips":"25017","risk_level_county":"Lower Risk (80–84% vaccinated)","mean_vaccination_rate_county":82.72,"risk_level_zcta":"Lower Risk (80–84% vaccinated)","mean_vaccination_rate_zips":80.43,"cases":2},"geometry":{"type":"Polygon","coordinates":[[[-71.522178,42.266454],[-71.522757,42.255207],[-71.499077,42.249894],[-71.494417,42.248848],[-71.486001,42.24696],[-71.486128,42.240564],[-71.486283,42.232006],[-71.475359,42.229485],[-71.46711,42.230773],[-71.431492,42.236356],[-71.420075,42.238123],[-71.418303,42.246504],[-71.419298,42.257281],[-71.460756,42.279063],[-71.497046,42.289829],[-71.499575,42.284992],[-71.505882,42.272938],[-71.506006,42.265501],[-71.506478,42.264276],[-71.508985,42.264486],[-71.51054,42.266227],[-71.513882,42.267585],[-71.518221,42.267715],[-71.522178,42.266454]]]}},{"type":"Feature","properties":{"zcta5":"01821","AFFGEOID10":"8600000US01821","GEOID10":"01821","ALAND10":42906774,"AWATER10":1018585,"county_name":"Middlesex","state_code":"MA","county_state":"Middlesex County, MA","county_fips":"25017","risk_level_county":"Lower Risk (80–84% vaccinated)","mean_vaccination_rate_county":82.72,"risk_level_zcta":"Lower Risk (80–84% vaccinated)","mean_vaccination_rate_zips":80.67,"cases":2},"geometry":{"type":"Polygon","coordinates":[[[-71.305141,42.529432],[-71.30516,42.525936],[-71.306836,42.522075],[-71.306699,42.520593],[-71.306052,42.52043],[-71.303508,42.520069],[-71.280832,42.526408],[-71.278107,42.526713],[-71.264098,42.524081],[-71.256396,42.523992],[-71.254572,42.522593],[-71.250142,42.52573],[-71.242576,42.51994],[-71.241593,42.520798],[-71.240056,42.519716],[-71.236924,42.511491],[-71.233544,42.508693],[-71.231897,42.506367],[-71.22187,42.525234],[-71.217956,42.524047],[-71.205032,42.544473],[-71.206407,42.545832],[-71.209808,42.546017],[-71.212372,42.547544],[-71.210599,42.547665],[-71.20983,42.551444],[-71.211391,42.553071],[-71.208872,42.554536],[-71.218547,42.56151],[-71.215814,42.562524],[-71.215678,42.566279],[-71.214973,42.567747],[-71.215314,42.570345],[-71.211127,42.573313],[-71.242829,42.587959],[-71.245484,42.585756],[-71.244051,42.585107],[-71.243322,42.583104],[-71.240706,42.581953],[-71.25553,42.588262],[-71.257825,42.588207],[-71.261458,42.586452],[-71.267994,42.580909],[-71.270953,42.577555],[-71.274278,42.574512],[-71.274184,42.573393],[-71.270176,42.572609],[-71.276253,42.570975],[-71.275693,42.569038],[-71.273599,42.570355],[-71.273634,42.566839],[-71.275126,42.565877],[-71.281419,42.567103],[-71.281772,42.572731],[-71.279904,42.573949],[-71.281084,42.574382],[-71.290793,42.572772],[-71.295137,42.570251],[-71.297281,42.566318],[-71.29264,42.563704],[-71.29335,42.562122],[-71.297093,42.562995],[-71.297006,42.560265],[-71.295622,42.558532],[-71.29246,42.557507],[-71.291519,42.557806],[-71.284785,42.551849],[-71.285616,42.551389],[-71.287233,42.547896],[-71.291056,42.545492],[-71.295982,42.541545],[-71.296594,42.540659],[-71.296763,42.536728],[-71.299443,42.534874],[-71.304383,42.529767],[-71.304675,42.529872],[-71.305141,42.529432]]]}},{"type":"Feature","properties":{"zcta5":"02468","AFFGEOID10":"8600000US02468","GEOID10":"02468","ALAND10":3837204,"AWATER10":56179,"county_name":"Middlesex","state_code":"MA","county_state":"Middlesex County, MA","county_fips":"25017","risk_level_county":"Lower Risk (80–84% vaccinated)","mean_vaccination_rate_county":82.72,"risk_level_zcta":"Medium Risk (70–79% vaccinated)","mean_vaccination_rate_zips":77.3,"cases":2},"geometry":{"type":"Polygon","coordinates":[[[-71.250444,42.32927],[-71.252009,42.328213],[-71.249171,42.323568],[-71.246526,42.320969],[-71.240789,42.320898],[-71.237981,42.32168],[-71.23106,42.320736],[-71.228405,42.318781],[-71.228035,42.316838],[-71.225777,42.317066],[-71.222754,42.317517],[-71.225212,42.31737],[-71.224817,42.318282],[-71.225349,42.319429],[-71.224377,42.319729],[-71.222827,42.31944],[-71.222619,42.318992],[-71.220291,42.320068],[-71.222121,42.321534],[-71.220105,42.322889],[-71.217919,42.322106],[-71.21714,42.323734],[-71.215265,42.32319],[-71.215588,42.325253],[-71.218269,42.325914],[-71.217245,42.328825],[-71.211087,42.329386],[-71.21065,42.330646],[-71.21408,42.331064],[-71.214768,42.332171],[-71.21711,42.331993],[-71.218047,42.333062],[-71.217586,42.333886],[-71.21708,42.337037],[-71.219092,42.337882],[-71.220456,42.336651],[-71.222677,42.335458],[-71.226105,42.335687],[-71.226761,42.334016],[-71.230869,42.333932],[-71.234011,42.335798],[-71.235156,42.337572],[-71.238108,42.330313],[-71.233321,42.327832],[-71.231194,42.326252],[-71.23184,42.325676],[-71.235714,42.32677],[-71.23519,42.328112],[-71.240946,42.330931],[-71.243589,42.328749],[-71.247244,42.329902],[-71.248785,42.329902],[-71.250118,42.329442],[-71.250444,42.32927]]]}},{"type":"Feature","properties":{"zcta5":"02458","AFFGEOID10":"8600000US02458","GEOID10":"02458","ALAND10":5171347,"AWATER10":86768,"county_name":"Middlesex","state_code":"MA","county_state":"Middlesex County, MA","county_fips":"25017","risk_level_county":"Lower Risk (80–84% vaccinated)","mean_vaccination_rate_county":82.72,"risk_level_zcta":"Lower Risk (80–84% vaccinated)","mean_vaccination_rate_zips":84.75,"cases":2},"geometry":{"type":"Polygon","coordinates":[[[-71.204486,42.365785],[-71.204665,42.364893],[-71.202683,42.362227],[-71.206128,42.360483],[-71.205103,42.360498],[-71.202211,42.357509],[-71.2042,42.356176],[-71.203552,42.35455],[-71.205872,42.353544],[-71.205948,42.351888],[-71.207112,42.351104],[-71.202501,42.352149],[-71.196806,42.353808],[-71.197105,42.352232],[-71.196206,42.350877],[-71.198068,42.347697],[-71.197066,42.343516],[-71.194105,42.344827],[-71.190389,42.344082],[-71.192248,42.341446],[-71.189123,42.340907],[-71.187245,42.341235],[-71.183452,42.340418],[-71.182896,42.341502],[-71.179437,42.341056],[-71.17788,42.339096],[-71.176497,42.341679],[-71.173781,42.34229],[-71.170595,42.341581],[-71.170003,42.344252],[-71.17485,42.350337],[-71.173916,42.353465],[-71.167625,42.360073],[-71.175272,42.359272],[-71.182126,42.360681],[-71.18368,42.358829],[-71.188367,42.359928],[-71.188404,42.359838],[-71.188957,42.359985],[-71.190087,42.360338],[-71.196298,42.361802],[-71.192215,42.365424],[-71.195422,42.367825],[-71.200929,42.366116],[-71.204486,42.365785]]]}},{"type":"Feature","properties":{"zcta5":"01754","AFFGEOID10":"8600000US01754","GEOID10":"01754","ALAND10":13492063,"AWATER10":402677,"county_name":"Middlesex","state_code":"MA","county_state":"Middlesex County, MA","county_fips":"25017","risk_level_county":"Lower Risk (80–84% vaccinated)","mean_vaccination_rate_county":82.72,"risk_level_zcta":"Lower Risk (80–84% vaccinated)","mean_vaccination_rate_zips":83.11,"cases":2},"geometry":{"type":"Polygon","coordinates":[[[-71.464349,42.4503],[-71.478382,42.437104],[-71.474809,42.423276],[-71.474496,42.422081],[-71.469452,42.402631],[-71.445847,42.406434],[-71.442683,42.406952],[-71.430389,42.436937],[-71.464349,42.4503]]]}},{"type":"Feature","properties":{"zcta5":"01474","AFFGEOID10":"8600000US01474","GEOID10":"01474","ALAND10":25720067,"AWATER10":78185,"county_name":"Middlesex","state_code":"MA","county_state":"Middlesex County, MA","county_fips":"25017","risk_level_county":"Lower Risk (80–84% vaccinated)","mean_vaccination_rate_county":82.72,"risk_level_zcta":"Medium Risk (70–79% vaccinated)","mean_vaccination_rate_zips":74.06,"cases":2},"geometry":{"type":"Polygon","coordinates":[[[-71.7725568791756,42.70800987715601],[-71.774142,42.676474],[-71.774241,42.674545],[-71.774363,42.672228],[-71.775755,42.64423],[-71.732257,42.631454],[-71.729573,42.637068],[-71.72656,42.642335],[-71.720639,42.650115],[-71.721849,42.656455],[-71.727706,42.65731],[-71.730416,42.656871],[-71.731488,42.659615],[-71.731135,42.660364],[-71.728001,42.661406],[-71.724087,42.661678],[-71.721473,42.660813],[-71.7197,42.660884],[-71.715953,42.659563],[-71.714674,42.660402],[-71.718311,42.660563],[-71.719196,42.662021],[-71.724363,42.662178],[-71.733089,42.662066],[-71.735663,42.662812],[-71.726836,42.672901],[-71.725116,42.672288],[-71.726602,42.673467],[-71.724491,42.676285],[-71.726454,42.677291],[-71.729367,42.677196],[-71.732881,42.678173],[-71.735609,42.678012],[-71.736565,42.678851],[-71.737495,42.680049],[-71.73781,42.680567],[-71.737254,42.680794],[-71.736246,42.682116],[-71.735165,42.682634],[-71.733228,42.682531],[-71.737178,42.684632],[-71.73998,42.686003],[-71.741554,42.689894],[-71.744099,42.692562],[-71.749002,42.696326],[-71.750391,42.698301],[-71.750243,42.700068],[-71.746583,42.705778],[-71.7462660207048,42.707299138679],[-71.7725568791756,42.70800987715601]]]}},{"type":"Feature","properties":{"zcta5":"01460","AFFGEOID10":"8600000US01460","GEOID10":"01460","ALAND10":42775114,"AWATER10":2573791,"county_name":"Middlesex","state_code":"MA","county_state":"Middlesex County, MA","county_fips":"25017","risk_level_county":"Lower Risk (80–84% vaccinated)","mean_vaccination_rate_county":82.72,"risk_level_zcta":"Lower Risk (80–84% vaccinated)","mean_vaccination_rate_zips":84.26,"cases":2},"geometry":{"type":"Polygon","coordinates":[[[-71.511459,42.569386],[-71.520892,42.564311],[-71.523187,42.559826],[-71.52788,42.556226],[-71.532379,42.553829],[-71.533031,42.55273],[-71.542323,42.550334],[-71.53878,42.54303],[-71.535574,42.533216],[-71.531377,42.520352],[-71.529841,42.519841],[-71.517807,42.515616],[-71.516558,42.513906],[-71.51482,42.511524],[-71.51144,42.508857],[-71.509084,42.510043],[-71.50281,42.506869],[-71.500053,42.509266],[-71.473528,42.500177],[-71.469407,42.501412],[-71.466271,42.502353],[-71.454502,42.50588],[-71.449436,42.507398],[-71.443939,42.509059],[-71.435261,42.521806],[-71.435017,42.52217],[-71.428535,42.528804],[-71.48002,42.558094],[-71.483765,42.573788],[-71.492103,42.57544],[-71.498006,42.576862],[-71.503037,42.575468],[-71.506411,42.572172],[-71.511412,42.569416],[-71.511459,42.569386]]]}}]}