{"type":"FeatureCollection","features":[{"type":"Feature","properties":{"zcta5":"35619","AFFGEOID10":"8600000US35619","GEOID10":"35619","ALAND10":337059534,"AWATER10":1410483,"county_name":"Morgan","state_code":"AL","county_state":"Morgan County, AL","county_fips":"01103","risk_level_county":"Medium Risk (70–79% vaccinated)","mean_vaccination_rate_county":75.09,"risk_level_zcta":"Medium Risk (70–79% vaccinated)","mean_vaccination_rate_zips":73.86,"cases":1},"geometry":{"type":"Polygon","coordinates":[[[-87.106994,34.499161],[-87.108883,34.497024],[-87.111913,34.497451],[-87.112925,34.49673],[-87.115774,34.498434],[-87.118643,34.499356],[-87.119441,34.501299],[-87.121028,34.501815],[-87.120558,34.502973],[-87.12228,34.502278],[-87.122518,34.498288],[-87.123437,34.495339],[-87.122669,34.492589],[-87.119244,34.489112],[-87.115724,34.481646],[-87.117683,34.480232],[-87.118702,34.480581],[-87.123988,34.48511],[-87.125608,34.484359],[-87.128747,34.485059],[-87.129454,34.483679],[-87.127698,34.48262],[-87.128895,34.481391],[-87.131844,34.482788],[-87.133581,34.484096],[-87.136283,34.483562],[-87.138749,34.482393],[-87.140588,34.483417],[-87.142411,34.480785],[-87.141019,34.476771],[-87.142583,34.477347],[-87.145286,34.477111],[-87.151719,34.474493],[-87.152427,34.47591],[-87.154619,34.475422],[-87.156184,34.474498],[-87.156001,34.47224],[-87.156352,34.463839],[-87.158804,34.464317],[-87.159485,34.463194],[-87.158976,34.461436],[-87.164016,34.458412],[-87.165409,34.459276],[-87.16686,34.461285],[-87.170114,34.463725],[-87.169898,34.466579],[-87.172454,34.467269],[-87.173287,34.468982],[-87.175532,34.470516],[-87.177478,34.470244],[-87.17857,34.468954],[-87.177165,34.467846],[-87.179275,34.46745],[-87.180189,34.465838],[-87.180618,34.466981],[-87.181726,34.466627],[-87.182284,34.465232],[-87.184481,34.46495],[-87.185084,34.461787],[-87.182667,34.461592],[-87.18041,34.460261],[-87.177361,34.460031],[-87.177522,34.458913],[-87.178824,34.457161],[-87.178656,34.454591],[-87.18094,34.453884],[-87.182323,34.453991],[-87.183197,34.455216],[-87.185243,34.454735],[-87.185867,34.456537],[-87.186826,34.457014],[-87.189708,34.455386],[-87.189118,34.454431],[-87.189736,34.453384],[-87.191554,34.453282],[-87.191018,34.452381],[-87.1893,34.45315],[-87.18758,34.453108],[-87.18896,34.452051],[-87.187325,34.451395],[-87.188179,34.448706],[-87.186141,34.44769],[-87.186129,34.446951],[-87.18348,34.445187],[-87.184366,34.442498],[-87.183874,34.441273],[-87.182122,34.441609],[-87.18275,34.44012],[-87.181627,34.439391],[-87.181606,34.438188],[-87.196481,34.438067],[-87.195882,34.460661],[-87.192294,34.46266],[-87.190279,34.462474],[-87.188768,34.463324],[-87.187895,34.462694],[-87.186863,34.463714],[-87.187594,34.464462],[-87.188762,34.465578],[-87.1933,34.464525],[-87.197678,34.464753],[-87.198866,34.465409],[-87.199001,34.467113],[-87.201007,34.46812],[-87.204203,34.470631],[-87.207365,34.472321],[-87.208975,34.471308],[-87.21001,34.471685],[-87.213174,34.470484],[-87.213273,34.465019],[-87.216742,34.46426],[-87.217931,34.46525],[-87.21989,34.464877],[-87.220944,34.463847],[-87.220601,34.461746],[-87.221848,34.459868],[-87.22338,34.458811],[-87.222458,34.455791],[-87.224185,34.454246],[-87.227897,34.452719],[-87.213806,34.444241],[-87.215495,34.444877],[-87.221791,34.444873],[-87.228018,34.430469],[-87.213778,34.430205],[-87.213982,34.419348],[-87.207151,34.419491],[-87.204492,34.419197],[-87.202176,34.418363],[-87.202887,34.41757],[-87.202655,34.41582],[-87.20397,34.415097],[-87.203757,34.412879],[-87.20578,34.412109],[-87.205989,34.413064],[-87.207955,34.411627],[-87.209872,34.412697],[-87.210316,34.411704],[-87.209649,34.410244],[-87.211514,34.407951],[-87.214225,34.408451],[-87.213971,34.406909],[-87.215768,34.407537],[-87.215775,34.406239],[-87.214736,34.404193],[-87.215517,34.403155],[-87.215055,34.400982],[-87.213625,34.39928],[-87.210938,34.396952],[-87.213917,34.396671],[-87.216503,34.395886],[-87.221676,34.39542],[-87.227748,34.395182],[-87.227729,34.392896],[-87.228239,34.390623],[-87.227926,34.387815],[-87.226738,34.38647],[-87.226534,34.384871],[-87.228662,34.382147],[-87.228266,34.378716],[-87.227586,34.376584],[-87.228603,34.373671],[-87.228437,34.372391],[-87.230446,34.371789],[-87.233138,34.369962],[-87.235658,34.368758],[-87.2361,34.367522],[-87.237689,34.366452],[-87.259171,34.373955],[-87.260832,34.370617],[-87.262093,34.368985],[-87.260495,34.368067],[-87.256201,34.366891],[-87.253563,34.364637],[-87.253363,34.362766],[-87.253967,34.36001],[-87.257895,34.358295],[-87.258586,34.354775],[-87.262077,34.354502],[-87.263354,34.353327],[-87.265701,34.352713],[-87.267982,34.350941],[-87.268414,34.349877],[-87.268107,34.345658],[-87.269785,34.344689],[-87.27094,34.344999],[-87.272292,34.34414],[-87.273813,34.342135],[-87.273524,34.340001],[-87.274511,34.33611],[-87.274815,34.333549],[-87.277824,34.331487],[-87.281137,34.330992],[-87.282362,34.328978],[-87.285105,34.328819],[-87.284515,34.327909],[-87.281742,34.327663],[-87.280931,34.325546],[-87.282835,34.323016],[-87.280035,34.321012],[-87.280508,34.319559],[-87.279405,34.317992],[-87.28026,34.316854],[-87.281574,34.316562],[-87.282383,34.314531],[-87.280498,34.313282],[-87.281078,34.31126],[-87.28014,34.310216],[-87.279774,34.307972],[-87.280687,34.30466],[-87.279033,34.304023],[-87.275546,34.304671],[-87.27473,34.304385],[-87.274626,34.302419],[-87.2756,34.301253],[-87.274794,34.29932],[-87.26955,34.299302],[-87.264961,34.299364],[-87.261554,34.299486],[-87.255956,34.299106],[-87.109911,34.299299],[-87.110105,34.313368],[-87.10556,34.31114],[-87.09384,34.307214],[-87.093059,34.308148],[-87.092741,34.31232],[-87.090178,34.314044],[-87.089738,34.317618],[-87.090122,34.319405],[-87.08876,34.321546],[-87.086315,34.322291],[-87.083599,34.32404],[-87.081132,34.327072],[-87.081685,34.329771],[-87.076029,34.330037],[-87.074996,34.330515],[-87.075066,34.335313],[-87.074437,34.33663],[-87.075014,34.337956],[-87.070704,34.33736],[-87.066472,34.336168],[-87.06348,34.336598],[-87.064079,34.33442],[-87.058107,34.335854],[-87.055658,34.337372],[-87.057374,34.339946],[-87.057598,34.342976],[-87.056974,34.344066],[-87.054565,34.350619],[-87.054096,34.354779],[-87.054346,34.356233],[-87.050646,34.354514],[-87.042611,34.349784],[-87.042253,34.352491],[-87.041091,34.355855],[-87.033961,34.362206],[-87.03134,34.362586],[-87.030145,34.360696],[-87.026818,34.36131],[-87.024417,34.363016],[-87.022499,34.363104],[-87.022437,34.369332],[-87.02216,34.370494],[-87.020041,34.370382],[-87.020576,34.373798],[-87.019216,34.376013],[-87.019971,34.378096],[-87.021893,34.378652],[-87.024962,34.381661],[-87.025405,34.385168],[-87.027665,34.387852],[-87.028764,34.391167],[-87.028102,34.392934],[-87.03072,34.393568],[-87.035818,34.396391],[-87.036657,34.397728],[-87.037036,34.403629],[-87.037801,34.404892],[-87.035903,34.407174],[-87.03573,34.409205],[-87.034827,34.411457],[-87.035167,34.414446],[-87.036836,34.417359],[-87.041421,34.415084],[-87.044737,34.414304],[-87.082655,34.41471],[-87.082149,34.444314],[-87.078877,34.442095],[-87.07309,34.439204],[-87.073157,34.439968],[-87.068253,34.439666],[-87.066415,34.437676],[-87.06465,34.437131],[-87.063124,34.434866],[-87.060503,34.433778],[-87.062746,34.437478],[-87.063157,34.441249],[-87.065353,34.443476],[-87.065387,34.446928],[-87.066874,34.448836],[-87.068265,34.447741],[-87.075046,34.447484],[-87.082061,34.447581],[-87.081799,34.458632],[-87.079934,34.458617],[-87.077501,34.465773],[-87.076499,34.466207],[-87.075271,34.465921],[-87.071673,34.466493],[-87.070505,34.464668],[-87.068283,34.46292],[-87.060363,34.465213],[-87.059732,34.46562],[-87.059418,34.474671],[-87.059478,34.483916],[-87.053272,34.48541],[-87.053351,34.490556],[-87.052215,34.492744],[-87.049831,34.49331],[-87.047229,34.492117],[-87.045749,34.49011],[-87.042921,34.488053],[-87.041819,34.487773],[-87.037258,34.485106],[-87.035923,34.48593],[-87.03421,34.488244],[-87.033811,34.490014],[-87.033372,34.490333],[-87.031938,34.492521],[-87.031426,34.493774],[-87.030091,34.496146],[-87.031074,34.494618],[-87.032049,34.492436],[-87.033224,34.49083],[-87.033634,34.490633],[-87.033806,34.49145],[-87.034826,34.491352],[-87.036115,34.491416],[-87.036704,34.491545],[-87.037744,34.492272],[-87.03775,34.492511],[-87.037548,34.492638],[-87.036878,34.492783],[-87.03664,34.49287],[-87.039244,34.495036],[-87.039296,34.495554],[-87.039579,34.496218],[-87.03959,34.49664],[-87.039278,34.497137],[-87.039079,34.497248],[-87.038701,34.49687],[-87.038427,34.496918],[-87.037972,34.49767],[-87.036594,34.498504],[-87.038824,34.498936],[-87.038584,34.499384],[-87.037791,34.500307],[-87.037648,34.500562],[-87.038555,34.500558],[-87.038947,34.500779],[-87.038803,34.501529],[-87.040364,34.501935],[-87.040834,34.503636],[-87.042452,34.504799],[-87.043977,34.504335],[-87.045458,34.505645],[-87.046911,34.503864],[-87.04749,34.504007],[-87.048378,34.503699],[-87.048914,34.503819],[-87.049862,34.505028],[-87.05165,34.505487],[-87.051689,34.503379],[-87.052712,34.502765],[-87.054206,34.503175],[-87.055955,34.502782],[-87.059394,34.503276],[-87.061974,34.505158],[-87.064249,34.506006],[-87.063835,34.507251],[-87.063918,34.510873],[-87.065184,34.512402],[-87.065861,34.510139],[-87.068164,34.51044],[-87.071734,34.511608],[-87.073613,34.511567],[-87.072438,34.512623],[-87.074161,34.513449],[-87.076008,34.512015],[-87.080179,34.511087],[-87.082924,34.511457],[-87.084849,34.510907],[-87.084531,34.512095],[-87.086024,34.512859],[-87.087499,34.512816],[-87.089615,34.513603],[-87.091345,34.508442],[-87.09202,34.507342],[-87.094206,34.505917],[-87.098186,34.506423],[-87.098227,34.505389],[-87.100291,34.505706],[-87.101416,34.505078],[-87.103554,34.502219],[-87.106994,34.499161]]]}},{"type":"Feature","properties":{"zcta5":"35016","AFFGEOID10":"8600000US35016","GEOID10":"35016","ALAND10":192546773,"AWATER10":1522014,"county_name":"Morgan","state_code":"AL","county_state":"Morgan County, AL","county_fips":"01103","risk_level_county":"Medium Risk (70–79% vaccinated)","mean_vaccination_rate_county":75.09,"risk_level_zcta":"Medium Risk (70–79% vaccinated)","mean_vaccination_rate_zips":70.41,"cases":1},"geometry":{"type":"Polygon","coordinates":[[[-86.581328,34.367154],[-86.581634,34.33168],[-86.578344,34.331758],[-86.577914,34.333825],[-86.575008,34.333802],[-86.572131,34.330439],[-86.569648,34.328053],[-86.569633,34.322482],[-86.570989,34.319015],[-86.57057,34.316678],[-86.567296,34.316455],[-86.565335,34.3158],[-86.561392,34.316243],[-86.561599,34.304935],[-86.561081,34.304026],[-86.534005,34.303502],[-86.534085,34.301139],[-86.534898,34.299822],[-86.534396,34.29339],[-86.531294,34.293394],[-86.533279,34.291775],[-86.534578,34.290082],[-86.539489,34.290115],[-86.541685,34.289891],[-86.546645,34.290394],[-86.545854,34.285385],[-86.544271,34.284571],[-86.544781,34.282174],[-86.543729,34.28108],[-86.543782,34.278518],[-86.543346,34.276011],[-86.542313,34.27456],[-86.538956,34.272618],[-86.54085,34.271228],[-86.540195,34.268963],[-86.542461,34.266176],[-86.54162,34.264944],[-86.542541,34.263905],[-86.542124,34.262547],[-86.543429,34.260272],[-86.544362,34.260189],[-86.54484,34.258502],[-86.542774,34.256533],[-86.544013,34.253477],[-86.545681,34.252982],[-86.547244,34.251476],[-86.547899,34.249774],[-86.549859,34.247839],[-86.549535,34.24658],[-86.545815,34.244012],[-86.542981,34.244441],[-86.543637,34.24106],[-86.542559,34.239201],[-86.542745,34.237596],[-86.5416,34.236914],[-86.540727,34.233934],[-86.542772,34.232807],[-86.543183,34.231862],[-86.543111,34.2288],[-86.541278,34.227447],[-86.541344,34.226067],[-86.540729,34.224951],[-86.540213,34.224874],[-86.540107,34.22577],[-86.534832,34.225571],[-86.534137,34.224196],[-86.529676,34.224756],[-86.529213,34.224156],[-86.526218,34.223605],[-86.524611,34.22443],[-86.522365,34.226337],[-86.519487,34.227652],[-86.516628,34.230722],[-86.513726,34.231479],[-86.510591,34.231459],[-86.509909,34.232352],[-86.508787,34.23585],[-86.507589,34.237141],[-86.504967,34.238528],[-86.499372,34.238734],[-86.494558,34.238564],[-86.493673,34.223882],[-86.487418,34.234332],[-86.486396,34.236776],[-86.489277,34.239763],[-86.486808,34.240381],[-86.486606,34.243127],[-86.483685,34.243216],[-86.478113,34.251081],[-86.479436,34.252836],[-86.477818,34.251812],[-86.477164,34.249483],[-86.472903,34.248283],[-86.471394,34.245608],[-86.470587,34.24646],[-86.471302,34.247582],[-86.47072,34.249396],[-86.469319,34.250984],[-86.466348,34.252861],[-86.464944,34.251994],[-86.461313,34.251397],[-86.45958,34.252188],[-86.45573,34.25616],[-86.458401,34.256453],[-86.462021,34.257691],[-86.459596,34.259485],[-86.459013,34.259639],[-86.458907,34.262448],[-86.456962,34.265981],[-86.455259,34.265531],[-86.451111,34.274539],[-86.459648,34.27456],[-86.459449,34.289148],[-86.459746,34.29128],[-86.455334,34.290271],[-86.453816,34.286873],[-86.451432,34.285478],[-86.449516,34.285397],[-86.44921,34.287349],[-86.447428,34.288727],[-86.444211,34.288267],[-86.44208,34.288685],[-86.441159,34.28948],[-86.443453,34.291725],[-86.442446,34.292122],[-86.442218,34.304471],[-86.439578,34.305362],[-86.436694,34.304408],[-86.435528,34.304754],[-86.433945,34.303821],[-86.430916,34.306192],[-86.430187,34.308007],[-86.427992,34.307329],[-86.426787,34.310063],[-86.425984,34.310019],[-86.424202,34.312928],[-86.422657,34.313427],[-86.422275,34.314851],[-86.419986,34.31629],[-86.417723,34.316172],[-86.416233,34.317131],[-86.413695,34.317355],[-86.409861,34.316456],[-86.406185,34.322918],[-86.407122,34.323536],[-86.411479,34.323069],[-86.415206,34.321959],[-86.419884,34.322097],[-86.423781,34.321566],[-86.427209,34.32265],[-86.425301,34.325707],[-86.423542,34.324162],[-86.420515,34.324443],[-86.419556,34.325591],[-86.417657,34.325616],[-86.415738,34.327477],[-86.414442,34.329903],[-86.41248,34.331038],[-86.412617,34.332314],[-86.410295,34.334703],[-86.407946,34.33499],[-86.404545,34.339521],[-86.40308,34.339331],[-86.400152,34.337161],[-86.399682,34.338945],[-86.402029,34.34016],[-86.405147,34.345085],[-86.405643,34.349324],[-86.408735,34.350931],[-86.412986,34.355703],[-86.419254,34.361508],[-86.420279,34.360855],[-86.42371,34.360924],[-86.423646,34.362063],[-86.421981,34.362863],[-86.422248,34.363194],[-86.423003,34.363664],[-86.423234,34.363929],[-86.423565,34.363888],[-86.423552,34.365266],[-86.423546,34.366488],[-86.424518,34.364478],[-86.429846,34.365205],[-86.432129,34.366111],[-86.43415,34.368178],[-86.435768,34.368237],[-86.436733,34.368326],[-86.441123,34.368216],[-86.441193,34.364703],[-86.444155,34.364672],[-86.444512,34.366722],[-86.445598,34.367923],[-86.442949,34.367415],[-86.442491,34.368063],[-86.445614,34.3714],[-86.446151,34.37344],[-86.445329,34.373374],[-86.441344,34.370191],[-86.439893,34.371521],[-86.436273,34.37178],[-86.436385,34.373841],[-86.435503,34.374138],[-86.435021,34.37683],[-86.43276,34.377111],[-86.432892,34.379519],[-86.432203,34.380222],[-86.428509,34.381124],[-86.430419,34.383224],[-86.432686,34.383416],[-86.436776,34.382617],[-86.437909,34.379627],[-86.440872,34.37724],[-86.441093,34.375546],[-86.442752,34.374608],[-86.445511,34.374039],[-86.449244,34.372198],[-86.454284,34.371134],[-86.455183,34.371124],[-86.455364,34.375496],[-86.454494,34.377597],[-86.454998,34.378291],[-86.455714,34.37866],[-86.459295,34.378395],[-86.460747,34.378873],[-86.462272,34.378065],[-86.465202,34.377306],[-86.46798,34.37775],[-86.469453,34.378552],[-86.47225,34.376968],[-86.473848,34.377232],[-86.47672,34.379892],[-86.477715,34.38037],[-86.478492,34.382711],[-86.47956,34.383613],[-86.480503,34.386421],[-86.487654,34.390939],[-86.490308,34.389584],[-86.491668,34.388362],[-86.49287,34.384851],[-86.494181,34.383259],[-86.497133,34.384501],[-86.498062,34.385633],[-86.499806,34.386309],[-86.502475,34.383786],[-86.507698,34.386199],[-86.508567,34.383535],[-86.509533,34.384298],[-86.510132,34.38482],[-86.511116,34.385517],[-86.511217,34.385606],[-86.514228,34.388946],[-86.514504,34.38992],[-86.511329,34.391511],[-86.510031,34.396472],[-86.522618,34.40804],[-86.524239,34.410877],[-86.527791,34.413951],[-86.52931,34.413099],[-86.53294,34.413051],[-86.536748,34.413562],[-86.527852,34.402784],[-86.530791,34.401036],[-86.533404,34.400399],[-86.536774,34.398575],[-86.536867,34.3973],[-86.540608,34.396729],[-86.549204,34.394195],[-86.55145,34.392891],[-86.55432,34.392421],[-86.556167,34.393668],[-86.557082,34.393492],[-86.557473,34.395345],[-86.558249,34.394773],[-86.560829,34.394405],[-86.566705,34.392206],[-86.568827,34.390925],[-86.57205,34.38999],[-86.574556,34.386955],[-86.577228,34.387818],[-86.57853,34.387617],[-86.58132,34.371094],[-86.581328,34.367154]],[[-86.442218,34.304471],[-86.442682,34.304512],[-86.44483,34.303424],[-86.448085,34.304294],[-86.452006,34.303676],[-86.453651,34.304655],[-86.448711,34.314822],[-86.4473,34.311595],[-86.442122,34.30725],[-86.442212,34.304622],[-86.442218,34.304471]]]}},{"type":"Feature","properties":{"zcta5":"35650","AFFGEOID10":"8600000US35650","GEOID10":"35650","ALAND10":548023516,"AWATER10":3420545,"county_name":"Morgan","state_code":"AL","county_state":"Morgan County, AL","county_fips":"01103","risk_level_county":"Medium Risk (70–79% vaccinated)","mean_vaccination_rate_county":75.09,"risk_level_zcta":"Medium Risk (70–79% vaccinated)","mean_vaccination_rate_zips":71.89,"cases":1},"geometry":{"type":"Polygon","coordinates":[[[-87.444062,34.470228],[-87.449337,34.470353],[-87.453491,34.469573],[-87.450032,34.466311],[-87.44845,34.465677],[-87.444441,34.465304],[-87.442343,34.463932],[-87.441074,34.460762],[-87.440404,34.453248],[-87.443446,34.448273],[-87.444158,34.446179],[-87.444199,34.439097],[-87.443533,34.430166],[-87.440396,34.42999],[-87.433545,34.403119],[-87.43067,34.40225],[-87.429058,34.402499],[-87.42826,34.404393],[-87.426944,34.405448],[-87.422386,34.404921],[-87.421509,34.4044],[-87.419855,34.401909],[-87.421036,34.400795],[-87.421942,34.397446],[-87.421484,34.395346],[-87.420314,34.393606],[-87.420244,34.390581],[-87.417674,34.389341],[-87.416244,34.390126],[-87.415216,34.389628],[-87.412217,34.382504],[-87.410781,34.380212],[-87.410271,34.377969],[-87.407524,34.375522],[-87.406398,34.375047],[-87.402582,34.374826],[-87.400905,34.375222],[-87.39983,34.374248],[-87.397733,34.37362],[-87.396926,34.372641],[-87.397145,34.370639],[-87.396041,34.368717],[-87.396988,34.365289],[-87.395454,34.360988],[-87.396974,34.359282],[-87.397227,34.357504],[-87.39563,34.355869],[-87.39476,34.351954],[-87.395869,34.350328],[-87.39594,34.348827],[-87.396898,34.346199],[-87.395618,34.344723],[-87.395912,34.342286],[-87.397591,34.340798],[-87.399109,34.340211],[-87.398239,34.342331],[-87.400037,34.343066],[-87.400111,34.343784],[-87.402026,34.344128],[-87.40079,34.342527],[-87.402928,34.341636],[-87.404726,34.340196],[-87.404806,34.338879],[-87.405925,34.336458],[-87.403747,34.335591],[-87.402905,34.334665],[-87.399115,34.333108],[-87.398654,34.332271],[-87.399052,34.329149],[-87.400884,34.32798],[-87.401873,34.325614],[-87.403427,34.325527],[-87.403832,34.32402],[-87.400415,34.323219],[-87.400231,34.321002],[-87.397664,34.320541],[-87.398416,34.318663],[-87.397747,34.317547],[-87.39799,34.313722],[-87.39642,34.312771],[-87.394255,34.312246],[-87.394708,34.30894],[-87.397233,34.308091],[-87.397181,34.30618],[-87.400639,34.301597],[-87.374208,34.30083],[-87.274794,34.29932],[-87.2756,34.301253],[-87.274626,34.302419],[-87.27473,34.304385],[-87.275546,34.304671],[-87.279033,34.304023],[-87.280687,34.30466],[-87.279774,34.307972],[-87.28014,34.310216],[-87.281078,34.31126],[-87.280498,34.313282],[-87.282383,34.314531],[-87.281574,34.316562],[-87.28026,34.316854],[-87.279405,34.317992],[-87.280508,34.319559],[-87.280035,34.321012],[-87.282835,34.323016],[-87.280931,34.325546],[-87.281742,34.327663],[-87.284515,34.327909],[-87.285105,34.328819],[-87.282362,34.328978],[-87.281137,34.330992],[-87.277824,34.331487],[-87.274815,34.333549],[-87.274511,34.33611],[-87.273524,34.340001],[-87.273813,34.342135],[-87.272292,34.34414],[-87.27094,34.344999],[-87.269785,34.344689],[-87.268107,34.345658],[-87.268414,34.349877],[-87.267982,34.350941],[-87.265701,34.352713],[-87.263354,34.353327],[-87.262077,34.354502],[-87.258586,34.354775],[-87.257895,34.358295],[-87.253967,34.36001],[-87.253363,34.362766],[-87.253563,34.364637],[-87.256201,34.366891],[-87.260495,34.368067],[-87.262093,34.368985],[-87.260832,34.370617],[-87.259171,34.373955],[-87.237689,34.366452],[-87.2361,34.367522],[-87.235658,34.368758],[-87.233138,34.369962],[-87.230446,34.371789],[-87.228437,34.372391],[-87.228603,34.373671],[-87.227586,34.376584],[-87.228266,34.378716],[-87.228662,34.382147],[-87.226534,34.384871],[-87.226738,34.38647],[-87.227926,34.387815],[-87.228239,34.390623],[-87.227729,34.392896],[-87.227748,34.395182],[-87.221676,34.39542],[-87.216503,34.395886],[-87.213917,34.396671],[-87.210938,34.396952],[-87.213625,34.39928],[-87.215055,34.400982],[-87.215517,34.403155],[-87.214736,34.404193],[-87.215775,34.406239],[-87.215768,34.407537],[-87.213971,34.406909],[-87.214225,34.408451],[-87.211514,34.407951],[-87.209649,34.410244],[-87.210316,34.411704],[-87.209872,34.412697],[-87.207955,34.411627],[-87.205989,34.413064],[-87.20578,34.412109],[-87.203757,34.412879],[-87.20397,34.415097],[-87.202655,34.41582],[-87.202887,34.41757],[-87.202176,34.418363],[-87.204492,34.419197],[-87.207151,34.419491],[-87.213982,34.419348],[-87.213778,34.430205],[-87.228018,34.430469],[-87.221791,34.444873],[-87.215495,34.444877],[-87.213806,34.444241],[-87.227897,34.452719],[-87.224185,34.454246],[-87.222458,34.455791],[-87.22338,34.458811],[-87.221848,34.459868],[-87.220601,34.461746],[-87.220944,34.463847],[-87.21989,34.464877],[-87.217931,34.46525],[-87.216742,34.46426],[-87.213273,34.465019],[-87.213174,34.470484],[-87.21001,34.471685],[-87.208975,34.471308],[-87.207365,34.472321],[-87.204203,34.470631],[-87.201007,34.46812],[-87.199001,34.467113],[-87.198866,34.465409],[-87.197678,34.464753],[-87.1933,34.464525],[-87.188762,34.465578],[-87.187594,34.464462],[-87.186863,34.463714],[-87.187895,34.462694],[-87.188768,34.463324],[-87.190279,34.462474],[-87.192294,34.46266],[-87.195882,34.460661],[-87.196481,34.438067],[-87.181606,34.438188],[-87.181627,34.439391],[-87.18275,34.44012],[-87.182122,34.441609],[-87.183874,34.441273],[-87.184366,34.442498],[-87.18348,34.445187],[-87.186129,34.446951],[-87.186141,34.44769],[-87.188179,34.448706],[-87.187325,34.451395],[-87.18896,34.452051],[-87.18758,34.453108],[-87.1893,34.45315],[-87.191018,34.452381],[-87.191554,34.453282],[-87.189736,34.453384],[-87.189118,34.454431],[-87.189708,34.455386],[-87.186826,34.457014],[-87.185867,34.456537],[-87.185243,34.454735],[-87.183197,34.455216],[-87.182323,34.453991],[-87.18094,34.453884],[-87.178656,34.454591],[-87.178824,34.457161],[-87.177522,34.458913],[-87.177361,34.460031],[-87.18041,34.460261],[-87.182667,34.461592],[-87.185084,34.461787],[-87.184481,34.46495],[-87.182284,34.465232],[-87.181726,34.466627],[-87.180618,34.466981],[-87.180189,34.465838],[-87.179275,34.46745],[-87.177165,34.467846],[-87.17857,34.468954],[-87.177478,34.470244],[-87.175532,34.470516],[-87.173287,34.468982],[-87.172454,34.467269],[-87.169898,34.466579],[-87.170114,34.463725],[-87.16686,34.461285],[-87.165409,34.459276],[-87.164016,34.458412],[-87.158976,34.461436],[-87.159485,34.463194],[-87.158804,34.464317],[-87.156352,34.463839],[-87.156001,34.47224],[-87.156184,34.474498],[-87.154619,34.475422],[-87.152427,34.47591],[-87.151719,34.474493],[-87.145286,34.477111],[-87.142583,34.477347],[-87.141019,34.476771],[-87.142411,34.480785],[-87.140588,34.483417],[-87.138749,34.482393],[-87.136283,34.483562],[-87.133581,34.484096],[-87.131844,34.482788],[-87.128895,34.481391],[-87.127698,34.48262],[-87.129454,34.483679],[-87.128747,34.485059],[-87.125608,34.484359],[-87.123988,34.48511],[-87.118702,34.480581],[-87.117683,34.480232],[-87.115724,34.481646],[-87.119244,34.489112],[-87.122669,34.492589],[-87.123437,34.495339],[-87.122518,34.498288],[-87.12228,34.502278],[-87.120558,34.502973],[-87.121028,34.501815],[-87.119441,34.501299],[-87.118643,34.499356],[-87.115774,34.498434],[-87.112925,34.49673],[-87.111913,34.497451],[-87.108883,34.497024],[-87.106994,34.499161],[-87.106889,34.51436],[-87.108812,34.514445],[-87.112841,34.518658],[-87.114395,34.522429],[-87.112991,34.526298],[-87.115028,34.528096],[-87.115278,34.52908],[-87.11909,34.529224],[-87.120834,34.528696],[-87.126544,34.528664],[-87.126031,34.530577],[-87.127753,34.533078],[-87.130641,34.532812],[-87.13244,34.532146],[-87.132512,34.534373],[-87.138063,34.538069],[-87.144418,34.534895],[-87.14708,34.533889],[-87.145524,34.536445],[-87.14375,34.536923],[-87.144148,34.538688],[-87.146061,34.539997],[-87.1465,34.543054],[-87.151246,34.54105],[-87.15237,34.54343],[-87.154931,34.543942],[-87.159189,34.543991],[-87.159141,34.537865],[-87.172283,34.533965],[-87.172482,34.530448],[-87.174098,34.529422],[-87.176125,34.529495],[-87.177029,34.527509],[-87.179261,34.528116],[-87.180477,34.529159],[-87.182356,34.529051],[-87.184943,34.527656],[-87.185261,34.52692],[-87.185347,34.525499],[-87.182651,34.525523],[-87.184727,34.522868],[-87.187869,34.521988],[-87.18568,34.522055],[-87.192208,34.52045],[-87.192641,34.518163],[-87.179179,34.518256],[-87.195307,34.511092],[-87.197412,34.508789],[-87.195698,34.50637],[-87.196143,34.504836],[-87.195266,34.503447],[-87.20055,34.503407],[-87.201479,34.506923],[-87.204575,34.506902],[-87.205348,34.508452],[-87.207739,34.510937],[-87.207321,34.512394],[-87.208025,34.51516],[-87.206174,34.51616],[-87.20701,34.519617],[-87.206044,34.526897],[-87.21318,34.52685],[-87.214228,34.526493],[-87.220315,34.522724],[-87.223566,34.519935],[-87.22545,34.520043],[-87.228703,34.521078],[-87.232157,34.521149],[-87.234973,34.520555],[-87.236946,34.524449],[-87.240225,34.528795],[-87.241348,34.533516],[-87.241607,34.536056],[-87.239977,34.538455],[-87.235529,34.537867],[-87.234348,34.539329],[-87.234359,34.546837],[-87.243082,34.547032],[-87.242491,34.54876],[-87.240099,34.54914],[-87.237801,34.550592],[-87.236366,34.550604],[-87.234234,34.552125],[-87.234188,34.554147],[-87.236647,34.554265],[-87.234641,34.555552],[-87.235553,34.5573],[-87.234091,34.560506],[-87.234095,34.561767],[-87.229612,34.563593],[-87.229391,34.573428],[-87.235604,34.572852],[-87.239898,34.573138],[-87.241994,34.571272],[-87.244984,34.570341],[-87.245894,34.568565],[-87.245633,34.566762],[-87.246789,34.565954],[-87.250019,34.566387],[-87.251934,34.564931],[-87.252381,34.563056],[-87.254999,34.563212],[-87.255379,34.561271],[-87.25752,34.560096],[-87.258715,34.561025],[-87.259319,34.562746],[-87.257842,34.565302],[-87.25905,34.567391],[-87.258862,34.568915],[-87.256025,34.568889],[-87.25589,34.574112],[-87.257682,34.573992],[-87.256446,34.576049],[-87.254571,34.576999],[-87.253106,34.580989],[-87.251842,34.582286],[-87.248343,34.591675],[-87.24635,34.594095],[-87.244013,34.598324],[-87.244049,34.601754],[-87.245854,34.606256],[-87.247696,34.607052],[-87.24318,34.6073],[-87.242384,34.606327],[-87.239606,34.605858],[-87.237343,34.604466],[-87.235429,34.605501],[-87.234645,34.60615],[-87.234765,34.608979],[-87.235379,34.61043],[-87.235499,34.614518],[-87.243926,34.616866],[-87.261669,34.621851],[-87.261266,34.619196],[-87.261766,34.615653],[-87.261402,34.614653],[-87.257434,34.609455],[-87.255806,34.607948],[-87.254333,34.604501],[-87.254782,34.602318],[-87.260446,34.596045],[-87.261732,34.591741],[-87.263745,34.587132],[-87.268642,34.587191],[-87.269904,34.58888],[-87.271771,34.587842],[-87.273142,34.588931],[-87.274747,34.592003],[-87.273608,34.593959],[-87.274086,34.595733],[-87.27887,34.595517],[-87.304883,34.566632],[-87.307078,34.567969],[-87.311537,34.566111],[-87.313969,34.566391],[-87.313996,34.566919],[-87.311205,34.566996],[-87.310274,34.568497],[-87.312693,34.570575],[-87.31593,34.570784],[-87.31704,34.573692],[-87.319187,34.573829],[-87.323852,34.571712],[-87.325666,34.572003],[-87.327328,34.574334],[-87.3256,34.574059],[-87.325754,34.576825],[-87.327981,34.580134],[-87.327197,34.581514],[-87.328393,34.582772],[-87.327762,34.583416],[-87.32969,34.584636],[-87.330289,34.587406],[-87.333772,34.588077],[-87.328877,34.590863],[-87.329,34.58746],[-87.325593,34.58659],[-87.323765,34.586682],[-87.322103,34.587736],[-87.317529,34.590168],[-87.318963,34.592711],[-87.320232,34.595967],[-87.324347,34.599784],[-87.323775,34.600936],[-87.325378,34.602561],[-87.328663,34.602797],[-87.331358,34.601892],[-87.335641,34.598999],[-87.335535,34.597645],[-87.333876,34.597771],[-87.333976,34.59917],[-87.332697,34.599471],[-87.331508,34.597183],[-87.329741,34.596564],[-87.332653,34.595799],[-87.330723,34.595312],[-87.333359,34.593714],[-87.331442,34.593255],[-87.332128,34.592298],[-87.334844,34.591346],[-87.334996,34.590298],[-87.333491,34.589678],[-87.334803,34.588568],[-87.333847,34.588037],[-87.358131,34.573871],[-87.360599,34.57488],[-87.361719,34.576612],[-87.364995,34.57497],[-87.367692,34.574196],[-87.369654,34.572672],[-87.370563,34.571128],[-87.370762,34.564914],[-87.389813,34.552258],[-87.393639,34.549498],[-87.389329,34.543029],[-87.38449,34.53974],[-87.383113,34.539316],[-87.382811,34.537012],[-87.384445,34.536551],[-87.387248,34.538114],[-87.389925,34.538274],[-87.391905,34.537439],[-87.39318,34.537748],[-87.395573,34.535874],[-87.397587,34.535772],[-87.397644,34.534432],[-87.37144,34.533895],[-87.370985,34.529405],[-87.370383,34.527745],[-87.366785,34.525196],[-87.366341,34.521101],[-87.370364,34.519979],[-87.370091,34.51888],[-87.373722,34.516646],[-87.373694,34.514227],[-87.377448,34.511436],[-87.378524,34.511568],[-87.380903,34.509596],[-87.381302,34.507936],[-87.384138,34.508245],[-87.385374,34.50642],[-87.386689,34.506036],[-87.387248,34.504107],[-87.386319,34.503073],[-87.387728,34.501688],[-87.38772,34.492506],[-87.388254,34.490268],[-87.387366,34.489017],[-87.385401,34.487968],[-87.385081,34.48343],[-87.389179,34.48323],[-87.398431,34.483504],[-87.39836,34.479835],[-87.400897,34.479294],[-87.40695,34.480551],[-87.40716,34.483761],[-87.429162,34.484434],[-87.429147,34.482696],[-87.427437,34.482544],[-87.426341,34.480991],[-87.424615,34.480429],[-87.424758,34.469858],[-87.444062,34.470228]]]}},{"type":"Feature","properties":{"zcta5":"35622","AFFGEOID10":"8600000US35622","GEOID10":"35622","ALAND10":250474171,"AWATER10":831849,"county_name":"Morgan","state_code":"AL","county_state":"Morgan County, AL","county_fips":"01103","risk_level_county":"Medium Risk (70–79% vaccinated)","mean_vaccination_rate_county":75.09,"risk_level_zcta":"Medium Risk (70–79% vaccinated)","mean_vaccination_rate_zips":75.03,"cases":1},"geometry":{"type":"Polygon","coordinates":[[[-87.020041,34.370382],[-87.02216,34.370494],[-87.022437,34.369332],[-87.022499,34.363104],[-87.024417,34.363016],[-87.026818,34.36131],[-87.030145,34.360696],[-87.03134,34.362586],[-87.033961,34.362206],[-87.041091,34.355855],[-87.042253,34.352491],[-87.042611,34.349784],[-87.050646,34.354514],[-87.054346,34.356233],[-87.054096,34.354779],[-87.054565,34.350619],[-87.056974,34.344066],[-87.057598,34.342976],[-87.057374,34.339946],[-87.055658,34.337372],[-87.058107,34.335854],[-87.064079,34.33442],[-87.06348,34.336598],[-87.066472,34.336168],[-87.070704,34.33736],[-87.075014,34.337956],[-87.074437,34.33663],[-87.075066,34.335313],[-87.074996,34.330515],[-87.076029,34.330037],[-87.081685,34.329771],[-87.081132,34.327072],[-87.083599,34.32404],[-87.086315,34.322291],[-87.08876,34.321546],[-87.090122,34.319405],[-87.089738,34.317618],[-87.090178,34.314044],[-87.092741,34.31232],[-87.000008,34.311798],[-86.998132,34.311702],[-87.001705,34.324251],[-87.002459,34.325822],[-87.004735,34.328185],[-87.004386,34.332106],[-86.978427,34.319686],[-86.97579,34.322022],[-86.975356,34.319633],[-86.964295,34.320878],[-86.963942,34.32191],[-86.96181,34.323614],[-86.9588,34.32245],[-86.953549,34.323151],[-86.951452,34.322537],[-86.94689,34.317296],[-86.944325,34.316997],[-86.941565,34.315886],[-86.939249,34.316156],[-86.938304,34.315515],[-86.937043,34.316488],[-86.935235,34.320365],[-86.935918,34.322521],[-86.934765,34.324342],[-86.932883,34.325982],[-86.92983,34.321395],[-86.933053,34.310594],[-86.950843,34.311012],[-86.94784,34.310524],[-86.947135,34.307249],[-86.950993,34.30762],[-86.954584,34.309481],[-86.949196,34.301786],[-86.952105,34.300731],[-86.954084,34.298342],[-86.955824,34.297314],[-86.956627,34.298541],[-86.960311,34.299552],[-86.961832,34.2993],[-86.962698,34.29994],[-86.963834,34.299333],[-86.960975,34.296318],[-86.957325,34.294651],[-86.954738,34.293882],[-86.951252,34.291053],[-86.949118,34.290073],[-86.945216,34.288888],[-86.943276,34.29095],[-86.934354,34.285254],[-86.933993,34.279886],[-86.931171,34.277284],[-86.928936,34.276188],[-86.92003,34.269849],[-86.919206,34.269616],[-86.916696,34.271951],[-86.914837,34.273176],[-86.913292,34.274826],[-86.913389,34.275782],[-86.909748,34.277727],[-86.90766,34.279187],[-86.907355,34.280377],[-86.905875,34.281855],[-86.902833,34.282375],[-86.900432,34.282355],[-86.899214,34.283022],[-86.899962,34.284528],[-86.896637,34.284913],[-86.895744,34.285995],[-86.892211,34.287525],[-86.89171,34.288968],[-86.889905,34.289273],[-86.888981,34.290174],[-86.889717,34.292285],[-86.887567,34.291164],[-86.886012,34.291776],[-86.884361,34.291215],[-86.879695,34.287297],[-86.877654,34.286041],[-86.876533,34.287041],[-86.877235,34.28981],[-86.875853,34.291514],[-86.875323,34.289754],[-86.870847,34.289371],[-86.869802,34.290488],[-86.869721,34.293636],[-86.868871,34.295204],[-86.866948,34.294913],[-86.864903,34.296516],[-86.864077,34.296182],[-86.861619,34.291065],[-86.857674,34.291476],[-86.856114,34.288453],[-86.856249,34.286234],[-86.855057,34.284393],[-86.853711,34.283345],[-86.850135,34.281568],[-86.851216,34.28042],[-86.85094,34.279109],[-86.851158,34.269405],[-86.850633,34.268146],[-86.847564,34.26597],[-86.846786,34.264439],[-86.841694,34.264243],[-86.84039,34.266656],[-86.840193,34.269241],[-86.840909,34.271033],[-86.840306,34.272417],[-86.838234,34.273961],[-86.837207,34.275646],[-86.835042,34.27712],[-86.831765,34.278749],[-86.828997,34.278729],[-86.828864,34.282565],[-86.828185,34.283772],[-86.824452,34.283036],[-86.823391,34.281582],[-86.8211,34.280912],[-86.819915,34.281162],[-86.81931,34.279583],[-86.816314,34.278379],[-86.817061,34.279535],[-86.814832,34.280334],[-86.813925,34.282678],[-86.813754,34.286195],[-86.812687,34.287528],[-86.814965,34.288875],[-86.814179,34.290966],[-86.815536,34.291482],[-86.814838,34.292302],[-86.813241,34.292218],[-86.813226,34.294274],[-86.809496,34.29545],[-86.809873,34.296812],[-86.808318,34.297459],[-86.808173,34.299227],[-86.807158,34.300794],[-86.805555,34.298528],[-86.804813,34.29997],[-86.80568,34.301063],[-86.804796,34.302468],[-86.804945,34.303812],[-86.803421,34.305099],[-86.802229,34.300382],[-86.800407,34.298758],[-86.795757,34.298367],[-86.794042,34.300109],[-86.793454,34.301318],[-86.793358,34.307538],[-86.789026,34.30745],[-86.788664,34.318403],[-86.787128,34.319078],[-86.785335,34.318732],[-86.782694,34.322803],[-86.78548,34.325739],[-86.786279,34.32814],[-86.786818,34.333976],[-86.788543,34.335647],[-86.789124,34.337921],[-86.787107,34.340201],[-86.789507,34.339905],[-86.792695,34.338502],[-86.797234,34.336959],[-86.801857,34.336988],[-86.805573,34.338934],[-86.80661,34.342208],[-86.808152,34.343613],[-86.812577,34.345409],[-86.81489,34.347081],[-86.816587,34.349604],[-86.815101,34.351184],[-86.811029,34.353505],[-86.808541,34.352536],[-86.80684,34.35431],[-86.80275,34.354826],[-86.799914,34.353992],[-86.799618,34.355119],[-86.797552,34.355016],[-86.797435,34.353862],[-86.793694,34.354306],[-86.793202,34.355306],[-86.790832,34.355014],[-86.790602,34.355834],[-86.788305,34.356813],[-86.787647,34.358904],[-86.784988,34.361046],[-86.783093,34.361935],[-86.781959,34.363304],[-86.781477,34.368943],[-86.779607,34.369811],[-86.776747,34.369033],[-86.772713,34.36928],[-86.770068,34.370325],[-86.768903,34.372583],[-86.766973,34.373683],[-86.772496,34.389101],[-86.771752,34.39106],[-86.772911,34.393337],[-86.768072,34.396969],[-86.764384,34.397017],[-86.765278,34.400041],[-86.767484,34.403368],[-86.770528,34.404551],[-86.769296,34.407019],[-86.777748,34.415545],[-86.784778,34.416622],[-86.799352,34.419346],[-86.800698,34.419737],[-86.813122,34.422127],[-86.814386,34.419806],[-86.814804,34.417219],[-86.815636,34.415799],[-86.814931,34.414434],[-86.815695,34.412089],[-86.810792,34.407406],[-86.808959,34.405092],[-86.810842,34.404689],[-86.812525,34.407015],[-86.814762,34.408649],[-86.817866,34.409215],[-86.822788,34.411265],[-86.824222,34.412162],[-86.842869,34.380865],[-86.845658,34.382761],[-86.847336,34.386241],[-86.847156,34.38822],[-86.849298,34.387648],[-86.850723,34.386537],[-86.853243,34.38636],[-86.856585,34.387101],[-86.861653,34.388859],[-86.863677,34.390947],[-86.863119,34.393061],[-86.870188,34.393235],[-86.871551,34.395208],[-86.87347,34.393409],[-86.881865,34.393532],[-86.883619,34.394752],[-86.885317,34.394839],[-86.888103,34.393201],[-86.88797,34.38998],[-86.890484,34.388154],[-86.889835,34.390639],[-86.889896,34.40289],[-86.889395,34.408294],[-86.892244,34.408778],[-86.893871,34.410238],[-86.897991,34.406575],[-86.897834,34.402425],[-86.897016,34.397953],[-86.910756,34.398072],[-86.910389,34.39972],[-86.911246,34.401829],[-86.914455,34.401865],[-86.913427,34.399537],[-86.914106,34.398726],[-86.912754,34.397994],[-86.909393,34.390303],[-86.911961,34.390146],[-86.913313,34.395803],[-86.916389,34.395582],[-86.916551,34.383568],[-86.923967,34.383635],[-86.925272,34.385602],[-86.928296,34.388961],[-86.929655,34.393206],[-86.928262,34.394063],[-86.929873,34.394987],[-86.92925,34.397208],[-86.929728,34.398342],[-86.930788,34.40005],[-86.931875,34.400065],[-86.935701,34.398587],[-86.939161,34.399271],[-86.940201,34.398225],[-86.941287,34.393156],[-86.942728,34.393564],[-86.942871,34.392209],[-86.944479,34.391014],[-86.947621,34.393336],[-86.94926,34.393768],[-86.950489,34.395566],[-86.954983,34.396783],[-86.956261,34.396256],[-86.956415,34.395973],[-86.95251,34.392219],[-86.954606,34.391596],[-86.960647,34.392169],[-86.964298,34.390042],[-86.962421,34.387013],[-86.960431,34.385991],[-86.959104,34.383363],[-86.957433,34.381731],[-86.956955,34.378669],[-86.958294,34.376997],[-86.958644,34.374685],[-86.959428,34.373846],[-86.959961,34.370032],[-86.995998,34.370624],[-86.996078,34.365815],[-86.9968,34.364505],[-86.996793,34.36172],[-86.995226,34.35816],[-86.996703,34.356298],[-86.9979,34.352689],[-86.998767,34.34861],[-87.001965,34.348363],[-87.011229,34.348402],[-87.0106,34.353129],[-87.011339,34.35587],[-87.012492,34.357277],[-87.013885,34.360262],[-87.019487,34.368252],[-87.020041,34.370382]]]}},{"type":"Feature","properties":{"zcta5":"35603","AFFGEOID10":"8600000US35603","GEOID10":"35603","ALAND10":182236886,"AWATER10":17095366,"county_name":"Morgan","state_code":"AL","county_state":"Morgan County, AL","county_fips":"01103","risk_level_county":"Medium Risk (70–79% vaccinated)","mean_vaccination_rate_county":75.09,"risk_level_zcta":"Higher Risk (60–69% vaccinated)","mean_vaccination_rate_zips":68.42,"cases":1},"geometry":{"type":"Polygon","coordinates":[[[-87.112991,34.526298],[-87.114395,34.522429],[-87.112841,34.518658],[-87.108812,34.514445],[-87.106889,34.51436],[-87.106994,34.499161],[-87.103554,34.502219],[-87.101416,34.505078],[-87.100291,34.505706],[-87.098227,34.505389],[-87.098186,34.506423],[-87.094206,34.505917],[-87.09202,34.507342],[-87.091345,34.508442],[-87.089615,34.513603],[-87.087499,34.512816],[-87.086024,34.512859],[-87.084531,34.512095],[-87.084849,34.510907],[-87.082924,34.511457],[-87.080179,34.511087],[-87.076008,34.512015],[-87.074161,34.513449],[-87.072438,34.512623],[-87.073613,34.511567],[-87.071734,34.511608],[-87.068164,34.51044],[-87.065861,34.510139],[-87.065184,34.512402],[-87.063918,34.510873],[-87.063835,34.507251],[-87.064249,34.506006],[-87.061974,34.505158],[-87.059394,34.503276],[-87.055955,34.502782],[-87.054206,34.503175],[-87.052712,34.502765],[-87.051689,34.503379],[-87.05165,34.505487],[-87.049862,34.505028],[-87.048914,34.503819],[-87.048378,34.503699],[-87.04749,34.504007],[-87.046911,34.503864],[-87.045458,34.505645],[-87.043977,34.504335],[-87.042452,34.504799],[-87.040834,34.503636],[-87.040364,34.501935],[-87.038803,34.501529],[-87.038947,34.500779],[-87.038555,34.500558],[-87.037648,34.500562],[-87.037791,34.500307],[-87.038584,34.499384],[-87.038824,34.498936],[-87.036594,34.498504],[-87.037972,34.49767],[-87.038427,34.496918],[-87.038701,34.49687],[-87.039079,34.497248],[-87.039278,34.497137],[-87.03959,34.49664],[-87.039579,34.496218],[-87.039296,34.495554],[-87.039244,34.495036],[-87.03664,34.49287],[-87.036878,34.492783],[-87.037548,34.492638],[-87.03775,34.492511],[-87.037744,34.492272],[-87.036704,34.491545],[-87.036115,34.491416],[-87.034826,34.491352],[-87.033806,34.49145],[-87.033634,34.490633],[-87.033224,34.49083],[-87.032049,34.492436],[-87.031074,34.494618],[-87.030091,34.496146],[-87.028608,34.496689],[-87.028974,34.496835],[-87.030004,34.496418],[-87.031319,34.494324],[-87.032117,34.492433],[-87.032814,34.491812],[-87.032967,34.49157],[-87.033073,34.491075],[-87.033286,34.490861],[-87.033512,34.490745],[-87.033697,34.491438],[-87.033983,34.491592],[-87.034813,34.491416],[-87.035643,34.491417],[-87.036685,34.491576],[-87.037628,34.492533],[-87.036871,34.492709],[-87.036599,34.492846],[-87.036472,34.493016],[-87.036618,34.49339],[-87.037607,34.493786],[-87.039181,34.49509],[-87.039194,34.495601],[-87.039539,34.496299],[-87.039539,34.496601],[-87.039486,34.496739],[-87.039227,34.497107],[-87.038981,34.497129],[-87.038735,34.496821],[-87.038536,34.496739],[-87.038397,34.49686],[-87.038217,34.497222],[-87.038071,34.497442],[-87.037732,34.497739],[-87.037261,34.497964],[-87.037009,34.498157],[-87.036603,34.49836],[-87.036444,34.498536],[-87.036431,34.498662],[-87.036517,34.498838],[-87.036842,34.499003],[-87.037261,34.499053],[-87.037958,34.499048],[-87.038609,34.49891],[-87.038741,34.498954],[-87.038721,34.499081],[-87.03761,34.500463],[-87.037537,34.50076],[-87.037975,34.500936],[-87.038659,34.500622],[-87.038858,34.500782],[-87.038672,34.501392],[-87.038818,34.501656],[-87.040213,34.501937],[-87.040365,34.502069],[-87.040491,34.503338],[-87.041029,34.503883],[-87.04243,34.504834],[-87.042915,34.504983],[-87.043413,34.504829],[-87.043971,34.504389],[-87.045119,34.505522],[-87.045465,34.505703],[-87.045916,34.505725],[-87.046255,34.505549],[-87.046468,34.505275],[-87.047019,34.503961],[-87.047683,34.504076],[-87.04856,34.503763],[-87.049502,34.50489],[-87.051043,34.505501],[-87.051601,34.505605],[-87.052013,34.505528],[-87.052132,34.505611],[-87.050312,34.506254],[-87.05089,34.508233],[-87.049721,34.509772],[-87.051786,34.513538],[-87.050712,34.514023],[-87.047921,34.509965],[-87.045411,34.507979],[-87.045351,34.509777],[-87.044142,34.511475],[-87.042754,34.511932],[-87.037287,34.51662],[-87.032233,34.51693],[-87.032125,34.514846],[-87.036535,34.514933],[-87.036613,34.509624],[-87.03332,34.509583],[-87.033225,34.513164],[-87.030041,34.513108],[-87.029966,34.512268],[-87.027699,34.512226],[-87.027371,34.514833],[-87.025677,34.515511],[-87.025744,34.513062],[-87.023228,34.513011],[-87.023212,34.514402],[-87.021518,34.516648],[-87.003832,34.516289],[-87.002745,34.513205],[-86.999994,34.509929],[-86.999961,34.512468],[-86.997701,34.512435],[-86.997644,34.51449],[-86.996091,34.513822],[-86.992154,34.514295],[-86.992112,34.516047],[-86.986052,34.516043],[-86.985393,34.51649],[-86.983126,34.517425],[-86.980329,34.511722],[-86.97743,34.51227],[-86.974587,34.512239],[-86.972459,34.51124],[-86.97252,34.508466],[-86.974617,34.508482],[-86.974592,34.510968],[-86.978954,34.511025],[-86.979078,34.508506],[-86.983538,34.508761],[-86.983542,34.508472],[-86.984527,34.503809],[-86.983448,34.504118],[-86.983016,34.501882],[-86.980377,34.501004],[-86.97941,34.501608],[-86.976439,34.500508],[-86.97624,34.50139],[-86.97196,34.499135],[-86.972155,34.498217],[-86.97059,34.497569],[-86.971548,34.496202],[-86.97061,34.494687],[-86.971406,34.493326],[-86.967947,34.491641],[-86.966405,34.490105],[-86.965088,34.491368],[-86.964914,34.491601],[-86.965256,34.498384],[-86.96584,34.500132],[-86.96312,34.505047],[-86.961534,34.50601],[-86.958804,34.506511],[-86.95646,34.506307],[-86.956994,34.503639],[-86.955238,34.502743],[-86.952668,34.502658],[-86.949383,34.501674],[-86.949014,34.497455],[-86.947885,34.496053],[-86.945848,34.495875],[-86.945892,34.494],[-86.944895,34.493857],[-86.945003,34.488183],[-86.948041,34.488256],[-86.948568,34.487175],[-86.946197,34.485317],[-86.944683,34.483156],[-86.944683,34.479589],[-86.943023,34.479149],[-86.942665,34.477802],[-86.940766,34.476307],[-86.941564,34.479815],[-86.941147,34.481313],[-86.938487,34.481556],[-86.936072,34.483039],[-86.93586,34.484192],[-86.933739,34.48511],[-86.929954,34.485099],[-86.929814,34.48616],[-86.921015,34.486896],[-86.917469,34.485834],[-86.915233,34.48178],[-86.914443,34.481027],[-86.914823,34.478592],[-86.911516,34.48107],[-86.910114,34.485111],[-86.907337,34.488755],[-86.906712,34.490113],[-86.904156,34.491239],[-86.903232,34.49299],[-86.897991,34.493098],[-86.898027,34.488432],[-86.896143,34.487438],[-86.896458,34.478194],[-86.891625,34.47821],[-86.888411,34.476359],[-86.883974,34.477593],[-86.885128,34.478434],[-86.885617,34.482024],[-86.883685,34.482545],[-86.884168,34.484327],[-86.883695,34.487664],[-86.882864,34.488438],[-86.882378,34.491204],[-86.877842,34.493395],[-86.876034,34.495038],[-86.86219,34.499075],[-86.855981,34.499113],[-86.85567,34.501262],[-86.860465,34.503139],[-86.854628,34.504093],[-86.854039,34.505402],[-86.857684,34.504553],[-86.85784,34.508116],[-86.857099,34.510128],[-86.85534,34.510063],[-86.855355,34.508106],[-86.854409,34.508039],[-86.854382,34.510217],[-86.849029,34.509979],[-86.848998,34.510653],[-86.843578,34.518319],[-86.841446,34.520551],[-86.838023,34.523397],[-86.824559,34.521183],[-86.82425,34.534041],[-86.818125,34.531854],[-86.818534,34.535444],[-86.817238,34.538357],[-86.817348,34.539747],[-86.819584,34.544062],[-86.818682,34.546922],[-86.820236,34.548459],[-86.819244,34.551266],[-86.820854,34.552108],[-86.818892,34.552494],[-86.812075,34.552308],[-86.808633,34.551994],[-86.801019,34.550368],[-86.800302,34.552623],[-86.80918,34.554208],[-86.811638,34.554511],[-86.815617,34.554757],[-86.829093,34.555075],[-86.833971,34.555567],[-86.838554,34.556632],[-86.841109,34.557541],[-86.843818,34.558707],[-86.851782,34.563176],[-86.85725,34.565872],[-86.862369,34.567938],[-86.867489,34.569511],[-86.876595,34.571667],[-86.882591,34.573651],[-86.897316,34.577671],[-86.906675,34.579758],[-86.907205,34.579792],[-86.923305,34.586692],[-86.914908,34.57955],[-86.924919,34.581769],[-86.924821,34.58118],[-86.924624,34.578399],[-86.923988,34.576952],[-86.920111,34.573453],[-86.920841,34.572237],[-86.922932,34.571113],[-86.926906,34.569592],[-86.934306,34.567492],[-86.941406,34.566392],[-86.950069,34.5609],[-86.954294,34.558525],[-86.955183,34.55573],[-86.962732,34.558871],[-86.968352,34.561225],[-86.973331,34.562332],[-86.984533,34.561178],[-86.982456,34.56086],[-86.982332,34.559992],[-86.987528,34.560071],[-86.9875,34.560838],[-86.990594,34.559928],[-86.994388,34.559625],[-86.998255,34.559692],[-87.000131,34.558934],[-87.000085,34.560113],[-87.005309,34.560893],[-87.006078,34.560392],[-87.008962,34.560437],[-87.008616,34.563023],[-87.01194,34.567997],[-87.013723,34.566765],[-87.016951,34.568031],[-87.015907,34.569765],[-87.019562,34.569898],[-87.020624,34.572013],[-87.017724,34.576943],[-87.026015,34.586557],[-87.027698,34.586446],[-87.027502,34.588304],[-87.029449,34.590637],[-87.030902,34.593408],[-87.031254,34.598505],[-87.032815,34.60051],[-87.034862,34.600917],[-87.041716,34.59945],[-87.045886,34.597886],[-87.054997,34.592456],[-87.055494,34.592406],[-87.062401,34.588207],[-87.062395,34.587958],[-87.070633,34.582954],[-87.070685,34.583175],[-87.075229,34.580395],[-87.076469,34.576325],[-87.074167,34.576005],[-87.074189,34.575484],[-87.075319,34.57545],[-87.074316,34.574376],[-87.072782,34.574371],[-87.072827,34.573858],[-87.074867,34.573929],[-87.076938,34.576212],[-87.076726,34.578712],[-87.075618,34.579895],[-87.079082,34.577643],[-87.080292,34.577736],[-87.083231,34.578399],[-87.083931,34.5802],[-87.087117,34.580171],[-87.08833,34.579287],[-87.08823,34.579241],[-87.08832,34.57556],[-87.087501,34.574002],[-87.087579,34.572145],[-87.106438,34.560866],[-87.106603,34.528247],[-87.111585,34.529465],[-87.113182,34.528943],[-87.112991,34.526298]],[[-86.890933,34.490099],[-86.890443,34.490603],[-86.887233,34.48968],[-86.887374,34.485829],[-86.890284,34.486445],[-86.890933,34.490099]]]}},{"type":"Feature","properties":{"zcta5":"35179","AFFGEOID10":"8600000US35179","GEOID10":"35179","ALAND10":241602937,"AWATER10":2028685,"county_name":"Morgan","state_code":"AL","county_state":"Morgan County, AL","county_fips":"01103","risk_level_county":"Medium Risk (70–79% vaccinated)","mean_vaccination_rate_county":75.09,"risk_level_zcta":"Higher Risk (60–69% vaccinated)","mean_vaccination_rate_zips":63.89,"cases":1},"geometry":{"type":"MultiPolygon","coordinates":[[[[-86.931294,34.243315],[-86.931208,34.243449],[-86.931282,34.244809],[-86.928719,34.248569],[-86.933216,34.248342],[-86.932338,34.245347],[-86.931319,34.243344],[-86.931294,34.243315]]],[[[-86.931294,34.243315],[-86.93132,34.243275],[-86.933052,34.23802],[-86.940352,34.237889],[-86.941944,34.23505],[-86.945622,34.234861],[-86.943547,34.234157],[-86.943395,34.23247],[-86.941483,34.23257],[-86.941605,34.234135],[-86.927435,34.234035],[-86.926291,34.231013],[-86.926299,34.237949],[-86.929716,34.237984],[-86.929909,34.240863],[-86.931243,34.243254],[-86.931294,34.243315]]],[[[-87.109911,34.299299],[-87.109941,34.289507],[-87.110054,34.288328],[-87.111378,34.28719],[-87.11239,34.287748],[-87.117094,34.287185],[-87.120234,34.28711],[-87.121666,34.286062],[-87.124339,34.285771],[-87.126499,34.284227],[-87.12941,34.2838],[-87.132753,34.281866],[-87.136285,34.282178],[-87.136914,34.281735],[-87.137887,34.278668],[-87.137885,34.277487],[-87.136297,34.276406],[-87.137404,34.275512],[-87.137597,34.27424],[-87.139116,34.27285],[-87.141821,34.272693],[-87.141828,34.270709],[-87.139653,34.269467],[-87.138042,34.267404],[-87.136111,34.262365],[-87.136273,34.261706],[-87.139986,34.2608],[-87.1403,34.260078],[-87.138525,34.257384],[-87.141151,34.255451],[-87.140107,34.254947],[-87.137261,34.254743],[-87.135956,34.253833],[-87.134704,34.251517],[-87.13583,34.249586],[-87.133743,34.248307],[-87.133718,34.24635],[-87.132221,34.24775],[-87.132571,34.24921],[-87.130326,34.251287],[-87.127872,34.251335],[-87.125518,34.253141],[-87.12226,34.253568],[-87.120077,34.253417],[-87.1196,34.254427],[-87.118535,34.254158],[-87.11704,34.25645],[-87.116901,34.258046],[-87.114546,34.259717],[-87.11492,34.263108],[-87.111805,34.265167],[-87.110002,34.269196],[-87.110199,34.228364],[-87.106667,34.229469],[-87.10652,34.228329],[-87.107148,34.224071],[-87.108789,34.221208],[-87.109483,34.219132],[-87.109768,34.216466],[-87.109101,34.214173],[-87.107608,34.211699],[-87.103864,34.211115],[-87.101875,34.209515],[-87.097412,34.209383],[-87.097778,34.211768],[-87.099009,34.213723],[-87.101003,34.216186],[-87.097976,34.217506],[-87.097511,34.219147],[-87.096447,34.219545],[-87.094622,34.21814],[-87.094673,34.215127],[-87.091198,34.214336],[-87.088927,34.212534],[-87.086811,34.213726],[-87.087487,34.215926],[-87.087282,34.217369],[-87.083765,34.218057],[-87.078762,34.21953],[-87.077319,34.221083],[-87.074963,34.22112],[-87.074322,34.219903],[-87.069069,34.222359],[-87.061578,34.222652],[-87.055173,34.22463],[-87.054185,34.225271],[-87.044369,34.225136],[-87.044332,34.223576],[-87.043191,34.225115],[-87.042595,34.227901],[-87.042515,34.231726],[-87.040791,34.232067],[-87.037513,34.234647],[-87.035657,34.233132],[-87.031539,34.239084],[-87.029987,34.240442],[-87.029194,34.242912],[-87.004547,34.24243],[-87.004437,34.243768],[-87.002243,34.246972],[-86.998118,34.249091],[-86.99676,34.24864],[-86.994153,34.245676],[-86.992166,34.246683],[-86.990863,34.245862],[-86.989669,34.244266],[-86.989525,34.241647],[-86.990375,34.240451],[-86.989517,34.239242],[-86.988378,34.234408],[-86.990083,34.232794],[-86.988085,34.231838],[-86.986131,34.22933],[-86.985675,34.227608],[-86.98637,34.226787],[-86.985144,34.223892],[-86.987337,34.22345],[-86.98712,34.221899],[-86.984471,34.222223],[-86.982201,34.223648],[-86.979769,34.223368],[-86.979129,34.220617],[-86.97638,34.220706],[-86.975169,34.213776],[-86.973521,34.2118],[-86.972992,34.207897],[-86.971916,34.207907],[-86.965188,34.211779],[-86.962965,34.21212],[-86.961669,34.213519],[-86.95717,34.211802],[-86.956424,34.208889],[-86.954361,34.208793],[-86.953768,34.209845],[-86.951624,34.2108],[-86.950666,34.21218],[-86.943836,34.218537],[-86.944405,34.220777],[-86.946791,34.222294],[-86.947346,34.220595],[-86.95155,34.221489],[-86.953275,34.223258],[-86.955928,34.223857],[-86.958357,34.22336],[-86.960933,34.223546],[-86.961492,34.226909],[-86.956898,34.226811],[-86.956891,34.228475],[-86.96143,34.228136],[-86.961168,34.230846],[-86.961667,34.233243],[-86.957612,34.23317],[-86.957476,34.23589],[-86.958322,34.2392],[-86.959541,34.238601],[-86.959275,34.241268],[-86.95787,34.243067],[-86.961037,34.245192],[-86.958313,34.245188],[-86.957266,34.243703],[-86.952583,34.246054],[-86.951872,34.2477],[-86.948643,34.247599],[-86.948396,34.246876],[-86.945335,34.246855],[-86.941874,34.24618],[-86.94187,34.244992],[-86.9395,34.244922],[-86.938646,34.24861],[-86.939665,34.249722],[-86.939697,34.251309],[-86.943646,34.251519],[-86.943822,34.253029],[-86.945738,34.254117],[-86.944527,34.256274],[-86.91934,34.244883],[-86.917312,34.242586],[-86.917347,34.234864],[-86.915472,34.234812],[-86.91476,34.239684],[-86.916472,34.241631],[-86.912882,34.241971],[-86.899701,34.235956],[-86.899694,34.238305],[-86.895727,34.238052],[-86.894579,34.235679],[-86.892625,34.235064],[-86.891302,34.23353],[-86.888792,34.233026],[-86.884933,34.234799],[-86.884471,34.237048],[-86.886365,34.240824],[-86.886413,34.245194],[-86.88833,34.249835],[-86.886016,34.250734],[-86.88339,34.250539],[-86.882555,34.24891],[-86.885742,34.245502],[-86.883378,34.241317],[-86.878911,34.230695],[-86.877166,34.232407],[-86.873657,34.233747],[-86.871592,34.23526],[-86.869437,34.238297],[-86.86863,34.237774],[-86.868828,34.242933],[-86.867015,34.242875],[-86.864528,34.237068],[-86.864085,34.237345],[-86.864546,34.238926],[-86.864168,34.240841],[-86.862452,34.243317],[-86.861384,34.244242],[-86.859698,34.241628],[-86.856466,34.237691],[-86.856216,34.236248],[-86.856956,34.232742],[-86.856154,34.23059],[-86.852565,34.227523],[-86.850832,34.225342],[-86.849462,34.22571],[-86.850761,34.225813],[-86.85607,34.231415],[-86.856684,34.23256],[-86.855585,34.238193],[-86.854726,34.238352],[-86.851389,34.238305],[-86.851401,34.23621],[-86.852502,34.235482],[-86.851321,34.233668],[-86.852962,34.232921],[-86.851126,34.233343],[-86.849126,34.232349],[-86.852544,34.232367],[-86.852433,34.228495],[-86.846903,34.228517],[-86.846979,34.22599],[-86.840384,34.222502],[-86.83817,34.222052],[-86.835437,34.220404],[-86.833794,34.220259],[-86.816618,34.220157],[-86.816248,34.218118],[-86.815391,34.218505],[-86.813946,34.21906],[-86.811604,34.221369],[-86.81072,34.22371],[-86.800743,34.225516],[-86.801617,34.226291],[-86.802285,34.228574],[-86.804206,34.228506],[-86.803768,34.22989],[-86.800891,34.230493],[-86.803114,34.231759],[-86.802914,34.233671],[-86.803943,34.231298],[-86.805966,34.232156],[-86.811749,34.228872],[-86.811609,34.234737],[-86.807018,34.234674],[-86.804178,34.236053],[-86.805742,34.239034],[-86.805876,34.241868],[-86.809118,34.241148],[-86.809717,34.24258],[-86.805813,34.243649],[-86.804231,34.243672],[-86.803753,34.244557],[-86.805213,34.245597],[-86.807292,34.245455],[-86.807728,34.247424],[-86.806698,34.248323],[-86.804653,34.248909],[-86.806459,34.251436],[-86.805946,34.253945],[-86.803373,34.254263],[-86.804761,34.254918],[-86.805608,34.256331],[-86.804465,34.25785],[-86.802522,34.259029],[-86.802086,34.260321],[-86.802778,34.261168],[-86.80508,34.262148],[-86.803808,34.263581],[-86.802551,34.263621],[-86.800793,34.262726],[-86.797533,34.26327],[-86.796111,34.26297],[-86.792737,34.26108],[-86.789651,34.261625],[-86.787599,34.261314],[-86.781957,34.26328],[-86.779839,34.26305],[-86.778844,34.265348],[-86.779523,34.267487],[-86.7813,34.26951],[-86.778518,34.269659],[-86.778694,34.272987],[-86.776958,34.276429],[-86.776998,34.277673],[-86.774733,34.27968],[-86.77182,34.280144],[-86.770155,34.281088],[-86.768634,34.281184],[-86.766343,34.280557],[-86.764366,34.280572],[-86.763102,34.281642],[-86.760992,34.282414],[-86.759467,34.283872],[-86.75737,34.284057],[-86.755546,34.283521],[-86.754924,34.284296],[-86.755484,34.285983],[-86.753757,34.285998],[-86.752042,34.289124],[-86.748801,34.291381],[-86.749021,34.293305],[-86.749763,34.294344],[-86.74864,34.298226],[-86.748668,34.300854],[-86.750798,34.301982],[-86.751411,34.303922],[-86.751014,34.305896],[-86.751396,34.306928],[-86.789026,34.30745],[-86.793358,34.307538],[-86.793454,34.301318],[-86.794042,34.300109],[-86.795757,34.298367],[-86.800407,34.298758],[-86.802229,34.300382],[-86.803421,34.305099],[-86.804945,34.303812],[-86.804796,34.302468],[-86.80568,34.301063],[-86.804813,34.29997],[-86.805555,34.298528],[-86.807158,34.300794],[-86.808173,34.299227],[-86.808318,34.297459],[-86.809873,34.296812],[-86.809496,34.29545],[-86.813226,34.294274],[-86.813241,34.292218],[-86.814838,34.292302],[-86.815536,34.291482],[-86.814179,34.290966],[-86.814965,34.288875],[-86.812687,34.287528],[-86.813754,34.286195],[-86.813925,34.282678],[-86.814832,34.280334],[-86.817061,34.279535],[-86.816314,34.278379],[-86.81931,34.279583],[-86.819915,34.281162],[-86.8211,34.280912],[-86.823391,34.281582],[-86.824452,34.283036],[-86.828185,34.283772],[-86.828864,34.282565],[-86.828997,34.278729],[-86.831765,34.278749],[-86.835042,34.27712],[-86.837207,34.275646],[-86.838234,34.273961],[-86.840306,34.272417],[-86.840909,34.271033],[-86.840193,34.269241],[-86.84039,34.266656],[-86.841694,34.264243],[-86.846786,34.264439],[-86.847564,34.26597],[-86.850633,34.268146],[-86.851158,34.269405],[-86.85094,34.279109],[-86.851216,34.28042],[-86.850135,34.281568],[-86.853711,34.283345],[-86.855057,34.284393],[-86.856249,34.286234],[-86.856114,34.288453],[-86.857674,34.291476],[-86.861619,34.291065],[-86.864077,34.296182],[-86.864903,34.296516],[-86.866948,34.294913],[-86.868871,34.295204],[-86.869721,34.293636],[-86.869802,34.290488],[-86.870847,34.289371],[-86.875323,34.289754],[-86.875853,34.291514],[-86.877235,34.28981],[-86.876533,34.287041],[-86.877654,34.286041],[-86.879695,34.287297],[-86.884361,34.291215],[-86.886012,34.291776],[-86.887567,34.291164],[-86.889717,34.292285],[-86.888981,34.290174],[-86.889905,34.289273],[-86.89171,34.288968],[-86.892211,34.287525],[-86.895744,34.285995],[-86.896637,34.284913],[-86.899962,34.284528],[-86.899214,34.283022],[-86.900432,34.282355],[-86.902833,34.282375],[-86.905875,34.281855],[-86.907355,34.280377],[-86.90766,34.279187],[-86.909748,34.277727],[-86.913389,34.275782],[-86.913292,34.274826],[-86.914837,34.273176],[-86.916696,34.271951],[-86.919206,34.269616],[-86.92003,34.269849],[-86.928936,34.276188],[-86.931171,34.277284],[-86.933993,34.279886],[-86.934354,34.285254],[-86.943276,34.29095],[-86.945216,34.288888],[-86.949118,34.290073],[-86.951252,34.291053],[-86.954738,34.293882],[-86.957325,34.294651],[-86.960975,34.296318],[-86.963834,34.299333],[-86.962698,34.29994],[-86.961832,34.2993],[-86.960311,34.299552],[-86.956627,34.298541],[-86.955824,34.297314],[-86.954084,34.298342],[-86.952105,34.300731],[-86.949196,34.301786],[-86.954584,34.309481],[-86.950993,34.30762],[-86.947135,34.307249],[-86.94784,34.310524],[-86.950843,34.311012],[-86.933053,34.310594],[-86.92983,34.321395],[-86.932883,34.325982],[-86.934765,34.324342],[-86.935918,34.322521],[-86.935235,34.320365],[-86.937043,34.316488],[-86.938304,34.315515],[-86.939249,34.316156],[-86.941565,34.315886],[-86.944325,34.316997],[-86.94689,34.317296],[-86.951452,34.322537],[-86.953549,34.323151],[-86.9588,34.32245],[-86.96181,34.323614],[-86.963942,34.32191],[-86.964295,34.320878],[-86.975356,34.319633],[-86.97579,34.322022],[-86.978427,34.319686],[-87.004386,34.332106],[-87.004735,34.328185],[-87.002459,34.325822],[-87.001705,34.324251],[-86.998132,34.311702],[-87.000008,34.311798],[-87.092741,34.31232],[-87.093059,34.308148],[-87.09384,34.307214],[-87.10556,34.31114],[-87.110105,34.313368],[-87.109911,34.299299]]]]}},{"type":"Feature","properties":{"zcta5":"35640","AFFGEOID10":"8600000US35640","GEOID10":"35640","ALAND10":284513586,"AWATER10":2863872,"county_name":"Morgan","state_code":"AL","county_state":"Morgan County, AL","county_fips":"01103","risk_level_county":"Medium Risk (70–79% vaccinated)","mean_vaccination_rate_county":75.09,"risk_level_zcta":"Higher Risk (60–69% vaccinated)","mean_vaccination_rate_zips":67.58,"cases":1},"geometry":{"type":"MultiPolygon","coordinates":[[[[-86.890933,34.490099],[-86.890284,34.486445],[-86.887374,34.485829],[-86.887233,34.48968],[-86.890443,34.490603],[-86.890933,34.490099]]],[[[-87.030091,34.496146],[-87.031426,34.493774],[-87.031938,34.492521],[-87.033372,34.490333],[-87.033811,34.490014],[-87.03421,34.488244],[-87.035923,34.48593],[-87.037258,34.485106],[-87.041819,34.487773],[-87.042921,34.488053],[-87.045749,34.49011],[-87.047229,34.492117],[-87.049831,34.49331],[-87.052215,34.492744],[-87.053351,34.490556],[-87.053272,34.48541],[-87.059478,34.483916],[-87.059418,34.474671],[-87.059732,34.46562],[-87.060363,34.465213],[-87.068283,34.46292],[-87.070505,34.464668],[-87.071673,34.466493],[-87.075271,34.465921],[-87.076499,34.466207],[-87.077501,34.465773],[-87.079934,34.458617],[-87.081799,34.458632],[-87.082061,34.447581],[-87.075046,34.447484],[-87.068265,34.447741],[-87.066874,34.448836],[-87.065387,34.446928],[-87.065353,34.443476],[-87.063157,34.441249],[-87.062746,34.437478],[-87.060503,34.433778],[-87.063124,34.434866],[-87.06465,34.437131],[-87.066415,34.437676],[-87.068253,34.439666],[-87.073157,34.439968],[-87.07309,34.439204],[-87.078877,34.442095],[-87.082149,34.444314],[-87.082655,34.41471],[-87.044737,34.414304],[-87.041421,34.415084],[-87.036836,34.417359],[-87.035167,34.414446],[-87.034827,34.411457],[-87.03573,34.409205],[-87.035903,34.407174],[-87.037801,34.404892],[-87.037036,34.403629],[-87.036657,34.397728],[-87.035818,34.396391],[-87.03072,34.393568],[-87.028102,34.392934],[-87.028764,34.391167],[-87.027665,34.387852],[-87.025405,34.385168],[-87.024962,34.381661],[-87.021893,34.378652],[-87.019971,34.378096],[-87.019216,34.376013],[-87.020576,34.373798],[-87.020041,34.370382],[-87.019487,34.368252],[-87.013885,34.360262],[-87.012492,34.357277],[-87.011339,34.35587],[-87.0106,34.353129],[-87.011229,34.348402],[-87.001965,34.348363],[-86.998767,34.34861],[-86.9979,34.352689],[-86.996703,34.356298],[-86.995226,34.35816],[-86.996793,34.36172],[-86.9968,34.364505],[-86.996078,34.365815],[-86.995998,34.370624],[-86.959961,34.370032],[-86.959428,34.373846],[-86.958644,34.374685],[-86.958294,34.376997],[-86.956955,34.378669],[-86.957433,34.381731],[-86.959104,34.383363],[-86.960431,34.385991],[-86.962421,34.387013],[-86.964298,34.390042],[-86.960647,34.392169],[-86.954606,34.391596],[-86.95251,34.392219],[-86.956415,34.395973],[-86.956261,34.396256],[-86.954983,34.396783],[-86.950489,34.395566],[-86.94926,34.393768],[-86.947621,34.393336],[-86.944479,34.391014],[-86.942871,34.392209],[-86.942728,34.393564],[-86.941287,34.393156],[-86.940201,34.398225],[-86.939161,34.399271],[-86.935701,34.398587],[-86.931875,34.400065],[-86.930788,34.40005],[-86.929728,34.398342],[-86.92925,34.397208],[-86.929873,34.394987],[-86.928262,34.394063],[-86.929655,34.393206],[-86.928296,34.388961],[-86.925272,34.385602],[-86.923967,34.383635],[-86.916551,34.383568],[-86.916389,34.395582],[-86.913313,34.395803],[-86.911961,34.390146],[-86.909393,34.390303],[-86.912754,34.397994],[-86.914106,34.398726],[-86.913427,34.399537],[-86.914455,34.401865],[-86.911246,34.401829],[-86.910389,34.39972],[-86.910756,34.398072],[-86.897016,34.397953],[-86.897834,34.402425],[-86.897991,34.406575],[-86.893871,34.410238],[-86.892244,34.408778],[-86.889395,34.408294],[-86.889896,34.40289],[-86.889835,34.390639],[-86.890484,34.388154],[-86.88797,34.38998],[-86.888103,34.393201],[-86.885317,34.394839],[-86.883619,34.394752],[-86.881865,34.393532],[-86.87347,34.393409],[-86.871551,34.395208],[-86.870188,34.393235],[-86.863119,34.393061],[-86.863677,34.390947],[-86.861653,34.388859],[-86.856585,34.387101],[-86.853243,34.38636],[-86.850723,34.386537],[-86.849298,34.387648],[-86.847156,34.38822],[-86.847336,34.386241],[-86.845658,34.382761],[-86.842869,34.380865],[-86.824222,34.412162],[-86.822788,34.411265],[-86.817866,34.409215],[-86.814762,34.408649],[-86.812525,34.407015],[-86.810842,34.404689],[-86.808959,34.405092],[-86.810792,34.407406],[-86.815695,34.412089],[-86.814931,34.414434],[-86.815636,34.415799],[-86.814804,34.417219],[-86.814386,34.419806],[-86.813122,34.422127],[-86.800698,34.419737],[-86.799352,34.419346],[-86.784778,34.416622],[-86.777748,34.415545],[-86.783808,34.437099],[-86.783145,34.438458],[-86.780603,34.440145],[-86.780025,34.441728],[-86.78027,34.443592],[-86.780781,34.445439],[-86.781985,34.446521],[-86.802484,34.446923],[-86.802911,34.447587],[-86.803594,34.451238],[-86.802758,34.453233],[-86.804191,34.454921],[-86.80362,34.456917],[-86.802531,34.458186],[-86.799651,34.459027],[-86.80038,34.460611],[-86.803944,34.464696],[-86.804308,34.465839],[-86.808594,34.46587],[-86.809613,34.463788],[-86.812084,34.463809],[-86.815082,34.467461],[-86.818481,34.470875],[-86.818527,34.4722],[-86.822304,34.473266],[-86.82506,34.477087],[-86.827689,34.476883],[-86.829927,34.474923],[-86.835491,34.471881],[-86.837094,34.472731],[-86.837884,34.473341],[-86.839206,34.476298],[-86.8393,34.477766],[-86.841843,34.480916],[-86.842827,34.484192],[-86.84079,34.48765],[-86.840539,34.49107],[-86.847732,34.491782],[-86.847206,34.49608],[-86.848406,34.496817],[-86.856089,34.495756],[-86.855981,34.499113],[-86.86219,34.499075],[-86.876034,34.495038],[-86.877842,34.493395],[-86.882378,34.491204],[-86.882864,34.488438],[-86.883695,34.487664],[-86.884168,34.484327],[-86.883685,34.482545],[-86.885617,34.482024],[-86.885128,34.478434],[-86.883974,34.477593],[-86.888411,34.476359],[-86.891625,34.47821],[-86.896458,34.478194],[-86.896143,34.487438],[-86.898027,34.488432],[-86.897991,34.493098],[-86.903232,34.49299],[-86.904156,34.491239],[-86.906712,34.490113],[-86.907337,34.488755],[-86.910114,34.485111],[-86.911516,34.48107],[-86.914823,34.478592],[-86.914443,34.481027],[-86.915233,34.48178],[-86.917469,34.485834],[-86.921015,34.486896],[-86.929814,34.48616],[-86.929954,34.485099],[-86.933739,34.48511],[-86.93586,34.484192],[-86.936072,34.483039],[-86.938487,34.481556],[-86.941147,34.481313],[-86.941564,34.479815],[-86.940766,34.476307],[-86.942665,34.477802],[-86.943023,34.479149],[-86.944683,34.479589],[-86.944683,34.483156],[-86.946197,34.485317],[-86.948568,34.487175],[-86.948041,34.488256],[-86.945003,34.488183],[-86.944895,34.493857],[-86.945892,34.494],[-86.945848,34.495875],[-86.947885,34.496053],[-86.949014,34.497455],[-86.949383,34.501674],[-86.952668,34.502658],[-86.955238,34.502743],[-86.956994,34.503639],[-86.95646,34.506307],[-86.958804,34.506511],[-86.961534,34.50601],[-86.96312,34.505047],[-86.96584,34.500132],[-86.965256,34.498384],[-86.964914,34.491601],[-86.965088,34.491368],[-86.966405,34.490105],[-86.967947,34.491641],[-86.971406,34.493326],[-86.97061,34.494687],[-86.971548,34.496202],[-86.97059,34.497569],[-86.972155,34.498217],[-86.97196,34.499135],[-86.97624,34.50139],[-86.976439,34.500508],[-86.97941,34.501608],[-86.980377,34.501004],[-86.983016,34.501882],[-86.983448,34.504118],[-86.984527,34.503809],[-86.983542,34.508472],[-86.983538,34.508761],[-86.979078,34.508506],[-86.978954,34.511025],[-86.974592,34.510968],[-86.974617,34.508482],[-86.97252,34.508466],[-86.972459,34.51124],[-86.974587,34.512239],[-86.97743,34.51227],[-86.980329,34.511722],[-86.983126,34.517425],[-86.985393,34.51649],[-86.986052,34.516043],[-86.992112,34.516047],[-86.992154,34.514295],[-86.996091,34.513822],[-86.997644,34.51449],[-86.997701,34.512435],[-86.999961,34.512468],[-86.999994,34.509929],[-87.002745,34.513205],[-87.003832,34.516289],[-87.021518,34.516648],[-87.023212,34.514402],[-87.023228,34.513011],[-87.025744,34.513062],[-87.025677,34.515511],[-87.027371,34.514833],[-87.027699,34.512226],[-87.029966,34.512268],[-87.030041,34.513108],[-87.033225,34.513164],[-87.03332,34.509583],[-87.036613,34.509624],[-87.036535,34.514933],[-87.032125,34.514846],[-87.032233,34.51693],[-87.037287,34.51662],[-87.042754,34.511932],[-87.044142,34.511475],[-87.045351,34.509777],[-87.045411,34.507979],[-87.047921,34.509965],[-87.050712,34.514023],[-87.051786,34.513538],[-87.049721,34.509772],[-87.05089,34.508233],[-87.050312,34.506254],[-87.052132,34.505611],[-87.052013,34.505528],[-87.051601,34.505605],[-87.051043,34.505501],[-87.049502,34.50489],[-87.04856,34.503763],[-87.047683,34.504076],[-87.047019,34.503961],[-87.046468,34.505275],[-87.046255,34.505549],[-87.045916,34.505725],[-87.045465,34.505703],[-87.045119,34.505522],[-87.043971,34.504389],[-87.043413,34.504829],[-87.042915,34.504983],[-87.04243,34.504834],[-87.041029,34.503883],[-87.040491,34.503338],[-87.040365,34.502069],[-87.040213,34.501937],[-87.038818,34.501656],[-87.038672,34.501392],[-87.038858,34.500782],[-87.038659,34.500622],[-87.037975,34.500936],[-87.037537,34.50076],[-87.03761,34.500463],[-87.038721,34.499081],[-87.038741,34.498954],[-87.038609,34.49891],[-87.037958,34.499048],[-87.037261,34.499053],[-87.036842,34.499003],[-87.036517,34.498838],[-87.036431,34.498662],[-87.036444,34.498536],[-87.036603,34.49836],[-87.037009,34.498157],[-87.037261,34.497964],[-87.037732,34.497739],[-87.038071,34.497442],[-87.038217,34.497222],[-87.038397,34.49686],[-87.038536,34.496739],[-87.038735,34.496821],[-87.038981,34.497129],[-87.039227,34.497107],[-87.039486,34.496739],[-87.039539,34.496601],[-87.039539,34.496299],[-87.039194,34.495601],[-87.039181,34.49509],[-87.037607,34.493786],[-87.036618,34.49339],[-87.036472,34.493016],[-87.036599,34.492846],[-87.036871,34.492709],[-87.037628,34.492533],[-87.036685,34.491576],[-87.035643,34.491417],[-87.034813,34.491416],[-87.033983,34.491592],[-87.033697,34.491438],[-87.033512,34.490745],[-87.033286,34.490861],[-87.033073,34.491075],[-87.032967,34.49157],[-87.032814,34.491812],[-87.032117,34.492433],[-87.031319,34.494324],[-87.030004,34.496418],[-87.028974,34.496835],[-87.028608,34.496689],[-87.030091,34.496146]]]]}},{"type":"Feature","properties":{"zcta5":"35621","AFFGEOID10":"8600000US35621","GEOID10":"35621","ALAND10":118744930,"AWATER10":416684,"county_name":"Morgan","state_code":"AL","county_state":"Morgan County, AL","county_fips":"01103","risk_level_county":"Medium Risk (70–79% vaccinated)","mean_vaccination_rate_county":75.09,"risk_level_zcta":"Very High Risk (<60% vaccinated)","mean_vaccination_rate_zips":57.6,"cases":1},"geometry":{"type":"Polygon","coordinates":[[[-86.764384,34.397017],[-86.768072,34.396969],[-86.772911,34.393337],[-86.771752,34.39106],[-86.772496,34.389101],[-86.766973,34.373683],[-86.768903,34.372583],[-86.770068,34.370325],[-86.772713,34.36928],[-86.776747,34.369033],[-86.779607,34.369811],[-86.781477,34.368943],[-86.781959,34.363304],[-86.783093,34.361935],[-86.784988,34.361046],[-86.787647,34.358904],[-86.788305,34.356813],[-86.790602,34.355834],[-86.790832,34.355014],[-86.793202,34.355306],[-86.793694,34.354306],[-86.797435,34.353862],[-86.797552,34.355016],[-86.799618,34.355119],[-86.799914,34.353992],[-86.80275,34.354826],[-86.80684,34.35431],[-86.808541,34.352536],[-86.811029,34.353505],[-86.815101,34.351184],[-86.816587,34.349604],[-86.81489,34.347081],[-86.812577,34.345409],[-86.808152,34.343613],[-86.80661,34.342208],[-86.805573,34.338934],[-86.801857,34.336988],[-86.797234,34.336959],[-86.792695,34.338502],[-86.789507,34.339905],[-86.787107,34.340201],[-86.789124,34.337921],[-86.788543,34.335647],[-86.786818,34.333976],[-86.786279,34.32814],[-86.78548,34.325739],[-86.782694,34.322803],[-86.785335,34.318732],[-86.787128,34.319078],[-86.788664,34.318403],[-86.789026,34.30745],[-86.751396,34.306928],[-86.743525,34.306979],[-86.736604,34.306648],[-86.723382,34.306559],[-86.723662,34.305135],[-86.722405,34.303337],[-86.721562,34.299742],[-86.720477,34.298456],[-86.717054,34.296187],[-86.714266,34.293392],[-86.711502,34.291736],[-86.709225,34.290822],[-86.707781,34.289714],[-86.706909,34.287913],[-86.697052,34.287912],[-86.68992,34.291641],[-86.686771,34.293089],[-86.696009,34.300407],[-86.693645,34.303803],[-86.695922,34.304803],[-86.697478,34.306278],[-86.690716,34.306171],[-86.685616,34.310871],[-86.683478,34.31325],[-86.678955,34.313142],[-86.678804,34.318291],[-86.679819,34.319288],[-86.67481,34.325211],[-86.67432,34.326516],[-86.672803,34.326062],[-86.669678,34.323912],[-86.666109,34.323597],[-86.666207,34.319136],[-86.666024,34.315354],[-86.663054,34.316413],[-86.660986,34.318255],[-86.656963,34.32059],[-86.653119,34.322167],[-86.652436,34.324619],[-86.652753,34.327131],[-86.653554,34.329226],[-86.653022,34.33159],[-86.652127,34.332618],[-86.651662,34.335927],[-86.65241,34.337142],[-86.651972,34.338407],[-86.652455,34.3411],[-86.65433,34.343756],[-86.653143,34.344581],[-86.653706,34.345686],[-86.653419,34.349683],[-86.653537,34.352393],[-86.654611,34.355486],[-86.657912,34.354678],[-86.659171,34.356124],[-86.659887,34.357979],[-86.662788,34.359009],[-86.667151,34.358388],[-86.669547,34.36039],[-86.669718,34.364226],[-86.665106,34.365522],[-86.66023,34.366469],[-86.657174,34.369461],[-86.653888,34.369274],[-86.654292,34.370673],[-86.655903,34.371031],[-86.654742,34.372471],[-86.656618,34.373637],[-86.657279,34.375462],[-86.659255,34.376133],[-86.659466,34.378453],[-86.660315,34.378767],[-86.661515,34.377503],[-86.663312,34.37935],[-86.660539,34.380614],[-86.663443,34.383677],[-86.663463,34.382297],[-86.67536,34.388775],[-86.67364,34.390759],[-86.674052,34.392176],[-86.677172,34.392575],[-86.676806,34.386772],[-86.678329,34.384517],[-86.682396,34.380345],[-86.683439,34.378617],[-86.686192,34.379589],[-86.686831,34.382042],[-86.68893,34.386729],[-86.689872,34.387782],[-86.692014,34.387506],[-86.693764,34.389089],[-86.696567,34.389169],[-86.699689,34.389968],[-86.702197,34.392832],[-86.705685,34.39384],[-86.710752,34.397395],[-86.706569,34.401472],[-86.703965,34.402811],[-86.702921,34.403898],[-86.702084,34.406571],[-86.721632,34.413542],[-86.721603,34.414464],[-86.725997,34.412682],[-86.726252,34.410978],[-86.725488,34.406108],[-86.726794,34.405523],[-86.730746,34.404896],[-86.734779,34.405284],[-86.737168,34.404679],[-86.739223,34.405742],[-86.739475,34.406628],[-86.741643,34.404728],[-86.742411,34.403381],[-86.743911,34.403452],[-86.747988,34.401174],[-86.749082,34.400063],[-86.750932,34.400227],[-86.752405,34.399266],[-86.754328,34.399938],[-86.757094,34.399224],[-86.75909,34.399225],[-86.76061,34.397071],[-86.764384,34.397017]]]}},{"type":"Feature","properties":{"zcta5":"35087","AFFGEOID10":"8600000US35087","GEOID10":"35087","ALAND10":58091830,"AWATER10":447159,"county_name":"Morgan","state_code":"AL","county_state":"Morgan County, AL","county_fips":"01103","risk_level_county":"Medium Risk (70–79% vaccinated)","mean_vaccination_rate_county":75.09,"risk_level_zcta":"Higher Risk (60–69% vaccinated)","mean_vaccination_rate_zips":62.9,"cases":1},"geometry":{"type":"Polygon","coordinates":[[[-86.607808,34.37025],[-86.607388,34.364164],[-86.608116,34.361777],[-86.610624,34.359735],[-86.611471,34.360399],[-86.615835,34.361138],[-86.61466,34.348897],[-86.610607,34.344296],[-86.612269,34.340102],[-86.61744,34.337089],[-86.617583,34.327737],[-86.623067,34.324747],[-86.624767,34.325455],[-86.629798,34.326243],[-86.630776,34.327235],[-86.633863,34.324616],[-86.635565,34.322013],[-86.635607,34.319897],[-86.635012,34.315176],[-86.637486,34.314536],[-86.637526,34.313816],[-86.63575,34.313634],[-86.634401,34.31034],[-86.631917,34.308717],[-86.631207,34.305409],[-86.631842,34.30278],[-86.631279,34.301812],[-86.631937,34.299712],[-86.631694,34.29627],[-86.629295,34.296852],[-86.627561,34.295196],[-86.624872,34.296839],[-86.623367,34.2954],[-86.620982,34.294472],[-86.615907,34.294951],[-86.608607,34.297961],[-86.608618,34.29456],[-86.600883,34.294469],[-86.599918,34.296374],[-86.595329,34.292838],[-86.594514,34.29167],[-86.590035,34.288025],[-86.592289,34.288058],[-86.59211,34.283822],[-86.58912,34.284158],[-86.589113,34.282148],[-86.590196,34.28215],[-86.590279,34.276243],[-86.583877,34.276204],[-86.581659,34.276449],[-86.57374,34.261381],[-86.583148,34.261641],[-86.580455,34.259552],[-86.579024,34.252658],[-86.579567,34.25207],[-86.578183,34.251311],[-86.578818,34.250558],[-86.577453,34.249769],[-86.574798,34.24701],[-86.575215,34.24558],[-86.574566,34.244431],[-86.572851,34.243348],[-86.571468,34.24364],[-86.572116,34.241754],[-86.567985,34.24005],[-86.565033,34.239874],[-86.566026,34.238164],[-86.565668,34.235982],[-86.563901,34.23442],[-86.564347,34.231672],[-86.56156,34.231057],[-86.55814,34.239243],[-86.556868,34.241021],[-86.560209,34.243127],[-86.570279,34.243268],[-86.571986,34.2444],[-86.5673,34.246947],[-86.564508,34.250499],[-86.561964,34.251747],[-86.560494,34.251967],[-86.559195,34.251284],[-86.559187,34.249962],[-86.556837,34.249005],[-86.555678,34.249203],[-86.5545,34.247658],[-86.552527,34.2468],[-86.551468,34.247801],[-86.549859,34.247839],[-86.547899,34.249774],[-86.547244,34.251476],[-86.545681,34.252982],[-86.544013,34.253477],[-86.542774,34.256533],[-86.54484,34.258502],[-86.544362,34.260189],[-86.543429,34.260272],[-86.542124,34.262547],[-86.542541,34.263905],[-86.54162,34.264944],[-86.542461,34.266176],[-86.540195,34.268963],[-86.54085,34.271228],[-86.538956,34.272618],[-86.542313,34.27456],[-86.543346,34.276011],[-86.543782,34.278518],[-86.543729,34.28108],[-86.544781,34.282174],[-86.544271,34.284571],[-86.545854,34.285385],[-86.546645,34.290394],[-86.541685,34.289891],[-86.539489,34.290115],[-86.534578,34.290082],[-86.533279,34.291775],[-86.531294,34.293394],[-86.534396,34.29339],[-86.534898,34.299822],[-86.534085,34.301139],[-86.534005,34.303502],[-86.561081,34.304026],[-86.561599,34.304935],[-86.561392,34.316243],[-86.565335,34.3158],[-86.567296,34.316455],[-86.57057,34.316678],[-86.570989,34.319015],[-86.569633,34.322482],[-86.569648,34.328053],[-86.572131,34.330439],[-86.575008,34.333802],[-86.577914,34.333825],[-86.578344,34.331758],[-86.581634,34.33168],[-86.581328,34.367154],[-86.584819,34.368907],[-86.585713,34.370151],[-86.587548,34.371209],[-86.589508,34.373477],[-86.59162,34.372298],[-86.592594,34.370123],[-86.591876,34.367267],[-86.593394,34.366588],[-86.595909,34.368096],[-86.600913,34.368659],[-86.607808,34.37025]],[[-86.5782,34.275072],[-86.577841,34.277368],[-86.576125,34.276924],[-86.572638,34.275702],[-86.569831,34.273644],[-86.557764,34.271897],[-86.560565,34.264539],[-86.562584,34.265446],[-86.564458,34.264831],[-86.565988,34.268294],[-86.568955,34.267052],[-86.571531,34.266947],[-86.572948,34.269311],[-86.572458,34.270949],[-86.576418,34.271999],[-86.5782,34.275072]]]}},{"type":"Feature","properties":{"zcta5":"35673","AFFGEOID10":"8600000US35673","GEOID10":"35673","ALAND10":113485735,"AWATER10":575505,"county_name":"Morgan","state_code":"AL","county_state":"Morgan County, AL","county_fips":"01103","risk_level_county":"Medium Risk (70–79% vaccinated)","mean_vaccination_rate_county":75.09,"risk_level_zcta":"Medium Risk (70–79% vaccinated)","mean_vaccination_rate_zips":74.93,"cases":1},"geometry":{"type":"Polygon","coordinates":[[[-87.105424,34.652728],[-87.105521,34.634688],[-87.121769,34.634849],[-87.126315,34.635955],[-87.127398,34.631283],[-87.126558,34.630004],[-87.127247,34.624734],[-87.128511,34.623414],[-87.128846,34.621281],[-87.142754,34.623342],[-87.14677,34.624263],[-87.15189,34.626113],[-87.167404,34.631207],[-87.167617,34.630515],[-87.166195,34.627678],[-87.166927,34.626743],[-87.166143,34.62359],[-87.167101,34.622332],[-87.167095,34.618659],[-87.167607,34.61751],[-87.166092,34.613585],[-87.164406,34.610606],[-87.164898,34.60584],[-87.168413,34.605822],[-87.168528,34.598602],[-87.167854,34.5979],[-87.168693,34.594617],[-87.170133,34.592465],[-87.169333,34.588698],[-87.17301,34.589718],[-87.172031,34.592564],[-87.172848,34.595871],[-87.175151,34.596414],[-87.176253,34.592549],[-87.177965,34.594786],[-87.178924,34.594276],[-87.18128,34.59503],[-87.183784,34.596602],[-87.187256,34.602427],[-87.193532,34.603988],[-87.193654,34.59071],[-87.196003,34.578011],[-87.196797,34.576422],[-87.194709,34.576216],[-87.194193,34.574643],[-87.196057,34.569687],[-87.197292,34.565011],[-87.19513,34.563526],[-87.197417,34.558233],[-87.196593,34.556298],[-87.196939,34.553983],[-87.195942,34.55163],[-87.197689,34.549981],[-87.198174,34.546853],[-87.198924,34.546408],[-87.20201,34.54761],[-87.203323,34.544572],[-87.203219,34.542086],[-87.206966,34.54091],[-87.211284,34.540366],[-87.214288,34.540727],[-87.218544,34.539964],[-87.226432,34.53567],[-87.228367,34.533333],[-87.229353,34.531162],[-87.228576,34.530964],[-87.228163,34.528678],[-87.227286,34.527886],[-87.223925,34.52814],[-87.222683,34.529108],[-87.219415,34.529851],[-87.213509,34.528319],[-87.21318,34.52685],[-87.206044,34.526897],[-87.20701,34.519617],[-87.206174,34.51616],[-87.208025,34.51516],[-87.207321,34.512394],[-87.207739,34.510937],[-87.205348,34.508452],[-87.204575,34.506902],[-87.201479,34.506923],[-87.20055,34.503407],[-87.195266,34.503447],[-87.196143,34.504836],[-87.195698,34.50637],[-87.197412,34.508789],[-87.195307,34.511092],[-87.179179,34.518256],[-87.192641,34.518163],[-87.192208,34.52045],[-87.18568,34.522055],[-87.187869,34.521988],[-87.184727,34.522868],[-87.182651,34.525523],[-87.185347,34.525499],[-87.185261,34.52692],[-87.184943,34.527656],[-87.182356,34.529051],[-87.180477,34.529159],[-87.179261,34.528116],[-87.177029,34.527509],[-87.176125,34.529495],[-87.174098,34.529422],[-87.172482,34.530448],[-87.172283,34.533965],[-87.159141,34.537865],[-87.159189,34.543991],[-87.154931,34.543942],[-87.15237,34.54343],[-87.151246,34.54105],[-87.1465,34.543054],[-87.146061,34.539997],[-87.144148,34.538688],[-87.14375,34.536923],[-87.145524,34.536445],[-87.14708,34.533889],[-87.144418,34.534895],[-87.138063,34.538069],[-87.132512,34.534373],[-87.13244,34.532146],[-87.130641,34.532812],[-87.127753,34.533078],[-87.126031,34.530577],[-87.126544,34.528664],[-87.120834,34.528696],[-87.11909,34.529224],[-87.115278,34.52908],[-87.115028,34.528096],[-87.112991,34.526298],[-87.113182,34.528943],[-87.111585,34.529465],[-87.106603,34.528247],[-87.106438,34.560866],[-87.087579,34.572145],[-87.087501,34.574002],[-87.08832,34.57556],[-87.08823,34.579241],[-87.08833,34.579287],[-87.087117,34.580171],[-87.083931,34.5802],[-87.083231,34.578399],[-87.080292,34.577736],[-87.079082,34.577643],[-87.075618,34.579895],[-87.076726,34.578712],[-87.076938,34.576212],[-87.074867,34.573929],[-87.072827,34.573858],[-87.072782,34.574371],[-87.074316,34.574376],[-87.075319,34.57545],[-87.074189,34.575484],[-87.074167,34.576005],[-87.076469,34.576325],[-87.075229,34.580395],[-87.070685,34.583175],[-87.070633,34.582954],[-87.062395,34.587958],[-87.062401,34.588207],[-87.0624,34.595399],[-87.060827,34.595727],[-87.060912,34.597973],[-87.058955,34.598222],[-87.058931,34.600279],[-87.054834,34.600401],[-87.054999,34.602051],[-87.056714,34.602042],[-87.057478,34.604979],[-87.06643,34.605087],[-87.067749,34.60097],[-87.069241,34.600968],[-87.067304,34.604903],[-87.068802,34.604907],[-87.071915,34.602974],[-87.071913,34.601066],[-87.07009,34.601069],[-87.070083,34.594719],[-87.070493,34.594299],[-87.072168,34.594681],[-87.077655,34.594735],[-87.077669,34.59549],[-87.079627,34.597011],[-87.079432,34.601399],[-87.080745,34.601737],[-87.081048,34.603139],[-87.083994,34.603203],[-87.08424,34.605512],[-87.07656,34.602347],[-87.074298,34.602255],[-87.072488,34.602857],[-87.066772,34.606213],[-87.064073,34.607194],[-87.062004,34.607207],[-87.051393,34.605968],[-87.051165,34.610203],[-87.052328,34.613174],[-87.057354,34.613632],[-87.059683,34.618033],[-87.061175,34.618018],[-87.061152,34.616366],[-87.063896,34.616661],[-87.065482,34.61981],[-87.070116,34.619911],[-87.070047,34.623494],[-87.073244,34.623521],[-87.073064,34.626588],[-87.069938,34.626607],[-87.069914,34.634456],[-87.07403,34.63436],[-87.090257,34.634709],[-87.090271,34.635913],[-87.0878,34.636218],[-87.087672,34.64665],[-87.087677,34.650325],[-87.08975,34.64916],[-87.088174,34.647541],[-87.09011,34.647375],[-87.090266,34.648595],[-87.091934,34.650078],[-87.099869,34.651868],[-87.102842,34.650677],[-87.105424,34.652728]]]}},{"type":"Feature","properties":{"zcta5":"35019","AFFGEOID10":"8600000US35019","GEOID10":"35019","ALAND10":77416532,"AWATER10":637859,"county_name":"Morgan","state_code":"AL","county_state":"Morgan County, AL","county_fips":"01103","risk_level_county":"Medium Risk (70–79% vaccinated)","mean_vaccination_rate_county":75.09,"risk_level_zcta":"Very High Risk (<60% vaccinated)","mean_vaccination_rate_zips":57.42,"cases":1},"geometry":{"type":"MultiPolygon","coordinates":[[[[-86.5782,34.275072],[-86.576418,34.271999],[-86.572458,34.270949],[-86.572948,34.269311],[-86.571531,34.266947],[-86.568955,34.267052],[-86.565988,34.268294],[-86.564458,34.264831],[-86.562584,34.265446],[-86.560565,34.264539],[-86.557764,34.271897],[-86.569831,34.273644],[-86.572638,34.275702],[-86.576125,34.276924],[-86.577841,34.277368],[-86.5782,34.275072]]],[[[-86.653888,34.369274],[-86.657174,34.369461],[-86.66023,34.366469],[-86.665106,34.365522],[-86.669718,34.364226],[-86.669547,34.36039],[-86.667151,34.358388],[-86.662788,34.359009],[-86.659887,34.357979],[-86.659171,34.356124],[-86.657912,34.354678],[-86.654611,34.355486],[-86.653537,34.352393],[-86.653419,34.349683],[-86.653706,34.345686],[-86.653143,34.344581],[-86.65433,34.343756],[-86.652455,34.3411],[-86.651972,34.338407],[-86.65241,34.337142],[-86.651662,34.335927],[-86.652127,34.332618],[-86.653022,34.33159],[-86.653554,34.329226],[-86.652753,34.327131],[-86.652436,34.324619],[-86.653119,34.322167],[-86.656963,34.32059],[-86.660986,34.318255],[-86.663054,34.316413],[-86.666024,34.315354],[-86.666207,34.319136],[-86.666109,34.323597],[-86.669678,34.323912],[-86.672803,34.326062],[-86.67432,34.326516],[-86.67481,34.325211],[-86.679819,34.319288],[-86.678804,34.318291],[-86.678955,34.313142],[-86.683478,34.31325],[-86.685616,34.310871],[-86.690716,34.306171],[-86.697478,34.306278],[-86.695922,34.304803],[-86.693645,34.303803],[-86.696009,34.300407],[-86.686771,34.293089],[-86.68345,34.294615],[-86.6834,34.291503],[-86.676952,34.291417],[-86.677027,34.284599],[-86.674827,34.282451],[-86.674628,34.280485],[-86.675078,34.279084],[-86.673673,34.275587],[-86.670818,34.276969],[-86.668171,34.278806],[-86.667739,34.27629],[-86.670831,34.275662],[-86.675602,34.273994],[-86.674086,34.272038],[-86.672517,34.270773],[-86.670881,34.270262],[-86.672186,34.269019],[-86.670803,34.266688],[-86.67079,34.264291],[-86.671533,34.263614],[-86.670904,34.261414],[-86.670049,34.263401],[-86.667744,34.262614],[-86.664784,34.262338],[-86.662693,34.258775],[-86.664196,34.257418],[-86.663409,34.256934],[-86.661575,34.257296],[-86.659734,34.255652],[-86.6599,34.254481],[-86.658974,34.254041],[-86.656861,34.255019],[-86.654218,34.253685],[-86.653255,34.250197],[-86.653493,34.248941],[-86.65254,34.247984],[-86.652673,34.246192],[-86.649846,34.246565],[-86.651182,34.248281],[-86.650526,34.250024],[-86.647414,34.25274],[-86.644895,34.252114],[-86.645016,34.245606],[-86.638033,34.247127],[-86.638133,34.243792],[-86.627911,34.24363],[-86.627385,34.247373],[-86.618505,34.247296],[-86.618594,34.2434],[-86.59361,34.243062],[-86.590401,34.242728],[-86.590463,34.247053],[-86.592083,34.247072],[-86.592036,34.251009],[-86.590933,34.253152],[-86.590575,34.25789],[-86.590714,34.260788],[-86.585855,34.260664],[-86.583148,34.261641],[-86.57374,34.261381],[-86.581659,34.276449],[-86.583877,34.276204],[-86.590279,34.276243],[-86.590196,34.28215],[-86.589113,34.282148],[-86.58912,34.284158],[-86.59211,34.283822],[-86.592289,34.288058],[-86.590035,34.288025],[-86.594514,34.29167],[-86.595329,34.292838],[-86.599918,34.296374],[-86.600883,34.294469],[-86.608618,34.29456],[-86.608607,34.297961],[-86.615907,34.294951],[-86.620982,34.294472],[-86.623367,34.2954],[-86.624872,34.296839],[-86.627561,34.295196],[-86.629295,34.296852],[-86.631694,34.29627],[-86.631937,34.299712],[-86.631279,34.301812],[-86.631842,34.30278],[-86.631207,34.305409],[-86.631917,34.308717],[-86.634401,34.31034],[-86.63575,34.313634],[-86.637526,34.313816],[-86.637486,34.314536],[-86.635012,34.315176],[-86.635607,34.319897],[-86.635565,34.322013],[-86.633863,34.324616],[-86.630776,34.327235],[-86.629798,34.326243],[-86.624767,34.325455],[-86.623067,34.324747],[-86.617583,34.327737],[-86.61744,34.337089],[-86.612269,34.340102],[-86.610607,34.344296],[-86.61466,34.348897],[-86.615835,34.361138],[-86.611471,34.360399],[-86.610624,34.359735],[-86.608116,34.361777],[-86.607388,34.364164],[-86.607808,34.37025],[-86.607837,34.370683],[-86.61139,34.370041],[-86.615737,34.368921],[-86.620068,34.369585],[-86.623763,34.370989],[-86.626301,34.371612],[-86.630519,34.371889],[-86.636791,34.370971],[-86.643286,34.370806],[-86.64656,34.37219],[-86.648444,34.367947],[-86.650445,34.368753],[-86.653888,34.369274]]]]}},{"type":"Feature","properties":{"zcta5":"35601","AFFGEOID10":"8600000US35601","GEOID10":"35601","ALAND10":72904160,"AWATER10":16306664,"county_name":"Morgan","state_code":"AL","county_state":"Morgan County, AL","county_fips":"01103","risk_level_county":"Medium Risk (70–79% vaccinated)","mean_vaccination_rate_county":75.09,"risk_level_zcta":"Higher Risk (60–69% vaccinated)","mean_vaccination_rate_zips":65.11,"cases":1},"geometry":{"type":"Polygon","coordinates":[[[-87.105073,34.686037],[-87.105424,34.652728],[-87.102842,34.650677],[-87.099869,34.651868],[-87.091934,34.650078],[-87.090266,34.648595],[-87.09011,34.647375],[-87.088174,34.647541],[-87.08975,34.64916],[-87.087677,34.650325],[-87.087672,34.64665],[-87.0878,34.636218],[-87.090271,34.635913],[-87.090257,34.634709],[-87.07403,34.63436],[-87.069914,34.634456],[-87.069938,34.626607],[-87.073064,34.626588],[-87.073244,34.623521],[-87.070047,34.623494],[-87.070116,34.619911],[-87.065482,34.61981],[-87.063896,34.616661],[-87.061152,34.616366],[-87.061175,34.618018],[-87.059683,34.618033],[-87.057354,34.613632],[-87.052328,34.613174],[-87.051165,34.610203],[-87.051393,34.605968],[-87.062004,34.607207],[-87.064073,34.607194],[-87.066772,34.606213],[-87.072488,34.602857],[-87.074298,34.602255],[-87.07656,34.602347],[-87.08424,34.605512],[-87.083994,34.603203],[-87.081048,34.603139],[-87.080745,34.601737],[-87.079432,34.601399],[-87.079627,34.597011],[-87.077669,34.59549],[-87.077655,34.594735],[-87.072168,34.594681],[-87.070493,34.594299],[-87.070083,34.594719],[-87.07009,34.601069],[-87.071913,34.601066],[-87.071915,34.602974],[-87.068802,34.604907],[-87.067304,34.604903],[-87.069241,34.600968],[-87.067749,34.60097],[-87.06643,34.605087],[-87.057478,34.604979],[-87.056714,34.602042],[-87.054999,34.602051],[-87.054834,34.600401],[-87.058931,34.600279],[-87.058955,34.598222],[-87.060912,34.597973],[-87.060827,34.595727],[-87.0624,34.595399],[-87.062401,34.588207],[-87.055494,34.592406],[-87.054997,34.592456],[-87.045886,34.597886],[-87.041716,34.59945],[-87.034862,34.600917],[-87.032815,34.60051],[-87.031254,34.598505],[-87.030902,34.593408],[-87.029449,34.590637],[-87.027502,34.588304],[-87.027698,34.586446],[-87.026015,34.586557],[-87.017724,34.576943],[-87.020624,34.572013],[-87.019562,34.569898],[-87.015907,34.569765],[-87.016951,34.568031],[-87.013723,34.566765],[-87.01194,34.567997],[-87.008616,34.563023],[-87.008962,34.560437],[-87.006078,34.560392],[-87.005309,34.560893],[-87.000085,34.560113],[-87.000131,34.558934],[-86.998255,34.559692],[-86.994388,34.559625],[-86.990594,34.559928],[-86.9875,34.560838],[-86.987528,34.560071],[-86.982332,34.559992],[-86.982456,34.56086],[-86.984533,34.561178],[-86.973331,34.562332],[-86.968352,34.561225],[-86.962732,34.558871],[-86.955183,34.55573],[-86.954294,34.558525],[-86.950069,34.5609],[-86.941406,34.566392],[-86.934306,34.567492],[-86.926906,34.569592],[-86.922932,34.571113],[-86.920841,34.572237],[-86.920111,34.573453],[-86.923988,34.576952],[-86.924624,34.578399],[-86.924821,34.58118],[-86.924919,34.581769],[-86.914908,34.57955],[-86.923305,34.586692],[-86.958907,34.607092],[-86.972899,34.6132],[-86.977895,34.616724],[-86.98761,34.624245],[-86.992053,34.627297],[-86.997911,34.630148],[-87.000452,34.631087],[-87.004932,34.63339],[-87.009243,34.635335],[-87.015328,34.638687],[-87.017928,34.640313],[-87.021431,34.643591],[-87.028121,34.649145],[-87.03163,34.650783],[-87.035323,34.652042],[-87.037444,34.652248],[-87.041569,34.652058],[-87.046461,34.650738],[-87.049814,34.649738],[-87.05107,34.649764],[-87.054196,34.6511],[-87.062309,34.657372],[-87.068645,34.661267],[-87.085502,34.669525],[-87.088425,34.671526],[-87.091691,34.674555],[-87.094269,34.676485],[-87.096741,34.679751],[-87.098374,34.681277],[-87.102678,34.684557],[-87.105073,34.686037]]]}},{"type":"Feature","properties":{"zcta5":"35670","AFFGEOID10":"8600000US35670","GEOID10":"35670","ALAND10":263864890,"AWATER10":4483170,"county_name":"Morgan","state_code":"AL","county_state":"Morgan County, AL","county_fips":"01103","risk_level_county":"Medium Risk (70–79% vaccinated)","mean_vaccination_rate_county":75.09,"risk_level_zcta":"Medium Risk (70–79% vaccinated)","mean_vaccination_rate_zips":70.05,"cases":1},"geometry":{"type":"Polygon","coordinates":[[[-86.800302,34.552623],[-86.801019,34.550368],[-86.808633,34.551994],[-86.812075,34.552308],[-86.818892,34.552494],[-86.820854,34.552108],[-86.819244,34.551266],[-86.820236,34.548459],[-86.818682,34.546922],[-86.819584,34.544062],[-86.817348,34.539747],[-86.817238,34.538357],[-86.818534,34.535444],[-86.818125,34.531854],[-86.82425,34.534041],[-86.824559,34.521183],[-86.838023,34.523397],[-86.841446,34.520551],[-86.843578,34.518319],[-86.848998,34.510653],[-86.849029,34.509979],[-86.854382,34.510217],[-86.854409,34.508039],[-86.855355,34.508106],[-86.85534,34.510063],[-86.857099,34.510128],[-86.85784,34.508116],[-86.857684,34.504553],[-86.854039,34.505402],[-86.854628,34.504093],[-86.860465,34.503139],[-86.85567,34.501262],[-86.855981,34.499113],[-86.856089,34.495756],[-86.848406,34.496817],[-86.847206,34.49608],[-86.847732,34.491782],[-86.840539,34.49107],[-86.84079,34.48765],[-86.842827,34.484192],[-86.841843,34.480916],[-86.8393,34.477766],[-86.839206,34.476298],[-86.837884,34.473341],[-86.837094,34.472731],[-86.835491,34.471881],[-86.829927,34.474923],[-86.827689,34.476883],[-86.82506,34.477087],[-86.822304,34.473266],[-86.818527,34.4722],[-86.818481,34.470875],[-86.815082,34.467461],[-86.812084,34.463809],[-86.809613,34.463788],[-86.808594,34.46587],[-86.804308,34.465839],[-86.803944,34.464696],[-86.80038,34.460611],[-86.799651,34.459027],[-86.802531,34.458186],[-86.80362,34.456917],[-86.804191,34.454921],[-86.802758,34.453233],[-86.803594,34.451238],[-86.802911,34.447587],[-86.802484,34.446923],[-86.781985,34.446521],[-86.780781,34.445439],[-86.78027,34.443592],[-86.780025,34.441728],[-86.780603,34.440145],[-86.783145,34.438458],[-86.783808,34.437099],[-86.777748,34.415545],[-86.769296,34.407019],[-86.770528,34.404551],[-86.767484,34.403368],[-86.765278,34.400041],[-86.764384,34.397017],[-86.76061,34.397071],[-86.75909,34.399225],[-86.757094,34.399224],[-86.754328,34.399938],[-86.752405,34.399266],[-86.750932,34.400227],[-86.749082,34.400063],[-86.747988,34.401174],[-86.743911,34.403452],[-86.742411,34.403381],[-86.741643,34.404728],[-86.739475,34.406628],[-86.739223,34.405742],[-86.737168,34.404679],[-86.734779,34.405284],[-86.730746,34.404896],[-86.726794,34.405523],[-86.725488,34.406108],[-86.726252,34.410978],[-86.725997,34.412682],[-86.721603,34.414464],[-86.721632,34.413542],[-86.702084,34.406571],[-86.702921,34.403898],[-86.703965,34.402811],[-86.706569,34.401472],[-86.710752,34.397395],[-86.705685,34.39384],[-86.702197,34.392832],[-86.699689,34.389968],[-86.696567,34.389169],[-86.693764,34.389089],[-86.692014,34.387506],[-86.689872,34.387782],[-86.68893,34.386729],[-86.686831,34.382042],[-86.686192,34.379589],[-86.683439,34.378617],[-86.682396,34.380345],[-86.678329,34.384517],[-86.676806,34.386772],[-86.677172,34.392575],[-86.674052,34.392176],[-86.67364,34.390759],[-86.67536,34.388775],[-86.663463,34.382297],[-86.663443,34.383677],[-86.660539,34.380614],[-86.663312,34.37935],[-86.661515,34.377503],[-86.660315,34.378767],[-86.659466,34.378453],[-86.659255,34.376133],[-86.657279,34.375462],[-86.656618,34.373637],[-86.654742,34.372471],[-86.655903,34.371031],[-86.654292,34.370673],[-86.653888,34.369274],[-86.650445,34.368753],[-86.648444,34.367947],[-86.64656,34.37219],[-86.643286,34.370806],[-86.636791,34.370971],[-86.630519,34.371889],[-86.626301,34.371612],[-86.623763,34.370989],[-86.620068,34.369585],[-86.615737,34.368921],[-86.61139,34.370041],[-86.607837,34.370683],[-86.607808,34.37025],[-86.600913,34.368659],[-86.595909,34.368096],[-86.593394,34.366588],[-86.591876,34.367267],[-86.592594,34.370123],[-86.59162,34.372298],[-86.589508,34.373477],[-86.587548,34.371209],[-86.585713,34.370151],[-86.584819,34.368907],[-86.581328,34.367154],[-86.58132,34.371094],[-86.57853,34.387617],[-86.58132,34.388802],[-86.582222,34.388719],[-86.583084,34.390115],[-86.588608,34.388493],[-86.592547,34.388635],[-86.593808,34.392092],[-86.595095,34.392916],[-86.597157,34.392163],[-86.598325,34.393058],[-86.599969,34.392365],[-86.603769,34.391897],[-86.605155,34.391319],[-86.606979,34.392132],[-86.607809,34.393583],[-86.610248,34.3924],[-86.610541,34.393263],[-86.609103,34.395655],[-86.612158,34.398422],[-86.611495,34.40028],[-86.611816,34.406829],[-86.61142,34.408563],[-86.609187,34.411726],[-86.606018,34.412813],[-86.604439,34.414555],[-86.602623,34.414927],[-86.600917,34.416144],[-86.598458,34.416842],[-86.591687,34.425235],[-86.60813,34.468931],[-86.615401,34.472608],[-86.61524,34.474904],[-86.617432,34.474494],[-86.621053,34.474411],[-86.622012,34.473782],[-86.630826,34.473528],[-86.631931,34.471672],[-86.63535,34.468531],[-86.636574,34.467986],[-86.639901,34.470326],[-86.642655,34.471377],[-86.644382,34.470206],[-86.648609,34.468351],[-86.650302,34.468769],[-86.654218,34.468468],[-86.653832,34.4701],[-86.651804,34.472345],[-86.656338,34.469764],[-86.661371,34.468601],[-86.665362,34.467424],[-86.668628,34.46808],[-86.670876,34.46949],[-86.674111,34.472894],[-86.676708,34.473834],[-86.682212,34.473947],[-86.684597,34.478613],[-86.689753,34.480505],[-86.68919,34.482191],[-86.689376,34.48715],[-86.689201,34.490291],[-86.688281,34.495852],[-86.687641,34.498215],[-86.685908,34.501045],[-86.684157,34.502314],[-86.684653,34.504828],[-86.687822,34.506527],[-86.690237,34.506972],[-86.701801,34.50715],[-86.702046,34.49618],[-86.70576,34.496208],[-86.713032,34.494983],[-86.715567,34.495297],[-86.716793,34.496292],[-86.714529,34.497527],[-86.713951,34.500086],[-86.712788,34.502083],[-86.711021,34.502834],[-86.708285,34.507741],[-86.707363,34.512501],[-86.706143,34.515017],[-86.704522,34.515716],[-86.703766,34.517197],[-86.705421,34.525421],[-86.702805,34.528852],[-86.700823,34.529921],[-86.701511,34.532217],[-86.704687,34.532151],[-86.709434,34.529165],[-86.712451,34.528086],[-86.716277,34.528048],[-86.718536,34.530117],[-86.720627,34.531383],[-86.723848,34.535087],[-86.725267,34.537921],[-86.72538,34.540822],[-86.723087,34.543014],[-86.724817,34.544026],[-86.728305,34.54843],[-86.734459,34.553025],[-86.739982,34.554312],[-86.743569,34.554218],[-86.746874,34.554857],[-86.749308,34.559081],[-86.753138,34.555672],[-86.757273,34.553551],[-86.761004,34.552453],[-86.765046,34.551671],[-86.771098,34.550805],[-86.778252,34.550118],[-86.784232,34.55019],[-86.790056,34.55079],[-86.800302,34.552623]]]}},{"type":"Feature","properties":{"zcta5":"35754","AFFGEOID10":"8600000US35754","GEOID10":"35754","ALAND10":112611195,"AWATER10":2636037,"county_name":"Morgan","state_code":"AL","county_state":"Morgan County, AL","county_fips":"01103","risk_level_county":"Medium Risk (70–79% vaccinated)","mean_vaccination_rate_county":75.09,"risk_level_zcta":"Higher Risk (60–69% vaccinated)","mean_vaccination_rate_zips":60.35,"cases":1},"geometry":{"type":"Polygon","coordinates":[[[-86.684157,34.502314],[-86.685908,34.501045],[-86.687641,34.498215],[-86.688281,34.495852],[-86.689201,34.490291],[-86.689376,34.48715],[-86.68919,34.482191],[-86.689753,34.480505],[-86.684597,34.478613],[-86.682212,34.473947],[-86.676708,34.473834],[-86.674111,34.472894],[-86.670876,34.46949],[-86.668628,34.46808],[-86.665362,34.467424],[-86.661371,34.468601],[-86.656338,34.469764],[-86.651804,34.472345],[-86.653832,34.4701],[-86.654218,34.468468],[-86.650302,34.468769],[-86.648609,34.468351],[-86.644382,34.470206],[-86.642655,34.471377],[-86.639901,34.470326],[-86.636574,34.467986],[-86.63535,34.468531],[-86.631931,34.471672],[-86.630826,34.473528],[-86.622012,34.473782],[-86.622195,34.475216],[-86.62158,34.478649],[-86.628626,34.480668],[-86.629424,34.482402],[-86.629266,34.484518],[-86.630129,34.487122],[-86.629794,34.488353],[-86.62258,34.486001],[-86.617788,34.485408],[-86.618903,34.483903],[-86.617048,34.482718],[-86.610471,34.48277],[-86.61072,34.486654],[-86.609852,34.486827],[-86.609865,34.485061],[-86.602646,34.479787],[-86.596622,34.475921],[-86.590908,34.475345],[-86.586776,34.472764],[-86.585122,34.472278],[-86.575048,34.472133],[-86.575023,34.471077],[-86.568267,34.470923],[-86.568561,34.472042],[-86.565219,34.469726],[-86.564431,34.474638],[-86.56329,34.47425],[-86.560422,34.475113],[-86.557932,34.477592],[-86.554162,34.478543],[-86.551234,34.478301],[-86.550192,34.47768],[-86.545536,34.478504],[-86.54296,34.478526],[-86.540743,34.479345],[-86.539163,34.47813],[-86.536603,34.478887],[-86.536516,34.479816],[-86.538382,34.48013],[-86.538507,34.481674],[-86.54099,34.48427],[-86.545125,34.486799],[-86.544819,34.488157],[-86.545895,34.489334],[-86.546412,34.492621],[-86.549977,34.493413],[-86.550348,34.497921],[-86.552473,34.499263],[-86.55503,34.4995],[-86.556757,34.500721],[-86.559573,34.501763],[-86.552782,34.539951],[-86.553312,34.541945],[-86.552927,34.543627],[-86.550166,34.545963],[-86.549814,34.547227],[-86.549814,34.550555],[-86.550902,34.555227],[-86.553542,34.561659],[-86.557735,34.567771],[-86.559927,34.569899],[-86.564887,34.573707],[-86.566636,34.574726],[-86.572583,34.578283],[-86.577047,34.580603],[-86.578855,34.581355],[-86.580792,34.581931],[-86.586003,34.582747],[-86.593016,34.582811],[-86.598488,34.582107],[-86.604984,34.580635],[-86.609401,34.579227],[-86.614169,34.577227],[-86.617993,34.574747],[-86.621145,34.571515],[-86.628274,34.56584],[-86.630685,34.563575],[-86.633318,34.559938],[-86.634909,34.556843],[-86.636195,34.555198],[-86.635557,34.554189],[-86.63866,34.550869],[-86.641457,34.549038],[-86.644392,34.547894],[-86.64752,34.547322],[-86.651285,34.548171],[-86.657044,34.548401],[-86.65387,34.543567],[-86.65389,34.542616],[-86.652186,34.538595],[-86.65534,34.537772],[-86.660507,34.538893],[-86.664955,34.538764],[-86.666151,34.533557],[-86.669627,34.530347],[-86.670878,34.527965],[-86.666005,34.527855],[-86.666335,34.515058],[-86.674719,34.509071],[-86.67901,34.505429],[-86.684157,34.502314]]]}},{"type":"Feature","properties":{"zcta5":"35775","AFFGEOID10":"8600000US35775","GEOID10":"35775","ALAND10":41276179,"AWATER10":5264301,"county_name":"Morgan","state_code":"AL","county_state":"Morgan County, AL","county_fips":"01103","risk_level_county":"Medium Risk (70–79% vaccinated)","mean_vaccination_rate_county":75.09,"risk_level_zcta":"Lowest Risk (85%+)","mean_vaccination_rate_zips":86.43,"cases":1},"geometry":{"type":"Polygon","coordinates":[[[-86.723833,34.581011],[-86.74726,34.561128],[-86.749308,34.559081],[-86.746874,34.554857],[-86.743569,34.554218],[-86.739982,34.554312],[-86.734459,34.553025],[-86.728305,34.54843],[-86.724817,34.544026],[-86.723087,34.543014],[-86.72538,34.540822],[-86.725267,34.537921],[-86.723848,34.535087],[-86.720627,34.531383],[-86.718536,34.530117],[-86.716277,34.528048],[-86.712451,34.528086],[-86.709434,34.529165],[-86.704687,34.532151],[-86.701511,34.532217],[-86.700823,34.529921],[-86.702805,34.528852],[-86.705421,34.525421],[-86.703766,34.517197],[-86.704522,34.515716],[-86.706143,34.515017],[-86.707363,34.512501],[-86.708285,34.507741],[-86.711021,34.502834],[-86.712788,34.502083],[-86.713951,34.500086],[-86.714529,34.497527],[-86.716793,34.496292],[-86.715567,34.495297],[-86.713032,34.494983],[-86.70576,34.496208],[-86.702046,34.49618],[-86.701801,34.50715],[-86.690237,34.506972],[-86.687822,34.506527],[-86.684653,34.504828],[-86.684157,34.502314],[-86.67901,34.505429],[-86.674719,34.509071],[-86.666335,34.515058],[-86.666005,34.527855],[-86.670878,34.527965],[-86.669627,34.530347],[-86.666151,34.533557],[-86.664955,34.538764],[-86.660507,34.538893],[-86.65534,34.537772],[-86.652186,34.538595],[-86.65389,34.542616],[-86.65387,34.543567],[-86.657044,34.548401],[-86.651285,34.548171],[-86.64752,34.547322],[-86.644392,34.547894],[-86.641457,34.549038],[-86.63866,34.550869],[-86.635557,34.554189],[-86.636195,34.555198],[-86.63746,34.553783],[-86.641046,34.550962],[-86.643897,34.549596],[-86.646393,34.548921],[-86.649506,34.548853],[-86.658664,34.55014],[-86.66514,34.552092],[-86.667895,34.553521],[-86.671901,34.556655],[-86.674154,34.559589],[-86.675056,34.562824],[-86.674614,34.570196],[-86.675083,34.574597],[-86.676558,34.577794],[-86.677797,34.579473],[-86.681486,34.582963],[-86.685432,34.585145],[-86.689353,34.586425],[-86.69727,34.588236],[-86.702185,34.589004],[-86.704135,34.589011],[-86.709398,34.588369],[-86.713237,34.587215],[-86.717309,34.585387],[-86.720475,34.583567],[-86.723833,34.581011]]]}},{"type":"Feature","properties":{"zcta5":"35175","AFFGEOID10":"8600000US35175","GEOID10":"35175","ALAND10":164920135,"AWATER10":4528297,"county_name":"Morgan","state_code":"AL","county_state":"Morgan County, AL","county_fips":"01103","risk_level_county":"Medium Risk (70–79% vaccinated)","mean_vaccination_rate_county":75.09,"risk_level_zcta":"Higher Risk (60–69% vaccinated)","mean_vaccination_rate_zips":60.71,"cases":1},"geometry":{"type":"Polygon","coordinates":[[[-86.550166,34.545963],[-86.552927,34.543627],[-86.553312,34.541945],[-86.552782,34.539951],[-86.559573,34.501763],[-86.556757,34.500721],[-86.55503,34.4995],[-86.552473,34.499263],[-86.550348,34.497921],[-86.549977,34.493413],[-86.546412,34.492621],[-86.545895,34.489334],[-86.544819,34.488157],[-86.545125,34.486799],[-86.54099,34.48427],[-86.538507,34.481674],[-86.538382,34.48013],[-86.536516,34.479816],[-86.536603,34.478887],[-86.539163,34.47813],[-86.540743,34.479345],[-86.54296,34.478526],[-86.545536,34.478504],[-86.550192,34.47768],[-86.551234,34.478301],[-86.554162,34.478543],[-86.557932,34.477592],[-86.560422,34.475113],[-86.56329,34.47425],[-86.564431,34.474638],[-86.565219,34.469726],[-86.568561,34.472042],[-86.568267,34.470923],[-86.575023,34.471077],[-86.575048,34.472133],[-86.585122,34.472278],[-86.586776,34.472764],[-86.590908,34.475345],[-86.596622,34.475921],[-86.602646,34.479787],[-86.609865,34.485061],[-86.609852,34.486827],[-86.61072,34.486654],[-86.610471,34.48277],[-86.617048,34.482718],[-86.618903,34.483903],[-86.617788,34.485408],[-86.62258,34.486001],[-86.629794,34.488353],[-86.630129,34.487122],[-86.629266,34.484518],[-86.629424,34.482402],[-86.628626,34.480668],[-86.62158,34.478649],[-86.622195,34.475216],[-86.622012,34.473782],[-86.621053,34.474411],[-86.617432,34.474494],[-86.61524,34.474904],[-86.615401,34.472608],[-86.60813,34.468931],[-86.591687,34.425235],[-86.598458,34.416842],[-86.600917,34.416144],[-86.602623,34.414927],[-86.604439,34.414555],[-86.606018,34.412813],[-86.609187,34.411726],[-86.61142,34.408563],[-86.611816,34.406829],[-86.611495,34.40028],[-86.612158,34.398422],[-86.609103,34.395655],[-86.610541,34.393263],[-86.610248,34.3924],[-86.607809,34.393583],[-86.606979,34.392132],[-86.605155,34.391319],[-86.603769,34.391897],[-86.599969,34.392365],[-86.598325,34.393058],[-86.597157,34.392163],[-86.595095,34.392916],[-86.593808,34.392092],[-86.592547,34.388635],[-86.588608,34.388493],[-86.583084,34.390115],[-86.582222,34.388719],[-86.58132,34.388802],[-86.57853,34.387617],[-86.577228,34.387818],[-86.574556,34.386955],[-86.57205,34.38999],[-86.568827,34.390925],[-86.566705,34.392206],[-86.560829,34.394405],[-86.558249,34.394773],[-86.557473,34.395345],[-86.557082,34.393492],[-86.556167,34.393668],[-86.55432,34.392421],[-86.55145,34.392891],[-86.549204,34.394195],[-86.540608,34.396729],[-86.536867,34.3973],[-86.536774,34.398575],[-86.533404,34.400399],[-86.530791,34.401036],[-86.527852,34.402784],[-86.536748,34.413562],[-86.53294,34.413051],[-86.52931,34.413099],[-86.527791,34.413951],[-86.524239,34.410877],[-86.522618,34.40804],[-86.510031,34.396472],[-86.511329,34.391511],[-86.514504,34.38992],[-86.514228,34.388946],[-86.511217,34.385606],[-86.511116,34.385517],[-86.510132,34.38482],[-86.509533,34.384298],[-86.508567,34.383535],[-86.507698,34.386199],[-86.502475,34.383786],[-86.499806,34.386309],[-86.498062,34.385633],[-86.497133,34.384501],[-86.494181,34.383259],[-86.49287,34.384851],[-86.491668,34.388362],[-86.490308,34.389584],[-86.487654,34.390939],[-86.480503,34.386421],[-86.47956,34.383613],[-86.478492,34.382711],[-86.477715,34.38037],[-86.47672,34.379892],[-86.473848,34.377232],[-86.47225,34.376968],[-86.469453,34.378552],[-86.46798,34.37775],[-86.465202,34.377306],[-86.462272,34.378065],[-86.460747,34.378873],[-86.459295,34.378395],[-86.455714,34.37866],[-86.454998,34.378291],[-86.454494,34.377597],[-86.455364,34.375496],[-86.455183,34.371124],[-86.454284,34.371134],[-86.449244,34.372198],[-86.445511,34.374039],[-86.442752,34.374608],[-86.441093,34.375546],[-86.440872,34.37724],[-86.437909,34.379627],[-86.436776,34.382617],[-86.432686,34.383416],[-86.432335,34.384494],[-86.428436,34.386879],[-86.427607,34.388792],[-86.425073,34.388974],[-86.423979,34.39065],[-86.423946,34.391574],[-86.426233,34.392811],[-86.429503,34.393196],[-86.43055,34.393762],[-86.431333,34.395802],[-86.42988,34.399628],[-86.428713,34.400942],[-86.429575,34.404152],[-86.431007,34.405857],[-86.431206,34.408864],[-86.429322,34.410529],[-86.429289,34.412486],[-86.427531,34.41397],[-86.425686,34.414317],[-86.422363,34.416917],[-86.419643,34.41801],[-86.416027,34.420791],[-86.415064,34.422924],[-86.414526,34.425909],[-86.416602,34.428136],[-86.417809,34.430164],[-86.419998,34.430852],[-86.420721,34.433821],[-86.420902,34.436422],[-86.419532,34.437872],[-86.421261,34.439602],[-86.429808,34.446321],[-86.43337,34.449353],[-86.437535,34.45392],[-86.439699,34.456699],[-86.443079,34.459875],[-86.445237,34.46108],[-86.449943,34.462215],[-86.454968,34.464456],[-86.462461,34.468862],[-86.464229,34.470333],[-86.468831,34.475652],[-86.472409,34.47834],[-86.474207,34.479327],[-86.475491,34.479764],[-86.482623,34.479744],[-86.486602,34.47998],[-86.494599,34.480969],[-86.499988,34.482292],[-86.528114,34.498349],[-86.530482,34.500091],[-86.533445,34.502795],[-86.534517,34.504283],[-86.535253,34.506683],[-86.535365,34.511259],[-86.535942,34.513595],[-86.547574,34.535243],[-86.55055,34.539387],[-86.551094,34.541499],[-86.550166,34.545963]]]}}]}