{"type":"FeatureCollection","features":[{"type":"Feature","properties":{"zcta5":"43842","AFFGEOID10":"8600000US43842","GEOID10":"43842","ALAND10":1062477,"AWATER10":0,"county_name":"Muskingum","state_code":"OH","county_state":"Muskingum County, OH","county_fips":"39119","risk_level_county":"Lower Risk (80–84% vaccinated)","mean_vaccination_rate_county":82.66,"risk_level_zcta":"Medium Risk (70–79% vaccinated)","mean_vaccination_rate_zips":71.38,"cases":40},"geometry":{"type":"Polygon","coordinates":[[[-82.0195,40.142258],[-82.019074,40.139701],[-82.015344,40.139692],[-82.017236,40.132608],[-82.015374,40.131209],[-82.015028,40.129366],[-82.012568,40.128918],[-82.009714,40.130043],[-82.009155,40.1285],[-82.008123,40.13034],[-82.009791,40.139827],[-82.008646,40.142206],[-82.004987,40.144462],[-82.012311,40.143481],[-82.0195,40.142258]]]}},{"type":"Feature","properties":{"zcta5":"43756","AFFGEOID10":"8600000US43756","GEOID10":"43756","ALAND10":369010570,"AWATER10":6501539,"county_name":"Muskingum","state_code":"OH","county_state":"Muskingum County, OH","county_fips":"39119","risk_level_county":"Lower Risk (80–84% vaccinated)","mean_vaccination_rate_county":82.66,"risk_level_zcta":"Medium Risk (70–79% vaccinated)","mean_vaccination_rate_zips":70.98,"cases":40},"geometry":{"type":"Polygon","coordinates":[[[-81.996583,39.767852],[-81.998015,39.767144],[-82.000879,39.766884],[-82.002304,39.765547],[-82.002838,39.763701],[-81.998402,39.762306],[-81.997078,39.760919],[-81.993224,39.759968],[-81.992859,39.758152],[-81.990916,39.756256],[-81.98905,39.756479],[-81.986725,39.756029],[-81.984277,39.756508],[-81.982424,39.758999],[-81.977167,39.757724],[-81.975555,39.757026],[-81.97157,39.756547],[-81.968752,39.75438],[-81.965076,39.75446],[-81.964186,39.754008],[-81.961858,39.750452],[-81.95612,39.743213],[-81.955881,39.742599],[-81.959413,39.74249],[-81.961131,39.741403],[-81.962066,39.739293],[-81.964034,39.737657],[-81.965872,39.735118],[-81.963944,39.734267],[-81.960507,39.730083],[-81.958614,39.72871],[-81.958544,39.727285],[-81.959542,39.725355],[-81.961813,39.724928],[-81.967147,39.725749],[-81.96976,39.727697],[-81.971171,39.728177],[-81.97496,39.728159],[-81.977284,39.727115],[-81.977359,39.724455],[-81.975427,39.721709],[-81.97291,39.721226],[-81.971917,39.718124],[-81.969767,39.716687],[-81.969942,39.713643],[-81.970757,39.710331],[-81.967817,39.710176],[-81.966409,39.708759],[-81.960953,39.705646],[-81.959371,39.705521],[-81.958669,39.704063],[-81.958651,39.700655],[-81.963132,39.699358],[-81.959679,39.696894],[-81.9569,39.696132],[-81.956025,39.693536],[-81.953977,39.692033],[-81.950996,39.688982],[-81.945857,39.686259],[-81.945449,39.684603],[-81.946058,39.682252],[-81.944416,39.680188],[-81.941359,39.67892],[-81.939959,39.679005],[-81.936934,39.676869],[-81.934549,39.674651],[-81.93379,39.684359],[-81.929234,39.684123],[-81.928406,39.69134],[-81.921517,39.691528],[-81.921811,39.694613],[-81.923287,39.697097],[-81.922703,39.7034],[-81.917929,39.70266],[-81.912196,39.69806],[-81.913592,39.698109],[-81.914325,39.690807],[-81.916537,39.690881],[-81.914973,39.68941],[-81.917156,39.689575],[-81.919316,39.68802],[-81.920737,39.68551],[-81.92357,39.683614],[-81.924255,39.679363],[-81.923004,39.678171],[-81.923028,39.676351],[-81.921295,39.676288],[-81.918958,39.674721],[-81.915551,39.674267],[-81.912491,39.674923],[-81.910383,39.674588],[-81.905748,39.676325],[-81.901858,39.675447],[-81.900619,39.674369],[-81.897592,39.675194],[-81.891593,39.674595],[-81.890539,39.673593],[-81.890114,39.670431],[-81.887489,39.669396],[-81.88506,39.670116],[-81.883161,39.669702],[-81.881525,39.667303],[-81.876243,39.662847],[-81.87315,39.66209],[-81.87087,39.66004],[-81.867223,39.659949],[-81.866742,39.66111],[-81.866251,39.659789],[-81.863572,39.654322],[-81.859576,39.64928],[-81.855749,39.64625],[-81.85112,39.644346],[-81.850332,39.644029],[-81.843469,39.640521],[-81.840142,39.637868],[-81.837524,39.634032],[-81.836506,39.631245],[-81.837184,39.625001],[-81.838213,39.620366],[-81.836981,39.616977],[-81.835045,39.614988],[-81.832492,39.613596],[-81.827507,39.611369],[-81.818969,39.609256],[-81.815792,39.607775],[-81.814524,39.606258],[-81.813112,39.598264],[-81.812202,39.596139],[-81.810823,39.594465],[-81.806531,39.592134],[-81.802997,39.591623],[-81.796013,39.591726],[-81.794507,39.591409],[-81.7938,39.591907],[-81.793828,39.594441],[-81.789525,39.594316],[-81.786954,39.593033],[-81.785374,39.591395],[-81.783449,39.588095],[-81.782826,39.585259],[-81.7803,39.586243],[-81.778017,39.587978],[-81.774914,39.589455],[-81.77235,39.590055],[-81.768252,39.591844],[-81.766815,39.591785],[-81.766731,39.593874],[-81.74067,39.592992],[-81.735629,39.592665],[-81.72381,39.592493],[-81.721665,39.59029],[-81.719632,39.590616],[-81.71446,39.588918],[-81.708705,39.589058],[-81.706556,39.588445],[-81.701081,39.5909],[-81.69907,39.590823],[-81.700515,39.594452],[-81.698713,39.597462],[-81.696817,39.598648],[-81.694581,39.600796],[-81.694986,39.601867],[-81.697599,39.602307],[-81.699012,39.602054],[-81.700531,39.602954],[-81.70323,39.603393],[-81.704316,39.605294],[-81.704154,39.608243],[-81.704531,39.61022],[-81.705483,39.611797],[-81.706569,39.612186],[-81.706092,39.614893],[-81.704279,39.615248],[-81.701887,39.614],[-81.701877,39.61701],[-81.70143,39.617594],[-81.701028,39.621769],[-81.701239,39.623493],[-81.700949,39.63362],[-81.703647,39.636494],[-81.704245,39.637792],[-81.706736,39.640738],[-81.708031,39.64085],[-81.70899,39.639486],[-81.709607,39.641574],[-81.713182,39.643796],[-81.715635,39.642965],[-81.718309,39.640923],[-81.716032,39.643448],[-81.715472,39.645035],[-81.716325,39.64643],[-81.716183,39.647842],[-81.719176,39.651164],[-81.720925,39.652388],[-81.716889,39.653674],[-81.712556,39.655461],[-81.712321,39.656296],[-81.708797,39.657834],[-81.707384,39.659389],[-81.71024,39.658768],[-81.712265,39.659025],[-81.714242,39.662485],[-81.712644,39.663568],[-81.710476,39.664062],[-81.709198,39.665051],[-81.710619,39.66627],[-81.71143,39.668193],[-81.714345,39.671065],[-81.712712,39.674619],[-81.709621,39.676893],[-81.707481,39.676921],[-81.703643,39.675175],[-81.702008,39.677004],[-81.703473,39.678504],[-81.70353,39.680206],[-81.699781,39.680659],[-81.700282,39.669211],[-81.697218,39.667522],[-81.690524,39.667293],[-81.6909,39.665056],[-81.689978,39.663866],[-81.686991,39.661767],[-81.685201,39.659265],[-81.681626,39.655425],[-81.68131,39.654558],[-81.683266,39.652443],[-81.684646,39.644245],[-81.682478,39.638288],[-81.681383,39.636529],[-81.677832,39.633122],[-81.67686,39.632594],[-81.675168,39.635779],[-81.670435,39.639775],[-81.666765,39.640889],[-81.66389,39.640827],[-81.661089,39.641469],[-81.658727,39.639669],[-81.655489,39.638312],[-81.654893,39.635682],[-81.653032,39.634089],[-81.649966,39.633444],[-81.646,39.630478],[-81.644171,39.629595],[-81.642584,39.626501],[-81.639934,39.625967],[-81.640999,39.630063],[-81.639648,39.630687],[-81.638367,39.634208],[-81.637203,39.635376],[-81.634205,39.636916],[-81.63109,39.639211],[-81.628472,39.639241],[-81.628009,39.645596],[-81.624707,39.647281],[-81.624551,39.650047],[-81.623462,39.651448],[-81.623903,39.652997],[-81.625009,39.653982],[-81.62597,39.656866],[-81.622432,39.658057],[-81.622335,39.660566],[-81.627298,39.665192],[-81.6432,39.665681],[-81.641437,39.708634],[-81.647975,39.706685],[-81.651229,39.707486],[-81.655278,39.70177],[-81.657533,39.700205],[-81.659062,39.6971],[-81.661313,39.69586],[-81.664642,39.702753],[-81.664778,39.704477],[-81.663803,39.706214],[-81.66593,39.711448],[-81.666196,39.714445],[-81.667933,39.718905],[-81.670034,39.721396],[-81.670768,39.720492],[-81.674251,39.720088],[-81.670137,39.721517],[-81.671104,39.722075],[-81.674656,39.721856],[-81.673063,39.722815],[-81.671504,39.725767],[-81.671568,39.7346],[-81.670907,39.74277],[-81.670651,39.754451],[-81.697461,39.754995],[-81.697442,39.755572],[-81.749853,39.757619],[-81.770519,39.758497],[-81.92785,39.765108],[-81.936835,39.765095],[-81.996583,39.767852]]]}},{"type":"Feature","properties":{"zcta5":"43735","AFFGEOID10":"8600000US43735","GEOID10":"43735","ALAND10":3861273,"AWATER10":397371,"county_name":"Muskingum","state_code":"OH","county_state":"Muskingum County, OH","county_fips":"39119","risk_level_county":"Lower Risk (80–84% vaccinated)","mean_vaccination_rate_county":82.66,"risk_level_zcta":"Medium Risk (70–79% vaccinated)","mean_vaccination_rate_zips":72.77,"cases":40},"geometry":{"type":"Polygon","coordinates":[[[-82.135195,39.855678],[-82.135265,39.854015],[-82.139261,39.853495],[-82.129585,39.853014],[-82.126821,39.853233],[-82.1269,39.849604],[-82.124415,39.850792],[-82.123336,39.847778],[-82.120401,39.846806],[-82.118782,39.846126],[-82.114938,39.847084],[-82.11245,39.848532],[-82.110778,39.8506],[-82.110884,39.852081],[-82.119867,39.851853],[-82.122112,39.852386],[-82.124586,39.853915],[-82.118488,39.856023],[-82.113776,39.860821],[-82.108838,39.864451],[-82.10785,39.86561],[-82.106109,39.869337],[-82.104447,39.871115],[-82.101135,39.872974],[-82.103183,39.873092],[-82.106136,39.87433],[-82.108282,39.876538],[-82.111505,39.876956],[-82.116207,39.876855],[-82.116947,39.872746],[-82.120982,39.872191],[-82.123421,39.872676],[-82.125186,39.873687],[-82.128341,39.873283],[-82.129243,39.863379],[-82.125967,39.862958],[-82.126333,39.861082],[-82.12565,39.855935],[-82.126549,39.855734],[-82.129381,39.856836],[-82.131644,39.855958],[-82.135195,39.855678]]]}},{"type":"Feature","properties":{"zcta5":"43740","AFFGEOID10":"8600000US43740","GEOID10":"43740","ALAND10":972125,"AWATER10":0,"county_name":"Muskingum","state_code":"OH","county_state":"Muskingum County, OH","county_fips":"39119","risk_level_county":"Lower Risk (80–84% vaccinated)","mean_vaccination_rate_county":82.66,"risk_level_zcta":"Higher Risk (60–69% vaccinated)","mean_vaccination_rate_zips":69.42,"cases":40},"geometry":{"type":"Polygon","coordinates":[[[-82.214281,39.956098],[-82.215411,39.956384],[-82.217509,39.955456],[-82.223003,39.954273],[-82.224431,39.954692],[-82.224175,39.951043],[-82.221957,39.95099],[-82.221638,39.950106],[-82.222272,39.948626],[-82.216283,39.949358],[-82.211921,39.950738],[-82.198772,39.95014],[-82.198562,39.955027],[-82.204722,39.953343],[-82.212069,39.952025],[-82.214813,39.9548],[-82.214281,39.956098]]]}},{"type":"Feature","properties":{"zcta5":"43812","AFFGEOID10":"8600000US43812","GEOID10":"43812","ALAND10":418321650,"AWATER10":5875112,"county_name":"Muskingum","state_code":"OH","county_state":"Muskingum County, OH","county_fips":"39119","risk_level_county":"Lower Risk (80–84% vaccinated)","mean_vaccination_rate_county":82.66,"risk_level_zcta":"Higher Risk (60–69% vaccinated)","mean_vaccination_rate_zips":67.82,"cases":40},"geometry":{"type":"Polygon","coordinates":[[[-81.961331,40.435958],[-81.962277,40.432839],[-81.960753,40.428134],[-81.957673,40.426249],[-81.954586,40.42371],[-81.956324,40.423321],[-81.95762,40.42122],[-81.956696,40.420558],[-81.954787,40.421431],[-81.956054,40.419261],[-81.953123,40.417363],[-81.950511,40.418797],[-81.949785,40.417191],[-81.951332,40.415641],[-81.949576,40.413201],[-81.938884,40.405548],[-81.934874,40.401309],[-81.934478,40.400168],[-81.935036,40.398389],[-81.940481,40.39479],[-81.941666,40.393012],[-81.943074,40.392802],[-81.941526,40.391644],[-81.939084,40.394868],[-81.935782,40.397204],[-81.932737,40.397922],[-81.932496,40.400053],[-81.930571,40.401898],[-81.924616,40.402159],[-81.921704,40.400771],[-81.919721,40.400368],[-81.91597,40.39835],[-81.912885,40.398939],[-81.910026,40.40072],[-81.905734,40.399673],[-81.902682,40.400787],[-81.899653,40.401091],[-81.899526,40.396459],[-81.896885,40.390942],[-81.897048,40.375656],[-81.901121,40.375923],[-81.901452,40.375105],[-81.900965,40.371232],[-81.89989,40.366613],[-81.898427,40.365542],[-81.896769,40.365592],[-81.896951,40.362705],[-81.900351,40.36109],[-81.902199,40.358168],[-81.903648,40.354836],[-81.901949,40.351842],[-81.902067,40.349855],[-81.902993,40.348344],[-81.921706,40.348735],[-81.923118,40.346952],[-81.926576,40.345344],[-81.926963,40.342888],[-81.930858,40.344815],[-81.944719,40.343503],[-81.945448,40.341194],[-81.946097,40.335442],[-81.946249,40.331111],[-81.943045,40.327718],[-81.944604,40.327131],[-81.9485,40.327243],[-81.951858,40.329187],[-81.953926,40.329733],[-81.959561,40.329844],[-81.963337,40.329064],[-81.965584,40.32808],[-81.968623,40.32955],[-81.973948,40.330955],[-81.976585,40.330633],[-81.978156,40.329537],[-81.981626,40.329147],[-81.981418,40.327716],[-81.982285,40.322727],[-81.984862,40.316078],[-81.986321,40.316037],[-81.989379,40.312135],[-81.992917,40.309256],[-81.993011,40.307546],[-81.994261,40.304905],[-81.996829,40.305003],[-81.998629,40.304377],[-82.012167,40.304503],[-82.018958,40.302654],[-82.027883,40.298945],[-82.029473,40.295952],[-82.036989,40.292315],[-82.040979,40.28768],[-82.042383,40.284663],[-82.040984,40.281435],[-82.044624,40.277773],[-82.044882,40.276428],[-82.047525,40.272635],[-82.04747,40.269967],[-82.045375,40.261618],[-82.042787,40.262892],[-82.035022,40.270167],[-82.033167,40.272902],[-82.02989,40.273273],[-82.029315,40.271418],[-82.028257,40.270753],[-82.025909,40.272786],[-82.021158,40.273549],[-82.015787,40.273641],[-82.010975,40.272928],[-82.007242,40.27304],[-82.009333,40.269429],[-82.011854,40.267999],[-82.013404,40.267818],[-82.018722,40.263758],[-82.022074,40.262676],[-82.023587,40.259647],[-82.027542,40.257507],[-82.029883,40.257651],[-82.03418,40.255063],[-82.036025,40.253401],[-82.039404,40.253864],[-82.041813,40.254724],[-82.048091,40.254667],[-82.048227,40.251245],[-82.050687,40.249566],[-82.05212,40.247724],[-82.053714,40.246762],[-82.053831,40.245561],[-82.057937,40.236955],[-82.061944,40.233207],[-82.046863,40.23287],[-82.046019,40.232677],[-82.045388,40.229553],[-82.04262,40.227605],[-82.041873,40.229395],[-82.039855,40.231117],[-82.038733,40.233485],[-82.036581,40.236004],[-82.031787,40.239639],[-82.030923,40.242318],[-82.028418,40.245779],[-82.027442,40.248433],[-82.027562,40.245557],[-82.029658,40.242796],[-82.026309,40.244746],[-82.016218,40.249948],[-82.016389,40.246342],[-82.017251,40.244491],[-82.020302,40.24044],[-82.02076,40.23765],[-82.022633,40.235836],[-82.024791,40.231539],[-82.018779,40.231531],[-82.017022,40.229875],[-82.012976,40.228231],[-82.012947,40.225388],[-82.011324,40.222145],[-82.010817,40.219968],[-82.009286,40.216934],[-82.009463,40.214066],[-82.010745,40.211834],[-82.015846,40.209272],[-82.015815,40.207714],[-82.018484,40.20323],[-81.999068,40.201468],[-81.998619,40.211059],[-81.997162,40.210696],[-81.994038,40.212043],[-81.990365,40.212384],[-81.987722,40.212006],[-81.982627,40.210441],[-81.978678,40.207454],[-81.974926,40.205131],[-81.972606,40.205102],[-81.974904,40.200942],[-81.959531,40.200732],[-81.958729,40.203125],[-81.955064,40.206221],[-81.950623,40.208842],[-81.949424,40.210123],[-81.94698,40.214681],[-81.946002,40.215227],[-81.947665,40.210114],[-81.947061,40.209053],[-81.943219,40.206725],[-81.940484,40.20597],[-81.93729,40.20635],[-81.931961,40.206418],[-81.929667,40.207328],[-81.926855,40.207243],[-81.919341,40.208009],[-81.917231,40.209508],[-81.90938,40.206036],[-81.906056,40.20252],[-81.903081,40.201366],[-81.903628,40.1907],[-81.901664,40.190401],[-81.898405,40.188359],[-81.889267,40.201487],[-81.887931,40.200829],[-81.887163,40.198538],[-81.889805,40.194296],[-81.890228,40.192782],[-81.888935,40.191627],[-81.888297,40.187664],[-81.88181,40.188469],[-81.873514,40.194333],[-81.873498,40.192876],[-81.861475,40.19234],[-81.863309,40.188148],[-81.86,40.186535],[-81.857116,40.183537],[-81.851912,40.18122],[-81.851057,40.180191],[-81.852123,40.177747],[-81.846338,40.174525],[-81.845635,40.173688],[-81.846614,40.171853],[-81.851415,40.171611],[-81.854665,40.170139],[-81.858848,40.169189],[-81.860808,40.166913],[-81.863074,40.162881],[-81.869587,40.161069],[-81.871971,40.160127],[-81.875555,40.157153],[-81.869809,40.156964],[-81.812393,40.155277],[-81.821297,40.153137],[-81.824883,40.150934],[-81.82883,40.150021],[-81.828756,40.147318],[-81.809915,40.147185],[-81.810176,40.141726],[-81.806612,40.141494],[-81.803973,40.143075],[-81.801636,40.143259],[-81.801739,40.145937],[-81.80006,40.14635],[-81.797298,40.144109],[-81.796099,40.143811],[-81.796003,40.145443],[-81.794772,40.146865],[-81.791982,40.148168],[-81.788836,40.148412],[-81.786536,40.146567],[-81.784107,40.147066],[-81.781488,40.151542],[-81.777172,40.152633],[-81.776365,40.154168],[-81.786822,40.154518],[-81.784856,40.156762],[-81.785479,40.159003],[-81.783981,40.16166],[-81.779925,40.164799],[-81.776674,40.165594],[-81.772182,40.166658],[-81.765388,40.165155],[-81.761917,40.16521],[-81.760462,40.16613],[-81.758488,40.169964],[-81.752588,40.174231],[-81.750873,40.173804],[-81.747311,40.173958],[-81.747255,40.175486],[-81.74487,40.17468],[-81.741265,40.174306],[-81.737869,40.174963],[-81.737871,40.17567],[-81.740324,40.178564],[-81.740267,40.179614],[-81.738544,40.18267],[-81.734345,40.184971],[-81.730597,40.186001],[-81.725595,40.189703],[-81.723218,40.192721],[-81.723431,40.198167],[-81.722759,40.199594],[-81.713956,40.199282],[-81.714126,40.195737],[-81.70998,40.191254],[-81.70788,40.190187],[-81.70603,40.188125],[-81.700032,40.18697],[-81.697777,40.186011],[-81.695061,40.184089],[-81.693847,40.186546],[-81.692699,40.190191],[-81.691254,40.191372],[-81.68934,40.196543],[-81.689389,40.200308],[-81.688693,40.20199],[-81.685032,40.206201],[-81.682998,40.207087],[-81.678434,40.207005],[-81.675817,40.209588],[-81.673285,40.21156],[-81.674352,40.212758],[-81.673237,40.214692],[-81.676002,40.214635],[-81.67686,40.216062],[-81.676159,40.218846],[-81.678738,40.221841],[-81.682128,40.222772],[-81.683551,40.221021],[-81.687089,40.220349],[-81.687352,40.219212],[-81.688689,40.218235],[-81.689966,40.219021],[-81.688818,40.221438],[-81.688627,40.223506],[-81.697055,40.223788],[-81.701949,40.22083],[-81.705097,40.220101],[-81.70783,40.218223],[-81.712771,40.218309],[-81.712787,40.224454],[-81.718345,40.224873],[-81.785679,40.226324],[-81.799793,40.226835],[-81.800284,40.231966],[-81.802615,40.234057],[-81.796723,40.237652],[-81.798796,40.237741],[-81.799066,40.239615],[-81.794107,40.243495],[-81.793823,40.246242],[-81.792149,40.248348],[-81.796198,40.248944],[-81.79367,40.276224],[-81.790137,40.276989],[-81.789416,40.277781],[-81.789308,40.280451],[-81.79552,40.281188],[-81.787824,40.288888],[-81.786619,40.291166],[-81.79016,40.290577],[-81.792387,40.290813],[-81.795197,40.291925],[-81.800058,40.294541],[-81.799633,40.297472],[-81.802333,40.304099],[-81.801047,40.306107],[-81.798385,40.305649],[-81.793226,40.305534],[-81.793046,40.308336],[-81.79054,40.309862],[-81.792916,40.313716],[-81.795402,40.315091],[-81.794336,40.315909],[-81.799238,40.317153],[-81.806956,40.320064],[-81.809244,40.320155],[-81.809107,40.340186],[-81.811328,40.335582],[-81.81348,40.333268],[-81.816351,40.331218],[-81.821481,40.329745],[-81.82717,40.329788],[-81.828952,40.329217],[-81.831504,40.329495],[-81.831727,40.330985],[-81.836627,40.332139],[-81.837735,40.332027],[-81.854861,40.344636],[-81.859077,40.344779],[-81.856538,40.347172],[-81.854022,40.350252],[-81.853267,40.352771],[-81.851673,40.354804],[-81.849192,40.356545],[-81.848561,40.359817],[-81.847081,40.360629],[-81.848721,40.361144],[-81.850555,40.36371],[-81.851008,40.365915],[-81.852182,40.365313],[-81.855504,40.367033],[-81.855945,40.369785],[-81.853983,40.371482],[-81.851938,40.37576],[-81.852537,40.38003],[-81.85141,40.383311],[-81.848581,40.38812],[-81.846441,40.390097],[-81.845781,40.392468],[-81.846067,40.396033],[-81.845025,40.398181],[-81.849553,40.404299],[-81.849989,40.407016],[-81.849958,40.41132],[-81.853518,40.411549],[-81.857425,40.41365],[-81.862404,40.41284],[-81.866094,40.412758],[-81.868349,40.41135],[-81.871791,40.413826],[-81.877605,40.41537],[-81.879233,40.416289],[-81.879629,40.418002],[-81.881297,40.41985],[-81.894858,40.420557],[-81.894531,40.430589],[-81.896811,40.430262],[-81.898951,40.43235],[-81.899449,40.43518],[-81.898936,40.439539],[-81.899992,40.440008],[-81.899893,40.447369],[-81.902034,40.447066],[-81.902127,40.448916],[-81.960355,40.450511],[-81.957198,40.447537],[-81.957088,40.447057],[-81.958719,40.440327],[-81.961331,40.435958]],[[-81.725353,40.211287],[-81.714377,40.210449],[-81.713642,40.207177],[-81.713633,40.206815],[-81.725148,40.206887],[-81.725353,40.211287]]]}},{"type":"Feature","properties":{"zcta5":"43701","AFFGEOID10":"8600000US43701","GEOID10":"43701","ALAND10":467304058,"AWATER10":7295222,"county_name":"Muskingum","state_code":"OH","county_state":"Muskingum County, OH","county_fips":"39119","risk_level_county":"Lower Risk (80–84% vaccinated)","mean_vaccination_rate_county":82.66,"risk_level_zcta":"Higher Risk (60–69% vaccinated)","mean_vaccination_rate_zips":69.84,"cases":40},"geometry":{"type":"MultiPolygon","coordinates":[[[[-82.023053,39.844694],[-82.02318,39.844717],[-82.027026,39.844833],[-82.030132,39.842846],[-82.03504,39.840836],[-82.033821,39.838873],[-82.034369,39.835109],[-82.033046,39.832061],[-82.034619,39.830446],[-82.032898,39.828699],[-82.026702,39.839518],[-82.023079,39.844631],[-82.023053,39.844694]]],[[[-82.168487,39.922358],[-82.16808,39.918554],[-82.169985,39.913903],[-82.172346,39.913134],[-82.169636,39.90982],[-82.162372,39.909374],[-82.143839,39.908296],[-82.142167,39.907443],[-82.141138,39.905969],[-82.138623,39.905619],[-82.137025,39.903848],[-82.136603,39.901709],[-82.135493,39.900077],[-82.135718,39.897333],[-82.132543,39.896877],[-82.130535,39.893043],[-82.130544,39.891346],[-82.127622,39.889181],[-82.128921,39.887869],[-82.129529,39.886068],[-82.128852,39.882989],[-82.128267,39.882341],[-82.12409,39.881557],[-82.121815,39.879483],[-82.118404,39.87873],[-82.116207,39.876855],[-82.111505,39.876956],[-82.108282,39.876538],[-82.106136,39.87433],[-82.103183,39.873092],[-82.101135,39.872974],[-82.104447,39.871115],[-82.106109,39.869337],[-82.10785,39.86561],[-82.108838,39.864451],[-82.113776,39.860821],[-82.118488,39.856023],[-82.124586,39.853915],[-82.122112,39.852386],[-82.119867,39.851853],[-82.110884,39.852081],[-82.110778,39.8506],[-82.11245,39.848532],[-82.114938,39.847084],[-82.118782,39.846126],[-82.120401,39.846806],[-82.120907,39.844741],[-82.121102,39.840599],[-82.117689,39.839539],[-82.113802,39.839136],[-82.110561,39.837069],[-82.107224,39.836366],[-82.103797,39.836898],[-82.10353,39.838459],[-82.10218,39.83845],[-82.102173,39.839841],[-82.099188,39.840319],[-82.093646,39.840283],[-82.093596,39.842052],[-82.086059,39.841869],[-82.086228,39.844661],[-82.093159,39.84501],[-82.093417,39.849559],[-82.092128,39.852996],[-82.089925,39.852398],[-82.087674,39.854036],[-82.066434,39.853118],[-82.06569,39.855282],[-82.064607,39.855575],[-82.063953,39.864914],[-82.063871,39.865859],[-82.065131,39.866036],[-82.065798,39.867342],[-82.065689,39.867815],[-82.063714,39.86771],[-82.063317,39.87247],[-82.063161,39.874503],[-82.061675,39.875141],[-82.061427,39.876506],[-82.057755,39.875678],[-82.056482,39.873931],[-82.052638,39.871877],[-82.04785,39.871486],[-82.046686,39.870851],[-82.047069,39.869378],[-82.048477,39.867298],[-82.048891,39.865486],[-82.052473,39.860892],[-82.052501,39.858603],[-82.049472,39.856587],[-82.046746,39.856087],[-82.044416,39.856477],[-82.044366,39.859954],[-82.043723,39.861416],[-82.041265,39.86298],[-82.035197,39.864708],[-82.03467,39.863655],[-82.035124,39.861836],[-82.033244,39.858856],[-82.030666,39.857221],[-82.030338,39.855681],[-82.027416,39.855262],[-82.024848,39.854167],[-82.024951,39.853024],[-82.023361,39.848163],[-82.023606,39.845798],[-82.023053,39.844694],[-82.020796,39.844714],[-82.019896,39.844042],[-82.015108,39.844003],[-82.013459,39.843235],[-82.009057,39.842582],[-82.003799,39.841882],[-82.000159,39.841035],[-81.997517,39.839651],[-81.995493,39.839443],[-81.992243,39.837506],[-81.990818,39.837078],[-81.989566,39.839589],[-81.985219,39.84157],[-81.984228,39.843469],[-81.987096,39.841953],[-81.990407,39.844563],[-81.993471,39.845916],[-81.994857,39.847396],[-81.994335,39.849532],[-81.997299,39.851341],[-82.006816,39.854551],[-82.010712,39.853571],[-82.013235,39.854892],[-82.013051,39.857422],[-82.006117,39.866349],[-81.999826,39.868003],[-81.995196,39.86676],[-81.993358,39.865836],[-81.991263,39.866397],[-81.987498,39.864795],[-81.987338,39.862651],[-81.985663,39.859194],[-81.985147,39.855675],[-81.984427,39.856463],[-81.981192,39.858019],[-81.98252,39.860693],[-81.986826,39.863887],[-81.984197,39.864289],[-81.986644,39.867545],[-81.986039,39.868792],[-81.984435,39.868458],[-81.983024,39.868975],[-81.980928,39.867646],[-81.979168,39.869372],[-81.978721,39.87186],[-81.974908,39.876554],[-81.975634,39.877289],[-81.979821,39.879124],[-81.982239,39.880542],[-81.984556,39.88151],[-81.988329,39.883743],[-81.989916,39.883999],[-81.992889,39.886932],[-81.999334,39.89435],[-82.00117,39.897463],[-82.002028,39.900145],[-82.002777,39.904272],[-82.000995,39.89925],[-81.998921,39.895262],[-81.995353,39.891228],[-81.99167,39.887742],[-81.990657,39.886865],[-81.985577,39.88307],[-81.972893,39.877107],[-81.958572,39.872509],[-81.954003,39.871535],[-81.949114,39.871374],[-81.941757,39.871704],[-81.932306,39.872778],[-81.927361,39.872869],[-81.927359,39.873956],[-81.929183,39.874176],[-81.92089,39.873901],[-81.919523,39.895975],[-81.920751,39.898259],[-81.920618,39.899819],[-81.919312,39.901233],[-81.918597,39.900258],[-81.912314,39.899348],[-81.910903,39.898188],[-81.902765,39.897454],[-81.901823,39.896038],[-81.900439,39.896101],[-81.900206,39.89953],[-81.901813,39.899181],[-81.902944,39.900938],[-81.902223,39.901921],[-81.902864,39.903234],[-81.90526,39.904355],[-81.905586,39.907551],[-81.906706,39.909723],[-81.905378,39.911613],[-81.906556,39.91282],[-81.906775,39.91441],[-81.905472,39.916508],[-81.90443,39.916676],[-81.904154,39.918321],[-81.904375,39.919337],[-81.906657,39.92042],[-81.906129,39.922254],[-81.904037,39.925719],[-81.904614,39.926538],[-81.903237,39.928163],[-81.902565,39.931415],[-81.898069,39.933034],[-81.897758,39.937818],[-81.874942,39.936741],[-81.872592,39.937062],[-81.841947,39.936026],[-81.840385,39.937936],[-81.84025,39.939353],[-81.838759,39.940078],[-81.837355,39.943885],[-81.837277,39.945296],[-81.833029,39.95149],[-81.847094,39.973634],[-81.847145,39.9726],[-81.849436,39.971737],[-81.850977,39.969666],[-81.852169,39.969495],[-81.856474,39.969741],[-81.856766,39.971286],[-81.85132,39.972611],[-81.851957,39.974449],[-81.846135,39.976037],[-81.846381,39.977558],[-81.840853,39.981893],[-81.838828,39.982502],[-81.832754,39.981649],[-81.829438,39.981458],[-81.821649,39.983811],[-81.820356,39.983793],[-81.819724,39.99317],[-81.815638,39.992741],[-81.810783,39.99463],[-81.807662,39.995482],[-81.804306,39.998953],[-81.804939,40.001269],[-81.802939,40.00547],[-81.798403,40.007348],[-81.796256,40.008653],[-81.795697,40.010356],[-81.796109,40.012352],[-81.797425,40.012818],[-81.797686,40.014521],[-81.799169,40.018022],[-81.798633,40.019819],[-81.805255,40.018599],[-81.807849,40.018482],[-81.810689,40.019272],[-81.813717,40.020958],[-81.816029,40.023139],[-81.821961,40.021816],[-81.829341,40.023688],[-81.82947,40.025908],[-81.828192,40.026894],[-81.829905,40.028316],[-81.833648,40.028755],[-81.834763,40.02949],[-81.841133,40.029803],[-81.843286,40.030367],[-81.84793,40.030343],[-81.849867,40.03093],[-81.851531,40.03026],[-81.85476,40.029951],[-81.858376,40.031822],[-81.862292,40.032568],[-81.86487,40.031814],[-81.862121,40.033853],[-81.866013,40.039936],[-81.867735,40.039864],[-81.868579,40.041357],[-81.870394,40.041329],[-81.870446,40.043059],[-81.868024,40.044197],[-81.867833,40.045894],[-81.866276,40.047834],[-81.864246,40.046418],[-81.862417,40.04755],[-81.860231,40.048062],[-81.857809,40.047952],[-81.859689,40.049615],[-81.865743,40.049848],[-81.872135,40.049732],[-81.87263,40.0467],[-81.873317,40.03469],[-81.87585,40.033741],[-81.876299,40.031924],[-81.878154,40.029597],[-81.883685,40.02984],[-81.884562,40.030837],[-81.885442,40.029941],[-81.889421,40.029032],[-81.894219,40.029551],[-81.894861,40.031634],[-81.897671,40.033865],[-81.898547,40.033377],[-81.9006,40.034018],[-81.901998,40.035255],[-81.901469,40.044331],[-81.899637,40.046485],[-81.896856,40.048533],[-81.899737,40.048644],[-81.910287,40.050475],[-81.908913,40.074193],[-81.910489,40.076761],[-81.911413,40.077129],[-81.91597,40.076932],[-81.916564,40.07809],[-81.918532,40.077013],[-81.921113,40.077398],[-81.921385,40.075882],[-81.924124,40.072153],[-81.924911,40.06888],[-81.927101,40.067119],[-81.930347,40.068287],[-81.93242,40.06816],[-81.933939,40.070298],[-81.936762,40.070654],[-81.938502,40.071446],[-81.939403,40.072955],[-81.940908,40.071953],[-81.944305,40.075366],[-81.945899,40.07597],[-81.947993,40.074987],[-81.948187,40.076689],[-81.949702,40.077481],[-81.953415,40.073648],[-81.953702,40.069483],[-81.953315,40.067309],[-81.959141,40.070165],[-81.960966,40.071421],[-81.963412,40.071345],[-81.965003,40.071924],[-81.96729,40.071964],[-81.968553,40.070879],[-81.980956,40.071844],[-81.979903,40.070751],[-81.979769,40.067323],[-82.000953,40.067922],[-82.004335,40.067821],[-82.005839,40.065976],[-82.009897,40.065968],[-82.011389,40.062817],[-82.013622,40.061397],[-82.015198,40.056906],[-82.016481,40.054755],[-82.018684,40.052446],[-82.020243,40.052054],[-82.022507,40.051448],[-82.024205,40.045086],[-82.024734,40.037779],[-82.025532,40.037798],[-82.026039,40.029102],[-82.027163,40.023153],[-82.028578,40.015844],[-82.038707,40.016198],[-82.041142,40.016306],[-82.07063,40.017246],[-82.071224,40.018397],[-82.070507,40.027432],[-82.075383,40.029782],[-82.076323,40.031061],[-82.076214,40.034523],[-82.08018,40.03219],[-82.082353,40.032075],[-82.084766,40.032833],[-82.086882,40.032781],[-82.087096,40.028415],[-82.088908,40.025547],[-82.089538,40.022845],[-82.091204,40.022534],[-82.092749,40.026242],[-82.093331,40.022753],[-82.091955,40.021232],[-82.091076,40.018272],[-82.091277,40.01641],[-82.088361,40.013164],[-82.086453,40.007559],[-82.086463,40.004919],[-82.088288,40.002513],[-82.093499,40.001407],[-82.101781,40.001392],[-82.108439,39.999841],[-82.110162,40.000067],[-82.111825,40.000946],[-82.113424,40.002819],[-82.113332,40.005124],[-82.120893,40.012125],[-82.122513,40.017805],[-82.123568,40.024421],[-82.124862,40.025079],[-82.124862,40.018332],[-82.13967,40.018932],[-82.138768,40.015752],[-82.139147,40.00925],[-82.138748,40.008132],[-82.134072,40.006088],[-82.135296,40.004927],[-82.136157,40.002956],[-82.142602,40.003091],[-82.140813,39.999256],[-82.139549,39.994545],[-82.140143,39.990776],[-82.138949,39.986054],[-82.139402,39.985038],[-82.142997,39.981493],[-82.145056,39.978134],[-82.145919,39.974702],[-82.147031,39.971772],[-82.146371,39.96957],[-82.14777,39.967137],[-82.151469,39.964523],[-82.151878,39.959879],[-82.150738,39.957042],[-82.148702,39.957152],[-82.145452,39.956683],[-82.145659,39.952656],[-82.145348,39.951905],[-82.142511,39.94938],[-82.141494,39.949211],[-82.139872,39.945391],[-82.14069,39.938535],[-82.144077,39.936851],[-82.147645,39.930648],[-82.148454,39.926941],[-82.150316,39.926481],[-82.151235,39.925397],[-82.155393,39.922951],[-82.157519,39.923011],[-82.159629,39.924115],[-82.164172,39.924115],[-82.16738,39.923282],[-82.168487,39.922358]]]]}},{"type":"Feature","properties":{"zcta5":"43767","AFFGEOID10":"8600000US43767","GEOID10":"43767","ALAND10":82753246,"AWATER10":40000,"county_name":"Muskingum","state_code":"OH","county_state":"Muskingum County, OH","county_fips":"39119","risk_level_county":"Lower Risk (80–84% vaccinated)","mean_vaccination_rate_county":82.66,"risk_level_zcta":"Medium Risk (70–79% vaccinated)","mean_vaccination_rate_zips":73.35,"cases":40},"geometry":{"type":"Polygon","coordinates":[[[-81.841133,40.029803],[-81.834763,40.02949],[-81.833648,40.028755],[-81.829905,40.028316],[-81.828192,40.026894],[-81.82947,40.025908],[-81.829341,40.023688],[-81.821961,40.021816],[-81.816029,40.023139],[-81.813717,40.020958],[-81.810689,40.019272],[-81.807849,40.018482],[-81.805255,40.018599],[-81.798633,40.019819],[-81.799169,40.018022],[-81.797686,40.014521],[-81.797425,40.012818],[-81.796109,40.012352],[-81.795697,40.010356],[-81.796256,40.008653],[-81.798403,40.007348],[-81.802939,40.00547],[-81.804939,40.001269],[-81.804306,39.998953],[-81.807662,39.995482],[-81.810783,39.99463],[-81.815638,39.992741],[-81.819724,39.99317],[-81.820356,39.983793],[-81.821649,39.983811],[-81.829438,39.981458],[-81.832754,39.981649],[-81.838828,39.982502],[-81.840853,39.981893],[-81.846381,39.977558],[-81.846135,39.976037],[-81.851957,39.974449],[-81.85132,39.972611],[-81.856766,39.971286],[-81.856474,39.969741],[-81.852169,39.969495],[-81.850977,39.969666],[-81.849436,39.971737],[-81.847145,39.9726],[-81.847094,39.973634],[-81.833029,39.95149],[-81.837277,39.945296],[-81.837355,39.943885],[-81.838759,39.940078],[-81.84025,39.939353],[-81.840385,39.937936],[-81.841947,39.936026],[-81.826792,39.935545],[-81.825277,39.927566],[-81.820885,39.927925],[-81.817575,39.927809],[-81.815179,39.926971],[-81.807974,39.927184],[-81.804421,39.929607],[-81.804106,39.934746],[-81.778609,39.933765],[-81.778805,39.93666],[-81.776322,39.938904],[-81.777634,39.944578],[-81.77793,39.948344],[-81.771829,39.953578],[-81.769958,39.954351],[-81.763334,39.960461],[-81.766089,39.962158],[-81.766542,39.962954],[-81.765895,39.96609],[-81.766133,39.967786],[-81.765504,39.969792],[-81.767783,39.969811],[-81.772866,39.972733],[-81.775952,39.974209],[-81.77627,39.97584],[-81.779695,39.981826],[-81.78034,39.983209],[-81.780583,39.983977],[-81.780581,39.984696],[-81.780398,39.985727],[-81.780405,39.986053],[-81.780607,39.98649],[-81.781069,39.987016],[-81.781617,39.987505],[-81.781517,39.990794],[-81.782026,39.992889],[-81.781247,39.994421],[-81.779,39.99523],[-81.778039,39.996895],[-81.778028,39.999338],[-81.781108,40.003386],[-81.783313,40.004361],[-81.785751,40.006158],[-81.785739,40.007815],[-81.791025,40.008061],[-81.78933,40.011091],[-81.773271,40.03225],[-81.769888,40.032209],[-81.769725,40.036088],[-81.763323,40.037332],[-81.764746,40.039386],[-81.767416,40.040638],[-81.767999,40.043503],[-81.767472,40.044967],[-81.76802,40.049715],[-81.769283,40.053488],[-81.773482,40.057749],[-81.775952,40.062149],[-81.775222,40.064354],[-81.774562,40.070776],[-81.772925,40.072106],[-81.772847,40.072943],[-81.774867,40.073087],[-81.777151,40.072603],[-81.783549,40.073493],[-81.788498,40.073531],[-81.789961,40.072786],[-81.789731,40.076807],[-81.790772,40.079141],[-81.785137,40.083815],[-81.781336,40.084077],[-81.77841,40.084657],[-81.778104,40.08618],[-81.779288,40.086866],[-81.779409,40.089063],[-81.775969,40.09008],[-81.7755,40.094179],[-81.776277,40.095099],[-81.778245,40.095694],[-81.778247,40.097647],[-81.779869,40.100963],[-81.784306,40.103215],[-81.785863,40.102223],[-81.788614,40.10164],[-81.793767,40.101814],[-81.797267,40.102478],[-81.800096,40.102001],[-81.801212,40.101291],[-81.802873,40.098089],[-81.805683,40.095239],[-81.804922,40.093729],[-81.80912,40.093443],[-81.810815,40.092059],[-81.813094,40.092013],[-81.813677,40.082699],[-81.835203,40.083292],[-81.837449,40.081729],[-81.841294,40.075468],[-81.844993,40.072267],[-81.849263,40.071461],[-81.851451,40.070464],[-81.85072,40.069173],[-81.843277,40.065736],[-81.842875,40.06454],[-81.840317,40.061875],[-81.837969,40.060447],[-81.835793,40.058374],[-81.832502,40.057527],[-81.828928,40.057489],[-81.8263,40.055834],[-81.824747,40.055613],[-81.825378,40.050184],[-81.8298,40.047871],[-81.835009,40.047289],[-81.839024,40.045538],[-81.839449,40.045036],[-81.838672,40.041404],[-81.839919,40.034651],[-81.840939,40.033193],[-81.841512,40.031148],[-81.841133,40.029803]]]}},{"type":"Feature","properties":{"zcta5":"43821","AFFGEOID10":"8600000US43821","GEOID10":"43821","ALAND10":214026101,"AWATER10":3246350,"county_name":"Muskingum","state_code":"OH","county_state":"Muskingum County, OH","county_fips":"39119","risk_level_county":"Lower Risk (80–84% vaccinated)","mean_vaccination_rate_county":82.66,"risk_level_zcta":"Medium Risk (70–79% vaccinated)","mean_vaccination_rate_zips":73.54,"cases":40},"geometry":{"type":"Polygon","coordinates":[[[-82.100799,40.210878],[-82.101922,40.208817],[-82.102461,40.205944],[-82.101464,40.203198],[-82.100172,40.201828],[-82.100533,40.199624],[-82.091848,40.19939],[-82.090325,40.198494],[-82.088454,40.19401],[-82.08897,40.186571],[-82.091737,40.185893],[-82.092461,40.171373],[-82.089282,40.169961],[-82.091063,40.166487],[-82.092882,40.164093],[-82.092981,40.162579],[-82.093016,40.162337],[-82.087197,40.161705],[-82.086232,40.160986],[-82.08554,40.157885],[-82.0816,40.158521],[-82.077871,40.157564],[-82.075336,40.152833],[-82.070747,40.148692],[-82.066815,40.149552],[-82.057347,40.150147],[-82.04019,40.152479],[-82.037581,40.152678],[-82.036646,40.151601],[-82.036996,40.150305],[-82.039118,40.149621],[-82.037655,40.147924],[-82.037681,40.146086],[-82.039264,40.146804],[-82.039272,40.144568],[-82.037573,40.144198],[-82.039527,40.143513],[-82.039951,40.142081],[-82.042155,40.142074],[-82.041369,40.140471],[-82.038814,40.139825],[-82.038891,40.138946],[-82.048909,40.137039],[-82.04825,40.135513],[-82.054394,40.134991],[-82.061794,40.133929],[-82.069989,40.132034],[-82.071539,40.131437],[-82.075355,40.127748],[-82.078778,40.125881],[-82.083415,40.124903],[-82.085186,40.123442],[-82.089949,40.121368],[-82.090719,40.120374],[-82.090448,40.116526],[-82.09147,40.115224],[-82.093895,40.113715],[-82.095417,40.111711],[-82.096198,40.097575],[-82.089553,40.096343],[-82.089259,40.094718],[-82.090096,40.092578],[-82.093909,40.091609],[-82.093767,40.08973],[-82.088169,40.089556],[-82.088405,40.085376],[-82.088867,40.084406],[-82.083882,40.080003],[-82.081907,40.076628],[-82.080618,40.07508],[-82.079976,40.073211],[-82.079797,40.069259],[-82.078918,40.066522],[-82.078756,40.061761],[-82.078092,40.060567],[-82.067368,40.060155],[-82.060763,40.061939],[-82.059853,40.059775],[-82.059413,40.0625],[-82.055747,40.064236],[-82.054234,40.065615],[-82.050645,40.066669],[-82.038271,40.06642],[-82.036921,40.066701],[-82.035349,40.068025],[-82.031279,40.066956],[-82.029522,40.065343],[-82.027722,40.064745],[-82.027041,40.063243],[-82.024099,40.061762],[-82.021764,40.059447],[-82.020927,40.057223],[-82.019719,40.055961],[-82.020243,40.052054],[-82.018684,40.052446],[-82.016481,40.054755],[-82.015198,40.056906],[-82.013622,40.061397],[-82.011389,40.062817],[-82.009897,40.065968],[-82.005839,40.065976],[-82.004335,40.067821],[-82.000953,40.067922],[-81.979769,40.067323],[-81.979903,40.070751],[-81.980956,40.071844],[-81.968553,40.070879],[-81.96729,40.071964],[-81.965003,40.071924],[-81.963412,40.071345],[-81.960966,40.071421],[-81.959141,40.070165],[-81.953315,40.067309],[-81.953702,40.069483],[-81.953415,40.073648],[-81.949702,40.077481],[-81.948187,40.076689],[-81.947993,40.074987],[-81.945899,40.07597],[-81.944305,40.075366],[-81.940908,40.071953],[-81.939403,40.072955],[-81.938502,40.071446],[-81.936762,40.070654],[-81.933939,40.070298],[-81.93242,40.06816],[-81.930347,40.068287],[-81.927101,40.067119],[-81.924911,40.06888],[-81.924124,40.072153],[-81.921385,40.075882],[-81.921113,40.077398],[-81.918532,40.077013],[-81.916564,40.07809],[-81.916601,40.083229],[-81.918033,40.087006],[-81.918108,40.090476],[-81.917649,40.09453],[-81.918725,40.095737],[-81.916489,40.098252],[-81.916568,40.100568],[-81.915644,40.10523],[-81.91593,40.106796],[-81.913731,40.106619],[-81.913132,40.107757],[-81.912415,40.112491],[-81.911721,40.114154],[-81.907956,40.119778],[-81.906497,40.124192],[-81.901371,40.126642],[-81.893451,40.131483],[-81.890128,40.134664],[-81.887515,40.135342],[-81.88447,40.134705],[-81.882254,40.135287],[-81.880086,40.137476],[-81.878945,40.139731],[-81.874406,40.143034],[-81.871299,40.144348],[-81.871255,40.147054],[-81.872467,40.150563],[-81.872716,40.153021],[-81.8713,40.155669],[-81.869809,40.156964],[-81.875555,40.157153],[-81.947301,40.158902],[-81.946656,40.163057],[-81.946781,40.165635],[-81.943595,40.167169],[-81.943136,40.168514],[-81.944138,40.17098],[-81.945018,40.170937],[-81.9457,40.173311],[-81.959237,40.16966],[-81.965361,40.168335],[-81.963993,40.171095],[-81.964489,40.1724],[-81.984663,40.179637],[-81.986085,40.177115],[-81.987032,40.179908],[-81.986402,40.181258],[-81.987181,40.182222],[-81.98798,40.179708],[-81.992294,40.181503],[-81.995474,40.184833],[-81.999499,40.184875],[-81.999074,40.197658],[-81.999068,40.201468],[-82.018484,40.20323],[-82.015815,40.207714],[-82.015846,40.209272],[-82.010745,40.211834],[-82.009463,40.214066],[-82.009286,40.216934],[-82.010817,40.219968],[-82.011324,40.222145],[-82.012947,40.225388],[-82.012976,40.228231],[-82.017022,40.229875],[-82.018779,40.231531],[-82.024791,40.231539],[-82.025534,40.229732],[-82.031619,40.22701],[-82.034509,40.226417],[-82.041996,40.226817],[-82.043048,40.225898],[-82.061255,40.222402],[-82.064469,40.21991],[-82.067357,40.219845],[-82.068188,40.221662],[-82.066774,40.22219],[-82.067261,40.224416],[-82.066152,40.228422],[-82.064864,40.230775],[-82.066665,40.228565],[-82.06725,40.229428],[-82.066191,40.233223],[-82.089191,40.233934],[-82.090333,40.209923],[-82.091718,40.211473],[-82.096033,40.214051],[-82.099243,40.214613],[-82.099548,40.212173],[-82.100799,40.210878]],[[-82.0195,40.142258],[-82.012311,40.143481],[-82.004987,40.144462],[-82.008646,40.142206],[-82.009791,40.139827],[-82.008123,40.13034],[-82.009155,40.1285],[-82.009714,40.130043],[-82.012568,40.128918],[-82.015028,40.129366],[-82.015374,40.131209],[-82.017236,40.132608],[-82.015344,40.139692],[-82.019074,40.139701],[-82.0195,40.142258]]]}},{"type":"Feature","properties":{"zcta5":"43830","AFFGEOID10":"8600000US43830","GEOID10":"43830","ALAND10":131810079,"AWATER10":3207951,"county_name":"Muskingum","state_code":"OH","county_state":"Muskingum County, OH","county_fips":"39119","risk_level_county":"Lower Risk (80–84% vaccinated)","mean_vaccination_rate_county":82.66,"risk_level_zcta":"Higher Risk (60–69% vaccinated)","mean_vaccination_rate_zips":69.05,"cases":40},"geometry":{"type":"Polygon","coordinates":[[[-82.212021,40.137975],[-82.219149,40.138382],[-82.226622,40.136786],[-82.226344,40.140847],[-82.226871,40.141826],[-82.229068,40.142914],[-82.230677,40.142905],[-82.232444,40.141756],[-82.237668,40.143765],[-82.238945,40.143068],[-82.23959,40.141212],[-82.24068,40.140657],[-82.239269,40.138443],[-82.239342,40.134342],[-82.248598,40.132508],[-82.248442,40.13114],[-82.249328,40.126645],[-82.237187,40.124458],[-82.236882,40.123041],[-82.233936,40.122855],[-82.236066,40.118504],[-82.238026,40.116432],[-82.242401,40.114026],[-82.246798,40.112987],[-82.2473,40.103931],[-82.228253,40.103759],[-82.228467,40.10061],[-82.232531,40.098489],[-82.233718,40.096298],[-82.238222,40.092699],[-82.24792,40.092828],[-82.248488,40.078128],[-82.249534,40.077195],[-82.248873,40.075807],[-82.242807,40.077567],[-82.239995,40.077212],[-82.240118,40.075848],[-82.237262,40.075086],[-82.232243,40.075643],[-82.227162,40.075802],[-82.227698,40.066083],[-82.226221,40.063336],[-82.224331,40.058534],[-82.22039,40.056973],[-82.217046,40.056825],[-82.216849,40.055562],[-82.215327,40.055778],[-82.211952,40.054825],[-82.211673,40.055678],[-82.210648,40.054233],[-82.208974,40.054894],[-82.209443,40.053541],[-82.198737,40.055392],[-82.195552,40.055427],[-82.192973,40.054827],[-82.195103,40.010362],[-82.190542,40.013532],[-82.186591,40.014357],[-82.183245,40.016353],[-82.181431,40.015527],[-82.177652,40.015045],[-82.176243,40.015524],[-82.173607,40.015169],[-82.169418,40.015863],[-82.167343,40.016711],[-82.168394,40.019959],[-82.13967,40.018932],[-82.124862,40.018332],[-82.124862,40.025079],[-82.123568,40.024421],[-82.122513,40.017805],[-82.120893,40.012125],[-82.113332,40.005124],[-82.113424,40.002819],[-82.111825,40.000946],[-82.110162,40.000067],[-82.108439,39.999841],[-82.101781,40.001392],[-82.093499,40.001407],[-82.088288,40.002513],[-82.086463,40.004919],[-82.086453,40.007559],[-82.088361,40.013164],[-82.091277,40.01641],[-82.091076,40.018272],[-82.091955,40.021232],[-82.093331,40.022753],[-82.092749,40.026242],[-82.091204,40.022534],[-82.089538,40.022845],[-82.088908,40.025547],[-82.087096,40.028415],[-82.086882,40.032781],[-82.084766,40.032833],[-82.082353,40.032075],[-82.08018,40.03219],[-82.076214,40.034523],[-82.076323,40.031061],[-82.075383,40.029782],[-82.070507,40.027432],[-82.071224,40.018397],[-82.07063,40.017246],[-82.041142,40.016306],[-82.038707,40.016198],[-82.028578,40.015844],[-82.027163,40.023153],[-82.026039,40.029102],[-82.025532,40.037798],[-82.024734,40.037779],[-82.024205,40.045086],[-82.022507,40.051448],[-82.020243,40.052054],[-82.019719,40.055961],[-82.020927,40.057223],[-82.021764,40.059447],[-82.024099,40.061762],[-82.027041,40.063243],[-82.027722,40.064745],[-82.029522,40.065343],[-82.031279,40.066956],[-82.035349,40.068025],[-82.036921,40.066701],[-82.038271,40.06642],[-82.050645,40.066669],[-82.054234,40.065615],[-82.055747,40.064236],[-82.059413,40.0625],[-82.059853,40.059775],[-82.060763,40.061939],[-82.067368,40.060155],[-82.078092,40.060567],[-82.078756,40.061761],[-82.078918,40.066522],[-82.079797,40.069259],[-82.079976,40.073211],[-82.080618,40.07508],[-82.081907,40.076628],[-82.083882,40.080003],[-82.088867,40.084406],[-82.09067,40.083825],[-82.092533,40.079096],[-82.093473,40.077649],[-82.097545,40.073539],[-82.1015,40.071207],[-82.103171,40.06951],[-82.1074,40.066498],[-82.114382,40.062578],[-82.117034,40.062589],[-82.118569,40.063887],[-82.119006,40.066368],[-82.118249,40.069357],[-82.117279,40.070452],[-82.115531,40.077095],[-82.116531,40.080548],[-82.115122,40.085054],[-82.115362,40.086353],[-82.123085,40.08493],[-82.131877,40.083756],[-82.133381,40.08042],[-82.133628,40.075905],[-82.134954,40.075934],[-82.135961,40.078177],[-82.139285,40.08274],[-82.157798,40.080234],[-82.158178,40.084689],[-82.158035,40.090667],[-82.154883,40.098735],[-82.153041,40.099964],[-82.150351,40.100423],[-82.175308,40.103786],[-82.169678,40.098964],[-82.169611,40.097445],[-82.17137,40.096177],[-82.174417,40.095787],[-82.175374,40.094969],[-82.188621,40.095277],[-82.190959,40.091144],[-82.189343,40.122133],[-82.194054,40.126476],[-82.197614,40.131385],[-82.199042,40.134108],[-82.200949,40.135558],[-82.207398,40.138638],[-82.212021,40.137975]]]}},{"type":"Feature","properties":{"zcta5":"43056","AFFGEOID10":"8600000US43056","GEOID10":"43056","ALAND10":222435996,"AWATER10":1884167,"county_name":"Muskingum","state_code":"OH","county_state":"Muskingum County, OH","county_fips":"39119","risk_level_county":"Lower Risk (80–84% vaccinated)","mean_vaccination_rate_county":82.66,"risk_level_zcta":"Medium Risk (70–79% vaccinated)","mean_vaccination_rate_zips":71.16,"cases":40},"geometry":{"type":"Polygon","coordinates":[[[-82.48018,40.026073],[-82.48061,40.020124],[-82.506785,40.020899],[-82.507309,40.017569],[-82.502353,40.017515],[-82.502327,40.013503],[-82.497519,40.013536],[-82.497642,40.006216],[-82.502088,40.008407],[-82.502469,40.000702],[-82.482097,39.999758],[-82.482611,39.993447],[-82.478949,39.992658],[-82.479276,39.991917],[-82.480024,39.991054],[-82.480312,39.991011],[-82.481432,39.990471],[-82.481064,39.990027],[-82.482941,39.988253],[-82.48488,39.987144],[-82.48475,39.986276],[-82.480982,39.986385],[-82.47864,39.985848],[-82.476292,39.986682],[-82.472832,39.986027],[-82.471415,39.984799],[-82.470908,39.983057],[-82.473505,39.979585],[-82.470536,39.978978],[-82.468803,39.976937],[-82.4675,39.97373],[-82.467713,39.972309],[-82.470355,39.970879],[-82.472772,39.971658],[-82.473823,39.970722],[-82.473669,39.969553],[-82.471646,39.968506],[-82.469309,39.968005],[-82.469042,39.966852],[-82.466957,39.966849],[-82.46553,39.962796],[-82.461086,39.962536],[-82.460645,39.966558],[-82.456658,39.970055],[-82.454847,39.973729],[-82.453052,39.975415],[-82.450455,39.976527],[-82.448321,39.978289],[-82.446562,39.976868],[-82.439978,39.975181],[-82.436534,39.972958],[-82.426973,39.97245],[-82.42339,39.969615],[-82.421279,39.968501],[-82.418178,39.968344],[-82.418939,39.960822],[-82.415683,39.965032],[-82.413418,39.964483],[-82.413989,39.959429],[-82.410325,39.959283],[-82.40502,39.982744],[-82.39457,39.982056],[-82.394523,39.986093],[-82.392888,39.985559],[-82.391918,39.98417],[-82.390519,39.983988],[-82.388364,39.982378],[-82.386445,39.982171],[-82.383011,39.979373],[-82.381471,39.980106],[-82.372591,39.979527],[-82.371948,39.979121],[-82.372525,39.977311],[-82.375198,39.974555],[-82.376978,39.971902],[-82.378404,39.971152],[-82.378686,39.969613],[-82.376959,39.967016],[-82.374422,39.965421],[-82.37487,39.964368],[-82.374705,39.958015],[-82.36925,39.958663],[-82.371684,39.959479],[-82.354484,39.962239],[-82.349293,39.95686],[-82.348168,39.956095],[-82.336124,39.955464],[-82.336159,39.954776],[-82.332269,39.954443],[-82.33047,39.955257],[-82.312877,39.954674],[-82.303347,39.953775],[-82.294499,39.95348],[-82.293634,39.965033],[-82.292954,39.974509],[-82.288494,39.970915],[-82.289,39.967973],[-82.288529,39.966369],[-82.288377,39.966043],[-82.287889,39.965297],[-82.284983,39.98548],[-82.283851,39.9862],[-82.285057,39.988947],[-82.266019,39.988148],[-82.262527,39.989498],[-82.261156,39.98877],[-82.258633,39.989207],[-82.256277,39.97314],[-82.242692,39.979227],[-82.242401,39.98153],[-82.240028,39.980876],[-82.238701,39.982334],[-82.236444,39.98006],[-82.234386,39.979049],[-82.234306,39.975774],[-82.233247,39.972284],[-82.233494,39.970074],[-82.232632,39.969462],[-82.231476,39.965918],[-82.226219,39.965584],[-82.226549,39.959815],[-82.229433,39.960211],[-82.229149,39.957281],[-82.226522,39.956046],[-82.225037,39.954075],[-82.225828,39.951049],[-82.224175,39.951043],[-82.224431,39.954692],[-82.223003,39.954273],[-82.217509,39.955456],[-82.215411,39.956384],[-82.214281,39.956098],[-82.212861,39.96691],[-82.212259,39.969381],[-82.212734,39.975002],[-82.211711,39.978763],[-82.211648,39.982285],[-82.208893,39.983832],[-82.206252,39.983991],[-82.205755,39.990578],[-82.204014,39.993604],[-82.203764,39.997311],[-82.204132,39.999432],[-82.198389,40.007199],[-82.195103,40.010362],[-82.192973,40.054827],[-82.195552,40.055427],[-82.198737,40.055392],[-82.209443,40.053541],[-82.208974,40.054894],[-82.210648,40.054233],[-82.211673,40.055678],[-82.211952,40.054825],[-82.215327,40.055778],[-82.216849,40.055562],[-82.217046,40.056825],[-82.22039,40.056973],[-82.221282,40.055072],[-82.222618,40.054319],[-82.226091,40.053917],[-82.226857,40.053194],[-82.230085,40.052669],[-82.232358,40.04947],[-82.235477,40.048321],[-82.239143,40.049873],[-82.244082,40.055157],[-82.245493,40.05599],[-82.249152,40.056429],[-82.252231,40.056094],[-82.255334,40.057085],[-82.258969,40.058918],[-82.26195,40.058253],[-82.263672,40.059264],[-82.265744,40.062499],[-82.267562,40.063103],[-82.271374,40.061931],[-82.275432,40.059969],[-82.275641,40.061853],[-82.276519,40.062589],[-82.282421,40.060565],[-82.288424,40.060688],[-82.291534,40.066502],[-82.291587,40.068008],[-82.294011,40.068318],[-82.294832,40.069274],[-82.298359,40.069234],[-82.301028,40.068779],[-82.308459,40.067521],[-82.315429,40.065865],[-82.315411,40.065333],[-82.318322,40.064629],[-82.336404,40.061837],[-82.339432,40.061781],[-82.338995,40.059607],[-82.339985,40.060615],[-82.342566,40.060684],[-82.343751,40.061591],[-82.345642,40.061767],[-82.347689,40.061195],[-82.350164,40.059295],[-82.350443,40.058383],[-82.348254,40.056629],[-82.348575,40.055108],[-82.350021,40.053982],[-82.352396,40.053283],[-82.362043,40.052588],[-82.370861,40.052611],[-82.374841,40.052773],[-82.380379,40.05243],[-82.38404,40.050717],[-82.387944,40.050724],[-82.38893,40.047801],[-82.391754,40.045957],[-82.392283,40.046182],[-82.393549,40.042931],[-82.392567,40.041421],[-82.393952,40.042825],[-82.393932,40.040636],[-82.40154,40.040647],[-82.413308,40.041589],[-82.418816,40.042093],[-82.426787,40.042288],[-82.432521,40.042845],[-82.43351,40.040519],[-82.436674,40.04069],[-82.442318,40.0415],[-82.44212,40.043736],[-82.468053,40.035565],[-82.473918,40.035806],[-82.474034,40.033714],[-82.479743,40.031939],[-82.480146,40.026589],[-82.48018,40.026073]]]}},{"type":"Feature","properties":{"zcta5":"43777","AFFGEOID10":"8600000US43777","GEOID10":"43777","ALAND10":137158835,"AWATER10":924229,"county_name":"Muskingum","state_code":"OH","county_state":"Muskingum County, OH","county_fips":"39119","risk_level_county":"Lower Risk (80–84% vaccinated)","mean_vaccination_rate_county":82.66,"risk_level_zcta":"Medium Risk (70–79% vaccinated)","mean_vaccination_rate_zips":75.21,"cases":40},"geometry":{"type":"Polygon","coordinates":[[[-82.141397,39.857194],[-82.141694,39.860627],[-82.144848,39.862894],[-82.145573,39.865444],[-82.150107,39.866183],[-82.155819,39.868332],[-82.159079,39.867803],[-82.163176,39.868327],[-82.165786,39.867507],[-82.165903,39.866219],[-82.169023,39.868091],[-82.170627,39.868228],[-82.173277,39.866422],[-82.177212,39.864917],[-82.178915,39.865714],[-82.178109,39.866477],[-82.179614,39.867543],[-82.181175,39.867345],[-82.183034,39.865533],[-82.184011,39.865654],[-82.184895,39.867081],[-82.186741,39.868339],[-82.187996,39.867993],[-82.190425,39.86584],[-82.191729,39.866543],[-82.194337,39.86629],[-82.195087,39.867041],[-82.20272,39.867278],[-82.205192,39.864493],[-82.205149,39.862862],[-82.202312,39.85921],[-82.202625,39.8582],[-82.204373,39.857998],[-82.203831,39.856823],[-82.192689,39.846558],[-82.18861,39.844391],[-82.186678,39.84397],[-82.186983,39.841215],[-82.184423,39.838817],[-82.179446,39.836508],[-82.179217,39.836114],[-82.185971,39.827491],[-82.188058,39.828789],[-82.188746,39.821671],[-82.174781,39.820989],[-82.174572,39.819452],[-82.172526,39.815092],[-82.179762,39.814782],[-82.182788,39.815633],[-82.186689,39.815774],[-82.187039,39.811462],[-82.180218,39.811026],[-82.174666,39.812348],[-82.172072,39.8123],[-82.168015,39.812784],[-82.166701,39.809983],[-82.166605,39.807214],[-82.167685,39.805001],[-82.165272,39.803583],[-82.162962,39.803711],[-82.160873,39.801816],[-82.157033,39.800653],[-82.156581,39.798849],[-82.151984,39.795233],[-82.149073,39.794144],[-82.147624,39.795156],[-82.146472,39.793565],[-82.146044,39.79011],[-82.150923,39.790351],[-82.150258,39.784917],[-82.148962,39.782551],[-82.150717,39.778883],[-82.151282,39.776547],[-82.152618,39.774873],[-82.148261,39.772571],[-82.144689,39.768594],[-82.141069,39.767262],[-82.114902,39.775141],[-82.115226,39.776313],[-82.112414,39.775332],[-82.111173,39.773742],[-82.109842,39.774464],[-82.109821,39.775121],[-82.113392,39.776922],[-82.115513,39.777433],[-82.117537,39.784772],[-82.113315,39.784959],[-82.110483,39.783699],[-82.103867,39.78331],[-82.103613,39.784491],[-82.097698,39.784508],[-82.098936,39.782047],[-82.097932,39.780832],[-82.094782,39.782625],[-82.090111,39.782437],[-82.089852,39.782649],[-82.088631,39.782476],[-82.092326,39.779025],[-82.090814,39.778959],[-82.089952,39.779602],[-82.086671,39.779454],[-82.086216,39.780871],[-82.084222,39.780526],[-82.084052,39.781278],[-82.082059,39.782267],[-82.080628,39.781976],[-82.078661,39.783154],[-82.078365,39.784846],[-82.078933,39.788024],[-82.076735,39.792874],[-82.075999,39.795952],[-82.074338,39.799001],[-82.076639,39.77096],[-82.022529,39.768168],[-82.022489,39.768149],[-82.023366,39.770078],[-82.023271,39.77258],[-82.021965,39.774444],[-82.019887,39.774317],[-82.018519,39.773547],[-82.013642,39.774137],[-82.010486,39.774885],[-82.010066,39.778221],[-82.004946,39.781513],[-82.003547,39.783879],[-82.00251,39.787071],[-81.998766,39.790185],[-81.996019,39.791049],[-81.991245,39.795719],[-81.985414,39.796916],[-81.984231,39.79824],[-81.986625,39.803181],[-81.987655,39.803972],[-81.987624,39.805599],[-81.986274,39.810466],[-81.986278,39.811859],[-81.986887,39.816021],[-81.984258,39.820569],[-81.984285,39.822493],[-81.985168,39.824553],[-81.987791,39.825008],[-81.987395,39.830389],[-81.987335,39.834368],[-81.989519,39.834377],[-81.990966,39.836035],[-81.990818,39.837078],[-81.992243,39.837506],[-81.995493,39.839443],[-81.997517,39.839651],[-82.000159,39.841035],[-82.003799,39.841882],[-82.009057,39.842582],[-82.013459,39.843235],[-82.015108,39.844003],[-82.019896,39.844042],[-82.020796,39.844714],[-82.023053,39.844694],[-82.023606,39.845798],[-82.023361,39.848163],[-82.024951,39.853024],[-82.024848,39.854167],[-82.027416,39.855262],[-82.030338,39.855681],[-82.030666,39.857221],[-82.033244,39.858856],[-82.035124,39.861836],[-82.03467,39.863655],[-82.035197,39.864708],[-82.041265,39.86298],[-82.043723,39.861416],[-82.044366,39.859954],[-82.044416,39.856477],[-82.046746,39.856087],[-82.049472,39.856587],[-82.052501,39.858603],[-82.052473,39.860892],[-82.048891,39.865486],[-82.048477,39.867298],[-82.047069,39.869378],[-82.046686,39.870851],[-82.04785,39.871486],[-82.052638,39.871877],[-82.056482,39.873931],[-82.057755,39.875678],[-82.061427,39.876506],[-82.061675,39.875141],[-82.063161,39.874503],[-82.063317,39.87247],[-82.063714,39.86771],[-82.065689,39.867815],[-82.065798,39.867342],[-82.065131,39.866036],[-82.063871,39.865859],[-82.063953,39.864914],[-82.064607,39.855575],[-82.06569,39.855282],[-82.066434,39.853118],[-82.087674,39.854036],[-82.089925,39.852398],[-82.092128,39.852996],[-82.093417,39.849559],[-82.093159,39.84501],[-82.086228,39.844661],[-82.086059,39.841869],[-82.093596,39.842052],[-82.093646,39.840283],[-82.099188,39.840319],[-82.102173,39.839841],[-82.10218,39.83845],[-82.10353,39.838459],[-82.103797,39.836898],[-82.107224,39.836366],[-82.110561,39.837069],[-82.113802,39.839136],[-82.117689,39.839539],[-82.121102,39.840599],[-82.120907,39.844741],[-82.120401,39.846806],[-82.123336,39.847778],[-82.124415,39.850792],[-82.1269,39.849604],[-82.126821,39.853233],[-82.129585,39.853014],[-82.139261,39.853495],[-82.146671,39.853858],[-82.145736,39.856197],[-82.149281,39.857272],[-82.141397,39.857194]],[[-82.023053,39.844694],[-82.023079,39.844631],[-82.026702,39.839518],[-82.032898,39.828699],[-82.034619,39.830446],[-82.033046,39.832061],[-82.034369,39.835109],[-82.033821,39.838873],[-82.03504,39.840836],[-82.030132,39.842846],[-82.027026,39.844833],[-82.02318,39.844717],[-82.023053,39.844694]]]}},{"type":"Feature","properties":{"zcta5":"43822","AFFGEOID10":"8600000US43822","GEOID10":"43822","ALAND10":227607480,"AWATER10":129560,"county_name":"Muskingum","state_code":"OH","county_state":"Muskingum County, OH","county_fips":"39119","risk_level_county":"Lower Risk (80–84% vaccinated)","mean_vaccination_rate_county":82.66,"risk_level_zcta":"Medium Risk (70–79% vaccinated)","mean_vaccination_rate_zips":74.87,"cases":40},"geometry":{"type":"MultiPolygon","coordinates":[[[[-82.272217,40.276236],[-82.267823,40.276433],[-82.267058,40.275192],[-82.266892,40.272697],[-82.268419,40.272457],[-82.26895,40.270958],[-82.273323,40.271536],[-82.274887,40.270339],[-82.274959,40.268763],[-82.276179,40.267544],[-82.280193,40.268298],[-82.28129,40.268133],[-82.281957,40.266673],[-82.281498,40.266058],[-82.281793,40.26373],[-82.280869,40.262653],[-82.280289,40.26011],[-82.280377,40.256206],[-82.277625,40.254223],[-82.275922,40.250406],[-82.27409,40.24977],[-82.270106,40.249253],[-82.268877,40.247579],[-82.26906,40.246313],[-82.268112,40.245447],[-82.264819,40.243886],[-82.26477,40.241116],[-82.263904,40.240168],[-82.252593,40.240129],[-82.253974,40.238435],[-82.253687,40.237289],[-82.251882,40.23745],[-82.25047,40.234962],[-82.250934,40.234125],[-82.253842,40.234028],[-82.25707,40.233464],[-82.26162,40.230919],[-82.264874,40.230705],[-82.267413,40.228712],[-82.269999,40.229946],[-82.273847,40.232298],[-82.277724,40.233966],[-82.28098,40.23378],[-82.281019,40.223463],[-82.28124,40.22269],[-82.281318,40.210106],[-82.259523,40.211474],[-82.259406,40.206458],[-82.260289,40.199445],[-82.268889,40.199407],[-82.266926,40.198824],[-82.262332,40.198788],[-82.262437,40.196376],[-82.265133,40.191739],[-82.263484,40.191727],[-82.253125,40.173241],[-82.253287,40.169388],[-82.242814,40.169039],[-82.242149,40.167868],[-82.241322,40.163363],[-82.241268,40.160065],[-82.234443,40.159306],[-82.230318,40.160095],[-82.227792,40.159773],[-82.226562,40.157857],[-82.222378,40.154881],[-82.220826,40.152936],[-82.218093,40.152984],[-82.216608,40.147691],[-82.218745,40.147558],[-82.217162,40.143596],[-82.215767,40.143888],[-82.214242,40.142143],[-82.212021,40.137975],[-82.207398,40.138638],[-82.200949,40.135558],[-82.199042,40.134108],[-82.197614,40.131385],[-82.194054,40.126476],[-82.189343,40.122133],[-82.190959,40.091144],[-82.188621,40.095277],[-82.175374,40.094969],[-82.174417,40.095787],[-82.17137,40.096177],[-82.169611,40.097445],[-82.169678,40.098964],[-82.175308,40.103786],[-82.150351,40.100423],[-82.153041,40.099964],[-82.154883,40.098735],[-82.158035,40.090667],[-82.158178,40.084689],[-82.157798,40.080234],[-82.139285,40.08274],[-82.135961,40.078177],[-82.134954,40.075934],[-82.133628,40.075905],[-82.133381,40.08042],[-82.131877,40.083756],[-82.123085,40.08493],[-82.115362,40.086353],[-82.115122,40.085054],[-82.116531,40.080548],[-82.115531,40.077095],[-82.117279,40.070452],[-82.118249,40.069357],[-82.119006,40.066368],[-82.118569,40.063887],[-82.117034,40.062589],[-82.114382,40.062578],[-82.1074,40.066498],[-82.103171,40.06951],[-82.1015,40.071207],[-82.097545,40.073539],[-82.093473,40.077649],[-82.092533,40.079096],[-82.09067,40.083825],[-82.088867,40.084406],[-82.088405,40.085376],[-82.088169,40.089556],[-82.093767,40.08973],[-82.093909,40.091609],[-82.090096,40.092578],[-82.089259,40.094718],[-82.089553,40.096343],[-82.096198,40.097575],[-82.095417,40.111711],[-82.093895,40.113715],[-82.09147,40.115224],[-82.090448,40.116526],[-82.090719,40.120374],[-82.089949,40.121368],[-82.085186,40.123442],[-82.083415,40.124903],[-82.078778,40.125881],[-82.075355,40.127748],[-82.071539,40.131437],[-82.069989,40.132034],[-82.061794,40.133929],[-82.054394,40.134991],[-82.04825,40.135513],[-82.048909,40.137039],[-82.038891,40.138946],[-82.038814,40.139825],[-82.041369,40.140471],[-82.042155,40.142074],[-82.039951,40.142081],[-82.039527,40.143513],[-82.037573,40.144198],[-82.039272,40.144568],[-82.039264,40.146804],[-82.037681,40.146086],[-82.037655,40.147924],[-82.039118,40.149621],[-82.036996,40.150305],[-82.036646,40.151601],[-82.037581,40.152678],[-82.04019,40.152479],[-82.057347,40.150147],[-82.066815,40.149552],[-82.070747,40.148692],[-82.075336,40.152833],[-82.077871,40.157564],[-82.0816,40.158521],[-82.08554,40.157885],[-82.086232,40.160986],[-82.087197,40.161705],[-82.093016,40.162337],[-82.092981,40.162579],[-82.092882,40.164093],[-82.091063,40.166487],[-82.089282,40.169961],[-82.092461,40.171373],[-82.091737,40.185893],[-82.08897,40.186571],[-82.088454,40.19401],[-82.090325,40.198494],[-82.091848,40.19939],[-82.100533,40.199624],[-82.100172,40.201828],[-82.101464,40.203198],[-82.102461,40.205944],[-82.101922,40.208817],[-82.100799,40.210878],[-82.118106,40.211408],[-82.117017,40.21987],[-82.117105,40.221739],[-82.118315,40.223545],[-82.118039,40.228629],[-82.124082,40.228857],[-82.125288,40.229685],[-82.128955,40.226867],[-82.131848,40.225498],[-82.136395,40.22544],[-82.138176,40.223228],[-82.140785,40.21856],[-82.143521,40.216516],[-82.146175,40.216387],[-82.159202,40.233351],[-82.161487,40.230479],[-82.164164,40.229618],[-82.164037,40.226567],[-82.165463,40.225752],[-82.167026,40.223134],[-82.170202,40.220453],[-82.172257,40.217319],[-82.179846,40.217626],[-82.180797,40.21996],[-82.179752,40.223849],[-82.183611,40.225891],[-82.182823,40.238624],[-82.195911,40.239071],[-82.195411,40.250908],[-82.199586,40.250754],[-82.198562,40.254996],[-82.19943,40.257016],[-82.20105,40.258834],[-82.201785,40.261432],[-82.203931,40.263977],[-82.205569,40.266864],[-82.207452,40.268419],[-82.209908,40.271506],[-82.2136,40.270875],[-82.217753,40.270773],[-82.21745,40.272355],[-82.219901,40.271297],[-82.223026,40.272383],[-82.223067,40.281154],[-82.225874,40.283409],[-82.232397,40.28646],[-82.235556,40.286949],[-82.242497,40.286979],[-82.255382,40.285993],[-82.259939,40.285131],[-82.268991,40.285403],[-82.278031,40.28476],[-82.28071,40.283536],[-82.278215,40.2814],[-82.275118,40.281305],[-82.273347,40.280498],[-82.271979,40.277988],[-82.272217,40.276236]],[[-82.223026,40.272383],[-82.223048,40.271457],[-82.22345,40.262063],[-82.226661,40.26414],[-82.2316,40.268832],[-82.232985,40.271187],[-82.233021,40.272606],[-82.232879,40.273089],[-82.228978,40.272513],[-82.223749,40.272408],[-82.223026,40.272383]]],[[[-82.285628,40.203112],[-82.285778,40.20001],[-82.281449,40.200114],[-82.268889,40.199407],[-82.273418,40.202301],[-82.276178,40.202477],[-82.283203,40.202457],[-82.284338,40.202924],[-82.285628,40.203112]]]]}},{"type":"Feature","properties":{"zcta5":"43762","AFFGEOID10":"8600000US43762","GEOID10":"43762","ALAND10":188077925,"AWATER10":182807,"county_name":"Muskingum","state_code":"OH","county_state":"Muskingum County, OH","county_fips":"39119","risk_level_county":"Lower Risk (80–84% vaccinated)","mean_vaccination_rate_county":82.66,"risk_level_zcta":"Higher Risk (60–69% vaccinated)","mean_vaccination_rate_zips":69.58,"cases":40},"geometry":{"type":"MultiPolygon","coordinates":[[[[-81.70023,39.99708],[-81.70014,39.99633],[-81.70041,39.99608],[-81.70118,39.99216],[-81.70077,39.99205],[-81.70078,39.99135],[-81.69951,39.99146],[-81.69921,39.99115],[-81.698477,39.991182],[-81.698781,39.991857],[-81.699237,39.99734],[-81.70023,39.99708]]],[[[-81.810176,40.141726],[-81.810475,40.135501],[-81.811606,40.134535],[-81.812268,40.131805],[-81.819689,40.129219],[-81.820751,40.128126],[-81.819489,40.125865],[-81.818306,40.122227],[-81.816613,40.120758],[-81.813119,40.120383],[-81.811618,40.121233],[-81.809124,40.121223],[-81.807711,40.121792],[-81.804306,40.12182],[-81.801698,40.122472],[-81.799609,40.122438],[-81.797716,40.121534],[-81.792738,40.117942],[-81.789269,40.116969],[-81.786265,40.115503],[-81.784427,40.113909],[-81.782503,40.113755],[-81.777934,40.110278],[-81.776031,40.110107],[-81.774387,40.109145],[-81.776384,40.105943],[-81.777724,40.105323],[-81.780739,40.1056],[-81.783342,40.104509],[-81.784306,40.103215],[-81.779869,40.100963],[-81.778247,40.097647],[-81.778245,40.095694],[-81.776277,40.095099],[-81.7755,40.094179],[-81.775969,40.09008],[-81.779409,40.089063],[-81.779288,40.086866],[-81.778104,40.08618],[-81.77841,40.084657],[-81.781336,40.084077],[-81.785137,40.083815],[-81.790772,40.079141],[-81.789731,40.076807],[-81.789961,40.072786],[-81.788498,40.073531],[-81.783549,40.073493],[-81.777151,40.072603],[-81.774867,40.073087],[-81.772847,40.072943],[-81.772925,40.072106],[-81.774562,40.070776],[-81.775222,40.064354],[-81.775952,40.062149],[-81.773482,40.057749],[-81.769283,40.053488],[-81.76802,40.049715],[-81.767472,40.044967],[-81.767999,40.043503],[-81.767416,40.040638],[-81.764746,40.039386],[-81.763323,40.037332],[-81.769725,40.036088],[-81.769888,40.032209],[-81.773271,40.03225],[-81.78933,40.011091],[-81.791025,40.008061],[-81.785739,40.007815],[-81.785751,40.006158],[-81.783313,40.004361],[-81.781108,40.003386],[-81.778028,39.999338],[-81.778039,39.996895],[-81.779,39.99523],[-81.781247,39.994421],[-81.782026,39.992889],[-81.781517,39.990794],[-81.781617,39.987505],[-81.781069,39.987016],[-81.780607,39.98649],[-81.780405,39.986053],[-81.780398,39.985727],[-81.780581,39.984696],[-81.780583,39.983977],[-81.78034,39.983209],[-81.779695,39.981826],[-81.77627,39.97584],[-81.775952,39.974209],[-81.772866,39.972733],[-81.767783,39.969811],[-81.765504,39.969792],[-81.766133,39.967786],[-81.765895,39.96609],[-81.766542,39.962954],[-81.766089,39.962158],[-81.763334,39.960461],[-81.769958,39.954351],[-81.771829,39.953578],[-81.77793,39.948344],[-81.777634,39.944578],[-81.776322,39.938904],[-81.778805,39.93666],[-81.778609,39.933765],[-81.774664,39.933612],[-81.775523,39.931534],[-81.776715,39.916318],[-81.77958,39.916911],[-81.782576,39.915251],[-81.789325,39.913932],[-81.792796,39.914937],[-81.796077,39.914806],[-81.798074,39.914196],[-81.800321,39.914405],[-81.802782,39.913527],[-81.805043,39.91345],[-81.805804,39.906872],[-81.801861,39.907523],[-81.798502,39.907508],[-81.79358,39.907933],[-81.792534,39.908706],[-81.789832,39.908549],[-81.782921,39.911433],[-81.779594,39.910606],[-81.775385,39.908662],[-81.7727,39.906504],[-81.76978,39.905862],[-81.767973,39.905909],[-81.763656,39.907078],[-81.761851,39.906478],[-81.757694,39.90671],[-81.748201,39.912667],[-81.744866,39.915361],[-81.742591,39.919402],[-81.739085,39.91638],[-81.735972,39.91282],[-81.733542,39.908134],[-81.730788,39.906692],[-81.728246,39.904532],[-81.724828,39.899924],[-81.721657,39.898871],[-81.717192,39.896562],[-81.715035,39.894294],[-81.714676,39.891195],[-81.715628,39.887637],[-81.712674,39.887448],[-81.708133,39.886029],[-81.705902,39.886751],[-81.704443,39.888268],[-81.697557,39.890221],[-81.697269,39.891116],[-81.694365,39.891327],[-81.696241,39.894133],[-81.698545,39.894357],[-81.704358,39.90148],[-81.706054,39.903942],[-81.710465,39.908803],[-81.711024,39.910237],[-81.714962,39.92313],[-81.718821,39.931242],[-81.716708,39.931369],[-81.698763,39.930975],[-81.698674,39.933698],[-81.699471,39.934702],[-81.69743,39.93697],[-81.69382,39.93729],[-81.678848,39.936111],[-81.67678,39.94134],[-81.67226,39.95399],[-81.673276,39.954142],[-81.675646,39.963888],[-81.665248,39.96819],[-81.66812,39.96815],[-81.67031,39.96922],[-81.67254,39.9696],[-81.6738,39.97148],[-81.67705,39.97284],[-81.6817,39.97337],[-81.684094,39.977952],[-81.683851,39.980792],[-81.68273,39.983714],[-81.679781,39.985801],[-81.679877,39.987147],[-81.67572,39.98959],[-81.677557,39.990794],[-81.680512,39.988678],[-81.68514,39.987522],[-81.688933,39.987914],[-81.700883,39.990575],[-81.70098,39.99072],[-81.70542,39.99353],[-81.70619,39.99427],[-81.70499,39.99424],[-81.702865,39.996389],[-81.70023,39.99708],[-81.703057,39.996433],[-81.707128,40.004957],[-81.711263,40.005078],[-81.703251,40.015529],[-81.694692,40.025567],[-81.695613,40.026027],[-81.701107,40.02589],[-81.703543,40.025093],[-81.705936,40.025884],[-81.708537,40.027893],[-81.713529,40.032741],[-81.716697,40.038699],[-81.71867,40.04104],[-81.71974,40.04332],[-81.71867,40.04499],[-81.71985,40.04524],[-81.71952,40.0499],[-81.71907,40.05218],[-81.71729,40.05248],[-81.71417,40.0519],[-81.7126,40.0524],[-81.71299,40.05408],[-81.71234,40.05734],[-81.712629,40.05988],[-81.717859,40.059328],[-81.719749,40.060176],[-81.721099,40.062636],[-81.720517,40.074096],[-81.713498,40.074895],[-81.713251,40.078678],[-81.696692,40.078318],[-81.691688,40.083047],[-81.691388,40.083003],[-81.688842,40.085376],[-81.688334,40.088697],[-81.68633,40.08931],[-81.68358,40.09316],[-81.68349,40.0968],[-81.684446,40.096863],[-81.684397,40.099139],[-81.689104,40.099131],[-81.689701,40.100331],[-81.693177,40.10316],[-81.694307,40.105225],[-81.696417,40.106707],[-81.696665,40.107947],[-81.699059,40.107923],[-81.699038,40.109683],[-81.702332,40.109652],[-81.702232,40.1154],[-81.70559,40.11903],[-81.706412,40.120454],[-81.710021,40.114505],[-81.715231,40.107822],[-81.718859,40.107825],[-81.716276,40.152166],[-81.716277,40.152854],[-81.776365,40.154168],[-81.777172,40.152633],[-81.781488,40.151542],[-81.784107,40.147066],[-81.786536,40.146567],[-81.788836,40.148412],[-81.791982,40.148168],[-81.794772,40.146865],[-81.796003,40.145443],[-81.796099,40.143811],[-81.797298,40.144109],[-81.80006,40.14635],[-81.801739,40.145937],[-81.801636,40.143259],[-81.803973,40.143075],[-81.806612,40.141494],[-81.810176,40.141726]]]]}},{"type":"Feature","properties":{"zcta5":"43746","AFFGEOID10":"8600000US43746","GEOID10":"43746","ALAND10":54447569,"AWATER10":43130,"county_name":"Muskingum","state_code":"OH","county_state":"Muskingum County, OH","county_fips":"39119","risk_level_county":"Lower Risk (80–84% vaccinated)","mean_vaccination_rate_county":82.66,"risk_level_zcta":"Medium Risk (70–79% vaccinated)","mean_vaccination_rate_zips":78.5,"cases":40},"geometry":{"type":"Polygon","coordinates":[[[-82.222272,39.948626],[-82.222424,39.94445],[-82.216502,39.944552],[-82.213059,39.943988],[-82.204621,39.941299],[-82.204735,39.938975],[-82.200735,39.939271],[-82.199461,39.939799],[-82.196275,39.936369],[-82.192815,39.935184],[-82.190071,39.933734],[-82.186795,39.930445],[-82.187537,39.926041],[-82.188557,39.924069],[-82.188129,39.922559],[-82.186745,39.921362],[-82.186936,39.919786],[-82.18312,39.921192],[-82.176534,39.924565],[-82.175059,39.92478],[-82.16873,39.924362],[-82.168487,39.922358],[-82.16738,39.923282],[-82.164172,39.924115],[-82.159629,39.924115],[-82.157519,39.923011],[-82.155393,39.922951],[-82.151235,39.925397],[-82.150316,39.926481],[-82.148454,39.926941],[-82.147645,39.930648],[-82.144077,39.936851],[-82.14069,39.938535],[-82.139872,39.945391],[-82.141494,39.949211],[-82.142511,39.94938],[-82.145348,39.951905],[-82.145659,39.952656],[-82.145452,39.956683],[-82.148702,39.957152],[-82.150738,39.957042],[-82.151878,39.959879],[-82.151469,39.964523],[-82.14777,39.967137],[-82.146371,39.96957],[-82.147031,39.971772],[-82.145919,39.974702],[-82.145056,39.978134],[-82.142997,39.981493],[-82.139402,39.985038],[-82.138949,39.986054],[-82.140143,39.990776],[-82.139549,39.994545],[-82.140813,39.999256],[-82.142602,40.003091],[-82.136157,40.002956],[-82.135296,40.004927],[-82.134072,40.006088],[-82.138748,40.008132],[-82.139147,40.00925],[-82.138768,40.015752],[-82.13967,40.018932],[-82.168394,40.019959],[-82.167343,40.016711],[-82.169418,40.015863],[-82.173607,40.015169],[-82.176243,40.015524],[-82.177652,40.015045],[-82.181431,40.015527],[-82.183245,40.016353],[-82.186591,40.014357],[-82.190542,40.013532],[-82.195103,40.010362],[-82.198389,40.007199],[-82.204132,39.999432],[-82.203764,39.997311],[-82.204014,39.993604],[-82.205755,39.990578],[-82.206252,39.983991],[-82.208893,39.983832],[-82.211648,39.982285],[-82.211711,39.978763],[-82.212734,39.975002],[-82.212259,39.969381],[-82.212861,39.96691],[-82.214281,39.956098],[-82.214813,39.9548],[-82.212069,39.952025],[-82.204722,39.953343],[-82.198562,39.955027],[-82.198772,39.95014],[-82.211921,39.950738],[-82.216283,39.949358],[-82.222272,39.948626]]]}},{"type":"Feature","properties":{"zcta5":"43760","AFFGEOID10":"8600000US43760","GEOID10":"43760","ALAND10":89791443,"AWATER10":153265,"county_name":"Muskingum","state_code":"OH","county_state":"Muskingum County, OH","county_fips":"39119","risk_level_county":"Lower Risk (80–84% vaccinated)","mean_vaccination_rate_county":82.66,"risk_level_zcta":"Medium Risk (70–79% vaccinated)","mean_vaccination_rate_zips":73.4,"cases":40},"geometry":{"type":"Polygon","coordinates":[[[-82.256277,39.97314],[-82.253147,39.951799],[-82.251393,39.948371],[-82.251187,39.94645],[-82.245798,39.946602],[-82.246239,39.949519],[-82.246117,39.951568],[-82.231695,39.951075],[-82.23168,39.947586],[-82.233735,39.920577],[-82.233974,39.91326],[-82.243579,39.913696],[-82.244345,39.903995],[-82.240283,39.900544],[-82.238342,39.896138],[-82.236673,39.894475],[-82.236406,39.891827],[-82.236681,39.891244],[-82.243867,39.891504],[-82.244385,39.888103],[-82.248007,39.885789],[-82.25121,39.886613],[-82.252157,39.872617],[-82.244981,39.877133],[-82.24119,39.878035],[-82.239079,39.877495],[-82.236885,39.876216],[-82.23684,39.875068],[-82.23782,39.86072],[-82.228635,39.86019],[-82.229069,39.854687],[-82.227809,39.852672],[-82.22996,39.84772],[-82.22913,39.845616],[-82.228485,39.83829],[-82.230221,39.835462],[-82.231805,39.834415],[-82.23867,39.831632],[-82.240525,39.830175],[-82.240988,39.824521],[-82.217999,39.823225],[-82.221582,39.821108],[-82.223324,39.819156],[-82.225383,39.814814],[-82.225518,39.813459],[-82.227794,39.813679],[-82.228305,39.809475],[-82.227763,39.803405],[-82.225208,39.801326],[-82.225895,39.802171],[-82.224928,39.805192],[-82.226024,39.805954],[-82.223868,39.807356],[-82.223228,39.80901],[-82.223656,39.810833],[-82.220295,39.811202],[-82.220057,39.812303],[-82.217533,39.812336],[-82.213748,39.813989],[-82.211729,39.814131],[-82.208362,39.812973],[-82.207594,39.813898],[-82.204657,39.815009],[-82.202252,39.817027],[-82.199824,39.820326],[-82.197565,39.822164],[-82.188746,39.821671],[-82.188058,39.828789],[-82.185971,39.827491],[-82.179217,39.836114],[-82.179446,39.836508],[-82.184423,39.838817],[-82.186983,39.841215],[-82.186678,39.84397],[-82.18861,39.844391],[-82.192689,39.846558],[-82.203831,39.856823],[-82.204373,39.857998],[-82.202625,39.8582],[-82.202312,39.85921],[-82.205149,39.862862],[-82.205192,39.864493],[-82.20272,39.867278],[-82.195087,39.867041],[-82.194337,39.86629],[-82.191729,39.866543],[-82.190425,39.86584],[-82.187996,39.867993],[-82.186741,39.868339],[-82.184895,39.867081],[-82.184011,39.865654],[-82.183034,39.865533],[-82.181175,39.867345],[-82.179614,39.867543],[-82.178109,39.866477],[-82.178915,39.865714],[-82.177212,39.864917],[-82.173277,39.866422],[-82.170627,39.868228],[-82.169023,39.868091],[-82.165903,39.866219],[-82.165786,39.867507],[-82.163176,39.868327],[-82.159079,39.867803],[-82.155819,39.868332],[-82.150107,39.866183],[-82.145573,39.865444],[-82.144848,39.862894],[-82.141694,39.860627],[-82.141397,39.857194],[-82.135141,39.856846],[-82.135195,39.855678],[-82.131644,39.855958],[-82.129381,39.856836],[-82.126549,39.855734],[-82.12565,39.855935],[-82.126333,39.861082],[-82.125967,39.862958],[-82.129243,39.863379],[-82.128341,39.873283],[-82.125186,39.873687],[-82.123421,39.872676],[-82.120982,39.872191],[-82.116947,39.872746],[-82.116207,39.876855],[-82.118404,39.87873],[-82.121815,39.879483],[-82.12409,39.881557],[-82.128267,39.882341],[-82.128852,39.882989],[-82.129529,39.886068],[-82.128921,39.887869],[-82.127622,39.889181],[-82.130544,39.891346],[-82.130535,39.893043],[-82.132543,39.896877],[-82.135718,39.897333],[-82.135493,39.900077],[-82.136603,39.901709],[-82.137025,39.903848],[-82.138623,39.905619],[-82.141138,39.905969],[-82.142167,39.907443],[-82.143839,39.908296],[-82.162372,39.909374],[-82.169636,39.90982],[-82.172346,39.913134],[-82.169985,39.913903],[-82.16808,39.918554],[-82.168487,39.922358],[-82.16873,39.924362],[-82.175059,39.92478],[-82.176534,39.924565],[-82.18312,39.921192],[-82.186936,39.919786],[-82.186745,39.921362],[-82.188129,39.922559],[-82.188557,39.924069],[-82.187537,39.926041],[-82.186795,39.930445],[-82.190071,39.933734],[-82.192815,39.935184],[-82.196275,39.936369],[-82.199461,39.939799],[-82.200735,39.939271],[-82.204735,39.938975],[-82.204621,39.941299],[-82.213059,39.943988],[-82.216502,39.944552],[-82.222424,39.94445],[-82.222272,39.948626],[-82.221638,39.950106],[-82.221957,39.95099],[-82.224175,39.951043],[-82.225828,39.951049],[-82.225037,39.954075],[-82.226522,39.956046],[-82.229149,39.957281],[-82.229433,39.960211],[-82.226549,39.959815],[-82.226219,39.965584],[-82.231476,39.965918],[-82.232632,39.969462],[-82.233494,39.970074],[-82.233247,39.972284],[-82.234306,39.975774],[-82.234386,39.979049],[-82.236444,39.98006],[-82.238701,39.982334],[-82.240028,39.980876],[-82.242401,39.98153],[-82.242692,39.979227],[-82.256277,39.97314]]]}},{"type":"Feature","properties":{"zcta5":"43720","AFFGEOID10":"8600000US43720","GEOID10":"43720","ALAND10":117578247,"AWATER10":1423365,"county_name":"Muskingum","state_code":"OH","county_state":"Muskingum County, OH","county_fips":"39119","risk_level_county":"Lower Risk (80–84% vaccinated)","mean_vaccination_rate_county":82.66,"risk_level_zcta":"Medium Risk (70–79% vaccinated)","mean_vaccination_rate_zips":73.65,"cases":40},"geometry":{"type":"Polygon","coordinates":[[[-81.986278,39.811859],[-81.986274,39.810466],[-81.987624,39.805599],[-81.987655,39.803972],[-81.986625,39.803181],[-81.984231,39.79824],[-81.985414,39.796916],[-81.991245,39.795719],[-81.996019,39.791049],[-81.998766,39.790185],[-82.00251,39.787071],[-82.003547,39.783879],[-82.004946,39.781513],[-82.010066,39.778221],[-82.010486,39.774885],[-82.013642,39.774137],[-82.018519,39.773547],[-82.019887,39.774317],[-82.021965,39.774444],[-82.023271,39.77258],[-82.023366,39.770078],[-82.022489,39.768149],[-82.020412,39.767995],[-82.020392,39.769059],[-81.996583,39.767852],[-81.936835,39.765095],[-81.92785,39.765108],[-81.770519,39.758497],[-81.767912,39.761762],[-81.765476,39.766115],[-81.762988,39.767966],[-81.760852,39.77236],[-81.758802,39.775251],[-81.757668,39.776166],[-81.754387,39.777072],[-81.753339,39.778219],[-81.749188,39.7789],[-81.749295,39.780985],[-81.748394,39.782886],[-81.745557,39.784718],[-81.739229,39.785534],[-81.736879,39.786736],[-81.736124,39.787999],[-81.736517,39.791576],[-81.73626,39.79242],[-81.734023,39.793439],[-81.731287,39.79567],[-81.738913,39.796076],[-81.744931,39.797242],[-81.747364,39.796402],[-81.751039,39.793999],[-81.753752,39.792875],[-81.760589,39.794435],[-81.762204,39.793358],[-81.767501,39.792763],[-81.77204,39.791678],[-81.774947,39.790225],[-81.777407,39.790382],[-81.78096,39.789649],[-81.783478,39.789721],[-81.786576,39.788911],[-81.786636,39.790793],[-81.787796,39.794226],[-81.788008,39.796138],[-81.785579,39.799081],[-81.784087,39.802142],[-81.781838,39.802703],[-81.78081,39.804165],[-81.775201,39.80781],[-81.771511,39.808167],[-81.771383,39.810163],[-81.775366,39.809871],[-81.777841,39.808576],[-81.785579,39.806448],[-81.790868,39.807435],[-81.793542,39.80889],[-81.795522,39.811347],[-81.795754,39.812395],[-81.797891,39.810314],[-81.79975,39.80715],[-81.801345,39.80597],[-81.802329,39.803641],[-81.80297,39.799049],[-81.803689,39.797803],[-81.802778,39.796248],[-81.802045,39.793359],[-81.803258,39.791488],[-81.805601,39.792096],[-81.807086,39.794046],[-81.80927,39.794764],[-81.809318,39.796384],[-81.811757,39.797711],[-81.811045,39.799363],[-81.810638,39.802169],[-81.809535,39.803581],[-81.809805,39.807134],[-81.810667,39.808079],[-81.809534,39.809628],[-81.809883,39.811825],[-81.809463,39.813901],[-81.808388,39.815417],[-81.807447,39.819146],[-81.810067,39.819324],[-81.81335,39.818226],[-81.815241,39.818756],[-81.823825,39.818914],[-81.824997,39.817775],[-81.828402,39.816439],[-81.830084,39.816252],[-81.832773,39.8174],[-81.837989,39.817291],[-81.841972,39.815161],[-81.844235,39.81693],[-81.847592,39.81755],[-81.848883,39.818503],[-81.853263,39.820481],[-81.855116,39.822341],[-81.857149,39.826163],[-81.857648,39.828928],[-81.857328,39.830953],[-81.858328,39.832044],[-81.858711,39.835123],[-81.857593,39.836345],[-81.861514,39.838592],[-81.866359,39.842864],[-81.867126,39.847774],[-81.866336,39.849377],[-81.867428,39.853017],[-81.870038,39.856885],[-81.86945,39.858855],[-81.868418,39.85978],[-81.866191,39.863941],[-81.864373,39.866537],[-81.863762,39.869202],[-81.868536,39.871461],[-81.870177,39.872553],[-81.874026,39.872765],[-81.87294,39.869641],[-81.874243,39.868668],[-81.878466,39.868347],[-81.879627,39.868726],[-81.880695,39.870506],[-81.880587,39.872077],[-81.879742,39.872804],[-81.884342,39.874162],[-81.888268,39.875899],[-81.891172,39.876033],[-81.895094,39.875409],[-81.896475,39.871693],[-81.896539,39.870327],[-81.898876,39.867873],[-81.897261,39.867612],[-81.899283,39.866658],[-81.900482,39.864596],[-81.902312,39.865726],[-81.90131,39.864303],[-81.90056,39.856568],[-81.900961,39.850975],[-81.900603,39.84527],[-81.898601,39.836678],[-81.896738,39.832305],[-81.890455,39.821914],[-81.890157,39.819864],[-81.892781,39.807024],[-81.89357,39.804027],[-81.894751,39.804335],[-81.895068,39.802916],[-81.896279,39.802619],[-81.900586,39.80343],[-81.902522,39.799431],[-81.905003,39.796188],[-81.908376,39.794788],[-81.910353,39.794681],[-81.91435,39.793631],[-81.91638,39.792588],[-81.923175,39.791445],[-81.924781,39.790014],[-81.92755,39.789969],[-81.929751,39.789405],[-81.932724,39.792607],[-81.938859,39.795749],[-81.940904,39.795597],[-81.94445,39.796541],[-81.947189,39.797865],[-81.949473,39.798267],[-81.953201,39.799699],[-81.954241,39.801248],[-81.957293,39.802157],[-81.958172,39.803024],[-81.964713,39.802068],[-81.966759,39.803256],[-81.969271,39.803649],[-81.971253,39.805379],[-81.973023,39.808054],[-81.974853,39.808462],[-81.979864,39.811663],[-81.986278,39.811859]]]}},{"type":"Feature","properties":{"zcta5":"43727","AFFGEOID10":"8600000US43727","GEOID10":"43727","ALAND10":194813480,"AWATER10":1445475,"county_name":"Muskingum","state_code":"OH","county_state":"Muskingum County, OH","county_fips":"39119","risk_level_county":"Lower Risk (80–84% vaccinated)","mean_vaccination_rate_county":82.66,"risk_level_zcta":"Medium Risk (70–79% vaccinated)","mean_vaccination_rate_zips":75.19,"cases":40},"geometry":{"type":"Polygon","coordinates":[[[-81.841947,39.936026],[-81.872592,39.937062],[-81.874942,39.936741],[-81.897758,39.937818],[-81.898069,39.933034],[-81.902565,39.931415],[-81.903237,39.928163],[-81.904614,39.926538],[-81.904037,39.925719],[-81.906129,39.922254],[-81.906657,39.92042],[-81.904375,39.919337],[-81.904154,39.918321],[-81.90443,39.916676],[-81.905472,39.916508],[-81.906775,39.91441],[-81.906556,39.91282],[-81.905378,39.911613],[-81.906706,39.909723],[-81.905586,39.907551],[-81.90526,39.904355],[-81.902864,39.903234],[-81.902223,39.901921],[-81.902944,39.900938],[-81.901813,39.899181],[-81.900206,39.89953],[-81.900439,39.896101],[-81.89828,39.896078],[-81.896167,39.89412],[-81.896317,39.892912],[-81.894129,39.89195],[-81.891384,39.891394],[-81.888275,39.892503],[-81.887475,39.894018],[-81.886141,39.894495],[-81.884103,39.893588],[-81.885588,39.891394],[-81.882237,39.88969],[-81.877976,39.888231],[-81.874779,39.887859],[-81.873983,39.882847],[-81.875002,39.881458],[-81.876794,39.873587],[-81.877234,39.872721],[-81.879742,39.872804],[-81.880587,39.872077],[-81.880695,39.870506],[-81.879627,39.868726],[-81.878466,39.868347],[-81.874243,39.868668],[-81.87294,39.869641],[-81.874026,39.872765],[-81.870177,39.872553],[-81.868536,39.871461],[-81.863762,39.869202],[-81.864373,39.866537],[-81.866191,39.863941],[-81.868418,39.85978],[-81.86945,39.858855],[-81.870038,39.856885],[-81.867428,39.853017],[-81.866336,39.849377],[-81.867126,39.847774],[-81.866359,39.842864],[-81.861514,39.838592],[-81.857593,39.836345],[-81.858711,39.835123],[-81.858328,39.832044],[-81.857328,39.830953],[-81.857648,39.828928],[-81.857149,39.826163],[-81.855116,39.822341],[-81.853263,39.820481],[-81.848883,39.818503],[-81.847592,39.81755],[-81.844235,39.81693],[-81.841972,39.815161],[-81.837989,39.817291],[-81.832773,39.8174],[-81.830084,39.816252],[-81.828402,39.816439],[-81.824997,39.817775],[-81.823825,39.818914],[-81.815241,39.818756],[-81.81335,39.818226],[-81.810067,39.819324],[-81.807447,39.819146],[-81.808388,39.815417],[-81.809463,39.813901],[-81.809883,39.811825],[-81.809534,39.809628],[-81.810667,39.808079],[-81.809805,39.807134],[-81.809535,39.803581],[-81.810638,39.802169],[-81.811045,39.799363],[-81.811757,39.797711],[-81.809318,39.796384],[-81.80927,39.794764],[-81.807086,39.794046],[-81.805601,39.792096],[-81.803258,39.791488],[-81.802045,39.793359],[-81.802778,39.796248],[-81.803689,39.797803],[-81.80297,39.799049],[-81.802329,39.803641],[-81.801345,39.80597],[-81.79975,39.80715],[-81.797891,39.810314],[-81.795754,39.812395],[-81.795522,39.811347],[-81.793542,39.80889],[-81.790868,39.807435],[-81.785579,39.806448],[-81.777841,39.808576],[-81.775366,39.809871],[-81.771383,39.810163],[-81.771511,39.808167],[-81.775201,39.80781],[-81.78081,39.804165],[-81.781838,39.802703],[-81.784087,39.802142],[-81.785579,39.799081],[-81.788008,39.796138],[-81.787796,39.794226],[-81.786636,39.790793],[-81.786576,39.788911],[-81.783478,39.789721],[-81.78096,39.789649],[-81.777407,39.790382],[-81.774947,39.790225],[-81.77204,39.791678],[-81.767501,39.792763],[-81.762204,39.793358],[-81.760589,39.794435],[-81.753752,39.792875],[-81.751039,39.793999],[-81.747364,39.796402],[-81.744931,39.797242],[-81.738913,39.796076],[-81.731287,39.79567],[-81.731136,39.796542],[-81.733199,39.798643],[-81.729136,39.802808],[-81.727432,39.804022],[-81.707069,39.814198],[-81.706491,39.814578],[-81.705997,39.817015],[-81.704708,39.819437],[-81.703355,39.820711],[-81.705096,39.824924],[-81.703856,39.826998],[-81.703244,39.829962],[-81.701527,39.831543],[-81.697766,39.832751],[-81.696213,39.834372],[-81.69441,39.835131],[-81.694146,39.842636],[-81.694126,39.853514],[-81.69371,39.854021],[-81.692454,39.890416],[-81.692876,39.8909],[-81.694365,39.891327],[-81.697269,39.891116],[-81.697557,39.890221],[-81.704443,39.888268],[-81.705902,39.886751],[-81.708133,39.886029],[-81.712674,39.887448],[-81.715628,39.887637],[-81.714676,39.891195],[-81.715035,39.894294],[-81.717192,39.896562],[-81.721657,39.898871],[-81.724828,39.899924],[-81.728246,39.904532],[-81.730788,39.906692],[-81.733542,39.908134],[-81.735972,39.91282],[-81.739085,39.91638],[-81.742591,39.919402],[-81.744866,39.915361],[-81.748201,39.912667],[-81.757694,39.90671],[-81.761851,39.906478],[-81.763656,39.907078],[-81.767973,39.905909],[-81.76978,39.905862],[-81.7727,39.906504],[-81.775385,39.908662],[-81.779594,39.910606],[-81.782921,39.911433],[-81.789832,39.908549],[-81.792534,39.908706],[-81.79358,39.907933],[-81.798502,39.907508],[-81.801861,39.907523],[-81.805804,39.906872],[-81.805043,39.91345],[-81.802782,39.913527],[-81.800321,39.914405],[-81.798074,39.914196],[-81.796077,39.914806],[-81.792796,39.914937],[-81.789325,39.913932],[-81.782576,39.915251],[-81.77958,39.916911],[-81.776715,39.916318],[-81.775523,39.931534],[-81.774664,39.933612],[-81.778609,39.933765],[-81.804106,39.934746],[-81.804421,39.929607],[-81.807974,39.927184],[-81.815179,39.926971],[-81.817575,39.927809],[-81.820885,39.927925],[-81.825277,39.927566],[-81.826792,39.935545],[-81.841947,39.936026]]]}},{"type":"Feature","properties":{"zcta5":"43732","AFFGEOID10":"8600000US43732","GEOID10":"43732","ALAND10":192360947,"AWATER10":2400333,"county_name":"Muskingum","state_code":"OH","county_state":"Muskingum County, OH","county_fips":"39119","risk_level_county":"Lower Risk (80–84% vaccinated)","mean_vaccination_rate_county":82.66,"risk_level_zcta":"Lower Risk (80–84% vaccinated)","mean_vaccination_rate_zips":82.14,"cases":40},"geometry":{"type":"Polygon","coordinates":[[[-81.731287,39.79567],[-81.734023,39.793439],[-81.73626,39.79242],[-81.736517,39.791576],[-81.736124,39.787999],[-81.736879,39.786736],[-81.739229,39.785534],[-81.745557,39.784718],[-81.748394,39.782886],[-81.749295,39.780985],[-81.749188,39.7789],[-81.753339,39.778219],[-81.754387,39.777072],[-81.757668,39.776166],[-81.758802,39.775251],[-81.760852,39.77236],[-81.762988,39.767966],[-81.765476,39.766115],[-81.767912,39.761762],[-81.770519,39.758497],[-81.749853,39.757619],[-81.697442,39.755572],[-81.696892,39.772716],[-81.693756,39.772265],[-81.692273,39.770434],[-81.68996,39.769359],[-81.686579,39.769038],[-81.685275,39.767345],[-81.682191,39.76659],[-81.680026,39.765285],[-81.678188,39.762195],[-81.674956,39.758977],[-81.672731,39.758159],[-81.670941,39.759867],[-81.665423,39.76281],[-81.657925,39.764112],[-81.654184,39.765047],[-81.649835,39.767817],[-81.645165,39.769621],[-81.644539,39.770466],[-81.64518,39.772321],[-81.642923,39.773264],[-81.636635,39.773742],[-81.634855,39.775229],[-81.634379,39.776396],[-81.634436,39.780378],[-81.63541,39.78571],[-81.635319,39.789464],[-81.633686,39.790676],[-81.633002,39.792644],[-81.63401,39.794429],[-81.63211,39.796099],[-81.62982,39.795202],[-81.629075,39.792001],[-81.62013,39.786027],[-81.622474,39.790649],[-81.617638,39.787607],[-81.616838,39.791749],[-81.61383,39.794288],[-81.613243,39.797897],[-81.61115,39.798875],[-81.607964,39.799585],[-81.605412,39.801339],[-81.604294,39.802954],[-81.600543,39.803138],[-81.600398,39.809398],[-81.594965,39.807859],[-81.59236,39.806799],[-81.588936,39.807548],[-81.58607,39.809356],[-81.582904,39.809926],[-81.580169,39.8092],[-81.576177,39.809436],[-81.578214,39.810666],[-81.578293,39.813473],[-81.576734,39.815615],[-81.574896,39.815928],[-81.574198,39.81751],[-81.575409,39.817856],[-81.576044,39.819317],[-81.57489,39.822415],[-81.576059,39.823673],[-81.578053,39.824051],[-81.577811,39.82621],[-81.576871,39.827578],[-81.575387,39.828168],[-81.574471,39.829459],[-81.573945,39.831953],[-81.576047,39.832059],[-81.57567,39.837618],[-81.580935,39.839146],[-81.580313,39.839104],[-81.580063,39.849868],[-81.576733,39.847416],[-81.576092,39.845906],[-81.574563,39.844331],[-81.57516,39.839074],[-81.548185,39.838237],[-81.548525,39.837116],[-81.551252,39.833894],[-81.551374,39.83247],[-81.548394,39.8325],[-81.547215,39.831998],[-81.543837,39.838143],[-81.543698,39.840513],[-81.544757,39.851205],[-81.54479,39.852874],[-81.546597,39.853169],[-81.552724,39.859408],[-81.554372,39.860736],[-81.556178,39.863829],[-81.560417,39.865386],[-81.562209,39.86884],[-81.56296,39.872656],[-81.566183,39.871136],[-81.567852,39.87102],[-81.570313,39.869489],[-81.573139,39.869126],[-81.576937,39.869941],[-81.579373,39.871047],[-81.578624,39.896449],[-81.58249,39.89613],[-81.588731,39.89315],[-81.589677,39.893691],[-81.58909,39.89798],[-81.59017,39.90145],[-81.59265,39.90189],[-81.59263,39.90427],[-81.594651,39.908046],[-81.599044,39.91202],[-81.600993,39.913422],[-81.60102,39.91572],[-81.60436,39.91819],[-81.60492,39.91993],[-81.60855,39.92461],[-81.61043,39.92856],[-81.61065,39.93185],[-81.611414,39.935291],[-81.615691,39.936007],[-81.61594,39.928217],[-81.634103,39.928864],[-81.6344,39.92977],[-81.63446,39.93436],[-81.63575,39.93368],[-81.64143,39.93386],[-81.64379,39.93273],[-81.6507,39.93179],[-81.65265,39.93228],[-81.65734,39.93478],[-81.65807,39.93289],[-81.660194,39.929721],[-81.679536,39.930307],[-81.678848,39.936111],[-81.69382,39.93729],[-81.69743,39.93697],[-81.699471,39.934702],[-81.698674,39.933698],[-81.698763,39.930975],[-81.716708,39.931369],[-81.718821,39.931242],[-81.714962,39.92313],[-81.711024,39.910237],[-81.710465,39.908803],[-81.706054,39.903942],[-81.704358,39.90148],[-81.698545,39.894357],[-81.696241,39.894133],[-81.694365,39.891327],[-81.692876,39.8909],[-81.692454,39.890416],[-81.69371,39.854021],[-81.694126,39.853514],[-81.694146,39.842636],[-81.69441,39.835131],[-81.696213,39.834372],[-81.697766,39.832751],[-81.701527,39.831543],[-81.703244,39.829962],[-81.703856,39.826998],[-81.705096,39.824924],[-81.703355,39.820711],[-81.704708,39.819437],[-81.705997,39.817015],[-81.706491,39.814578],[-81.707069,39.814198],[-81.727432,39.804022],[-81.729136,39.802808],[-81.733199,39.798643],[-81.731136,39.796542],[-81.731287,39.79567]],[[-81.600398,39.809398],[-81.601893,39.809835],[-81.60397,39.810443],[-81.606917,39.813832],[-81.614293,39.815561],[-81.626094,39.817533],[-81.631699,39.819485],[-81.634764,39.82321],[-81.637248,39.824039],[-81.635364,39.827915],[-81.632298,39.827163],[-81.625457,39.827189],[-81.620001,39.82551],[-81.619268,39.82718],[-81.6151,39.826571],[-81.612457,39.826941],[-81.610505,39.825422],[-81.599778,39.825171],[-81.599609,39.829704],[-81.594039,39.82825],[-81.592029,39.825004],[-81.592597,39.819989],[-81.593778,39.817787],[-81.598143,39.815819],[-81.600279,39.812352],[-81.600378,39.809845],[-81.600398,39.809398]]]}},{"type":"Feature","properties":{"zcta5":"43771","AFFGEOID10":"8600000US43771","GEOID10":"43771","ALAND10":64572823,"AWATER10":1317512,"county_name":"Muskingum","state_code":"OH","county_state":"Muskingum County, OH","county_fips":"39119","risk_level_county":"Lower Risk (80–84% vaccinated)","mean_vaccination_rate_county":82.66,"risk_level_zcta":"Lowest Risk (85%+)","mean_vaccination_rate_zips":89.95,"cases":40},"geometry":{"type":"Polygon","coordinates":[[[-81.927361,39.872869],[-81.932306,39.872778],[-81.941757,39.871704],[-81.949114,39.871374],[-81.954003,39.871535],[-81.958572,39.872509],[-81.972893,39.877107],[-81.985577,39.88307],[-81.990657,39.886865],[-81.99167,39.887742],[-81.995353,39.891228],[-81.998921,39.895262],[-82.000995,39.89925],[-82.002777,39.904272],[-82.002028,39.900145],[-82.00117,39.897463],[-81.999334,39.89435],[-81.992889,39.886932],[-81.989916,39.883999],[-81.988329,39.883743],[-81.984556,39.88151],[-81.982239,39.880542],[-81.979821,39.879124],[-81.975634,39.877289],[-81.974908,39.876554],[-81.978721,39.87186],[-81.979168,39.869372],[-81.980928,39.867646],[-81.983024,39.868975],[-81.984435,39.868458],[-81.986039,39.868792],[-81.986644,39.867545],[-81.984197,39.864289],[-81.986826,39.863887],[-81.98252,39.860693],[-81.981192,39.858019],[-81.984427,39.856463],[-81.985147,39.855675],[-81.985663,39.859194],[-81.987338,39.862651],[-81.987498,39.864795],[-81.991263,39.866397],[-81.993358,39.865836],[-81.995196,39.86676],[-81.999826,39.868003],[-82.006117,39.866349],[-82.013051,39.857422],[-82.013235,39.854892],[-82.010712,39.853571],[-82.006816,39.854551],[-81.997299,39.851341],[-81.994335,39.849532],[-81.994857,39.847396],[-81.993471,39.845916],[-81.990407,39.844563],[-81.987096,39.841953],[-81.984228,39.843469],[-81.985219,39.84157],[-81.989566,39.839589],[-81.990818,39.837078],[-81.990966,39.836035],[-81.989519,39.834377],[-81.987335,39.834368],[-81.987395,39.830389],[-81.987791,39.825008],[-81.985168,39.824553],[-81.984285,39.822493],[-81.984258,39.820569],[-81.986887,39.816021],[-81.986278,39.811859],[-81.979864,39.811663],[-81.974853,39.808462],[-81.973023,39.808054],[-81.971253,39.805379],[-81.969271,39.803649],[-81.966759,39.803256],[-81.964713,39.802068],[-81.958172,39.803024],[-81.957293,39.802157],[-81.954241,39.801248],[-81.953201,39.799699],[-81.949473,39.798267],[-81.947189,39.797865],[-81.94445,39.796541],[-81.940904,39.795597],[-81.938859,39.795749],[-81.932724,39.792607],[-81.929751,39.789405],[-81.92755,39.789969],[-81.924781,39.790014],[-81.923175,39.791445],[-81.91638,39.792588],[-81.91435,39.793631],[-81.910353,39.794681],[-81.908376,39.794788],[-81.905003,39.796188],[-81.902522,39.799431],[-81.900586,39.80343],[-81.896279,39.802619],[-81.895068,39.802916],[-81.894751,39.804335],[-81.89357,39.804027],[-81.892781,39.807024],[-81.890157,39.819864],[-81.890455,39.821914],[-81.896738,39.832305],[-81.898601,39.836678],[-81.900603,39.84527],[-81.900961,39.850975],[-81.90056,39.856568],[-81.90131,39.864303],[-81.902312,39.865726],[-81.903334,39.866548],[-81.908655,39.868886],[-81.920953,39.872159],[-81.925421,39.872866],[-81.927361,39.872869]]]}},{"type":"Feature","properties":{"zcta5":"43738","AFFGEOID10":"8600000US43738","GEOID10":"43738","ALAND10":364927,"AWATER10":0,"county_name":"Muskingum","state_code":"OH","county_state":"Muskingum County, OH","county_fips":"39119","risk_level_county":"Lower Risk (80–84% vaccinated)","mean_vaccination_rate_county":82.66,"risk_level_zcta":"Medium Risk (70–79% vaccinated)","mean_vaccination_rate_zips":79.43,"cases":40},"geometry":{"type":"Polygon","coordinates":[[[-82.141397,39.857194],[-82.149281,39.857272],[-82.145736,39.856197],[-82.146671,39.853858],[-82.139261,39.853495],[-82.135265,39.854015],[-82.135195,39.855678],[-82.135141,39.856846],[-82.141397,39.857194]]]}},{"type":"Feature","properties":{"zcta5":"43734","AFFGEOID10":"8600000US43734","GEOID10":"43734","ALAND10":9894524,"AWATER10":199768,"county_name":"Muskingum","state_code":"OH","county_state":"Muskingum County, OH","county_fips":"39119","risk_level_county":"Lower Risk (80–84% vaccinated)","mean_vaccination_rate_county":82.66,"risk_level_zcta":"Lower Risk (80–84% vaccinated)","mean_vaccination_rate_zips":83.8,"cases":40},"geometry":{"type":"Polygon","coordinates":[[[-81.900439,39.896101],[-81.901823,39.896038],[-81.902765,39.897454],[-81.910903,39.898188],[-81.912314,39.899348],[-81.918597,39.900258],[-81.919312,39.901233],[-81.920618,39.899819],[-81.920751,39.898259],[-81.919523,39.895975],[-81.92089,39.873901],[-81.929183,39.874176],[-81.927359,39.873956],[-81.927361,39.872869],[-81.925421,39.872866],[-81.920953,39.872159],[-81.908655,39.868886],[-81.903334,39.866548],[-81.902312,39.865726],[-81.900482,39.864596],[-81.899283,39.866658],[-81.897261,39.867612],[-81.898876,39.867873],[-81.896539,39.870327],[-81.896475,39.871693],[-81.895094,39.875409],[-81.891172,39.876033],[-81.888268,39.875899],[-81.884342,39.874162],[-81.879742,39.872804],[-81.877234,39.872721],[-81.876794,39.873587],[-81.875002,39.881458],[-81.873983,39.882847],[-81.874779,39.887859],[-81.877976,39.888231],[-81.882237,39.88969],[-81.885588,39.891394],[-81.884103,39.893588],[-81.886141,39.894495],[-81.887475,39.894018],[-81.888275,39.892503],[-81.891384,39.891394],[-81.894129,39.89195],[-81.896317,39.892912],[-81.896167,39.89412],[-81.89828,39.896078],[-81.900439,39.896101]]]}},{"type":"Feature","properties":{"zcta5":"43802","AFFGEOID10":"8600000US43802","GEOID10":"43802","ALAND10":97543327,"AWATER10":713406,"county_name":"Muskingum","state_code":"OH","county_state":"Muskingum County, OH","county_fips":"39119","risk_level_county":"Lower Risk (80–84% vaccinated)","mean_vaccination_rate_county":82.66,"risk_level_zcta":"Higher Risk (60–69% vaccinated)","mean_vaccination_rate_zips":69.16,"cases":40},"geometry":{"type":"Polygon","coordinates":[[[-81.869809,40.156964],[-81.8713,40.155669],[-81.872716,40.153021],[-81.872467,40.150563],[-81.871255,40.147054],[-81.871299,40.144348],[-81.874406,40.143034],[-81.878945,40.139731],[-81.880086,40.137476],[-81.882254,40.135287],[-81.88447,40.134705],[-81.887515,40.135342],[-81.890128,40.134664],[-81.893451,40.131483],[-81.901371,40.126642],[-81.906497,40.124192],[-81.907956,40.119778],[-81.911721,40.114154],[-81.912415,40.112491],[-81.913132,40.107757],[-81.913731,40.106619],[-81.91593,40.106796],[-81.915644,40.10523],[-81.916568,40.100568],[-81.916489,40.098252],[-81.918725,40.095737],[-81.917649,40.09453],[-81.918108,40.090476],[-81.918033,40.087006],[-81.916601,40.083229],[-81.916564,40.07809],[-81.91597,40.076932],[-81.911413,40.077129],[-81.910489,40.076761],[-81.908913,40.074193],[-81.910287,40.050475],[-81.899737,40.048644],[-81.896856,40.048533],[-81.899637,40.046485],[-81.901469,40.044331],[-81.901998,40.035255],[-81.9006,40.034018],[-81.898547,40.033377],[-81.897671,40.033865],[-81.894861,40.031634],[-81.894219,40.029551],[-81.889421,40.029032],[-81.885442,40.029941],[-81.884562,40.030837],[-81.883685,40.02984],[-81.878154,40.029597],[-81.876299,40.031924],[-81.87585,40.033741],[-81.873317,40.03469],[-81.87263,40.0467],[-81.872135,40.049732],[-81.865743,40.049848],[-81.859689,40.049615],[-81.857809,40.047952],[-81.860231,40.048062],[-81.862417,40.04755],[-81.864246,40.046418],[-81.866276,40.047834],[-81.867833,40.045894],[-81.868024,40.044197],[-81.870446,40.043059],[-81.870394,40.041329],[-81.868579,40.041357],[-81.867735,40.039864],[-81.866013,40.039936],[-81.862121,40.033853],[-81.86487,40.031814],[-81.862292,40.032568],[-81.858376,40.031822],[-81.85476,40.029951],[-81.851531,40.03026],[-81.849867,40.03093],[-81.84793,40.030343],[-81.843286,40.030367],[-81.841133,40.029803],[-81.841512,40.031148],[-81.840939,40.033193],[-81.839919,40.034651],[-81.838672,40.041404],[-81.839449,40.045036],[-81.839024,40.045538],[-81.835009,40.047289],[-81.8298,40.047871],[-81.825378,40.050184],[-81.824747,40.055613],[-81.8263,40.055834],[-81.828928,40.057489],[-81.832502,40.057527],[-81.835793,40.058374],[-81.837969,40.060447],[-81.840317,40.061875],[-81.842875,40.06454],[-81.843277,40.065736],[-81.85072,40.069173],[-81.851451,40.070464],[-81.849263,40.071461],[-81.844993,40.072267],[-81.841294,40.075468],[-81.837449,40.081729],[-81.835203,40.083292],[-81.813677,40.082699],[-81.813094,40.092013],[-81.810815,40.092059],[-81.80912,40.093443],[-81.804922,40.093729],[-81.805683,40.095239],[-81.802873,40.098089],[-81.801212,40.101291],[-81.800096,40.102001],[-81.797267,40.102478],[-81.793767,40.101814],[-81.788614,40.10164],[-81.785863,40.102223],[-81.784306,40.103215],[-81.783342,40.104509],[-81.780739,40.1056],[-81.777724,40.105323],[-81.776384,40.105943],[-81.774387,40.109145],[-81.776031,40.110107],[-81.777934,40.110278],[-81.782503,40.113755],[-81.784427,40.113909],[-81.786265,40.115503],[-81.789269,40.116969],[-81.792738,40.117942],[-81.797716,40.121534],[-81.799609,40.122438],[-81.801698,40.122472],[-81.804306,40.12182],[-81.807711,40.121792],[-81.809124,40.121223],[-81.811618,40.121233],[-81.813119,40.120383],[-81.816613,40.120758],[-81.818306,40.122227],[-81.819489,40.125865],[-81.820751,40.128126],[-81.819689,40.129219],[-81.812268,40.131805],[-81.811606,40.134535],[-81.810475,40.135501],[-81.810176,40.141726],[-81.809915,40.147185],[-81.828756,40.147318],[-81.82883,40.150021],[-81.824883,40.150934],[-81.821297,40.153137],[-81.812393,40.155277],[-81.869809,40.156964]]]}}]}