{"type":"FeatureCollection","features":[{"type":"Feature","properties":{"zcta5":"71447","AFFGEOID10":"8600000US71447","GEOID10":"71447","ALAND10":390130504,"AWATER10":27716507,"county_name":"Natchitoches","state_code":"LA","county_state":"Natchitoches County, LA","county_fips":"22069","risk_level_county":"Higher Risk (60–69% vaccinated)","mean_vaccination_rate_county":61.82,"risk_level_zcta":"Medium Risk (70–79% vaccinated)","mean_vaccination_rate_zips":76.19,"cases":3},"geometry":{"type":"Polygon","coordinates":[[[-92.840947,31.601233],[-92.841072,31.59893],[-92.837677,31.597757],[-92.833942,31.59794],[-92.828933,31.597438],[-92.824564,31.596274],[-92.813924,31.596221],[-92.811829,31.595142],[-92.808881,31.595097],[-92.806174,31.594361],[-92.803587,31.591977],[-92.802058,31.589196],[-92.79968,31.585984],[-92.793958,31.580567],[-92.787122,31.576196],[-92.782656,31.571543],[-92.783186,31.570697],[-92.784965,31.570824],[-92.791101,31.569731],[-92.795213,31.567812],[-92.796253,31.569682],[-92.802099,31.571431],[-92.80391,31.569996],[-92.806011,31.569435],[-92.807848,31.570112],[-92.80712,31.567936],[-92.807015,31.558],[-92.809945,31.560308],[-92.811342,31.55957],[-92.813481,31.560053],[-92.817213,31.558247],[-92.823106,31.557834],[-92.825197,31.557189],[-92.828709,31.555445],[-92.830613,31.554325],[-92.830702,31.552086],[-92.828364,31.548759],[-92.827894,31.54657],[-92.828517,31.54591],[-92.832878,31.545293],[-92.837136,31.54427],[-92.839756,31.544572],[-92.840323,31.543524],[-92.857789,31.527133],[-92.851768,31.52262],[-92.85104,31.521847],[-92.848295,31.521913],[-92.845244,31.518597],[-92.843642,31.517427],[-92.846615,31.514846],[-92.832708,31.491365],[-92.835645,31.490066],[-92.83734,31.490115],[-92.843349,31.494046],[-92.848452,31.49515],[-92.852214,31.494764],[-92.85405,31.495671],[-92.855242,31.495446],[-92.848157,31.493016],[-92.848464,31.492098],[-92.851236,31.490232],[-92.851845,31.487515],[-92.86135,31.494561],[-92.857978,31.497883],[-92.852527,31.499998],[-92.853188,31.504439],[-92.850942,31.508333],[-92.846668,31.512872],[-92.847934,31.515215],[-92.851543,31.517112],[-92.856654,31.518518],[-92.860494,31.518269],[-92.863357,31.517377],[-92.866097,31.515511],[-92.870147,31.512149],[-92.87028,31.509921],[-92.869129,31.506968],[-92.869732,31.505576],[-92.872371,31.50596],[-92.874297,31.50204],[-92.923427,31.521732],[-92.924632,31.518102],[-92.927299,31.516498],[-92.929298,31.513326],[-92.927316,31.510791],[-92.9274,31.507568],[-92.926084,31.507007],[-92.924813,31.505087],[-92.922547,31.504592],[-92.919755,31.502705],[-92.918651,31.500802],[-92.918542,31.498459],[-92.917368,31.497249],[-92.918588,31.494477],[-92.914095,31.491561],[-92.916349,31.488162],[-92.917479,31.485693],[-92.917499,31.484417],[-92.919681,31.482272],[-92.9216,31.482091],[-92.924502,31.48021],[-92.926453,31.479512],[-92.928853,31.476993],[-92.929149,31.474474],[-92.930612,31.473929],[-92.935027,31.474749],[-92.937081,31.473435],[-92.93658,31.470624],[-92.93796,31.471125],[-92.937934,31.469947],[-92.941169,31.467137],[-92.944422,31.466075],[-92.942895,31.463595],[-92.943292,31.462269],[-92.94684,31.459876],[-92.946795,31.457748],[-92.945152,31.455196],[-92.946814,31.453804],[-92.946051,31.452589],[-92.947885,31.449805],[-92.947391,31.448931],[-92.94904,31.448546],[-92.947314,31.446577],[-92.949989,31.443304],[-92.94868,31.441995],[-92.949936,31.440854],[-92.94834,31.439122],[-92.94674,31.433569],[-92.943778,31.433678],[-92.943244,31.431295],[-92.943225,31.428032],[-92.945413,31.427573],[-92.946082,31.426458],[-92.945325,31.424615],[-92.943392,31.426826],[-92.942539,31.427948],[-92.94311,31.429659],[-92.94239,31.432722],[-92.940941,31.432917],[-92.933906,31.435031],[-92.928242,31.43639],[-92.926681,31.436287],[-92.924254,31.434833],[-92.921613,31.43375],[-92.919305,31.432373],[-92.918202,31.430714],[-92.919551,31.426392],[-92.919487,31.421564],[-92.919152,31.419617],[-92.918279,31.418311],[-92.916626,31.417601],[-92.913811,31.417717],[-92.910946,31.416793],[-92.907122,31.417075],[-92.904227,31.416299],[-92.901173,31.416097],[-92.897606,31.414569],[-92.897762,31.416259],[-92.894788,31.416933],[-92.892894,31.418797],[-92.875155,31.418904],[-92.876764,31.422235],[-92.871549,31.418522],[-92.850625,31.418875],[-92.851326,31.414898],[-92.851694,31.408814],[-92.857399,31.408439],[-92.858912,31.408079],[-92.858692,31.406815],[-92.854618,31.403857],[-92.855983,31.40137],[-92.856264,31.399115],[-92.854845,31.395222],[-92.856229,31.39318],[-92.85746,31.392806],[-92.858485,31.391211],[-92.860876,31.390396],[-92.862337,31.38764],[-92.861104,31.385082],[-92.862313,31.379521],[-92.86167,31.377562],[-92.861983,31.375157],[-92.864808,31.371327],[-92.864032,31.37014],[-92.865319,31.367268],[-92.862875,31.364915],[-92.858349,31.36418],[-92.85763,31.362002],[-92.858252,31.361562],[-92.85686,31.360033],[-92.856513,31.357102],[-92.854371,31.354],[-92.853427,31.35081],[-92.853817,31.34971],[-92.852228,31.348528],[-92.854185,31.347706],[-92.855741,31.347756],[-92.860217,31.348936],[-92.86419,31.348857],[-92.865071,31.348362],[-92.870724,31.348447],[-92.874592,31.350138],[-92.879091,31.350368],[-92.880473,31.351466],[-92.883233,31.352597],[-92.884168,31.351919],[-92.887755,31.351798],[-92.89031,31.35225],[-92.896033,31.344385],[-92.898009,31.342247],[-92.895636,31.341624],[-92.895594,31.339897],[-92.893236,31.340433],[-92.892407,31.339626],[-92.8944,31.337487],[-92.895708,31.337048],[-92.898407,31.333501],[-92.90058,31.333271],[-92.903193,31.332088],[-92.904792,31.332113],[-92.905291,31.329812],[-92.904388,31.328717],[-92.9054,31.327832],[-92.90494,31.325544],[-92.90544,31.324642],[-92.896651,31.324581],[-92.896644,31.317439],[-92.879756,31.317373],[-92.879542,31.288617],[-92.862553,31.288679],[-92.862555,31.277084],[-92.865576,31.277174],[-92.86639,31.278565],[-92.867235,31.278191],[-92.866075,31.277003],[-92.866036,31.2751],[-92.864857,31.274732],[-92.866733,31.274071],[-92.868515,31.276985],[-92.869247,31.279345],[-92.871661,31.279162],[-92.872346,31.279712],[-92.874626,31.279419],[-92.877334,31.278155],[-92.878635,31.276758],[-92.881029,31.27836],[-92.88192,31.27764],[-92.884148,31.277778],[-92.886409,31.277279],[-92.888023,31.277615],[-92.890162,31.277134],[-92.88989,31.276171],[-92.887597,31.27338],[-92.887333,31.268796],[-92.88923,31.263869],[-92.892166,31.260845],[-92.892006,31.259791],[-92.890753,31.258507],[-92.887819,31.257727],[-92.885632,31.256259],[-92.885233,31.254792],[-92.883554,31.252499],[-92.881687,31.251811],[-92.881072,31.252911],[-92.877309,31.256347],[-92.875153,31.256094],[-92.872923,31.256669],[-92.871413,31.255214],[-92.866659,31.252227],[-92.865927,31.250249],[-92.868312,31.246826],[-92.868304,31.245716],[-92.86653,31.244589],[-92.864282,31.244117],[-92.861157,31.24172],[-92.860074,31.238827],[-92.856073,31.23884],[-92.85435,31.236783],[-92.852897,31.236761],[-92.850535,31.237268],[-92.849761,31.238924],[-92.846906,31.239997],[-92.846375,31.240707],[-92.84231,31.24139],[-92.840268,31.242876],[-92.83984,31.247045],[-92.837087,31.247282],[-92.837248,31.249284],[-92.838343,31.248998],[-92.838849,31.250879],[-92.840258,31.251407],[-92.840679,31.252933],[-92.829651,31.252281],[-92.829647,31.250098],[-92.829351,31.248081],[-92.829358,31.240748],[-92.814182,31.24884],[-92.814478,31.249575],[-92.813389,31.251644],[-92.805215,31.259199],[-92.801388,31.261828],[-92.799262,31.264225],[-92.802548,31.263589],[-92.802698,31.266437],[-92.804613,31.2678],[-92.804286,31.271601],[-92.806082,31.274121],[-92.808533,31.273928],[-92.809941,31.27311],[-92.811455,31.273547],[-92.813216,31.275201],[-92.815812,31.275731],[-92.818165,31.278113],[-92.819762,31.280667],[-92.818633,31.282117],[-92.819641,31.286304],[-92.818245,31.289208],[-92.817272,31.289767],[-92.811657,31.289045],[-92.810982,31.2887],[-92.811103,31.290807],[-92.810098,31.294697],[-92.811493,31.296265],[-92.811314,31.298384],[-92.812807,31.299405],[-92.812869,31.300417],[-92.815757,31.301944],[-92.821853,31.301787],[-92.827668,31.302385],[-92.833556,31.302204],[-92.835515,31.306491],[-92.838026,31.312831],[-92.842478,31.322151],[-92.84309,31.325648],[-92.845478,31.331276],[-92.848311,31.338673],[-92.849636,31.348118],[-92.850287,31.348888],[-92.847625,31.35115],[-92.847301,31.355792],[-92.847855,31.360089],[-92.846512,31.362482],[-92.846646,31.363574],[-92.849328,31.364828],[-92.850776,31.367568],[-92.852223,31.36845],[-92.852906,31.372218],[-92.853005,31.374854],[-92.851513,31.377183],[-92.848744,31.383981],[-92.843484,31.385958],[-92.841693,31.387354],[-92.838981,31.388561],[-92.835737,31.388343],[-92.83211,31.389279],[-92.828965,31.387847],[-92.82803,31.38525],[-92.826443,31.386173],[-92.822739,31.384792],[-92.822285,31.382818],[-92.82003,31.378812],[-92.820205,31.377745],[-92.814413,31.375556],[-92.812144,31.375954],[-92.810659,31.37754],[-92.809097,31.376415],[-92.806151,31.375577],[-92.802723,31.378007],[-92.800296,31.379027],[-92.799123,31.381237],[-92.797129,31.383102],[-92.793771,31.383182],[-92.792104,31.384257],[-92.791379,31.385995],[-92.788654,31.384567],[-92.785371,31.384693],[-92.783807,31.385974],[-92.782903,31.384588],[-92.781525,31.384373],[-92.779428,31.385759],[-92.778517,31.38506],[-92.773382,31.384344],[-92.771247,31.384789],[-92.769792,31.384282],[-92.769555,31.383138],[-92.76724,31.384479],[-92.767265,31.385139],[-92.765098,31.384935],[-92.764285,31.383725],[-92.765644,31.383593],[-92.763401,31.382393],[-92.763491,31.381326],[-92.766337,31.382609],[-92.768414,31.382841],[-92.769633,31.38102],[-92.772274,31.381109],[-92.773282,31.379146],[-92.775885,31.379279],[-92.777264,31.377315],[-92.7827,31.376893],[-92.779899,31.376596],[-92.776494,31.377062],[-92.775949,31.378542],[-92.775096,31.378151],[-92.774859,31.377128],[-92.775969,31.375528],[-92.771584,31.374412],[-92.769558,31.375801],[-92.767981,31.375558],[-92.769533,31.375361],[-92.770591,31.374021],[-92.76543,31.375337],[-92.764699,31.374349],[-92.7657,31.372496],[-92.765483,31.371011],[-92.764252,31.370955],[-92.764508,31.372325],[-92.762879,31.373562],[-92.760964,31.370107],[-92.759489,31.370898],[-92.757644,31.369434],[-92.756432,31.36945],[-92.756976,31.371607],[-92.755655,31.37132],[-92.754764,31.37242],[-92.754168,31.370538],[-92.753527,31.371363],[-92.753994,31.373019],[-92.753646,31.375037],[-92.748806,31.375097],[-92.746813,31.376323],[-92.745929,31.376076],[-92.744327,31.377633],[-92.743788,31.376401],[-92.742255,31.376149],[-92.744465,31.373862],[-92.747413,31.373288],[-92.74633,31.373019],[-92.743951,31.37258],[-92.742247,31.374209],[-92.740593,31.373671],[-92.741293,31.375621],[-92.740743,31.377354],[-92.738332,31.377432],[-92.736698,31.378434],[-92.736703,31.376338],[-92.735589,31.378693],[-92.733115,31.379816],[-92.733864,31.376779],[-92.731743,31.379569],[-92.729909,31.379151],[-92.730869,31.376098],[-92.729697,31.376962],[-92.72753,31.376793],[-92.726896,31.378036],[-92.725639,31.377162],[-92.715562,31.382522],[-92.713966,31.383545],[-92.711729,31.38673],[-92.711089,31.388699],[-92.711558,31.391812],[-92.713186,31.390156],[-92.713,31.391663],[-92.714077,31.391108],[-92.714135,31.392527],[-92.712654,31.393],[-92.711289,31.395222],[-92.71154,31.396845],[-92.712706,31.396003],[-92.712706,31.394799],[-92.714476,31.394881],[-92.714445,31.39784],[-92.713656,31.398907],[-92.714461,31.400857],[-92.709594,31.404528],[-92.695166,31.394257],[-92.692937,31.394686],[-92.691373,31.393382],[-92.689738,31.392948],[-92.685807,31.394185],[-92.68448,31.394246],[-92.681666,31.396009],[-92.685084,31.3966],[-92.691591,31.398938],[-92.692887,31.399598],[-92.69578,31.402373],[-92.696142,31.404542],[-92.694666,31.40724],[-92.692652,31.408491],[-92.685923,31.411035],[-92.682121,31.412907],[-92.677606,31.414738],[-92.677545,31.416851],[-92.678812,31.417872],[-92.687742,31.420607],[-92.69076,31.42212],[-92.692454,31.423436],[-92.694071,31.425591],[-92.694422,31.428162],[-92.693232,31.430977],[-92.691218,31.433308],[-92.68667,31.436734],[-92.682261,31.440629],[-92.680155,31.444085],[-92.68046,31.446068],[-92.681574,31.447467],[-92.684321,31.447883],[-92.689753,31.445907],[-92.693492,31.444763],[-92.696448,31.444475],[-92.699596,31.445068],[-92.702602,31.44662],[-92.704784,31.448295],[-92.706233,31.450683],[-92.706767,31.454227],[-92.708173,31.461302],[-92.708045,31.463725],[-92.707142,31.465682],[-92.707248,31.469073],[-92.706948,31.470473],[-92.705248,31.471573],[-92.701048,31.471673],[-92.697748,31.470873],[-92.693147,31.471274],[-92.690647,31.472973],[-92.690647,31.474673],[-92.692247,31.476273],[-92.697347,31.478873],[-92.698847,31.480272],[-92.699547,31.482372],[-92.699047,31.486772],[-92.69935,31.491043],[-92.698725,31.491881],[-92.694048,31.493074],[-92.692638,31.493124],[-92.687068,31.492472],[-92.684169,31.492777],[-92.682674,31.493796],[-92.68221,31.494966],[-92.682643,31.497893],[-92.683315,31.499003],[-92.686155,31.500715],[-92.687996,31.500947],[-92.689888,31.500174],[-92.691849,31.498511],[-92.695081,31.494924],[-92.698451,31.493998],[-92.701014,31.494054],[-92.70195,31.49438],[-92.709313,31.501226],[-92.711601,31.504177],[-92.714193,31.509926],[-92.718983,31.517594],[-92.718529,31.519286],[-92.716519,31.522399],[-92.716444,31.523684],[-92.717828,31.524944],[-92.720154,31.525651],[-92.727436,31.525824],[-92.732774,31.529361],[-92.737912,31.533088],[-92.74418,31.535851],[-92.747803,31.538583],[-92.750149,31.541426],[-92.752859,31.543269],[-92.76131,31.547388],[-92.761342,31.550172],[-92.760141,31.551717],[-92.75618,31.555307],[-92.755887,31.557267],[-92.757052,31.558838],[-92.762049,31.561498],[-92.767677,31.563878],[-92.772889,31.567095],[-92.775515,31.569414],[-92.77967,31.573668],[-92.783482,31.576943],[-92.786041,31.577712],[-92.787369,31.578661],[-92.788753,31.581513],[-92.793433,31.590106],[-92.795485,31.592574],[-92.798309,31.59497],[-92.801416,31.597012],[-92.806206,31.598548],[-92.808327,31.598733],[-92.815969,31.598498],[-92.82102,31.598871],[-92.828931,31.600649],[-92.836142,31.600643],[-92.840947,31.601233]]]}},{"type":"Feature","properties":{"zcta5":"71457","AFFGEOID10":"8600000US71457","GEOID10":"71457","ALAND10":684368852,"AWATER10":39973335,"county_name":"Natchitoches","state_code":"LA","county_state":"Natchitoches County, LA","county_fips":"22069","risk_level_county":"Higher Risk (60–69% vaccinated)","mean_vaccination_rate_county":61.82,"risk_level_zcta":"Higher Risk (60–69% vaccinated)","mean_vaccination_rate_zips":64.53,"cases":3},"geometry":{"type":"Polygon","coordinates":[[[-93.279528,31.887074],[-93.275875,31.886821],[-93.273056,31.885629],[-93.271712,31.884505],[-93.270908,31.882649],[-93.266854,31.878591],[-93.260922,31.874831],[-93.25719,31.874082],[-93.254052,31.873026],[-93.248749,31.87075],[-93.243204,31.869511],[-93.235114,31.869209],[-93.231257,31.86813],[-93.228688,31.865927],[-93.22633,31.865215],[-93.221242,31.865603],[-93.219152,31.865005],[-93.216799,31.861839],[-93.21506,31.860348],[-93.212755,31.859797],[-93.209407,31.859611],[-93.20616,31.860531],[-93.205728,31.859792],[-93.204456,31.855123],[-93.204638,31.851078],[-93.210546,31.848708],[-93.218772,31.842248],[-93.213639,31.82663],[-93.21338,31.825567],[-93.213004,31.81783],[-93.205545,31.817835],[-93.200898,31.815197],[-93.196627,31.809715],[-93.195666,31.807779],[-93.196016,31.806953],[-93.200168,31.807148],[-93.201127,31.808195],[-93.203811,31.808344],[-93.210782,31.807229],[-93.214216,31.806243],[-93.217833,31.809685],[-93.219918,31.811162],[-93.225594,31.811207],[-93.22325,31.810337],[-93.221614,31.808549],[-93.223921,31.805959],[-93.227542,31.803162],[-93.22899,31.800113],[-93.231699,31.798875],[-93.232799,31.799333],[-93.239131,31.79752],[-93.243182,31.795891],[-93.24463,31.793668],[-93.247365,31.791925],[-93.249056,31.791764],[-93.251927,31.79016],[-93.254558,31.788168],[-93.26083,31.781647],[-93.262853,31.779188],[-93.265751,31.777745],[-93.269267,31.773827],[-93.272864,31.77062],[-93.273723,31.768124],[-93.272248,31.76684],[-93.26812,31.760422],[-93.268362,31.757878],[-93.272389,31.751371],[-93.272256,31.74987],[-93.273922,31.749449],[-93.277908,31.749829],[-93.281187,31.748223],[-93.28977,31.748592],[-93.291408,31.749112],[-93.289806,31.744642],[-93.288783,31.742652],[-93.286641,31.742931],[-93.285914,31.742359],[-93.284079,31.738927],[-93.282727,31.739076],[-93.282787,31.735691],[-93.285622,31.73532],[-93.285143,31.733354],[-93.286092,31.730957],[-93.285877,31.727688],[-93.283636,31.727979],[-93.280422,31.727249],[-93.276893,31.728194],[-93.275569,31.729536],[-93.264496,31.710271],[-93.254915,31.712185],[-93.255169,31.709914],[-93.25194,31.709137],[-93.249736,31.70687],[-93.250657,31.703616],[-93.249131,31.702928],[-93.24862,31.700499],[-93.246877,31.699241],[-93.248725,31.697109],[-93.249772,31.693831],[-93.254832,31.692779],[-93.255154,31.69129],[-93.253601,31.689249],[-93.253709,31.688241],[-93.255962,31.684782],[-93.25792,31.683155],[-93.258564,31.681895],[-93.258485,31.679512],[-93.26004,31.678207],[-93.260737,31.676007],[-93.259828,31.672753],[-93.260257,31.672043],[-93.259589,31.668719],[-93.252784,31.667547],[-93.242648,31.665395],[-93.239911,31.667939],[-93.237358,31.668343],[-93.236226,31.666867],[-93.234084,31.667351],[-93.226919,31.663773],[-93.226234,31.661724],[-93.225564,31.663792],[-93.222925,31.662316],[-93.220833,31.661843],[-93.217909,31.660435],[-93.210612,31.662795],[-93.21272,31.663546],[-93.213473,31.66535],[-93.215261,31.666246],[-93.215918,31.668055],[-93.215494,31.669414],[-93.212407,31.671785],[-93.211353,31.673567],[-93.208936,31.676147],[-93.209235,31.67843],[-93.206912,31.675605],[-93.207108,31.678036],[-93.205885,31.68145],[-93.206669,31.683485],[-93.204616,31.685453],[-93.201136,31.686109],[-93.199223,31.687166],[-93.197327,31.685319],[-93.194635,31.684519],[-93.19322,31.681611],[-93.190634,31.678679],[-93.18641,31.677117],[-93.184645,31.671159],[-93.1836,31.669618],[-93.160732,31.679701],[-93.158124,31.675598],[-93.156597,31.675859],[-93.154468,31.677525],[-93.150441,31.679289],[-93.148988,31.679173],[-93.146658,31.681306],[-93.142491,31.681189],[-93.139655,31.678889],[-93.13902,31.676524],[-93.137695,31.675924],[-93.137008,31.673949],[-93.135221,31.673019],[-93.13351,31.672925],[-93.132744,31.673937],[-93.130294,31.673573],[-93.127089,31.673665],[-93.124677,31.676894],[-93.129547,31.67801],[-93.121058,31.677996],[-93.12104,31.666407],[-93.117516,31.670141],[-93.115562,31.671449],[-93.113877,31.674087],[-93.111834,31.674741],[-93.102341,31.664679],[-93.100021,31.670827],[-93.098317,31.676918],[-93.096149,31.678451],[-93.093227,31.682544],[-93.090555,31.686759],[-93.08995,31.689007],[-93.088556,31.690947],[-93.084492,31.692045],[-93.079541,31.692885],[-93.075648,31.697084],[-93.074575,31.695624],[-93.074986,31.692036],[-93.073976,31.690556],[-93.072455,31.690215],[-93.081632,31.675606],[-93.079002,31.673856],[-93.082284,31.669665],[-93.08085,31.669365],[-93.078136,31.670554],[-93.075448,31.671208],[-93.069866,31.671363],[-93.06766,31.670136],[-93.065422,31.667056],[-93.067042,31.662447],[-93.069357,31.66143],[-93.07027,31.660319],[-93.070109,31.657316],[-93.07337,31.656845],[-93.06809,31.655897],[-93.065839,31.653202],[-93.06429,31.650435],[-93.064393,31.648945],[-93.065646,31.64669],[-93.066662,31.642873],[-93.06618,31.639298],[-93.065048,31.635189],[-93.064,31.632731],[-93.061795,31.629948],[-93.056081,31.625427],[-93.055503,31.623862],[-93.05657,31.623356],[-93.056621,31.620887],[-93.057277,31.620238],[-93.062013,31.622199],[-93.054634,31.614366],[-93.050664,31.609185],[-93.049434,31.6092],[-93.038165,31.597221],[-93.041844,31.596787],[-93.040843,31.594389],[-93.040862,31.589779],[-93.041161,31.588949],[-93.04272,31.587634],[-93.045278,31.586316],[-93.047867,31.584042],[-93.053312,31.584919],[-93.057903,31.584001],[-93.06165,31.581562],[-93.060946,31.577797],[-93.062011,31.574832],[-93.062407,31.572162],[-93.061381,31.568306],[-93.065014,31.566648],[-93.064556,31.565234],[-93.060694,31.563531],[-93.059728,31.562346],[-93.056241,31.559773],[-93.056321,31.558393],[-93.05807,31.553193],[-93.057721,31.551033],[-93.056629,31.548359],[-93.056763,31.547524],[-93.057879,31.546141],[-93.061055,31.5451],[-93.063796,31.545306],[-93.06496,31.544468],[-93.068251,31.543301],[-93.070014,31.544624],[-93.073185,31.543438],[-93.075489,31.541022],[-93.076359,31.537547],[-93.077975,31.536148],[-93.0786,31.532956],[-93.076637,31.532075],[-93.076927,31.530274],[-93.078039,31.529409],[-93.081449,31.529548],[-93.08179,31.52702],[-93.084036,31.525737],[-93.081305,31.523319],[-93.080981,31.520783],[-93.079497,31.518583],[-93.07402,31.517568],[-93.067915,31.519647],[-93.066138,31.519571],[-93.063701,31.518712],[-93.061599,31.515312],[-93.059486,31.511242],[-93.05655,31.509515],[-93.052093,31.512369],[-93.049935,31.514533],[-93.047526,31.51525],[-93.042066,31.515953],[-93.040708,31.51501],[-93.037575,31.511237],[-93.036945,31.509593],[-93.03525,31.507382],[-93.034079,31.508497],[-93.031917,31.508859],[-93.029083,31.510626],[-93.0268,31.510506],[-93.024323,31.511388],[-93.021516,31.511603],[-93.018359,31.510951],[-93.017057,31.511925],[-93.014311,31.511706],[-93.010796,31.512046],[-93.009487,31.5117],[-93.005526,31.508924],[-93.003011,31.508998],[-93.002743,31.51042],[-93.003623,31.51423],[-93.002605,31.516524],[-92.99852,31.517673],[-92.996674,31.517562],[-92.992611,31.520021],[-92.991514,31.521696],[-92.991062,31.523697],[-92.989957,31.523785],[-92.989128,31.525509],[-92.987983,31.526208],[-92.987184,31.527936],[-92.984668,31.528825],[-92.982556,31.53014],[-92.977267,31.5297],[-92.975655,31.530171],[-92.969383,31.533446],[-92.967704,31.53253],[-92.966327,31.529924],[-92.966103,31.527887],[-92.965009,31.527288],[-92.961583,31.527555],[-92.958738,31.529805],[-92.957686,31.532803],[-92.955778,31.534855],[-92.947946,31.528337],[-92.946647,31.526688],[-92.945676,31.528421],[-92.950296,31.530927],[-92.953201,31.533279],[-92.959616,31.541484],[-92.961742,31.543939],[-92.964881,31.546815],[-92.98559,31.563458],[-92.991015,31.566739],[-92.995574,31.568284],[-92.993244,31.570285],[-92.996294,31.572626],[-92.995204,31.573678],[-92.996449,31.574804],[-92.99161,31.577854],[-92.987118,31.58153],[-92.988212,31.584406],[-92.991284,31.585642],[-92.991259,31.58782],[-92.991967,31.589591],[-92.99378,31.591438],[-92.997534,31.592932],[-92.998447,31.593674],[-93.002679,31.593994],[-93.005409,31.595161],[-93.006564,31.597207],[-93.007572,31.600233],[-93.008606,31.600844],[-93.008772,31.602395],[-93.010184,31.604761],[-93.010073,31.609419],[-93.009229,31.611652],[-93.009563,31.612785],[-93.01149,31.614436],[-93.017428,31.615659],[-93.02217,31.618774],[-93.024593,31.619913],[-93.027272,31.623027],[-93.028728,31.625305],[-93.013884,31.654942],[-93.011881,31.657678],[-93.002347,31.663721],[-93.001123,31.667126],[-93.00552,31.669055],[-93.007447,31.669453],[-93.009873,31.666303],[-93.014525,31.661305],[-93.020996,31.657479],[-93.0227,31.656072],[-93.024064,31.655902],[-93.026442,31.656926],[-93.028327,31.656569],[-93.032301,31.654694],[-93.033986,31.653287],[-93.036873,31.653568],[-93.03787,31.652803],[-93.037277,31.658963],[-93.035153,31.66432],[-93.036374,31.668148],[-93.038907,31.670074],[-93.040193,31.669898],[-93.043441,31.671086],[-93.043936,31.671741],[-93.043803,31.675418],[-93.044784,31.675385],[-93.043432,31.660877],[-93.041822,31.64607],[-93.04416,31.643982],[-93.045562,31.641805],[-93.045678,31.640331],[-93.047234,31.638681],[-93.046913,31.636459],[-93.047518,31.633098],[-93.04584,31.631289],[-93.046746,31.631448],[-93.053759,31.637912],[-93.056993,31.638621],[-93.058908,31.640354],[-93.058986,31.64169],[-93.057462,31.645243],[-93.055661,31.646888],[-93.050466,31.653405],[-93.048704,31.654389],[-93.047475,31.656991],[-93.047355,31.66114],[-93.04575,31.664798],[-93.046371,31.670435],[-93.055308,31.670383],[-93.056206,31.671313],[-93.060313,31.672189],[-93.05939,31.673256],[-93.05877,31.675612],[-93.047084,31.675558],[-93.048783,31.680723],[-93.048892,31.684513],[-93.050358,31.689639],[-93.049073,31.693679],[-93.047964,31.691944],[-93.046233,31.687067],[-93.045151,31.677996],[-93.037822,31.684742],[-93.038016,31.681764],[-93.037586,31.680826],[-93.035384,31.67945],[-93.035019,31.680013],[-93.036949,31.681024],[-93.037367,31.681502],[-93.037604,31.683532],[-93.037147,31.684918],[-93.035346,31.686749],[-93.031859,31.687513],[-93.030572,31.689261],[-93.030031,31.691764],[-93.028196,31.695146],[-93.026884,31.696097],[-93.020534,31.698397],[-93.026768,31.695739],[-93.028152,31.694634],[-93.029877,31.691236],[-93.030309,31.688876],[-93.031609,31.687282],[-93.035153,31.686474],[-93.036678,31.685105],[-93.037232,31.682151],[-93.036068,31.680595],[-93.031958,31.680176],[-93.028697,31.680461],[-93.026015,31.681236],[-93.022285,31.680558],[-93.020863,31.680915],[-93.018972,31.68224],[-93.01567,31.687381],[-93.014271,31.693299],[-93.010739,31.693864],[-93.006308,31.691349],[-93.004605,31.689335],[-93.00415,31.686623],[-93.004588,31.68576],[-93.00767,31.683314],[-93.003477,31.684729],[-93.004345,31.689087],[-93.005166,31.690422],[-92.998254,31.693657],[-92.994811,31.690562],[-92.993768,31.688736],[-92.992816,31.688406],[-92.987273,31.691549],[-92.986282,31.690829],[-92.985708,31.689394],[-92.985733,31.686963],[-92.984922,31.685764],[-92.981824,31.678071],[-92.980203,31.676438],[-92.978432,31.671615],[-92.977128,31.671051],[-92.972029,31.671746],[-92.970777,31.669321],[-92.966251,31.674707],[-92.964482,31.675739],[-92.959765,31.672096],[-92.954272,31.670103],[-92.943633,31.671502],[-92.931817,31.667676],[-92.930477,31.666323],[-92.930889,31.65566],[-92.929126,31.654764],[-92.926715,31.654665],[-92.921689,31.658048],[-92.912324,31.657823],[-92.906231,31.656992],[-92.90241,31.656836],[-92.902801,31.65951],[-92.904766,31.660692],[-92.910138,31.660746],[-92.915787,31.661623],[-92.919292,31.662506],[-92.921585,31.663547],[-92.924674,31.665941],[-92.926201,31.668316],[-92.926882,31.670815],[-92.926036,31.674481],[-92.926231,31.675876],[-92.927663,31.677424],[-92.929432,31.677866],[-92.941021,31.675435],[-92.945311,31.675331],[-92.950954,31.67594],[-92.954573,31.677347],[-92.961483,31.679134],[-92.964226,31.680239],[-92.965759,31.68342],[-92.965075,31.687248],[-92.962388,31.693785],[-92.959858,31.701294],[-92.961585,31.705016],[-92.96293,31.705948],[-92.966426,31.706927],[-92.969979,31.707231],[-92.973529,31.708922],[-92.975215,31.710554],[-92.976035,31.712423],[-92.973023,31.72049],[-92.97074,31.724244],[-92.969525,31.727543],[-92.968497,31.73134],[-92.968346,31.734567],[-92.968781,31.738245],[-92.968319,31.741507],[-92.968967,31.744604],[-92.968793,31.750162],[-92.969555,31.752231],[-92.971325,31.753599],[-92.972493,31.753781],[-92.972187,31.755279],[-92.970158,31.757635],[-92.968335,31.756188],[-92.966374,31.752694],[-92.96365,31.75029],[-92.958213,31.746934],[-92.951281,31.743056],[-92.949675,31.741695],[-92.947641,31.738417],[-92.945797,31.732724],[-92.943586,31.730358],[-92.942758,31.734704],[-92.939913,31.736524],[-92.938897,31.739375],[-92.93552,31.74147],[-92.932672,31.744317],[-92.938014,31.751446],[-92.935558,31.754516],[-92.934369,31.755189],[-92.927531,31.756468],[-92.934931,31.763063],[-92.934947,31.769243],[-92.932654,31.770773],[-92.931951,31.769931],[-92.929093,31.771949],[-92.927612,31.773637],[-92.925188,31.778384],[-92.924403,31.784743],[-92.923592,31.786678],[-92.923298,31.792058],[-92.921622,31.795502],[-92.9231,31.798432],[-92.923152,31.801577],[-92.925109,31.805024],[-92.925644,31.807111],[-92.925394,31.809846],[-92.926829,31.813673],[-92.92784,31.814725],[-92.927749,31.8213],[-92.929317,31.823726],[-92.922451,31.829738],[-92.920182,31.831492],[-92.917153,31.832645],[-92.90482,31.834826],[-92.896167,31.838071],[-92.896341,31.839134],[-92.894834,31.841401],[-92.8947,31.842884],[-92.895558,31.84386],[-92.902377,31.846804],[-92.906142,31.850823],[-92.907366,31.850279],[-92.911485,31.850621],[-92.913097,31.850833],[-92.913373,31.851303],[-92.916842,31.851056],[-92.916961,31.852052],[-92.918617,31.852998],[-92.921079,31.85302],[-92.924687,31.853527],[-92.92584,31.854407],[-92.929997,31.854091],[-92.932331,31.854378],[-92.937725,31.8535],[-92.939514,31.854186],[-92.942245,31.854268],[-92.942446,31.855212],[-92.944509,31.855801],[-92.945953,31.857138],[-92.949411,31.856553],[-92.950115,31.855287],[-92.946769,31.8529],[-92.946143,31.849499],[-92.94733,31.848502],[-92.948245,31.848677],[-92.950876,31.849589],[-92.951087,31.848521],[-92.949855,31.846454],[-92.951428,31.849028],[-92.950796,31.849831],[-92.950242,31.84977],[-92.947974,31.848665],[-92.946505,31.849386],[-92.946899,31.852922],[-92.950391,31.85505],[-92.950333,31.855793],[-92.949921,31.856387],[-92.94869,31.857079],[-92.94909,31.857833],[-92.950282,31.85763],[-92.95139,31.85626],[-92.952061,31.857976],[-92.954297,31.85868],[-92.956327,31.858602],[-92.956784,31.859977],[-92.959137,31.860092],[-92.959672,31.860818],[-92.958692,31.86238],[-92.963841,31.86112],[-92.966019,31.861659],[-92.96687,31.862582],[-92.96731,31.866471],[-92.966937,31.868742],[-92.965287,31.870904],[-92.965391,31.872801],[-92.966351,31.873596],[-92.96373,31.880508],[-92.964831,31.880086],[-92.968903,31.880196],[-92.971513,31.879685],[-92.972374,31.880168],[-92.979784,31.880118],[-92.98153,31.878001],[-92.987973,31.876294],[-92.987067,31.875161],[-92.980705,31.858816],[-92.986975,31.858902],[-93.000162,31.857697],[-93.005958,31.864641],[-93.00831,31.86446],[-93.010283,31.863334],[-93.011656,31.861607],[-93.013957,31.860849],[-93.016996,31.861712],[-93.017017,31.853013],[-93.017737,31.851621],[-93.017849,31.847383],[-93.020921,31.844894],[-93.021782,31.842356],[-93.031238,31.847548],[-93.028643,31.844502],[-93.029166,31.842028],[-93.030068,31.84139],[-93.029689,31.83963],[-93.030463,31.836182],[-93.028654,31.833591],[-93.025633,31.832149],[-93.021879,31.831307],[-93.015603,31.831013],[-93.01454,31.830215],[-93.014181,31.827624],[-93.016598,31.824798],[-93.015877,31.82317],[-93.012626,31.824071],[-93.011971,31.823264],[-93.014628,31.822179],[-93.014652,31.821024],[-93.024623,31.821691],[-93.027383,31.821654],[-93.025969,31.823361],[-93.027654,31.824817],[-93.029104,31.824338],[-93.031535,31.825134],[-93.032571,31.823253],[-93.040551,31.829863],[-93.053451,31.840786],[-93.057781,31.843967],[-93.06298,31.840154],[-93.069102,31.835233],[-93.066647,31.833482],[-93.072524,31.829082],[-93.072729,31.825161],[-93.079391,31.824089],[-93.081898,31.823191],[-93.083552,31.821693],[-93.084879,31.81865],[-93.088712,31.819359],[-93.091243,31.819243],[-93.09237,31.819957],[-93.093183,31.822525],[-93.092655,31.823868],[-93.090955,31.825474],[-93.086459,31.827675],[-93.081274,31.829705],[-93.080334,31.830915],[-93.080192,31.832857],[-93.080547,31.834683],[-93.081894,31.837323],[-93.086986,31.844008],[-93.088486,31.846704],[-93.091936,31.850666],[-93.094669,31.852976],[-93.097511,31.85481],[-93.099827,31.855589],[-93.10163,31.855709],[-93.10604,31.854678],[-93.108569,31.854658],[-93.112,31.855435],[-93.11463,31.856989],[-93.116231,31.858688],[-93.116801,31.862183],[-93.115353,31.868898],[-93.115043,31.871724],[-93.116531,31.876229],[-93.11852,31.879748],[-93.12191,31.884456],[-93.124543,31.887573],[-93.127109,31.888417],[-93.131968,31.889425],[-93.136063,31.889848],[-93.139047,31.889881],[-93.144366,31.888612],[-93.150985,31.885556],[-93.156725,31.8838],[-93.159097,31.883475],[-93.163269,31.883648],[-93.16727,31.884657],[-93.169864,31.885638],[-93.173709,31.88784],[-93.179335,31.889193],[-93.184055,31.889485],[-93.18937,31.888569],[-93.192972,31.887273],[-93.203869,31.889821],[-93.209385,31.89174],[-93.224413,31.896047],[-93.231913,31.89843],[-93.238039,31.902357],[-93.239499,31.903605],[-93.240819,31.904758],[-93.24444,31.90905],[-93.245472,31.910891],[-93.247386,31.910087],[-93.253008,31.911597],[-93.253719,31.913304],[-93.258458,31.909044],[-93.260797,31.906203],[-93.264291,31.901024],[-93.264801,31.899009],[-93.266609,31.895637],[-93.269989,31.894015],[-93.273912,31.894223],[-93.275926,31.893329],[-93.277566,31.891176],[-93.279849,31.890535],[-93.281407,31.888381],[-93.279528,31.887074]]]}},{"type":"Feature","properties":{"zcta5":"71468","AFFGEOID10":"8600000US71468","GEOID10":"71468","ALAND10":456343828,"AWATER10":1093643,"county_name":"Natchitoches","state_code":"LA","county_state":"Natchitoches County, LA","county_fips":"22069","risk_level_county":"Higher Risk (60–69% vaccinated)","mean_vaccination_rate_county":61.82,"risk_level_zcta":"Lower Risk (80–84% vaccinated)","mean_vaccination_rate_zips":81.11,"cases":3},"geometry":{"type":"Polygon","coordinates":[[[-93.041844,31.596787],[-93.045031,31.595316],[-93.045931,31.594194],[-93.046464,31.591681],[-93.049587,31.590883],[-93.051945,31.591131],[-93.057092,31.59035],[-93.058487,31.589685],[-93.061667,31.590092],[-93.06355,31.589328],[-93.065625,31.589762],[-93.068748,31.588629],[-93.074782,31.589327],[-93.076221,31.588926],[-93.078618,31.589833],[-93.082293,31.588892],[-93.083751,31.586538],[-93.086507,31.584761],[-93.094178,31.583576],[-93.095778,31.583076],[-93.097197,31.580963],[-93.099445,31.580352],[-93.103081,31.57831],[-93.104083,31.577326],[-93.109261,31.57772],[-93.109499,31.578836],[-93.111818,31.578764],[-93.114517,31.579352],[-93.119618,31.578953],[-93.120029,31.577468],[-93.122328,31.57717],[-93.122842,31.576466],[-93.125026,31.576696],[-93.128697,31.575295],[-93.129374,31.571528],[-93.130653,31.570484],[-93.132493,31.566156],[-93.133231,31.567278],[-93.136611,31.565316],[-93.136638,31.563523],[-93.138301,31.563353],[-93.140653,31.562177],[-93.141432,31.559697],[-93.145581,31.560584],[-93.149395,31.562741],[-93.15018,31.561185],[-93.153231,31.559272],[-93.158441,31.558492],[-93.160239,31.558734],[-93.160792,31.559901],[-93.163791,31.559582],[-93.166161,31.560166],[-93.16733,31.56137],[-93.169617,31.560469],[-93.169907,31.558241],[-93.172572,31.558924],[-93.173394,31.557956],[-93.175058,31.55888],[-93.177082,31.557824],[-93.181366,31.559282],[-93.183151,31.558055],[-93.184757,31.555146],[-93.186267,31.554117],[-93.18477,31.553887],[-93.184918,31.550361],[-93.186061,31.550256],[-93.186729,31.547451],[-93.186517,31.545125],[-93.187269,31.54348],[-93.190075,31.541462],[-93.191694,31.541814],[-93.190865,31.53963],[-93.194654,31.539185],[-93.194892,31.537738],[-93.196368,31.534851],[-93.198687,31.535401],[-93.200395,31.535048],[-93.202699,31.536841],[-93.206479,31.536845],[-93.207028,31.541051],[-93.208022,31.543871],[-93.210341,31.547154],[-93.210697,31.548266],[-93.20998,31.550049],[-93.206654,31.554234],[-93.205608,31.556221],[-93.205688,31.557754],[-93.208306,31.566743],[-93.208115,31.568847],[-93.206928,31.57118],[-93.205944,31.571359],[-93.204665,31.570133],[-93.204999,31.569165],[-93.202545,31.568213],[-93.201093,31.568989],[-93.201171,31.571772],[-93.198826,31.572108],[-93.197625,31.571079],[-93.194779,31.570507],[-93.192697,31.57158],[-93.192659,31.57306],[-93.190006,31.573808],[-93.186665,31.572911],[-93.185682,31.574011],[-93.185316,31.572042],[-93.183755,31.570986],[-93.182823,31.572229],[-93.179393,31.572515],[-93.17708,31.573741],[-93.173919,31.573664],[-93.173238,31.572564],[-93.171035,31.573636],[-93.169338,31.573707],[-93.167212,31.574598],[-93.164686,31.577281],[-93.161474,31.578287],[-93.160728,31.579563],[-93.157618,31.580151],[-93.155305,31.58246],[-93.154192,31.584589],[-93.153292,31.588328],[-93.151242,31.587908],[-93.151009,31.59122],[-93.151588,31.591881],[-93.152821,31.590974],[-93.154595,31.591238],[-93.158907,31.590403],[-93.163103,31.588017],[-93.164401,31.588958],[-93.165345,31.592759],[-93.165196,31.593694],[-93.166848,31.595096],[-93.168286,31.597676],[-93.170265,31.599475],[-93.170895,31.601461],[-93.172308,31.602401],[-93.177893,31.602622],[-93.183207,31.604795],[-93.183407,31.605504],[-93.188001,31.606368],[-93.189929,31.608408],[-93.191414,31.609167],[-93.191061,31.612423],[-93.193291,31.615613],[-93.194808,31.615063],[-93.196518,31.615685],[-93.195303,31.620865],[-93.194769,31.629946],[-93.195192,31.631785],[-93.196585,31.633779],[-93.186885,31.632726],[-93.18608,31.627702],[-93.182287,31.629415],[-93.176829,31.628832],[-93.177459,31.630234],[-93.175331,31.632407],[-93.173917,31.632594],[-93.174733,31.633776],[-93.172688,31.636229],[-93.173864,31.639793],[-93.172315,31.640645],[-93.171897,31.642064],[-93.173112,31.641943],[-93.174187,31.643482],[-93.175654,31.643968],[-93.180119,31.649913],[-93.18217,31.651289],[-93.183269,31.654076],[-93.189329,31.662776],[-93.202281,31.66548],[-93.203067,31.666256],[-93.202311,31.661501],[-93.207428,31.659306],[-93.21008,31.657991],[-93.208024,31.6557],[-93.209273,31.654876],[-93.213516,31.654896],[-93.212531,31.652414],[-93.214196,31.651473],[-93.21145,31.650203],[-93.224317,31.654358],[-93.227543,31.654925],[-93.229399,31.655545],[-93.230572,31.657263],[-93.239192,31.652275],[-93.241354,31.651516],[-93.246032,31.650709],[-93.250615,31.648142],[-93.253984,31.649347],[-93.258338,31.651534],[-93.259978,31.650452],[-93.259512,31.648946],[-93.257262,31.648148],[-93.257417,31.646938],[-93.255354,31.646558],[-93.255985,31.644974],[-93.257676,31.6441],[-93.261266,31.639053],[-93.263047,31.638245],[-93.26283,31.636315],[-93.261461,31.635472],[-93.256874,31.63742],[-93.253824,31.633035],[-93.251872,31.628613],[-93.252089,31.624814],[-93.252759,31.623815],[-93.251341,31.621797],[-93.252682,31.61891],[-93.251586,31.61671],[-93.250593,31.61279],[-93.249785,31.612194],[-93.244919,31.611028],[-93.244355,31.608369],[-93.242935,31.605987],[-93.243684,31.60468],[-93.243468,31.602779],[-93.244351,31.600854],[-93.241644,31.596569],[-93.241938,31.595011],[-93.236987,31.598558],[-93.233471,31.602415],[-93.227514,31.606144],[-93.223949,31.608098],[-93.222137,31.611507],[-93.219376,31.61454],[-93.216161,31.619035],[-93.213679,31.616826],[-93.210413,31.6156],[-93.209797,31.616436],[-93.208087,31.615227],[-93.208562,31.614044],[-93.206781,31.611437],[-93.204512,31.610937],[-93.202841,31.609612],[-93.202449,31.606994],[-93.20275,31.604035],[-93.200903,31.601952],[-93.205315,31.597286],[-93.206974,31.592521],[-93.209671,31.592125],[-93.212902,31.590511],[-93.216027,31.589528],[-93.221019,31.589513],[-93.224052,31.59054],[-93.226686,31.589561],[-93.229298,31.589674],[-93.231259,31.588437],[-93.23257,31.585954],[-93.234481,31.584498],[-93.236229,31.579181],[-93.235839,31.575533],[-93.237734,31.572279],[-93.236088,31.569018],[-93.236341,31.567536],[-93.238591,31.565127],[-93.238565,31.563984],[-93.240127,31.563713],[-93.238566,31.560048],[-93.237153,31.559883],[-93.23739,31.558811],[-93.236041,31.558872],[-93.234356,31.55494],[-93.232365,31.554198],[-93.233031,31.551349],[-93.232889,31.549578],[-93.23488,31.549104],[-93.235611,31.547938],[-93.234203,31.544996],[-93.233066,31.543775],[-93.23103,31.542924],[-93.227684,31.543629],[-93.227471,31.54188],[-93.22862,31.539415],[-93.229275,31.540339],[-93.231318,31.541009],[-93.233771,31.540558],[-93.234618,31.5396],[-93.236848,31.54136],[-93.239539,31.542304],[-93.248554,31.539925],[-93.252436,31.539201],[-93.253597,31.53793],[-93.250151,31.537912],[-93.236662,31.538339],[-93.236436,31.500129],[-93.236272,31.497878],[-93.236104,31.364507],[-93.032306,31.364296],[-93.032309,31.360479],[-93.006943,31.3602],[-92.991988,31.360473],[-92.994482,31.362563],[-92.995764,31.362887],[-92.997843,31.366169],[-93.000557,31.369408],[-93.003281,31.370218],[-93.003857,31.371747],[-93.005876,31.37243],[-93.007017,31.374092],[-93.007547,31.376768],[-93.006303,31.377246],[-93.00727,31.379732],[-93.007249,31.381146],[-93.00832,31.381553],[-93.008595,31.383017],[-93.012315,31.384329],[-93.015054,31.387554],[-93.017171,31.388802],[-93.018863,31.388556],[-93.022353,31.391984],[-93.02295,31.394158],[-93.026012,31.396991],[-93.028881,31.397033],[-93.03092,31.395998],[-93.030285,31.390399],[-93.030679,31.388655],[-93.029712,31.387547],[-93.029945,31.385554],[-93.031671,31.383179],[-93.039364,31.385173],[-93.051118,31.385716],[-93.051875,31.386187],[-93.051924,31.388155],[-93.054334,31.389855],[-93.05319,31.394771],[-93.053328,31.40072],[-93.050985,31.404757],[-93.049557,31.406386],[-93.049297,31.407852],[-93.052482,31.412033],[-93.05211,31.413685],[-93.052784,31.415341],[-93.052496,31.417008],[-93.052996,31.421448],[-93.049488,31.42377],[-93.049349,31.424926],[-93.050219,31.428157],[-93.047175,31.433496],[-93.044248,31.435687],[-93.042067,31.436694],[-93.044392,31.441494],[-93.044417,31.444387],[-93.046418,31.445091],[-93.047323,31.447336],[-93.045455,31.44898],[-93.046456,31.450201],[-93.045397,31.451037],[-93.047052,31.453309],[-93.04838,31.457379],[-93.049779,31.458061],[-93.052422,31.457819],[-93.053327,31.458909],[-93.053038,31.460113],[-93.053904,31.461466],[-93.051562,31.463501],[-93.050413,31.466642],[-93.050246,31.46882],[-93.051279,31.470129],[-93.05244,31.47394],[-93.050642,31.477895],[-93.048787,31.479611],[-93.051309,31.485689],[-93.049813,31.488631],[-93.050731,31.489363],[-93.050314,31.491546],[-93.051623,31.492558],[-93.052547,31.494659],[-93.051892,31.496023],[-93.053587,31.497349],[-93.053734,31.501056],[-93.055794,31.504268],[-93.059446,31.507291],[-93.05655,31.509515],[-93.059486,31.511242],[-93.061599,31.515312],[-93.063701,31.518712],[-93.066138,31.519571],[-93.067915,31.519647],[-93.07402,31.517568],[-93.079497,31.518583],[-93.080981,31.520783],[-93.081305,31.523319],[-93.084036,31.525737],[-93.08179,31.52702],[-93.081449,31.529548],[-93.078039,31.529409],[-93.076927,31.530274],[-93.076637,31.532075],[-93.0786,31.532956],[-93.077975,31.536148],[-93.076359,31.537547],[-93.075489,31.541022],[-93.073185,31.543438],[-93.070014,31.544624],[-93.068251,31.543301],[-93.06496,31.544468],[-93.063796,31.545306],[-93.061055,31.5451],[-93.057879,31.546141],[-93.056763,31.547524],[-93.056629,31.548359],[-93.057721,31.551033],[-93.05807,31.553193],[-93.056321,31.558393],[-93.056241,31.559773],[-93.059728,31.562346],[-93.060694,31.563531],[-93.064556,31.565234],[-93.065014,31.566648],[-93.061381,31.568306],[-93.062407,31.572162],[-93.062011,31.574832],[-93.060946,31.577797],[-93.06165,31.581562],[-93.057903,31.584001],[-93.053312,31.584919],[-93.047867,31.584042],[-93.045278,31.586316],[-93.04272,31.587634],[-93.041161,31.588949],[-93.040862,31.589779],[-93.040843,31.594389],[-93.041844,31.596787]]]}},{"type":"Feature","properties":{"zcta5":"71469","AFFGEOID10":"8600000US71469","GEOID10":"71469","ALAND10":605349192,"AWATER10":2896030,"county_name":"Natchitoches","state_code":"LA","county_state":"Natchitoches County, LA","county_fips":"22069","risk_level_county":"Higher Risk (60–69% vaccinated)","mean_vaccination_rate_county":61.82,"risk_level_zcta":"Higher Risk (60–69% vaccinated)","mean_vaccination_rate_zips":62.87,"cases":3},"geometry":{"type":"Polygon","coordinates":[[[-93.423163,31.666533],[-93.42549,31.66358],[-93.42303,31.65661],[-93.4212,31.6543],[-93.42019,31.65224],[-93.41772,31.65101],[-93.41638,31.64936],[-93.41316,31.64631],[-93.41247,31.64526],[-93.41187,31.64266],[-93.41195,31.63952],[-93.40984,31.63471],[-93.41013,31.63146],[-93.41071,31.63069],[-93.41064,31.62789],[-93.40975,31.6264],[-93.40722,31.62457],[-93.40577,31.61916],[-93.40422,31.61613],[-93.402536,31.613841],[-93.392902,31.618595],[-93.38871,31.61963],[-93.38645,31.62072],[-93.384981,31.620469],[-93.38307,31.624546],[-93.37933,31.62661],[-93.37743,31.62874],[-93.37608,31.63144],[-93.374473,31.630563],[-93.37402,31.62906],[-93.371836,31.627225],[-93.37002,31.62404],[-93.37011,31.61959],[-93.36933,31.61828],[-93.36725,31.61681],[-93.36648,31.61419],[-93.36711,31.61289],[-93.36573,31.61068],[-93.36644,31.6092],[-93.36581,31.60791],[-93.36642,31.60589],[-93.3647,31.60506],[-93.36224,31.60161],[-93.36048,31.60214],[-93.35895,31.60422],[-93.35748,31.60451],[-93.35706,31.60605],[-93.35469,31.60733],[-93.35283,31.60621],[-93.35006,31.60572],[-93.3501,31.60498],[-93.34764,31.60351],[-93.34596,31.60446],[-93.34448,31.60412],[-93.34393,31.60301],[-93.34166,31.60213],[-93.34086,31.60327],[-93.337935,31.603769],[-93.337543,31.581211],[-93.337225,31.578546],[-93.337475,31.575495],[-93.337456,31.53811],[-93.332313,31.538031],[-93.264123,31.537919],[-93.262022,31.538388],[-93.253597,31.53793],[-93.252436,31.539201],[-93.248554,31.539925],[-93.239539,31.542304],[-93.236848,31.54136],[-93.234618,31.5396],[-93.233771,31.540558],[-93.231318,31.541009],[-93.229275,31.540339],[-93.22862,31.539415],[-93.227471,31.54188],[-93.227684,31.543629],[-93.23103,31.542924],[-93.233066,31.543775],[-93.234203,31.544996],[-93.235611,31.547938],[-93.23488,31.549104],[-93.232889,31.549578],[-93.233031,31.551349],[-93.232365,31.554198],[-93.234356,31.55494],[-93.236041,31.558872],[-93.23739,31.558811],[-93.237153,31.559883],[-93.238566,31.560048],[-93.240127,31.563713],[-93.238565,31.563984],[-93.238591,31.565127],[-93.236341,31.567536],[-93.236088,31.569018],[-93.237734,31.572279],[-93.235839,31.575533],[-93.236229,31.579181],[-93.234481,31.584498],[-93.23257,31.585954],[-93.231259,31.588437],[-93.229298,31.589674],[-93.226686,31.589561],[-93.224052,31.59054],[-93.221019,31.589513],[-93.216027,31.589528],[-93.212902,31.590511],[-93.209671,31.592125],[-93.206974,31.592521],[-93.205315,31.597286],[-93.200903,31.601952],[-93.20275,31.604035],[-93.202449,31.606994],[-93.202841,31.609612],[-93.204512,31.610937],[-93.206781,31.611437],[-93.208562,31.614044],[-93.208087,31.615227],[-93.209797,31.616436],[-93.210413,31.6156],[-93.213679,31.616826],[-93.216161,31.619035],[-93.219376,31.61454],[-93.222137,31.611507],[-93.223949,31.608098],[-93.227514,31.606144],[-93.233471,31.602415],[-93.236987,31.598558],[-93.241938,31.595011],[-93.241644,31.596569],[-93.244351,31.600854],[-93.243468,31.602779],[-93.243684,31.60468],[-93.242935,31.605987],[-93.244355,31.608369],[-93.244919,31.611028],[-93.249785,31.612194],[-93.250593,31.61279],[-93.251586,31.61671],[-93.252682,31.61891],[-93.251341,31.621797],[-93.252759,31.623815],[-93.252089,31.624814],[-93.251872,31.628613],[-93.253824,31.633035],[-93.256874,31.63742],[-93.261461,31.635472],[-93.26283,31.636315],[-93.263047,31.638245],[-93.261266,31.639053],[-93.257676,31.6441],[-93.255985,31.644974],[-93.255354,31.646558],[-93.257417,31.646938],[-93.257262,31.648148],[-93.259512,31.648946],[-93.259978,31.650452],[-93.258338,31.651534],[-93.253984,31.649347],[-93.250615,31.648142],[-93.246032,31.650709],[-93.241354,31.651516],[-93.239192,31.652275],[-93.230572,31.657263],[-93.229399,31.655545],[-93.227543,31.654925],[-93.224317,31.654358],[-93.21145,31.650203],[-93.214196,31.651473],[-93.212531,31.652414],[-93.213516,31.654896],[-93.209273,31.654876],[-93.208024,31.6557],[-93.21008,31.657991],[-93.207428,31.659306],[-93.202311,31.661501],[-93.203067,31.666256],[-93.202281,31.66548],[-93.189329,31.662776],[-93.183269,31.654076],[-93.18217,31.651289],[-93.180119,31.649913],[-93.175654,31.643968],[-93.174187,31.643482],[-93.173112,31.641943],[-93.171897,31.642064],[-93.172315,31.640645],[-93.173864,31.639793],[-93.172688,31.636229],[-93.174733,31.633776],[-93.173917,31.632594],[-93.175331,31.632407],[-93.177459,31.630234],[-93.176829,31.628832],[-93.182287,31.629415],[-93.18608,31.627702],[-93.186885,31.632726],[-93.196585,31.633779],[-93.195192,31.631785],[-93.194769,31.629946],[-93.195303,31.620865],[-93.196518,31.615685],[-93.194808,31.615063],[-93.193291,31.615613],[-93.191061,31.612423],[-93.191414,31.609167],[-93.189929,31.608408],[-93.188001,31.606368],[-93.183407,31.605504],[-93.183207,31.604795],[-93.177893,31.602622],[-93.172308,31.602401],[-93.170895,31.601461],[-93.170265,31.599475],[-93.168286,31.597676],[-93.166848,31.595096],[-93.165196,31.593694],[-93.165345,31.592759],[-93.164401,31.588958],[-93.163103,31.588017],[-93.158907,31.590403],[-93.154595,31.591238],[-93.152821,31.590974],[-93.151588,31.591881],[-93.151009,31.59122],[-93.151242,31.587908],[-93.153292,31.588328],[-93.154192,31.584589],[-93.155305,31.58246],[-93.157618,31.580151],[-93.160728,31.579563],[-93.161474,31.578287],[-93.164686,31.577281],[-93.167212,31.574598],[-93.169338,31.573707],[-93.171035,31.573636],[-93.173238,31.572564],[-93.173919,31.573664],[-93.17708,31.573741],[-93.179393,31.572515],[-93.182823,31.572229],[-93.183755,31.570986],[-93.185316,31.572042],[-93.185682,31.574011],[-93.186665,31.572911],[-93.190006,31.573808],[-93.192659,31.57306],[-93.192697,31.57158],[-93.194779,31.570507],[-93.197625,31.571079],[-93.198826,31.572108],[-93.201171,31.571772],[-93.201093,31.568989],[-93.202545,31.568213],[-93.204999,31.569165],[-93.204665,31.570133],[-93.205944,31.571359],[-93.206928,31.57118],[-93.208115,31.568847],[-93.208306,31.566743],[-93.205688,31.557754],[-93.205608,31.556221],[-93.206654,31.554234],[-93.20998,31.550049],[-93.210697,31.548266],[-93.210341,31.547154],[-93.208022,31.543871],[-93.207028,31.541051],[-93.206479,31.536845],[-93.202699,31.536841],[-93.200395,31.535048],[-93.198687,31.535401],[-93.196368,31.534851],[-93.194892,31.537738],[-93.194654,31.539185],[-93.190865,31.53963],[-93.191694,31.541814],[-93.190075,31.541462],[-93.187269,31.54348],[-93.186517,31.545125],[-93.186729,31.547451],[-93.186061,31.550256],[-93.184918,31.550361],[-93.18477,31.553887],[-93.186267,31.554117],[-93.184757,31.555146],[-93.183151,31.558055],[-93.181366,31.559282],[-93.177082,31.557824],[-93.175058,31.55888],[-93.173394,31.557956],[-93.172572,31.558924],[-93.169907,31.558241],[-93.169617,31.560469],[-93.16733,31.56137],[-93.166161,31.560166],[-93.163791,31.559582],[-93.160792,31.559901],[-93.160239,31.558734],[-93.158441,31.558492],[-93.153231,31.559272],[-93.15018,31.561185],[-93.149395,31.562741],[-93.145581,31.560584],[-93.141432,31.559697],[-93.140653,31.562177],[-93.138301,31.563353],[-93.136638,31.563523],[-93.136611,31.565316],[-93.133231,31.567278],[-93.132493,31.566156],[-93.130653,31.570484],[-93.129374,31.571528],[-93.128697,31.575295],[-93.125026,31.576696],[-93.122842,31.576466],[-93.122328,31.57717],[-93.120029,31.577468],[-93.119618,31.578953],[-93.114517,31.579352],[-93.111818,31.578764],[-93.109499,31.578836],[-93.109261,31.57772],[-93.104083,31.577326],[-93.103081,31.57831],[-93.099445,31.580352],[-93.097197,31.580963],[-93.095778,31.583076],[-93.094178,31.583576],[-93.086507,31.584761],[-93.083751,31.586538],[-93.082293,31.588892],[-93.078618,31.589833],[-93.076221,31.588926],[-93.074782,31.589327],[-93.068748,31.588629],[-93.065625,31.589762],[-93.06355,31.589328],[-93.061667,31.590092],[-93.058487,31.589685],[-93.057092,31.59035],[-93.051945,31.591131],[-93.049587,31.590883],[-93.046464,31.591681],[-93.045931,31.594194],[-93.045031,31.595316],[-93.041844,31.596787],[-93.038165,31.597221],[-93.049434,31.6092],[-93.050664,31.609185],[-93.054634,31.614366],[-93.062013,31.622199],[-93.057277,31.620238],[-93.056621,31.620887],[-93.05657,31.623356],[-93.055503,31.623862],[-93.056081,31.625427],[-93.061795,31.629948],[-93.064,31.632731],[-93.065048,31.635189],[-93.06618,31.639298],[-93.066662,31.642873],[-93.065646,31.64669],[-93.064393,31.648945],[-93.06429,31.650435],[-93.065839,31.653202],[-93.06809,31.655897],[-93.07337,31.656845],[-93.070109,31.657316],[-93.07027,31.660319],[-93.069357,31.66143],[-93.067042,31.662447],[-93.065422,31.667056],[-93.06766,31.670136],[-93.069866,31.671363],[-93.075448,31.671208],[-93.078136,31.670554],[-93.08085,31.669365],[-93.082284,31.669665],[-93.079002,31.673856],[-93.081632,31.675606],[-93.072455,31.690215],[-93.073976,31.690556],[-93.074986,31.692036],[-93.074575,31.695624],[-93.075648,31.697084],[-93.079541,31.692885],[-93.084492,31.692045],[-93.088556,31.690947],[-93.08995,31.689007],[-93.090555,31.686759],[-93.093227,31.682544],[-93.096149,31.678451],[-93.098317,31.676918],[-93.100021,31.670827],[-93.102341,31.664679],[-93.111834,31.674741],[-93.113877,31.674087],[-93.115562,31.671449],[-93.117516,31.670141],[-93.12104,31.666407],[-93.121058,31.677996],[-93.129547,31.67801],[-93.124677,31.676894],[-93.127089,31.673665],[-93.130294,31.673573],[-93.132744,31.673937],[-93.13351,31.672925],[-93.135221,31.673019],[-93.137008,31.673949],[-93.137695,31.675924],[-93.13902,31.676524],[-93.139655,31.678889],[-93.142491,31.681189],[-93.146658,31.681306],[-93.148988,31.679173],[-93.150441,31.679289],[-93.154468,31.677525],[-93.156597,31.675859],[-93.158124,31.675598],[-93.160732,31.679701],[-93.1836,31.669618],[-93.184645,31.671159],[-93.18641,31.677117],[-93.190634,31.678679],[-93.19322,31.681611],[-93.194635,31.684519],[-93.197327,31.685319],[-93.199223,31.687166],[-93.201136,31.686109],[-93.204616,31.685453],[-93.206669,31.683485],[-93.205885,31.68145],[-93.207108,31.678036],[-93.206912,31.675605],[-93.209235,31.67843],[-93.208936,31.676147],[-93.211353,31.673567],[-93.212407,31.671785],[-93.215494,31.669414],[-93.215918,31.668055],[-93.215261,31.666246],[-93.213473,31.66535],[-93.21272,31.663546],[-93.210612,31.662795],[-93.217909,31.660435],[-93.220833,31.661843],[-93.222925,31.662316],[-93.225564,31.663792],[-93.226234,31.661724],[-93.226919,31.663773],[-93.234084,31.667351],[-93.236226,31.666867],[-93.237358,31.668343],[-93.239911,31.667939],[-93.242648,31.665395],[-93.252784,31.667547],[-93.259589,31.668719],[-93.260257,31.672043],[-93.259828,31.672753],[-93.260737,31.676007],[-93.26004,31.678207],[-93.258485,31.679512],[-93.258564,31.681895],[-93.25792,31.683155],[-93.255962,31.684782],[-93.253709,31.688241],[-93.253601,31.689249],[-93.255154,31.69129],[-93.254832,31.692779],[-93.249772,31.693831],[-93.248725,31.697109],[-93.246877,31.699241],[-93.24862,31.700499],[-93.249131,31.702928],[-93.250657,31.703616],[-93.249736,31.70687],[-93.25194,31.709137],[-93.255169,31.709914],[-93.254915,31.712185],[-93.264496,31.710271],[-93.275569,31.729536],[-93.276893,31.728194],[-93.280422,31.727249],[-93.283636,31.727979],[-93.285877,31.727688],[-93.286092,31.730957],[-93.285143,31.733354],[-93.285622,31.73532],[-93.282787,31.735691],[-93.282727,31.739076],[-93.284079,31.738927],[-93.285914,31.742359],[-93.286641,31.742931],[-93.288783,31.742652],[-93.289806,31.744642],[-93.291408,31.749112],[-93.28977,31.748592],[-93.281187,31.748223],[-93.277908,31.749829],[-93.273922,31.749449],[-93.272256,31.74987],[-93.272389,31.751371],[-93.268362,31.757878],[-93.26812,31.760422],[-93.272248,31.76684],[-93.273723,31.768124],[-93.272864,31.77062],[-93.269267,31.773827],[-93.265751,31.777745],[-93.262853,31.779188],[-93.26083,31.781647],[-93.254558,31.788168],[-93.251927,31.79016],[-93.249056,31.791764],[-93.247365,31.791925],[-93.24463,31.793668],[-93.243182,31.795891],[-93.239131,31.79752],[-93.232799,31.799333],[-93.231699,31.798875],[-93.22899,31.800113],[-93.227542,31.803162],[-93.223921,31.805959],[-93.221614,31.808549],[-93.22325,31.810337],[-93.225594,31.811207],[-93.219918,31.811162],[-93.217833,31.809685],[-93.214216,31.806243],[-93.210782,31.807229],[-93.203811,31.808344],[-93.201127,31.808195],[-93.200168,31.807148],[-93.196016,31.806953],[-93.195666,31.807779],[-93.196627,31.809715],[-93.200898,31.815197],[-93.205545,31.817835],[-93.213004,31.81783],[-93.21338,31.825567],[-93.213639,31.82663],[-93.218772,31.842248],[-93.210546,31.848708],[-93.204638,31.851078],[-93.204456,31.855123],[-93.205728,31.859792],[-93.20616,31.860531],[-93.209407,31.859611],[-93.212755,31.859797],[-93.21506,31.860348],[-93.216799,31.861839],[-93.219152,31.865005],[-93.221242,31.865603],[-93.22633,31.865215],[-93.228688,31.865927],[-93.231257,31.86813],[-93.235114,31.869209],[-93.243204,31.869511],[-93.248749,31.87075],[-93.254052,31.873026],[-93.25719,31.874082],[-93.260922,31.874831],[-93.266854,31.878591],[-93.270908,31.882649],[-93.271712,31.884505],[-93.273056,31.885629],[-93.275875,31.886821],[-93.279528,31.887074],[-93.282375,31.887442],[-93.285221,31.889551],[-93.28839,31.890491],[-93.291774,31.889346],[-93.294218,31.890056],[-93.297602,31.892486],[-93.299375,31.892647],[-93.300019,31.893334],[-93.299831,31.895442],[-93.300878,31.896955],[-93.303177,31.89762],[-93.302726,31.895286],[-93.306574,31.894182],[-93.310603,31.89212],[-93.315195,31.889141],[-93.317425,31.888522],[-93.318579,31.887193],[-93.318498,31.8819],[-93.319224,31.881304],[-93.322661,31.880617],[-93.324245,31.877821],[-93.325937,31.878141],[-93.326716,31.877133],[-93.327226,31.873086],[-93.327225,31.8699],[-93.324862,31.868801],[-93.326661,31.866234],[-93.328728,31.865546],[-93.329435,31.863045],[-93.291394,31.844887],[-93.344957,31.870084],[-93.344062,31.867789],[-93.3482,31.864946],[-93.352848,31.862131],[-93.353896,31.862228],[-93.355378,31.865549],[-93.358953,31.866277],[-93.362017,31.867346],[-93.36578,31.867524],[-93.367964,31.872872],[-93.369308,31.873913],[-93.372346,31.874454],[-93.377999,31.874638],[-93.379943,31.878284],[-93.385665,31.876431],[-93.386869,31.875793],[-93.386608,31.872877],[-93.386907,31.86377],[-93.385134,31.863563],[-93.383629,31.864342],[-93.37901,31.863012],[-93.375922,31.863422],[-93.374217,31.862918],[-93.372149,31.863515],[-93.370108,31.862554],[-93.367125,31.862281],[-93.364349,31.860704],[-93.365351,31.860281],[-93.368568,31.86054],[-93.372699,31.859015],[-93.372824,31.858354],[-93.369296,31.856099],[-93.368651,31.854719],[-93.371588,31.85476],[-93.374344,31.854241],[-93.378018,31.85583],[-93.381866,31.856326],[-93.383956,31.85587],[-93.386037,31.856408],[-93.388684,31.852216],[-93.389467,31.847967],[-93.389581,31.842338],[-93.387502,31.842164],[-93.384551,31.838977],[-93.381168,31.838907],[-93.379209,31.83815],[-93.371031,31.839685],[-93.3684,31.838448],[-93.365689,31.840443],[-93.363058,31.840467],[-93.361018,31.841797],[-93.356804,31.842424],[-93.355368,31.840421],[-93.355443,31.837379],[-93.352385,31.835084],[-93.352077,31.833702],[-93.353256,31.831765],[-93.352928,31.830504],[-93.3492,31.826171],[-93.346777,31.822742],[-93.347482,31.819938],[-93.349923,31.816522],[-93.349185,31.814023],[-93.350439,31.812784],[-93.350623,31.80431],[-93.350499,31.80213],[-93.348761,31.797006],[-93.348681,31.794405],[-93.347106,31.793893],[-93.347185,31.790173],[-93.344241,31.78924],[-93.342302,31.787335],[-93.338295,31.786278],[-93.337505,31.78656],[-93.339159,31.783884],[-93.341217,31.78205],[-93.344778,31.779869],[-93.344731,31.777825],[-93.345387,31.77611],[-93.349014,31.771032],[-93.351179,31.76647],[-93.351922,31.76568],[-93.35649,31.763026],[-93.358155,31.760084],[-93.362165,31.756257],[-93.36382,31.753109],[-93.364324,31.751204],[-93.366141,31.74814],[-93.368404,31.745412],[-93.370339,31.744433],[-93.372932,31.741959],[-93.373022,31.736545],[-93.378713,31.737389],[-93.382931,31.737202],[-93.389466,31.738435],[-93.393248,31.738889],[-93.39304,31.736591],[-93.39438,31.736413],[-93.394234,31.734183],[-93.391851,31.731599],[-93.390318,31.727564],[-93.389932,31.725625],[-93.387576,31.721584],[-93.384961,31.719255],[-93.381623,31.717902],[-93.380322,31.714364],[-93.399375,31.714303],[-93.40153,31.71198],[-93.40226,31.71022],[-93.40609,31.70893],[-93.40678,31.70591],[-93.40692,31.69844],[-93.40645,31.69515],[-93.40648,31.69167],[-93.40692,31.69116],[-93.41077,31.69002],[-93.411,31.68349],[-93.41431,31.68345],[-93.4149,31.68307],[-93.41511,31.67884],[-93.41482,31.67417],[-93.41417,31.67226],[-93.41471,31.6711],[-93.41858,31.66774],[-93.423163,31.666533]]]}},{"type":"Feature","properties":{"zcta5":"71070","AFFGEOID10":"8600000US71070","GEOID10":"71070","ALAND10":529555452,"AWATER10":14158055,"county_name":"Natchitoches","state_code":"LA","county_state":"Natchitoches County, LA","county_fips":"22069","risk_level_county":"Higher Risk (60–69% vaccinated)","mean_vaccination_rate_county":61.82,"risk_level_zcta":"Medium Risk (70–79% vaccinated)","mean_vaccination_rate_zips":70.92,"cases":3},"geometry":{"type":"Polygon","coordinates":[[[-93.187162,32.148412],[-93.18638,32.146867],[-93.18671,32.145443],[-93.185663,32.14294],[-93.181229,32.141208],[-93.176381,32.137048],[-93.177668,32.136153],[-93.175806,32.134734],[-93.173505,32.134645],[-93.174501,32.133397],[-93.174301,32.132116],[-93.172969,32.131867],[-93.173958,32.130681],[-93.17149,32.12981],[-93.171244,32.127952],[-93.169138,32.127567],[-93.168252,32.128348],[-93.168039,32.125157],[-93.166787,32.122664],[-93.16501,32.121026],[-93.163157,32.115702],[-93.160979,32.11376],[-93.157561,32.113214],[-93.15709,32.11234],[-93.157336,32.11113],[-93.155779,32.109596],[-93.154882,32.107197],[-93.152395,32.104512],[-93.152208,32.102621],[-93.152796,32.102506],[-93.157146,32.09913],[-93.159485,32.098706],[-93.159375,32.096727],[-93.161456,32.095809],[-93.162303,32.093411],[-93.164306,32.093317],[-93.164274,32.092537],[-93.163222,32.089364],[-93.162951,32.086894],[-93.161117,32.083897],[-93.161996,32.083605],[-93.16002,32.081592],[-93.156738,32.081359],[-93.157217,32.080084],[-93.153665,32.077075],[-93.149428,32.075775],[-93.147717,32.074373],[-93.147608,32.072712],[-93.145606,32.072699],[-93.144896,32.070532],[-93.143663,32.070208],[-93.143115,32.068492],[-93.144091,32.06665],[-93.142322,32.065522],[-93.142768,32.063526],[-93.141328,32.062821],[-93.13914,32.060467],[-93.137321,32.056336],[-93.136127,32.056224],[-93.137433,32.052656],[-93.135587,32.051406],[-93.138816,32.050825],[-93.137725,32.049208],[-93.139127,32.049411],[-93.138249,32.048206],[-93.139379,32.04735],[-93.141342,32.048098],[-93.141563,32.046141],[-93.143255,32.044673],[-93.14055,32.043638],[-93.14192,32.040619],[-93.143857,32.04189],[-93.145266,32.038893],[-93.148172,32.036942],[-93.148625,32.03528],[-93.152099,32.033934],[-93.151854,32.032663],[-93.154502,32.02926],[-93.15671,32.029474],[-93.156323,32.028139],[-93.157989,32.028458],[-93.158906,32.027749],[-93.156492,32.024751],[-93.157662,32.021413],[-93.157624,32.019844],[-93.156307,32.019278],[-93.155578,32.017552],[-93.155889,32.015631],[-93.15842,32.013339],[-93.157394,32.011491],[-93.158098,32.009407],[-93.154729,32.008125],[-93.154491,32.00598],[-93.151606,32.005951],[-93.151433,32.004268],[-93.153143,32.005105],[-93.154382,32.003824],[-93.153137,32.002817],[-93.149987,32.002992],[-93.148077,32.001835],[-93.145991,31.998816],[-93.146862,31.998031],[-93.146393,31.996679],[-93.144355,31.996264],[-93.143798,31.994326],[-93.141789,31.994068],[-93.140745,31.991015],[-93.139268,31.989708],[-93.13615,31.989685],[-93.134268,31.988151],[-93.135073,31.987095],[-93.1361,31.983242],[-93.135347,31.982378],[-93.131886,31.981623],[-93.129567,31.979944],[-93.128899,31.977656],[-93.126288,31.976023],[-93.124305,31.973615],[-93.121188,31.97261],[-93.120348,31.972534],[-93.120109,31.969156],[-93.116625,31.968487],[-93.115235,31.964258],[-93.113486,31.962515],[-93.110788,31.9614],[-93.109941,31.957204],[-93.108115,31.956302],[-93.105193,31.955814],[-93.102013,31.95647],[-93.100407,31.957174],[-93.098537,31.960881],[-93.095867,31.961174],[-93.086551,31.960835],[-93.081177,31.957492],[-93.077267,31.957047],[-93.06959,31.955425],[-93.064991,31.953808],[-93.058818,31.953275],[-93.055528,31.953747],[-93.051967,31.954792],[-93.048954,31.956552],[-93.045509,31.957932],[-93.044044,31.959345],[-93.039948,31.961385],[-93.038051,31.960637],[-93.032582,31.957099],[-93.03155,31.955801],[-93.030339,31.951637],[-93.028285,31.948561],[-93.02282,31.946069],[-93.018931,31.945336],[-93.015642,31.943339],[-93.013842,31.944389],[-93.010965,31.945036],[-93.009971,31.946141],[-93.010408,31.948732],[-93.012065,31.950751],[-93.013122,31.950818],[-93.014062,31.954057],[-93.013214,31.960024],[-93.009019,31.962828],[-93.007109,31.964878],[-93.006333,31.967562],[-93.006306,31.96958],[-93.007221,31.970087],[-92.992804,31.976786],[-92.990337,31.978959],[-92.988295,31.979711],[-92.985493,31.981958],[-92.983604,31.981944],[-92.983792,31.983978],[-92.985175,31.985729],[-92.98987,31.986898],[-92.990964,31.988249],[-92.992846,31.988974],[-92.995989,31.991774],[-92.999987,31.993837],[-93.000959,31.9951],[-93.000533,31.998264],[-93.001356,32.001396],[-92.999962,32.004793],[-93.001332,32.005215],[-93.003356,32.004603],[-93.005168,32.005003],[-93.008814,32.004779],[-93.011337,32.00539],[-93.014845,32.004723],[-93.016885,32.005052],[-93.01856,32.007685],[-93.019182,32.011104],[-93.018931,32.016917],[-93.016199,32.022661],[-93.014909,32.024147],[-93.013902,32.02778],[-93.012361,32.030318],[-93.009478,32.033766],[-93.013544,32.033749],[-93.015346,32.034785],[-93.016718,32.0366],[-93.016055,32.052684],[-93.016146,32.055041],[-93.015023,32.054658],[-93.006145,32.042481],[-92.999288,32.034014],[-92.997055,32.033695],[-92.993218,32.03607],[-92.99024,32.037466],[-92.986552,32.040258],[-92.982166,32.041832],[-92.976876,32.046258],[-92.97565,32.04831],[-92.973206,32.050694],[-92.976115,32.052],[-92.978658,32.054485],[-92.973899,32.054679],[-92.972394,32.053452],[-92.970076,32.053821],[-92.96797,32.053229],[-92.96498,32.053525],[-92.963669,32.051958],[-92.961557,32.050541],[-92.959555,32.050217],[-92.957334,32.05207],[-92.955307,32.052647],[-92.954577,32.053688],[-92.947158,32.057361],[-92.943457,32.057615],[-92.93884,32.055025],[-92.937368,32.0537],[-92.935895,32.054595],[-92.932014,32.053359],[-92.930458,32.050646],[-92.93049,32.0492],[-92.929315,32.048733],[-92.927229,32.049321],[-92.926803,32.048541],[-92.922729,32.049041],[-92.92063,32.048419],[-92.918596,32.049645],[-92.915735,32.049996],[-92.914948,32.049221],[-92.913112,32.049503],[-92.909833,32.051226],[-92.908276,32.054015],[-92.90854,32.05528],[-92.90679,32.055736],[-92.903148,32.054916],[-92.902076,32.055614],[-92.902631,32.056676],[-92.900506,32.056796],[-92.901106,32.057631],[-92.9017,32.05942],[-92.900627,32.059887],[-92.901847,32.061922],[-92.903184,32.062649],[-92.90195,32.06338],[-92.902395,32.064469],[-92.901761,32.06756],[-92.902232,32.068444],[-92.904919,32.069128],[-92.906753,32.070641],[-92.908437,32.073318],[-92.909794,32.072918],[-92.909613,32.074601],[-92.910937,32.07492],[-92.911756,32.076839],[-92.910858,32.0775],[-92.910128,32.080255],[-92.908325,32.080765],[-92.910185,32.082158],[-92.909552,32.082515],[-92.906452,32.082146],[-92.906239,32.081057],[-92.904863,32.081457],[-92.905656,32.085555],[-92.90495,32.090224],[-92.907792,32.092447],[-92.909,32.092134],[-92.908651,32.093421],[-92.91055,32.094043],[-92.909735,32.095643],[-92.911408,32.096925],[-92.910846,32.098025],[-92.912151,32.098031],[-92.911601,32.100378],[-92.912763,32.10342],[-92.916465,32.106017],[-92.916097,32.106853],[-92.91777,32.107095],[-92.919062,32.109851],[-92.919146,32.108938],[-92.920949,32.108629],[-92.921439,32.110951],[-92.922783,32.110554],[-92.924903,32.112288],[-92.925225,32.114477],[-92.926537,32.115873],[-92.925736,32.117297],[-92.926465,32.119157],[-92.928682,32.120399],[-92.930045,32.122386],[-92.931661,32.123337],[-92.931687,32.126824],[-92.931292,32.127975],[-92.932966,32.128404],[-92.93146,32.130063],[-92.933082,32.130136],[-92.931887,32.134541],[-92.932875,32.13458],[-92.93336,32.136373],[-92.932184,32.13651],[-92.93506,32.139062],[-92.935545,32.140397],[-92.93813,32.142983],[-92.937652,32.144852],[-92.93908,32.147942],[-92.814737,32.146907],[-92.817103,32.148246],[-92.817498,32.14923],[-92.821135,32.151128],[-92.819857,32.151729],[-92.819448,32.154048],[-92.817464,32.154302],[-92.819242,32.155889],[-92.819531,32.158161],[-92.821471,32.160704],[-92.82131,32.162057],[-92.8223,32.162784],[-92.822824,32.166209],[-92.823851,32.166986],[-92.824383,32.169325],[-92.823111,32.171901],[-92.823149,32.173912],[-92.820324,32.177007],[-92.817636,32.176869],[-92.815595,32.177315],[-92.81643,32.178084],[-92.81578,32.181036],[-92.812606,32.183852],[-92.812594,32.185492],[-92.816736,32.186101],[-92.819416,32.185543],[-92.82009,32.18711],[-92.82133,32.20257],[-92.82419,32.20365],[-92.82837,32.20421],[-92.83108,32.20532],[-92.83977,32.20547],[-92.842458,32.205249],[-92.8449,32.20693],[-92.846478,32.209216],[-92.85199,32.20933],[-92.86351,32.20923],[-92.86571,32.20901],[-92.86949,32.21258],[-92.87485,32.21496],[-92.8792,32.21662],[-92.88068,32.2181],[-92.88117,32.22008],[-92.88149,32.22433],[-92.88288,32.22268],[-92.88859,32.22326],[-92.88949,32.22259],[-92.894729,32.237355],[-92.90195,32.235],[-92.914,32.23511],[-92.91666,32.23249],[-92.936114,32.222181],[-92.940715,32.222771],[-92.94013,32.22488],[-92.94078,32.22686],[-92.93703,32.22985],[-92.93705,32.23681],[-92.9376,32.23883],[-92.93936,32.23921],[-92.9407,32.24177],[-92.94244,32.23982],[-92.942545,32.237799],[-92.944722,32.238247],[-92.945989,32.237628],[-92.949116,32.237811],[-92.951489,32.238682],[-92.95316,32.237925],[-92.953602,32.234361],[-92.95936,32.23956],[-92.95845,32.24239],[-92.956477,32.244895],[-92.958851,32.245303],[-92.958843,32.248123],[-92.959938,32.24999],[-92.96058,32.25312],[-92.96616,32.25036],[-92.97054,32.24932],[-92.97381,32.24926],[-92.976805,32.250154],[-92.977469,32.245639],[-92.979571,32.243659],[-92.978684,32.24213],[-92.977176,32.241327],[-92.977667,32.238814],[-92.97898,32.239281],[-92.979258,32.23679],[-92.98147,32.235705],[-92.981534,32.23328],[-92.982925,32.234083],[-92.983172,32.236211],[-92.985353,32.237596],[-92.989228,32.235835],[-92.993738,32.236251],[-92.997126,32.236964],[-92.997142,32.235422],[-93.001526,32.235753],[-93.001846,32.221353],[-93.013308,32.221439],[-93.01383,32.2192],[-93.0172,32.21377],[-93.0174,32.20464],[-93.01661,32.1995],[-93.01653,32.19704],[-93.01359,32.18177],[-93.01284,32.17959],[-93.014329,32.1776],[-93.01353,32.176446],[-93.01176,32.1759],[-93.01175,32.17393],[-93.010198,32.170625],[-93.012119,32.169185],[-93.014117,32.168608],[-93.014937,32.170599],[-93.015391,32.16829],[-93.016822,32.168583],[-93.019356,32.164507],[-93.021523,32.163771],[-93.02098,32.163045],[-93.023165,32.163326],[-93.023128,32.158277],[-93.022334,32.157166],[-93.023278,32.156001],[-93.023712,32.152816],[-93.024916,32.15005],[-93.026223,32.148431],[-93.117199,32.148307],[-93.125089,32.148021],[-93.167654,32.148258],[-93.187162,32.148412]]]}},{"type":"Feature","properties":{"zcta5":"71065","AFFGEOID10":"8600000US71065","GEOID10":"71065","ALAND10":147894440,"AWATER10":55106,"county_name":"Natchitoches","state_code":"LA","county_state":"Natchitoches County, LA","county_fips":"22069","risk_level_county":"Higher Risk (60–69% vaccinated)","mean_vaccination_rate_county":61.82,"risk_level_zcta":"Higher Risk (60–69% vaccinated)","mean_vaccination_rate_zips":65.79,"cases":3},"geometry":{"type":"Polygon","coordinates":[[[-93.598861,31.845615],[-93.598932,31.841777],[-93.598236,31.840941],[-93.598995,31.839307],[-93.598872,31.836151],[-93.600234,31.834801],[-93.600356,31.833019],[-93.601478,31.830947],[-93.602025,31.827977],[-93.601405,31.82476],[-93.601984,31.824105],[-93.601879,31.819585],[-93.600514,31.818958],[-93.599894,31.816868],[-93.598523,31.816891],[-93.597865,31.815291],[-93.600466,31.814184],[-93.598849,31.812315],[-93.59995,31.809228],[-93.59635,31.81187],[-93.59399,31.81299],[-93.59165,31.81322],[-93.5588,31.813597],[-93.558492,31.812919],[-93.559156,31.810681],[-93.560888,31.808569],[-93.559504,31.807018],[-93.560889,31.805891],[-93.560785,31.804384],[-93.562421,31.804197],[-93.562621,31.80269],[-93.566852,31.800116],[-93.56662,31.799286],[-93.568384,31.799555],[-93.569472,31.797735],[-93.57192,31.797674],[-93.572905,31.796304],[-93.574347,31.796172],[-93.574508,31.79439],[-93.576285,31.792839],[-93.57832,31.792091],[-93.579755,31.791799],[-93.580676,31.790397],[-93.582427,31.790463],[-93.583277,31.788615],[-93.581712,31.788065],[-93.582684,31.78697],[-93.581879,31.786255],[-93.582007,31.78256],[-93.584292,31.779633],[-93.585451,31.779419],[-93.586461,31.777785],[-93.587948,31.777257],[-93.588122,31.775123],[-93.58948,31.77493],[-93.589653,31.7735],[-93.591816,31.773164],[-93.591481,31.77004],[-93.593888,31.768885],[-93.593547,31.767983],[-93.595265,31.768049],[-93.595825,31.766272],[-93.597234,31.765837],[-93.593706,31.764062],[-93.592368,31.76525],[-93.587083,31.766599],[-93.584819,31.765545],[-93.579752,31.764641],[-93.579139,31.766405],[-93.576834,31.766388],[-93.573616,31.765616],[-93.568254,31.765124],[-93.567581,31.763133],[-93.565089,31.764054],[-93.563827,31.762477],[-93.562298,31.762091],[-93.561577,31.7631],[-93.559434,31.763722],[-93.555842,31.763959],[-93.555813,31.76286],[-93.552946,31.762843],[-93.548491,31.759921],[-93.548489,31.759074],[-93.546343,31.75759],[-93.541597,31.756522],[-93.53897,31.756276],[-93.539102,31.755268],[-93.537413,31.754539],[-93.532695,31.753975],[-93.528215,31.751395],[-93.527306,31.752313],[-93.522358,31.749608],[-93.520756,31.747517],[-93.517333,31.747005],[-93.515809,31.743542],[-93.510901,31.743552],[-93.510744,31.744478],[-93.512216,31.746002],[-93.509481,31.746243],[-93.509221,31.765364],[-93.50451,31.76531],[-93.50411,31.76763],[-93.502103,31.768402],[-93.502403,31.770023],[-93.501237,31.770787],[-93.500623,31.773795],[-93.498103,31.77506],[-93.497222,31.777035],[-93.498288,31.77989],[-93.496041,31.779873],[-93.495577,31.755382],[-93.49237,31.7555],[-93.49253,31.75107],[-93.492215,31.748803],[-93.488221,31.751613],[-93.485935,31.751113],[-93.482898,31.752192],[-93.480799,31.750449],[-93.479769,31.748583],[-93.476583,31.747682],[-93.475785,31.748216],[-93.472934,31.748096],[-93.472232,31.748365],[-93.471679,31.75087],[-93.468184,31.753434],[-93.466736,31.753704],[-93.464323,31.756064],[-93.46255,31.757181],[-93.462377,31.76354],[-93.45851,31.76079],[-93.45797,31.76187],[-93.44694,31.76162],[-93.441283,31.761647],[-93.440761,31.78713],[-93.440653,31.789009],[-93.44098,31.824861],[-93.438096,31.82466],[-93.432455,31.823399],[-93.425051,31.823411],[-93.42368,31.823878],[-93.421944,31.823502],[-93.414849,31.823893],[-93.414356,31.825714],[-93.41493,31.827738],[-93.416895,31.830086],[-93.419605,31.830987],[-93.41975,31.834497],[-93.42188,31.836195],[-93.42417,31.837283],[-93.423823,31.838716],[-93.424912,31.841782],[-93.425762,31.84636],[-93.424867,31.848318],[-93.423912,31.847998],[-93.423825,31.851102],[-93.423205,31.854101],[-93.423151,31.85635],[-93.419507,31.86095],[-93.419414,31.86961],[-93.420204,31.872455],[-93.422201,31.872278],[-93.42364,31.877538],[-93.425656,31.880167],[-93.426445,31.884084],[-93.426377,31.887321],[-93.426881,31.889579],[-93.428035,31.893738],[-93.431174,31.896934],[-93.432707,31.896942],[-93.43326,31.902595],[-93.433789,31.903393],[-93.438357,31.903294],[-93.438176,31.900125],[-93.437689,31.899157],[-93.439758,31.897935],[-93.43973,31.895856],[-93.440898,31.893925],[-93.441557,31.875164],[-93.440949,31.859764],[-93.441171,31.845233],[-93.4986,31.84529],[-93.576767,31.845499],[-93.577846,31.845637],[-93.5853,31.845832],[-93.598861,31.845615]]]}},{"type":"Feature","properties":{"zcta5":"71416","AFFGEOID10":"8600000US71416","GEOID10":"71416","ALAND10":174644138,"AWATER10":5227573,"county_name":"Natchitoches","state_code":"LA","county_state":"Natchitoches County, LA","county_fips":"22069","risk_level_county":"Higher Risk (60–69% vaccinated)","mean_vaccination_rate_county":61.82,"risk_level_zcta":"Higher Risk (60–69% vaccinated)","mean_vaccination_rate_zips":62.97,"cases":3},"geometry":{"type":"Polygon","coordinates":[[[-92.995204,31.573678],[-92.996294,31.572626],[-92.993244,31.570285],[-92.995574,31.568284],[-92.991015,31.566739],[-92.98559,31.563458],[-92.964881,31.546815],[-92.961742,31.543939],[-92.959616,31.541484],[-92.953201,31.533279],[-92.950296,31.530927],[-92.945676,31.528421],[-92.946647,31.526688],[-92.947946,31.528337],[-92.955778,31.534855],[-92.957686,31.532803],[-92.958738,31.529805],[-92.961583,31.527555],[-92.965009,31.527288],[-92.966103,31.527887],[-92.966327,31.529924],[-92.967704,31.53253],[-92.969383,31.533446],[-92.975655,31.530171],[-92.977267,31.5297],[-92.982556,31.53014],[-92.984668,31.528825],[-92.987184,31.527936],[-92.987983,31.526208],[-92.989128,31.525509],[-92.989957,31.523785],[-92.991062,31.523697],[-92.991514,31.521696],[-92.992611,31.520021],[-92.996674,31.517562],[-92.99852,31.517673],[-93.002605,31.516524],[-93.003623,31.51423],[-93.002743,31.51042],[-93.003011,31.508998],[-93.005526,31.508924],[-93.009487,31.5117],[-93.010796,31.512046],[-93.014311,31.511706],[-93.017057,31.511925],[-93.018359,31.510951],[-93.021516,31.511603],[-93.024323,31.511388],[-93.0268,31.510506],[-93.029083,31.510626],[-93.031917,31.508859],[-93.034079,31.508497],[-93.03525,31.507382],[-93.033809,31.50304],[-93.031829,31.498478],[-93.031808,31.496747],[-93.032925,31.494318],[-93.033736,31.490718],[-93.033471,31.489517],[-93.031197,31.488209],[-93.02773,31.487476],[-93.026408,31.485963],[-93.023352,31.484312],[-93.021859,31.48123],[-93.019939,31.479364],[-93.017576,31.478664],[-93.014092,31.476025],[-93.004724,31.472742],[-93.00233,31.47158],[-92.998409,31.466146],[-92.995968,31.463685],[-92.99317,31.462554],[-92.992011,31.461173],[-92.989816,31.46031],[-92.987335,31.460263],[-92.985083,31.458359],[-92.982735,31.456948],[-92.980544,31.457942],[-92.978741,31.458043],[-92.976579,31.459037],[-92.972379,31.457568],[-92.971228,31.457532],[-92.961803,31.460838],[-92.96034,31.459504],[-92.95731,31.457538],[-92.9571,31.456415],[-92.958391,31.453945],[-92.958548,31.452202],[-92.956475,31.449703],[-92.957394,31.446911],[-92.956603,31.446067],[-92.952788,31.44361],[-92.951707,31.44205],[-92.949936,31.440854],[-92.94868,31.441995],[-92.949989,31.443304],[-92.947314,31.446577],[-92.94904,31.448546],[-92.947391,31.448931],[-92.947885,31.449805],[-92.946051,31.452589],[-92.946814,31.453804],[-92.945152,31.455196],[-92.946795,31.457748],[-92.94684,31.459876],[-92.943292,31.462269],[-92.942895,31.463595],[-92.944422,31.466075],[-92.941169,31.467137],[-92.937934,31.469947],[-92.93796,31.471125],[-92.93658,31.470624],[-92.937081,31.473435],[-92.935027,31.474749],[-92.930612,31.473929],[-92.929149,31.474474],[-92.928853,31.476993],[-92.926453,31.479512],[-92.924502,31.48021],[-92.9216,31.482091],[-92.919681,31.482272],[-92.917499,31.484417],[-92.917479,31.485693],[-92.916349,31.488162],[-92.914095,31.491561],[-92.918588,31.494477],[-92.917368,31.497249],[-92.918542,31.498459],[-92.918651,31.500802],[-92.919755,31.502705],[-92.922547,31.504592],[-92.924813,31.505087],[-92.926084,31.507007],[-92.9274,31.507568],[-92.927316,31.510791],[-92.929298,31.513326],[-92.927299,31.516498],[-92.924632,31.518102],[-92.923427,31.521732],[-92.874297,31.50204],[-92.872371,31.50596],[-92.869732,31.505576],[-92.869129,31.506968],[-92.87028,31.509921],[-92.870147,31.512149],[-92.866097,31.515511],[-92.863357,31.517377],[-92.860494,31.518269],[-92.856654,31.518518],[-92.851543,31.517112],[-92.847934,31.515215],[-92.846668,31.512872],[-92.850942,31.508333],[-92.853188,31.504439],[-92.852527,31.499998],[-92.857978,31.497883],[-92.86135,31.494561],[-92.851845,31.487515],[-92.851236,31.490232],[-92.848464,31.492098],[-92.848157,31.493016],[-92.855242,31.495446],[-92.85405,31.495671],[-92.852214,31.494764],[-92.848452,31.49515],[-92.843349,31.494046],[-92.83734,31.490115],[-92.835645,31.490066],[-92.832708,31.491365],[-92.846615,31.514846],[-92.843642,31.517427],[-92.845244,31.518597],[-92.848295,31.521913],[-92.85104,31.521847],[-92.851768,31.52262],[-92.857789,31.527133],[-92.840323,31.543524],[-92.839756,31.544572],[-92.837136,31.54427],[-92.832878,31.545293],[-92.828517,31.54591],[-92.827894,31.54657],[-92.828364,31.548759],[-92.830702,31.552086],[-92.830613,31.554325],[-92.828709,31.555445],[-92.825197,31.557189],[-92.823106,31.557834],[-92.817213,31.558247],[-92.813481,31.560053],[-92.811342,31.55957],[-92.809945,31.560308],[-92.807015,31.558],[-92.80712,31.567936],[-92.807848,31.570112],[-92.806011,31.569435],[-92.80391,31.569996],[-92.802099,31.571431],[-92.796253,31.569682],[-92.795213,31.567812],[-92.791101,31.569731],[-92.784965,31.570824],[-92.783186,31.570697],[-92.782656,31.571543],[-92.787122,31.576196],[-92.793958,31.580567],[-92.79968,31.585984],[-92.802058,31.589196],[-92.803587,31.591977],[-92.806174,31.594361],[-92.808881,31.595097],[-92.811829,31.595142],[-92.813924,31.596221],[-92.824564,31.596274],[-92.828933,31.597438],[-92.833942,31.59794],[-92.837677,31.597757],[-92.841072,31.59893],[-92.840947,31.601233],[-92.847603,31.603936],[-92.85284,31.60673],[-92.856183,31.608937],[-92.862239,31.613348],[-92.869061,31.617196],[-92.871434,31.617664],[-92.878088,31.616492],[-92.883074,31.616602],[-92.886745,31.6178],[-92.891993,31.618876],[-92.901485,31.621133],[-92.906321,31.623628],[-92.908956,31.626029],[-92.909994,31.628551],[-92.910008,31.633054],[-92.908774,31.638384],[-92.904907,31.647692],[-92.902933,31.653613],[-92.90241,31.656836],[-92.906231,31.656992],[-92.908027,31.652409],[-92.910226,31.644801],[-92.911326,31.63889],[-92.911354,31.637377],[-92.9128,31.636461],[-92.9124,31.632427],[-92.912201,31.625168],[-92.911732,31.624421],[-92.907475,31.622128],[-92.901664,31.618643],[-92.899148,31.616511],[-92.901136,31.612986],[-92.909987,31.609105],[-92.91262,31.60925],[-92.92331,31.607992],[-92.927685,31.606023],[-92.929698,31.606119],[-92.931995,31.608703],[-92.9321,31.607429],[-92.930866,31.604942],[-92.927903,31.605256],[-92.927312,31.603941],[-92.927633,31.602286],[-92.92942,31.599882],[-92.931226,31.598337],[-92.932409,31.595955],[-92.934806,31.594553],[-92.935564,31.592397],[-92.932981,31.591192],[-92.930539,31.59161],[-92.928007,31.592737],[-92.924531,31.593051],[-92.922635,31.592242],[-92.921508,31.590482],[-92.919822,31.585119],[-92.918627,31.584487],[-92.91598,31.584745],[-92.912594,31.586169],[-92.911232,31.584898],[-92.911849,31.58239],[-92.911471,31.580729],[-92.909724,31.579546],[-92.907995,31.579391],[-92.904848,31.578296],[-92.901918,31.578004],[-92.898931,31.576023],[-92.902248,31.571046],[-92.903001,31.567955],[-92.901656,31.565779],[-92.903959,31.56718],[-92.906329,31.567219],[-92.910087,31.564838],[-92.913605,31.563171],[-92.915792,31.562647],[-92.916588,31.561806],[-92.920222,31.55424],[-92.922438,31.547324],[-92.921476,31.543382],[-92.921613,31.541347],[-92.934317,31.544695],[-92.938149,31.545546],[-92.938131,31.54654],[-92.942321,31.547611],[-92.94574,31.543246],[-92.946707,31.540527],[-92.946652,31.538717],[-92.945665,31.535561],[-92.947086,31.535377],[-92.948717,31.537362],[-92.948127,31.540987],[-92.946798,31.543451],[-92.943099,31.547659],[-92.942405,31.549743],[-92.943292,31.550761],[-92.947788,31.552311],[-92.949528,31.552053],[-92.955334,31.549362],[-92.95868,31.548124],[-92.960267,31.548515],[-92.961295,31.550192],[-92.962092,31.553272],[-92.961297,31.558173],[-92.961445,31.560043],[-92.963,31.56277],[-92.965146,31.56453],[-92.968275,31.564716],[-92.971293,31.562235],[-92.972995,31.561987],[-92.974775,31.56285],[-92.976626,31.565071],[-92.977166,31.567084],[-92.979762,31.568266],[-92.979455,31.570818],[-92.980008,31.572446],[-92.982264,31.574673],[-92.98461,31.576173],[-92.986454,31.576591],[-92.990238,31.576677],[-92.995204,31.573678]]]}},{"type":"Feature","properties":{"zcta5":"71019","AFFGEOID10":"8600000US71019","GEOID10":"71019","ALAND10":847743367,"AWATER10":25066897,"county_name":"Natchitoches","state_code":"LA","county_state":"Natchitoches County, LA","county_fips":"22069","risk_level_county":"Higher Risk (60–69% vaccinated)","mean_vaccination_rate_county":61.82,"risk_level_zcta":"Higher Risk (60–69% vaccinated)","mean_vaccination_rate_zips":69.61,"cases":3},"geometry":{"type":"Polygon","coordinates":[[[-93.444481,32.072423],[-93.443063,32.071263],[-93.474687,32.08617],[-93.478489,32.084972],[-93.488087,32.084803],[-93.504341,32.083365],[-93.507811,32.081902],[-93.510758,32.078343],[-93.508141,32.076608],[-93.505874,32.073301],[-93.505878,32.071993],[-93.507049,32.06996],[-93.506867,32.066957],[-93.505575,32.065286],[-93.501553,32.062975],[-93.498688,32.062522],[-93.49392,32.061197],[-93.491232,32.061048],[-93.487331,32.059851],[-93.484818,32.059882],[-93.483137,32.059379],[-93.480312,32.057043],[-93.479398,32.05362],[-93.479459,32.047362],[-93.480218,32.043076],[-93.480967,32.040846],[-93.481179,32.032031],[-93.480853,32.03089],[-93.480362,32.030026],[-93.476837,32.027146],[-93.475787,32.026722],[-93.472621,32.027163],[-93.470029,32.025931],[-93.467363,32.026103],[-93.465496,32.02553],[-93.464004,32.021887],[-93.461101,32.021576],[-93.460366,32.020259],[-93.461505,32.01852],[-93.461626,32.017034],[-93.458502,32.013574],[-93.457547,32.008146],[-93.458522,32.007001],[-93.456527,32.006174],[-93.454656,32.004588],[-93.453084,32.001336],[-93.45037,31.999626],[-93.447465,31.999356],[-93.443539,31.993998],[-93.443976,31.991585],[-93.441766,31.989358],[-93.440284,31.988803],[-93.435303,31.988287],[-93.433999,31.989073],[-93.43172,31.989405],[-93.429413,31.989208],[-93.425125,31.99048],[-93.422816,31.989685],[-93.422596,31.988344],[-93.424048,31.985076],[-93.423069,31.983709],[-93.41956,31.98496],[-93.418012,31.985183],[-93.414717,31.988773],[-93.413078,31.989258],[-93.41091,31.988259],[-93.406582,31.987978],[-93.405071,31.985445],[-93.404598,31.982338],[-93.401346,31.980162],[-93.400552,31.978308],[-93.398194,31.977039],[-93.395718,31.976359],[-93.393232,31.974126],[-93.391513,31.973987],[-93.388132,31.970993],[-93.386765,31.970287],[-93.38333,31.966888],[-93.380801,31.96493],[-93.378954,31.965001],[-93.377998,31.965994],[-93.376181,31.965555],[-93.373834,31.962623],[-93.372842,31.961967],[-93.372759,31.959793],[-93.374429,31.958451],[-93.37405,31.95436],[-93.370553,31.952249],[-93.369653,31.949737],[-93.370048,31.944186],[-93.367827,31.942108],[-93.368535,31.939784],[-93.36777,31.937099],[-93.366496,31.935989],[-93.364836,31.935584],[-93.362934,31.935868],[-93.36034,31.936975],[-93.358595,31.935939],[-93.35614,31.936904],[-93.353427,31.935399],[-93.353234,31.933588],[-93.355452,31.932222],[-93.372159,31.932356],[-93.371752,31.932919],[-93.377907,31.932712],[-93.37628,31.928573],[-93.377286,31.926253],[-93.377477,31.923442],[-93.380175,31.923303],[-93.381404,31.922617],[-93.381989,31.924052],[-93.384101,31.925849],[-93.387704,31.925266],[-93.39134,31.920661],[-93.395184,31.91857],[-93.398813,31.91791],[-93.40285,31.918781],[-93.407601,31.918889],[-93.410201,31.920616],[-93.414266,31.924195],[-93.41564,31.927154],[-93.415205,31.928569],[-93.415994,31.929519],[-93.41431,31.932402],[-93.415333,31.934132],[-93.420165,31.933964],[-93.42002,31.933084],[-93.421494,31.931266],[-93.423851,31.931416],[-93.424151,31.929611],[-93.425242,31.92789],[-93.425128,31.925031],[-93.42768,31.923541],[-93.429557,31.925344],[-93.430085,31.923632],[-93.433294,31.921253],[-93.435514,31.918973],[-93.435084,31.918238],[-93.436508,31.917176],[-93.437001,31.915223],[-93.438381,31.915364],[-93.440598,31.913582],[-93.439959,31.911999],[-93.440317,31.910541],[-93.438857,31.906],[-93.437556,31.905309],[-93.438357,31.903294],[-93.433789,31.903393],[-93.43326,31.902595],[-93.432707,31.896942],[-93.431174,31.896934],[-93.428035,31.893738],[-93.426881,31.889579],[-93.424796,31.890819],[-93.423,31.891057],[-93.421676,31.892095],[-93.416037,31.893385],[-93.415229,31.894036],[-93.413038,31.893665],[-93.411468,31.892223],[-93.407658,31.892194],[-93.400119,31.893512],[-93.398577,31.892888],[-93.396874,31.893274],[-93.392362,31.892816],[-93.391032,31.8911],[-93.385006,31.892081],[-93.383389,31.894442],[-93.37662,31.890666],[-93.368627,31.885534],[-93.373929,31.883375],[-93.379943,31.878284],[-93.377999,31.874638],[-93.372346,31.874454],[-93.369308,31.873913],[-93.367964,31.872872],[-93.36578,31.867524],[-93.362017,31.867346],[-93.358953,31.866277],[-93.355378,31.865549],[-93.353896,31.862228],[-93.352848,31.862131],[-93.3482,31.864946],[-93.344062,31.867789],[-93.344957,31.870084],[-93.291394,31.844887],[-93.329435,31.863045],[-93.328728,31.865546],[-93.326661,31.866234],[-93.324862,31.868801],[-93.327225,31.8699],[-93.327226,31.873086],[-93.326716,31.877133],[-93.325937,31.878141],[-93.324245,31.877821],[-93.322661,31.880617],[-93.319224,31.881304],[-93.318498,31.8819],[-93.318579,31.887193],[-93.317425,31.888522],[-93.315195,31.889141],[-93.310603,31.89212],[-93.306574,31.894182],[-93.302726,31.895286],[-93.303177,31.89762],[-93.300878,31.896955],[-93.299831,31.895442],[-93.300019,31.893334],[-93.299375,31.892647],[-93.297602,31.892486],[-93.294218,31.890056],[-93.291774,31.889346],[-93.28839,31.890491],[-93.285221,31.889551],[-93.282375,31.887442],[-93.279528,31.887074],[-93.281407,31.888381],[-93.279849,31.890535],[-93.277566,31.891176],[-93.275926,31.893329],[-93.273912,31.894223],[-93.269989,31.894015],[-93.266609,31.895637],[-93.264801,31.899009],[-93.264291,31.901024],[-93.260797,31.906203],[-93.258458,31.909044],[-93.253719,31.913304],[-93.253008,31.911597],[-93.247386,31.910087],[-93.245472,31.910891],[-93.24444,31.90905],[-93.240819,31.904758],[-93.239499,31.903605],[-93.239366,31.912534],[-93.236614,31.909182],[-93.231025,31.905861],[-93.231507,31.903708],[-93.22737,31.901922],[-93.222507,31.90025],[-93.2206,31.900526],[-93.218236,31.899976],[-93.21719,31.905544],[-93.215875,31.908066],[-93.21257,31.910908],[-93.209723,31.911894],[-93.209428,31.913542],[-93.20768,31.915148],[-93.204118,31.915926],[-93.200956,31.915743],[-93.187243,31.913839],[-93.183748,31.913095],[-93.180487,31.91179],[-93.176308,31.909198],[-93.173085,31.911061],[-93.171554,31.913135],[-93.171427,31.917547],[-93.172422,31.919706],[-93.18079,31.920311],[-93.169528,31.95506],[-93.169377,31.958069],[-93.166541,31.958081],[-93.16954,31.962345],[-93.169476,31.96868],[-93.168147,31.969004],[-93.161346,31.968821],[-93.161072,31.969341],[-93.166607,31.972344],[-93.125165,31.972346],[-93.121188,31.97261],[-93.124305,31.973615],[-93.126288,31.976023],[-93.128899,31.977656],[-93.129567,31.979944],[-93.131886,31.981623],[-93.135347,31.982378],[-93.1361,31.983242],[-93.135073,31.987095],[-93.134268,31.988151],[-93.13615,31.989685],[-93.139268,31.989708],[-93.140745,31.991015],[-93.141789,31.994068],[-93.143798,31.994326],[-93.144355,31.996264],[-93.146393,31.996679],[-93.146862,31.998031],[-93.145991,31.998816],[-93.148077,32.001835],[-93.149987,32.002992],[-93.153137,32.002817],[-93.154382,32.003824],[-93.153143,32.005105],[-93.151433,32.004268],[-93.151606,32.005951],[-93.154491,32.00598],[-93.154729,32.008125],[-93.158098,32.009407],[-93.157394,32.011491],[-93.15842,32.013339],[-93.155889,32.015631],[-93.155578,32.017552],[-93.156307,32.019278],[-93.157624,32.019844],[-93.157662,32.021413],[-93.156492,32.024751],[-93.158906,32.027749],[-93.157989,32.028458],[-93.156323,32.028139],[-93.15671,32.029474],[-93.154502,32.02926],[-93.151854,32.032663],[-93.152099,32.033934],[-93.148625,32.03528],[-93.148172,32.036942],[-93.145266,32.038893],[-93.143857,32.04189],[-93.14192,32.040619],[-93.14055,32.043638],[-93.143255,32.044673],[-93.141563,32.046141],[-93.141342,32.048098],[-93.139379,32.04735],[-93.138249,32.048206],[-93.139127,32.049411],[-93.137725,32.049208],[-93.138816,32.050825],[-93.135587,32.051406],[-93.137433,32.052656],[-93.136127,32.056224],[-93.137321,32.056336],[-93.13914,32.060467],[-93.141328,32.062821],[-93.142768,32.063526],[-93.142322,32.065522],[-93.144091,32.06665],[-93.143115,32.068492],[-93.143663,32.070208],[-93.144896,32.070532],[-93.145606,32.072699],[-93.147608,32.072712],[-93.147717,32.074373],[-93.149428,32.075775],[-93.153665,32.077075],[-93.157217,32.080084],[-93.156738,32.081359],[-93.16002,32.081592],[-93.161996,32.083605],[-93.161117,32.083897],[-93.162951,32.086894],[-93.163222,32.089364],[-93.164274,32.092537],[-93.164306,32.093317],[-93.162303,32.093411],[-93.161456,32.095809],[-93.159375,32.096727],[-93.159485,32.098706],[-93.157146,32.09913],[-93.152796,32.102506],[-93.152208,32.102621],[-93.152395,32.104512],[-93.154882,32.107197],[-93.155779,32.109596],[-93.157336,32.11113],[-93.15709,32.11234],[-93.157561,32.113214],[-93.160979,32.11376],[-93.163157,32.115702],[-93.16501,32.121026],[-93.166787,32.122664],[-93.168039,32.125157],[-93.168252,32.128348],[-93.169138,32.127567],[-93.171244,32.127952],[-93.17149,32.12981],[-93.173958,32.130681],[-93.172969,32.131867],[-93.174301,32.132116],[-93.174501,32.133397],[-93.173505,32.134645],[-93.175806,32.134734],[-93.177668,32.136153],[-93.176381,32.137048],[-93.181229,32.141208],[-93.185663,32.14294],[-93.18671,32.145443],[-93.18638,32.146867],[-93.187162,32.148412],[-93.189204,32.154045],[-93.189387,32.158465],[-93.190562,32.159633],[-93.190336,32.161434],[-93.191846,32.161579],[-93.193436,32.163531],[-93.192378,32.164386],[-93.194091,32.164872],[-93.193415,32.166264],[-93.191973,32.166401],[-93.190564,32.16848],[-93.191501,32.170653],[-93.192858,32.172286],[-93.192917,32.174964],[-93.191901,32.178362],[-93.196144,32.181487],[-93.198375,32.185326],[-93.200813,32.185683],[-93.204404,32.187893],[-93.205374,32.187711],[-93.207334,32.189239],[-93.207186,32.191369],[-93.211144,32.192231],[-93.21117,32.192946],[-93.2117,32.1931],[-93.211209,32.193436],[-93.211028,32.193744],[-93.211726,32.194068],[-93.211125,32.194816],[-93.211093,32.195053],[-93.211604,32.196119],[-93.212096,32.196488],[-93.212762,32.196488],[-93.212969,32.196768],[-93.212568,32.197285],[-93.2124,32.19745],[-93.212484,32.19789],[-93.212335,32.198583],[-93.212905,32.199281],[-93.21315,32.196675],[-93.211254,32.19502],[-93.211306,32.194701],[-93.211759,32.194283],[-93.21181,32.193975],[-93.211649,32.193776],[-93.211448,32.193759],[-93.211215,32.193534],[-93.212004,32.193298],[-93.21258,32.194788],[-93.214314,32.195045],[-93.215297,32.196823],[-93.216778,32.195838],[-93.223301,32.196512],[-93.226851,32.193379],[-93.232159,32.190835],[-93.242413,32.187917],[-93.242272,32.186089],[-93.245185,32.186231],[-93.246749,32.185443],[-93.252206,32.184679],[-93.254909,32.184758],[-93.260484,32.183704],[-93.263013,32.182693],[-93.26584,32.183506],[-93.268014,32.184941],[-93.268099,32.186396],[-93.270148,32.185183],[-93.27221,32.184911],[-93.277744,32.184911],[-93.277919,32.182543],[-93.286567,32.178072],[-93.289035,32.177627],[-93.29298,32.177565],[-93.292857,32.169964],[-93.293023,32.164178],[-93.29521,32.166077],[-93.30152,32.166137],[-93.301547,32.170265],[-93.304753,32.170265],[-93.306237,32.169322],[-93.307092,32.17025],[-93.318537,32.17022],[-93.318517,32.177486],[-93.331539,32.17756],[-93.330811,32.179994],[-93.330187,32.184555],[-93.31875,32.184595],[-93.311145,32.199295],[-93.327405,32.199253],[-93.326694,32.197786],[-93.326527,32.19415],[-93.327248,32.192019],[-93.332643,32.192045],[-93.332597,32.192921],[-93.335928,32.197966],[-93.353081,32.197952],[-93.355337,32.194684],[-93.355239,32.193035],[-93.356783,32.188854],[-93.360593,32.190547],[-93.362468,32.189779],[-93.362436,32.187879],[-93.364365,32.185682],[-93.364424,32.18479],[-93.359148,32.184866],[-93.360156,32.183892],[-93.360516,32.179581],[-93.359041,32.178184],[-93.359957,32.174619],[-93.359956,32.17248],[-93.3609,32.172288],[-93.363523,32.168239],[-93.365785,32.167183],[-93.367252,32.165714],[-93.368072,32.163491],[-93.369862,32.162017],[-93.369253,32.159526],[-93.370797,32.159129],[-93.372848,32.160663],[-93.371938,32.163176],[-93.371985,32.165371],[-93.373015,32.169005],[-93.374115,32.169918],[-93.374168,32.172184],[-93.377727,32.175638],[-93.377918,32.179114],[-93.379145,32.181424],[-93.378841,32.182744],[-93.380477,32.184365],[-93.383661,32.183822],[-93.390228,32.183495],[-93.390246,32.186588],[-93.39143,32.19006],[-93.402464,32.207042],[-93.405333,32.205945],[-93.406962,32.20749],[-93.407091,32.209268],[-93.415279,32.212773],[-93.41711,32.213955],[-93.420564,32.214934],[-93.421359,32.21622],[-93.423157,32.221012],[-93.427097,32.223047],[-93.4285,32.225197],[-93.429056,32.228228],[-93.429244,32.232143],[-93.427936,32.235902],[-93.42819,32.235897],[-93.433171,32.235749],[-93.435219,32.235868],[-93.4557,32.235957],[-93.453487,32.233704],[-93.451899,32.230954],[-93.451633,32.225819],[-93.452823,32.220413],[-93.453875,32.217777],[-93.455171,32.215831],[-93.461346,32.213062],[-93.467062,32.21082],[-93.469273,32.209263],[-93.470864,32.207408],[-93.4703,32.203947],[-93.468657,32.201403],[-93.467015,32.199843],[-93.46443,32.19574],[-93.461365,32.192541],[-93.462484,32.192027],[-93.448178,32.181652],[-93.443521,32.177503],[-93.441396,32.172384],[-93.441151,32.166919],[-93.441641,32.161869],[-93.446217,32.153292],[-93.452509,32.137866],[-93.455368,32.132266],[-93.457565,32.129012],[-93.459607,32.124377],[-93.460587,32.119811],[-93.460015,32.115315],[-93.455932,32.112547],[-93.450461,32.108466],[-93.448338,32.102795],[-93.447684,32.096707],[-93.446623,32.089512],[-93.444908,32.086123],[-93.443111,32.084671],[-93.440764,32.084288],[-93.443125,32.083965],[-93.444479,32.084677],[-93.44603,32.087211],[-93.447456,32.086056],[-93.447525,32.081992],[-93.44233,32.081511],[-93.442195,32.077661],[-93.443353,32.076952],[-93.444481,32.072423]]]}},{"type":"Feature","properties":{"zcta5":"71455","AFFGEOID10":"8600000US71455","GEOID10":"71455","ALAND10":159102564,"AWATER10":34551,"county_name":"Natchitoches","state_code":"LA","county_state":"Natchitoches County, LA","county_fips":"22069","risk_level_county":"Higher Risk (60–69% vaccinated)","mean_vaccination_rate_county":61.82,"risk_level_zcta":"Uninhabited","mean_vaccination_rate_zips":null,"cases":3},"geometry":{"type":"Polygon","coordinates":[[[-93.05655,31.509515],[-93.059446,31.507291],[-93.055794,31.504268],[-93.053734,31.501056],[-93.053587,31.497349],[-93.051892,31.496023],[-93.052547,31.494659],[-93.051623,31.492558],[-93.050314,31.491546],[-93.050731,31.489363],[-93.049813,31.488631],[-93.051309,31.485689],[-93.048787,31.479611],[-93.050642,31.477895],[-93.05244,31.47394],[-93.051279,31.470129],[-93.050246,31.46882],[-93.050413,31.466642],[-93.051562,31.463501],[-93.053904,31.461466],[-93.053038,31.460113],[-93.053327,31.458909],[-93.052422,31.457819],[-93.049779,31.458061],[-93.04838,31.457379],[-93.047052,31.453309],[-93.045397,31.451037],[-93.046456,31.450201],[-93.045455,31.44898],[-93.047323,31.447336],[-93.046418,31.445091],[-93.044417,31.444387],[-93.044392,31.441494],[-93.042067,31.436694],[-93.044248,31.435687],[-93.047175,31.433496],[-93.050219,31.428157],[-93.049349,31.424926],[-93.049488,31.42377],[-93.052996,31.421448],[-93.052496,31.417008],[-93.052784,31.415341],[-93.05211,31.413685],[-93.052482,31.412033],[-93.049297,31.407852],[-93.049557,31.406386],[-93.050985,31.404757],[-93.053328,31.40072],[-93.05319,31.394771],[-93.054334,31.389855],[-93.051924,31.388155],[-93.051875,31.386187],[-93.051118,31.385716],[-93.039364,31.385173],[-93.031671,31.383179],[-93.029945,31.385554],[-93.029712,31.387547],[-93.030679,31.388655],[-93.030285,31.390399],[-93.03092,31.395998],[-93.028881,31.397033],[-93.026012,31.396991],[-93.02295,31.394158],[-93.022353,31.391984],[-93.018863,31.388556],[-93.017171,31.388802],[-93.015054,31.387554],[-93.012315,31.384329],[-93.008595,31.383017],[-93.00832,31.381553],[-93.007249,31.381146],[-93.00727,31.379732],[-93.006303,31.377246],[-93.007547,31.376768],[-93.007017,31.374092],[-93.005876,31.37243],[-93.003857,31.371747],[-93.003281,31.370218],[-93.000557,31.369408],[-92.997843,31.366169],[-92.995764,31.362887],[-92.994482,31.362563],[-92.991988,31.360473],[-92.99216,31.36021],[-92.989761,31.357725],[-92.989632,31.35591],[-92.98506,31.351984],[-92.985027,31.349641],[-92.983348,31.349587],[-92.981464,31.346644],[-92.981393,31.339416],[-92.964586,31.339521],[-92.964481,31.332251],[-92.930287,31.332242],[-92.930253,31.324506],[-92.907231,31.324521],[-92.90544,31.324642],[-92.90494,31.325544],[-92.9054,31.327832],[-92.904388,31.328717],[-92.905291,31.329812],[-92.904792,31.332113],[-92.903193,31.332088],[-92.90058,31.333271],[-92.898407,31.333501],[-92.895708,31.337048],[-92.8944,31.337487],[-92.892407,31.339626],[-92.893236,31.340433],[-92.895594,31.339897],[-92.895636,31.341624],[-92.898009,31.342247],[-92.896033,31.344385],[-92.89031,31.35225],[-92.887755,31.351798],[-92.884168,31.351919],[-92.883233,31.352597],[-92.880473,31.351466],[-92.879091,31.350368],[-92.874592,31.350138],[-92.870724,31.348447],[-92.865071,31.348362],[-92.86419,31.348857],[-92.866849,31.352748],[-92.869976,31.356257],[-92.870373,31.358829],[-92.873807,31.359243],[-92.876138,31.36051],[-92.877069,31.361781],[-92.883353,31.365181],[-92.88465,31.367018],[-92.884214,31.368598],[-92.884998,31.372704],[-92.886713,31.373917],[-92.889154,31.373868],[-92.892364,31.374371],[-92.892325,31.371562],[-92.900621,31.371379],[-92.900672,31.367817],[-92.904925,31.367939],[-92.905089,31.373336],[-92.907261,31.372568],[-92.913082,31.372023],[-92.913019,31.368236],[-92.922111,31.368062],[-92.918986,31.372049],[-92.920775,31.374783],[-92.927728,31.374807],[-92.92472,31.375586],[-92.923598,31.376669],[-92.92163,31.375618],[-92.920675,31.3769],[-92.919957,31.376196],[-92.917899,31.377582],[-92.914597,31.378423],[-92.91432,31.380628],[-92.915404,31.381838],[-92.917051,31.382185],[-92.918622,31.383863],[-92.919307,31.386476],[-92.919654,31.3857],[-92.922526,31.387928],[-92.919852,31.388621],[-92.919505,31.393043],[-92.921063,31.393703],[-92.921306,31.394974],[-92.923743,31.393984],[-92.923884,31.395568],[-92.922749,31.397229],[-92.925262,31.397818],[-92.92564,31.399704],[-92.928346,31.402636],[-92.926582,31.405469],[-92.927961,31.406156],[-92.928865,31.410105],[-92.930937,31.411277],[-92.930725,31.413114],[-92.93658,31.416167],[-92.937453,31.418675],[-92.939127,31.418933],[-92.939864,31.420479],[-92.943302,31.421276],[-92.943642,31.422189],[-92.942764,31.425517],[-92.943392,31.426826],[-92.945325,31.424615],[-92.946082,31.426458],[-92.945413,31.427573],[-92.943225,31.428032],[-92.943244,31.431295],[-92.943778,31.433678],[-92.94674,31.433569],[-92.94834,31.439122],[-92.949936,31.440854],[-92.951707,31.44205],[-92.952788,31.44361],[-92.956603,31.446067],[-92.957394,31.446911],[-92.956475,31.449703],[-92.958548,31.452202],[-92.958391,31.453945],[-92.9571,31.456415],[-92.95731,31.457538],[-92.96034,31.459504],[-92.961803,31.460838],[-92.971228,31.457532],[-92.972379,31.457568],[-92.976579,31.459037],[-92.978741,31.458043],[-92.980544,31.457942],[-92.982735,31.456948],[-92.985083,31.458359],[-92.987335,31.460263],[-92.989816,31.46031],[-92.992011,31.461173],[-92.99317,31.462554],[-92.995968,31.463685],[-92.998409,31.466146],[-93.00233,31.47158],[-93.004724,31.472742],[-93.014092,31.476025],[-93.017576,31.478664],[-93.019939,31.479364],[-93.021859,31.48123],[-93.023352,31.484312],[-93.026408,31.485963],[-93.02773,31.487476],[-93.031197,31.488209],[-93.033471,31.489517],[-93.033736,31.490718],[-93.032925,31.494318],[-93.031808,31.496747],[-93.031829,31.498478],[-93.033809,31.50304],[-93.03525,31.507382],[-93.036945,31.509593],[-93.037575,31.511237],[-93.040708,31.51501],[-93.042066,31.515953],[-93.047526,31.51525],[-93.049935,31.514533],[-93.052093,31.512369],[-93.05655,31.509515]]]}},{"type":"Feature","properties":{"zcta5":"71427","AFFGEOID10":"8600000US71427","GEOID10":"71427","ALAND10":40744804,"AWATER10":173409,"county_name":"Natchitoches","state_code":"LA","county_state":"Natchitoches County, LA","county_fips":"22069","risk_level_county":"Higher Risk (60–69% vaccinated)","mean_vaccination_rate_county":61.82,"risk_level_zcta":"Higher Risk (60–69% vaccinated)","mean_vaccination_rate_zips":62.19,"cases":3},"geometry":{"type":"Polygon","coordinates":[[[-92.943392,31.426826],[-92.942764,31.425517],[-92.943642,31.422189],[-92.943302,31.421276],[-92.939864,31.420479],[-92.939127,31.418933],[-92.937453,31.418675],[-92.93658,31.416167],[-92.930725,31.413114],[-92.930937,31.411277],[-92.928865,31.410105],[-92.927961,31.406156],[-92.926582,31.405469],[-92.928346,31.402636],[-92.92564,31.399704],[-92.925262,31.397818],[-92.922749,31.397229],[-92.923884,31.395568],[-92.923743,31.393984],[-92.921306,31.394974],[-92.921063,31.393703],[-92.919505,31.393043],[-92.919852,31.388621],[-92.922526,31.387928],[-92.919654,31.3857],[-92.919307,31.386476],[-92.918622,31.383863],[-92.917051,31.382185],[-92.915404,31.381838],[-92.91432,31.380628],[-92.914597,31.378423],[-92.917899,31.377582],[-92.919957,31.376196],[-92.920675,31.3769],[-92.92163,31.375618],[-92.923598,31.376669],[-92.92472,31.375586],[-92.927728,31.374807],[-92.920775,31.374783],[-92.918986,31.372049],[-92.922111,31.368062],[-92.913019,31.368236],[-92.913082,31.372023],[-92.907261,31.372568],[-92.905089,31.373336],[-92.904925,31.367939],[-92.900672,31.367817],[-92.900621,31.371379],[-92.892325,31.371562],[-92.892364,31.374371],[-92.889154,31.373868],[-92.886713,31.373917],[-92.884998,31.372704],[-92.884214,31.368598],[-92.88465,31.367018],[-92.883353,31.365181],[-92.877069,31.361781],[-92.876138,31.36051],[-92.873807,31.359243],[-92.870373,31.358829],[-92.869976,31.356257],[-92.866849,31.352748],[-92.86419,31.348857],[-92.860217,31.348936],[-92.855741,31.347756],[-92.854185,31.347706],[-92.852228,31.348528],[-92.853817,31.34971],[-92.853427,31.35081],[-92.854371,31.354],[-92.856513,31.357102],[-92.85686,31.360033],[-92.858252,31.361562],[-92.85763,31.362002],[-92.858349,31.36418],[-92.862875,31.364915],[-92.865319,31.367268],[-92.864032,31.37014],[-92.864808,31.371327],[-92.861983,31.375157],[-92.86167,31.377562],[-92.862313,31.379521],[-92.861104,31.385082],[-92.862337,31.38764],[-92.860876,31.390396],[-92.858485,31.391211],[-92.85746,31.392806],[-92.856229,31.39318],[-92.854845,31.395222],[-92.856264,31.399115],[-92.855983,31.40137],[-92.854618,31.403857],[-92.858692,31.406815],[-92.858912,31.408079],[-92.857399,31.408439],[-92.851694,31.408814],[-92.851326,31.414898],[-92.850625,31.418875],[-92.871549,31.418522],[-92.876764,31.422235],[-92.875155,31.418904],[-92.892894,31.418797],[-92.894788,31.416933],[-92.897762,31.416259],[-92.897606,31.414569],[-92.901173,31.416097],[-92.904227,31.416299],[-92.907122,31.417075],[-92.910946,31.416793],[-92.913811,31.417717],[-92.916626,31.417601],[-92.918279,31.418311],[-92.919152,31.419617],[-92.919487,31.421564],[-92.919551,31.426392],[-92.918202,31.430714],[-92.919305,31.432373],[-92.921613,31.43375],[-92.924254,31.434833],[-92.926681,31.436287],[-92.928242,31.43639],[-92.933906,31.435031],[-92.940941,31.432917],[-92.94239,31.432722],[-92.94311,31.429659],[-92.942539,31.427948],[-92.943392,31.426826]]]}},{"type":"Feature","properties":{"zcta5":"71414","AFFGEOID10":"8600000US71414","GEOID10":"71414","ALAND10":1581454,"AWATER10":20437,"county_name":"Natchitoches","state_code":"LA","county_state":"Natchitoches County, LA","county_fips":"22069","risk_level_county":"Higher Risk (60–69% vaccinated)","mean_vaccination_rate_county":61.82,"risk_level_zcta":"Medium Risk (70–79% vaccinated)","mean_vaccination_rate_zips":77.98,"cases":3},"geometry":{"type":"Polygon","coordinates":[[[-93.021879,31.831307],[-93.021871,31.82844],[-93.022745,31.826021],[-93.023383,31.826798],[-93.022165,31.828937],[-93.02276,31.830648],[-93.025122,31.82698],[-93.039347,31.831458],[-93.040551,31.829863],[-93.032571,31.823253],[-93.031535,31.825134],[-93.029104,31.824338],[-93.027654,31.824817],[-93.025969,31.823361],[-93.027383,31.821654],[-93.024623,31.821691],[-93.014652,31.821024],[-93.014628,31.822179],[-93.011971,31.823264],[-93.012626,31.824071],[-93.015877,31.82317],[-93.016598,31.824798],[-93.014181,31.827624],[-93.01454,31.830215],[-93.015603,31.831013],[-93.021879,31.831307]]]}},{"type":"Feature","properties":{"zcta5":"71452","AFFGEOID10":"8600000US71452","GEOID10":"71452","ALAND10":29060347,"AWATER10":813789,"county_name":"Natchitoches","state_code":"LA","county_state":"Natchitoches County, LA","county_fips":"22069","risk_level_county":"Higher Risk (60–69% vaccinated)","mean_vaccination_rate_county":61.82,"risk_level_zcta":"Uninhabited","mean_vaccination_rate_zips":null,"cases":3},"geometry":{"type":"Polygon","coordinates":[[[-92.931995,31.608703],[-92.936351,31.607727],[-92.943156,31.607044],[-92.945159,31.60489],[-92.952298,31.6026],[-92.955229,31.604556],[-92.955923,31.607086],[-92.958064,31.610529],[-92.960037,31.610853],[-92.96687,31.612766],[-92.969203,31.612534],[-92.973464,31.613473],[-92.977219,31.615359],[-92.979784,31.617156],[-92.983821,31.612437],[-92.985604,31.614614],[-92.987841,31.625036],[-92.991479,31.623268],[-92.993846,31.622648],[-92.996356,31.62084],[-92.996978,31.618783],[-92.99663,31.616996],[-92.994649,31.615214],[-92.991549,31.611465],[-92.989048,31.610619],[-92.988939,31.609436],[-92.985461,31.607914],[-92.980557,31.606398],[-92.976347,31.60646],[-92.9744,31.606158],[-92.972356,31.604767],[-92.97159,31.602193],[-92.973901,31.596709],[-92.973811,31.595633],[-92.966566,31.599146],[-92.964365,31.600866],[-92.961488,31.600707],[-92.957136,31.599011],[-92.956176,31.596312],[-92.951468,31.584711],[-92.95083,31.582225],[-92.962071,31.5694],[-92.963357,31.565052],[-92.963151,31.56394],[-92.965197,31.565073],[-92.969695,31.566184],[-92.971956,31.567062],[-92.972677,31.566452],[-92.968275,31.564716],[-92.965146,31.56453],[-92.963,31.56277],[-92.961445,31.560043],[-92.961297,31.558173],[-92.962092,31.553272],[-92.961295,31.550192],[-92.960267,31.548515],[-92.95868,31.548124],[-92.955334,31.549362],[-92.949528,31.552053],[-92.947788,31.552311],[-92.943292,31.550761],[-92.942405,31.549743],[-92.943099,31.547659],[-92.946798,31.543451],[-92.948127,31.540987],[-92.948717,31.537362],[-92.947086,31.535377],[-92.945665,31.535561],[-92.946652,31.538717],[-92.946707,31.540527],[-92.94574,31.543246],[-92.942321,31.547611],[-92.938131,31.54654],[-92.938149,31.545546],[-92.934317,31.544695],[-92.921613,31.541347],[-92.921476,31.543382],[-92.922438,31.547324],[-92.920222,31.55424],[-92.916588,31.561806],[-92.915792,31.562647],[-92.913605,31.563171],[-92.910087,31.564838],[-92.906329,31.567219],[-92.903959,31.56718],[-92.901656,31.565779],[-92.903001,31.567955],[-92.902248,31.571046],[-92.898931,31.576023],[-92.901918,31.578004],[-92.904848,31.578296],[-92.907995,31.579391],[-92.909724,31.579546],[-92.911471,31.580729],[-92.911849,31.58239],[-92.911232,31.584898],[-92.912594,31.586169],[-92.91598,31.584745],[-92.918627,31.584487],[-92.919822,31.585119],[-92.921508,31.590482],[-92.922635,31.592242],[-92.924531,31.593051],[-92.928007,31.592737],[-92.930539,31.59161],[-92.932981,31.591192],[-92.935564,31.592397],[-92.934806,31.594553],[-92.932409,31.595955],[-92.931226,31.598337],[-92.92942,31.599882],[-92.927633,31.602286],[-92.927312,31.603941],[-92.927903,31.605256],[-92.930866,31.604942],[-92.9321,31.607429],[-92.931995,31.608703]]]}},{"type":"Feature","properties":{"zcta5":"71456","AFFGEOID10":"8600000US71456","GEOID10":"71456","ALAND10":96066159,"AWATER10":3863533,"county_name":"Natchitoches","state_code":"LA","county_state":"Natchitoches County, LA","county_fips":"22069","risk_level_county":"Higher Risk (60–69% vaccinated)","mean_vaccination_rate_county":61.82,"risk_level_zcta":"Higher Risk (60–69% vaccinated)","mean_vaccination_rate_zips":60.33,"cases":3},"geometry":{"type":"Polygon","coordinates":[[[-92.906231,31.656992],[-92.912324,31.657823],[-92.921689,31.658048],[-92.926715,31.654665],[-92.929126,31.654764],[-92.930889,31.65566],[-92.930477,31.666323],[-92.931817,31.667676],[-92.943633,31.671502],[-92.954272,31.670103],[-92.959765,31.672096],[-92.964482,31.675739],[-92.966251,31.674707],[-92.970777,31.669321],[-92.972029,31.671746],[-92.977128,31.671051],[-92.978432,31.671615],[-92.980203,31.676438],[-92.981824,31.678071],[-92.984922,31.685764],[-92.985733,31.686963],[-92.985708,31.689394],[-92.986282,31.690829],[-92.987273,31.691549],[-92.992816,31.688406],[-92.993768,31.688736],[-92.994811,31.690562],[-92.998254,31.693657],[-93.005166,31.690422],[-93.004345,31.689087],[-93.003477,31.684729],[-93.00767,31.683314],[-93.004588,31.68576],[-93.00415,31.686623],[-93.004605,31.689335],[-93.006308,31.691349],[-93.010739,31.693864],[-93.014271,31.693299],[-93.01567,31.687381],[-93.018972,31.68224],[-93.020863,31.680915],[-93.022285,31.680558],[-93.026015,31.681236],[-93.028697,31.680461],[-93.031958,31.680176],[-93.036068,31.680595],[-93.037232,31.682151],[-93.036678,31.685105],[-93.035153,31.686474],[-93.031609,31.687282],[-93.030309,31.688876],[-93.029877,31.691236],[-93.028152,31.694634],[-93.026768,31.695739],[-93.020534,31.698397],[-93.026884,31.696097],[-93.028196,31.695146],[-93.030031,31.691764],[-93.030572,31.689261],[-93.031859,31.687513],[-93.035346,31.686749],[-93.037147,31.684918],[-93.037604,31.683532],[-93.037367,31.681502],[-93.036949,31.681024],[-93.035019,31.680013],[-93.035384,31.67945],[-93.037586,31.680826],[-93.038016,31.681764],[-93.037822,31.684742],[-93.045151,31.677996],[-93.046233,31.687067],[-93.047964,31.691944],[-93.049073,31.693679],[-93.050358,31.689639],[-93.048892,31.684513],[-93.048783,31.680723],[-93.047084,31.675558],[-93.05877,31.675612],[-93.05939,31.673256],[-93.060313,31.672189],[-93.056206,31.671313],[-93.055308,31.670383],[-93.046371,31.670435],[-93.04575,31.664798],[-93.047355,31.66114],[-93.047475,31.656991],[-93.048704,31.654389],[-93.050466,31.653405],[-93.055661,31.646888],[-93.057462,31.645243],[-93.058986,31.64169],[-93.058908,31.640354],[-93.056993,31.638621],[-93.053759,31.637912],[-93.046746,31.631448],[-93.04584,31.631289],[-93.047518,31.633098],[-93.046913,31.636459],[-93.047234,31.638681],[-93.045678,31.640331],[-93.045562,31.641805],[-93.04416,31.643982],[-93.041822,31.64607],[-93.043432,31.660877],[-93.044784,31.675385],[-93.043803,31.675418],[-93.043936,31.671741],[-93.043441,31.671086],[-93.040193,31.669898],[-93.038907,31.670074],[-93.036374,31.668148],[-93.035153,31.66432],[-93.037277,31.658963],[-93.03787,31.652803],[-93.036873,31.653568],[-93.033986,31.653287],[-93.032301,31.654694],[-93.028327,31.656569],[-93.026442,31.656926],[-93.024064,31.655902],[-93.0227,31.656072],[-93.020996,31.657479],[-93.014525,31.661305],[-93.009873,31.666303],[-93.007447,31.669453],[-93.00552,31.669055],[-93.001123,31.667126],[-93.002347,31.663721],[-93.011881,31.657678],[-93.013884,31.654942],[-93.028728,31.625305],[-93.027272,31.623027],[-93.024593,31.619913],[-93.02217,31.618774],[-93.017428,31.615659],[-93.01149,31.614436],[-93.009563,31.612785],[-93.009229,31.611652],[-93.010073,31.609419],[-93.010184,31.604761],[-93.008772,31.602395],[-93.008606,31.600844],[-93.007572,31.600233],[-93.006564,31.597207],[-93.005409,31.595161],[-93.002679,31.593994],[-92.998447,31.593674],[-92.997534,31.592932],[-92.99378,31.591438],[-92.991967,31.589591],[-92.991259,31.58782],[-92.991284,31.585642],[-92.988212,31.584406],[-92.987118,31.58153],[-92.99161,31.577854],[-92.996449,31.574804],[-92.995204,31.573678],[-92.990238,31.576677],[-92.986454,31.576591],[-92.98461,31.576173],[-92.982264,31.574673],[-92.980008,31.572446],[-92.979455,31.570818],[-92.979762,31.568266],[-92.977166,31.567084],[-92.976626,31.565071],[-92.974775,31.56285],[-92.972995,31.561987],[-92.971293,31.562235],[-92.968275,31.564716],[-92.972677,31.566452],[-92.971956,31.567062],[-92.969695,31.566184],[-92.965197,31.565073],[-92.963151,31.56394],[-92.963357,31.565052],[-92.962071,31.5694],[-92.95083,31.582225],[-92.951468,31.584711],[-92.956176,31.596312],[-92.957136,31.599011],[-92.961488,31.600707],[-92.964365,31.600866],[-92.966566,31.599146],[-92.973811,31.595633],[-92.973901,31.596709],[-92.97159,31.602193],[-92.972356,31.604767],[-92.9744,31.606158],[-92.976347,31.60646],[-92.980557,31.606398],[-92.985461,31.607914],[-92.988939,31.609436],[-92.989048,31.610619],[-92.991549,31.611465],[-92.994649,31.615214],[-92.99663,31.616996],[-92.996978,31.618783],[-92.996356,31.62084],[-92.993846,31.622648],[-92.991479,31.623268],[-92.987841,31.625036],[-92.985604,31.614614],[-92.983821,31.612437],[-92.979784,31.617156],[-92.977219,31.615359],[-92.973464,31.613473],[-92.969203,31.612534],[-92.96687,31.612766],[-92.960037,31.610853],[-92.958064,31.610529],[-92.955923,31.607086],[-92.955229,31.604556],[-92.952298,31.6026],[-92.945159,31.60489],[-92.943156,31.607044],[-92.936351,31.607727],[-92.931995,31.608703],[-92.929698,31.606119],[-92.927685,31.606023],[-92.92331,31.607992],[-92.91262,31.60925],[-92.909987,31.609105],[-92.901136,31.612986],[-92.899148,31.616511],[-92.901664,31.618643],[-92.907475,31.622128],[-92.911732,31.624421],[-92.912201,31.625168],[-92.9124,31.632427],[-92.9128,31.636461],[-92.911354,31.637377],[-92.911326,31.63889],[-92.910226,31.644801],[-92.908027,31.652409],[-92.906231,31.656992]]]}},{"type":"Feature","properties":{"zcta5":"71450","AFFGEOID10":"8600000US71450","GEOID10":"71450","ALAND10":165719346,"AWATER10":592211,"county_name":"Natchitoches","state_code":"LA","county_state":"Natchitoches County, LA","county_fips":"22069","risk_level_county":"Higher Risk (60–69% vaccinated)","mean_vaccination_rate_county":61.82,"risk_level_zcta":"Higher Risk (60–69% vaccinated)","mean_vaccination_rate_zips":66.25,"cases":3},"geometry":{"type":"Polygon","coordinates":[[[-93.492215,31.748803],[-93.492519,31.745768],[-93.489834,31.744651],[-93.485949,31.740444],[-93.484289,31.741053],[-93.481677,31.740288],[-93.481613,31.737743],[-93.478068,31.734662],[-93.475876,31.734018],[-93.474916,31.734595],[-93.474177,31.733127],[-93.474158,31.730697],[-93.472988,31.730438],[-93.471463,31.728787],[-93.468929,31.728869],[-93.466932,31.72767],[-93.4669,31.7216],[-93.47545,31.72147],[-93.47581,31.72559],[-93.47762,31.72883],[-93.48113,31.73177],[-93.48372,31.73082],[-93.48693,31.72896],[-93.499594,31.72884],[-93.50091,31.72549],[-93.50253,31.71981],[-93.50156,31.71817],[-93.49942,31.71845],[-93.494866,31.718286],[-93.494764,31.710414],[-93.49349,31.71032],[-93.49018,31.70604],[-93.48072,31.70613],[-93.47286,31.70617],[-93.47028,31.70813],[-93.46642,31.70814],[-93.46214,31.71028],[-93.458455,31.710647],[-93.458381,31.71303],[-93.45391,31.70882],[-93.4524,31.70814],[-93.45133,31.70663],[-93.45173,31.70412],[-93.45279,31.70097],[-93.45029,31.69913],[-93.44945,31.69766],[-93.44584,31.69745],[-93.44437,31.6959],[-93.44308,31.69251],[-93.44087,31.69087],[-93.44015,31.68955],[-93.438794,31.682294],[-93.438212,31.680892],[-93.435663,31.679694],[-93.433738,31.676486],[-93.432855,31.675828],[-93.427537,31.675646],[-93.427485,31.672602],[-93.426458,31.67216],[-93.425101,31.670451],[-93.423163,31.666533],[-93.41858,31.66774],[-93.41471,31.6711],[-93.41417,31.67226],[-93.41482,31.67417],[-93.41511,31.67884],[-93.4149,31.68307],[-93.41431,31.68345],[-93.411,31.68349],[-93.41077,31.69002],[-93.40692,31.69116],[-93.40648,31.69167],[-93.40645,31.69515],[-93.40692,31.69844],[-93.40678,31.70591],[-93.40609,31.70893],[-93.40226,31.71022],[-93.40153,31.71198],[-93.399375,31.714303],[-93.380322,31.714364],[-93.381623,31.717902],[-93.384961,31.719255],[-93.387576,31.721584],[-93.389932,31.725625],[-93.390318,31.727564],[-93.391851,31.731599],[-93.394234,31.734183],[-93.39438,31.736413],[-93.39304,31.736591],[-93.393248,31.738889],[-93.389466,31.738435],[-93.382931,31.737202],[-93.378713,31.737389],[-93.373022,31.736545],[-93.372932,31.741959],[-93.370339,31.744433],[-93.368404,31.745412],[-93.366141,31.74814],[-93.364324,31.751204],[-93.36382,31.753109],[-93.362165,31.756257],[-93.358155,31.760084],[-93.35649,31.763026],[-93.351922,31.76568],[-93.351179,31.76647],[-93.349014,31.771032],[-93.345387,31.77611],[-93.344731,31.777825],[-93.344778,31.779869],[-93.341217,31.78205],[-93.339159,31.783884],[-93.337505,31.78656],[-93.338295,31.786278],[-93.342302,31.787335],[-93.344241,31.78924],[-93.347185,31.790173],[-93.347106,31.793893],[-93.348681,31.794405],[-93.348761,31.797006],[-93.350499,31.80213],[-93.350623,31.80431],[-93.350439,31.812784],[-93.349185,31.814023],[-93.349923,31.816522],[-93.347482,31.819938],[-93.346777,31.822742],[-93.3492,31.826171],[-93.352928,31.830504],[-93.353256,31.831765],[-93.352077,31.833702],[-93.352385,31.835084],[-93.355443,31.837379],[-93.355368,31.840421],[-93.356804,31.842424],[-93.361018,31.841797],[-93.363058,31.840467],[-93.365689,31.840443],[-93.3684,31.838448],[-93.371031,31.839685],[-93.379209,31.83815],[-93.381168,31.838907],[-93.384551,31.838977],[-93.387502,31.842164],[-93.389581,31.842338],[-93.389467,31.847967],[-93.388684,31.852216],[-93.386037,31.856408],[-93.383956,31.85587],[-93.381866,31.856326],[-93.378018,31.85583],[-93.374344,31.854241],[-93.371588,31.85476],[-93.368651,31.854719],[-93.369296,31.856099],[-93.372824,31.858354],[-93.372699,31.859015],[-93.368568,31.86054],[-93.365351,31.860281],[-93.364349,31.860704],[-93.367125,31.862281],[-93.370108,31.862554],[-93.372149,31.863515],[-93.374217,31.862918],[-93.375922,31.863422],[-93.37901,31.863012],[-93.383629,31.864342],[-93.385134,31.863563],[-93.386907,31.86377],[-93.386608,31.872877],[-93.386869,31.875793],[-93.385665,31.876431],[-93.379943,31.878284],[-93.373929,31.883375],[-93.368627,31.885534],[-93.37662,31.890666],[-93.383389,31.894442],[-93.385006,31.892081],[-93.391032,31.8911],[-93.392362,31.892816],[-93.396874,31.893274],[-93.398577,31.892888],[-93.400119,31.893512],[-93.407658,31.892194],[-93.411468,31.892223],[-93.413038,31.893665],[-93.415229,31.894036],[-93.416037,31.893385],[-93.421676,31.892095],[-93.423,31.891057],[-93.424796,31.890819],[-93.426881,31.889579],[-93.426377,31.887321],[-93.426445,31.884084],[-93.425656,31.880167],[-93.42364,31.877538],[-93.422201,31.872278],[-93.420204,31.872455],[-93.419414,31.86961],[-93.419507,31.86095],[-93.423151,31.85635],[-93.423205,31.854101],[-93.423825,31.851102],[-93.423912,31.847998],[-93.424867,31.848318],[-93.425762,31.84636],[-93.424912,31.841782],[-93.423823,31.838716],[-93.42417,31.837283],[-93.42188,31.836195],[-93.41975,31.834497],[-93.419605,31.830987],[-93.416895,31.830086],[-93.41493,31.827738],[-93.414356,31.825714],[-93.414849,31.823893],[-93.421944,31.823502],[-93.42368,31.823878],[-93.425051,31.823411],[-93.432455,31.823399],[-93.438096,31.82466],[-93.44098,31.824861],[-93.440653,31.789009],[-93.440761,31.78713],[-93.441283,31.761647],[-93.44694,31.76162],[-93.45797,31.76187],[-93.45851,31.76079],[-93.462377,31.76354],[-93.46255,31.757181],[-93.464323,31.756064],[-93.466736,31.753704],[-93.468184,31.753434],[-93.471679,31.75087],[-93.472232,31.748365],[-93.472934,31.748096],[-93.475785,31.748216],[-93.476583,31.747682],[-93.479769,31.748583],[-93.480799,31.750449],[-93.482898,31.752192],[-93.485935,31.751113],[-93.488221,31.751613],[-93.492215,31.748803]]]}},{"type":"Feature","properties":{"zcta5":"71411","AFFGEOID10":"8600000US71411","GEOID10":"71411","ALAND10":174122265,"AWATER10":24331166,"county_name":"Natchitoches","state_code":"LA","county_state":"Natchitoches County, LA","county_fips":"22069","risk_level_county":"Higher Risk (60–69% vaccinated)","mean_vaccination_rate_county":61.82,"risk_level_zcta":"Higher Risk (60–69% vaccinated)","mean_vaccination_rate_zips":60.05,"cases":3},"geometry":{"type":"Polygon","coordinates":[[[-93.121188,31.97261],[-93.125165,31.972346],[-93.166607,31.972344],[-93.161072,31.969341],[-93.161346,31.968821],[-93.168147,31.969004],[-93.169476,31.96868],[-93.16954,31.962345],[-93.166541,31.958081],[-93.169377,31.958069],[-93.169528,31.95506],[-93.18079,31.920311],[-93.172422,31.919706],[-93.171427,31.917547],[-93.171554,31.913135],[-93.173085,31.911061],[-93.176308,31.909198],[-93.180487,31.91179],[-93.183748,31.913095],[-93.187243,31.913839],[-93.200956,31.915743],[-93.204118,31.915926],[-93.20768,31.915148],[-93.209428,31.913542],[-93.209723,31.911894],[-93.21257,31.910908],[-93.215875,31.908066],[-93.21719,31.905544],[-93.218236,31.899976],[-93.2206,31.900526],[-93.222507,31.90025],[-93.22737,31.901922],[-93.231507,31.903708],[-93.231025,31.905861],[-93.236614,31.909182],[-93.239366,31.912534],[-93.239499,31.903605],[-93.238039,31.902357],[-93.231913,31.89843],[-93.224413,31.896047],[-93.209385,31.89174],[-93.203869,31.889821],[-93.192972,31.887273],[-93.18937,31.888569],[-93.184055,31.889485],[-93.179335,31.889193],[-93.173709,31.88784],[-93.169864,31.885638],[-93.16727,31.884657],[-93.163269,31.883648],[-93.159097,31.883475],[-93.156725,31.8838],[-93.150985,31.885556],[-93.144366,31.888612],[-93.139047,31.889881],[-93.136063,31.889848],[-93.131968,31.889425],[-93.127109,31.888417],[-93.124543,31.887573],[-93.12191,31.884456],[-93.11852,31.879748],[-93.116531,31.876229],[-93.115043,31.871724],[-93.115353,31.868898],[-93.116801,31.862183],[-93.116231,31.858688],[-93.11463,31.856989],[-93.112,31.855435],[-93.108569,31.854658],[-93.10604,31.854678],[-93.10163,31.855709],[-93.099827,31.855589],[-93.097511,31.85481],[-93.094669,31.852976],[-93.091936,31.850666],[-93.088486,31.846704],[-93.086986,31.844008],[-93.081894,31.837323],[-93.080547,31.834683],[-93.080192,31.832857],[-93.080334,31.830915],[-93.081274,31.829705],[-93.086459,31.827675],[-93.090955,31.825474],[-93.092655,31.823868],[-93.093183,31.822525],[-93.09237,31.819957],[-93.091243,31.819243],[-93.088712,31.819359],[-93.084879,31.81865],[-93.083552,31.821693],[-93.081898,31.823191],[-93.079391,31.824089],[-93.072729,31.825161],[-93.072524,31.829082],[-93.066647,31.833482],[-93.069102,31.835233],[-93.06298,31.840154],[-93.057781,31.843967],[-93.053451,31.840786],[-93.040551,31.829863],[-93.039347,31.831458],[-93.025122,31.82698],[-93.02276,31.830648],[-93.022165,31.828937],[-93.023383,31.826798],[-93.022745,31.826021],[-93.021871,31.82844],[-93.021879,31.831307],[-93.025633,31.832149],[-93.028654,31.833591],[-93.030463,31.836182],[-93.029689,31.83963],[-93.030068,31.84139],[-93.029166,31.842028],[-93.028643,31.844502],[-93.031238,31.847548],[-93.021782,31.842356],[-93.020921,31.844894],[-93.017849,31.847383],[-93.017737,31.851621],[-93.017017,31.853013],[-93.016996,31.861712],[-93.013957,31.860849],[-93.011656,31.861607],[-93.010283,31.863334],[-93.00831,31.86446],[-93.005958,31.864641],[-93.000162,31.857697],[-92.986975,31.858902],[-92.980705,31.858816],[-92.987067,31.875161],[-92.987973,31.876294],[-92.989564,31.879049],[-92.989004,31.880721],[-92.986447,31.88395],[-92.985565,31.886074],[-92.986017,31.888708],[-92.989134,31.893899],[-93.000162,31.896099],[-93.01216,31.906934],[-93.013028,31.9114],[-93.012219,31.916064],[-93.010236,31.921821],[-93.010241,31.92505],[-93.013153,31.92928],[-93.013487,31.932866],[-93.012007,31.938195],[-93.01367,31.93945],[-93.015642,31.943339],[-93.018931,31.945336],[-93.02282,31.946069],[-93.028285,31.948561],[-93.030339,31.951637],[-93.03155,31.955801],[-93.032582,31.957099],[-93.038051,31.960637],[-93.039948,31.961385],[-93.044044,31.959345],[-93.045509,31.957932],[-93.048954,31.956552],[-93.051967,31.954792],[-93.055528,31.953747],[-93.058818,31.953275],[-93.064991,31.953808],[-93.06959,31.955425],[-93.077267,31.957047],[-93.081177,31.957492],[-93.086551,31.960835],[-93.095867,31.961174],[-93.098537,31.960881],[-93.100407,31.957174],[-93.102013,31.95647],[-93.105193,31.955814],[-93.108115,31.956302],[-93.109941,31.957204],[-93.110788,31.9614],[-93.113486,31.962515],[-93.115235,31.964258],[-93.116625,31.968487],[-93.120109,31.969156],[-93.120348,31.972534],[-93.121188,31.97261]]]}},{"type":"Feature","properties":{"zcta5":"71031","AFFGEOID10":"8600000US71031","GEOID10":"71031","ALAND10":383435671,"AWATER10":29609728,"county_name":"Natchitoches","state_code":"LA","county_state":"Natchitoches County, LA","county_fips":"22069","risk_level_county":"Higher Risk (60–69% vaccinated)","mean_vaccination_rate_county":61.82,"risk_level_zcta":"Higher Risk (60–69% vaccinated)","mean_vaccination_rate_zips":69.25,"cases":3},"geometry":{"type":"Polygon","coordinates":[[[-92.814737,32.146907],[-92.93908,32.147942],[-92.937652,32.144852],[-92.93813,32.142983],[-92.935545,32.140397],[-92.93506,32.139062],[-92.932184,32.13651],[-92.93336,32.136373],[-92.932875,32.13458],[-92.931887,32.134541],[-92.933082,32.130136],[-92.93146,32.130063],[-92.932966,32.128404],[-92.931292,32.127975],[-92.931687,32.126824],[-92.931661,32.123337],[-92.930045,32.122386],[-92.928682,32.120399],[-92.926465,32.119157],[-92.925736,32.117297],[-92.926537,32.115873],[-92.925225,32.114477],[-92.924903,32.112288],[-92.922783,32.110554],[-92.921439,32.110951],[-92.920949,32.108629],[-92.919146,32.108938],[-92.919062,32.109851],[-92.91777,32.107095],[-92.916097,32.106853],[-92.916465,32.106017],[-92.912763,32.10342],[-92.911601,32.100378],[-92.912151,32.098031],[-92.910846,32.098025],[-92.911408,32.096925],[-92.909735,32.095643],[-92.91055,32.094043],[-92.908651,32.093421],[-92.909,32.092134],[-92.907792,32.092447],[-92.90495,32.090224],[-92.905656,32.085555],[-92.904863,32.081457],[-92.906239,32.081057],[-92.906452,32.082146],[-92.909552,32.082515],[-92.910185,32.082158],[-92.908325,32.080765],[-92.910128,32.080255],[-92.910858,32.0775],[-92.911756,32.076839],[-92.910937,32.07492],[-92.909613,32.074601],[-92.909794,32.072918],[-92.908437,32.073318],[-92.906753,32.070641],[-92.904919,32.069128],[-92.902232,32.068444],[-92.901761,32.06756],[-92.902395,32.064469],[-92.90195,32.06338],[-92.903184,32.062649],[-92.901847,32.061922],[-92.900627,32.059887],[-92.9017,32.05942],[-92.901106,32.057631],[-92.900506,32.056796],[-92.902631,32.056676],[-92.902076,32.055614],[-92.903148,32.054916],[-92.90679,32.055736],[-92.90854,32.05528],[-92.908276,32.054015],[-92.909833,32.051226],[-92.913112,32.049503],[-92.914948,32.049221],[-92.915735,32.049996],[-92.918596,32.049645],[-92.92063,32.048419],[-92.922729,32.049041],[-92.926803,32.048541],[-92.927229,32.049321],[-92.929315,32.048733],[-92.93049,32.0492],[-92.930458,32.050646],[-92.932014,32.053359],[-92.935895,32.054595],[-92.937368,32.0537],[-92.93884,32.055025],[-92.943457,32.057615],[-92.947158,32.057361],[-92.954577,32.053688],[-92.955307,32.052647],[-92.957334,32.05207],[-92.959555,32.050217],[-92.961557,32.050541],[-92.963669,32.051958],[-92.96498,32.053525],[-92.96797,32.053229],[-92.970076,32.053821],[-92.972394,32.053452],[-92.973899,32.054679],[-92.978658,32.054485],[-92.976115,32.052],[-92.973206,32.050694],[-92.97565,32.04831],[-92.976876,32.046258],[-92.982166,32.041832],[-92.986552,32.040258],[-92.99024,32.037466],[-92.993218,32.03607],[-92.997055,32.033695],[-92.999288,32.034014],[-93.006145,32.042481],[-93.015023,32.054658],[-93.016146,32.055041],[-93.016055,32.052684],[-93.016718,32.0366],[-93.015346,32.034785],[-93.013544,32.033749],[-93.009478,32.033766],[-93.012361,32.030318],[-93.013902,32.02778],[-93.014909,32.024147],[-93.016199,32.022661],[-93.018931,32.016917],[-93.019182,32.011104],[-93.01856,32.007685],[-93.016885,32.005052],[-93.014845,32.004723],[-93.011337,32.00539],[-93.008814,32.004779],[-93.005168,32.005003],[-93.003356,32.004603],[-93.001332,32.005215],[-92.999962,32.004793],[-93.001356,32.001396],[-93.000533,31.998264],[-93.000959,31.9951],[-92.999987,31.993837],[-92.995989,31.991774],[-92.992846,31.988974],[-92.990964,31.988249],[-92.98987,31.986898],[-92.985175,31.985729],[-92.983792,31.983978],[-92.983604,31.981944],[-92.985493,31.981958],[-92.988295,31.979711],[-92.990337,31.978959],[-92.992804,31.976786],[-93.007221,31.970087],[-93.006306,31.96958],[-93.006333,31.967562],[-93.007109,31.964878],[-93.009019,31.962828],[-93.013214,31.960024],[-93.014062,31.954057],[-93.013122,31.950818],[-93.012065,31.950751],[-93.010408,31.948732],[-93.009971,31.946141],[-93.010965,31.945036],[-93.013842,31.944389],[-93.015642,31.943339],[-93.01367,31.93945],[-93.012007,31.938195],[-93.013487,31.932866],[-93.013153,31.92928],[-93.010241,31.92505],[-93.010236,31.921821],[-93.012219,31.916064],[-93.013028,31.9114],[-93.01216,31.906934],[-93.000162,31.896099],[-92.989134,31.893899],[-92.986017,31.888708],[-92.985565,31.886074],[-92.986447,31.88395],[-92.989004,31.880721],[-92.989564,31.879049],[-92.987973,31.876294],[-92.98153,31.878001],[-92.979784,31.880118],[-92.972374,31.880168],[-92.971513,31.879685],[-92.968903,31.880196],[-92.964831,31.880086],[-92.96373,31.880508],[-92.966351,31.873596],[-92.965391,31.872801],[-92.965287,31.870904],[-92.966937,31.868742],[-92.96731,31.866471],[-92.96687,31.862582],[-92.966019,31.861659],[-92.963841,31.86112],[-92.958692,31.86238],[-92.959672,31.860818],[-92.959137,31.860092],[-92.956784,31.859977],[-92.956327,31.858602],[-92.954297,31.85868],[-92.952061,31.857976],[-92.95139,31.85626],[-92.950282,31.85763],[-92.94909,31.857833],[-92.94869,31.857079],[-92.949921,31.856387],[-92.950333,31.855793],[-92.950391,31.85505],[-92.946899,31.852922],[-92.946505,31.849386],[-92.947974,31.848665],[-92.950242,31.84977],[-92.950796,31.849831],[-92.951428,31.849028],[-92.949855,31.846454],[-92.951087,31.848521],[-92.950876,31.849589],[-92.948245,31.848677],[-92.94733,31.848502],[-92.946143,31.849499],[-92.946769,31.8529],[-92.950115,31.855287],[-92.949411,31.856553],[-92.945953,31.857138],[-92.944509,31.855801],[-92.942446,31.855212],[-92.942245,31.854268],[-92.939514,31.854186],[-92.937725,31.8535],[-92.932331,31.854378],[-92.929997,31.854091],[-92.926119,31.854636],[-92.924576,31.853927],[-92.921032,31.853243],[-92.917986,31.853076],[-92.916914,31.852248],[-92.916298,31.851277],[-92.913438,31.851564],[-92.912131,31.850856],[-92.910749,31.85173],[-92.909602,31.850958],[-92.907687,31.851055],[-92.905614,31.85229],[-92.901959,31.855942],[-92.899938,31.856143],[-92.899122,31.856971],[-92.8982,31.859415],[-92.900397,31.861225],[-92.902013,31.863842],[-92.904905,31.866177],[-92.906153,31.868704],[-92.904378,31.872619],[-92.902683,31.875162],[-92.902161,31.879805],[-92.902268,31.883178],[-92.90181,31.885429],[-92.901831,31.890845],[-92.901088,31.893909],[-92.899269,31.895529],[-92.895862,31.897383],[-92.892582,31.901446],[-92.892128,31.904795],[-92.893308,31.906224],[-92.894119,31.910979],[-92.89399,31.915524],[-92.89464,31.917159],[-92.893105,31.919352],[-92.893562,31.920622],[-92.891898,31.924193],[-92.891762,31.926166],[-92.888934,31.926929],[-92.887094,31.930263],[-92.887814,31.931574],[-92.887487,31.933771],[-92.885459,31.934654],[-92.884552,31.937183],[-92.884637,31.939537],[-92.879373,31.94059],[-92.878253,31.941981],[-92.877271,31.941335],[-92.875156,31.942548],[-92.873698,31.944557],[-92.8697,31.942652],[-92.869631,31.941157],[-92.864709,31.938844],[-92.862733,31.941405],[-92.86027,31.942627],[-92.858076,31.947799],[-92.858629,31.951224],[-92.858145,31.9531],[-92.857299,31.953793],[-92.852499,31.954021],[-92.852295,31.956294],[-92.853424,31.95785],[-92.851373,31.958703],[-92.850832,31.959842],[-92.848109,31.959155],[-92.845232,31.95992],[-92.845536,31.96091],[-92.844665,31.962544],[-92.844938,31.964498],[-92.846159,31.965207],[-92.852386,31.970069],[-92.855763,31.973718],[-92.856835,31.976089],[-92.86031,31.979243],[-92.856879,31.978583],[-92.856297,31.97909],[-92.851236,31.976179],[-92.846,31.970889],[-92.842794,31.969309],[-92.834577,31.967434],[-92.832128,31.967458],[-92.824858,31.969546],[-92.815427,31.970577],[-92.817484,31.972366],[-92.818431,31.977146],[-92.816226,31.983882],[-92.816329,31.985395],[-92.8184,31.988735],[-92.818635,31.99049],[-92.817356,31.995432],[-92.819418,32.00201],[-92.820989,32.004308],[-92.82379,32.005953],[-92.826681,32.006933],[-92.828156,32.008372],[-92.828544,32.010413],[-92.829505,32.012181],[-92.832384,32.014796],[-92.834556,32.016114],[-92.836089,32.018829],[-92.833623,32.019131],[-92.831861,32.018278],[-92.82838,32.018916],[-92.826655,32.019936],[-92.825738,32.021286],[-92.825404,32.023089],[-92.824645,32.023347],[-92.823051,32.022367],[-92.820922,32.024023],[-92.819991,32.025634],[-92.818521,32.025254],[-92.817795,32.026182],[-92.81385,32.026218],[-92.812829,32.026567],[-92.812771,32.029736],[-92.810511,32.030322],[-92.807559,32.029704],[-92.80606,32.028325],[-92.802995,32.02868],[-92.797988,32.027463],[-92.796571,32.028002],[-92.800179,32.031072],[-92.800488,32.032425],[-92.799047,32.034113],[-92.798995,32.038678],[-92.800071,32.040755],[-92.802344,32.042878],[-92.801301,32.045123],[-92.797363,32.048861],[-92.794302,32.048711],[-92.792049,32.047255],[-92.791491,32.045847],[-92.790085,32.044374],[-92.787884,32.043712],[-92.789382,32.046069],[-92.788544,32.046636],[-92.789672,32.049056],[-92.791535,32.049708],[-92.792409,32.052164],[-92.794861,32.05265],[-92.800576,32.057843],[-92.801891,32.059323],[-92.801343,32.061935],[-92.802651,32.06229],[-92.802195,32.063961],[-92.803839,32.066488],[-92.805396,32.06726],[-92.802777,32.069434],[-92.804908,32.071293],[-92.803883,32.072651],[-92.805114,32.075847],[-92.803959,32.076203],[-92.803404,32.077729],[-92.804663,32.07823],[-92.803982,32.079317],[-92.804145,32.081343],[-92.80222,32.080739],[-92.801421,32.082661],[-92.802221,32.084374],[-92.801602,32.088077],[-92.798981,32.092346],[-92.799063,32.094082],[-92.800362,32.095673],[-92.801431,32.095336],[-92.803983,32.096483],[-92.8053,32.099203],[-92.804229,32.100016],[-92.806273,32.101568],[-92.805813,32.103296],[-92.804491,32.104166],[-92.804229,32.105612],[-92.802256,32.106053],[-92.803794,32.108535],[-92.802776,32.112394],[-92.804906,32.115491],[-92.804526,32.1175],[-92.805969,32.117604],[-92.805176,32.119519],[-92.80715,32.121397],[-92.806705,32.122846],[-92.80372,32.123176],[-92.804555,32.12378],[-92.803142,32.124932],[-92.800809,32.125344],[-92.799979,32.12693],[-92.802119,32.127692],[-92.800983,32.128448],[-92.799895,32.131188],[-92.795778,32.132806],[-92.794379,32.132398],[-92.792151,32.13326],[-92.791465,32.136362],[-92.791563,32.146597],[-92.814737,32.146907]]]}}]}