{"type":"FeatureCollection","features":[{"type":"Feature","properties":{"zcta5":"29030","AFFGEOID10":"8600000US29030","GEOID10":"29030","ALAND10":235079192,"AWATER10":10288162,"county_name":"Orangeburg","state_code":"SC","county_state":"Orangeburg County, SC","county_fips":"45075","risk_level_county":"Higher Risk (60–69% vaccinated)","mean_vaccination_rate_county":62.92,"risk_level_zcta":"Very High Risk (<60% vaccinated)","mean_vaccination_rate_zips":57.35,"cases":670},"geometry":{"type":"Polygon","coordinates":[[[-80.764894,33.573265],[-80.767379,33.573628],[-80.764581,33.569175],[-80.760803,33.5583],[-80.760549,33.556416],[-80.761351,33.551898],[-80.761281,33.550531],[-80.759597,33.547399],[-80.756975,33.536712],[-80.741956,33.544273],[-80.736909,33.541717],[-80.735583,33.540357],[-80.737401,33.539386],[-80.744876,33.537541],[-80.749392,33.533636],[-80.753358,33.530881],[-80.755917,33.533535],[-80.756917,33.53647],[-80.766602,33.531547],[-80.765622,33.530493],[-80.760868,33.526857],[-80.758854,33.522882],[-80.755146,33.520649],[-80.753849,33.518121],[-80.749919,33.517264],[-80.746726,33.515356],[-80.745405,33.514091],[-80.743496,33.51021],[-80.741049,33.508439],[-80.738139,33.507976],[-80.735008,33.506826],[-80.732566,33.505375],[-80.730759,33.505506],[-80.727662,33.501772],[-80.723421,33.501712],[-80.722435,33.501273],[-80.721661,33.496434],[-80.719769,33.493831],[-80.719056,33.491575],[-80.715472,33.491411],[-80.714041,33.491992],[-80.710773,33.492014],[-80.708706,33.49373],[-80.704608,33.494391],[-80.700785,33.494639],[-80.694179,33.497153],[-80.693434,33.497976],[-80.691343,33.498363],[-80.6884,33.501988],[-80.683482,33.499209],[-80.681623,33.495865],[-80.682525,33.494074],[-80.680123,33.492504],[-80.679968,33.490426],[-80.684773,33.49057],[-80.687642,33.489698],[-80.682617,33.482037],[-80.681467,33.479909],[-80.683786,33.477709],[-80.68222,33.475335],[-80.684867,33.473375],[-80.685423,33.471135],[-80.684739,33.470042],[-80.680497,33.465363],[-80.679947,33.463566],[-80.682128,33.457492],[-80.687284,33.458397],[-80.686007,33.454556],[-80.683214,33.442044],[-80.68033,33.444071],[-80.679034,33.446185],[-80.677332,33.446763],[-80.675815,33.448764],[-80.672605,33.449185],[-80.669887,33.450429],[-80.66514,33.451244],[-80.659843,33.451303],[-80.657043,33.451765],[-80.65358,33.454374],[-80.651026,33.457078],[-80.647755,33.457502],[-80.646016,33.453361],[-80.643339,33.452466],[-80.642601,33.45132],[-80.64036,33.451274],[-80.637574,33.449119],[-80.636591,33.447148],[-80.634788,33.446346],[-80.633395,33.444718],[-80.633587,33.443413],[-80.631648,33.442999],[-80.629462,33.441441],[-80.629819,33.439539],[-80.625558,33.436742],[-80.624037,33.439022],[-80.621125,33.442246],[-80.618801,33.444047],[-80.619751,33.446505],[-80.621779,33.4539],[-80.623016,33.456202],[-80.625013,33.458526],[-80.61811,33.4587],[-80.62172,33.4625],[-80.624461,33.467685],[-80.625102,33.472262],[-80.616575,33.466006],[-80.611327,33.470416],[-80.619338,33.482235],[-80.619591,33.483648],[-80.624951,33.488763],[-80.626459,33.481934],[-80.627454,33.481178],[-80.640795,33.476651],[-80.641185,33.477096],[-80.641303,33.483302],[-80.645033,33.481521],[-80.6644,33.50442],[-80.662542,33.506421],[-80.661885,33.508032],[-80.660625,33.508735],[-80.659587,33.51116],[-80.65744,33.514162],[-80.65841,33.517994],[-80.660575,33.522624],[-80.659569,33.526347],[-80.658374,33.527347],[-80.656829,33.532505],[-80.655351,33.535012],[-80.65214,33.535649],[-80.650787,33.5375],[-80.651546,33.541524],[-80.65038,33.546832],[-80.646152,33.550934],[-80.652096,33.556585],[-80.654406,33.558287],[-80.658603,33.559985],[-80.661045,33.561685],[-80.667616,33.568436],[-80.670385,33.579834],[-80.666599,33.581681],[-80.636669,33.560345],[-80.635181,33.56195],[-80.629775,33.566203],[-80.642445,33.58306],[-80.640745,33.584512],[-80.636549,33.589166],[-80.632335,33.586278],[-80.628253,33.59631],[-80.626224,33.594489],[-80.620012,33.592985],[-80.618218,33.593139],[-80.61505,33.590375],[-80.613204,33.589958],[-80.606785,33.58929],[-80.603211,33.588351],[-80.601798,33.58894],[-80.599045,33.587946],[-80.595866,33.588123],[-80.595176,33.589135],[-80.593074,33.58919],[-80.588679,33.590335],[-80.586111,33.592639],[-80.583306,33.592832],[-80.579345,33.594208],[-80.577893,33.594109],[-80.575428,33.599077],[-80.572584,33.598877],[-80.569397,33.599948],[-80.561819,33.601772],[-80.55997,33.602883],[-80.557604,33.602962],[-80.555456,33.603961],[-80.554344,33.60354],[-80.551964,33.60471],[-80.549361,33.604565],[-80.547833,33.605651],[-80.522006,33.609779],[-80.519417,33.610072],[-80.519294,33.611564],[-80.519989,33.614233],[-80.521569,33.61653],[-80.525327,33.618423],[-80.532293,33.621552],[-80.534063,33.622781],[-80.535148,33.624466],[-80.54036,33.628022],[-80.540514,33.629032],[-80.53981,33.631916],[-80.538961,33.632451],[-80.532596,33.633543],[-80.529248,33.634709],[-80.528309,33.636722],[-80.528775,33.639141],[-80.530008,33.641126],[-80.531368,33.642373],[-80.534085,33.643911],[-80.538507,33.64592],[-80.545955,33.648754],[-80.548457,33.650413],[-80.551177,33.652973],[-80.553688,33.65654],[-80.553939,33.661176],[-80.555903,33.662424],[-80.562475,33.662997],[-80.565548,33.664732],[-80.565379,33.666075],[-80.560512,33.671538],[-80.560213,33.67409],[-80.56136,33.677217],[-80.562359,33.678395],[-80.565209,33.679712],[-80.568227,33.679854],[-80.574112,33.678994],[-80.578819,33.679543],[-80.585126,33.681708],[-80.58978,33.684238],[-80.59026,33.684844],[-80.592479,33.690458],[-80.593435,33.692207],[-80.595538,33.693686],[-80.596593,33.695137],[-80.595795,33.692933],[-80.593815,33.692153],[-80.594374,33.691469],[-80.596884,33.692008],[-80.598543,33.693649],[-80.599187,33.690669],[-80.601058,33.688651],[-80.604505,33.683477],[-80.60505,33.681184],[-80.606817,33.677505],[-80.60671,33.674844],[-80.607952,33.671671],[-80.6092,33.669713],[-80.612532,33.666968],[-80.61381,33.666788],[-80.616834,33.664713],[-80.618294,33.662831],[-80.620537,33.661389],[-80.625579,33.660161],[-80.631086,33.660377],[-80.630976,33.656301],[-80.632768,33.655042],[-80.635131,33.655214],[-80.638668,33.65256],[-80.641672,33.655215],[-80.644675,33.656589],[-80.662733,33.661235],[-80.67386,33.665592],[-80.684656,33.669164],[-80.686666,33.662169],[-80.686937,33.658219],[-80.689313,33.655183],[-80.68739,33.653862],[-80.684471,33.652922],[-80.680809,33.649607],[-80.685431,33.650354],[-80.688067,33.648468],[-80.692018,33.646643],[-80.692419,33.645906],[-80.694687,33.646142],[-80.697231,33.645372],[-80.703253,33.645382],[-80.704732,33.645003],[-80.71147,33.644287],[-80.715276,33.642834],[-80.718332,33.641206],[-80.705934,33.636513],[-80.697259,33.633845],[-80.697601,33.631542],[-80.702772,33.629484],[-80.706522,33.628812],[-80.709679,33.627691],[-80.716562,33.625794],[-80.720856,33.623005],[-80.72436,33.619765],[-80.726083,33.615534],[-80.723615,33.613873],[-80.718854,33.612232],[-80.716802,33.611206],[-80.713108,33.610318],[-80.711065,33.608064],[-80.714628,33.605499],[-80.716977,33.60772],[-80.719163,33.607927],[-80.722249,33.606239],[-80.718268,33.601431],[-80.715327,33.598578],[-80.718765,33.595932],[-80.717448,33.59394],[-80.716079,33.589178],[-80.717045,33.58549],[-80.717687,33.584841],[-80.721048,33.583927],[-80.727605,33.578951],[-80.721269,33.57148],[-80.725671,33.569376],[-80.727378,33.568193],[-80.730079,33.565253],[-80.73226,33.560111],[-80.734921,33.560138],[-80.739057,33.559619],[-80.740814,33.559828],[-80.745465,33.561993],[-80.748922,33.565032],[-80.752733,33.567783],[-80.760246,33.571528],[-80.764894,33.573265]]]}},{"type":"Feature","properties":{"zcta5":"29117","AFFGEOID10":"8600000US29117","GEOID10":"29117","ALAND10":230353,"AWATER10":0,"county_name":"Orangeburg","state_code":"SC","county_state":"Orangeburg County, SC","county_fips":"45075","risk_level_county":"Higher Risk (60–69% vaccinated)","mean_vaccination_rate_county":62.92,"risk_level_zcta":"Uninhabited","mean_vaccination_rate_zips":null,"cases":670},"geometry":{"type":"Polygon","coordinates":[[[-80.851244,33.497776],[-80.853431,33.495137],[-80.848517,33.496397],[-80.844842,33.49721],[-80.847511,33.501304],[-80.848108,33.502217],[-80.849124,33.501555],[-80.847963,33.499503],[-80.850565,33.499811],[-80.851464,33.498841],[-80.851244,33.497776]]]}},{"type":"Feature","properties":{"zcta5":"29135","AFFGEOID10":"8600000US29135","GEOID10":"29135","ALAND10":498173580,"AWATER10":3880475,"county_name":"Orangeburg","state_code":"SC","county_state":"Orangeburg County, SC","county_fips":"45075","risk_level_county":"Higher Risk (60–69% vaccinated)","mean_vaccination_rate_county":62.92,"risk_level_zcta":"Higher Risk (60–69% vaccinated)","mean_vaccination_rate_zips":63.4,"cases":670},"geometry":{"type":"Polygon","coordinates":[[[-80.834817,33.787388],[-80.836656,33.787728],[-80.841627,33.786336],[-80.843931,33.78335],[-80.846913,33.782838],[-80.84925,33.781072],[-80.850573,33.781159],[-80.850343,33.782138],[-80.852682,33.78503],[-80.855658,33.785507],[-80.859543,33.784653],[-80.862485,33.783404],[-80.863293,33.780358],[-80.866775,33.778613],[-80.875371,33.778357],[-80.877334,33.77789],[-80.881234,33.774736],[-80.881202,33.772971],[-80.882817,33.769469],[-80.883996,33.768073],[-80.88613,33.766898],[-80.889061,33.764425],[-80.893638,33.761254],[-80.896213,33.758236],[-80.89857,33.757121],[-80.902473,33.756561],[-80.905462,33.75753],[-80.906732,33.758564],[-80.909239,33.759488],[-80.912102,33.759956],[-80.917428,33.759358],[-80.921213,33.757725],[-80.924603,33.756945],[-80.926321,33.755583],[-80.931432,33.754288],[-80.934608,33.753069],[-80.940262,33.752422],[-80.943464,33.750141],[-80.936614,33.738232],[-80.926666,33.721565],[-80.92778,33.720517],[-80.92884,33.718065],[-80.932649,33.716251],[-80.934303,33.713383],[-80.937682,33.710857],[-80.945452,33.708273],[-80.948656,33.708146],[-80.949632,33.708183],[-80.95296,33.71218],[-80.95399,33.710692],[-80.954646,33.707361],[-80.954301,33.704671],[-80.959185,33.703631],[-80.961432,33.699737],[-80.963742,33.694982],[-80.966842,33.690649],[-80.967719,33.688917],[-80.965551,33.684964],[-80.965228,33.681123],[-80.964525,33.677207],[-80.963232,33.673475],[-80.961799,33.673525],[-80.95252,33.662966],[-80.941633,33.652829],[-80.937754,33.650064],[-80.931707,33.651281],[-80.925709,33.655956],[-80.924651,33.65734],[-80.920746,33.656207],[-80.919432,33.653793],[-80.914495,33.650389],[-80.911425,33.649558],[-80.910795,33.648062],[-80.912616,33.647396],[-80.915144,33.63882],[-80.92204,33.635263],[-80.91774,33.625274],[-80.917023,33.623266],[-80.916887,33.618111],[-80.911336,33.619851],[-80.908503,33.621489],[-80.903483,33.62169],[-80.901273,33.623691],[-80.893992,33.619543],[-80.890087,33.621929],[-80.88456,33.627261],[-80.880946,33.619604],[-80.835215,33.60986],[-80.836314,33.607874],[-80.835568,33.604651],[-80.826998,33.60425],[-80.824118,33.607616],[-80.807922,33.604143],[-80.814924,33.588555],[-80.813326,33.586603],[-80.805088,33.586217],[-80.804043,33.596283],[-80.801519,33.599685],[-80.775976,33.581322],[-80.764894,33.573265],[-80.760246,33.571528],[-80.752733,33.567783],[-80.748922,33.565032],[-80.745465,33.561993],[-80.740814,33.559828],[-80.739057,33.559619],[-80.734921,33.560138],[-80.73226,33.560111],[-80.730079,33.565253],[-80.727378,33.568193],[-80.725671,33.569376],[-80.721269,33.57148],[-80.727605,33.578951],[-80.721048,33.583927],[-80.717687,33.584841],[-80.717045,33.58549],[-80.716079,33.589178],[-80.717448,33.59394],[-80.718765,33.595932],[-80.715327,33.598578],[-80.718268,33.601431],[-80.722249,33.606239],[-80.719163,33.607927],[-80.716977,33.60772],[-80.714628,33.605499],[-80.711065,33.608064],[-80.713108,33.610318],[-80.716802,33.611206],[-80.718854,33.612232],[-80.723615,33.613873],[-80.726083,33.615534],[-80.72436,33.619765],[-80.720856,33.623005],[-80.716562,33.625794],[-80.709679,33.627691],[-80.706522,33.628812],[-80.702772,33.629484],[-80.697601,33.631542],[-80.697259,33.633845],[-80.705934,33.636513],[-80.718332,33.641206],[-80.715276,33.642834],[-80.71147,33.644287],[-80.704732,33.645003],[-80.703253,33.645382],[-80.697231,33.645372],[-80.694687,33.646142],[-80.692419,33.645906],[-80.692018,33.646643],[-80.688067,33.648468],[-80.685431,33.650354],[-80.680809,33.649607],[-80.684471,33.652922],[-80.68739,33.653862],[-80.689313,33.655183],[-80.686937,33.658219],[-80.686666,33.662169],[-80.684656,33.669164],[-80.67386,33.665592],[-80.662733,33.661235],[-80.644675,33.656589],[-80.641672,33.655215],[-80.638668,33.65256],[-80.635131,33.655214],[-80.632768,33.655042],[-80.630976,33.656301],[-80.631086,33.660377],[-80.625579,33.660161],[-80.620537,33.661389],[-80.618294,33.662831],[-80.616834,33.664713],[-80.61381,33.666788],[-80.612532,33.666968],[-80.6092,33.669713],[-80.607952,33.671671],[-80.60671,33.674844],[-80.606817,33.677505],[-80.60505,33.681184],[-80.604505,33.683477],[-80.601058,33.688651],[-80.599187,33.690669],[-80.598543,33.693649],[-80.596884,33.692008],[-80.594374,33.691469],[-80.593815,33.692153],[-80.595795,33.692933],[-80.596593,33.695137],[-80.59658,33.69549],[-80.595459,33.69688],[-80.593193,33.698312],[-80.592463,33.699591],[-80.593092,33.701947],[-80.594136,33.70242],[-80.59913,33.70233],[-80.601625,33.702671],[-80.604394,33.704323],[-80.605222,33.707146],[-80.607627,33.709066],[-80.613335,33.710858],[-80.615264,33.711835],[-80.616739,33.71409],[-80.616153,33.71775],[-80.616465,33.719497],[-80.618263,33.721919],[-80.62139,33.724378],[-80.624809,33.728561],[-80.627554,33.730996],[-80.624752,33.732924],[-80.624472,33.734562],[-80.625819,33.73566],[-80.628089,33.736263],[-80.629657,33.737391],[-80.629638,33.73892],[-80.628762,33.740178],[-80.621095,33.742024],[-80.620107,33.743237],[-80.620889,33.744978],[-80.622752,33.745647],[-80.630617,33.743567],[-80.632785,33.743667],[-80.637912,33.746086],[-80.640412,33.747548],[-80.640011,33.74994],[-80.640568,33.751549],[-80.641731,33.752269],[-80.645083,33.752965],[-80.647265,33.754203],[-80.649538,33.757748],[-80.656399,33.761398],[-80.656806,33.763599],[-80.656258,33.765721],[-80.652771,33.768305],[-80.65174,33.769976],[-80.652864,33.772552],[-80.65468,33.773508],[-80.659051,33.772986],[-80.66237,33.771463],[-80.666292,33.768352],[-80.671791,33.766475],[-80.672936,33.764879],[-80.673204,33.763213],[-80.675103,33.761983],[-80.677537,33.76298],[-80.679218,33.762513],[-80.680372,33.760973],[-80.686592,33.755993],[-80.687616,33.756833],[-80.68563,33.760068],[-80.687399,33.761092],[-80.688368,33.760483],[-80.689968,33.757238],[-80.691687,33.756837],[-80.696572,33.756514],[-80.699713,33.756983],[-80.703274,33.759094],[-80.705386,33.759795],[-80.705959,33.761507],[-80.70394,33.76468],[-80.704386,33.766486],[-80.705334,33.767379],[-80.708839,33.769432],[-80.709212,33.7701],[-80.711729,33.771275],[-80.712958,33.771181],[-80.713722,33.770256],[-80.713156,33.76865],[-80.713307,33.766022],[-80.714402,33.76164],[-80.715368,33.760485],[-80.717559,33.760832],[-80.721407,33.764037],[-80.722537,33.767346],[-80.725017,33.76848],[-80.726847,33.768282],[-80.727658,33.767406],[-80.727315,33.764779],[-80.728004,33.761819],[-80.730005,33.760389],[-80.733859,33.759978],[-80.737377,33.756617],[-80.738464,33.756391],[-80.739555,33.756883],[-80.740457,33.759091],[-80.738375,33.762667],[-80.735901,33.765495],[-80.736335,33.767422],[-80.739224,33.767925],[-80.740684,33.768842],[-80.741587,33.773858],[-80.743282,33.77561],[-80.745034,33.776426],[-80.746995,33.776447],[-80.747975,33.775808],[-80.751197,33.772012],[-80.751574,33.770564],[-80.748568,33.768958],[-80.747786,33.766026],[-80.74486,33.764014],[-80.744999,33.76291],[-80.747467,33.761736],[-80.749811,33.764604],[-80.754517,33.763996],[-80.755552,33.764301],[-80.756185,33.764819],[-80.756265,33.768109],[-80.757513,33.773082],[-80.758218,33.773931],[-80.759731,33.773997],[-80.763009,33.771023],[-80.766337,33.766821],[-80.767835,33.767146],[-80.768191,33.767836],[-80.767947,33.771364],[-80.76913,33.771925],[-80.77177,33.7719],[-80.772828,33.771011],[-80.777642,33.764682],[-80.779348,33.761714],[-80.782206,33.760711],[-80.78486,33.761008],[-80.786144,33.762722],[-80.782161,33.766164],[-80.78236,33.768146],[-80.782968,33.768899],[-80.78609,33.769692],[-80.793354,33.769525],[-80.797889,33.7707],[-80.80137,33.773126],[-80.804002,33.773891],[-80.807591,33.774211],[-80.809536,33.778476],[-80.811249,33.77975],[-80.81569,33.781069],[-80.817504,33.779761],[-80.819163,33.776276],[-80.821903,33.774386],[-80.82504,33.77471],[-80.827989,33.776206],[-80.829259,33.778193],[-80.828549,33.779128],[-80.826125,33.780193],[-80.824451,33.78179],[-80.82257,33.784567],[-80.822545,33.787003],[-80.82474,33.786861],[-80.827948,33.785256],[-80.829581,33.784909],[-80.833464,33.785508],[-80.834817,33.787388]]]}},{"type":"Feature","properties":{"zcta5":"29038","AFFGEOID10":"8600000US29038","GEOID10":"29038","ALAND10":207859916,"AWATER10":859809,"county_name":"Orangeburg","state_code":"SC","county_state":"Orangeburg County, SC","county_fips":"45075","risk_level_county":"Higher Risk (60–69% vaccinated)","mean_vaccination_rate_county":62.92,"risk_level_zcta":"Medium Risk (70–79% vaccinated)","mean_vaccination_rate_zips":70.14,"cases":670},"geometry":{"type":"Polygon","coordinates":[[[-81.064042,33.452872],[-81.072952,33.447854],[-81.074819,33.447119],[-81.084175,33.445036],[-81.084754,33.440283],[-81.095967,33.436888],[-81.098,33.436061],[-81.071642,33.425549],[-81.071018,33.419954],[-81.071433,33.400108],[-81.072706,33.400556],[-81.073662,33.39698],[-81.074056,33.393246],[-81.07296,33.386792],[-81.07315,33.384476],[-81.077076,33.383182],[-81.078238,33.382071],[-81.08241,33.375464],[-81.078603,33.375162],[-81.077547,33.373653],[-81.07548,33.373442],[-81.073808,33.370169],[-81.073945,33.368441],[-81.071948,33.367733],[-81.071792,33.36589],[-81.070541,33.36654],[-81.067097,33.36533],[-81.067127,33.364625],[-81.063828,33.361132],[-81.062733,33.359458],[-81.060076,33.359553],[-81.05843,33.35787],[-81.056797,33.35767],[-81.057768,33.356309],[-81.056128,33.356414],[-81.055414,33.35396],[-81.054577,33.354346],[-81.052989,33.3536],[-81.050777,33.351003],[-81.048787,33.351292],[-81.047817,33.349166],[-81.046416,33.349923],[-81.046647,33.348783],[-81.044779,33.347986],[-81.041777,33.348225],[-81.04077,33.347088],[-81.039707,33.349302],[-81.036938,33.349442],[-81.036056,33.348252],[-81.034123,33.347586],[-81.034365,33.346244],[-81.033024,33.346513],[-81.03077,33.348708],[-81.030505,33.347641],[-81.02818,33.346191],[-81.028257,33.344661],[-81.027447,33.34532],[-81.027144,33.342787],[-81.025978,33.343174],[-81.025594,33.341043],[-81.024537,33.338732],[-81.022296,33.338953],[-81.020669,33.338417],[-81.020548,33.337398],[-81.018624,33.336987],[-81.016422,33.337569],[-81.015506,33.336926],[-81.013725,33.338669],[-81.012847,33.337704],[-81.011164,33.337653],[-81.010683,33.335762],[-81.00898,33.336061],[-81.007572,33.33399],[-81.006223,33.334825],[-81.006825,33.336472],[-81.004823,33.336395],[-81.003037,33.334541],[-81.00269,33.332146],[-81.001799,33.332225],[-81.000832,33.330728],[-80.999207,33.331475],[-80.998699,33.330138],[-80.996043,33.328765],[-80.994822,33.328798],[-80.994907,33.327492],[-80.993596,33.327232],[-80.993706,33.328238],[-80.991852,33.327538],[-80.992465,33.329287],[-80.991332,33.329751],[-80.989044,33.328062],[-80.985338,33.327018],[-80.98518,33.324713],[-80.983617,33.324894],[-80.983028,33.323857],[-80.980142,33.322714],[-80.981884,33.321303],[-80.979491,33.319555],[-80.979731,33.318081],[-80.978582,33.319125],[-80.976252,33.317733],[-80.973677,33.317525],[-80.971346,33.318881],[-80.969021,33.317967],[-80.96821,33.318275],[-80.967984,33.316889],[-80.967014,33.316541],[-80.964504,33.313331],[-80.963907,33.31098],[-80.962718,33.311809],[-80.962124,33.310278],[-80.962692,33.309288],[-80.961389,33.308131],[-80.959314,33.309987],[-80.957776,33.310154],[-80.956697,33.30917],[-80.954908,33.309591],[-80.95174,33.307554],[-80.949573,33.308174],[-80.948708,33.309259],[-80.948756,33.308047],[-80.951265,33.305475],[-80.950149,33.305261],[-80.947988,33.306811],[-80.948407,33.305869],[-80.947472,33.304657],[-80.947412,33.305848],[-80.946094,33.30607],[-80.946396,33.304775],[-80.944104,33.305142],[-80.941196,33.303431],[-80.940103,33.30356],[-80.938053,33.299665],[-80.937177,33.300367],[-80.933401,33.29769],[-80.935142,33.296849],[-80.934562,33.296032],[-80.933459,33.296791],[-80.930606,33.295171],[-80.929244,33.295571],[-80.930363,33.294389],[-80.932182,33.294235],[-80.932087,33.293197],[-80.930171,33.292758],[-80.928562,33.290956],[-80.927519,33.292167],[-80.926025,33.290611],[-80.924218,33.290189],[-80.922903,33.288525],[-80.926574,33.287822],[-80.926003,33.286793],[-80.924385,33.287168],[-80.921827,33.286578],[-80.919674,33.285121],[-80.918425,33.283372],[-80.917145,33.284081],[-80.916823,33.283221],[-80.915461,33.283187],[-80.915717,33.281441],[-80.914118,33.281762],[-80.91172,33.280248],[-80.91225,33.279245],[-80.909464,33.279276],[-80.909278,33.277869],[-80.908084,33.27703],[-80.906488,33.277471],[-80.906573,33.276185],[-80.905515,33.276182],[-80.903173,33.27497],[-80.903491,33.272844],[-80.901971,33.271693],[-80.901867,33.270683],[-80.89999,33.271301],[-80.899856,33.269748],[-80.896841,33.270328],[-80.89513,33.268],[-80.893444,33.269068],[-80.892257,33.268391],[-80.891622,33.265773],[-80.889545,33.261285],[-80.886944,33.263153],[-80.887109,33.264183],[-80.88617,33.26676],[-80.88762,33.266777],[-80.888267,33.267776],[-80.88567,33.268481],[-80.886706,33.269368],[-80.884586,33.271374],[-80.884945,33.272321],[-80.883077,33.272053],[-80.884624,33.2739],[-80.882162,33.27439],[-80.880203,33.275279],[-80.882045,33.275619],[-80.88161,33.27803],[-80.882598,33.279502],[-80.881138,33.280742],[-80.881574,33.281813],[-80.883641,33.281019],[-80.884393,33.282271],[-80.885027,33.284286],[-80.882935,33.285555],[-80.882322,33.286594],[-80.880261,33.286792],[-80.879738,33.287433],[-80.881798,33.287454],[-80.880913,33.288948],[-80.883052,33.289407],[-80.883609,33.29117],[-80.885011,33.292589],[-80.883804,33.292756],[-80.884332,33.294451],[-80.883964,33.295426],[-80.885795,33.296211],[-80.884725,33.296732],[-80.8869,33.298363],[-80.886496,33.299082],[-80.887916,33.300791],[-80.886696,33.3017],[-80.885077,33.301821],[-80.884208,33.3034],[-80.884944,33.303921],[-80.883225,33.304354],[-80.884146,33.305228],[-80.883028,33.306134],[-80.882271,33.307791],[-80.880954,33.307728],[-80.881174,33.309496],[-80.880463,33.30942],[-80.879565,33.311299],[-80.879279,33.310477],[-80.877575,33.310136],[-80.879018,33.311978],[-80.876891,33.312696],[-80.875708,33.312139],[-80.874156,33.312782],[-80.874504,33.313904],[-80.873056,33.315558],[-80.872692,33.318055],[-80.874342,33.319287],[-80.875118,33.321499],[-80.87595,33.321465],[-80.876137,33.32304],[-80.877283,33.322631],[-80.878588,33.324661],[-80.880165,33.323375],[-80.880237,33.324454],[-80.879121,33.325509],[-80.881073,33.325787],[-80.880481,33.326864],[-80.882102,33.326069],[-80.882005,33.327135],[-80.88306,33.328234],[-80.881621,33.328292],[-80.882341,33.329329],[-80.880584,33.329566],[-80.881504,33.331545],[-80.880389,33.332181],[-80.881712,33.333542],[-80.88079,33.334593],[-80.883205,33.336233],[-80.881972,33.337386],[-80.882553,33.33848],[-80.882297,33.340254],[-80.883944,33.340729],[-80.883876,33.341706],[-80.885333,33.342225],[-80.886279,33.34401],[-80.887722,33.345426],[-80.887054,33.346032],[-80.887897,33.347737],[-80.886,33.349952],[-80.88709,33.35191],[-80.885597,33.351296],[-80.885728,33.353985],[-80.886946,33.3544],[-80.887189,33.355626],[-80.885835,33.356308],[-80.88618,33.35923],[-80.885551,33.359714],[-80.890415,33.362525],[-80.893232,33.36219],[-80.895565,33.362959],[-80.897932,33.356598],[-80.898978,33.355013],[-80.903185,33.352755],[-80.909869,33.359517],[-80.915048,33.362793],[-80.916827,33.365238],[-80.923824,33.389451],[-80.923771,33.391809],[-80.922542,33.393613],[-80.919221,33.396869],[-80.918413,33.398998],[-80.918955,33.40118],[-80.925519,33.404892],[-80.929493,33.409901],[-80.932726,33.407638],[-80.934096,33.40553],[-80.93742,33.405778],[-80.93779,33.404701],[-80.941415,33.400324],[-80.946965,33.400838],[-80.948252,33.403465],[-80.950312,33.405427],[-80.952976,33.406767],[-80.953048,33.409733],[-80.95505,33.409838],[-80.961996,33.413774],[-80.968427,33.413139],[-80.965463,33.426914],[-80.963568,33.430233],[-80.97093,33.436043],[-80.975376,33.438026],[-80.973322,33.4393],[-80.976946,33.443909],[-80.978962,33.445821],[-80.983202,33.446091],[-80.990421,33.450121],[-80.993024,33.450648],[-80.996395,33.451921],[-81.000099,33.444704],[-81.003337,33.446514],[-81.002525,33.449483],[-81.003518,33.45271],[-81.005901,33.456839],[-81.010753,33.456003],[-81.013864,33.455925],[-81.018399,33.455288],[-81.020872,33.454142],[-81.024057,33.453583],[-81.036263,33.452918],[-81.039468,33.453636],[-81.042141,33.454469],[-81.050162,33.45605],[-81.055535,33.45565],[-81.058279,33.454779],[-81.05861,33.456259],[-81.060982,33.453908],[-81.064042,33.452872]]]}},{"type":"Feature","properties":{"zcta5":"29137","AFFGEOID10":"8600000US29137","GEOID10":"29137","ALAND10":220671518,"AWATER10":1343833,"county_name":"Orangeburg","state_code":"SC","county_state":"Orangeburg County, SC","county_fips":"45075","risk_level_county":"Higher Risk (60–69% vaccinated)","mean_vaccination_rate_county":62.92,"risk_level_zcta":"Higher Risk (60–69% vaccinated)","mean_vaccination_rate_zips":69.21,"cases":670},"geometry":{"type":"MultiPolygon","coordinates":[[[[-81.269666,33.693142],[-81.272641,33.690665],[-81.275481,33.689042],[-81.288206,33.6899],[-81.294689,33.690462],[-81.296762,33.691331],[-81.300072,33.694406],[-81.301037,33.694001],[-81.30116,33.693009],[-81.303937,33.689831],[-81.307993,33.687075],[-81.306031,33.677213],[-81.304548,33.674422],[-81.303557,33.673585],[-81.30692,33.671255],[-81.314888,33.668008],[-81.314729,33.666316],[-81.320128,33.665876],[-81.333967,33.660338],[-81.33289,33.658811],[-81.325913,33.651922],[-81.321293,33.642899],[-81.31994,33.643264],[-81.318184,33.638398],[-81.319093,33.638455],[-81.319698,33.636144],[-81.317913,33.635727],[-81.317354,33.634374],[-81.315084,33.632801],[-81.31245,33.628003],[-81.314946,33.627153],[-81.3146,33.625975],[-81.325128,33.621991],[-81.331873,33.620106],[-81.339618,33.617413],[-81.341989,33.616807],[-81.344045,33.608844],[-81.346885,33.608074],[-81.346289,33.606527],[-81.340537,33.606376],[-81.338581,33.606917],[-81.337613,33.60646],[-81.339819,33.604782],[-81.341787,33.602607],[-81.342295,33.601038],[-81.34412,33.599647],[-81.344483,33.595723],[-81.343751,33.595237],[-81.343224,33.592837],[-81.345282,33.590724],[-81.345966,33.589029],[-81.345926,33.586808],[-81.34308,33.58747],[-81.34119,33.586814],[-81.33477,33.580947],[-81.331303,33.579646],[-81.325779,33.578912],[-81.323622,33.578353],[-81.322047,33.577257],[-81.32965,33.574187],[-81.33047,33.571437],[-81.329066,33.568607],[-81.328394,33.565945],[-81.332124,33.566079],[-81.33466,33.563632],[-81.337275,33.56113],[-81.335493,33.545464],[-81.33551,33.544387],[-81.336998,33.53819],[-81.338164,33.534494],[-81.337514,33.532617],[-81.333946,33.528951],[-81.33227,33.524744],[-81.303869,33.549732],[-81.306411,33.545472],[-81.30684,33.543093],[-81.307904,33.542836],[-81.30667,33.537818],[-81.303581,33.539506],[-81.298538,33.54138],[-81.297058,33.540139],[-81.293275,33.528293],[-81.292387,33.526462],[-81.273541,33.530727],[-81.275166,33.534468],[-81.274442,33.53709],[-81.270031,33.537165],[-81.261497,33.53691],[-81.258116,33.537515],[-81.24017,33.533059],[-81.237948,33.532814],[-81.236566,33.533343],[-81.235712,33.534541],[-81.236758,33.536836],[-81.236814,33.539608],[-81.234518,33.543733],[-81.232715,33.547812],[-81.2311,33.547996],[-81.228858,33.551158],[-81.227299,33.551915],[-81.224598,33.558759],[-81.227865,33.561436],[-81.235488,33.563386],[-81.240925,33.563005],[-81.243003,33.562036],[-81.253643,33.5633],[-81.256936,33.564722],[-81.262252,33.565178],[-81.264728,33.56384],[-81.275174,33.561232],[-81.277089,33.567006],[-81.285921,33.56558],[-81.25249,33.595195],[-81.187271,33.652937],[-81.189682,33.655408],[-81.191293,33.655617],[-81.195199,33.657542],[-81.196034,33.657113],[-81.198552,33.658036],[-81.199663,33.659345],[-81.201675,33.658723],[-81.203418,33.659487],[-81.205515,33.658805],[-81.207395,33.658876],[-81.2085,33.660531],[-81.209039,33.660008],[-81.209382,33.661196],[-81.212071,33.663147],[-81.212689,33.661789],[-81.214978,33.663361],[-81.217602,33.664114],[-81.218319,33.665334],[-81.221575,33.668099],[-81.223903,33.668588],[-81.224909,33.668109],[-81.226921,33.669719],[-81.231755,33.670927],[-81.233381,33.673577],[-81.23461,33.672856],[-81.236025,33.675154],[-81.237919,33.675054],[-81.243992,33.67945],[-81.245807,33.679669],[-81.251728,33.681615],[-81.253562,33.683139],[-81.255758,33.683843],[-81.256888,33.685282],[-81.259717,33.684917],[-81.265549,33.687119],[-81.265391,33.688065],[-81.267975,33.689138],[-81.269901,33.691607],[-81.269666,33.693142]]],[[[-81.346984,33.568476],[-81.34863,33.572583],[-81.349085,33.575572],[-81.34873,33.580123],[-81.350045,33.581155],[-81.354619,33.581179],[-81.356837,33.582784],[-81.359986,33.582787],[-81.35999,33.585675],[-81.360703,33.586615],[-81.36473,33.588426],[-81.365988,33.589553],[-81.364828,33.591097],[-81.357855,33.590286],[-81.353157,33.590424],[-81.349265,33.589506],[-81.346743,33.587958],[-81.346619,33.598548],[-81.353633,33.599801],[-81.356194,33.601292],[-81.359766,33.606709],[-81.362303,33.609538],[-81.365369,33.608125],[-81.369942,33.607292],[-81.374451,33.605473],[-81.380012,33.604526],[-81.380737,33.603912],[-81.389021,33.599742],[-81.395421,33.595131],[-81.396055,33.59839],[-81.397458,33.601143],[-81.403029,33.604106],[-81.407493,33.604161],[-81.413335,33.605325],[-81.41669,33.605343],[-81.420491,33.60659],[-81.416754,33.611579],[-81.419115,33.612144],[-81.425668,33.614997],[-81.428741,33.615684],[-81.431553,33.617967],[-81.435303,33.614817],[-81.434031,33.612129],[-81.433711,33.608872],[-81.432568,33.604511],[-81.439699,33.602854],[-81.444014,33.605628],[-81.452036,33.600142],[-81.459927,33.594188],[-81.462444,33.592812],[-81.463004,33.594204],[-81.485836,33.595775],[-81.487343,33.58162],[-81.484586,33.580993],[-81.481752,33.579917],[-81.476817,33.57757],[-81.478076,33.573821],[-81.480358,33.567961],[-81.481496,33.564363],[-81.481776,33.56025],[-81.482466,33.557282],[-81.483506,33.555641],[-81.482253,33.554336],[-81.482523,33.552273],[-81.480936,33.550533],[-81.477793,33.55097],[-81.474674,33.550491],[-81.472347,33.547376],[-81.470568,33.547033],[-81.470622,33.545932],[-81.468981,33.545361],[-81.468269,33.544238],[-81.467093,33.544628],[-81.465396,33.542932],[-81.461456,33.54094],[-81.459896,33.53849],[-81.458063,33.538719],[-81.454233,33.537115],[-81.452537,33.536979],[-81.451251,33.537917],[-81.450129,33.537551],[-81.448735,33.539316],[-81.44712,33.539385],[-81.442907,33.538309],[-81.442251,33.537574],[-81.440445,33.538148],[-81.439269,33.537094],[-81.437327,33.537391],[-81.435494,33.536842],[-81.436014,33.53604],[-81.433907,33.533887],[-81.433825,33.53116],[-81.43254,33.531321],[-81.422666,33.526715],[-81.422529,33.525318],[-81.420532,33.525181],[-81.420615,33.524104],[-81.418673,33.524746],[-81.418126,33.523921],[-81.414843,33.524172],[-81.413257,33.522454],[-81.41189,33.522582],[-81.410519,33.526432],[-81.410271,33.53044],[-81.411091,33.532412],[-81.410839,33.534453],[-81.413567,33.535027],[-81.43907,33.545848],[-81.438705,33.547556],[-81.439296,33.550648],[-81.439039,33.558771],[-81.434512,33.557616],[-81.432421,33.557353],[-81.429094,33.557843],[-81.4189,33.555324],[-81.415252,33.553714],[-81.41127,33.553043],[-81.409251,33.551834],[-81.406823,33.552849],[-81.405211,33.553039],[-81.392183,33.552399],[-81.387829,33.552369],[-81.380724,33.554099],[-81.377696,33.555044],[-81.372897,33.55616],[-81.367978,33.558318],[-81.370342,33.564248],[-81.371572,33.565089],[-81.369413,33.567431],[-81.365651,33.567967],[-81.354085,33.569135],[-81.351821,33.56925],[-81.346984,33.568476]]]]}},{"type":"Feature","properties":{"zcta5":"29133","AFFGEOID10":"8600000US29133","GEOID10":"29133","ALAND10":141392852,"AWATER10":100045,"county_name":"Orangeburg","state_code":"SC","county_state":"Orangeburg County, SC","county_fips":"45075","risk_level_county":"Higher Risk (60–69% vaccinated)","mean_vaccination_rate_county":62.92,"risk_level_zcta":"Higher Risk (60–69% vaccinated)","mean_vaccination_rate_zips":64.91,"cases":670},"geometry":{"type":"Polygon","coordinates":[[[-80.885551,33.359714],[-80.88618,33.35923],[-80.885835,33.356308],[-80.887189,33.355626],[-80.886946,33.3544],[-80.885728,33.353985],[-80.885597,33.351296],[-80.88709,33.35191],[-80.886,33.349952],[-80.887897,33.347737],[-80.887054,33.346032],[-80.887722,33.345426],[-80.886279,33.34401],[-80.885333,33.342225],[-80.883876,33.341706],[-80.883944,33.340729],[-80.882297,33.340254],[-80.882553,33.33848],[-80.881972,33.337386],[-80.883205,33.336233],[-80.88079,33.334593],[-80.881712,33.333542],[-80.880389,33.332181],[-80.881504,33.331545],[-80.880584,33.329566],[-80.882341,33.329329],[-80.881621,33.328292],[-80.88306,33.328234],[-80.882005,33.327135],[-80.882102,33.326069],[-80.880481,33.326864],[-80.881073,33.325787],[-80.879121,33.325509],[-80.880237,33.324454],[-80.880165,33.323375],[-80.878588,33.324661],[-80.877283,33.322631],[-80.876137,33.32304],[-80.87595,33.321465],[-80.875118,33.321499],[-80.874342,33.319287],[-80.872692,33.318055],[-80.873056,33.315558],[-80.874504,33.313904],[-80.874156,33.312782],[-80.875708,33.312139],[-80.876891,33.312696],[-80.879018,33.311978],[-80.877575,33.310136],[-80.879279,33.310477],[-80.879565,33.311299],[-80.880463,33.30942],[-80.881174,33.309496],[-80.880954,33.307728],[-80.882271,33.307791],[-80.883028,33.306134],[-80.884146,33.305228],[-80.883225,33.304354],[-80.884944,33.303921],[-80.884208,33.3034],[-80.885077,33.301821],[-80.886696,33.3017],[-80.887916,33.300791],[-80.886496,33.299082],[-80.8869,33.298363],[-80.884725,33.296732],[-80.885795,33.296211],[-80.883964,33.295426],[-80.884332,33.294451],[-80.883804,33.292756],[-80.885011,33.292589],[-80.883609,33.29117],[-80.883052,33.289407],[-80.880913,33.288948],[-80.881798,33.287454],[-80.879738,33.287433],[-80.880261,33.286792],[-80.882322,33.286594],[-80.882935,33.285555],[-80.885027,33.284286],[-80.884393,33.282271],[-80.883641,33.281019],[-80.881574,33.281813],[-80.881138,33.280742],[-80.882598,33.279502],[-80.88161,33.27803],[-80.882045,33.275619],[-80.880203,33.275279],[-80.882162,33.27439],[-80.884624,33.2739],[-80.883077,33.272053],[-80.884945,33.272321],[-80.884586,33.271374],[-80.886706,33.269368],[-80.88567,33.268481],[-80.888267,33.267776],[-80.88762,33.266777],[-80.88617,33.26676],[-80.887109,33.264183],[-80.885206,33.262908],[-80.887879,33.260539],[-80.875402,33.259891],[-80.861724,33.257948],[-80.86206,33.259768],[-80.859994,33.260777],[-80.85834,33.263472],[-80.85851,33.265216],[-80.855955,33.267066],[-80.855533,33.270825],[-80.858226,33.274261],[-80.859162,33.277431],[-80.860899,33.279228],[-80.860701,33.281097],[-80.861591,33.283442],[-80.859783,33.284669],[-80.859018,33.286363],[-80.859129,33.289342],[-80.860385,33.291449],[-80.860358,33.293717],[-80.859541,33.297154],[-80.858641,33.298185],[-80.858834,33.301004],[-80.86039,33.302263],[-80.860092,33.30625],[-80.860666,33.309365],[-80.858402,33.310099],[-80.858814,33.314291],[-80.855758,33.316148],[-80.855214,33.319745],[-80.852971,33.320069],[-80.850316,33.31863],[-80.847409,33.317765],[-80.847044,33.32638],[-80.845682,33.330641],[-80.844058,33.33332],[-80.844002,33.335698],[-80.83799,33.335779],[-80.832717,33.335124],[-80.830048,33.333483],[-80.827229,33.333204],[-80.827049,33.330829],[-80.821084,33.329338],[-80.817886,33.331611],[-80.813906,33.33142],[-80.808505,33.33067],[-80.803922,33.330348],[-80.800797,33.330483],[-80.798774,33.332726],[-80.797767,33.335474],[-80.796269,33.333976],[-80.793576,33.33242],[-80.789844,33.329541],[-80.783681,33.326622],[-80.779507,33.325592],[-80.776347,33.324211],[-80.778428,33.320757],[-80.777564,33.316453],[-80.778206,33.313103],[-80.772665,33.311925],[-80.772318,33.312968],[-80.769085,33.314839],[-80.766787,33.315353],[-80.763237,33.318807],[-80.760418,33.313908],[-80.757062,33.310686],[-80.753006,33.310354],[-80.749816,33.309726],[-80.745868,33.309725],[-80.737172,33.316865],[-80.735742,33.316183],[-80.730787,33.306831],[-80.729377,33.304706],[-80.723116,33.297295],[-80.714153,33.300529],[-80.712283,33.300756],[-80.712446,33.302318],[-80.714411,33.305827],[-80.714165,33.308097],[-80.714903,33.310298],[-80.716213,33.311927],[-80.715996,33.317682],[-80.71736,33.318462],[-80.719188,33.318302],[-80.721672,33.321055],[-80.721616,33.323448],[-80.723331,33.325582],[-80.729673,33.322581],[-80.734387,33.319157],[-80.735908,33.325628],[-80.73885,33.330604],[-80.741572,33.334127],[-80.744249,33.336375],[-80.749044,33.33804],[-80.751778,33.338694],[-80.753304,33.337066],[-80.754785,33.339327],[-80.756435,33.343018],[-80.755312,33.343762],[-80.753139,33.343678],[-80.75186,33.345621],[-80.749892,33.347214],[-80.750218,33.350576],[-80.749834,33.351221],[-80.745163,33.353893],[-80.740797,33.360579],[-80.748101,33.36383],[-80.75679,33.366717],[-80.760466,33.369068],[-80.752104,33.374697],[-80.747088,33.376606],[-80.740137,33.376401],[-80.738528,33.37677],[-80.733793,33.380758],[-80.727947,33.384472],[-80.723977,33.38674],[-80.734026,33.397754],[-80.729177,33.40051],[-80.743764,33.417138],[-80.748726,33.413865],[-80.743707,33.40834],[-80.750714,33.401218],[-80.756921,33.39563],[-80.757924,33.400765],[-80.760679,33.404995],[-80.769105,33.406582],[-80.772807,33.40783],[-80.775902,33.410013],[-80.788525,33.402773],[-80.79055,33.403695],[-80.797252,33.404136],[-80.802395,33.403883],[-80.808099,33.405064],[-80.809021,33.404698],[-80.812802,33.410812],[-80.813443,33.412981],[-80.816449,33.412957],[-80.819325,33.416109],[-80.824219,33.415018],[-80.826361,33.414036],[-80.828651,33.416421],[-80.830708,33.415951],[-80.831717,33.414855],[-80.834496,33.413779],[-80.836978,33.414297],[-80.836311,33.422084],[-80.836414,33.424952],[-80.844064,33.42147],[-80.84188,33.407899],[-80.859271,33.412586],[-80.861455,33.413609],[-80.863118,33.413373],[-80.862509,33.41242],[-80.862736,33.409712],[-80.863377,33.408691],[-80.864925,33.408595],[-80.865294,33.407075],[-80.866991,33.407166],[-80.868204,33.40632],[-80.866673,33.405877],[-80.86703,33.404002],[-80.868454,33.404072],[-80.868362,33.402722],[-80.870443,33.399319],[-80.872469,33.398759],[-80.871553,33.397069],[-80.872551,33.3971],[-80.875003,33.395246],[-80.87373,33.393621],[-80.874629,33.39136],[-80.875559,33.390436],[-80.876638,33.39111],[-80.877101,33.38983],[-80.876323,33.389412],[-80.877829,33.388437],[-80.878482,33.388496],[-80.877138,33.387361],[-80.877774,33.386667],[-80.876521,33.384628],[-80.877583,33.383749],[-80.877392,33.382472],[-80.879979,33.382393],[-80.879107,33.381098],[-80.878726,33.378771],[-80.879604,33.377985],[-80.878259,33.376552],[-80.879871,33.374215],[-80.881989,33.374502],[-80.883202,33.373125],[-80.883869,33.373376],[-80.884019,33.37086],[-80.885474,33.369539],[-80.884609,33.368186],[-80.885093,33.366911],[-80.883967,33.364428],[-80.885452,33.363607],[-80.883612,33.362935],[-80.883823,33.361111],[-80.885656,33.360958],[-80.885551,33.359714]]]}},{"type":"Feature","properties":{"zcta5":"29115","AFFGEOID10":"8600000US29115","GEOID10":"29115","ALAND10":338096959,"AWATER10":2053533,"county_name":"Orangeburg","state_code":"SC","county_state":"Orangeburg County, SC","county_fips":"45075","risk_level_county":"Higher Risk (60–69% vaccinated)","mean_vaccination_rate_county":62.92,"risk_level_zcta":"Very High Risk (<60% vaccinated)","mean_vaccination_rate_zips":55.71,"cases":670},"geometry":{"type":"Polygon","coordinates":[[[-81.003653,33.563347],[-81.005007,33.563174],[-81.006499,33.561805],[-81.008654,33.560783],[-81.010344,33.556918],[-81.012476,33.55017],[-81.008121,33.547528],[-80.999406,33.539306],[-80.996843,33.537297],[-80.997374,33.535895],[-80.999618,33.533729],[-81.002751,33.52898],[-81.006186,33.529852],[-81.008208,33.530811],[-81.014447,33.532877],[-81.015166,33.535482],[-81.016365,33.5364],[-81.019081,33.537234],[-81.022167,33.538794],[-81.023311,33.535847],[-81.025663,33.533324],[-81.030557,33.530357],[-81.034888,33.520632],[-81.042912,33.521818],[-81.04481,33.521857],[-81.050586,33.521111],[-81.057353,33.520956],[-81.05769,33.519225],[-81.055695,33.516314],[-81.056549,33.514434],[-81.053747,33.511675],[-81.049492,33.51819],[-81.048853,33.515574],[-81.046418,33.513142],[-81.044049,33.508192],[-81.042899,33.506496],[-81.036758,33.500696],[-81.032668,33.495158],[-81.031338,33.493891],[-81.026063,33.492309],[-81.022025,33.490562],[-81.017138,33.486331],[-81.016701,33.485081],[-81.017378,33.479841],[-81.016918,33.477116],[-81.017234,33.474948],[-81.019903,33.473183],[-81.035276,33.469189],[-81.034846,33.467496],[-81.036351,33.465136],[-81.034903,33.461951],[-81.034784,33.46023],[-81.036021,33.458843],[-81.036819,33.456622],[-81.039468,33.453636],[-81.036263,33.452918],[-81.024057,33.453583],[-81.020872,33.454142],[-81.018399,33.455288],[-81.013864,33.455925],[-81.010753,33.456003],[-81.005901,33.456839],[-81.003518,33.45271],[-81.002525,33.449483],[-81.003337,33.446514],[-81.000099,33.444704],[-80.996395,33.451921],[-80.993024,33.450648],[-80.990421,33.450121],[-80.983202,33.446091],[-80.978962,33.445821],[-80.976946,33.443909],[-80.973322,33.4393],[-80.975376,33.438026],[-80.97093,33.436043],[-80.963568,33.430233],[-80.957349,33.439102],[-80.953113,33.444551],[-80.956819,33.446869],[-80.951612,33.450778],[-80.946745,33.448212],[-80.94306,33.451067],[-80.931642,33.452857],[-80.925491,33.455099],[-80.92297,33.454064],[-80.917414,33.454383],[-80.911916,33.453259],[-80.907056,33.455284],[-80.907083,33.450964],[-80.906093,33.446485],[-80.897975,33.453306],[-80.895797,33.455516],[-80.89213,33.44437],[-80.891198,33.445112],[-80.889652,33.446624],[-80.889026,33.447067],[-80.886017,33.448505],[-80.886271,33.451873],[-80.885177,33.451911],[-80.882607,33.450266],[-80.880763,33.451376],[-80.877863,33.451682],[-80.875757,33.452484],[-80.87274,33.454453],[-80.868705,33.454528],[-80.869546,33.453155],[-80.869255,33.451656],[-80.866651,33.450621],[-80.864762,33.448699],[-80.864881,33.44707],[-80.863608,33.447072],[-80.862905,33.445811],[-80.863855,33.444563],[-80.862676,33.442071],[-80.861638,33.442233],[-80.860234,33.441517],[-80.862471,33.440425],[-80.861925,33.439424],[-80.860416,33.440201],[-80.860287,33.438966],[-80.861091,33.437555],[-80.86029,33.437305],[-80.860813,33.434531],[-80.859001,33.434877],[-80.858324,33.433009],[-80.859627,33.432147],[-80.860034,33.428608],[-80.860897,33.427067],[-80.860285,33.424737],[-80.861874,33.42426],[-80.859096,33.421458],[-80.859903,33.420648],[-80.858357,33.418526],[-80.859336,33.417266],[-80.858527,33.414993],[-80.861455,33.413609],[-80.859271,33.412586],[-80.84188,33.407899],[-80.844064,33.42147],[-80.836414,33.424952],[-80.836311,33.422084],[-80.836978,33.414297],[-80.834496,33.413779],[-80.831717,33.414855],[-80.830708,33.415951],[-80.828651,33.416421],[-80.826361,33.414036],[-80.824219,33.415018],[-80.819325,33.416109],[-80.816449,33.412957],[-80.813443,33.412981],[-80.812802,33.410812],[-80.809021,33.404698],[-80.808099,33.405064],[-80.802395,33.403883],[-80.797252,33.404136],[-80.79055,33.403695],[-80.788525,33.402773],[-80.775902,33.410013],[-80.772807,33.40783],[-80.769105,33.406582],[-80.760679,33.404995],[-80.757924,33.400765],[-80.756921,33.39563],[-80.750714,33.401218],[-80.743707,33.40834],[-80.748726,33.413865],[-80.743764,33.417138],[-80.729177,33.40051],[-80.728338,33.400742],[-80.723262,33.40534],[-80.717942,33.409336],[-80.714701,33.41069],[-80.710501,33.411452],[-80.709062,33.419969],[-80.709133,33.421543],[-80.7073,33.422171],[-80.705871,33.424323],[-80.701751,33.425758],[-80.697118,33.424475],[-80.692892,33.422096],[-80.692125,33.422016],[-80.690418,33.422869],[-80.685522,33.427917],[-80.684345,33.430038],[-80.684205,33.4318],[-80.68486,33.43523],[-80.686773,33.438589],[-80.683415,33.440257],[-80.684673,33.440946],[-80.683214,33.442044],[-80.686007,33.454556],[-80.687284,33.458397],[-80.682128,33.457492],[-80.679947,33.463566],[-80.680497,33.465363],[-80.684739,33.470042],[-80.685423,33.471135],[-80.684867,33.473375],[-80.68222,33.475335],[-80.683786,33.477709],[-80.681467,33.479909],[-80.682617,33.482037],[-80.687642,33.489698],[-80.684773,33.49057],[-80.679968,33.490426],[-80.680123,33.492504],[-80.682525,33.494074],[-80.681623,33.495865],[-80.683482,33.499209],[-80.6884,33.501988],[-80.691343,33.498363],[-80.693434,33.497976],[-80.694179,33.497153],[-80.700785,33.494639],[-80.704608,33.494391],[-80.708706,33.49373],[-80.710773,33.492014],[-80.714041,33.491992],[-80.715472,33.491411],[-80.719056,33.491575],[-80.719769,33.493831],[-80.721661,33.496434],[-80.722435,33.501273],[-80.723421,33.501712],[-80.727662,33.501772],[-80.730759,33.505506],[-80.732566,33.505375],[-80.735008,33.506826],[-80.738139,33.507976],[-80.741049,33.508439],[-80.743496,33.51021],[-80.745405,33.514091],[-80.746726,33.515356],[-80.749919,33.517264],[-80.753849,33.518121],[-80.755146,33.520649],[-80.758854,33.522882],[-80.760868,33.526857],[-80.765622,33.530493],[-80.766602,33.531547],[-80.756917,33.53647],[-80.755917,33.533535],[-80.753358,33.530881],[-80.749392,33.533636],[-80.744876,33.537541],[-80.737401,33.539386],[-80.735583,33.540357],[-80.736909,33.541717],[-80.741956,33.544273],[-80.756975,33.536712],[-80.759597,33.547399],[-80.761281,33.550531],[-80.761351,33.551898],[-80.760549,33.556416],[-80.760803,33.5583],[-80.764581,33.569175],[-80.767379,33.573628],[-80.764894,33.573265],[-80.775976,33.581322],[-80.777387,33.58025],[-80.778042,33.575937],[-80.784843,33.564296],[-80.783955,33.562061],[-80.781321,33.561591],[-80.781365,33.555609],[-80.779753,33.551164],[-80.780125,33.54623],[-80.794155,33.534894],[-80.797778,33.537329],[-80.802148,33.537092],[-80.80385,33.534034],[-80.799413,33.528507],[-80.796164,33.524885],[-80.79091,33.519594],[-80.798706,33.51569],[-80.814018,33.5243],[-80.812481,33.52627],[-80.814856,33.528194],[-80.818897,33.52948],[-80.820597,33.530501],[-80.824476,33.537104],[-80.828137,33.539879],[-80.830623,33.539476],[-80.832156,33.537855],[-80.833568,33.539298],[-80.834577,33.537136],[-80.837867,33.537373],[-80.839924,33.532594],[-80.851064,33.508687],[-80.8502,33.510613],[-80.853936,33.511367],[-80.855154,33.510148],[-80.856599,33.513202],[-80.856332,33.514729],[-80.858762,33.514791],[-80.856867,33.513729],[-80.856751,33.510897],[-80.866051,33.516162],[-80.873767,33.516989],[-80.877124,33.517806],[-80.87977,33.519163],[-80.882349,33.521057],[-80.882442,33.523899],[-80.883837,33.522161],[-80.880275,33.517814],[-80.877639,33.513098],[-80.877783,33.510804],[-80.882097,33.507608],[-80.884153,33.505523],[-80.887888,33.503635],[-80.88908,33.504758],[-80.890458,33.50367],[-80.890567,33.502479],[-80.893633,33.499753],[-80.894892,33.499343],[-80.898394,33.501796],[-80.901671,33.500303],[-80.903042,33.501256],[-80.903046,33.50247],[-80.904824,33.502918],[-80.905904,33.50201],[-80.905253,33.506555],[-80.906238,33.505654],[-80.90727,33.508122],[-80.90743,33.509494],[-80.91446,33.510831],[-80.915279,33.511774],[-80.917002,33.511352],[-80.917544,33.509359],[-80.919002,33.510528],[-80.919907,33.510018],[-80.919136,33.508658],[-80.920291,33.507745],[-80.920552,33.509022],[-80.922052,33.508459],[-80.926892,33.511357],[-80.928473,33.513585],[-80.930461,33.514439],[-80.930481,33.515157],[-80.933195,33.516475],[-80.934472,33.518139],[-80.939179,33.52007],[-80.942123,33.521747],[-80.942815,33.52304],[-80.945193,33.524791],[-80.944559,33.526183],[-80.946238,33.527177],[-80.947316,33.525595],[-80.948344,33.525642],[-80.949197,33.524488],[-80.950751,33.526051],[-80.951134,33.525555],[-80.953692,33.525538],[-80.956017,33.526375],[-80.956624,33.528522],[-80.957792,33.527596],[-80.958234,33.529304],[-80.959274,33.528659],[-80.961327,33.532131],[-80.963974,33.534146],[-80.966591,33.533771],[-80.96871,33.534374],[-80.970286,33.536667],[-80.972648,33.538021],[-80.975022,33.537906],[-80.975587,33.540318],[-80.976772,33.540739],[-80.976445,33.542786],[-80.977194,33.543815],[-80.978511,33.544075],[-80.979697,33.54647],[-80.982585,33.546807],[-80.982326,33.547767],[-80.985113,33.548694],[-80.98577,33.549898],[-80.986998,33.549936],[-80.987414,33.552867],[-80.98918,33.552888],[-80.992833,33.555367],[-80.993872,33.55795],[-80.995652,33.557961],[-80.996447,33.559571],[-80.997551,33.559373],[-80.997191,33.561187],[-80.99832,33.560692],[-81.000371,33.562242],[-81.002565,33.562128],[-81.003653,33.563347]],[[-80.851244,33.497776],[-80.851464,33.498841],[-80.850565,33.499811],[-80.847963,33.499503],[-80.849124,33.501555],[-80.848108,33.502217],[-80.847511,33.501304],[-80.844842,33.49721],[-80.848517,33.496397],[-80.853431,33.495137],[-80.851244,33.497776]]]}},{"type":"Feature","properties":{"zcta5":"29160","AFFGEOID10":"8600000US29160","GEOID10":"29160","ALAND10":303689806,"AWATER10":3095177,"county_name":"Orangeburg","state_code":"SC","county_state":"Orangeburg County, SC","county_fips":"45075","risk_level_county":"Higher Risk (60–69% vaccinated)","mean_vaccination_rate_county":62.92,"risk_level_zcta":"Higher Risk (60–69% vaccinated)","mean_vaccination_rate_zips":65.17,"cases":670},"geometry":{"type":"Polygon","coordinates":[[[-81.256888,33.685282],[-81.255758,33.683843],[-81.253562,33.683139],[-81.251728,33.681615],[-81.245807,33.679669],[-81.243992,33.67945],[-81.237919,33.675054],[-81.236025,33.675154],[-81.23461,33.672856],[-81.233381,33.673577],[-81.231755,33.670927],[-81.226921,33.669719],[-81.224909,33.668109],[-81.223903,33.668588],[-81.221575,33.668099],[-81.218319,33.665334],[-81.217602,33.664114],[-81.214978,33.663361],[-81.212689,33.661789],[-81.212071,33.663147],[-81.209382,33.661196],[-81.209039,33.660008],[-81.2085,33.660531],[-81.207395,33.658876],[-81.205515,33.658805],[-81.203418,33.659487],[-81.201675,33.658723],[-81.199663,33.659345],[-81.198552,33.658036],[-81.196034,33.657113],[-81.195199,33.657542],[-81.191293,33.655617],[-81.189682,33.655408],[-81.187271,33.652937],[-81.186912,33.652919],[-81.124191,33.679155],[-81.1241,33.680319],[-81.126005,33.681314],[-81.139357,33.686772],[-81.145417,33.690685],[-81.145471,33.692289],[-81.144288,33.694224],[-81.144865,33.697191],[-81.131905,33.696631],[-81.12959,33.697628],[-81.127288,33.697754],[-81.127729,33.699249],[-81.11023,33.703971],[-81.111296,33.698793],[-81.112175,33.697375],[-81.11216,33.695325],[-81.10837,33.701792],[-81.106005,33.705065],[-81.103091,33.70671],[-81.101422,33.706245],[-81.099819,33.710686],[-81.091509,33.710529],[-81.088851,33.706401],[-81.089962,33.702474],[-81.087269,33.702008],[-81.084312,33.697234],[-81.084665,33.696025],[-81.042854,33.707131],[-81.022916,33.685572],[-81.017395,33.68014],[-81.017223,33.682613],[-81.005348,33.683526],[-81.003493,33.683407],[-81.001722,33.685577],[-81.000714,33.688722],[-80.999647,33.689673],[-80.996532,33.694408],[-80.995795,33.696407],[-80.994097,33.696384],[-80.988811,33.698661],[-80.985064,33.701292],[-80.983109,33.701882],[-80.977798,33.701993],[-80.976994,33.70124],[-80.972373,33.694826],[-80.969851,33.692021],[-80.967719,33.688917],[-80.966842,33.690649],[-80.963742,33.694982],[-80.961432,33.699737],[-80.959185,33.703631],[-80.954301,33.704671],[-80.954646,33.707361],[-80.95399,33.710692],[-80.95296,33.71218],[-80.949632,33.708183],[-80.948656,33.708146],[-80.945452,33.708273],[-80.937682,33.710857],[-80.934303,33.713383],[-80.932649,33.716251],[-80.92884,33.718065],[-80.92778,33.720517],[-80.926666,33.721565],[-80.936614,33.738232],[-80.943464,33.750141],[-80.940262,33.752422],[-80.934608,33.753069],[-80.931432,33.754288],[-80.926321,33.755583],[-80.924603,33.756945],[-80.921213,33.757725],[-80.917428,33.759358],[-80.912102,33.759956],[-80.909239,33.759488],[-80.906732,33.758564],[-80.905462,33.75753],[-80.902473,33.756561],[-80.89857,33.757121],[-80.896213,33.758236],[-80.893638,33.761254],[-80.889061,33.764425],[-80.88613,33.766898],[-80.883996,33.768073],[-80.882817,33.769469],[-80.881202,33.772971],[-80.881234,33.774736],[-80.877334,33.77789],[-80.875371,33.778357],[-80.866775,33.778613],[-80.863293,33.780358],[-80.862485,33.783404],[-80.859543,33.784653],[-80.855658,33.785507],[-80.852682,33.78503],[-80.850343,33.782138],[-80.850573,33.781159],[-80.84925,33.781072],[-80.846913,33.782838],[-80.843931,33.78335],[-80.841627,33.786336],[-80.836656,33.787728],[-80.834817,33.787388],[-80.834959,33.790551],[-80.835962,33.792743],[-80.837472,33.793906],[-80.845202,33.79599],[-80.852462,33.799595],[-80.857829,33.801574],[-80.859568,33.801814],[-80.86346,33.801638],[-80.865759,33.802719],[-80.86649,33.804648],[-80.866547,33.807366],[-80.867322,33.809673],[-80.869712,33.812391],[-80.872575,33.814451],[-80.874812,33.815488],[-80.879813,33.81562],[-80.882194,33.815076],[-80.885026,33.813398],[-80.890831,33.810775],[-80.893223,33.809925],[-80.898535,33.808767],[-80.905919,33.809708],[-80.915558,33.811419],[-80.916672,33.812409],[-80.91731,33.813735],[-80.916962,33.820984],[-80.91598,33.824915],[-80.91274,33.828036],[-80.911733,33.829878],[-80.911839,33.83129],[-80.913103,33.832934],[-80.915319,33.833921],[-80.920493,33.834851],[-80.923134,33.833001],[-80.923026,33.828879],[-80.924263,33.827409],[-80.926355,33.826572],[-80.929178,33.826369],[-80.931203,33.826984],[-80.933554,33.826423],[-80.936192,33.826387],[-80.940584,33.828482],[-80.943223,33.83135],[-80.944048,33.833854],[-80.945779,33.835884],[-80.94908,33.835818],[-80.951136,33.837412],[-80.951709,33.838523],[-80.955122,33.839017],[-80.956519,33.837874],[-80.957375,33.835372],[-80.956748,33.832238],[-80.957492,33.830456],[-80.960015,33.830313],[-80.962992,33.826002],[-80.962576,33.823478],[-80.962747,33.820608],[-80.962351,33.819541],[-80.962443,33.816611],[-80.960479,33.81434],[-80.959786,33.807391],[-80.960187,33.805719],[-80.963986,33.802557],[-80.966225,33.802177],[-80.969043,33.799718],[-80.972336,33.7993],[-80.975476,33.797847],[-80.977682,33.797682],[-80.980276,33.796339],[-80.981633,33.7963],[-80.984641,33.794094],[-80.987163,33.793049],[-80.990013,33.791403],[-80.993358,33.791243],[-80.988472,33.783924],[-80.992683,33.785734],[-80.998582,33.787224],[-81.002438,33.787528],[-81.003783,33.786014],[-81.007168,33.78585],[-81.010381,33.78749],[-81.013594,33.788124],[-81.017025,33.786426],[-81.019626,33.78685],[-81.021581,33.787934],[-81.023537,33.788066],[-81.026072,33.78694],[-81.028845,33.786879],[-81.028159,33.785656],[-81.028822,33.784999],[-81.031499,33.784364],[-81.033505,33.786183],[-81.03606,33.786475],[-81.036865,33.7881],[-81.038944,33.789752],[-81.039544,33.791693],[-81.043205,33.792618],[-81.045707,33.792541],[-81.046756,33.793119],[-81.048705,33.795487],[-81.047251,33.797137],[-81.04854,33.798168],[-81.049803,33.797984],[-81.051284,33.80055],[-81.05219,33.799222],[-81.054735,33.799568],[-81.057212,33.799107],[-81.056499,33.797892],[-81.059243,33.797297],[-81.062888,33.798154],[-81.064679,33.792451],[-81.067206,33.792643],[-81.078961,33.805715],[-81.083484,33.810789],[-81.084574,33.810985],[-81.086994,33.807721],[-81.090697,33.805052],[-81.094635,33.802938],[-81.096742,33.803399],[-81.0958,33.799097],[-81.09441,33.798738],[-81.08488,33.798943],[-81.085127,33.80376],[-81.083026,33.8038],[-81.082519,33.793291],[-81.084748,33.78695],[-81.085278,33.786578],[-81.087162,33.791142],[-81.097843,33.792207],[-81.100281,33.785407],[-81.103785,33.788489],[-81.105127,33.789012],[-81.104869,33.794701],[-81.105982,33.79459],[-81.110021,33.791562],[-81.1128,33.790867],[-81.119001,33.791452],[-81.119103,33.789523],[-81.117313,33.789813],[-81.116978,33.786976],[-81.119239,33.786908],[-81.120037,33.778624],[-81.119009,33.77287],[-81.120721,33.775706],[-81.122584,33.770532],[-81.122642,33.764268],[-81.124678,33.760982],[-81.129727,33.766216],[-81.134456,33.762019],[-81.132465,33.75888],[-81.135255,33.755743],[-81.136118,33.753714],[-81.136001,33.75151],[-81.136797,33.751187],[-81.139455,33.751027],[-81.144201,33.751866],[-81.14749,33.752976],[-81.150457,33.752364],[-81.154689,33.750568],[-81.160876,33.754766],[-81.166282,33.756323],[-81.168968,33.757543],[-81.171005,33.752707],[-81.173063,33.74865],[-81.175375,33.742103],[-81.174333,33.734548],[-81.17411,33.73109],[-81.173244,33.727812],[-81.177272,33.72582],[-81.181716,33.721785],[-81.183269,33.721135],[-81.190683,33.718996],[-81.199433,33.714042],[-81.206959,33.710695],[-81.205137,33.707223],[-81.202471,33.696808],[-81.204637,33.693249],[-81.203857,33.69004],[-81.205302,33.68828],[-81.207908,33.691925],[-81.207806,33.692939],[-81.232943,33.694423],[-81.244733,33.688397],[-81.251291,33.68977],[-81.254518,33.690155],[-81.254663,33.688757],[-81.256888,33.685282]]]}},{"type":"Feature","properties":{"zcta5":"29113","AFFGEOID10":"8600000US29113","GEOID10":"29113","ALAND10":111530097,"AWATER10":590134,"county_name":"Orangeburg","state_code":"SC","county_state":"Orangeburg County, SC","county_fips":"45075","risk_level_county":"Higher Risk (60–69% vaccinated)","mean_vaccination_rate_county":62.92,"risk_level_zcta":"Lower Risk (80–84% vaccinated)","mean_vaccination_rate_zips":82.79,"cases":670},"geometry":{"type":"Polygon","coordinates":[[[-81.209094,33.47373],[-81.208457,33.472121],[-81.209465,33.468342],[-81.20969,33.465612],[-81.211123,33.463002],[-81.213042,33.461769],[-81.21428,33.459318],[-81.214532,33.457277],[-81.21577,33.454964],[-81.215637,33.453403],[-81.220626,33.450413],[-81.221067,33.449176],[-81.219515,33.446762],[-81.218517,33.443856],[-81.219108,33.441079],[-81.22011,33.439493],[-81.218982,33.438311],[-81.215104,33.438373],[-81.215135,33.438981],[-81.212047,33.439052],[-81.210549,33.438087],[-81.209849,33.438421],[-81.206058,33.437338],[-81.203235,33.433734],[-81.202958,33.432384],[-81.201162,33.431983],[-81.199793,33.430067],[-81.199485,33.427225],[-81.198503,33.426873],[-81.198031,33.423598],[-81.19832,33.421226],[-81.195565,33.418955],[-81.19378,33.41837],[-81.192433,33.418725],[-81.191042,33.415623],[-81.191149,33.414028],[-81.189531,33.411683],[-81.185488,33.410652],[-81.184294,33.409877],[-81.182347,33.410566],[-81.180602,33.409958],[-81.17985,33.410462],[-81.176972,33.410146],[-81.175791,33.40919],[-81.175312,33.409826],[-81.173826,33.408419],[-81.171825,33.408184],[-81.171074,33.408898],[-81.167846,33.408458],[-81.167049,33.409285],[-81.165367,33.408419],[-81.163996,33.409252],[-81.163219,33.407897],[-81.161302,33.407027],[-81.161756,33.405997],[-81.159653,33.405732],[-81.157004,33.406177],[-81.156879,33.404741],[-81.155602,33.404973],[-81.154717,33.403801],[-81.153588,33.404039],[-81.151828,33.402505],[-81.150939,33.403557],[-81.150054,33.40327],[-81.149908,33.401336],[-81.149023,33.400354],[-81.14737,33.400943],[-81.147387,33.399494],[-81.144082,33.399323],[-81.142092,33.397511],[-81.140112,33.397351],[-81.138044,33.395354],[-81.135327,33.393824],[-81.133282,33.393722],[-81.130722,33.39086],[-81.131381,33.390083],[-81.130421,33.388965],[-81.127505,33.388318],[-81.126191,33.388851],[-81.123442,33.388149],[-81.122928,33.386877],[-81.120003,33.386127],[-81.118985,33.386461],[-81.119207,33.384701],[-81.117716,33.383455],[-81.114899,33.383626],[-81.115521,33.382818],[-81.114018,33.38182],[-81.112149,33.381722],[-81.111318,33.38086],[-81.109119,33.381039],[-81.106743,33.379621],[-81.105159,33.380158],[-81.104938,33.379121],[-81.103256,33.379362],[-81.102154,33.378536],[-81.099279,33.378336],[-81.097461,33.37926],[-81.096309,33.378727],[-81.091507,33.378534],[-81.090362,33.377438],[-81.089339,33.378155],[-81.089802,33.379042],[-81.088564,33.379572],[-81.088745,33.377447],[-81.08547,33.375294],[-81.08241,33.375464],[-81.078238,33.382071],[-81.077076,33.383182],[-81.07315,33.384476],[-81.07296,33.386792],[-81.074056,33.393246],[-81.073662,33.39698],[-81.072706,33.400556],[-81.071433,33.400108],[-81.071018,33.419954],[-81.071642,33.425549],[-81.098,33.436061],[-81.095967,33.436888],[-81.084754,33.440283],[-81.084175,33.445036],[-81.074819,33.447119],[-81.072952,33.447854],[-81.064042,33.452872],[-81.065106,33.454613],[-81.065353,33.456417],[-81.06312,33.461937],[-81.070067,33.460137],[-81.067455,33.466249],[-81.067376,33.468667],[-81.065545,33.469721],[-81.063248,33.472539],[-81.062291,33.475426],[-81.061765,33.479342],[-81.073265,33.479515],[-81.074738,33.482382],[-81.077561,33.485028],[-81.080712,33.486746],[-81.082433,33.488959],[-81.08582,33.486441],[-81.089038,33.485796],[-81.093406,33.481608],[-81.09418,33.479314],[-81.093669,33.47814],[-81.096923,33.476296],[-81.099479,33.475813],[-81.103481,33.476306],[-81.103597,33.478675],[-81.108559,33.479008],[-81.109956,33.478192],[-81.115443,33.478635],[-81.119246,33.478019],[-81.118679,33.486763],[-81.120155,33.486926],[-81.121985,33.486977],[-81.122189,33.48587],[-81.124249,33.485767],[-81.125269,33.486964],[-81.12638,33.484402],[-81.125293,33.478663],[-81.1252,33.476028],[-81.131545,33.47582],[-81.131824,33.4747],[-81.1357,33.474283],[-81.136327,33.473562],[-81.135981,33.471204],[-81.137255,33.470849],[-81.138551,33.472309],[-81.140929,33.473894],[-81.144556,33.473088],[-81.145787,33.475052],[-81.152365,33.473905],[-81.15447,33.469124],[-81.15791,33.470189],[-81.158714,33.465069],[-81.174018,33.473556],[-81.176468,33.474326],[-81.205138,33.473131],[-81.209094,33.47373]]]}},{"type":"Feature","properties":{"zcta5":"29018","AFFGEOID10":"8600000US29018","GEOID10":"29018","ALAND10":283911333,"AWATER10":952660,"county_name":"Orangeburg","state_code":"SC","county_state":"Orangeburg County, SC","county_fips":"45075","risk_level_county":"Higher Risk (60–69% vaccinated)","mean_vaccination_rate_county":62.92,"risk_level_zcta":"Very High Risk (<60% vaccinated)","mean_vaccination_rate_zips":58.98,"cases":670},"geometry":{"type":"Polygon","coordinates":[[[-80.729177,33.40051],[-80.734026,33.397754],[-80.723977,33.38674],[-80.727947,33.384472],[-80.733793,33.380758],[-80.738528,33.37677],[-80.740137,33.376401],[-80.747088,33.376606],[-80.752104,33.374697],[-80.760466,33.369068],[-80.75679,33.366717],[-80.748101,33.36383],[-80.740797,33.360579],[-80.745163,33.353893],[-80.749834,33.351221],[-80.750218,33.350576],[-80.749892,33.347214],[-80.75186,33.345621],[-80.753139,33.343678],[-80.755312,33.343762],[-80.756435,33.343018],[-80.754785,33.339327],[-80.753304,33.337066],[-80.751778,33.338694],[-80.749044,33.33804],[-80.744249,33.336375],[-80.741572,33.334127],[-80.73885,33.330604],[-80.735908,33.325628],[-80.734387,33.319157],[-80.729673,33.322581],[-80.723331,33.325582],[-80.721616,33.323448],[-80.721672,33.321055],[-80.719188,33.318302],[-80.71736,33.318462],[-80.715996,33.317682],[-80.716213,33.311927],[-80.714903,33.310298],[-80.714165,33.308097],[-80.714411,33.305827],[-80.712446,33.302318],[-80.712283,33.300756],[-80.711982,33.2979],[-80.711271,33.297214],[-80.711625,33.29337],[-80.713616,33.291747],[-80.718518,33.291584],[-80.712629,33.284353],[-80.70713,33.285184],[-80.701848,33.287652],[-80.70065,33.285677],[-80.698547,33.280255],[-80.697389,33.275749],[-80.698215,33.271046],[-80.697518,33.267639],[-80.697747,33.265576],[-80.699223,33.259217],[-80.696076,33.256492],[-80.695558,33.255261],[-80.695513,33.251892],[-80.694676,33.247191],[-80.693066,33.244671],[-80.689095,33.244837],[-80.686701,33.243429],[-80.683904,33.242667],[-80.67933,33.24034],[-80.666187,33.247407],[-80.654871,33.253289],[-80.580583,33.29306],[-80.576848,33.28416],[-80.574357,33.282634],[-80.572932,33.282642],[-80.570342,33.281061],[-80.568235,33.2805],[-80.564784,33.281936],[-80.563246,33.284612],[-80.559617,33.283555],[-80.554789,33.283625],[-80.551488,33.284838],[-80.549197,33.287267],[-80.546092,33.288179],[-80.543552,33.287816],[-80.538333,33.30155],[-80.535691,33.303576],[-80.535492,33.305344],[-80.536176,33.306585],[-80.542504,33.31317],[-80.50279,33.334496],[-80.503088,33.33775],[-80.50456,33.340248],[-80.507861,33.342746],[-80.514439,33.342589],[-80.515531,33.343437],[-80.519653,33.342385],[-80.522901,33.341011],[-80.526231,33.341425],[-80.532208,33.343992],[-80.532383,33.344761],[-80.535619,33.346238],[-80.54509,33.348554],[-80.550413,33.349196],[-80.552406,33.353166],[-80.555273,33.353316],[-80.556993,33.355665],[-80.557485,33.357239],[-80.557703,33.361256],[-80.558576,33.362373],[-80.56098,33.36383],[-80.563299,33.367604],[-80.565264,33.369197],[-80.568131,33.370081],[-80.569632,33.372479],[-80.572129,33.375483],[-80.57413,33.375615],[-80.576282,33.375807],[-80.578944,33.37852],[-80.582794,33.379344],[-80.584925,33.381062],[-80.586673,33.383353],[-80.588776,33.38491],[-80.596725,33.389468],[-80.598172,33.392927],[-80.599238,33.394049],[-80.602625,33.395674],[-80.605139,33.397941],[-80.608035,33.399635],[-80.610276,33.401925],[-80.611835,33.405682],[-80.617192,33.411545],[-80.618232,33.413882],[-80.618206,33.415577],[-80.616623,33.418098],[-80.618429,33.423046],[-80.618321,33.424787],[-80.619557,33.426272],[-80.620679,33.429381],[-80.621652,33.430015],[-80.62092,33.431132],[-80.624812,33.433935],[-80.625558,33.436742],[-80.629819,33.439539],[-80.629462,33.441441],[-80.631648,33.442999],[-80.633587,33.443413],[-80.633395,33.444718],[-80.634788,33.446346],[-80.636591,33.447148],[-80.637574,33.449119],[-80.64036,33.451274],[-80.642601,33.45132],[-80.643339,33.452466],[-80.646016,33.453361],[-80.647755,33.457502],[-80.651026,33.457078],[-80.65358,33.454374],[-80.657043,33.451765],[-80.659843,33.451303],[-80.66514,33.451244],[-80.669887,33.450429],[-80.672605,33.449185],[-80.675815,33.448764],[-80.677332,33.446763],[-80.679034,33.446185],[-80.68033,33.444071],[-80.683214,33.442044],[-80.684673,33.440946],[-80.683415,33.440257],[-80.686773,33.438589],[-80.68486,33.43523],[-80.684205,33.4318],[-80.684345,33.430038],[-80.685522,33.427917],[-80.690418,33.422869],[-80.692125,33.422016],[-80.692892,33.422096],[-80.697118,33.424475],[-80.701751,33.425758],[-80.705871,33.424323],[-80.7073,33.422171],[-80.709133,33.421543],[-80.709062,33.419969],[-80.710501,33.411452],[-80.714701,33.41069],[-80.717942,33.409336],[-80.723262,33.40534],[-80.728338,33.400742],[-80.729177,33.40051]]]}},{"type":"Feature","properties":{"zcta5":"29039","AFFGEOID10":"8600000US29039","GEOID10":"29039","ALAND10":66887963,"AWATER10":531018,"county_name":"Orangeburg","state_code":"SC","county_state":"Orangeburg County, SC","county_fips":"45075","risk_level_county":"Higher Risk (60–69% vaccinated)","mean_vaccination_rate_county":62.92,"risk_level_zcta":"Higher Risk (60–69% vaccinated)","mean_vaccination_rate_zips":62.61,"cases":670},"geometry":{"type":"Polygon","coordinates":[[[-80.963568,33.430233],[-80.965463,33.426914],[-80.968427,33.413139],[-80.961996,33.413774],[-80.95505,33.409838],[-80.953048,33.409733],[-80.952976,33.406767],[-80.950312,33.405427],[-80.948252,33.403465],[-80.946965,33.400838],[-80.941415,33.400324],[-80.93779,33.404701],[-80.93742,33.405778],[-80.934096,33.40553],[-80.932726,33.407638],[-80.929493,33.409901],[-80.925519,33.404892],[-80.918955,33.40118],[-80.918413,33.398998],[-80.919221,33.396869],[-80.922542,33.393613],[-80.923771,33.391809],[-80.923824,33.389451],[-80.916827,33.365238],[-80.915048,33.362793],[-80.909869,33.359517],[-80.903185,33.352755],[-80.898978,33.355013],[-80.897932,33.356598],[-80.895565,33.362959],[-80.893232,33.36219],[-80.890415,33.362525],[-80.885551,33.359714],[-80.885656,33.360958],[-80.883823,33.361111],[-80.883612,33.362935],[-80.885452,33.363607],[-80.883967,33.364428],[-80.885093,33.366911],[-80.884609,33.368186],[-80.885474,33.369539],[-80.884019,33.37086],[-80.883869,33.373376],[-80.883202,33.373125],[-80.881989,33.374502],[-80.879871,33.374215],[-80.878259,33.376552],[-80.879604,33.377985],[-80.878726,33.378771],[-80.879107,33.381098],[-80.879979,33.382393],[-80.877392,33.382472],[-80.877583,33.383749],[-80.876521,33.384628],[-80.877774,33.386667],[-80.877138,33.387361],[-80.878482,33.388496],[-80.877829,33.388437],[-80.876323,33.389412],[-80.877101,33.38983],[-80.876638,33.39111],[-80.875559,33.390436],[-80.874629,33.39136],[-80.87373,33.393621],[-80.875003,33.395246],[-80.872551,33.3971],[-80.871553,33.397069],[-80.872469,33.398759],[-80.870443,33.399319],[-80.868362,33.402722],[-80.868454,33.404072],[-80.86703,33.404002],[-80.866673,33.405877],[-80.868204,33.40632],[-80.866991,33.407166],[-80.865294,33.407075],[-80.864925,33.408595],[-80.863377,33.408691],[-80.862736,33.409712],[-80.862509,33.41242],[-80.863118,33.413373],[-80.861455,33.413609],[-80.858527,33.414993],[-80.859336,33.417266],[-80.858357,33.418526],[-80.859903,33.420648],[-80.859096,33.421458],[-80.861874,33.42426],[-80.860285,33.424737],[-80.860897,33.427067],[-80.860034,33.428608],[-80.859627,33.432147],[-80.858324,33.433009],[-80.859001,33.434877],[-80.860813,33.434531],[-80.86029,33.437305],[-80.861091,33.437555],[-80.860287,33.438966],[-80.860416,33.440201],[-80.861925,33.439424],[-80.862471,33.440425],[-80.860234,33.441517],[-80.861638,33.442233],[-80.862676,33.442071],[-80.863855,33.444563],[-80.862905,33.445811],[-80.863608,33.447072],[-80.864881,33.44707],[-80.864762,33.448699],[-80.866651,33.450621],[-80.869255,33.451656],[-80.869546,33.453155],[-80.868705,33.454528],[-80.87274,33.454453],[-80.875757,33.452484],[-80.877863,33.451682],[-80.880763,33.451376],[-80.882607,33.450266],[-80.885177,33.451911],[-80.886271,33.451873],[-80.886017,33.448505],[-80.889026,33.447067],[-80.889652,33.446624],[-80.891198,33.445112],[-80.89213,33.44437],[-80.895797,33.455516],[-80.897975,33.453306],[-80.906093,33.446485],[-80.907083,33.450964],[-80.907056,33.455284],[-80.911916,33.453259],[-80.917414,33.454383],[-80.92297,33.454064],[-80.925491,33.455099],[-80.931642,33.452857],[-80.94306,33.451067],[-80.946745,33.448212],[-80.951612,33.450778],[-80.956819,33.446869],[-80.953113,33.444551],[-80.957349,33.439102],[-80.963568,33.430233]]]}},{"type":"Feature","properties":{"zcta5":"29436","AFFGEOID10":"8600000US29436","GEOID10":"29436","ALAND10":208864400,"AWATER10":84778149,"county_name":"Orangeburg","state_code":"SC","county_state":"Orangeburg County, SC","county_fips":"45075","risk_level_county":"Higher Risk (60–69% vaccinated)","mean_vaccination_rate_county":62.92,"risk_level_zcta":"Higher Risk (60–69% vaccinated)","mean_vaccination_rate_zips":61.3,"cases":670},"geometry":{"type":"Polygon","coordinates":[[[-80.289268,33.279113],[-80.291687,33.276325],[-80.294481,33.271256],[-80.296004,33.269964],[-80.301943,33.267459],[-80.311594,33.264571],[-80.31474,33.264107],[-80.317203,33.264118],[-80.319963,33.264772],[-80.322264,33.266052],[-80.325598,33.269054],[-80.330125,33.272229],[-80.337659,33.275872],[-80.344645,33.277848],[-80.348927,33.278023],[-80.352167,33.277503],[-80.349886,33.274955],[-80.320664,33.254333],[-80.298947,33.259539],[-80.297248,33.256811],[-80.293529,33.253199],[-80.290385,33.251777],[-80.288962,33.249793],[-80.282349,33.248571],[-80.280141,33.247677],[-80.279051,33.246279],[-80.276682,33.238581],[-80.275402,33.234937],[-80.268916,33.230314],[-80.2664,33.232473],[-80.264595,33.235601],[-80.260789,33.233307],[-80.258362,33.231116],[-80.254612,33.229516],[-80.251838,33.226677],[-80.248114,33.230608],[-80.248613,33.23179],[-80.247396,33.232835],[-80.247277,33.235474],[-80.245153,33.239454],[-80.243417,33.238987],[-80.243209,33.240684],[-80.239093,33.240818],[-80.234023,33.242338],[-80.229532,33.243807],[-80.226007,33.244058],[-80.222423,33.245312],[-80.220819,33.243218],[-80.220871,33.238103],[-80.218663,33.23648],[-80.214025,33.23619],[-80.22674,33.227068],[-80.228678,33.22596],[-80.209741,33.213178],[-80.200683,33.222469],[-80.200526,33.221128],[-80.197196,33.220254],[-80.195063,33.220155],[-80.192921,33.219229],[-80.190868,33.221616],[-80.188097,33.226705],[-80.184684,33.22848],[-80.179506,33.228946],[-80.174261,33.2263],[-80.163865,33.237027],[-80.159045,33.242485],[-80.159662,33.247335],[-80.16757,33.253457],[-80.170542,33.254695],[-80.174741,33.255749],[-80.175231,33.25717],[-80.17763,33.260034],[-80.178394,33.261569],[-80.178039,33.262966],[-80.17553,33.2678],[-80.173168,33.271698],[-80.172475,33.275283],[-80.171536,33.278408],[-80.170076,33.280543],[-80.170354,33.281586],[-80.16821,33.282056],[-80.149779,33.279777],[-80.147325,33.280097],[-80.140913,33.283439],[-80.139359,33.283805],[-80.138104,33.283484],[-80.130823,33.280664],[-80.126215,33.277867],[-80.120833,33.274158],[-80.113032,33.271366],[-80.109377,33.270451],[-80.107959,33.269765],[-80.105558,33.267704],[-80.104522,33.2683],[-80.094992,33.268083],[-80.094032,33.268606],[-80.092528,33.270817],[-80.091515,33.273299],[-80.089731,33.276265],[-80.038318,33.302978],[-80.038973,33.303455],[-80.097936,33.346426],[-80.115509,33.360643],[-80.113436,33.362706],[-80.108713,33.363029],[-80.105738,33.364496],[-80.104265,33.367429],[-80.10383,33.370155],[-80.100832,33.371112],[-80.097733,33.370673],[-80.091011,33.37191],[-80.092034,33.373061],[-80.092007,33.374436],[-80.090652,33.374921],[-80.09059,33.3772],[-80.092056,33.377013],[-80.095532,33.373676],[-80.094945,33.375269],[-80.092554,33.378085],[-80.091506,33.377947],[-80.090536,33.379482],[-80.093938,33.380987],[-80.091415,33.381054],[-80.0946,33.382091],[-80.100622,33.382872],[-80.106029,33.382796],[-80.109473,33.383673],[-80.118668,33.390012],[-80.121241,33.386942],[-80.121572,33.383369],[-80.126911,33.375554],[-80.128464,33.37581],[-80.132986,33.380003],[-80.135339,33.382927],[-80.134292,33.387336],[-80.132851,33.389556],[-80.135037,33.389821],[-80.138216,33.386743],[-80.140055,33.385489],[-80.141637,33.387183],[-80.143995,33.391715],[-80.15204,33.401425],[-80.15616,33.405516],[-80.162902,33.406253],[-80.164621,33.406988],[-80.191314,33.428461],[-80.192874,33.428661],[-80.195433,33.43071],[-80.195651,33.431951],[-80.208955,33.442662],[-80.214145,33.444305],[-80.216575,33.446621],[-80.218959,33.44772],[-80.222362,33.447756],[-80.222267,33.443716],[-80.222162,33.439564],[-80.221485,33.434584],[-80.221867,33.432897],[-80.224728,33.425476],[-80.224642,33.422824],[-80.223834,33.418127],[-80.223842,33.415046],[-80.225201,33.409337],[-80.221893,33.404542],[-80.222568,33.391288],[-80.229876,33.391575],[-80.230245,33.384105],[-80.2324,33.384125],[-80.238463,33.391153],[-80.23996,33.386776],[-80.241557,33.383084],[-80.24179,33.376054],[-80.240327,33.372559],[-80.240525,33.366468],[-80.2396,33.364107],[-80.240811,33.363873],[-80.245925,33.363822],[-80.242894,33.351213],[-80.240649,33.350205],[-80.243783,33.345824],[-80.244624,33.343484],[-80.247454,33.339755],[-80.2479,33.338163],[-80.247272,33.329229],[-80.248067,33.326668],[-80.251125,33.32263],[-80.252574,33.324491],[-80.255395,33.329889],[-80.257638,33.330134],[-80.267136,33.329257],[-80.270358,33.32041],[-80.273068,33.316012],[-80.272699,33.313052],[-80.269953,33.31184],[-80.252095,33.312178],[-80.251999,33.309921],[-80.252594,33.306261],[-80.285441,33.297935],[-80.282792,33.286714],[-80.280615,33.282136],[-80.287009,33.279341],[-80.289268,33.279113]],[[-80.260169,33.249077],[-80.257359,33.248587],[-80.257443,33.248049],[-80.255176,33.245713],[-80.257935,33.246],[-80.260331,33.246972],[-80.260169,33.249077]]]}},{"type":"Feature","properties":{"zcta5":"29163","AFFGEOID10":"8600000US29163","GEOID10":"29163","ALAND10":76757868,"AWATER10":1261612,"county_name":"Orangeburg","state_code":"SC","county_state":"Orangeburg County, SC","county_fips":"45075","risk_level_county":"Higher Risk (60–69% vaccinated)","mean_vaccination_rate_county":62.92,"risk_level_zcta":"Very High Risk (<60% vaccinated)","mean_vaccination_rate_zips":56.87,"cases":670},"geometry":{"type":"MultiPolygon","coordinates":[[[[-80.49117,33.424656],[-80.487249,33.424899],[-80.487915,33.421569],[-80.489415,33.417523],[-80.488641,33.414461],[-80.483379,33.424718],[-80.482749,33.424709],[-80.482649,33.422019],[-80.48154,33.419878],[-80.481976,33.418222],[-80.484564,33.418373],[-80.485654,33.414666],[-80.488576,33.413923],[-80.487509,33.408833],[-80.487747,33.405568],[-80.487359,33.403085],[-80.487649,33.399406],[-80.486064,33.395746],[-80.486136,33.394742],[-80.484464,33.392471],[-80.483545,33.387136],[-80.480415,33.387846],[-80.474808,33.385331],[-80.471379,33.385953],[-80.468685,33.385314],[-80.462724,33.38603],[-80.458151,33.384774],[-80.45139,33.383841],[-80.448073,33.384503],[-80.445695,33.38716],[-80.444957,33.389725],[-80.44176,33.394764],[-80.441101,33.398022],[-80.437121,33.396126],[-80.438024,33.392861],[-80.438719,33.387572],[-80.43714,33.383938],[-80.411777,33.39089],[-80.403627,33.393637],[-80.401435,33.393951],[-80.377394,33.393312],[-80.373822,33.393201],[-80.375358,33.395456],[-80.379364,33.398698],[-80.383221,33.403633],[-80.381603,33.403546],[-80.38018,33.407112],[-80.381097,33.409046],[-80.378186,33.412212],[-80.378753,33.41402],[-80.37775,33.418083],[-80.375996,33.423517],[-80.38209,33.425442],[-80.392679,33.427866],[-80.39155,33.428793],[-80.390431,33.431055],[-80.391604,33.432605],[-80.38813,33.439103],[-80.39055,33.440275],[-80.389584,33.441894],[-80.390538,33.442699],[-80.394795,33.444732],[-80.394234,33.441166],[-80.394575,33.438585],[-80.395057,33.443627],[-80.396283,33.445056],[-80.394811,33.447191],[-80.397697,33.450658],[-80.4005,33.452537],[-80.406709,33.456078],[-80.410714,33.459492],[-80.412837,33.460917],[-80.41978,33.466282],[-80.42422,33.46906],[-80.429941,33.473219],[-80.433515,33.475037],[-80.433687,33.473051],[-80.432968,33.4699],[-80.433494,33.468747],[-80.43481,33.467671],[-80.437446,33.467302],[-80.437993,33.46682],[-80.437855,33.464232],[-80.4384,33.462493],[-80.440318,33.461228],[-80.441245,33.458402],[-80.443175,33.458479],[-80.447127,33.45438],[-80.454531,33.461346],[-80.475413,33.473937],[-80.477533,33.466997],[-80.480042,33.4526],[-80.481965,33.44516],[-80.484606,33.438755],[-80.49117,33.424656]]],[[[-80.525004,33.404945],[-80.523609,33.403099],[-80.521252,33.40466],[-80.514918,33.402599],[-80.512873,33.398352],[-80.509367,33.40241],[-80.499246,33.412284],[-80.502932,33.417886],[-80.504589,33.416816],[-80.506833,33.417974],[-80.525004,33.404945]]]]}},{"type":"Feature","properties":{"zcta5":"29142","AFFGEOID10":"8600000US29142","GEOID10":"29142","ALAND10":133927462,"AWATER10":16812923,"county_name":"Orangeburg","state_code":"SC","county_state":"Orangeburg County, SC","county_fips":"45075","risk_level_county":"Higher Risk (60–69% vaccinated)","mean_vaccination_rate_county":62.92,"risk_level_zcta":"Very High Risk (<60% vaccinated)","mean_vaccination_rate_zips":53.65,"cases":670},"geometry":{"type":"Polygon","coordinates":[[[-80.625558,33.436742],[-80.624812,33.433935],[-80.62092,33.431132],[-80.621652,33.430015],[-80.620679,33.429381],[-80.619557,33.426272],[-80.618321,33.424787],[-80.618429,33.423046],[-80.616623,33.418098],[-80.618206,33.415577],[-80.618232,33.413882],[-80.617192,33.411545],[-80.611835,33.405682],[-80.610276,33.401925],[-80.608035,33.399635],[-80.605139,33.397941],[-80.602625,33.395674],[-80.599238,33.394049],[-80.598172,33.392927],[-80.596725,33.389468],[-80.588776,33.38491],[-80.586673,33.383353],[-80.584925,33.381062],[-80.582794,33.379344],[-80.578944,33.37852],[-80.576282,33.375807],[-80.57413,33.375615],[-80.567482,33.378578],[-80.564688,33.381958],[-80.561949,33.383585],[-80.565331,33.3874],[-80.568309,33.389962],[-80.56735,33.392991],[-80.565308,33.39455],[-80.559334,33.396558],[-80.558132,33.395597],[-80.552735,33.399903],[-80.550081,33.398057],[-80.543541,33.40236],[-80.540141,33.40568],[-80.537162,33.407614],[-80.536768,33.413088],[-80.536062,33.41425],[-80.535468,33.414874],[-80.531493,33.414793],[-80.528548,33.413914],[-80.526988,33.411311],[-80.524223,33.413027],[-80.52349,33.412765],[-80.521595,33.416806],[-80.518876,33.419045],[-80.516622,33.421446],[-80.512294,33.423042],[-80.5099,33.42306],[-80.507118,33.424046],[-80.504256,33.419836],[-80.49994,33.422905],[-80.49701,33.424201],[-80.49117,33.424656],[-80.484606,33.438755],[-80.481965,33.44516],[-80.480042,33.4526],[-80.477533,33.466997],[-80.475413,33.473937],[-80.454531,33.461346],[-80.447127,33.45438],[-80.443175,33.458479],[-80.441245,33.458402],[-80.440318,33.461228],[-80.4384,33.462493],[-80.437855,33.464232],[-80.437993,33.46682],[-80.437446,33.467302],[-80.43481,33.467671],[-80.433494,33.468747],[-80.432968,33.4699],[-80.433687,33.473051],[-80.433515,33.475037],[-80.436325,33.477066],[-80.437336,33.478794],[-80.437416,33.480262],[-80.436486,33.482761],[-80.434442,33.485345],[-80.43379,33.487457],[-80.434454,33.48958],[-80.436146,33.491084],[-80.439682,33.492561],[-80.441318,33.493677],[-80.441571,33.495461],[-80.440711,33.496999],[-80.438545,33.498785],[-80.437848,33.500163],[-80.438282,33.501243],[-80.439085,33.502025],[-80.442341,33.502837],[-80.447966,33.502753],[-80.452726,33.501669],[-80.457911,33.501977],[-80.460048,33.502895],[-80.461055,33.504336],[-80.460904,33.506084],[-80.45971,33.507603],[-80.456946,33.509597],[-80.456102,33.510821],[-80.457216,33.513408],[-80.459292,33.514374],[-80.464798,33.514573],[-80.466382,33.514947],[-80.467741,33.516157],[-80.468141,33.518576],[-80.467869,33.521086],[-80.46836,33.523237],[-80.467224,33.526429],[-80.464136,33.527514],[-80.462192,33.526377],[-80.461538,33.523193],[-80.460473,33.522804],[-80.458547,33.523267],[-80.457199,33.524239],[-80.452938,33.523246],[-80.450344,33.523403],[-80.447324,33.524527],[-80.447353,33.526701],[-80.449167,33.528074],[-80.449815,33.529908],[-80.449717,33.531453],[-80.446856,33.535574],[-80.446783,33.538485],[-80.447463,33.540472],[-80.451861,33.545916],[-80.455375,33.547056],[-80.457578,33.545991],[-80.459366,33.542637],[-80.461151,33.540778],[-80.463668,33.540008],[-80.468421,33.541058],[-80.470825,33.543651],[-80.471653,33.546849],[-80.474659,33.552884],[-80.476047,33.554069],[-80.479102,33.554294],[-80.480643,33.555444],[-80.481263,33.556704],[-80.485019,33.560047],[-80.487988,33.56028],[-80.489395,33.55883],[-80.491937,33.557275],[-80.4948,33.557041],[-80.496273,33.558481],[-80.497141,33.553593],[-80.498004,33.552671],[-80.500414,33.552309],[-80.50292,33.553056],[-80.505589,33.552592],[-80.505991,33.550623],[-80.504362,33.546375],[-80.50474,33.542329],[-80.506005,33.541562],[-80.506004,33.539674],[-80.50335,33.535827],[-80.503943,33.533851],[-80.507136,33.529469],[-80.508727,33.528597],[-80.50931,33.527139],[-80.512808,33.524142],[-80.513926,33.523615],[-80.515235,33.520778],[-80.517116,33.518966],[-80.517537,33.517697],[-80.520032,33.517121],[-80.520973,33.517612],[-80.523849,33.516755],[-80.526057,33.515098],[-80.529583,33.51516],[-80.530289,33.512934],[-80.531969,33.51126],[-80.537503,33.503113],[-80.547792,33.510975],[-80.547432,33.507452],[-80.536174,33.49839],[-80.544557,33.491721],[-80.538722,33.485397],[-80.537832,33.484171],[-80.533895,33.476681],[-80.524562,33.465313],[-80.526239,33.462371],[-80.542466,33.463835],[-80.545587,33.463961],[-80.553892,33.463634],[-80.554408,33.466112],[-80.55773,33.466157],[-80.55659,33.456397],[-80.558163,33.457854],[-80.559333,33.457727],[-80.561689,33.461567],[-80.561269,33.462037],[-80.562129,33.46211],[-80.561262,33.459148],[-80.563334,33.457828],[-80.565052,33.457643],[-80.568849,33.455276],[-80.5694,33.456771],[-80.570604,33.457125],[-80.571502,33.459132],[-80.576916,33.457343],[-80.579452,33.457085],[-80.61811,33.4587],[-80.625013,33.458526],[-80.623016,33.456202],[-80.621779,33.4539],[-80.619751,33.446505],[-80.618801,33.444047],[-80.621125,33.442246],[-80.624037,33.439022],[-80.625558,33.436742]]]}},{"type":"Feature","properties":{"zcta5":"29477","AFFGEOID10":"8600000US29477","GEOID10":"29477","ALAND10":286895543,"AWATER10":761752,"county_name":"Orangeburg","state_code":"SC","county_state":"Orangeburg County, SC","county_fips":"45075","risk_level_county":"Higher Risk (60–69% vaccinated)","mean_vaccination_rate_county":62.92,"risk_level_zcta":"Higher Risk (60–69% vaccinated)","mean_vaccination_rate_zips":64.92,"cases":670},"geometry":{"type":"Polygon","coordinates":[[[-80.654871,33.253289],[-80.653257,33.25103],[-80.655106,33.249189],[-80.655565,33.245866],[-80.649385,33.24465],[-80.639833,33.244394],[-80.633729,33.243613],[-80.638613,33.235346],[-80.636957,33.232374],[-80.635804,33.227992],[-80.632959,33.229712],[-80.630944,33.229304],[-80.631099,33.227607],[-80.630012,33.226],[-80.627643,33.225564],[-80.625713,33.223567],[-80.626429,33.220174],[-80.628996,33.218089],[-80.6296,33.215956],[-80.631159,33.213848],[-80.631324,33.212632],[-80.632856,33.210251],[-80.629914,33.210807],[-80.627885,33.210254],[-80.625207,33.212935],[-80.623651,33.215648],[-80.618481,33.213773],[-80.611986,33.210738],[-80.611437,33.211227],[-80.605774,33.205483],[-80.601846,33.203274],[-80.603238,33.20027],[-80.60433,33.200654],[-80.606714,33.196809],[-80.608186,33.197017],[-80.609042,33.195912],[-80.608783,33.194286],[-80.607045,33.193727],[-80.606912,33.192467],[-80.617861,33.168947],[-80.619823,33.16231],[-80.624085,33.161634],[-80.625539,33.161884],[-80.628621,33.159987],[-80.633524,33.159531],[-80.637338,33.158868],[-80.639894,33.155665],[-80.639307,33.15428],[-80.640062,33.152484],[-80.635949,33.151244],[-80.635431,33.150214],[-80.631486,33.149344],[-80.633775,33.146144],[-80.632739,33.145375],[-80.636608,33.143016],[-80.639441,33.140884],[-80.639795,33.141509],[-80.646943,33.139193],[-80.650964,33.138209],[-80.652109,33.136943],[-80.646844,33.134428],[-80.647587,33.132854],[-80.654434,33.12955],[-80.658885,33.124822],[-80.656669,33.123427],[-80.658206,33.119897],[-80.658238,33.118256],[-80.657624,33.114564],[-80.656035,33.109733],[-80.651556,33.108424],[-80.650117,33.109096],[-80.647678,33.106912],[-80.647361,33.108209],[-80.645329,33.108154],[-80.643311,33.109129],[-80.645116,33.100502],[-80.646943,33.095609],[-80.649751,33.090091],[-80.646933,33.085538],[-80.645272,33.086272],[-80.643776,33.085813],[-80.643123,33.084186],[-80.640756,33.082971],[-80.641247,33.082123],[-80.640186,33.08068],[-80.638689,33.081595],[-80.635859,33.080815],[-80.635887,33.079577],[-80.632187,33.077697],[-80.631998,33.07591],[-80.626692,33.07506],[-80.629415,33.072381],[-80.62773,33.069516],[-80.626234,33.0686],[-80.623681,33.069242],[-80.623815,33.066927],[-80.622699,33.066263],[-80.619352,33.066197],[-80.6181,33.064754],[-80.615107,33.065213],[-80.611418,33.063888],[-80.610154,33.064138],[-80.608575,33.062787],[-80.604004,33.061757],[-80.602481,33.062835],[-80.600576,33.062675],[-80.600385,33.061369],[-80.596603,33.059973],[-80.595025,33.059882],[-80.591488,33.05782],[-80.589311,33.058301],[-80.587298,33.057478],[-80.582102,33.058464],[-80.578483,33.057251],[-80.577313,33.057411],[-80.577449,33.058692],[-80.578946,33.060021],[-80.577939,33.060526],[-80.575871,33.059931],[-80.575463,33.058511],[-80.571981,33.059244],[-80.571198,33.057715],[-80.571028,33.059427],[-80.567845,33.059314],[-80.568008,33.060367],[-80.566485,33.060505],[-80.564771,33.059427],[-80.563574,33.060482],[-80.561696,33.060643],[-80.558785,33.059818],[-80.557806,33.061147],[-80.553398,33.062063],[-80.553044,33.059313],[-80.551086,33.058236],[-80.549208,33.060046],[-80.547276,33.059565],[-80.546514,33.060985],[-80.54461,33.06197],[-80.544909,33.062978],[-80.547521,33.06275],[-80.546786,33.063826],[-80.547439,33.065751],[-80.546051,33.066139],[-80.544364,33.063826],[-80.54382,33.066026],[-80.542269,33.066209],[-80.541398,33.064857],[-80.539766,33.064467],[-80.537534,33.066941],[-80.539765,33.068133],[-80.538322,33.069965],[-80.536445,33.068522],[-80.535057,33.069048],[-80.53318,33.06859],[-80.532013,33.069653],[-80.529388,33.066991],[-80.527312,33.066313],[-80.528338,33.063386],[-80.526061,33.06118],[-80.520378,33.062035],[-80.517943,33.060484],[-80.516205,33.060817],[-80.514819,33.058456],[-80.510357,33.057264],[-80.507909,33.057675],[-80.506412,33.058797],[-80.507472,33.05937],[-80.506274,33.061203],[-80.506681,33.062669],[-80.506624,33.06622],[-80.506025,33.067343],[-80.507112,33.069451],[-80.510049,33.07305],[-80.515163,33.075181],[-80.514128,33.076625],[-80.513664,33.079696],[-80.514995,33.084001],[-80.514549,33.088144],[-80.511816,33.092261],[-80.511924,33.094228],[-80.509422,33.095481],[-80.507627,33.097149],[-80.503384,33.098444],[-80.501507,33.100591],[-80.500991,33.102009],[-80.499166,33.10315],[-80.498514,33.10606],[-80.49691,33.108604],[-80.496966,33.110415],[-80.495334,33.114036],[-80.495665,33.119877],[-80.495094,33.121366],[-80.495041,33.12407],[-80.497421,33.126804],[-80.495119,33.127808],[-80.491425,33.13031],[-80.490186,33.133587],[-80.490462,33.135092],[-80.491318,33.137777],[-80.49349,33.142028],[-80.496081,33.147821],[-80.505198,33.150728],[-80.505327,33.153739],[-80.50979,33.163848],[-80.510263,33.166114],[-80.511224,33.167547],[-80.503705,33.168213],[-80.499308,33.167751],[-80.500306,33.170803],[-80.499967,33.172008],[-80.500114,33.175995],[-80.498506,33.17747],[-80.498323,33.178696],[-80.499119,33.182533],[-80.497979,33.189524],[-80.49794,33.192344],[-80.496573,33.19675],[-80.49763,33.19979],[-80.50095,33.202623],[-80.503673,33.205374],[-80.50498,33.207299],[-80.508901,33.2117],[-80.511163,33.212068],[-80.515822,33.213878],[-80.519145,33.217247],[-80.519117,33.218324],[-80.522169,33.220135],[-80.523005,33.222473],[-80.528115,33.22466],[-80.529264,33.225426],[-80.520479,33.231734],[-80.516809,33.231875],[-80.514169,33.230562],[-80.510232,33.231302],[-80.51053,33.233061],[-80.509607,33.234794],[-80.508096,33.23583],[-80.50145,33.23944],[-80.505784,33.242044],[-80.507012,33.240985],[-80.508661,33.242019],[-80.507501,33.243091],[-80.521377,33.251392],[-80.523141,33.2494],[-80.526307,33.249099],[-80.530397,33.247549],[-80.531297,33.248958],[-80.519648,33.266579],[-80.518984,33.269009],[-80.519494,33.27651],[-80.517526,33.280295],[-80.52274,33.282542],[-80.525206,33.281618],[-80.525967,33.279961],[-80.529226,33.28044],[-80.534792,33.282577],[-80.537356,33.286043],[-80.539649,33.286307],[-80.543309,33.285919],[-80.54603,33.285097],[-80.546092,33.288179],[-80.549197,33.287267],[-80.551488,33.284838],[-80.554789,33.283625],[-80.559617,33.283555],[-80.563246,33.284612],[-80.564784,33.281936],[-80.568235,33.2805],[-80.570342,33.281061],[-80.572932,33.282642],[-80.574357,33.282634],[-80.576848,33.28416],[-80.580583,33.29306],[-80.654871,33.253289]]]}},{"type":"Feature","properties":{"zcta5":"29047","AFFGEOID10":"8600000US29047","GEOID10":"29047","ALAND10":169507221,"AWATER10":12339994,"county_name":"Orangeburg","state_code":"SC","county_state":"Orangeburg County, SC","county_fips":"45075","risk_level_county":"Higher Risk (60–69% vaccinated)","mean_vaccination_rate_county":62.92,"risk_level_zcta":"Higher Risk (60–69% vaccinated)","mean_vaccination_rate_zips":62.42,"cases":670},"geometry":{"type":"Polygon","coordinates":[[[-80.519417,33.610072],[-80.522006,33.609779],[-80.547833,33.605651],[-80.549361,33.604565],[-80.551964,33.60471],[-80.554344,33.60354],[-80.555456,33.603961],[-80.557604,33.602962],[-80.55997,33.602883],[-80.561819,33.601772],[-80.569397,33.599948],[-80.572584,33.598877],[-80.575428,33.599077],[-80.577893,33.594109],[-80.579345,33.594208],[-80.583306,33.592832],[-80.586111,33.592639],[-80.588679,33.590335],[-80.593074,33.58919],[-80.595176,33.589135],[-80.595866,33.588123],[-80.599045,33.587946],[-80.601798,33.58894],[-80.603211,33.588351],[-80.606785,33.58929],[-80.613204,33.589958],[-80.61505,33.590375],[-80.618218,33.593139],[-80.620012,33.592985],[-80.626224,33.594489],[-80.628253,33.59631],[-80.632335,33.586278],[-80.636549,33.589166],[-80.640745,33.584512],[-80.642445,33.58306],[-80.629775,33.566203],[-80.635181,33.56195],[-80.636669,33.560345],[-80.666599,33.581681],[-80.670385,33.579834],[-80.667616,33.568436],[-80.661045,33.561685],[-80.658603,33.559985],[-80.654406,33.558287],[-80.652096,33.556585],[-80.646152,33.550934],[-80.65038,33.546832],[-80.651546,33.541524],[-80.650787,33.5375],[-80.65214,33.535649],[-80.655351,33.535012],[-80.656829,33.532505],[-80.658374,33.527347],[-80.659569,33.526347],[-80.660575,33.522624],[-80.65841,33.517994],[-80.65744,33.514162],[-80.659587,33.51116],[-80.660625,33.508735],[-80.661885,33.508032],[-80.662542,33.506421],[-80.6644,33.50442],[-80.645033,33.481521],[-80.641303,33.483302],[-80.641185,33.477096],[-80.640795,33.476651],[-80.627454,33.481178],[-80.626459,33.481934],[-80.624951,33.488763],[-80.619591,33.483648],[-80.619338,33.482235],[-80.611327,33.470416],[-80.616575,33.466006],[-80.625102,33.472262],[-80.624461,33.467685],[-80.62172,33.4625],[-80.61811,33.4587],[-80.579452,33.457085],[-80.576916,33.457343],[-80.571502,33.459132],[-80.570604,33.457125],[-80.5694,33.456771],[-80.568849,33.455276],[-80.565052,33.457643],[-80.563334,33.457828],[-80.561262,33.459148],[-80.562129,33.46211],[-80.561269,33.462037],[-80.561689,33.461567],[-80.559333,33.457727],[-80.558163,33.457854],[-80.55659,33.456397],[-80.55773,33.466157],[-80.554408,33.466112],[-80.553892,33.463634],[-80.545587,33.463961],[-80.542466,33.463835],[-80.526239,33.462371],[-80.524562,33.465313],[-80.533895,33.476681],[-80.537832,33.484171],[-80.538722,33.485397],[-80.544557,33.491721],[-80.536174,33.49839],[-80.547432,33.507452],[-80.547792,33.510975],[-80.537503,33.503113],[-80.531969,33.51126],[-80.530289,33.512934],[-80.529583,33.51516],[-80.526057,33.515098],[-80.523849,33.516755],[-80.520973,33.517612],[-80.520032,33.517121],[-80.517537,33.517697],[-80.517116,33.518966],[-80.515235,33.520778],[-80.513926,33.523615],[-80.512808,33.524142],[-80.50931,33.527139],[-80.508727,33.528597],[-80.507136,33.529469],[-80.503943,33.533851],[-80.50335,33.535827],[-80.506004,33.539674],[-80.506005,33.541562],[-80.50474,33.542329],[-80.504362,33.546375],[-80.505991,33.550623],[-80.505589,33.552592],[-80.50292,33.553056],[-80.500414,33.552309],[-80.498004,33.552671],[-80.497141,33.553593],[-80.496273,33.558481],[-80.497837,33.561493],[-80.499808,33.562493],[-80.504531,33.562716],[-80.505994,33.564215],[-80.50572,33.565975],[-80.504446,33.56735],[-80.504036,33.56999],[-80.505774,33.571618],[-80.50974,33.571981],[-80.515234,33.574705],[-80.516236,33.576892],[-80.516108,33.579073],[-80.51495,33.581246],[-80.511314,33.582727],[-80.506087,33.583527],[-80.502186,33.586203],[-80.501423,33.58814],[-80.502204,33.590419],[-80.503335,33.591624],[-80.509503,33.59266],[-80.51421,33.594056],[-80.519799,33.597368],[-80.521295,33.599682],[-80.521807,33.601597],[-80.521559,33.603358],[-80.519671,33.60756],[-80.519417,33.610072]]]}},{"type":"Feature","properties":{"zcta5":"29048","AFFGEOID10":"8600000US29048","GEOID10":"29048","ALAND10":123384620,"AWATER10":26399844,"county_name":"Orangeburg","state_code":"SC","county_state":"Orangeburg County, SC","county_fips":"45075","risk_level_county":"Higher Risk (60–69% vaccinated)","mean_vaccination_rate_county":62.92,"risk_level_zcta":"Higher Risk (60–69% vaccinated)","mean_vaccination_rate_zips":68.62,"cases":670},"geometry":{"type":"Polygon","coordinates":[[[-80.394811,33.447191],[-80.396283,33.445056],[-80.395057,33.443627],[-80.394575,33.438585],[-80.394234,33.441166],[-80.394795,33.444732],[-80.390538,33.442699],[-80.389584,33.441894],[-80.39055,33.440275],[-80.38813,33.439103],[-80.391604,33.432605],[-80.390431,33.431055],[-80.39155,33.428793],[-80.392679,33.427866],[-80.38209,33.425442],[-80.375996,33.423517],[-80.37775,33.418083],[-80.378753,33.41402],[-80.378186,33.412212],[-80.381097,33.409046],[-80.38018,33.407112],[-80.381603,33.403546],[-80.383221,33.403633],[-80.379364,33.398698],[-80.375358,33.395456],[-80.373822,33.393201],[-80.377394,33.393312],[-80.375824,33.390869],[-80.375616,33.389631],[-80.373156,33.385387],[-80.37207,33.384996],[-80.369276,33.385773],[-80.366924,33.382745],[-80.364362,33.378272],[-80.364147,33.377298],[-80.36963,33.373073],[-80.366434,33.369196],[-80.361629,33.362287],[-80.360539,33.36112],[-80.35063,33.357161],[-80.347918,33.357501],[-80.350225,33.361569],[-80.350201,33.364874],[-80.349306,33.367697],[-80.345826,33.370653],[-80.34459,33.369548],[-80.342971,33.366377],[-80.341932,33.36152],[-80.341277,33.360719],[-80.335352,33.357696],[-80.334997,33.356848],[-80.331911,33.353229],[-80.329755,33.352931],[-80.327933,33.351856],[-80.324393,33.350986],[-80.318511,33.351466],[-80.314441,33.350527],[-80.313185,33.350824],[-80.310919,33.348419],[-80.309719,33.345784],[-80.306362,33.340996],[-80.306307,33.33843],[-80.305516,33.336918],[-80.302356,33.334303],[-80.300604,33.334328],[-80.298694,33.332404],[-80.296183,33.33135],[-80.294519,33.329952],[-80.288188,33.325804],[-80.288271,33.323742],[-80.286743,33.321863],[-80.285762,33.318907],[-80.287647,33.314051],[-80.288603,33.310523],[-80.290486,33.308484],[-80.290732,33.306766],[-80.293243,33.305392],[-80.295372,33.301314],[-80.294772,33.298153],[-80.290181,33.294643],[-80.289415,33.291768],[-80.288157,33.289764],[-80.289627,33.284796],[-80.289025,33.283875],[-80.289569,33.281299],[-80.289268,33.279113],[-80.287009,33.279341],[-80.280615,33.282136],[-80.282792,33.286714],[-80.285441,33.297935],[-80.252594,33.306261],[-80.251999,33.309921],[-80.252095,33.312178],[-80.269953,33.31184],[-80.272699,33.313052],[-80.273068,33.316012],[-80.270358,33.32041],[-80.267136,33.329257],[-80.257638,33.330134],[-80.255395,33.329889],[-80.252574,33.324491],[-80.251125,33.32263],[-80.248067,33.326668],[-80.247272,33.329229],[-80.2479,33.338163],[-80.247454,33.339755],[-80.244624,33.343484],[-80.243783,33.345824],[-80.240649,33.350205],[-80.242894,33.351213],[-80.245925,33.363822],[-80.240811,33.363873],[-80.2396,33.364107],[-80.240525,33.366468],[-80.240327,33.372559],[-80.24179,33.376054],[-80.241557,33.383084],[-80.23996,33.386776],[-80.238463,33.391153],[-80.2324,33.384125],[-80.230245,33.384105],[-80.229876,33.391575],[-80.222568,33.391288],[-80.221893,33.404542],[-80.225201,33.409337],[-80.223842,33.415046],[-80.223834,33.418127],[-80.224642,33.422824],[-80.224728,33.425476],[-80.221867,33.432897],[-80.221485,33.434584],[-80.222162,33.439564],[-80.222267,33.443716],[-80.225273,33.444836],[-80.229334,33.444553],[-80.233677,33.440794],[-80.23591,33.439635],[-80.239123,33.440019],[-80.239949,33.441699],[-80.237963,33.444001],[-80.237595,33.446238],[-80.238403,33.448023],[-80.238978,33.450761],[-80.238403,33.453442],[-80.239907,33.454675],[-80.241339,33.453916],[-80.241755,33.450559],[-80.242772,33.449327],[-80.248796,33.450266],[-80.253912,33.449329],[-80.255818,33.447999],[-80.256505,33.445611],[-80.257941,33.443361],[-80.260011,33.441709],[-80.26405,33.44035],[-80.267879,33.437852],[-80.271022,33.437694],[-80.272655,33.438181],[-80.273766,33.440256],[-80.274547,33.443769],[-80.276675,33.446927],[-80.280085,33.448425],[-80.281988,33.448354],[-80.284373,33.447509],[-80.286463,33.444598],[-80.288485,33.442582],[-80.292409,33.440528],[-80.295206,33.440329],[-80.300193,33.440738],[-80.303413,33.440152],[-80.308711,33.437961],[-80.312951,33.436536],[-80.317317,33.43424],[-80.31927,33.43295],[-80.323568,33.431162],[-80.330784,33.431482],[-80.339519,33.430859],[-80.345746,33.430814],[-80.348879,33.430219],[-80.354539,33.430408],[-80.36012,33.432179],[-80.363935,33.432738],[-80.366845,33.434144],[-80.369621,33.436574],[-80.372781,33.438876],[-80.375926,33.439993],[-80.383092,33.441513],[-80.390245,33.444032],[-80.393145,33.445339],[-80.394811,33.447191]]]}},{"type":"Feature","properties":{"zcta5":"29107","AFFGEOID10":"8600000US29107","GEOID10":"29107","ALAND10":196798171,"AWATER10":1498802,"county_name":"Orangeburg","state_code":"SC","county_state":"Orangeburg County, SC","county_fips":"45075","risk_level_county":"Higher Risk (60–69% vaccinated)","mean_vaccination_rate_county":62.92,"risk_level_zcta":"Higher Risk (60–69% vaccinated)","mean_vaccination_rate_zips":64.74,"cases":670},"geometry":{"type":"Polygon","coordinates":[[[-81.25249,33.595195],[-81.285921,33.56558],[-81.277089,33.567006],[-81.275174,33.561232],[-81.264728,33.56384],[-81.262252,33.565178],[-81.256936,33.564722],[-81.253643,33.5633],[-81.243003,33.562036],[-81.240925,33.563005],[-81.235488,33.563386],[-81.227865,33.561436],[-81.224598,33.558759],[-81.227299,33.551915],[-81.228858,33.551158],[-81.2311,33.547996],[-81.232715,33.547812],[-81.234518,33.543733],[-81.236814,33.539608],[-81.236758,33.536836],[-81.235712,33.534541],[-81.236566,33.533343],[-81.234462,33.534441],[-81.232502,33.534554],[-81.218228,33.532328],[-81.214645,33.531331],[-81.216123,33.537594],[-81.223463,33.537843],[-81.225077,33.537614],[-81.223889,33.543386],[-81.22103,33.544748],[-81.219328,33.548587],[-81.221922,33.551553],[-81.222548,33.555391],[-81.222011,33.556671],[-81.215448,33.551376],[-81.201999,33.541755],[-81.202264,33.5405],[-81.200738,33.538915],[-81.201235,33.536964],[-81.198543,33.531398],[-81.19893,33.529044],[-81.197184,33.52724],[-81.196531,33.524977],[-81.194294,33.522143],[-81.19195,33.518282],[-81.189665,33.511768],[-81.18928,33.509608],[-81.186667,33.504095],[-81.18437,33.500151],[-81.186292,33.494506],[-81.186704,33.491123],[-81.186476,33.488391],[-81.188964,33.486306],[-81.195471,33.481747],[-81.197686,33.481724],[-81.203946,33.479295],[-81.209094,33.47373],[-81.205138,33.473131],[-81.176468,33.474326],[-81.174018,33.473556],[-81.158714,33.465069],[-81.15791,33.470189],[-81.15447,33.469124],[-81.152365,33.473905],[-81.145787,33.475052],[-81.144556,33.473088],[-81.140929,33.473894],[-81.138551,33.472309],[-81.137255,33.470849],[-81.135981,33.471204],[-81.136327,33.473562],[-81.1357,33.474283],[-81.131824,33.4747],[-81.131545,33.47582],[-81.1252,33.476028],[-81.125293,33.478663],[-81.12638,33.484402],[-81.125269,33.486964],[-81.124249,33.485767],[-81.122189,33.48587],[-81.121985,33.486977],[-81.120155,33.486926],[-81.118679,33.486763],[-81.119246,33.478019],[-81.115443,33.478635],[-81.109956,33.478192],[-81.108559,33.479008],[-81.103597,33.478675],[-81.103481,33.476306],[-81.099479,33.475813],[-81.096923,33.476296],[-81.093669,33.47814],[-81.09418,33.479314],[-81.093406,33.481608],[-81.089038,33.485796],[-81.08582,33.486441],[-81.082433,33.488959],[-81.080712,33.486746],[-81.077561,33.485028],[-81.074738,33.482382],[-81.073265,33.479515],[-81.061765,33.479342],[-81.062291,33.475426],[-81.063248,33.472539],[-81.065545,33.469721],[-81.067376,33.468667],[-81.067455,33.466249],[-81.070067,33.460137],[-81.06312,33.461937],[-81.065353,33.456417],[-81.065106,33.454613],[-81.064042,33.452872],[-81.060982,33.453908],[-81.05861,33.456259],[-81.058279,33.454779],[-81.055535,33.45565],[-81.050162,33.45605],[-81.042141,33.454469],[-81.039468,33.453636],[-81.036819,33.456622],[-81.036021,33.458843],[-81.034784,33.46023],[-81.034903,33.461951],[-81.036351,33.465136],[-81.034846,33.467496],[-81.035276,33.469189],[-81.019903,33.473183],[-81.017234,33.474948],[-81.016918,33.477116],[-81.017378,33.479841],[-81.016701,33.485081],[-81.017138,33.486331],[-81.022025,33.490562],[-81.026063,33.492309],[-81.031338,33.493891],[-81.032668,33.495158],[-81.036758,33.500696],[-81.042899,33.506496],[-81.044049,33.508192],[-81.046418,33.513142],[-81.048853,33.515574],[-81.049492,33.51819],[-81.053747,33.511675],[-81.056549,33.514434],[-81.055695,33.516314],[-81.05769,33.519225],[-81.057353,33.520956],[-81.050586,33.521111],[-81.04481,33.521857],[-81.042912,33.521818],[-81.034888,33.520632],[-81.030557,33.530357],[-81.025663,33.533324],[-81.023311,33.535847],[-81.022167,33.538794],[-81.019081,33.537234],[-81.016365,33.5364],[-81.015166,33.535482],[-81.014447,33.532877],[-81.008208,33.530811],[-81.006186,33.529852],[-81.002751,33.52898],[-80.999618,33.533729],[-80.997374,33.535895],[-80.996843,33.537297],[-80.999406,33.539306],[-81.008121,33.547528],[-81.012476,33.55017],[-81.010344,33.556918],[-81.008654,33.560783],[-81.006499,33.561805],[-81.005007,33.563174],[-81.003653,33.563347],[-81.002366,33.564514],[-81.00373,33.567473],[-81.005189,33.566979],[-81.00591,33.568766],[-81.008208,33.570532],[-81.009436,33.57034],[-81.010979,33.572018],[-81.012404,33.572134],[-81.012896,33.573217],[-81.018012,33.575473],[-81.022642,33.576481],[-81.023404,33.577361],[-81.02659,33.576735],[-81.027148,33.577423],[-81.028922,33.576345],[-81.030531,33.577231],[-81.032325,33.575906],[-81.035708,33.576622],[-81.03578,33.575572],[-81.038632,33.576871],[-81.039704,33.575119],[-81.03977,33.572601],[-81.040885,33.565446],[-81.038453,33.561869],[-81.036638,33.553458],[-81.039602,33.553145],[-81.042974,33.555013],[-81.049247,33.555854],[-81.051744,33.557124],[-81.056862,33.5574],[-81.057774,33.560422],[-81.058299,33.565292],[-81.065196,33.567774],[-81.067627,33.567726],[-81.074377,33.565604],[-81.081829,33.564889],[-81.083719,33.563768],[-81.090218,33.562394],[-81.095115,33.560886],[-81.101081,33.561155],[-81.104342,33.559789],[-81.104487,33.563436],[-81.106373,33.564489],[-81.10781,33.569544],[-81.107378,33.570477],[-81.110529,33.571852],[-81.113175,33.56704],[-81.117185,33.56037],[-81.119058,33.560581],[-81.119139,33.55944],[-81.120641,33.559567],[-81.120909,33.565236],[-81.122822,33.571702],[-81.126617,33.580157],[-81.128112,33.582862],[-81.128609,33.586083],[-81.131692,33.58669],[-81.134307,33.586454],[-81.13692,33.587802],[-81.13991,33.587996],[-81.142761,33.587304],[-81.143879,33.586243],[-81.14684,33.585501],[-81.147196,33.583655],[-81.148805,33.582323],[-81.149753,33.57996],[-81.153558,33.575877],[-81.156797,33.574505],[-81.161075,33.574627],[-81.163877,33.573892],[-81.171308,33.57049],[-81.173864,33.5687],[-81.176507,33.569008],[-81.180049,33.570444],[-81.181248,33.573436],[-81.18504,33.57098],[-81.186595,33.569181],[-81.189032,33.567272],[-81.19061,33.565244],[-81.194048,33.568266],[-81.192754,33.570115],[-81.198072,33.572886],[-81.199872,33.574323],[-81.201894,33.572273],[-81.205586,33.56971],[-81.208215,33.573732],[-81.212065,33.577181],[-81.214386,33.580304],[-81.211575,33.58291],[-81.215934,33.586256],[-81.218952,33.587505],[-81.223306,33.584225],[-81.224787,33.58256],[-81.232102,33.588277],[-81.231012,33.590906],[-81.233923,33.592115],[-81.24446,33.595336],[-81.246787,33.595755],[-81.25249,33.595195]]]}},{"type":"Feature","properties":{"zcta5":"29112","AFFGEOID10":"8600000US29112","GEOID10":"29112","ALAND10":300184756,"AWATER10":1415863,"county_name":"Orangeburg","state_code":"SC","county_state":"Orangeburg County, SC","county_fips":"45075","risk_level_county":"Higher Risk (60–69% vaccinated)","mean_vaccination_rate_county":62.92,"risk_level_zcta":"Higher Risk (60–69% vaccinated)","mean_vaccination_rate_zips":66.96,"cases":670},"geometry":{"type":"Polygon","coordinates":[[[-81.25249,33.595195],[-81.246787,33.595755],[-81.24446,33.595336],[-81.233923,33.592115],[-81.231012,33.590906],[-81.232102,33.588277],[-81.224787,33.58256],[-81.223306,33.584225],[-81.218952,33.587505],[-81.215934,33.586256],[-81.211575,33.58291],[-81.214386,33.580304],[-81.212065,33.577181],[-81.208215,33.573732],[-81.205586,33.56971],[-81.201894,33.572273],[-81.199872,33.574323],[-81.198072,33.572886],[-81.192754,33.570115],[-81.194048,33.568266],[-81.19061,33.565244],[-81.189032,33.567272],[-81.186595,33.569181],[-81.18504,33.57098],[-81.181248,33.573436],[-81.180049,33.570444],[-81.176507,33.569008],[-81.173864,33.5687],[-81.171308,33.57049],[-81.163877,33.573892],[-81.161075,33.574627],[-81.156797,33.574505],[-81.153558,33.575877],[-81.149753,33.57996],[-81.148805,33.582323],[-81.147196,33.583655],[-81.14684,33.585501],[-81.143879,33.586243],[-81.142761,33.587304],[-81.13991,33.587996],[-81.13692,33.587802],[-81.134307,33.586454],[-81.131692,33.58669],[-81.128609,33.586083],[-81.128112,33.582862],[-81.126617,33.580157],[-81.122822,33.571702],[-81.120909,33.565236],[-81.120641,33.559567],[-81.119139,33.55944],[-81.119058,33.560581],[-81.117185,33.56037],[-81.113175,33.56704],[-81.110529,33.571852],[-81.107378,33.570477],[-81.10781,33.569544],[-81.106373,33.564489],[-81.104487,33.563436],[-81.104342,33.559789],[-81.101081,33.561155],[-81.095115,33.560886],[-81.090218,33.562394],[-81.083719,33.563768],[-81.081829,33.564889],[-81.074377,33.565604],[-81.067627,33.567726],[-81.065196,33.567774],[-81.058299,33.565292],[-81.057774,33.560422],[-81.056862,33.5574],[-81.051744,33.557124],[-81.049247,33.555854],[-81.042974,33.555013],[-81.039602,33.553145],[-81.036638,33.553458],[-81.038453,33.561869],[-81.040885,33.565446],[-81.03977,33.572601],[-81.039704,33.575119],[-81.038632,33.576871],[-81.03578,33.575572],[-81.035708,33.576622],[-81.032325,33.575906],[-81.030531,33.577231],[-81.028922,33.576345],[-81.027148,33.577423],[-81.02659,33.576735],[-81.023404,33.577361],[-81.022642,33.576481],[-81.018012,33.575473],[-81.012896,33.573217],[-81.012404,33.572134],[-81.010979,33.572018],[-81.009436,33.57034],[-81.008208,33.570532],[-81.007891,33.573479],[-81.007045,33.574573],[-81.004476,33.574561],[-81.002666,33.575311],[-80.999237,33.579049],[-80.994138,33.580987],[-80.981311,33.588514],[-80.982943,33.590421],[-80.977211,33.596122],[-80.969555,33.600249],[-80.963784,33.601385],[-80.959302,33.603361],[-80.959787,33.606777],[-80.960543,33.60885],[-80.960064,33.610648],[-80.960899,33.612792],[-80.96094,33.616531],[-80.963951,33.620946],[-80.965621,33.62409],[-80.965511,33.625305],[-80.948866,33.639424],[-80.9487,33.642179],[-80.94646,33.647102],[-80.944079,33.650126],[-80.942473,33.649157],[-80.937754,33.650064],[-80.941633,33.652829],[-80.95252,33.662966],[-80.961799,33.673525],[-80.963232,33.673475],[-80.964525,33.677207],[-80.965228,33.681123],[-80.965551,33.684964],[-80.967719,33.688917],[-80.969851,33.692021],[-80.972373,33.694826],[-80.976994,33.70124],[-80.977798,33.701993],[-80.983109,33.701882],[-80.985064,33.701292],[-80.988811,33.698661],[-80.994097,33.696384],[-80.995795,33.696407],[-80.996532,33.694408],[-80.999647,33.689673],[-81.000714,33.688722],[-81.001722,33.685577],[-81.003493,33.683407],[-81.005348,33.683526],[-81.017223,33.682613],[-81.017395,33.68014],[-81.022916,33.685572],[-81.042854,33.707131],[-81.084665,33.696025],[-81.084312,33.697234],[-81.087269,33.702008],[-81.089962,33.702474],[-81.088851,33.706401],[-81.091509,33.710529],[-81.099819,33.710686],[-81.101422,33.706245],[-81.103091,33.70671],[-81.106005,33.705065],[-81.10837,33.701792],[-81.11216,33.695325],[-81.112175,33.697375],[-81.111296,33.698793],[-81.11023,33.703971],[-81.127729,33.699249],[-81.127288,33.697754],[-81.12959,33.697628],[-81.131905,33.696631],[-81.144865,33.697191],[-81.144288,33.694224],[-81.145471,33.692289],[-81.145417,33.690685],[-81.139357,33.686772],[-81.126005,33.681314],[-81.1241,33.680319],[-81.124191,33.679155],[-81.186912,33.652919],[-81.187271,33.652937],[-81.25249,33.595195]]]}},{"type":"Feature","properties":{"zcta5":"29118","AFFGEOID10":"8600000US29118","GEOID10":"29118","ALAND10":201871405,"AWATER10":1012596,"county_name":"Orangeburg","state_code":"SC","county_state":"Orangeburg County, SC","county_fips":"45075","risk_level_county":"Higher Risk (60–69% vaccinated)","mean_vaccination_rate_county":62.92,"risk_level_zcta":"Very High Risk (<60% vaccinated)","mean_vaccination_rate_zips":58.11,"cases":670},"geometry":{"type":"Polygon","coordinates":[[[-80.937754,33.650064],[-80.942473,33.649157],[-80.944079,33.650126],[-80.94646,33.647102],[-80.9487,33.642179],[-80.948866,33.639424],[-80.965511,33.625305],[-80.965621,33.62409],[-80.963951,33.620946],[-80.96094,33.616531],[-80.960899,33.612792],[-80.960064,33.610648],[-80.960543,33.60885],[-80.959787,33.606777],[-80.959302,33.603361],[-80.963784,33.601385],[-80.969555,33.600249],[-80.977211,33.596122],[-80.982943,33.590421],[-80.981311,33.588514],[-80.994138,33.580987],[-80.999237,33.579049],[-81.002666,33.575311],[-81.004476,33.574561],[-81.007045,33.574573],[-81.007891,33.573479],[-81.008208,33.570532],[-81.00591,33.568766],[-81.005189,33.566979],[-81.00373,33.567473],[-81.002366,33.564514],[-81.003653,33.563347],[-81.002565,33.562128],[-81.000371,33.562242],[-80.99832,33.560692],[-80.997191,33.561187],[-80.997551,33.559373],[-80.996447,33.559571],[-80.995652,33.557961],[-80.993872,33.55795],[-80.992833,33.555367],[-80.98918,33.552888],[-80.987414,33.552867],[-80.986998,33.549936],[-80.98577,33.549898],[-80.985113,33.548694],[-80.982326,33.547767],[-80.982585,33.546807],[-80.979697,33.54647],[-80.978511,33.544075],[-80.977194,33.543815],[-80.976445,33.542786],[-80.976772,33.540739],[-80.975587,33.540318],[-80.975022,33.537906],[-80.972648,33.538021],[-80.970286,33.536667],[-80.96871,33.534374],[-80.966591,33.533771],[-80.963974,33.534146],[-80.961327,33.532131],[-80.959274,33.528659],[-80.958234,33.529304],[-80.957792,33.527596],[-80.956624,33.528522],[-80.956017,33.526375],[-80.953692,33.525538],[-80.951134,33.525555],[-80.950751,33.526051],[-80.949197,33.524488],[-80.948344,33.525642],[-80.947316,33.525595],[-80.946238,33.527177],[-80.944559,33.526183],[-80.945193,33.524791],[-80.942815,33.52304],[-80.942123,33.521747],[-80.939179,33.52007],[-80.934472,33.518139],[-80.933195,33.516475],[-80.930481,33.515157],[-80.930461,33.514439],[-80.928473,33.513585],[-80.926892,33.511357],[-80.922052,33.508459],[-80.920552,33.509022],[-80.920291,33.507745],[-80.919136,33.508658],[-80.919907,33.510018],[-80.919002,33.510528],[-80.917544,33.509359],[-80.917002,33.511352],[-80.915279,33.511774],[-80.91446,33.510831],[-80.90743,33.509494],[-80.90727,33.508122],[-80.906238,33.505654],[-80.905253,33.506555],[-80.905904,33.50201],[-80.904824,33.502918],[-80.903046,33.50247],[-80.903042,33.501256],[-80.901671,33.500303],[-80.898394,33.501796],[-80.894892,33.499343],[-80.893633,33.499753],[-80.890567,33.502479],[-80.890458,33.50367],[-80.88908,33.504758],[-80.887888,33.503635],[-80.884153,33.505523],[-80.882097,33.507608],[-80.877783,33.510804],[-80.877639,33.513098],[-80.880275,33.517814],[-80.883837,33.522161],[-80.882442,33.523899],[-80.882349,33.521057],[-80.87977,33.519163],[-80.877124,33.517806],[-80.873767,33.516989],[-80.866051,33.516162],[-80.856751,33.510897],[-80.856867,33.513729],[-80.858762,33.514791],[-80.856332,33.514729],[-80.856599,33.513202],[-80.855154,33.510148],[-80.853936,33.511367],[-80.8502,33.510613],[-80.851064,33.508687],[-80.839924,33.532594],[-80.837867,33.537373],[-80.834577,33.537136],[-80.833568,33.539298],[-80.832156,33.537855],[-80.830623,33.539476],[-80.828137,33.539879],[-80.824476,33.537104],[-80.820597,33.530501],[-80.818897,33.52948],[-80.814856,33.528194],[-80.812481,33.52627],[-80.814018,33.5243],[-80.798706,33.51569],[-80.79091,33.519594],[-80.796164,33.524885],[-80.799413,33.528507],[-80.80385,33.534034],[-80.802148,33.537092],[-80.797778,33.537329],[-80.794155,33.534894],[-80.780125,33.54623],[-80.779753,33.551164],[-80.781365,33.555609],[-80.781321,33.561591],[-80.783955,33.562061],[-80.784843,33.564296],[-80.778042,33.575937],[-80.777387,33.58025],[-80.775976,33.581322],[-80.801519,33.599685],[-80.804043,33.596283],[-80.805088,33.586217],[-80.813326,33.586603],[-80.814924,33.588555],[-80.807922,33.604143],[-80.824118,33.607616],[-80.826998,33.60425],[-80.835568,33.604651],[-80.836314,33.607874],[-80.835215,33.60986],[-80.880946,33.619604],[-80.88456,33.627261],[-80.890087,33.621929],[-80.893992,33.619543],[-80.901273,33.623691],[-80.903483,33.62169],[-80.908503,33.621489],[-80.911336,33.619851],[-80.916887,33.618111],[-80.917023,33.623266],[-80.91774,33.625274],[-80.92204,33.635263],[-80.915144,33.63882],[-80.912616,33.647396],[-80.910795,33.648062],[-80.911425,33.649558],[-80.914495,33.650389],[-80.919432,33.653793],[-80.920746,33.656207],[-80.924651,33.65734],[-80.925709,33.655956],[-80.931707,33.651281],[-80.937754,33.650064]]]}},{"type":"Feature","properties":{"zcta5":"29471","AFFGEOID10":"8600000US29471","GEOID10":"29471","ALAND10":108022378,"AWATER10":135242,"county_name":"Orangeburg","state_code":"SC","county_state":"Orangeburg County, SC","county_fips":"45075","risk_level_county":"Higher Risk (60–69% vaccinated)","mean_vaccination_rate_county":62.92,"risk_level_zcta":"Very High Risk (<60% vaccinated)","mean_vaccination_rate_zips":59.47,"cases":670},"geometry":{"type":"Polygon","coordinates":[[[-80.67933,33.24034],[-80.753319,33.200744],[-80.752366,33.200063],[-80.750855,33.196432],[-80.749109,33.195289],[-80.741945,33.186114],[-80.740854,33.185156],[-80.734781,33.182398],[-80.728899,33.181384],[-80.719278,33.182353],[-80.714533,33.183192],[-80.708505,33.185485],[-80.704004,33.190641],[-80.702058,33.188696],[-80.701379,33.186076],[-80.700693,33.179904],[-80.701173,33.177253],[-80.698617,33.176752],[-80.69541,33.174798],[-80.688027,33.170997],[-80.691269,33.166026],[-80.692413,33.1633],[-80.694592,33.161444],[-80.694319,33.156402],[-80.692467,33.153883],[-80.692738,33.151204],[-80.692021,33.146752],[-80.690774,33.145778],[-80.690458,33.143171],[-80.69451,33.140755],[-80.692903,33.138531],[-80.693257,33.137434],[-80.69165,33.137524],[-80.691568,33.134431],[-80.693501,33.13237],[-80.692902,33.131498],[-80.68988,33.131476],[-80.68939,33.130239],[-80.692167,33.129873],[-80.693038,33.128704],[-80.691731,33.128131],[-80.689444,33.128704],[-80.689362,33.127122],[-80.684924,33.12558],[-80.685087,33.123784],[-80.683018,33.123303],[-80.681166,33.124449],[-80.679887,33.122616],[-80.678471,33.122433],[-80.679914,33.12044],[-80.679533,33.119019],[-80.677709,33.118538],[-80.678934,33.117002],[-80.678254,33.115651],[-80.675096,33.114665],[-80.674334,33.113588],[-80.672101,33.113176],[-80.673272,33.112237],[-80.673027,33.110563],[-80.674035,33.109808],[-80.673572,33.108021],[-80.671095,33.107677],[-80.671803,33.105683],[-80.670443,33.103552],[-80.665952,33.101216],[-80.665081,33.099451],[-80.662577,33.098947],[-80.65961,33.097595],[-80.65972,33.096013],[-80.661489,33.095624],[-80.661353,33.094593],[-80.658605,33.093676],[-80.657979,33.092256],[-80.653217,33.09317],[-80.651694,33.090513],[-80.65004,33.090195],[-80.649751,33.090091],[-80.646943,33.095609],[-80.645116,33.100502],[-80.643311,33.109129],[-80.645329,33.108154],[-80.647361,33.108209],[-80.647678,33.106912],[-80.650117,33.109096],[-80.651556,33.108424],[-80.656035,33.109733],[-80.657624,33.114564],[-80.658238,33.118256],[-80.658206,33.119897],[-80.656669,33.123427],[-80.658885,33.124822],[-80.654434,33.12955],[-80.647587,33.132854],[-80.646844,33.134428],[-80.652109,33.136943],[-80.650964,33.138209],[-80.646943,33.139193],[-80.639795,33.141509],[-80.639441,33.140884],[-80.636608,33.143016],[-80.632739,33.145375],[-80.633775,33.146144],[-80.631486,33.149344],[-80.635431,33.150214],[-80.635949,33.151244],[-80.640062,33.152484],[-80.639307,33.15428],[-80.639894,33.155665],[-80.637338,33.158868],[-80.633524,33.159531],[-80.628621,33.159987],[-80.625539,33.161884],[-80.624085,33.161634],[-80.619823,33.16231],[-80.617861,33.168947],[-80.606912,33.192467],[-80.607045,33.193727],[-80.608783,33.194286],[-80.609042,33.195912],[-80.608186,33.197017],[-80.606714,33.196809],[-80.60433,33.200654],[-80.603238,33.20027],[-80.601846,33.203274],[-80.605774,33.205483],[-80.611437,33.211227],[-80.611986,33.210738],[-80.618481,33.213773],[-80.623651,33.215648],[-80.625207,33.212935],[-80.627885,33.210254],[-80.629914,33.210807],[-80.632856,33.210251],[-80.631324,33.212632],[-80.631159,33.213848],[-80.6296,33.215956],[-80.628996,33.218089],[-80.626429,33.220174],[-80.625713,33.223567],[-80.627643,33.225564],[-80.630012,33.226],[-80.631099,33.227607],[-80.630944,33.229304],[-80.632959,33.229712],[-80.635804,33.227992],[-80.636957,33.232374],[-80.638613,33.235346],[-80.633729,33.243613],[-80.639833,33.244394],[-80.649385,33.24465],[-80.655565,33.245866],[-80.655106,33.249189],[-80.653257,33.25103],[-80.654871,33.253289],[-80.666187,33.247407],[-80.67933,33.24034]]]}},{"type":"Feature","properties":{"zcta5":"29059","AFFGEOID10":"8600000US29059","GEOID10":"29059","ALAND10":287521689,"AWATER10":1364230,"county_name":"Orangeburg","state_code":"SC","county_state":"Orangeburg County, SC","county_fips":"45075","risk_level_county":"Higher Risk (60–69% vaccinated)","mean_vaccination_rate_county":62.92,"risk_level_zcta":"Higher Risk (60–69% vaccinated)","mean_vaccination_rate_zips":62.12,"cases":670},"geometry":{"type":"Polygon","coordinates":[[[-80.57413,33.375615],[-80.572129,33.375483],[-80.569632,33.372479],[-80.568131,33.370081],[-80.565264,33.369197],[-80.563299,33.367604],[-80.56098,33.36383],[-80.558576,33.362373],[-80.557703,33.361256],[-80.557485,33.357239],[-80.556993,33.355665],[-80.555273,33.353316],[-80.552406,33.353166],[-80.550413,33.349196],[-80.54509,33.348554],[-80.535619,33.346238],[-80.532383,33.344761],[-80.532208,33.343992],[-80.526231,33.341425],[-80.522901,33.341011],[-80.519653,33.342385],[-80.515531,33.343437],[-80.514439,33.342589],[-80.507861,33.342746],[-80.50456,33.340248],[-80.503088,33.33775],[-80.50279,33.334496],[-80.498468,33.330567],[-80.49574,33.326172],[-80.494669,33.323807],[-80.494129,33.321167],[-80.493882,33.315793],[-80.495344,33.304971],[-80.494731,33.300241],[-80.493962,33.297539],[-80.491738,33.29329],[-80.489229,33.289558],[-80.486121,33.28219],[-80.484578,33.280034],[-80.479263,33.277659],[-80.475608,33.274851],[-80.473335,33.273671],[-80.466619,33.271471],[-80.462284,33.270666],[-80.45349,33.270995],[-80.451683,33.270656],[-80.449498,33.269539],[-80.443599,33.264936],[-80.441158,33.262403],[-80.436172,33.260022],[-80.427092,33.257762],[-80.424457,33.257709],[-80.419996,33.258253],[-80.413293,33.25981],[-80.410246,33.260198],[-80.401436,33.262365],[-80.396309,33.264232],[-80.39421,33.264663],[-80.389827,33.264291],[-80.384448,33.261738],[-80.381974,33.261012],[-80.377665,33.260502],[-80.374816,33.260675],[-80.368265,33.25949],[-80.364302,33.258555],[-80.361851,33.257443],[-80.358254,33.255522],[-80.354942,33.252817],[-80.352818,33.250162],[-80.351892,33.24957],[-80.348407,33.248922],[-80.347213,33.245247],[-80.348385,33.243415],[-80.348684,33.241925],[-80.347919,33.23881],[-80.346446,33.235442],[-80.344318,33.234228],[-80.339741,33.238515],[-80.336419,33.242233],[-80.338395,33.244436],[-80.336059,33.247374],[-80.33069,33.248394],[-80.327485,33.244047],[-80.320222,33.249715],[-80.318335,33.252345],[-80.313379,33.253361],[-80.297882,33.241294],[-80.301032,33.238607],[-80.297059,33.233008],[-80.293467,33.233596],[-80.290801,33.235536],[-80.288499,33.23629],[-80.280543,33.237966],[-80.276682,33.238581],[-80.279051,33.246279],[-80.280141,33.247677],[-80.282349,33.248571],[-80.288962,33.249793],[-80.290385,33.251777],[-80.293529,33.253199],[-80.297248,33.256811],[-80.298947,33.259539],[-80.320664,33.254333],[-80.349886,33.274955],[-80.352167,33.277503],[-80.348927,33.278023],[-80.344645,33.277848],[-80.337659,33.275872],[-80.330125,33.272229],[-80.325598,33.269054],[-80.322264,33.266052],[-80.319963,33.264772],[-80.317203,33.264118],[-80.31474,33.264107],[-80.311594,33.264571],[-80.301943,33.267459],[-80.296004,33.269964],[-80.294481,33.271256],[-80.291687,33.276325],[-80.289268,33.279113],[-80.289569,33.281299],[-80.289025,33.283875],[-80.289627,33.284796],[-80.288157,33.289764],[-80.289415,33.291768],[-80.290181,33.294643],[-80.294772,33.298153],[-80.295372,33.301314],[-80.293243,33.305392],[-80.290732,33.306766],[-80.290486,33.308484],[-80.288603,33.310523],[-80.287647,33.314051],[-80.285762,33.318907],[-80.286743,33.321863],[-80.288271,33.323742],[-80.288188,33.325804],[-80.294519,33.329952],[-80.296183,33.33135],[-80.298694,33.332404],[-80.300604,33.334328],[-80.302356,33.334303],[-80.305516,33.336918],[-80.306307,33.33843],[-80.306362,33.340996],[-80.309719,33.345784],[-80.310919,33.348419],[-80.313185,33.350824],[-80.314441,33.350527],[-80.318511,33.351466],[-80.324393,33.350986],[-80.327933,33.351856],[-80.329755,33.352931],[-80.331911,33.353229],[-80.334997,33.356848],[-80.335352,33.357696],[-80.341277,33.360719],[-80.341932,33.36152],[-80.342971,33.366377],[-80.34459,33.369548],[-80.345826,33.370653],[-80.349306,33.367697],[-80.350201,33.364874],[-80.350225,33.361569],[-80.347918,33.357501],[-80.35063,33.357161],[-80.360539,33.36112],[-80.361629,33.362287],[-80.366434,33.369196],[-80.36963,33.373073],[-80.364147,33.377298],[-80.364362,33.378272],[-80.366924,33.382745],[-80.369276,33.385773],[-80.37207,33.384996],[-80.373156,33.385387],[-80.375616,33.389631],[-80.375824,33.390869],[-80.377394,33.393312],[-80.401435,33.393951],[-80.403627,33.393637],[-80.411777,33.39089],[-80.43714,33.383938],[-80.438719,33.387572],[-80.438024,33.392861],[-80.437121,33.396126],[-80.441101,33.398022],[-80.44176,33.394764],[-80.444957,33.389725],[-80.445695,33.38716],[-80.448073,33.384503],[-80.45139,33.383841],[-80.458151,33.384774],[-80.462724,33.38603],[-80.468685,33.385314],[-80.471379,33.385953],[-80.474808,33.385331],[-80.480415,33.387846],[-80.483545,33.387136],[-80.484464,33.392471],[-80.486136,33.394742],[-80.486064,33.395746],[-80.487649,33.399406],[-80.487359,33.403085],[-80.487747,33.405568],[-80.487509,33.408833],[-80.488576,33.413923],[-80.485654,33.414666],[-80.484564,33.418373],[-80.481976,33.418222],[-80.48154,33.419878],[-80.482649,33.422019],[-80.482749,33.424709],[-80.483379,33.424718],[-80.488641,33.414461],[-80.489415,33.417523],[-80.487915,33.421569],[-80.487249,33.424899],[-80.49117,33.424656],[-80.49701,33.424201],[-80.49994,33.422905],[-80.504256,33.419836],[-80.507118,33.424046],[-80.5099,33.42306],[-80.512294,33.423042],[-80.516622,33.421446],[-80.518876,33.419045],[-80.521595,33.416806],[-80.52349,33.412765],[-80.524223,33.413027],[-80.526988,33.411311],[-80.528548,33.413914],[-80.531493,33.414793],[-80.535468,33.414874],[-80.536062,33.41425],[-80.536768,33.413088],[-80.537162,33.407614],[-80.540141,33.40568],[-80.543541,33.40236],[-80.550081,33.398057],[-80.552735,33.399903],[-80.558132,33.395597],[-80.559334,33.396558],[-80.565308,33.39455],[-80.56735,33.392991],[-80.568309,33.389962],[-80.565331,33.3874],[-80.561949,33.383585],[-80.564688,33.381958],[-80.567482,33.378578],[-80.57413,33.375615]],[[-80.525004,33.404945],[-80.506833,33.417974],[-80.504589,33.416816],[-80.502932,33.417886],[-80.499246,33.412284],[-80.509367,33.40241],[-80.512873,33.398352],[-80.514918,33.402599],[-80.521252,33.40466],[-80.523609,33.403099],[-80.525004,33.404945]]]}},{"type":"Feature","properties":{"zcta5":"29146","AFFGEOID10":"8600000US29146","GEOID10":"29146","ALAND10":164577142,"AWATER10":368772,"county_name":"Orangeburg","state_code":"SC","county_state":"Orangeburg County, SC","county_fips":"45075","risk_level_county":"Higher Risk (60–69% vaccinated)","mean_vaccination_rate_county":62.92,"risk_level_zcta":"Higher Risk (60–69% vaccinated)","mean_vaccination_rate_zips":63.14,"cases":670},"geometry":{"type":"Polygon","coordinates":[[[-81.346984,33.568476],[-81.351821,33.56925],[-81.354085,33.569135],[-81.365651,33.567967],[-81.369413,33.567431],[-81.371572,33.565089],[-81.370342,33.564248],[-81.367978,33.558318],[-81.372897,33.55616],[-81.377696,33.555044],[-81.380724,33.554099],[-81.387829,33.552369],[-81.392183,33.552399],[-81.405211,33.553039],[-81.406823,33.552849],[-81.409251,33.551834],[-81.41127,33.553043],[-81.415252,33.553714],[-81.4189,33.555324],[-81.429094,33.557843],[-81.432421,33.557353],[-81.434512,33.557616],[-81.439039,33.558771],[-81.439296,33.550648],[-81.438705,33.547556],[-81.43907,33.545848],[-81.413567,33.535027],[-81.410839,33.534453],[-81.411091,33.532412],[-81.410271,33.53044],[-81.410519,33.526432],[-81.41189,33.522582],[-81.413257,33.522454],[-81.412113,33.520777],[-81.410268,33.520213],[-81.413273,33.520303],[-81.415747,33.517751],[-81.414119,33.516339],[-81.418071,33.513243],[-81.418837,33.509636],[-81.420705,33.507517],[-81.412864,33.505808],[-81.400485,33.502622],[-81.397735,33.502497],[-81.395899,33.501503],[-81.393384,33.503192],[-81.39202,33.503099],[-81.38896,33.500976],[-81.388508,33.499929],[-81.38644,33.500147],[-81.386468,33.498182],[-81.384309,33.496783],[-81.381274,33.496392],[-81.380919,33.495614],[-81.377857,33.494535],[-81.377064,33.495223],[-81.375779,33.494512],[-81.375835,33.492931],[-81.374415,33.49293],[-81.37451,33.490868],[-81.373494,33.49051],[-81.372931,33.490417],[-81.36947,33.489129],[-81.368076,33.489749],[-81.366216,33.487962],[-81.363838,33.488537],[-81.361185,33.487347],[-81.362005,33.486384],[-81.360965,33.485056],[-81.358504,33.484828],[-81.356591,33.485356],[-81.35618,33.484164],[-81.354896,33.485265],[-81.353911,33.484234],[-81.350958,33.484166],[-81.349017,33.484969],[-81.349017,33.483915],[-81.347541,33.484076],[-81.345517,33.482931],[-81.345735,33.481945],[-81.344231,33.480891],[-81.340213,33.481465],[-81.340158,33.480068],[-81.337889,33.481214],[-81.336604,33.48048],[-81.33428,33.480321],[-81.33428,33.481375],[-81.332448,33.480161],[-81.330234,33.48023],[-81.326762,33.481972],[-81.325833,33.481537],[-81.322525,33.482957],[-81.319189,33.480966],[-81.317221,33.481172],[-81.316182,33.480027],[-81.315088,33.480462],[-81.313311,33.4784],[-81.311175,33.478215],[-81.310493,33.479247],[-81.308771,33.478948],[-81.306202,33.479705],[-81.30571,33.480966],[-81.305082,33.47966],[-81.300079,33.479819],[-81.299505,33.479018],[-81.298493,33.480162],[-81.29688,33.479864],[-81.296416,33.478147],[-81.294557,33.476909],[-81.294421,33.47542],[-81.291468,33.474663],[-81.291195,33.472831],[-81.288872,33.471204],[-81.288954,33.470379],[-81.286166,33.469577],[-81.286714,33.46779],[-81.283898,33.468728],[-81.281712,33.467514],[-81.280126,33.468338],[-81.278541,33.466575],[-81.278104,33.465017],[-81.276875,33.464191],[-81.276001,33.462105],[-81.273241,33.460111],[-81.275072,33.460043],[-81.273515,33.458829],[-81.271191,33.459791],[-81.270919,33.458623],[-81.269197,33.458874],[-81.268268,33.457819],[-81.268979,33.456467],[-81.267422,33.45507],[-81.265482,33.454863],[-81.264717,33.452801],[-81.263269,33.453395],[-81.26327,33.451563],[-81.259935,33.452089],[-81.26092,33.450898],[-81.259444,33.450073],[-81.258542,33.451172],[-81.257805,33.449956],[-81.255974,33.449773],[-81.256494,33.448949],[-81.254308,33.447893],[-81.253735,33.446198],[-81.249826,33.444833],[-81.248868,33.445211],[-81.247774,33.443815],[-81.246271,33.443885],[-81.246325,33.442831],[-81.243646,33.442328],[-81.242908,33.441136],[-81.241405,33.4421],[-81.239847,33.441573],[-81.238181,33.442467],[-81.236814,33.441048],[-81.235476,33.442767],[-81.235585,33.442285],[-81.232552,33.442676],[-81.231265,33.440477],[-81.228533,33.440134],[-81.226866,33.440776],[-81.222219,33.440664],[-81.222673,33.44],[-81.221341,33.439012],[-81.22011,33.439493],[-81.219108,33.441079],[-81.218517,33.443856],[-81.219515,33.446762],[-81.221067,33.449176],[-81.220626,33.450413],[-81.215637,33.453403],[-81.21577,33.454964],[-81.214532,33.457277],[-81.21428,33.459318],[-81.213042,33.461769],[-81.211123,33.463002],[-81.20969,33.465612],[-81.209465,33.468342],[-81.208457,33.472121],[-81.209094,33.47373],[-81.203946,33.479295],[-81.197686,33.481724],[-81.195471,33.481747],[-81.188964,33.486306],[-81.186476,33.488391],[-81.186704,33.491123],[-81.186292,33.494506],[-81.18437,33.500151],[-81.186667,33.504095],[-81.18928,33.509608],[-81.189665,33.511768],[-81.19195,33.518282],[-81.194294,33.522143],[-81.196531,33.524977],[-81.197184,33.52724],[-81.19893,33.529044],[-81.198543,33.531398],[-81.201235,33.536964],[-81.200738,33.538915],[-81.202264,33.5405],[-81.201999,33.541755],[-81.215448,33.551376],[-81.222011,33.556671],[-81.222548,33.555391],[-81.221922,33.551553],[-81.219328,33.548587],[-81.22103,33.544748],[-81.223889,33.543386],[-81.225077,33.537614],[-81.223463,33.537843],[-81.216123,33.537594],[-81.214645,33.531331],[-81.218228,33.532328],[-81.232502,33.534554],[-81.234462,33.534441],[-81.236566,33.533343],[-81.237948,33.532814],[-81.24017,33.533059],[-81.258116,33.537515],[-81.261497,33.53691],[-81.270031,33.537165],[-81.274442,33.53709],[-81.275166,33.534468],[-81.273541,33.530727],[-81.292387,33.526462],[-81.293275,33.528293],[-81.297058,33.540139],[-81.298538,33.54138],[-81.303581,33.539506],[-81.30667,33.537818],[-81.307904,33.542836],[-81.30684,33.543093],[-81.306411,33.545472],[-81.303869,33.549732],[-81.33227,33.524744],[-81.333946,33.528951],[-81.337514,33.532617],[-81.338164,33.534494],[-81.336998,33.53819],[-81.33551,33.544387],[-81.335493,33.545464],[-81.337275,33.56113],[-81.33466,33.563632],[-81.340418,33.563382],[-81.3428,33.563951],[-81.346423,33.566977],[-81.346984,33.568476]]]}},{"type":"Feature","properties":{"zcta5":"29432","AFFGEOID10":"8600000US29432","GEOID10":"29432","ALAND10":303280686,"AWATER10":508033,"county_name":"Orangeburg","state_code":"SC","county_state":"Orangeburg County, SC","county_fips":"45075","risk_level_county":"Higher Risk (60–69% vaccinated)","mean_vaccination_rate_county":62.92,"risk_level_zcta":"Higher Risk (60–69% vaccinated)","mean_vaccination_rate_zips":65.92,"cases":670},"geometry":{"type":"Polygon","coordinates":[[[-80.956824,33.159331],[-80.956088,33.157888],[-80.953773,33.157201],[-80.952438,33.154864],[-80.95192,33.151198],[-80.947153,33.148839],[-80.944511,33.148793],[-80.943966,33.147488],[-80.941076,33.148349],[-80.939528,33.152279],[-80.938148,33.152045],[-80.928928,33.148089],[-80.925548,33.142427],[-80.925333,33.139292],[-80.924212,33.132676],[-80.923226,33.13285],[-80.915629,33.142063],[-80.914557,33.140019],[-80.913838,33.141936],[-80.914719,33.143543],[-80.914534,33.146233],[-80.915182,33.147779],[-80.914303,33.151194],[-80.911598,33.155281],[-80.909808,33.153215],[-80.907062,33.151471],[-80.90314,33.151012],[-80.900581,33.148125],[-80.900936,33.143978],[-80.900286,33.137333],[-80.897809,33.133918],[-80.897347,33.132223],[-80.89171,33.132037],[-80.887679,33.133709],[-80.885855,33.134006],[-80.885747,33.132173],[-80.884543,33.130792],[-80.797912,33.176944],[-80.795864,33.17693],[-80.790822,33.181168],[-80.790296,33.18084],[-80.789924,33.179426],[-80.791968,33.176174],[-80.788208,33.176859],[-80.786765,33.175096],[-80.784585,33.175668],[-80.784258,33.174591],[-80.782542,33.174636],[-80.781888,33.176125],[-80.779081,33.176766],[-80.776712,33.175207],[-80.776495,33.173054],[-80.77377,33.17351],[-80.772,33.171563],[-80.769657,33.172936],[-80.768486,33.172112],[-80.767015,33.172386],[-80.764997,33.174608],[-80.763336,33.173645],[-80.76342,33.170552],[-80.762167,33.170344],[-80.760041,33.172178],[-80.758243,33.170893],[-80.757289,33.171626],[-80.758923,33.173208],[-80.758677,33.174674],[-80.756335,33.173459],[-80.753474,33.174236],[-80.750424,33.172677],[-80.74611,33.174535],[-80.745564,33.173367],[-80.747498,33.172221],[-80.743736,33.16819],[-80.740385,33.168238],[-80.738315,33.169224],[-80.737417,33.17037],[-80.734452,33.17005],[-80.732458,33.169111],[-80.730904,33.166867],[-80.727254,33.165492],[-80.725292,33.163753],[-80.723112,33.16286],[-80.720878,33.161256],[-80.717391,33.159585],[-80.716601,33.161005],[-80.715457,33.160525],[-80.713195,33.156768],[-80.712568,33.153812],[-80.710715,33.153446],[-80.711261,33.15569],[-80.709736,33.15647],[-80.708945,33.154843],[-80.706658,33.154821],[-80.705105,33.153377],[-80.703062,33.152485],[-80.703143,33.151384],[-80.705649,33.150926],[-80.706166,33.149895],[-80.705267,33.147008],[-80.703006,33.144396],[-80.699084,33.144053],[-80.699928,33.142679],[-80.69451,33.140755],[-80.690458,33.143171],[-80.690774,33.145778],[-80.692021,33.146752],[-80.692738,33.151204],[-80.692467,33.153883],[-80.694319,33.156402],[-80.694592,33.161444],[-80.692413,33.1633],[-80.691269,33.166026],[-80.688027,33.170997],[-80.69541,33.174798],[-80.698617,33.176752],[-80.701173,33.177253],[-80.700693,33.179904],[-80.701379,33.186076],[-80.702058,33.188696],[-80.704004,33.190641],[-80.708505,33.185485],[-80.714533,33.183192],[-80.719278,33.182353],[-80.728899,33.181384],[-80.734781,33.182398],[-80.740854,33.185156],[-80.741945,33.186114],[-80.749109,33.195289],[-80.750855,33.196432],[-80.752366,33.200063],[-80.753319,33.200744],[-80.67933,33.24034],[-80.683904,33.242667],[-80.686701,33.243429],[-80.689095,33.244837],[-80.693066,33.244671],[-80.694676,33.247191],[-80.695513,33.251892],[-80.695558,33.255261],[-80.696076,33.256492],[-80.699223,33.259217],[-80.697747,33.265576],[-80.697518,33.267639],[-80.698215,33.271046],[-80.697389,33.275749],[-80.698547,33.280255],[-80.70065,33.285677],[-80.701848,33.287652],[-80.70713,33.285184],[-80.712629,33.284353],[-80.718518,33.291584],[-80.713616,33.291747],[-80.711625,33.29337],[-80.711271,33.297214],[-80.711982,33.2979],[-80.712283,33.300756],[-80.714153,33.300529],[-80.723116,33.297295],[-80.729377,33.304706],[-80.730787,33.306831],[-80.735742,33.316183],[-80.737172,33.316865],[-80.745868,33.309725],[-80.749816,33.309726],[-80.753006,33.310354],[-80.757062,33.310686],[-80.760418,33.313908],[-80.763237,33.318807],[-80.766787,33.315353],[-80.769085,33.314839],[-80.772318,33.312968],[-80.772665,33.311925],[-80.778206,33.313103],[-80.777564,33.316453],[-80.778428,33.320757],[-80.776347,33.324211],[-80.779507,33.325592],[-80.783681,33.326622],[-80.789844,33.329541],[-80.793576,33.33242],[-80.796269,33.333976],[-80.797767,33.335474],[-80.798774,33.332726],[-80.800797,33.330483],[-80.803922,33.330348],[-80.808505,33.33067],[-80.813906,33.33142],[-80.817886,33.331611],[-80.821084,33.329338],[-80.827049,33.330829],[-80.827229,33.333204],[-80.830048,33.333483],[-80.832717,33.335124],[-80.83799,33.335779],[-80.844002,33.335698],[-80.844058,33.33332],[-80.845682,33.330641],[-80.847044,33.32638],[-80.847409,33.317765],[-80.850316,33.31863],[-80.852971,33.320069],[-80.855214,33.319745],[-80.855758,33.316148],[-80.858814,33.314291],[-80.858402,33.310099],[-80.860666,33.309365],[-80.860092,33.30625],[-80.86039,33.302263],[-80.858834,33.301004],[-80.858641,33.298185],[-80.859541,33.297154],[-80.860358,33.293717],[-80.860385,33.291449],[-80.859129,33.289342],[-80.859018,33.286363],[-80.859783,33.284669],[-80.861591,33.283442],[-80.860701,33.281097],[-80.860899,33.279228],[-80.859162,33.277431],[-80.858226,33.274261],[-80.855533,33.270825],[-80.855955,33.267066],[-80.85851,33.265216],[-80.85834,33.263472],[-80.859994,33.260777],[-80.86206,33.259768],[-80.861724,33.257948],[-80.875402,33.259891],[-80.887879,33.260539],[-80.888346,33.259884],[-80.887906,33.258044],[-80.891089,33.256532],[-80.893699,33.254374],[-80.891559,33.252907],[-80.890003,33.251221],[-80.885193,33.248831],[-80.878746,33.245102],[-80.874517,33.24212],[-80.872325,33.240021],[-80.868832,33.237248],[-80.886796,33.231427],[-80.887534,33.229515],[-80.884347,33.224323],[-80.887816,33.2262],[-80.889325,33.22403],[-80.893901,33.219763],[-80.895047,33.2182],[-80.895959,33.21387],[-80.894647,33.21175],[-80.892672,33.209754],[-80.891671,33.206075],[-80.888456,33.201262],[-80.890547,33.200077],[-80.894733,33.19886],[-80.897726,33.19745],[-80.911287,33.192513],[-80.915789,33.190509],[-80.918318,33.188422],[-80.923214,33.185275],[-80.926219,33.184644],[-80.931774,33.185378],[-80.932746,33.185284],[-80.931742,33.183357],[-80.929788,33.175372],[-80.934341,33.175425],[-80.938608,33.174854],[-80.942332,33.17355],[-80.943961,33.172016],[-80.946184,33.168948],[-80.949853,33.167575],[-80.951833,33.165056],[-80.952834,33.162949],[-80.955714,33.161278],[-80.956824,33.159331]]]}}]}