{"type":"FeatureCollection","features":[{"type":"Feature","properties":{"zcta5":"20762","AFFGEOID10":"8600000US20762","GEOID10":"20762","ALAND10":15260553,"AWATER10":6924,"county_name":"Prince George's","state_code":"MD","county_state":"Prince George's County, MD","county_fips":"24033","risk_level_county":"Medium Risk (70–79% vaccinated)","mean_vaccination_rate_county":71.11,"risk_level_zcta":"Lowest Risk (85%+)","mean_vaccination_rate_zips":87.55,"cases":11},"geometry":{"type":"Polygon","coordinates":[[[-76.8679,38.82957],[-76.871659,38.828787],[-76.8781,38.826257],[-76.878589,38.821044],[-76.881179,38.821031],[-76.880737,38.823931],[-76.885226,38.820355],[-76.884488,38.819079],[-76.886102,38.819437],[-76.889753,38.816296],[-76.89384,38.814062],[-76.89248,38.811894],[-76.89305,38.810864],[-76.894314,38.811247],[-76.894606,38.808988],[-76.896098,38.809281],[-76.898058,38.807688],[-76.896076,38.806436],[-76.897567,38.805096],[-76.898962,38.806692],[-76.903142,38.806535],[-76.90158,38.804625],[-76.902227,38.802645],[-76.903657,38.801874],[-76.901628,38.798944],[-76.900097,38.796482],[-76.897628,38.79061],[-76.897047,38.787201],[-76.896402,38.786326],[-76.891234,38.78365],[-76.88923,38.783735],[-76.886541,38.787769],[-76.883385,38.787624],[-76.878215,38.789013],[-76.873035,38.789042],[-76.869795,38.789803],[-76.859489,38.794943],[-76.856962,38.797251],[-76.856404,38.799416],[-76.85644,38.806322],[-76.852853,38.80648],[-76.850666,38.807476],[-76.851034,38.80645],[-76.849026,38.805393],[-76.849935,38.819367],[-76.849887,38.819586],[-76.849089,38.82049],[-76.851084,38.822525],[-76.85678,38.829739],[-76.8679,38.82957]]]}},{"type":"Feature","properties":{"zcta5":"20712","AFFGEOID10":"8600000US20712","GEOID10":"20712","ALAND10":1888899,"AWATER10":12393,"county_name":"Prince George's","state_code":"MD","county_state":"Prince George's County, MD","county_fips":"24033","risk_level_county":"Medium Risk (70–79% vaccinated)","mean_vaccination_rate_county":71.11,"risk_level_zcta":"Medium Risk (70–79% vaccinated)","mean_vaccination_rate_zips":72.61,"cases":11},"geometry":{"type":"Polygon","coordinates":[[[-76.978434328903,38.9468097626112],[-76.97782630314249,38.9463397834696],[-76.958798975852,38.9316324346594],[-76.955712,38.934943],[-76.957111,38.936307],[-76.957426,38.941314],[-76.960876,38.941021],[-76.962021,38.943245],[-76.962314,38.948535],[-76.960406,38.949045],[-76.957941,38.948807],[-76.960226,38.950166],[-76.962882,38.954033],[-76.96649,38.952503],[-76.967037,38.95132],[-76.968324,38.948772],[-76.976778,38.947086],[-76.978434328903,38.9468097626112]]]}},{"type":"Feature","properties":{"zcta5":"20742","AFFGEOID10":"8600000US20742","GEOID10":"20742","ALAND10":1916204,"AWATER10":0,"county_name":"Prince George's","state_code":"MD","county_state":"Prince George's County, MD","county_fips":"24033","risk_level_county":"Medium Risk (70–79% vaccinated)","mean_vaccination_rate_county":71.11,"risk_level_zcta":"Uninhabited","mean_vaccination_rate_zips":null,"cases":11},"geometry":{"type":"Polygon","coordinates":[[[-76.956098,38.986554],[-76.955712,38.98565],[-76.951805,38.984784],[-76.948873,38.984825],[-76.946968,38.98223],[-76.945087,38.981281],[-76.945206,38.983549],[-76.942741,38.98308],[-76.941836,38.981661],[-76.93799,38.981813],[-76.936592,38.986544],[-76.935222,38.988671],[-76.936666,38.988613],[-76.940367,38.987417],[-76.940709,38.991403],[-76.939831,38.992857],[-76.94091,38.994609],[-76.94255,38.995167],[-76.941977,38.997991],[-76.943212,39.000404],[-76.946583,38.998707],[-76.949812,38.995374],[-76.956098,38.986554]]]}},{"type":"Feature","properties":{"zcta5":"20748","AFFGEOID10":"8600000US20748","GEOID10":"20748","ALAND10":23526713,"AWATER10":12156,"county_name":"Prince George's","state_code":"MD","county_state":"Prince George's County, MD","county_fips":"24033","risk_level_county":"Medium Risk (70–79% vaccinated)","mean_vaccination_rate_county":71.11,"risk_level_zcta":"Medium Risk (70–79% vaccinated)","mean_vaccination_rate_zips":70.87,"cases":11},"geometry":{"type":"MultiPolygon","coordinates":[[[[-76.923922,38.780864],[-76.924941,38.779106],[-76.924892,38.776335],[-76.927639,38.77387],[-76.927969,38.773183],[-76.932454,38.770796],[-76.934055,38.769618],[-76.932091,38.76933],[-76.926995,38.769427],[-76.926415,38.772042],[-76.924176,38.775515],[-76.92365,38.778548],[-76.923922,38.780864]]],[[[-76.9781633971698,38.8388819421955],[-76.977919,38.833776],[-76.976255,38.833552],[-76.975806,38.832648],[-76.97597,38.829263],[-76.979776,38.82887],[-76.973935,38.824883],[-76.970163,38.823562],[-76.966674,38.820214],[-76.963253,38.816033],[-76.963803,38.814624],[-76.962499,38.814413],[-76.961093,38.812797],[-76.956465,38.81479],[-76.955151,38.814507],[-76.954746,38.813778],[-76.957646,38.81077],[-76.958875,38.811105],[-76.960735,38.808631],[-76.958728,38.808236],[-76.958975,38.805131],[-76.956606,38.801234],[-76.95758,38.8041],[-76.956519,38.803646],[-76.95454,38.799919],[-76.955451,38.798427],[-76.953475,38.796466],[-76.952572,38.79762],[-76.949543,38.799236],[-76.948239,38.799338],[-76.945452,38.802262],[-76.941085,38.800417],[-76.939157,38.800123],[-76.935179,38.800473],[-76.931755,38.800286],[-76.929018,38.800917],[-76.927893,38.800316],[-76.92723,38.799074],[-76.928592,38.793326],[-76.929423,38.792894],[-76.92694,38.789894],[-76.924678,38.785907],[-76.923922,38.780864],[-76.922506,38.782491],[-76.922093,38.784551],[-76.918814,38.785908],[-76.915505,38.785951],[-76.914067,38.787096],[-76.911534,38.787442],[-76.908271,38.788552],[-76.904794,38.790713],[-76.900872,38.7895],[-76.897628,38.79061],[-76.900097,38.796482],[-76.901628,38.798944],[-76.90598,38.804782],[-76.905789,38.804961],[-76.908856,38.809415],[-76.911262,38.812295],[-76.918459,38.818863],[-76.920141,38.820128],[-76.922713,38.823503],[-76.924667,38.825641],[-76.926394,38.82681],[-76.925247,38.827722],[-76.92639,38.828037],[-76.927251,38.827149],[-76.929954,38.829676],[-76.932506,38.830744],[-76.93617,38.831602],[-76.938675,38.833957],[-76.940068,38.833888],[-76.939038,38.833589],[-76.936735,38.83173],[-76.935468,38.831249],[-76.939701,38.832309],[-76.942575,38.83458],[-76.952664,38.847654],[-76.956835,38.853603],[-76.9581401027746,38.8549465208545],[-76.9728438537977,38.8431497825041],[-76.9781633971698,38.8388819421955]]]]}},{"type":"Feature","properties":{"zcta5":"20783","AFFGEOID10":"8600000US20783","GEOID10":"20783","ALAND10":14565054,"AWATER10":25155,"county_name":"Prince George's","state_code":"MD","county_state":"Prince George's County, MD","county_fips":"24033","risk_level_county":"Medium Risk (70–79% vaccinated)","mean_vaccination_rate_county":71.11,"risk_level_zcta":"Higher Risk (60–69% vaccinated)","mean_vaccination_rate_zips":62.53,"cases":11},"geometry":{"type":"MultiPolygon","coordinates":[[[[-76.974479,39.013519],[-76.974565,39.013371],[-76.974324,39.012847],[-76.97235,39.011956],[-76.972341,39.013054],[-76.974479,39.013519]]],[[[-77.0025892201687,38.9654839197919],[-77.002498,38.96541],[-76.99736449021349,38.9614420060775],[-76.992291,38.96286],[-76.989975,38.964452],[-76.985507,38.968813],[-76.981475,38.970406],[-76.979674,38.972163],[-76.977962,38.970367],[-76.972956,38.968945],[-76.97376,38.969864],[-76.973389,38.971592],[-76.977423,38.972442],[-76.977396,38.973635],[-76.968584,38.972684],[-76.966185,38.971877],[-76.965947,38.974182],[-76.966995,38.976403],[-76.966934,38.978184],[-76.965812,38.982083],[-76.966194,38.984692],[-76.964285,38.984892],[-76.963984,38.982265],[-76.96167,38.981468],[-76.96221,38.979821],[-76.965756,38.977],[-76.962794,38.977064],[-76.960492,38.977947],[-76.960629,38.975964],[-76.957694,38.97648],[-76.958881,38.979557],[-76.956212,38.979819],[-76.953533,38.982312],[-76.951027,38.982499],[-76.951805,38.984784],[-76.955712,38.98565],[-76.956098,38.986554],[-76.956899,38.988845],[-76.956579,38.990629],[-76.957327,38.99217],[-76.961252,38.995321],[-76.962439,38.998922],[-76.965351,39.002425],[-76.960583,39.003048],[-76.957535,39.003101],[-76.954032,39.010916],[-76.952011,39.016518],[-76.951015,39.01824],[-76.949857,39.022085],[-76.948581,39.027961],[-76.947699,39.029664],[-76.945702,39.03164],[-76.943312,39.033024],[-76.946147,39.038155],[-76.94809,39.04013],[-76.948341,39.040032],[-76.952721,39.039016],[-76.95558,39.039938],[-76.957525,39.037668],[-76.960303,39.033569],[-76.962097,39.031208],[-76.965156,39.027572],[-76.971723,39.018556],[-76.969157,39.018533],[-76.964245,39.019006],[-76.964258,39.018279],[-76.96733,39.017399],[-76.969653,39.017443],[-76.969896,39.015555],[-76.96461,39.015737],[-76.965697,39.009792],[-76.966225,39.01177],[-76.967598,39.01206],[-76.967775,39.010837],[-76.970843,39.009734],[-76.972688,39.008027],[-76.975756,39.009619],[-76.974368,39.010198],[-76.976057,39.012634],[-76.980464,39.006903],[-76.976918,39.006833],[-76.977361,39.003866],[-76.980269,39.004185],[-76.979342,39.002504],[-76.98178,39.001937],[-76.982928,39.000113],[-76.987362,38.991585],[-76.989971,38.99126],[-76.989485,38.990762],[-76.987795,38.989099],[-76.984787,38.987182],[-76.98494,38.985297],[-76.985735,38.982711],[-76.985112,38.983754],[-76.98311,38.981562],[-76.982636,38.97953],[-76.981588,38.979675],[-76.980456,38.978136],[-76.985652,38.976172],[-76.987255,38.975124],[-76.989658,38.972311],[-76.992278,38.970128],[-76.996755,38.971119],[-76.998446,38.971048],[-77.0025892201687,38.9654839197919]]]]}},{"type":"Feature","properties":{"zcta5":"20705","AFFGEOID10":"8600000US20705","GEOID10":"20705","ALAND10":41126369,"AWATER10":259327,"county_name":"Prince George's","state_code":"MD","county_state":"Prince George's County, MD","county_fips":"24033","risk_level_county":"Medium Risk (70–79% vaccinated)","mean_vaccination_rate_county":71.11,"risk_level_zcta":"Medium Risk (70–79% vaccinated)","mean_vaccination_rate_zips":71.14,"cases":11},"geometry":{"type":"Polygon","coordinates":[[[-76.927756,39.076414],[-76.929078,39.071088],[-76.92929,39.066718],[-76.933457,39.066807],[-76.935883,39.066613],[-76.946497,39.052108],[-76.948996,39.049208],[-76.951772,39.045307],[-76.954602,39.044993],[-76.958206,39.043415],[-76.959579,39.044704],[-76.960716,39.042606],[-76.960603,39.039077],[-76.96143,39.035897],[-76.960303,39.033569],[-76.957525,39.037668],[-76.95558,39.039938],[-76.952721,39.039016],[-76.948341,39.040032],[-76.94809,39.04013],[-76.946147,39.038155],[-76.943312,39.033024],[-76.942668,39.031735],[-76.939304,39.034168],[-76.935596,39.033846],[-76.930023,39.034232],[-76.930302,39.031921],[-76.929626,39.02892],[-76.928729,39.029005],[-76.923334,39.026864],[-76.925311,39.024578],[-76.923426,39.023751],[-76.924464,39.022366],[-76.921443,39.02506],[-76.918087,39.023778],[-76.917337,39.025357],[-76.91229,39.023462],[-76.911195,39.021208],[-76.911481,39.017084],[-76.907844,39.014786],[-76.907832,39.014834],[-76.907649,39.015556],[-76.906164,39.021432],[-76.905757,39.023046],[-76.901405,39.023051],[-76.900571,39.020448],[-76.897509,39.016088],[-76.893435,39.018265],[-76.892699,39.017364],[-76.888316,39.017356],[-76.887412,39.016886],[-76.885748,39.018933],[-76.885868,39.021444],[-76.882459,39.022583],[-76.883819,39.028095],[-76.882265,39.027469],[-76.881513,39.030072],[-76.877999,39.03271],[-76.876019,39.031498],[-76.873523,39.031803],[-76.87499,39.027654],[-76.869698,39.026297],[-76.864852,39.026458],[-76.862147,39.023428],[-76.859928,39.022444],[-76.858523,39.019895],[-76.849925,39.016366],[-76.847838,39.020826],[-76.84772,39.03382],[-76.848453,39.033774],[-76.852251,39.033345],[-76.850328,39.037058],[-76.850829,39.037249],[-76.852594,39.038008],[-76.865681,39.044687],[-76.86492,39.04621],[-76.866009,39.047729],[-76.864126,39.048787],[-76.865415,39.051866],[-76.862436,39.054706],[-76.861302,39.054835],[-76.860959,39.055639],[-76.866081,39.056346],[-76.864351,39.060779],[-76.865098,39.061087],[-76.867394,39.069365],[-76.876693,39.068175],[-76.883051,39.063946],[-76.883778,39.063357],[-76.884737,39.066067],[-76.886071,39.067338],[-76.887877,39.070232],[-76.887189,39.072255],[-76.884679,39.075743],[-76.884609,39.076735],[-76.886102,39.077233],[-76.889593,39.080517],[-76.89173,39.0831],[-76.897174,39.085384],[-76.899685,39.084623],[-76.903102,39.081922],[-76.90868,39.080023],[-76.917638,39.080053],[-76.919433,39.080452],[-76.921017,39.075506],[-76.927756,39.076414]]]}},{"type":"Feature","properties":{"zcta5":"20601","AFFGEOID10":"8600000US20601","GEOID10":"20601","ALAND10":115649068,"AWATER10":379245,"county_name":"Prince George's","state_code":"MD","county_state":"Prince George's County, MD","county_fips":"24033","risk_level_county":"Medium Risk (70–79% vaccinated)","mean_vaccination_rate_county":71.11,"risk_level_zcta":"Medium Risk (70–79% vaccinated)","mean_vaccination_rate_zips":74.82,"cases":11},"geometry":{"type":"Polygon","coordinates":[[[-76.939201,38.678114],[-76.947726,38.674044],[-76.952584,38.672524],[-76.965487,38.673692],[-76.966942,38.674201],[-76.970401,38.67399],[-76.974692,38.672583],[-76.978202,38.670616],[-76.979549,38.670292],[-76.978901,38.668469],[-76.981507,38.667766],[-76.981534,38.669978],[-76.984032,38.669586],[-76.992377,38.669742],[-76.993066,38.668981],[-76.996698,38.669557],[-76.997321,38.667803],[-76.996078,38.663907],[-76.99495,38.662636],[-76.99659,38.660049],[-76.997825,38.656431],[-76.999059,38.655276],[-76.9983,38.654704],[-76.991308,38.657129],[-76.989446,38.656447],[-76.98472,38.657572],[-76.982563,38.655517],[-76.978165,38.652933],[-76.977938,38.652604],[-76.972134,38.652467],[-76.968753,38.651959],[-76.955625,38.648483],[-76.952239,38.648227],[-76.945832,38.64901],[-76.941147,38.648523],[-76.938814,38.647628],[-76.935579,38.645555],[-76.932259,38.642505],[-76.930296,38.642913],[-76.931191,38.644536],[-76.934492,38.646301],[-76.933934,38.648031],[-76.927381,38.647448],[-76.924841,38.643958],[-76.927144,38.642406],[-76.928726,38.639817],[-76.920156,38.631552],[-76.917613,38.629783],[-76.911715,38.627015],[-76.91,38.625836],[-76.909436,38.623604],[-76.908422,38.624556],[-76.906081,38.623146],[-76.902551,38.621778],[-76.899678,38.62009],[-76.899675,38.619061],[-76.899123,38.619747],[-76.897298,38.618969],[-76.885626,38.616182],[-76.882745,38.615085],[-76.877247,38.610663],[-76.87551,38.607997],[-76.874201,38.605064],[-76.878147,38.598674],[-76.877935,38.597457],[-76.877502,38.595653],[-76.877094,38.595312],[-76.874529,38.594049],[-76.873252,38.595689],[-76.872623,38.595503],[-76.87019,38.59436],[-76.869788,38.592029],[-76.868167,38.591569],[-76.869346,38.59071],[-76.868353,38.589613],[-76.867493,38.590693],[-76.862242,38.584657],[-76.86138,38.581409],[-76.861413,38.580866],[-76.861566,38.578404],[-76.86162,38.577567],[-76.863176,38.574843],[-76.861614,38.573734],[-76.861541,38.570761],[-76.861477,38.569078],[-76.86134,38.56713],[-76.860769,38.565566],[-76.8596,38.5641],[-76.853004,38.559755],[-76.839286,38.554252],[-76.839123,38.554442],[-76.839601,38.554631],[-76.836733,38.560309],[-76.833078,38.5588],[-76.827858,38.564784],[-76.821873,38.563051],[-76.820556,38.561209],[-76.818018,38.558943],[-76.813103,38.554423],[-76.811152,38.553669],[-76.808074,38.553595],[-76.807187,38.549968],[-76.803549,38.549406],[-76.801343,38.54848],[-76.797111,38.546005],[-76.796852,38.546587],[-76.798907,38.549813],[-76.799598,38.553568],[-76.797777,38.551174],[-76.795774,38.549599],[-76.79427,38.549162],[-76.792528,38.549157],[-76.778604,38.5512],[-76.775869,38.55225],[-76.768614,38.557365],[-76.766859,38.559545],[-76.764279,38.561333],[-76.759162,38.562143],[-76.756787,38.562995],[-76.760496,38.565102],[-76.761077,38.568577],[-76.76287,38.569674],[-76.768047,38.587032],[-76.768042,38.590433],[-76.770091,38.592877],[-76.772047,38.593549],[-76.765385,38.597706],[-76.771361,38.597932],[-76.772047,38.605532],[-76.770249,38.607055],[-76.771739,38.609394],[-76.778516,38.615173],[-76.786499,38.620115],[-76.786803,38.626604],[-76.786583,38.630444],[-76.835235,38.648349],[-76.836363,38.648837],[-76.842026,38.651025],[-76.862955,38.658649],[-76.864412,38.658091],[-76.866367,38.658877],[-76.868928,38.657936],[-76.871568,38.65888],[-76.873797,38.658269],[-76.87599,38.658332],[-76.878956,38.659004],[-76.882269,38.656962],[-76.886026,38.657619],[-76.889246,38.656817],[-76.890443,38.654968],[-76.894461,38.655226],[-76.89515,38.654594],[-76.898345,38.654613],[-76.901273,38.652344],[-76.903359,38.652515],[-76.904705,38.651561],[-76.908992,38.652271],[-76.911093,38.652908],[-76.913516,38.652928],[-76.913423,38.655001],[-76.914242,38.657507],[-76.915394,38.659373],[-76.915015,38.660323],[-76.916555,38.663223],[-76.918148,38.663602],[-76.924824,38.663446],[-76.927494,38.664513],[-76.928302,38.665847],[-76.928885,38.668735],[-76.931537,38.670218],[-76.934949,38.67019],[-76.936584,38.672593],[-76.939201,38.678114]]]}},{"type":"Feature","properties":{"zcta5":"20708","AFFGEOID10":"8600000US20708","GEOID10":"20708","ALAND10":36138187,"AWATER10":784564,"county_name":"Prince George's","state_code":"MD","county_state":"Prince George's County, MD","county_fips":"24033","risk_level_county":"Medium Risk (70–79% vaccinated)","mean_vaccination_rate_county":71.11,"risk_level_zcta":"Higher Risk (60–69% vaccinated)","mean_vaccination_rate_zips":67.39,"cases":11},"geometry":{"type":"Polygon","coordinates":[[[-76.876693,39.068175],[-76.867394,39.069365],[-76.865098,39.061087],[-76.864351,39.060779],[-76.866081,39.056346],[-76.860959,39.055639],[-76.861302,39.054835],[-76.862436,39.054706],[-76.865415,39.051866],[-76.864126,39.048787],[-76.866009,39.047729],[-76.86492,39.04621],[-76.865681,39.044687],[-76.852594,39.038008],[-76.850829,39.037249],[-76.850328,39.037058],[-76.852251,39.033345],[-76.848453,39.033774],[-76.84772,39.03382],[-76.846585,39.033862],[-76.84477,39.033847],[-76.841207,39.033406],[-76.841097,39.032822],[-76.835155,39.026831],[-76.832946,39.025344],[-76.83108,39.022133],[-76.829306,39.020359],[-76.823927,39.016696],[-76.822959,39.015241],[-76.819949,39.012261],[-76.815061,39.010552],[-76.811274,39.008248],[-76.810362,39.006941],[-76.807423,39.005198],[-76.805255,39.006277],[-76.802781,39.009355],[-76.795386,39.010699],[-76.789463,39.010359],[-76.783417,39.010656],[-76.783542,39.009797],[-76.78182,39.009883],[-76.781885,39.010709],[-76.782124,39.013768],[-76.783051,39.015541],[-76.784373,39.018194],[-76.785789,39.022707],[-76.789306,39.022096],[-76.789927,39.023549],[-76.786963,39.024126],[-76.786892,39.025608],[-76.789892,39.028408],[-76.788657,39.029195],[-76.788648,39.031176],[-76.787646,39.031917],[-76.790259,39.032439],[-76.789386,39.033176],[-76.787277,39.032947],[-76.790633,39.034928],[-76.786692,39.037323],[-76.787231,39.038546],[-76.783323,39.042146],[-76.786768,39.042765],[-76.787755,39.043532],[-76.790118,39.043501],[-76.788748,39.045025],[-76.792621,39.04618],[-76.793854,39.052072],[-76.795709,39.054574],[-76.800749,39.05539],[-76.801692,39.056399],[-76.802031,39.059354],[-76.803941,39.062446],[-76.808066,39.061229],[-76.810537,39.060922],[-76.813168,39.062281],[-76.814993,39.061767],[-76.816205,39.062623],[-76.817263,39.061774],[-76.819591,39.062466],[-76.821203,39.063539],[-76.822326,39.063338],[-76.826494,39.065695],[-76.827501,39.06572],[-76.828971,39.064441],[-76.829161,39.065717],[-76.831424,39.069034],[-76.833304,39.069378],[-76.835616,39.067919],[-76.83739,39.07015],[-76.837724,39.071802],[-76.838083,39.073586],[-76.836539,39.073581],[-76.832719,39.075943],[-76.834762,39.082584],[-76.832375,39.085766],[-76.832878,39.086364],[-76.839429,39.091152],[-76.845661,39.093744],[-76.847427,39.095304],[-76.853114,39.084993],[-76.854532,39.083113],[-76.857179,39.081095],[-76.876693,39.068175]]]}},{"type":"Feature","properties":{"zcta5":"20735","AFFGEOID10":"8600000US20735","GEOID10":"20735","ALAND10":67182703,"AWATER10":283246,"county_name":"Prince George's","state_code":"MD","county_state":"Prince George's County, MD","county_fips":"24033","risk_level_county":"Medium Risk (70–79% vaccinated)","mean_vaccination_rate_county":71.11,"risk_level_zcta":"Medium Risk (70–79% vaccinated)","mean_vaccination_rate_zips":74.89,"cases":11},"geometry":{"type":"Polygon","coordinates":[[[-76.98599,38.698683],[-76.98571,38.696696],[-76.985728,38.695491],[-76.984666,38.695348],[-76.98356,38.695476],[-76.982842,38.695753],[-76.981054,38.695561],[-76.980547,38.695059],[-76.980142,38.695063],[-76.979279,38.694695],[-76.97869,38.693798],[-76.978707,38.693338],[-76.97777,38.692885],[-76.976628,38.694658],[-76.973535,38.697144],[-76.968793,38.698281],[-76.967888,38.699623],[-76.967219,38.700935],[-76.966619,38.703028],[-76.966789,38.702997],[-76.966023,38.70556],[-76.963805,38.706717],[-76.959863,38.70793],[-76.957059,38.707305],[-76.953906,38.708205],[-76.952446,38.707531],[-76.950994,38.705878],[-76.94881,38.706138],[-76.947766,38.707994],[-76.946128,38.707329],[-76.94391,38.707416],[-76.944216,38.706268],[-76.94381,38.706329],[-76.943537,38.706353],[-76.943252,38.706418],[-76.938659,38.70783],[-76.937122,38.708625],[-76.938014,38.710256],[-76.936574,38.710305],[-76.932898,38.711673],[-76.92996,38.714009],[-76.926953,38.714967],[-76.920865,38.715171],[-76.919595,38.717914],[-76.917695,38.720214],[-76.910094,38.720914],[-76.900798,38.727967],[-76.897564,38.728817],[-76.896148,38.728012],[-76.893746,38.7274],[-76.891925,38.72991],[-76.887873,38.731093],[-76.887725,38.731452],[-76.881511,38.731249],[-76.880417,38.731241],[-76.880008,38.731394],[-76.87929,38.731378],[-76.878466,38.732117],[-76.877941,38.732497],[-76.877212,38.732576],[-76.876504,38.732437],[-76.875951,38.732501],[-76.875609,38.732326],[-76.870181,38.73414],[-76.861038,38.735311],[-76.85999,38.736473],[-76.856283,38.738008],[-76.854703,38.739958],[-76.852891,38.741148],[-76.846539,38.746196],[-76.846003,38.746386],[-76.844656,38.748295],[-76.844405,38.750823],[-76.843189,38.752964],[-76.841933,38.754322],[-76.841236,38.75701],[-76.841447,38.76012],[-76.843215,38.763991],[-76.842396,38.764299],[-76.842181,38.767371],[-76.84129,38.769721],[-76.842173,38.77184],[-76.840994,38.774079],[-76.839191,38.774584],[-76.83766,38.776257],[-76.838972,38.778109],[-76.839724,38.780421],[-76.842705,38.784799],[-76.845871,38.786257],[-76.848435,38.785978],[-76.855057,38.783878],[-76.857243,38.783934],[-76.859591,38.784762],[-76.861177,38.786592],[-76.864354,38.788379],[-76.857206,38.789166],[-76.857055,38.796282],[-76.851814,38.798076],[-76.853794,38.801263],[-76.853518,38.80324],[-76.852413,38.804398],[-76.851625,38.806761],[-76.851034,38.80645],[-76.850666,38.807476],[-76.852853,38.80648],[-76.85644,38.806322],[-76.856404,38.799416],[-76.856962,38.797251],[-76.859489,38.794943],[-76.869795,38.789803],[-76.873035,38.789042],[-76.878215,38.789013],[-76.883385,38.787624],[-76.886541,38.787769],[-76.88923,38.783735],[-76.891234,38.78365],[-76.896402,38.786326],[-76.897047,38.787201],[-76.897628,38.79061],[-76.900872,38.7895],[-76.904794,38.790713],[-76.908271,38.788552],[-76.911534,38.787442],[-76.914067,38.787096],[-76.915505,38.785951],[-76.918814,38.785908],[-76.922093,38.784551],[-76.922506,38.782491],[-76.923922,38.780864],[-76.92365,38.778548],[-76.924176,38.775515],[-76.926415,38.772042],[-76.926995,38.769427],[-76.932091,38.76933],[-76.934055,38.769618],[-76.938595,38.766096],[-76.940271,38.761618],[-76.93988,38.759741],[-76.942091,38.758737],[-76.944675,38.75684],[-76.947063,38.756251],[-76.950642,38.752349],[-76.95111,38.750983],[-76.952821,38.75009],[-76.952987,38.748551],[-76.954163,38.747521],[-76.957045,38.746317],[-76.959161,38.744771],[-76.95992,38.74304],[-76.961302,38.742207],[-76.963855,38.741994],[-76.963699,38.741416],[-76.965134,38.738674],[-76.966588,38.738561],[-76.968588,38.737324],[-76.968053,38.735056],[-76.970538,38.734878],[-76.970104,38.733505],[-76.968409,38.732381],[-76.970011,38.728831],[-76.974432,38.729247],[-76.973212,38.726089],[-76.974475,38.721603],[-76.97384,38.71682],[-76.970842,38.713993],[-76.970782,38.713165],[-76.971539,38.706726],[-76.971058,38.704757],[-76.972243,38.703411],[-76.975564,38.70326],[-76.976958,38.701726],[-76.977445,38.699248],[-76.979176,38.69824],[-76.980872,38.69782],[-76.985509,38.699408],[-76.98599,38.698683]]]}},{"type":"Feature","properties":{"zcta5":"20706","AFFGEOID10":"8600000US20706","GEOID10":"20706","ALAND10":26786675,"AWATER10":128248,"county_name":"Prince George's","state_code":"MD","county_state":"Prince George's County, MD","county_fips":"24033","risk_level_county":"Medium Risk (70–79% vaccinated)","mean_vaccination_rate_county":71.11,"risk_level_zcta":"Medium Risk (70–79% vaccinated)","mean_vaccination_rate_zips":76.59,"cases":11},"geometry":{"type":"MultiPolygon","coordinates":[[[[-76.865382,38.956203],[-76.864894,38.956852],[-76.862056,38.952089],[-76.857198,38.942856],[-76.856038,38.939447],[-76.86176,38.935871],[-76.862883,38.937673],[-76.865332,38.938739],[-76.868795,38.939573],[-76.869533,38.94022],[-76.87226,38.936899],[-76.877181,38.936515],[-76.877994,38.935069],[-76.876136,38.932071],[-76.873581,38.932031],[-76.870194,38.930855],[-76.874283,38.926408],[-76.872219,38.925333],[-76.87217,38.926728],[-76.870411,38.927425],[-76.869773,38.928933],[-76.865578,38.927375],[-76.86406,38.929174],[-76.862579,38.928713],[-76.862494,38.92671],[-76.863318,38.923793],[-76.858547,38.923166],[-76.858377,38.924149],[-76.859346,38.92898],[-76.854459,38.928235],[-76.853693,38.923611],[-76.851855,38.917333],[-76.849129,38.917365],[-76.846848,38.916959],[-76.843535,38.919053],[-76.842754,38.918072],[-76.841355,38.918961],[-76.843655,38.921037],[-76.843859,38.923709],[-76.845492,38.93061],[-76.849676,38.930692],[-76.852953,38.931165],[-76.853185,38.933705],[-76.85502,38.932968],[-76.855037,38.933103],[-76.85683,38.932398],[-76.859649,38.9321],[-76.859246,38.933778],[-76.856771,38.936216],[-76.85543,38.936462],[-76.85601,38.939334],[-76.844586,38.946693],[-76.839075,38.947108],[-76.835058,38.947335],[-76.825702,38.947121],[-76.826473,38.950577],[-76.829415,38.955534],[-76.825387,38.958044],[-76.822387,38.956543],[-76.820478,38.956313],[-76.82032,38.957892],[-76.821592,38.960863],[-76.8181,38.963316],[-76.813543,38.962342],[-76.810668,38.966046],[-76.810557,38.969799],[-76.813492,38.969809],[-76.814767,38.973611],[-76.817346,38.973589],[-76.817325,38.972706],[-76.819993,38.972662],[-76.819865,38.967201],[-76.823044,38.968388],[-76.823665,38.967589],[-76.826386,38.966675],[-76.826628,38.967881],[-76.82476,38.969756],[-76.824921,38.971979],[-76.823417,38.974698],[-76.825454,38.977367],[-76.8235,38.977738],[-76.822685,38.978999],[-76.823646,38.983472],[-76.823106,38.985121],[-76.8197,38.987254],[-76.820764,38.988452],[-76.818036,38.988316],[-76.820683,38.989538],[-76.820833,38.994386],[-76.821529,38.995229],[-76.824569,38.996182],[-76.829053,38.99853],[-76.832403,38.996192],[-76.835571,38.996653],[-76.838442,38.996593],[-76.839061,38.9962],[-76.836902,38.994896],[-76.835994,38.990913],[-76.84293,38.992134],[-76.848795,38.990846],[-76.852858,38.991043],[-76.852908,38.989782],[-76.856343,38.989534],[-76.855574,38.988614],[-76.856765,38.987843],[-76.858754,38.990785],[-76.859375,38.988179],[-76.860902,38.986012],[-76.864159,38.986227],[-76.866492,38.985002],[-76.866578,38.980554],[-76.870873,38.979552],[-76.873537,38.978248],[-76.869789,38.97312],[-76.867924,38.966727],[-76.865269,38.968269],[-76.865153,38.965059],[-76.864429,38.96511],[-76.864536,38.964136],[-76.865177,38.963985],[-76.865293,38.962809],[-76.86598,38.962548],[-76.866942,38.962871],[-76.866253,38.960192],[-76.866037,38.959659],[-76.86786,38.958473],[-76.866797,38.957102],[-76.86809,38.955425],[-76.865382,38.956203]]],[[[-76.892822,38.966781],[-76.895784,38.965077],[-76.896502,38.96519],[-76.897016,38.963329],[-76.895983,38.96316],[-76.894697,38.960731],[-76.893741,38.960243],[-76.888952,38.955563],[-76.884396,38.955757],[-76.87936,38.952572],[-76.878623,38.952793],[-76.880245,38.954985],[-76.884278,38.957394],[-76.883433,38.958448],[-76.883221,38.960166],[-76.882163,38.960764],[-76.88404,38.963475],[-76.884304,38.965893],[-76.888035,38.967374],[-76.890234,38.967403],[-76.892822,38.966781]]],[[[-76.893504,38.982236],[-76.894303,38.979065],[-76.895018,38.977696],[-76.899087,38.972509],[-76.893413,38.972291],[-76.890795,38.972657],[-76.888816,38.969427],[-76.886739,38.971218],[-76.888664,38.973359],[-76.886568,38.974632],[-76.881706,38.975445],[-76.879605,38.976606],[-76.874709,38.977627],[-76.873537,38.978248],[-76.878347,38.983824],[-76.886112,38.991894],[-76.889187,38.989447],[-76.891373,38.987145],[-76.89256,38.985302],[-76.893504,38.982236]]]]}},{"type":"Feature","properties":{"zcta5":"20743","AFFGEOID10":"8600000US20743","GEOID10":"20743","ALAND10":25187510,"AWATER10":7879,"county_name":"Prince George's","state_code":"MD","county_state":"Prince George's County, MD","county_fips":"24033","risk_level_county":"Medium Risk (70–79% vaccinated)","mean_vaccination_rate_county":71.11,"risk_level_zcta":"Higher Risk (60–69% vaccinated)","mean_vaccination_rate_zips":69.64,"cases":11},"geometry":{"type":"Polygon","coordinates":[[[-76.94670196738439,38.8636564003058],[-76.942663,38.862743],[-76.940391,38.862968],[-76.932873,38.86496],[-76.928222,38.865812],[-76.924859,38.864728],[-76.923977,38.865209],[-76.922097,38.864131],[-76.920058,38.866064],[-76.91843,38.865602],[-76.916808,38.866547],[-76.91592,38.865098],[-76.91274,38.86694],[-76.911829,38.864944],[-76.909248,38.864717],[-76.907328,38.865411],[-76.905121,38.865087],[-76.900678,38.862901],[-76.894868,38.864259],[-76.892688,38.865768],[-76.891484,38.868411],[-76.888761,38.870305],[-76.884091,38.871753],[-76.880771,38.874323],[-76.877133,38.875564],[-76.86518,38.875887],[-76.860013,38.874708],[-76.857871,38.871],[-76.857517,38.868628],[-76.855501,38.869615],[-76.854479,38.868851],[-76.852408,38.868905],[-76.851312,38.869859],[-76.849462,38.869193],[-76.844661,38.868914],[-76.850715,38.859434],[-76.852898,38.857147],[-76.850263,38.8552],[-76.847399,38.854915],[-76.845422,38.855344],[-76.844339,38.856083],[-76.842122,38.860048],[-76.83914,38.862431],[-76.838369,38.867156],[-76.843245,38.868706],[-76.844258,38.868918],[-76.843644,38.870687],[-76.843876,38.871834],[-76.8442,38.883738],[-76.847344,38.892164],[-76.853679,38.890716],[-76.870429,38.889118],[-76.877269,38.88868],[-76.87862,38.894083],[-76.879804,38.895966],[-76.88191,38.896903],[-76.88439,38.900902],[-76.886728,38.902136],[-76.88868,38.902303],[-76.891056,38.900893],[-76.895296,38.903611],[-76.898534,38.908225],[-76.901952,38.907467],[-76.905231,38.910829],[-76.906418,38.913382],[-76.908812,38.915237],[-76.908036,38.914336],[-76.910507,38.912788],[-76.911701,38.909626],[-76.912313,38.905608],[-76.914794,38.905272],[-76.915805,38.909566],[-76.915175,38.910008],[-76.91793,38.911765],[-76.919586,38.911576],[-76.926284,38.912178],[-76.924697,38.91323],[-76.923558,38.916882],[-76.926624,38.917385],[-76.933011,38.918927],[-76.933499,38.917479],[-76.932575,38.916531],[-76.9396372341427,38.9168211889795],[-76.935096,38.913311],[-76.931724405319,38.9106218315098],[-76.909395,38.892812],[-76.910795,38.891712],[-76.919295,38.885112],[-76.920195,38.884412],[-76.93949014374229,38.869303433495595],[-76.9400122493246,38.8688946121353],[-76.9420436211645,38.8673039986136],[-76.94670196738439,38.8636564003058]]]}},{"type":"Feature","properties":{"zcta5":"20607","AFFGEOID10":"8600000US20607","GEOID10":"20607","ALAND10":54389823,"AWATER10":442401,"county_name":"Prince George's","state_code":"MD","county_state":"Prince George's County, MD","county_fips":"24033","risk_level_county":"Medium Risk (70–79% vaccinated)","mean_vaccination_rate_county":71.11,"risk_level_zcta":"Medium Risk (70–79% vaccinated)","mean_vaccination_rate_zips":75.9,"cases":11},"geometry":{"type":"Polygon","coordinates":[[[-77.077027,38.690168],[-77.079711,38.688362],[-77.080523,38.68925],[-77.085008,38.677435],[-77.075836,38.669486],[-77.072912,38.66727],[-77.068443,38.667347],[-77.064499,38.657116],[-77.058598,38.641416],[-77.057875,38.639674],[-77.05581,38.635614],[-77.055731,38.635481],[-77.055684,38.635085],[-77.050198,38.620717],[-77.04781,38.616171],[-77.045976,38.618784],[-77.04625,38.619872],[-77.043097,38.622498],[-77.039997,38.625964],[-77.03934,38.628797],[-77.03844,38.629595],[-77.034241,38.631719],[-77.032487,38.632107],[-77.031249,38.633215],[-77.028737,38.63367],[-77.027013,38.635004],[-77.026348,38.638597],[-77.024798,38.640477],[-77.022372,38.64206],[-77.02113,38.645126],[-77.021116,38.646444],[-77.018742,38.648511],[-77.013218,38.650636],[-77.012084,38.650674],[-77.011028,38.651975],[-77.009075,38.652465],[-77.006792,38.652305],[-77.005249,38.65274],[-77.004918,38.653676],[-77.00366,38.653317],[-77.002106,38.654719],[-76.999282,38.654156],[-76.9983,38.654704],[-76.999059,38.655276],[-76.997825,38.656431],[-76.99659,38.660049],[-76.99495,38.662636],[-76.996078,38.663907],[-76.997321,38.667803],[-76.996698,38.669557],[-76.993066,38.668981],[-76.992377,38.669742],[-76.984032,38.669586],[-76.981534,38.669978],[-76.981507,38.667766],[-76.978901,38.668469],[-76.979549,38.670292],[-76.978202,38.670616],[-76.974692,38.672583],[-76.970401,38.67399],[-76.966942,38.674201],[-76.965487,38.673692],[-76.952584,38.672524],[-76.947726,38.674044],[-76.939201,38.678114],[-76.941064,38.679413],[-76.94241,38.682802],[-76.944292,38.685104],[-76.943188,38.686158],[-76.940847,38.692683],[-76.938741,38.69404],[-76.942118,38.695406],[-76.946477,38.697749],[-76.947764,38.697989],[-76.95092,38.698659],[-76.953147,38.699593],[-76.953663,38.699992],[-76.955326,38.703026],[-76.956392,38.704353],[-76.966619,38.703028],[-76.967219,38.700935],[-76.967888,38.699623],[-76.968793,38.698281],[-76.973535,38.697144],[-76.976628,38.694658],[-76.97777,38.692885],[-76.978707,38.693338],[-76.97869,38.693798],[-76.979279,38.694695],[-76.980142,38.695063],[-76.980547,38.695059],[-76.981054,38.695561],[-76.982842,38.695753],[-76.98356,38.695476],[-76.984666,38.695348],[-76.985728,38.695491],[-76.98571,38.696696],[-76.98599,38.698683],[-76.986822,38.698641],[-76.989041,38.696172],[-76.990957,38.695395],[-76.994113,38.697662],[-77.000261,38.696444],[-77.001359,38.69702],[-77.004446,38.696373],[-77.004569,38.693264],[-77.005661,38.694367],[-77.007585,38.69383],[-77.010174,38.691543],[-77.011989,38.692145],[-77.013501,38.694459],[-77.017037,38.695446],[-77.021126,38.695247],[-77.022248,38.694786],[-77.021838,38.693805],[-77.022966,38.693291],[-77.024698,38.694035],[-77.026113,38.695684],[-77.026843,38.694087],[-77.028614,38.694581],[-77.029232,38.693795],[-77.030304,38.694543],[-77.031014,38.693526],[-77.032646,38.694047],[-77.034037,38.695257],[-77.033897,38.696064],[-77.036695,38.69525],[-77.037883,38.696275],[-77.043387,38.696839],[-77.045121,38.699043],[-77.043997,38.701422],[-77.043688,38.699998],[-77.043057,38.701707],[-77.044614,38.702023],[-77.046664,38.701385],[-77.04989,38.69896],[-77.053057,38.694949],[-77.054775,38.693861],[-77.056805,38.694557],[-77.057563,38.695544],[-77.060457,38.695854],[-77.062184,38.69527],[-77.06655,38.695913],[-77.068778,38.69541],[-77.072328,38.693426],[-77.077027,38.690168]]]}},{"type":"Feature","properties":{"zcta5":"20781","AFFGEOID10":"8600000US20781","GEOID10":"20781","ALAND10":6300190,"AWATER10":206625,"county_name":"Prince George's","state_code":"MD","county_state":"Prince George's County, MD","county_fips":"24033","risk_level_county":"Medium Risk (70–79% vaccinated)","mean_vaccination_rate_county":71.11,"risk_level_zcta":"Higher Risk (60–69% vaccinated)","mean_vaccination_rate_zips":65,"cases":11},"geometry":{"type":"Polygon","coordinates":[[[-76.942611,38.965869],[-76.943895,38.966108],[-76.947083,38.966291],[-76.946816,38.964711],[-76.948106,38.963982],[-76.946388,38.961326],[-76.948258,38.961556],[-76.947896,38.959689],[-76.946612,38.958629],[-76.949914,38.958235],[-76.954792,38.960094],[-76.954911,38.958742],[-76.952775,38.955204],[-76.954763,38.953261],[-76.956372,38.948976],[-76.953624,38.948651],[-76.947441,38.945624],[-76.945116,38.943987],[-76.944535,38.942405],[-76.944301,38.939453],[-76.940616,38.936426],[-76.93944,38.933269],[-76.938507,38.922754],[-76.940231,38.919932],[-76.9419204562069,38.918586026615294],[-76.9396372341427,38.9168211889795],[-76.932575,38.916531],[-76.933499,38.917479],[-76.933011,38.918927],[-76.926624,38.917385],[-76.923558,38.916882],[-76.924697,38.91323],[-76.919717,38.915648],[-76.915185,38.917109],[-76.91711,38.917533],[-76.920723,38.91676],[-76.921379,38.918568],[-76.923535,38.917201],[-76.924555,38.920089],[-76.929471,38.925489],[-76.927956,38.927514],[-76.930804,38.929767],[-76.930909,38.933479],[-76.933582,38.933036],[-76.934408,38.933925],[-76.936265,38.93298],[-76.938214,38.936473],[-76.940814,38.937173],[-76.943303,38.939128],[-76.942832,38.942316],[-76.94161,38.945048],[-76.939381,38.945925],[-76.933648,38.943655],[-76.930535,38.946501],[-76.929358,38.945445],[-76.931065,38.944066],[-76.923873,38.944457],[-76.923229,38.945276],[-76.920701,38.944319],[-76.919688,38.944793],[-76.917565,38.948011],[-76.91452,38.950318],[-76.915626,38.951782],[-76.916783,38.951181],[-76.918956,38.95237],[-76.918997,38.953764],[-76.921102,38.953917],[-76.921709,38.95305],[-76.9234,38.953405],[-76.923075,38.955301],[-76.923975,38.95547],[-76.924587,38.953974],[-76.928509,38.955412],[-76.930526,38.952424],[-76.931675,38.951515],[-76.934117,38.951565],[-76.935776,38.957634],[-76.937157,38.957641],[-76.935131,38.962599],[-76.937742,38.959832],[-76.93722,38.958446],[-76.939966,38.95845],[-76.939547,38.961524],[-76.942811,38.961419],[-76.942611,38.965869]]]}},{"type":"Feature","properties":{"zcta5":"20772","AFFGEOID10":"8600000US20772","GEOID10":"20772","ALAND10":185247748,"AWATER10":3655614,"county_name":"Prince George's","state_code":"MD","county_state":"Prince George's County, MD","county_fips":"24033","risk_level_county":"Medium Risk (70–79% vaccinated)","mean_vaccination_rate_county":71.11,"risk_level_zcta":"Medium Risk (70–79% vaccinated)","mean_vaccination_rate_zips":75.12,"cases":11},"geometry":{"type":"Polygon","coordinates":[[[-76.866866,38.83994],[-76.872146,38.832549],[-76.87386,38.830698],[-76.867969,38.829938],[-76.8679,38.82957],[-76.85678,38.829739],[-76.851084,38.822525],[-76.849089,38.82049],[-76.849887,38.819586],[-76.849935,38.819367],[-76.849026,38.805393],[-76.851034,38.80645],[-76.851625,38.806761],[-76.852413,38.804398],[-76.853518,38.80324],[-76.853794,38.801263],[-76.851814,38.798076],[-76.857055,38.796282],[-76.857206,38.789166],[-76.864354,38.788379],[-76.861177,38.786592],[-76.859591,38.784762],[-76.857243,38.783934],[-76.855057,38.783878],[-76.848435,38.785978],[-76.845871,38.786257],[-76.842705,38.784799],[-76.839724,38.780421],[-76.838972,38.778109],[-76.83766,38.776257],[-76.839191,38.774584],[-76.840994,38.774079],[-76.842173,38.77184],[-76.84129,38.769721],[-76.842181,38.767371],[-76.842396,38.764299],[-76.843215,38.763991],[-76.841447,38.76012],[-76.841236,38.75701],[-76.841933,38.754322],[-76.843189,38.752964],[-76.840424,38.754032],[-76.837588,38.753357],[-76.832544,38.753348],[-76.830249,38.751768],[-76.82705,38.750291],[-76.824343,38.750335],[-76.822255,38.749099],[-76.820135,38.746928],[-76.816777,38.74605],[-76.816955,38.745342],[-76.820058,38.745695],[-76.822275,38.747275],[-76.819735,38.742907],[-76.821564,38.741741],[-76.819576,38.740936],[-76.820773,38.739577],[-76.825831,38.735444],[-76.829503,38.732522],[-76.826973,38.733393],[-76.825909,38.731815],[-76.824326,38.734343],[-76.82203,38.735154],[-76.818307,38.731578],[-76.814888,38.729885],[-76.812507,38.73057],[-76.811333,38.729788],[-76.805331,38.72855],[-76.795758,38.723274],[-76.794645,38.719836],[-76.793071,38.719495],[-76.789992,38.720088],[-76.789738,38.720965],[-76.786168,38.721798],[-76.782418,38.721648],[-76.780067,38.723315],[-76.779202,38.718362],[-76.777044,38.717189],[-76.777806,38.712216],[-76.773442,38.712324],[-76.770512,38.711077],[-76.769176,38.709876],[-76.767436,38.709436],[-76.766824,38.70802],[-76.764612,38.70845],[-76.765254,38.706813],[-76.752868,38.70139],[-76.747053,38.693181],[-76.742733,38.69209],[-76.74003,38.690659],[-76.735848,38.690286],[-76.735341,38.690961],[-76.729399,38.691669],[-76.7264,38.690772],[-76.724376,38.692026],[-76.722654,38.692278],[-76.71782,38.692167],[-76.715485,38.691047],[-76.713999,38.68937],[-76.711242,38.689287],[-76.708685,38.689733],[-76.70784,38.690396],[-76.708027,38.692209],[-76.70715,38.69249],[-76.706216,38.690834],[-76.70275,38.694546],[-76.702712,38.69581],[-76.70013,38.698299],[-76.695626,38.700475],[-76.697828,38.703597],[-76.701603,38.706597],[-76.702286,38.709148],[-76.700997,38.709244],[-76.70196,38.710864],[-76.701208,38.712755],[-76.699145,38.715681],[-76.693589,38.724761],[-76.6937,38.72707],[-76.695555,38.731544],[-76.695706,38.733175],[-76.694996,38.735075],[-76.693841,38.735911],[-76.687009,38.735897],[-76.684844,38.736749],[-76.684018,38.738348],[-76.684839,38.743757],[-76.684866,38.746927],[-76.686358,38.748475],[-76.690224,38.748905],[-76.694377,38.748883],[-76.696374,38.749426],[-76.697547,38.750462],[-76.6995,38.754121],[-76.699545,38.759345],[-76.700078,38.766189],[-76.700947,38.768747],[-76.708192,38.773157],[-76.712548,38.77491],[-76.714017,38.776896],[-76.714317,38.778226],[-76.71439,38.780761],[-76.713214,38.783383],[-76.712251,38.784356],[-76.706145,38.785665],[-76.703708,38.786839],[-76.702085,38.788478],[-76.70254,38.790397],[-76.706588,38.792707],[-76.710116,38.796003],[-76.710676,38.79843],[-76.708403,38.803114],[-76.708065,38.804867],[-76.708907,38.806474],[-76.711457,38.809022],[-76.712165,38.810935],[-76.712067,38.814002],[-76.710639,38.815694],[-76.708117,38.816423],[-76.70687,38.815732],[-76.703839,38.815133],[-76.701775,38.815538],[-76.697826,38.817948],[-76.696965,38.818784],[-76.696371,38.822724],[-76.697522,38.825694],[-76.697807,38.828779],[-76.69936,38.832779],[-76.699011,38.834101],[-76.699569,38.838274],[-76.697503,38.844786],[-76.696549,38.847164],[-76.693647,38.849716],[-76.691169,38.854401],[-76.697758,38.8564],[-76.698561,38.859261],[-76.699679,38.860995],[-76.700913,38.861795],[-76.70428,38.862544],[-76.705469,38.864371],[-76.707826,38.864577],[-76.70876,38.863897],[-76.713849,38.866297],[-76.715744,38.865881],[-76.719661,38.866583],[-76.722908,38.86571],[-76.725221,38.859504],[-76.725813,38.856862],[-76.72695,38.843948],[-76.727722,38.841043],[-76.730059,38.836264],[-76.730956,38.832358],[-76.731824,38.830439],[-76.734803,38.826192],[-76.736394,38.826767],[-76.739491,38.826324],[-76.742227,38.826879],[-76.7445,38.830679],[-76.744733,38.832269],[-76.747245,38.834662],[-76.746627,38.835132],[-76.747282,38.837118],[-76.746755,38.839396],[-76.743732,38.841756],[-76.745303,38.845266],[-76.745217,38.846234],[-76.746775,38.84724],[-76.746729,38.849525],[-76.75004,38.849969],[-76.750838,38.851167],[-76.748646,38.852457],[-76.75019,38.852587],[-76.751062,38.853706],[-76.751078,38.855734],[-76.752386,38.853021],[-76.755154,38.853686],[-76.760084,38.853062],[-76.760821,38.851916],[-76.76001,38.850756],[-76.761289,38.849362],[-76.763076,38.849861],[-76.76514,38.847182],[-76.76729,38.848698],[-76.769879,38.851827],[-76.77685,38.849198],[-76.77668,38.845389],[-76.773597,38.843471],[-76.77343,38.840894],[-76.771967,38.839634],[-76.775241,38.839621],[-76.77681,38.839164],[-76.778652,38.84162],[-76.782528,38.842171],[-76.7842,38.843023],[-76.785841,38.842112],[-76.788978,38.84261],[-76.798436,38.843152],[-76.799759,38.842254],[-76.80243,38.842404],[-76.806972,38.841053],[-76.808034,38.839961],[-76.80827,38.84038],[-76.812555,38.845896],[-76.8164,38.846336],[-76.81801,38.845368],[-76.823475,38.84504],[-76.829805,38.847631],[-76.831554,38.846996],[-76.832605,38.847267],[-76.833039,38.847279],[-76.834491,38.847042],[-76.834812,38.846943],[-76.835519,38.846593],[-76.83607,38.846429],[-76.839052,38.84657],[-76.839774,38.846499],[-76.840481,38.846293],[-76.844094,38.84463],[-76.846772,38.844243],[-76.845194,38.842287],[-76.841478,38.837911],[-76.837558,38.834729],[-76.834736,38.834024],[-76.837983,38.832875],[-76.839146,38.830826],[-76.841353,38.830391],[-76.842834,38.83187],[-76.844348,38.83221],[-76.845655,38.83361],[-76.849312,38.83423],[-76.850413,38.83106],[-76.856764,38.83088],[-76.858447,38.835392],[-76.859951,38.836919],[-76.866866,38.83994]]]}},{"type":"Feature","properties":{"zcta5":"20747","AFFGEOID10":"8600000US20747","GEOID10":"20747","ALAND10":19800095,"AWATER10":5037,"county_name":"Prince George's","state_code":"MD","county_state":"Prince George's County, MD","county_fips":"24033","risk_level_county":"Medium Risk (70–79% vaccinated)","mean_vaccination_rate_county":71.11,"risk_level_zcta":"Higher Risk (60–69% vaccinated)","mean_vaccination_rate_zips":65.89,"cases":11},"geometry":{"type":"Polygon","coordinates":[[[-76.852898,38.857147],[-76.850715,38.859434],[-76.844661,38.868914],[-76.849462,38.869193],[-76.851312,38.869859],[-76.852408,38.868905],[-76.854479,38.868851],[-76.855501,38.869615],[-76.857517,38.868628],[-76.857871,38.871],[-76.860013,38.874708],[-76.86518,38.875887],[-76.877133,38.875564],[-76.880771,38.874323],[-76.884091,38.871753],[-76.888761,38.870305],[-76.891484,38.868411],[-76.892688,38.865768],[-76.894868,38.864259],[-76.900678,38.862901],[-76.905121,38.865087],[-76.907328,38.865411],[-76.909248,38.864717],[-76.911829,38.864944],[-76.91274,38.86694],[-76.91592,38.865098],[-76.916808,38.866547],[-76.91843,38.865602],[-76.920058,38.866064],[-76.922097,38.864131],[-76.916835,38.862451],[-76.917128,38.86145],[-76.918858,38.860243],[-76.917345,38.858977],[-76.916535,38.857017],[-76.91668,38.85566],[-76.918617,38.855164],[-76.918762,38.851869],[-76.91757,38.848747],[-76.915083,38.848032],[-76.915716,38.845857],[-76.911109,38.846401],[-76.911661,38.844714],[-76.913992,38.844167],[-76.915332,38.842509],[-76.914691,38.840334],[-76.913773,38.839297],[-76.909846,38.839093],[-76.904947,38.837444],[-76.902596,38.835738],[-76.899257,38.836211],[-76.894296,38.836208],[-76.890121,38.835497],[-76.886455,38.83445],[-76.880788,38.832411],[-76.87386,38.830698],[-76.872146,38.832549],[-76.866866,38.83994],[-76.862808,38.845583],[-76.858882,38.851986],[-76.852898,38.857147]]]}},{"type":"Feature","properties":{"zcta5":"20774","AFFGEOID10":"8600000US20774","GEOID10":"20774","ALAND10":89939371,"AWATER10":485768,"county_name":"Prince George's","state_code":"MD","county_state":"Prince George's County, MD","county_fips":"24033","risk_level_county":"Medium Risk (70–79% vaccinated)","mean_vaccination_rate_county":71.11,"risk_level_zcta":"Medium Risk (70–79% vaccinated)","mean_vaccination_rate_zips":72.83,"cases":11},"geometry":{"type":"MultiPolygon","coordinates":[[[[-76.839075,38.947108],[-76.844586,38.946693],[-76.85601,38.939334],[-76.85543,38.936462],[-76.855037,38.933103],[-76.85502,38.932968],[-76.853185,38.933705],[-76.852953,38.931165],[-76.849676,38.930692],[-76.845492,38.93061],[-76.840226,38.92933],[-76.839584,38.928313],[-76.837878,38.929598],[-76.835742,38.927943],[-76.835088,38.928943],[-76.832107,38.927441],[-76.830113,38.925772],[-76.826242,38.926744],[-76.823381,38.928166],[-76.823667,38.928941],[-76.826978,38.932399],[-76.829741,38.932617],[-76.830718,38.933964],[-76.833225,38.935867],[-76.835881,38.938707],[-76.838502,38.943585],[-76.839958,38.944912],[-76.839075,38.947108]]],[[[-76.852898,38.857147],[-76.858882,38.851986],[-76.862808,38.845583],[-76.866866,38.83994],[-76.859951,38.836919],[-76.858447,38.835392],[-76.856764,38.83088],[-76.850413,38.83106],[-76.849312,38.83423],[-76.845655,38.83361],[-76.844348,38.83221],[-76.842834,38.83187],[-76.841353,38.830391],[-76.839146,38.830826],[-76.837983,38.832875],[-76.834736,38.834024],[-76.837558,38.834729],[-76.841478,38.837911],[-76.845194,38.842287],[-76.846772,38.844243],[-76.844094,38.84463],[-76.840481,38.846293],[-76.839774,38.846499],[-76.839052,38.84657],[-76.83607,38.846429],[-76.835519,38.846593],[-76.834812,38.846943],[-76.834491,38.847042],[-76.833039,38.847279],[-76.832605,38.847267],[-76.831554,38.846996],[-76.829805,38.847631],[-76.823475,38.84504],[-76.81801,38.845368],[-76.8164,38.846336],[-76.812555,38.845896],[-76.80827,38.84038],[-76.808034,38.839961],[-76.806972,38.841053],[-76.80243,38.842404],[-76.799759,38.842254],[-76.798436,38.843152],[-76.788978,38.84261],[-76.785841,38.842112],[-76.7842,38.843023],[-76.782528,38.842171],[-76.778652,38.84162],[-76.77681,38.839164],[-76.775241,38.839621],[-76.771967,38.839634],[-76.77343,38.840894],[-76.773597,38.843471],[-76.77668,38.845389],[-76.77685,38.849198],[-76.769879,38.851827],[-76.76729,38.848698],[-76.76514,38.847182],[-76.763076,38.849861],[-76.761289,38.849362],[-76.76001,38.850756],[-76.760821,38.851916],[-76.760084,38.853062],[-76.755154,38.853686],[-76.752386,38.853021],[-76.751078,38.855734],[-76.751062,38.853706],[-76.75019,38.852587],[-76.748646,38.852457],[-76.750838,38.851167],[-76.75004,38.849969],[-76.746729,38.849525],[-76.746775,38.84724],[-76.745217,38.846234],[-76.745303,38.845266],[-76.743732,38.841756],[-76.746755,38.839396],[-76.747282,38.837118],[-76.746627,38.835132],[-76.747245,38.834662],[-76.744733,38.832269],[-76.7445,38.830679],[-76.742227,38.826879],[-76.739491,38.826324],[-76.736394,38.826767],[-76.734803,38.826192],[-76.731824,38.830439],[-76.730956,38.832358],[-76.730059,38.836264],[-76.727722,38.841043],[-76.72695,38.843948],[-76.725813,38.856862],[-76.725221,38.859504],[-76.722908,38.86571],[-76.719661,38.866583],[-76.715744,38.865881],[-76.713849,38.866297],[-76.70876,38.863897],[-76.707826,38.864577],[-76.705469,38.864371],[-76.70428,38.862544],[-76.700913,38.861795],[-76.699679,38.860995],[-76.698561,38.859261],[-76.697758,38.8564],[-76.691169,38.854401],[-76.691033,38.855508],[-76.692182,38.858109],[-76.691869,38.859212],[-76.688101,38.864557],[-76.683162,38.866721],[-76.680654,38.870571],[-76.680656,38.872279],[-76.67826,38.873509],[-76.676336,38.876948],[-76.676145,38.880011],[-76.67541,38.881734],[-76.675898,38.88367],[-76.675237,38.885665],[-76.672145,38.886627],[-76.671786,38.887568],[-76.673218,38.888497],[-76.676301,38.89191],[-76.676276,38.895163],[-76.676259,38.895949],[-76.673024,38.898797],[-76.671505,38.899419],[-76.671236,38.90172],[-76.669515,38.904426],[-76.670606,38.907376],[-76.672871,38.907363],[-76.67664,38.906147],[-76.691581,38.902744],[-76.71028,38.897941],[-76.711602,38.897759],[-76.713442,38.897754],[-76.714929,38.897939],[-76.723395,38.899644],[-76.735977,38.901002],[-76.736053,38.900781],[-76.739983,38.88915],[-76.747908,38.889924],[-76.756023,38.890979],[-76.757361,38.891372],[-76.75817,38.901993],[-76.78001,38.900472],[-76.783336,38.900459],[-76.787393,38.900899],[-76.790508,38.900843],[-76.795912,38.899449],[-76.802807,38.898813],[-76.809086,38.897562],[-76.810969,38.897504],[-76.820684,38.899014],[-76.827547,38.899211],[-76.831997,38.898325],[-76.835276,38.908649],[-76.836753,38.911029],[-76.838669,38.912833],[-76.843195,38.915361],[-76.846848,38.916959],[-76.849129,38.917365],[-76.851855,38.917333],[-76.849836,38.910487],[-76.849804,38.907804],[-76.850635,38.903763],[-76.850537,38.900673],[-76.847344,38.892164],[-76.8442,38.883738],[-76.843876,38.871834],[-76.843644,38.870687],[-76.844258,38.868918],[-76.843245,38.868706],[-76.838369,38.867156],[-76.83914,38.862431],[-76.842122,38.860048],[-76.844339,38.856083],[-76.845422,38.855344],[-76.847399,38.854915],[-76.850263,38.8552],[-76.852898,38.857147]]]]}},{"type":"Feature","properties":{"zcta5":"20710","AFFGEOID10":"8600000US20710","GEOID10":"20710","ALAND10":2860419,"AWATER10":6160,"county_name":"Prince George's","state_code":"MD","county_state":"Prince George's County, MD","county_fips":"24033","risk_level_county":"Medium Risk (70–79% vaccinated)","mean_vaccination_rate_county":71.11,"risk_level_zcta":"Medium Risk (70–79% vaccinated)","mean_vaccination_rate_zips":70.25,"cases":11},"geometry":{"type":"Polygon","coordinates":[[[-76.915626,38.951782],[-76.91452,38.950318],[-76.917565,38.948011],[-76.919688,38.944793],[-76.920701,38.944319],[-76.923229,38.945276],[-76.923873,38.944457],[-76.931065,38.944066],[-76.929358,38.945445],[-76.930535,38.946501],[-76.933648,38.943655],[-76.939381,38.945925],[-76.94161,38.945048],[-76.942832,38.942316],[-76.943303,38.939128],[-76.940814,38.937173],[-76.938214,38.936473],[-76.936265,38.93298],[-76.934408,38.933925],[-76.933582,38.933036],[-76.930909,38.933479],[-76.93065,38.934917],[-76.927353,38.934484],[-76.927906,38.936241],[-76.924299,38.936313],[-76.924355,38.937396],[-76.928514,38.937534],[-76.9287,38.939448],[-76.923259,38.937867],[-76.921973,38.939089],[-76.917154,38.939551],[-76.914357,38.939158],[-76.911418,38.942228],[-76.910335,38.944162],[-76.909802,38.946567],[-76.910047,38.950412],[-76.909422,38.953109],[-76.915593,38.952843],[-76.915626,38.951782]]]}},{"type":"Feature","properties":{"zcta5":"20715","AFFGEOID10":"8600000US20715","GEOID10":"20715","ALAND10":37643197,"AWATER10":169223,"county_name":"Prince George's","state_code":"MD","county_state":"Prince George's County, MD","county_fips":"24033","risk_level_county":"Medium Risk (70–79% vaccinated)","mean_vaccination_rate_county":71.11,"risk_level_zcta":"Lower Risk (80–84% vaccinated)","mean_vaccination_rate_zips":83.93,"cases":11},"geometry":{"type":"Polygon","coordinates":[[[-76.761312,39.035379],[-76.76174,39.034894],[-76.765514,39.03386],[-76.768345,39.029801],[-76.771129,39.02578],[-76.769414,39.021568],[-76.767705,39.021378],[-76.764729,39.01886],[-76.76616,39.017823],[-76.765392,39.01727],[-76.773046,39.011159],[-76.783913,39.004956],[-76.782612,39.005373],[-76.781605,39.002817],[-76.780153,39.002846],[-76.78004,38.998929],[-76.779332,38.997287],[-76.775258,38.995409],[-76.774564,38.993245],[-76.774103,38.992915],[-76.771301,38.98822],[-76.76343,38.979794],[-76.760221,38.974606],[-76.751826,38.955644],[-76.750822,38.950643],[-76.745245,38.952844],[-76.743327,38.953094],[-76.728173,38.953561],[-76.724522,38.953863],[-76.71828,38.955043],[-76.715207,38.955377],[-76.693912,38.955845],[-76.694168,38.956782],[-76.695526,38.95848],[-76.696018,38.959971],[-76.698979,38.962676],[-76.698759,38.966237],[-76.699019,38.966805],[-76.699214,38.96737],[-76.699423,38.969058],[-76.702286,38.970131],[-76.703745,38.971525],[-76.703747,38.973147],[-76.703008,38.973277],[-76.701627,38.973846],[-76.701032,38.976262],[-76.702445,38.97696],[-76.702459,38.979474],[-76.698867,38.981211],[-76.698041,38.983197],[-76.703743,38.987601],[-76.704577,38.988041],[-76.705594,38.988841],[-76.706119,38.99039],[-76.708695,38.99199],[-76.7089,38.993413],[-76.711602,38.99543],[-76.713134,38.994836],[-76.716346,38.997425],[-76.717292,38.997456],[-76.721271,38.999711],[-76.725615,38.998949],[-76.725962,39.000108],[-76.724006,39.004404],[-76.725463,39.005925],[-76.727749,39.00725],[-76.730401,39.006465],[-76.733287,39.007083],[-76.734509,39.007775],[-76.736439,39.010856],[-76.738111,39.012542],[-76.740379,39.012868],[-76.740853,39.014601],[-76.744517,39.01712],[-76.742784,39.02047],[-76.74313,39.023699],[-76.74589,39.028192],[-76.749921,39.030003],[-76.750005,39.031362],[-76.747649,39.033418],[-76.751258,39.034714],[-76.75369,39.036934],[-76.755314,39.037176],[-76.755575,39.037599],[-76.75865,39.037086],[-76.75939,39.036502],[-76.761312,39.035379]]]}},{"type":"Feature","properties":{"zcta5":"20716","AFFGEOID10":"8600000US20716","GEOID10":"20716","ALAND10":29901996,"AWATER10":164714,"county_name":"Prince George's","state_code":"MD","county_state":"Prince George's County, MD","county_fips":"24033","risk_level_county":"Medium Risk (70–79% vaccinated)","mean_vaccination_rate_county":71.11,"risk_level_zcta":"Medium Risk (70–79% vaccinated)","mean_vaccination_rate_zips":75.49,"cases":11},"geometry":{"type":"Polygon","coordinates":[[[-76.750822,38.950643],[-76.750728,38.946546],[-76.750156,38.943199],[-76.748455,38.936304],[-76.742507,38.924177],[-76.737194,38.907847],[-76.739382,38.908068],[-76.737806,38.903696],[-76.735645,38.902379],[-76.735977,38.901002],[-76.723395,38.899644],[-76.714929,38.897939],[-76.713442,38.897754],[-76.711602,38.897759],[-76.71028,38.897941],[-76.691581,38.902744],[-76.67664,38.906147],[-76.672871,38.907363],[-76.674933,38.909026],[-76.676816,38.909312],[-76.678518,38.910539],[-76.678056,38.914194],[-76.679371,38.916513],[-76.680898,38.91691],[-76.682806,38.918951],[-76.684002,38.919096],[-76.685117,38.917997],[-76.686508,38.918163],[-76.687183,38.919464],[-76.690592,38.923456],[-76.690533,38.924763],[-76.685628,38.925561],[-76.683125,38.926296],[-76.681376,38.92935],[-76.681798,38.931924],[-76.683327,38.931919],[-76.68528,38.932817],[-76.688895,38.933545],[-76.691156,38.934858],[-76.692439,38.93725],[-76.691088,38.939867],[-76.691174,38.941575],[-76.69348,38.944225],[-76.695433,38.948217],[-76.694063,38.949657],[-76.693286,38.951416],[-76.693227,38.952241],[-76.693928,38.955589],[-76.693912,38.955845],[-76.715207,38.955377],[-76.71828,38.955043],[-76.724522,38.953863],[-76.728173,38.953561],[-76.743327,38.953094],[-76.745245,38.952844],[-76.750822,38.950643]]]}},{"type":"Feature","properties":{"zcta5":"20746","AFFGEOID10":"8600000US20746","GEOID10":"20746","ALAND10":20393851,"AWATER10":49001,"county_name":"Prince George's","state_code":"MD","county_state":"Prince George's County, MD","county_fips":"24033","risk_level_county":"Medium Risk (70–79% vaccinated)","mean_vaccination_rate_county":71.11,"risk_level_zcta":"Higher Risk (60–69% vaccinated)","mean_vaccination_rate_zips":69.02,"cases":11},"geometry":{"type":"Polygon","coordinates":[[[-76.9581401027746,38.8549465208545],[-76.956835,38.853603],[-76.952664,38.847654],[-76.942575,38.83458],[-76.939701,38.832309],[-76.935468,38.831249],[-76.936735,38.83173],[-76.939038,38.833589],[-76.940068,38.833888],[-76.938675,38.833957],[-76.93617,38.831602],[-76.932506,38.830744],[-76.929954,38.829676],[-76.927251,38.827149],[-76.92639,38.828037],[-76.925247,38.827722],[-76.926394,38.82681],[-76.924667,38.825641],[-76.922713,38.823503],[-76.920141,38.820128],[-76.918459,38.818863],[-76.911262,38.812295],[-76.908856,38.809415],[-76.905789,38.804961],[-76.90598,38.804782],[-76.901628,38.798944],[-76.903657,38.801874],[-76.902227,38.802645],[-76.90158,38.804625],[-76.903142,38.806535],[-76.898962,38.806692],[-76.897567,38.805096],[-76.896076,38.806436],[-76.898058,38.807688],[-76.896098,38.809281],[-76.894606,38.808988],[-76.894314,38.811247],[-76.89305,38.810864],[-76.89248,38.811894],[-76.89384,38.814062],[-76.889753,38.816296],[-76.886102,38.819437],[-76.884488,38.819079],[-76.885226,38.820355],[-76.880737,38.823931],[-76.881179,38.821031],[-76.878589,38.821044],[-76.8781,38.826257],[-76.871659,38.828787],[-76.8679,38.82957],[-76.867969,38.829938],[-76.87386,38.830698],[-76.880788,38.832411],[-76.886455,38.83445],[-76.890121,38.835497],[-76.894296,38.836208],[-76.899257,38.836211],[-76.902596,38.835738],[-76.904947,38.837444],[-76.909846,38.839093],[-76.913773,38.839297],[-76.914691,38.840334],[-76.915332,38.842509],[-76.913992,38.844167],[-76.911661,38.844714],[-76.911109,38.846401],[-76.915716,38.845857],[-76.915083,38.848032],[-76.91757,38.848747],[-76.918762,38.851869],[-76.918617,38.855164],[-76.91668,38.85566],[-76.916535,38.857017],[-76.917345,38.858977],[-76.918858,38.860243],[-76.917128,38.86145],[-76.916835,38.862451],[-76.922097,38.864131],[-76.923977,38.865209],[-76.924859,38.864728],[-76.928222,38.865812],[-76.932873,38.86496],[-76.940391,38.862968],[-76.942663,38.862743],[-76.94670196738439,38.8636564003058],[-76.949696,38.861312],[-76.953696,38.858512],[-76.9581401027746,38.8549465208545]]]}},{"type":"Feature","properties":{"zcta5":"20707","AFFGEOID10":"8600000US20707","GEOID10":"20707","ALAND10":28855255,"AWATER10":466154,"county_name":"Prince George's","state_code":"MD","county_state":"Prince George's County, MD","county_fips":"24033","risk_level_county":"Medium Risk (70–79% vaccinated)","mean_vaccination_rate_county":71.11,"risk_level_zcta":"Medium Risk (70–79% vaccinated)","mean_vaccination_rate_zips":75.19,"cases":11},"geometry":{"type":"Polygon","coordinates":[[[-76.928677,39.076723],[-76.927756,39.076414],[-76.921017,39.075506],[-76.919433,39.080452],[-76.917638,39.080053],[-76.90868,39.080023],[-76.903102,39.081922],[-76.899685,39.084623],[-76.897174,39.085384],[-76.89173,39.0831],[-76.889593,39.080517],[-76.886102,39.077233],[-76.884609,39.076735],[-76.884679,39.075743],[-76.887189,39.072255],[-76.887877,39.070232],[-76.886071,39.067338],[-76.884737,39.066067],[-76.883778,39.063357],[-76.883051,39.063946],[-76.876693,39.068175],[-76.857179,39.081095],[-76.854532,39.083113],[-76.853114,39.084993],[-76.847427,39.095304],[-76.845661,39.093744],[-76.839429,39.091152],[-76.832878,39.086364],[-76.832375,39.085766],[-76.829976,39.087069],[-76.827097,39.090152],[-76.827727,39.092221],[-76.827392,39.093269],[-76.827838,39.094626],[-76.829121,39.095535],[-76.830089,39.094793],[-76.83245,39.096037],[-76.83417,39.095888],[-76.835485,39.096782],[-76.837684,39.097082],[-76.837433,39.099571],[-76.837799,39.100948],[-76.840362,39.103142],[-76.84159,39.105861],[-76.845579,39.107819],[-76.84747,39.108019],[-76.849084,39.109097],[-76.850918,39.108921],[-76.856552,39.110726],[-76.86121,39.110691],[-76.862733,39.110309],[-76.863851,39.110917],[-76.870109,39.112712],[-76.870735,39.113937],[-76.872986,39.114714],[-76.875433,39.116957],[-76.877896,39.120507],[-76.881896,39.124907],[-76.884358,39.126964],[-76.885656,39.131292],[-76.888505,39.130967],[-76.889425,39.131033],[-76.895022,39.127729],[-76.902833,39.125562],[-76.907301,39.12549],[-76.905737,39.124807],[-76.906145,39.12336],[-76.909919,39.119686],[-76.912696,39.118495],[-76.914764,39.118335],[-76.916595,39.113239],[-76.916302,39.112495],[-76.91037,39.106135],[-76.910804,39.105426],[-76.909082,39.104204],[-76.910455,39.103176],[-76.909809,39.102479],[-76.914296,39.096307],[-76.917583,39.091273],[-76.928677,39.076723]]]}},{"type":"Feature","properties":{"zcta5":"20740","AFFGEOID10":"8600000US20740","GEOID10":"20740","ALAND10":20609662,"AWATER10":245126,"county_name":"Prince George's","state_code":"MD","county_state":"Prince George's County, MD","county_fips":"24033","risk_level_county":"Medium Risk (70–79% vaccinated)","mean_vaccination_rate_county":71.11,"risk_level_zcta":"Medium Risk (70–79% vaccinated)","mean_vaccination_rate_zips":76.04,"cases":11},"geometry":{"type":"Polygon","coordinates":[[[-76.943312,39.033024],[-76.945702,39.03164],[-76.947699,39.029664],[-76.948581,39.027961],[-76.949857,39.022085],[-76.951015,39.01824],[-76.952011,39.016518],[-76.954032,39.010916],[-76.957535,39.003101],[-76.960583,39.003048],[-76.965351,39.002425],[-76.962439,38.998922],[-76.961252,38.995321],[-76.957327,38.99217],[-76.956579,38.990629],[-76.956899,38.988845],[-76.956098,38.986554],[-76.949812,38.995374],[-76.946583,38.998707],[-76.943212,39.000404],[-76.941977,38.997991],[-76.94255,38.995167],[-76.94091,38.994609],[-76.939831,38.992857],[-76.940709,38.991403],[-76.940367,38.987417],[-76.936666,38.988613],[-76.935222,38.988671],[-76.936592,38.986544],[-76.93799,38.981813],[-76.941836,38.981661],[-76.942741,38.98308],[-76.945206,38.983549],[-76.945087,38.981281],[-76.946968,38.98223],[-76.946603,38.981404],[-76.944542,38.980472],[-76.944769,38.980032],[-76.937939,38.976962],[-76.937975,38.973005],[-76.938034,38.971982],[-76.931384,38.971651],[-76.928691,38.978149],[-76.927494,38.980993],[-76.926697,38.97859],[-76.925275,38.977308],[-76.92608,38.975429],[-76.919335,38.975018],[-76.916859,38.972741],[-76.915144,38.972167],[-76.913436,38.973526],[-76.912366,38.97607],[-76.911824,38.979448],[-76.909363,38.981882],[-76.903559,38.982638],[-76.902395,38.983209],[-76.903705,38.987546],[-76.901989,38.990647],[-76.897615,38.992405],[-76.898484,38.993028],[-76.903505,38.993018],[-76.900602,38.995952],[-76.90201,38.996134],[-76.902503,38.996292],[-76.917149,38.9987],[-76.914545,39.000365],[-76.914653,39.001308],[-76.915642,39.00049],[-76.917515,39.000592],[-76.91788,38.999372],[-76.919866,38.999304],[-76.918236,39.00271],[-76.914989,39.007285],[-76.909856,39.013166],[-76.907922,39.014476],[-76.907844,39.014786],[-76.911481,39.017084],[-76.911195,39.021208],[-76.91229,39.023462],[-76.917337,39.025357],[-76.918087,39.023778],[-76.921443,39.02506],[-76.924464,39.022366],[-76.923426,39.023751],[-76.925311,39.024578],[-76.923334,39.026864],[-76.928729,39.029005],[-76.929626,39.02892],[-76.930302,39.031921],[-76.930023,39.034232],[-76.935596,39.033846],[-76.939304,39.034168],[-76.942668,39.031735],[-76.943312,39.033024]]]}},{"type":"Feature","properties":{"zcta5":"20785","AFFGEOID10":"8600000US20785","GEOID10":"20785","ALAND10":25601880,"AWATER10":43907,"county_name":"Prince George's","state_code":"MD","county_state":"Prince George's County, MD","county_fips":"24033","risk_level_county":"Medium Risk (70–79% vaccinated)","mean_vaccination_rate_county":71.11,"risk_level_zcta":"Higher Risk (60–69% vaccinated)","mean_vaccination_rate_zips":67.21,"cases":11},"geometry":{"type":"MultiPolygon","coordinates":[[[[-76.85543,38.936462],[-76.856771,38.936216],[-76.859246,38.933778],[-76.859649,38.9321],[-76.85683,38.932398],[-76.855037,38.933103],[-76.85543,38.936462]]],[[[-76.927956,38.927514],[-76.929471,38.925489],[-76.924555,38.920089],[-76.923535,38.917201],[-76.921379,38.918568],[-76.920723,38.91676],[-76.91711,38.917533],[-76.915185,38.917109],[-76.919717,38.915648],[-76.924697,38.91323],[-76.926284,38.912178],[-76.919586,38.911576],[-76.91793,38.911765],[-76.915175,38.910008],[-76.915805,38.909566],[-76.914794,38.905272],[-76.912313,38.905608],[-76.911701,38.909626],[-76.910507,38.912788],[-76.908036,38.914336],[-76.908812,38.915237],[-76.906418,38.913382],[-76.905231,38.910829],[-76.901952,38.907467],[-76.898534,38.908225],[-76.895296,38.903611],[-76.891056,38.900893],[-76.88868,38.902303],[-76.886728,38.902136],[-76.88439,38.900902],[-76.88191,38.896903],[-76.879804,38.895966],[-76.87862,38.894083],[-76.877269,38.88868],[-76.870429,38.889118],[-76.853679,38.890716],[-76.847344,38.892164],[-76.850537,38.900673],[-76.850635,38.903763],[-76.849804,38.907804],[-76.849836,38.910487],[-76.851855,38.917333],[-76.853693,38.923611],[-76.854459,38.928235],[-76.859346,38.92898],[-76.858377,38.924149],[-76.858547,38.923166],[-76.863318,38.923793],[-76.862494,38.92671],[-76.862579,38.928713],[-76.86406,38.929174],[-76.865578,38.927375],[-76.869773,38.928933],[-76.870411,38.927425],[-76.87217,38.926728],[-76.872219,38.925333],[-76.874283,38.926408],[-76.870194,38.930855],[-76.873581,38.932031],[-76.876136,38.932071],[-76.877994,38.935069],[-76.877181,38.936515],[-76.87226,38.936899],[-76.869533,38.94022],[-76.868795,38.939573],[-76.865332,38.938739],[-76.862883,38.937673],[-76.86176,38.935871],[-76.856038,38.939447],[-76.857198,38.942856],[-76.862056,38.952089],[-76.864894,38.956852],[-76.865382,38.956203],[-76.869521,38.950699],[-76.876337,38.944422],[-76.879346,38.941917],[-76.880027,38.941458],[-76.880831,38.943433],[-76.88237,38.9426],[-76.885599,38.938492],[-76.897604,38.930543],[-76.900347,38.9317],[-76.899236,38.932572],[-76.903976,38.933841],[-76.908852,38.933503],[-76.909717,38.93583],[-76.911234,38.935216],[-76.910313,38.933723],[-76.914203,38.934273],[-76.917023,38.935238],[-76.919313,38.933659],[-76.92289,38.932201],[-76.925794,38.930272],[-76.927956,38.927514]]]]}},{"type":"Feature","properties":{"zcta5":"20608","AFFGEOID10":"8600000US20608","GEOID10":"20608","ALAND10":45581670,"AWATER10":5330326,"county_name":"Prince George's","state_code":"MD","county_state":"Prince George's County, MD","county_fips":"24033","risk_level_county":"Medium Risk (70–79% vaccinated)","mean_vaccination_rate_county":71.11,"risk_level_zcta":"Higher Risk (60–69% vaccinated)","mean_vaccination_rate_zips":69.15,"cases":11},"geometry":{"type":"Polygon","coordinates":[[[-76.672613,38.617985],[-76.674144,38.617933],[-76.679134,38.625502],[-76.682683,38.62676],[-76.684406,38.626092],[-76.685419,38.626912],[-76.687572,38.626627],[-76.686244,38.625572],[-76.687305,38.624521],[-76.68977,38.627485],[-76.692199,38.625916],[-76.695826,38.627105],[-76.698542,38.626603],[-76.701269,38.627572],[-76.702438,38.626957],[-76.704613,38.627637],[-76.707517,38.627578],[-76.708497,38.62687],[-76.71519,38.626333],[-76.718482,38.624791],[-76.720797,38.624735],[-76.726182,38.621878],[-76.728973,38.62199],[-76.729701,38.623611],[-76.740473,38.623025],[-76.742506,38.621826],[-76.744293,38.621727],[-76.746165,38.620561],[-76.751461,38.619005],[-76.748495,38.618197],[-76.74757,38.617335],[-76.746662,38.612223],[-76.745835,38.605253],[-76.746418,38.603064],[-76.74583,38.600721],[-76.746478,38.59969],[-76.744909,38.596163],[-76.738469,38.595991],[-76.730132,38.594784],[-76.730005,38.5938],[-76.730174,38.592417],[-76.73191,38.590902],[-76.734299,38.588],[-76.740294,38.591464],[-76.742504,38.592065],[-76.742312,38.58383],[-76.742595,38.582],[-76.741132,38.578809],[-76.742342,38.576581],[-76.739668,38.572807],[-76.740861,38.571574],[-76.741003,38.570386],[-76.739844,38.569406],[-76.739353,38.567605],[-76.739782,38.566522],[-76.74166,38.565821],[-76.739892,38.564773],[-76.74051,38.563387],[-76.739824,38.562386],[-76.74016,38.560505],[-76.740526,38.558673],[-76.737003,38.557074],[-76.735203,38.557617],[-76.733284,38.557433],[-76.731474,38.555385],[-76.728357,38.554204],[-76.723278,38.551394],[-76.720354,38.551204],[-76.718885,38.550356],[-76.715128,38.549772],[-76.716415,38.548808],[-76.716083,38.547993],[-76.712702,38.547771],[-76.712464,38.548896],[-76.710131,38.547085],[-76.707739,38.546442],[-76.70694,38.543429],[-76.705047,38.542922],[-76.70614,38.545416],[-76.705387,38.54651],[-76.704062,38.547118],[-76.702291,38.546409],[-76.701145,38.544676],[-76.701162,38.542474],[-76.697064,38.543165],[-76.692537,38.541165],[-76.691476,38.538447],[-76.689818,38.537628],[-76.686344,38.537411],[-76.684885,38.536809],[-76.678298,38.535372],[-76.675457,38.535876],[-76.675699,38.536511],[-76.674444,38.539924],[-76.672642,38.546818],[-76.672276,38.552781],[-76.672896,38.554648],[-76.675468,38.558824],[-76.677011,38.563451],[-76.679144,38.566734],[-76.677692,38.569898],[-76.677799,38.572374],[-76.679436,38.57604],[-76.680702,38.580499],[-76.67948,38.585211],[-76.677281,38.589566],[-76.675166,38.592106],[-76.674405,38.595725],[-76.672557,38.599271],[-76.672407,38.600627],[-76.673172,38.603308],[-76.673479,38.607249],[-76.672764,38.612456],[-76.672221,38.614404],[-76.672613,38.617985]]]}},{"type":"Feature","properties":{"zcta5":"20721","AFFGEOID10":"8600000US20721","GEOID10":"20721","ALAND10":43263262,"AWATER10":376690,"county_name":"Prince George's","state_code":"MD","county_state":"Prince George's County, MD","county_fips":"24033","risk_level_county":"Medium Risk (70–79% vaccinated)","mean_vaccination_rate_county":71.11,"risk_level_zcta":"Medium Risk (70–79% vaccinated)","mean_vaccination_rate_zips":74.12,"cases":11},"geometry":{"type":"Polygon","coordinates":[[[-76.845492,38.93061],[-76.843859,38.923709],[-76.843655,38.921037],[-76.841355,38.918961],[-76.842754,38.918072],[-76.843535,38.919053],[-76.846848,38.916959],[-76.843195,38.915361],[-76.838669,38.912833],[-76.836753,38.911029],[-76.835276,38.908649],[-76.831997,38.898325],[-76.827547,38.899211],[-76.820684,38.899014],[-76.810969,38.897504],[-76.809086,38.897562],[-76.802807,38.898813],[-76.795912,38.899449],[-76.790508,38.900843],[-76.787393,38.900899],[-76.783336,38.900459],[-76.78001,38.900472],[-76.75817,38.901993],[-76.757361,38.891372],[-76.756023,38.890979],[-76.747908,38.889924],[-76.739983,38.88915],[-76.736053,38.900781],[-76.735977,38.901002],[-76.735645,38.902379],[-76.737806,38.903696],[-76.739382,38.908068],[-76.737194,38.907847],[-76.742507,38.924177],[-76.748455,38.936304],[-76.750156,38.943199],[-76.750728,38.946546],[-76.750822,38.950643],[-76.758591,38.947174],[-76.763621,38.945954],[-76.790426,38.94376],[-76.793397,38.943707],[-76.796014,38.943914],[-76.809159,38.946245],[-76.813255,38.946711],[-76.825702,38.947121],[-76.835058,38.947335],[-76.839075,38.947108],[-76.839958,38.944912],[-76.838502,38.943585],[-76.835881,38.938707],[-76.833225,38.935867],[-76.830718,38.933964],[-76.829741,38.932617],[-76.826978,38.932399],[-76.823667,38.928941],[-76.823381,38.928166],[-76.826242,38.926744],[-76.830113,38.925772],[-76.832107,38.927441],[-76.835088,38.928943],[-76.835742,38.927943],[-76.837878,38.929598],[-76.839584,38.928313],[-76.840226,38.92933],[-76.845492,38.93061]]]}},{"type":"Feature","properties":{"zcta5":"20782","AFFGEOID10":"8600000US20782","GEOID10":"20782","ALAND10":10999951,"AWATER10":90147,"county_name":"Prince George's","state_code":"MD","county_state":"Prince George's County, MD","county_fips":"24033","risk_level_county":"Medium Risk (70–79% vaccinated)","mean_vaccination_rate_county":71.11,"risk_level_zcta":"Higher Risk (60–69% vaccinated)","mean_vaccination_rate_zips":67.76,"cases":11},"geometry":{"type":"Polygon","coordinates":[[[-76.951805,38.984784],[-76.951027,38.982499],[-76.953533,38.982312],[-76.956212,38.979819],[-76.958881,38.979557],[-76.957694,38.97648],[-76.960629,38.975964],[-76.960492,38.977947],[-76.962794,38.977064],[-76.965756,38.977],[-76.96221,38.979821],[-76.96167,38.981468],[-76.963984,38.982265],[-76.964285,38.984892],[-76.966194,38.984692],[-76.965812,38.982083],[-76.966934,38.978184],[-76.966995,38.976403],[-76.965947,38.974182],[-76.966185,38.971877],[-76.968584,38.972684],[-76.977396,38.973635],[-76.977423,38.972442],[-76.973389,38.971592],[-76.97376,38.969864],[-76.972956,38.968945],[-76.977962,38.970367],[-76.979674,38.972163],[-76.981475,38.970406],[-76.985507,38.968813],[-76.989975,38.964452],[-76.992291,38.96286],[-76.99736449021349,38.9614420060775],[-76.987925151061,38.954145781477195],[-76.9878703359319,38.9541034116156],[-76.978434328903,38.9468097626112],[-76.976778,38.947086],[-76.968324,38.948772],[-76.967037,38.95132],[-76.96649,38.952503],[-76.962882,38.954033],[-76.960226,38.950166],[-76.957941,38.948807],[-76.956372,38.948976],[-76.954763,38.953261],[-76.952775,38.955204],[-76.954911,38.958742],[-76.954792,38.960094],[-76.949914,38.958235],[-76.946612,38.958629],[-76.947896,38.959689],[-76.948258,38.961556],[-76.946388,38.961326],[-76.948106,38.963982],[-76.946816,38.964711],[-76.947083,38.966291],[-76.943895,38.966108],[-76.942611,38.965869],[-76.939128,38.964706],[-76.938034,38.971982],[-76.937975,38.973005],[-76.937939,38.976962],[-76.944769,38.980032],[-76.944542,38.980472],[-76.946603,38.981404],[-76.946968,38.98223],[-76.948873,38.984825],[-76.951805,38.984784]]]}},{"type":"Feature","properties":{"zcta5":"20784","AFFGEOID10":"8600000US20784","GEOID10":"20784","ALAND10":11031000,"AWATER10":1897,"county_name":"Prince George's","state_code":"MD","county_state":"Prince George's County, MD","county_fips":"24033","risk_level_county":"Medium Risk (70–79% vaccinated)","mean_vaccination_rate_county":71.11,"risk_level_zcta":"Medium Risk (70–79% vaccinated)","mean_vaccination_rate_zips":71.3,"cases":11},"geometry":{"type":"Polygon","coordinates":[[[-76.930909,38.933479],[-76.930804,38.929767],[-76.927956,38.927514],[-76.925794,38.930272],[-76.92289,38.932201],[-76.919313,38.933659],[-76.917023,38.935238],[-76.914203,38.934273],[-76.910313,38.933723],[-76.911234,38.935216],[-76.909717,38.93583],[-76.908852,38.933503],[-76.903976,38.933841],[-76.899236,38.932572],[-76.900347,38.9317],[-76.897604,38.930543],[-76.885599,38.938492],[-76.88237,38.9426],[-76.880831,38.943433],[-76.880027,38.941458],[-76.879346,38.941917],[-76.876337,38.944422],[-76.869521,38.950699],[-76.865382,38.956203],[-76.86809,38.955425],[-76.866797,38.957102],[-76.86786,38.958473],[-76.866037,38.959659],[-76.866253,38.960192],[-76.866942,38.962871],[-76.86598,38.962548],[-76.865293,38.962809],[-76.865177,38.963985],[-76.864536,38.964136],[-76.864429,38.96511],[-76.865153,38.965059],[-76.865269,38.968269],[-76.867924,38.966727],[-76.869789,38.97312],[-76.873537,38.978248],[-76.874709,38.977627],[-76.879605,38.976606],[-76.881706,38.975445],[-76.886568,38.974632],[-76.888664,38.973359],[-76.886739,38.971218],[-76.888816,38.969427],[-76.890795,38.972657],[-76.893413,38.972291],[-76.894298,38.97021],[-76.891099,38.969208],[-76.890995,38.967706],[-76.892822,38.966781],[-76.890234,38.967403],[-76.888035,38.967374],[-76.884304,38.965893],[-76.88404,38.963475],[-76.882163,38.960764],[-76.883221,38.960166],[-76.883433,38.958448],[-76.884278,38.957394],[-76.880245,38.954985],[-76.878623,38.952793],[-76.87936,38.952572],[-76.884396,38.955757],[-76.888952,38.955563],[-76.885392,38.951747],[-76.886469,38.950292],[-76.891902,38.952026],[-76.897512,38.952661],[-76.898134,38.951782],[-76.899558,38.952448],[-76.90186,38.9517],[-76.900937,38.94927],[-76.902898,38.950075],[-76.905106,38.951856],[-76.909422,38.953109],[-76.910047,38.950412],[-76.909802,38.946567],[-76.910335,38.944162],[-76.911418,38.942228],[-76.914357,38.939158],[-76.917154,38.939551],[-76.921973,38.939089],[-76.923259,38.937867],[-76.9287,38.939448],[-76.928514,38.937534],[-76.924355,38.937396],[-76.924299,38.936313],[-76.927906,38.936241],[-76.927353,38.934484],[-76.93065,38.934917],[-76.930909,38.933479]]]}},{"type":"Feature","properties":{"zcta5":"20769","AFFGEOID10":"8600000US20769","GEOID10":"20769","ALAND10":19902922,"AWATER10":268745,"county_name":"Prince George's","state_code":"MD","county_state":"Prince George's County, MD","county_fips":"24033","risk_level_county":"Medium Risk (70–79% vaccinated)","mean_vaccination_rate_county":71.11,"risk_level_zcta":"Higher Risk (60–69% vaccinated)","mean_vaccination_rate_zips":65.29,"cases":11},"geometry":{"type":"Polygon","coordinates":[[[-76.849925,39.016366],[-76.851227,39.013489],[-76.851422,39.010483],[-76.849964,39.005091],[-76.847821,39.000003],[-76.845705,38.996288],[-76.84293,38.992134],[-76.835994,38.990913],[-76.836902,38.994896],[-76.839061,38.9962],[-76.838442,38.996593],[-76.835571,38.996653],[-76.832403,38.996192],[-76.829053,38.99853],[-76.824569,38.996182],[-76.821529,38.995229],[-76.820833,38.994386],[-76.820683,38.989538],[-76.818036,38.988316],[-76.820764,38.988452],[-76.8197,38.987254],[-76.823106,38.985121],[-76.823646,38.983472],[-76.822685,38.978999],[-76.8235,38.977738],[-76.825454,38.977367],[-76.823417,38.974698],[-76.824921,38.971979],[-76.82476,38.969756],[-76.826628,38.967881],[-76.826386,38.966675],[-76.823665,38.967589],[-76.823044,38.968388],[-76.819865,38.967201],[-76.819993,38.972662],[-76.817325,38.972706],[-76.817346,38.973589],[-76.814767,38.973611],[-76.813492,38.969809],[-76.810557,38.969799],[-76.810668,38.966046],[-76.813543,38.962342],[-76.8181,38.963316],[-76.821592,38.960863],[-76.82032,38.957892],[-76.820478,38.956313],[-76.813094,38.957025],[-76.808802,38.956711],[-76.806445,38.957155],[-76.799532,38.960162],[-76.795094,38.962634],[-76.792233,38.966109],[-76.785268,38.971659],[-76.787233,38.973384],[-76.787812,38.974717],[-76.790069,38.976953],[-76.791575,38.981564],[-76.794483,38.984882],[-76.797023,38.988346],[-76.800051,38.994087],[-76.800738,38.995526],[-76.80522,39.003769],[-76.807423,39.005198],[-76.810362,39.006941],[-76.811274,39.008248],[-76.815061,39.010552],[-76.819949,39.012261],[-76.822959,39.015241],[-76.823927,39.016696],[-76.829306,39.020359],[-76.83108,39.022133],[-76.832946,39.025344],[-76.835155,39.026831],[-76.841097,39.032822],[-76.841207,39.033406],[-76.84477,39.033847],[-76.846585,39.033862],[-76.84772,39.03382],[-76.847838,39.020826],[-76.849925,39.016366]]]}},{"type":"Feature","properties":{"zcta5":"20903","AFFGEOID10":"8600000US20903","GEOID10":"20903","ALAND10":9329411,"AWATER10":4751,"county_name":"Prince George's","state_code":"MD","county_state":"Prince George's County, MD","county_fips":"24033","risk_level_county":"Medium Risk (70–79% vaccinated)","mean_vaccination_rate_county":71.11,"risk_level_zcta":"Higher Risk (60–69% vaccinated)","mean_vaccination_rate_zips":67.51,"cases":11},"geometry":{"type":"Polygon","coordinates":[[[-76.989995,39.038133],[-76.988945,39.036075],[-76.991752,39.032772],[-76.993751,39.032028],[-76.993438,39.030868],[-76.996833,39.028305],[-76.999565,39.027519],[-76.997835,39.025804],[-76.996376,39.0223],[-76.995643,39.018939],[-76.994106,39.01754],[-76.992316,39.014609],[-76.989177,39.012264],[-76.98925,39.005795],[-76.98644,39.004459],[-76.983629,39.002267],[-76.986983,39.004085],[-76.989873,39.004613],[-76.99089,39.001131],[-76.995554,39.001517],[-76.995302,38.999646],[-76.99308,38.995863],[-76.993934,38.994628],[-76.992785,38.994836],[-76.992981,38.992437],[-76.990554,38.990394],[-76.989485,38.990762],[-76.989971,38.99126],[-76.987362,38.991585],[-76.982928,39.000113],[-76.98178,39.001937],[-76.979342,39.002504],[-76.980269,39.004185],[-76.977361,39.003866],[-76.976918,39.006833],[-76.980464,39.006903],[-76.976057,39.012634],[-76.974368,39.010198],[-76.975756,39.009619],[-76.972688,39.008027],[-76.970843,39.009734],[-76.967775,39.010837],[-76.967598,39.01206],[-76.966225,39.01177],[-76.965697,39.009792],[-76.96461,39.015737],[-76.969896,39.015555],[-76.969653,39.017443],[-76.96733,39.017399],[-76.964258,39.018279],[-76.964245,39.019006],[-76.969157,39.018533],[-76.971723,39.018556],[-76.965156,39.027572],[-76.962097,39.031208],[-76.964996,39.033451],[-76.966598,39.03696],[-76.968452,39.037715],[-76.967384,39.039623],[-76.968841,39.039085],[-76.971717,39.039089],[-76.972267,39.040676],[-76.978698,39.039772],[-76.984888,39.039218],[-76.985499,39.037978],[-76.987167,39.038847],[-76.989995,39.038133]],[[-76.974479,39.013519],[-76.972341,39.013054],[-76.97235,39.011956],[-76.974324,39.012847],[-76.974565,39.013371],[-76.974479,39.013519]]]}},{"type":"Feature","properties":{"zcta5":"20904","AFFGEOID10":"8600000US20904","GEOID10":"20904","ALAND10":35467882,"AWATER10":98289,"county_name":"Prince George's","state_code":"MD","county_state":"Prince George's County, MD","county_fips":"24033","risk_level_county":"Medium Risk (70–79% vaccinated)","mean_vaccination_rate_county":71.11,"risk_level_zcta":"Higher Risk (60–69% vaccinated)","mean_vaccination_rate_zips":69.19,"cases":11},"geometry":{"type":"Polygon","coordinates":[[[-77.029342,39.066497],[-77.029167,39.065437],[-77.028312,39.064723],[-77.026144,39.063174],[-77.023894,39.060857],[-77.022461,39.060363],[-77.019813,39.060596],[-77.018262,39.060154],[-77.016691,39.061137],[-77.012878,39.059391],[-77.01184,39.0596],[-77.010597,39.05825],[-77.011474,39.056961],[-77.009895,39.052993],[-77.009941,39.051475],[-77.010993,39.050189],[-77.010826,39.047996],[-77.00968,39.047095],[-77.007629,39.046852],[-77.007385,39.045646],[-77.009124,39.044162],[-77.009258,39.042661],[-77.003761,39.044624],[-77.001502,39.04644],[-76.997154,39.046295],[-76.995445,39.045608],[-76.993036,39.04564],[-76.991385,39.04115],[-76.989995,39.038133],[-76.987167,39.038847],[-76.985499,39.037978],[-76.984888,39.039218],[-76.978698,39.039772],[-76.972267,39.040676],[-76.971717,39.039089],[-76.968841,39.039085],[-76.967384,39.039623],[-76.968452,39.037715],[-76.966598,39.03696],[-76.964996,39.033451],[-76.962097,39.031208],[-76.960303,39.033569],[-76.96143,39.035897],[-76.960603,39.039077],[-76.960716,39.042606],[-76.959579,39.044704],[-76.958206,39.043415],[-76.954602,39.044993],[-76.951772,39.045307],[-76.948996,39.049208],[-76.946497,39.052108],[-76.935883,39.066613],[-76.933457,39.066807],[-76.92929,39.066718],[-76.929078,39.071088],[-76.927756,39.076414],[-76.928677,39.076723],[-76.93023,39.074272],[-76.931602,39.076618],[-76.931358,39.079807],[-76.93267,39.08139],[-76.933425,39.085464],[-76.936264,39.084213],[-76.936149,39.086269],[-76.937347,39.090042],[-76.938529,39.090766],[-76.94136,39.090264],[-76.942588,39.088159],[-76.943956,39.088056],[-76.945377,39.086365],[-76.947563,39.085517],[-76.949455,39.087638],[-76.950607,39.085788],[-76.951455,39.083907],[-76.9523,39.084301],[-76.956807,39.081776],[-76.959256,39.082116],[-76.962825,39.083411],[-76.96736,39.083455],[-76.970884,39.084623],[-76.972808,39.083171],[-76.976455,39.082897],[-76.977798,39.083637],[-76.982147,39.084251],[-76.983428,39.085597],[-76.987373,39.086685],[-76.991355,39.090049],[-76.991142,39.091499],[-76.994155,39.093425],[-76.995346,39.093189],[-76.997642,39.094142],[-76.999053,39.095634],[-77.000706,39.096177],[-77.002226,39.09585],[-77.000501,39.092123],[-76.99992,39.089778],[-77.00274,39.088841],[-77.006444,39.088559],[-77.010467,39.088935],[-77.010185,39.091033],[-77.012084,39.090667],[-77.012138,39.092998],[-77.015792,39.092964],[-77.017829,39.090984],[-77.018173,39.092552],[-77.019721,39.090839],[-77.021202,39.090682],[-77.02236,39.087197],[-77.025594,39.088994],[-77.024217,39.087035],[-77.024499,39.084146],[-77.024108,39.081153],[-77.02433,39.079593],[-77.023132,39.077121],[-77.023185,39.075477],[-77.02404,39.073741],[-77.029342,39.066497]]]}},{"type":"Feature","properties":{"zcta5":"20613","AFFGEOID10":"8600000US20613","GEOID10":"20613","ALAND10":195747577,"AWATER10":3752168,"county_name":"Prince George's","state_code":"MD","county_state":"Prince George's County, MD","county_fips":"24033","risk_level_county":"Medium Risk (70–79% vaccinated)","mean_vaccination_rate_county":71.11,"risk_level_zcta":"Medium Risk (70–79% vaccinated)","mean_vaccination_rate_zips":74.1,"cases":11},"geometry":{"type":"Polygon","coordinates":[[[-76.85999,38.736473],[-76.861038,38.735311],[-76.870181,38.73414],[-76.875609,38.732326],[-76.875951,38.732501],[-76.876504,38.732437],[-76.877212,38.732576],[-76.877941,38.732497],[-76.878466,38.732117],[-76.87929,38.731378],[-76.880008,38.731394],[-76.880417,38.731241],[-76.881511,38.731249],[-76.887725,38.731452],[-76.887873,38.731093],[-76.891925,38.72991],[-76.893746,38.7274],[-76.896148,38.728012],[-76.897564,38.728817],[-76.900798,38.727967],[-76.910094,38.720914],[-76.917695,38.720214],[-76.919595,38.717914],[-76.920865,38.715171],[-76.926953,38.714967],[-76.92996,38.714009],[-76.932898,38.711673],[-76.936574,38.710305],[-76.938014,38.710256],[-76.937122,38.708625],[-76.938659,38.70783],[-76.943252,38.706418],[-76.943537,38.706353],[-76.94381,38.706329],[-76.944216,38.706268],[-76.94391,38.707416],[-76.946128,38.707329],[-76.947766,38.707994],[-76.94881,38.706138],[-76.950994,38.705878],[-76.952446,38.707531],[-76.953906,38.708205],[-76.957059,38.707305],[-76.959863,38.70793],[-76.963805,38.706717],[-76.966023,38.70556],[-76.966789,38.702997],[-76.966619,38.703028],[-76.956392,38.704353],[-76.955326,38.703026],[-76.953663,38.699992],[-76.953147,38.699593],[-76.95092,38.698659],[-76.947764,38.697989],[-76.946477,38.697749],[-76.942118,38.695406],[-76.938741,38.69404],[-76.940847,38.692683],[-76.943188,38.686158],[-76.944292,38.685104],[-76.94241,38.682802],[-76.941064,38.679413],[-76.939201,38.678114],[-76.936584,38.672593],[-76.934949,38.67019],[-76.931537,38.670218],[-76.928885,38.668735],[-76.928302,38.665847],[-76.927494,38.664513],[-76.924824,38.663446],[-76.918148,38.663602],[-76.916555,38.663223],[-76.915015,38.660323],[-76.915394,38.659373],[-76.914242,38.657507],[-76.913423,38.655001],[-76.913516,38.652928],[-76.911093,38.652908],[-76.908992,38.652271],[-76.904705,38.651561],[-76.903359,38.652515],[-76.901273,38.652344],[-76.898345,38.654613],[-76.89515,38.654594],[-76.894461,38.655226],[-76.890443,38.654968],[-76.889246,38.656817],[-76.886026,38.657619],[-76.882269,38.656962],[-76.878956,38.659004],[-76.87599,38.658332],[-76.873797,38.658269],[-76.871568,38.65888],[-76.868928,38.657936],[-76.866367,38.658877],[-76.864412,38.658091],[-76.862955,38.658649],[-76.842026,38.651025],[-76.836363,38.648837],[-76.835235,38.648349],[-76.786583,38.630444],[-76.786803,38.626604],[-76.786499,38.620115],[-76.778516,38.615173],[-76.771739,38.609394],[-76.770249,38.607055],[-76.772047,38.605532],[-76.771361,38.597932],[-76.765385,38.597706],[-76.772047,38.593549],[-76.770091,38.592877],[-76.768042,38.590433],[-76.768047,38.587032],[-76.76287,38.569674],[-76.761077,38.568577],[-76.760496,38.565102],[-76.756787,38.562995],[-76.753104,38.564129],[-76.74858,38.56351],[-76.742918,38.560812],[-76.74016,38.560505],[-76.739824,38.562386],[-76.74051,38.563387],[-76.739892,38.564773],[-76.74166,38.565821],[-76.739782,38.566522],[-76.739353,38.567605],[-76.739844,38.569406],[-76.741003,38.570386],[-76.740861,38.571574],[-76.739668,38.572807],[-76.742342,38.576581],[-76.741132,38.578809],[-76.742595,38.582],[-76.742312,38.58383],[-76.742504,38.592065],[-76.740294,38.591464],[-76.734299,38.588],[-76.73191,38.590902],[-76.730174,38.592417],[-76.730005,38.5938],[-76.730132,38.594784],[-76.738469,38.595991],[-76.744909,38.596163],[-76.746478,38.59969],[-76.74583,38.600721],[-76.746418,38.603064],[-76.745835,38.605253],[-76.746662,38.612223],[-76.74757,38.617335],[-76.748495,38.618197],[-76.751461,38.619005],[-76.746165,38.620561],[-76.744293,38.621727],[-76.742506,38.621826],[-76.740473,38.623025],[-76.729701,38.623611],[-76.728973,38.62199],[-76.726182,38.621878],[-76.720797,38.624735],[-76.718482,38.624791],[-76.71519,38.626333],[-76.708497,38.62687],[-76.707517,38.627578],[-76.704613,38.627637],[-76.702438,38.626957],[-76.701269,38.627572],[-76.698542,38.626603],[-76.695826,38.627105],[-76.692199,38.625916],[-76.68977,38.627485],[-76.687305,38.624521],[-76.686244,38.625572],[-76.687572,38.626627],[-76.685419,38.626912],[-76.684406,38.626092],[-76.682683,38.62676],[-76.679134,38.625502],[-76.674144,38.617933],[-76.672613,38.617985],[-76.678468,38.627321],[-76.686138,38.630182],[-76.686591,38.630479],[-76.690181,38.633038],[-76.692853,38.636437],[-76.692081,38.644045],[-76.692124,38.646603],[-76.69163,38.648506],[-76.689129,38.651248],[-76.685127,38.654771],[-76.683186,38.658813],[-76.683866,38.662171],[-76.684923,38.663027],[-76.68737,38.663793],[-76.690951,38.664029],[-76.694236,38.663841],[-76.697173,38.664663],[-76.699261,38.665769],[-76.701003,38.668362],[-76.700667,38.670131],[-76.699261,38.671109],[-76.692956,38.672353],[-76.690461,38.673683],[-76.687424,38.678746],[-76.686982,38.680634],[-76.687147,38.681371],[-76.691947,38.683765],[-76.69549,38.685781],[-76.697431,38.687797],[-76.698429,38.690443],[-76.698525,38.692243],[-76.697932,38.694782],[-76.696008,38.697783],[-76.694983,38.700307],[-76.694946,38.702468],[-76.695988,38.704985],[-76.697743,38.70703],[-76.700997,38.709244],[-76.702286,38.709148],[-76.701603,38.706597],[-76.697828,38.703597],[-76.695626,38.700475],[-76.70013,38.698299],[-76.702712,38.69581],[-76.70275,38.694546],[-76.706216,38.690834],[-76.70715,38.69249],[-76.708027,38.692209],[-76.70784,38.690396],[-76.708685,38.689733],[-76.711242,38.689287],[-76.713999,38.68937],[-76.715485,38.691047],[-76.71782,38.692167],[-76.722654,38.692278],[-76.724376,38.692026],[-76.7264,38.690772],[-76.729399,38.691669],[-76.735341,38.690961],[-76.735848,38.690286],[-76.74003,38.690659],[-76.742733,38.69209],[-76.747053,38.693181],[-76.752868,38.70139],[-76.765254,38.706813],[-76.764612,38.70845],[-76.766824,38.70802],[-76.767436,38.709436],[-76.769176,38.709876],[-76.770512,38.711077],[-76.773442,38.712324],[-76.777806,38.712216],[-76.777044,38.717189],[-76.779202,38.718362],[-76.780067,38.723315],[-76.782418,38.721648],[-76.786168,38.721798],[-76.789738,38.720965],[-76.789992,38.720088],[-76.793071,38.719495],[-76.794645,38.719836],[-76.795758,38.723274],[-76.805331,38.72855],[-76.811333,38.729788],[-76.812507,38.73057],[-76.814888,38.729885],[-76.818307,38.731578],[-76.82203,38.735154],[-76.824326,38.734343],[-76.825909,38.731815],[-76.826973,38.733393],[-76.829503,38.732522],[-76.830829,38.73449],[-76.832244,38.735127],[-76.832899,38.734455],[-76.834358,38.736458],[-76.837294,38.735271],[-76.844931,38.733876],[-76.847792,38.734008],[-76.852397,38.733321],[-76.8547,38.732481],[-76.855823,38.732938],[-76.857544,38.73529],[-76.85999,38.736473]]]}},{"type":"Feature","properties":{"zcta5":"20623","AFFGEOID10":"8600000US20623","GEOID10":"20623","ALAND10":4987632,"AWATER10":19273,"county_name":"Prince George's","state_code":"MD","county_state":"Prince George's County, MD","county_fips":"24033","risk_level_county":"Medium Risk (70–79% vaccinated)","mean_vaccination_rate_county":71.11,"risk_level_zcta":"Medium Risk (70–79% vaccinated)","mean_vaccination_rate_zips":74.4,"cases":11},"geometry":{"type":"Polygon","coordinates":[[[-76.85999,38.736473],[-76.857544,38.73529],[-76.855823,38.732938],[-76.8547,38.732481],[-76.852397,38.733321],[-76.847792,38.734008],[-76.844931,38.733876],[-76.837294,38.735271],[-76.834358,38.736458],[-76.832899,38.734455],[-76.832244,38.735127],[-76.830829,38.73449],[-76.829503,38.732522],[-76.825831,38.735444],[-76.820773,38.739577],[-76.819576,38.740936],[-76.821564,38.741741],[-76.819735,38.742907],[-76.822275,38.747275],[-76.820058,38.745695],[-76.816955,38.745342],[-76.816777,38.74605],[-76.820135,38.746928],[-76.822255,38.749099],[-76.824343,38.750335],[-76.82705,38.750291],[-76.830249,38.751768],[-76.832544,38.753348],[-76.837588,38.753357],[-76.840424,38.754032],[-76.843189,38.752964],[-76.844405,38.750823],[-76.844656,38.748295],[-76.846003,38.746386],[-76.846539,38.746196],[-76.852891,38.741148],[-76.854703,38.739958],[-76.856283,38.738008],[-76.85999,38.736473]]]}},{"type":"Feature","properties":{"zcta5":"20770","AFFGEOID10":"8600000US20770","GEOID10":"20770","ALAND10":21272083,"AWATER10":195269,"county_name":"Prince George's","state_code":"MD","county_state":"Prince George's County, MD","county_fips":"24033","risk_level_county":"Medium Risk (70–79% vaccinated)","mean_vaccination_rate_county":71.11,"risk_level_zcta":"Medium Risk (70–79% vaccinated)","mean_vaccination_rate_zips":71.02,"cases":11},"geometry":{"type":"Polygon","coordinates":[[[-76.907844,39.014786],[-76.907922,39.014476],[-76.909856,39.013166],[-76.914989,39.007285],[-76.918236,39.00271],[-76.919866,38.999304],[-76.91788,38.999372],[-76.917515,39.000592],[-76.915642,39.00049],[-76.914653,39.001308],[-76.914545,39.000365],[-76.917149,38.9987],[-76.902503,38.996292],[-76.90201,38.996134],[-76.900602,38.995952],[-76.903505,38.993018],[-76.898484,38.993028],[-76.897615,38.992405],[-76.901989,38.990647],[-76.903705,38.987546],[-76.902395,38.983209],[-76.895507,38.982358],[-76.893504,38.982236],[-76.89256,38.985302],[-76.891373,38.987145],[-76.889187,38.989447],[-76.886112,38.991894],[-76.878347,38.983824],[-76.873537,38.978248],[-76.870873,38.979552],[-76.866578,38.980554],[-76.866492,38.985002],[-76.864159,38.986227],[-76.860902,38.986012],[-76.859375,38.988179],[-76.858754,38.990785],[-76.856765,38.987843],[-76.855574,38.988614],[-76.856343,38.989534],[-76.852908,38.989782],[-76.852858,38.991043],[-76.848795,38.990846],[-76.84293,38.992134],[-76.845705,38.996288],[-76.847821,39.000003],[-76.849964,39.005091],[-76.851422,39.010483],[-76.851227,39.013489],[-76.849925,39.016366],[-76.858523,39.019895],[-76.859928,39.022444],[-76.862147,39.023428],[-76.864852,39.026458],[-76.869698,39.026297],[-76.87499,39.027654],[-76.873523,39.031803],[-76.876019,39.031498],[-76.877999,39.03271],[-76.881513,39.030072],[-76.882265,39.027469],[-76.883819,39.028095],[-76.882459,39.022583],[-76.885868,39.021444],[-76.885748,39.018933],[-76.887412,39.016886],[-76.888316,39.017356],[-76.892699,39.017364],[-76.893435,39.018265],[-76.897509,39.016088],[-76.900571,39.020448],[-76.901405,39.023051],[-76.905757,39.023046],[-76.906164,39.021432],[-76.907649,39.015556],[-76.907832,39.014834],[-76.907844,39.014786]]]}},{"type":"Feature","properties":{"zcta5":"20720","AFFGEOID10":"8600000US20720","GEOID10":"20720","ALAND10":28928222,"AWATER10":200988,"county_name":"Prince George's","state_code":"MD","county_state":"Prince George's County, MD","county_fips":"24033","risk_level_county":"Medium Risk (70–79% vaccinated)","mean_vaccination_rate_county":71.11,"risk_level_zcta":"Medium Risk (70–79% vaccinated)","mean_vaccination_rate_zips":73.56,"cases":11},"geometry":{"type":"Polygon","coordinates":[[[-76.820478,38.956313],[-76.822387,38.956543],[-76.825387,38.958044],[-76.829415,38.955534],[-76.826473,38.950577],[-76.825702,38.947121],[-76.813255,38.946711],[-76.809159,38.946245],[-76.796014,38.943914],[-76.793397,38.943707],[-76.790426,38.94376],[-76.763621,38.945954],[-76.758591,38.947174],[-76.750822,38.950643],[-76.751826,38.955644],[-76.760221,38.974606],[-76.76343,38.979794],[-76.771301,38.98822],[-76.774103,38.992915],[-76.774564,38.993245],[-76.775258,38.995409],[-76.779332,38.997287],[-76.78004,38.998929],[-76.780153,39.002846],[-76.781605,39.002817],[-76.782612,39.005373],[-76.783913,39.004956],[-76.773046,39.011159],[-76.765392,39.01727],[-76.76616,39.017823],[-76.764729,39.01886],[-76.767705,39.021378],[-76.769414,39.021568],[-76.771129,39.02578],[-76.768345,39.029801],[-76.765514,39.03386],[-76.76174,39.034894],[-76.761312,39.035379],[-76.764454,39.037618],[-76.764182,39.039079],[-76.765391,39.040435],[-76.767112,39.039075],[-76.769153,39.038961],[-76.77029,39.040869],[-76.773187,39.040707],[-76.775036,39.042344],[-76.773787,39.043696],[-76.774616,39.044756],[-76.776618,39.04454],[-76.776528,39.04531],[-76.783721,39.046252],[-76.785084,39.044916],[-76.787593,39.044631],[-76.788748,39.045025],[-76.790118,39.043501],[-76.787755,39.043532],[-76.786768,39.042765],[-76.783323,39.042146],[-76.787231,39.038546],[-76.786692,39.037323],[-76.790633,39.034928],[-76.787277,39.032947],[-76.789386,39.033176],[-76.790259,39.032439],[-76.787646,39.031917],[-76.788648,39.031176],[-76.788657,39.029195],[-76.789892,39.028408],[-76.786892,39.025608],[-76.786963,39.024126],[-76.789927,39.023549],[-76.789306,39.022096],[-76.785789,39.022707],[-76.784373,39.018194],[-76.783051,39.015541],[-76.782124,39.013768],[-76.781885,39.010709],[-76.78182,39.009883],[-76.783542,39.009797],[-76.783417,39.010656],[-76.789463,39.010359],[-76.795386,39.010699],[-76.802781,39.009355],[-76.805255,39.006277],[-76.807423,39.005198],[-76.80522,39.003769],[-76.800738,38.995526],[-76.800051,38.994087],[-76.797023,38.988346],[-76.794483,38.984882],[-76.791575,38.981564],[-76.790069,38.976953],[-76.787812,38.974717],[-76.787233,38.973384],[-76.785268,38.971659],[-76.792233,38.966109],[-76.795094,38.962634],[-76.799532,38.960162],[-76.806445,38.957155],[-76.808802,38.956711],[-76.813094,38.957025],[-76.820478,38.956313]]]}},{"type":"Feature","properties":{"zcta5":"20912","AFFGEOID10":"8600000US20912","GEOID10":"20912","ALAND10":6920215,"AWATER10":14054,"county_name":"Prince George's","state_code":"MD","county_state":"Prince George's County, MD","county_fips":"24033","risk_level_county":"Medium Risk (70–79% vaccinated)","mean_vaccination_rate_county":71.11,"risk_level_zcta":"Medium Risk (70–79% vaccinated)","mean_vaccination_rate_zips":74.66,"cases":11},"geometry":{"type":"Polygon","coordinates":[[[-77.006286,38.995638],[-77.004371,38.994777],[-77.006347,38.991725],[-77.006782,38.989452],[-77.004844,38.987564],[-77.005187,38.985832],[-77.006248,38.985202],[-77.007675,38.986236],[-77.009949,38.986094],[-77.012323,38.988129],[-77.015467,38.983761],[-77.014933,38.985413],[-77.016768,38.984977],[-77.020767,38.987632],[-77.022817,38.984795],[-77.024749,38.986923],[-77.026443,38.986583],[-77.0266962184868,38.984380694753504],[-77.015598,38.97591],[-77.013798,38.97441],[-77.008298,38.97011],[-77.0048404767482,38.967308213916596],[-77.0025892201687,38.9654839197919],[-76.998446,38.971048],[-76.996755,38.971119],[-76.992278,38.970128],[-76.989658,38.972311],[-76.987255,38.975124],[-76.985652,38.976172],[-76.980456,38.978136],[-76.981588,38.979675],[-76.982636,38.97953],[-76.98311,38.981562],[-76.985112,38.983754],[-76.985735,38.982711],[-76.98494,38.985297],[-76.984787,38.987182],[-76.987795,38.989099],[-76.989485,38.990762],[-76.990554,38.990394],[-76.992981,38.992437],[-76.992785,38.994836],[-76.993934,38.994628],[-76.99308,38.995863],[-76.995302,38.999646],[-77.00433,38.997923],[-77.006286,38.995638]]]}},{"type":"Feature","properties":{"zcta5":"20744","AFFGEOID10":"8600000US20744","GEOID10":"20744","ALAND10":68201381,"AWATER10":323005,"county_name":"Prince George's","state_code":"MD","county_state":"Prince George's County, MD","county_fips":"24033","risk_level_county":"Medium Risk (70–79% vaccinated)","mean_vaccination_rate_county":71.11,"risk_level_zcta":"Medium Risk (70–79% vaccinated)","mean_vaccination_rate_zips":76.21,"cases":11},"geometry":{"type":"Polygon","coordinates":[[[-77.017487,38.784185],[-77.018144,38.782964],[-77.021872,38.780242],[-77.024626,38.780366],[-77.025278,38.778956],[-77.028582,38.774832],[-77.030491,38.772906],[-77.029857,38.77126],[-77.030132,38.768051],[-77.029891,38.766404],[-77.027383,38.763117],[-77.028014,38.760501],[-77.02635,38.753753],[-77.024755,38.752542],[-77.021384,38.752724],[-77.01993,38.751474],[-77.017608,38.750586],[-77.015991,38.751408],[-77.014326,38.749566],[-77.012228,38.749125],[-77.011462,38.749733],[-77.008918,38.749624],[-77.00881,38.748772],[-77.007101,38.750846],[-77.006222,38.747508],[-77.004453,38.74525],[-77.00542,38.745836],[-77.006767,38.743731],[-77.012865,38.742992],[-77.015511,38.743183],[-77.01786,38.744452],[-77.021867,38.743839],[-77.024097,38.742257],[-77.025888,38.741622],[-77.028851,38.73934],[-77.029805,38.733695],[-77.029895,38.730027],[-77.030704,38.726562],[-77.031288,38.720446],[-77.029788,38.720026],[-77.027266,38.72076],[-77.025407,38.719683],[-77.025406,38.718942],[-77.028254,38.71834],[-77.032775,38.715762],[-77.035168,38.71309],[-77.037148,38.712302],[-77.036522,38.711733],[-77.036971,38.709606],[-77.036098,38.707945],[-77.035432,38.707414],[-77.033842,38.708021],[-77.031601,38.706853],[-77.030331,38.705075],[-77.029967,38.70347],[-77.028104,38.702798],[-77.022577,38.702419],[-77.020204,38.703351],[-77.017785,38.703241],[-77.014017,38.70214],[-77.007827,38.698472],[-77.005144,38.699113],[-77.004361,38.698509],[-77.004446,38.696373],[-77.001359,38.69702],[-77.000261,38.696444],[-76.994113,38.697662],[-76.990957,38.695395],[-76.989041,38.696172],[-76.986822,38.698641],[-76.98599,38.698683],[-76.985509,38.699408],[-76.980872,38.69782],[-76.979176,38.69824],[-76.977445,38.699248],[-76.976958,38.701726],[-76.975564,38.70326],[-76.972243,38.703411],[-76.971058,38.704757],[-76.971539,38.706726],[-76.970782,38.713165],[-76.970842,38.713993],[-76.97384,38.71682],[-76.974475,38.721603],[-76.973212,38.726089],[-76.974432,38.729247],[-76.970011,38.728831],[-76.968409,38.732381],[-76.970104,38.733505],[-76.970538,38.734878],[-76.968053,38.735056],[-76.968588,38.737324],[-76.966588,38.738561],[-76.965134,38.738674],[-76.963699,38.741416],[-76.963855,38.741994],[-76.961302,38.742207],[-76.95992,38.74304],[-76.959161,38.744771],[-76.957045,38.746317],[-76.954163,38.747521],[-76.952987,38.748551],[-76.952821,38.75009],[-76.95111,38.750983],[-76.950642,38.752349],[-76.947063,38.756251],[-76.944675,38.75684],[-76.942091,38.758737],[-76.93988,38.759741],[-76.940271,38.761618],[-76.938595,38.766096],[-76.934055,38.769618],[-76.932454,38.770796],[-76.927969,38.773183],[-76.927639,38.77387],[-76.924892,38.776335],[-76.924941,38.779106],[-76.923922,38.780864],[-76.924678,38.785907],[-76.92694,38.789894],[-76.929423,38.792894],[-76.928592,38.793326],[-76.92723,38.799074],[-76.927893,38.800316],[-76.929018,38.800917],[-76.931755,38.800286],[-76.935179,38.800473],[-76.939157,38.800123],[-76.941085,38.800417],[-76.945452,38.802262],[-76.948239,38.799338],[-76.949543,38.799236],[-76.952572,38.79762],[-76.953475,38.796466],[-76.955451,38.798427],[-76.95454,38.799919],[-76.956519,38.803646],[-76.95758,38.8041],[-76.956606,38.801234],[-76.958975,38.805131],[-76.958728,38.808236],[-76.960735,38.808631],[-76.958875,38.811105],[-76.957646,38.81077],[-76.954746,38.813778],[-76.955151,38.814507],[-76.956465,38.81479],[-76.961093,38.812797],[-76.962499,38.814413],[-76.963803,38.814624],[-76.966025,38.813036],[-76.974714,38.804381],[-76.982555,38.798311],[-76.986495,38.792351],[-76.989324,38.78965],[-76.990684,38.786049],[-76.990023,38.785023],[-76.990976,38.78541],[-76.992357,38.782406],[-76.993915,38.780972],[-76.997773,38.780248],[-76.998578,38.779293],[-77.002486,38.779957],[-77.006488,38.779555],[-77.00675,38.780715],[-77.011029,38.782098],[-77.01277,38.779845],[-77.01523,38.780973],[-77.014626,38.781744],[-77.017226,38.782914],[-77.017487,38.784185]]]}},{"type":"Feature","properties":{"zcta5":"20722","AFFGEOID10":"8600000US20722","GEOID10":"20722","ALAND10":3813428,"AWATER10":79479,"county_name":"Prince George's","state_code":"MD","county_state":"Prince George's County, MD","county_fips":"24033","risk_level_county":"Medium Risk (70–79% vaccinated)","mean_vaccination_rate_county":71.11,"risk_level_zcta":"Higher Risk (60–69% vaccinated)","mean_vaccination_rate_zips":67.9,"cases":11},"geometry":{"type":"Polygon","coordinates":[[[-76.957941,38.948807],[-76.960406,38.949045],[-76.962314,38.948535],[-76.962021,38.943245],[-76.960876,38.941021],[-76.957426,38.941314],[-76.957111,38.936307],[-76.955712,38.934943],[-76.958798975852,38.9316324346594],[-76.9419210679896,38.918586499498396],[-76.9419204562069,38.918586026615294],[-76.940231,38.919932],[-76.938507,38.922754],[-76.93944,38.933269],[-76.940616,38.936426],[-76.944301,38.939453],[-76.944535,38.942405],[-76.945116,38.943987],[-76.947441,38.945624],[-76.953624,38.948651],[-76.956372,38.948976],[-76.957941,38.948807]]]}},{"type":"Feature","properties":{"zcta5":"20737","AFFGEOID10":"8600000US20737","GEOID10":"20737","ALAND10":10717479,"AWATER10":76042,"county_name":"Prince George's","state_code":"MD","county_state":"Prince George's County, MD","county_fips":"24033","risk_level_county":"Medium Risk (70–79% vaccinated)","mean_vaccination_rate_county":71.11,"risk_level_zcta":"Medium Risk (70–79% vaccinated)","mean_vaccination_rate_zips":70,"cases":11},"geometry":{"type":"Polygon","coordinates":[[[-76.942611,38.965869],[-76.942811,38.961419],[-76.939547,38.961524],[-76.939966,38.95845],[-76.93722,38.958446],[-76.937742,38.959832],[-76.935131,38.962599],[-76.937157,38.957641],[-76.935776,38.957634],[-76.934117,38.951565],[-76.931675,38.951515],[-76.930526,38.952424],[-76.928509,38.955412],[-76.924587,38.953974],[-76.923975,38.95547],[-76.923075,38.955301],[-76.9234,38.953405],[-76.921709,38.95305],[-76.921102,38.953917],[-76.918997,38.953764],[-76.918956,38.95237],[-76.916783,38.951181],[-76.915626,38.951782],[-76.915593,38.952843],[-76.909422,38.953109],[-76.905106,38.951856],[-76.902898,38.950075],[-76.900937,38.94927],[-76.90186,38.9517],[-76.899558,38.952448],[-76.898134,38.951782],[-76.897512,38.952661],[-76.891902,38.952026],[-76.886469,38.950292],[-76.885392,38.951747],[-76.888952,38.955563],[-76.893741,38.960243],[-76.894697,38.960731],[-76.895983,38.96316],[-76.897016,38.963329],[-76.896502,38.96519],[-76.895784,38.965077],[-76.892822,38.966781],[-76.890995,38.967706],[-76.891099,38.969208],[-76.894298,38.97021],[-76.893413,38.972291],[-76.899087,38.972509],[-76.895018,38.977696],[-76.894303,38.979065],[-76.893504,38.982236],[-76.895507,38.982358],[-76.902395,38.983209],[-76.903559,38.982638],[-76.909363,38.981882],[-76.911824,38.979448],[-76.912366,38.97607],[-76.913436,38.973526],[-76.915144,38.972167],[-76.916859,38.972741],[-76.919335,38.975018],[-76.92608,38.975429],[-76.925275,38.977308],[-76.926697,38.97859],[-76.927494,38.980993],[-76.928691,38.978149],[-76.931384,38.971651],[-76.938034,38.971982],[-76.939128,38.964706],[-76.942611,38.965869]]]}},{"type":"Feature","properties":{"zcta5":"20745","AFFGEOID10":"8600000US20745","GEOID10":"20745","ALAND10":16745385,"AWATER10":260777,"county_name":"Prince George's","state_code":"MD","county_state":"Prince George's County, MD","county_fips":"24033","risk_level_county":"Medium Risk (70–79% vaccinated)","mean_vaccination_rate_county":71.11,"risk_level_zcta":"Higher Risk (60–69% vaccinated)","mean_vaccination_rate_zips":67.08,"cases":11},"geometry":{"type":"Polygon","coordinates":[[[-77.0223586161838,38.804865879572],[-77.02245112600168,38.8047924109012],[-77.021713,38.802761],[-77.019162,38.798999],[-77.017428,38.797658],[-77.013852,38.795965],[-77.016748,38.794987],[-77.022774,38.793572],[-77.025577,38.793198],[-77.024786,38.792213],[-77.021989,38.791125],[-77.023079,38.79272],[-77.019974,38.793176],[-77.016624,38.79183],[-77.014608,38.789284],[-77.014595,38.78771],[-77.016763,38.78622],[-77.017487,38.784185],[-77.017226,38.782914],[-77.014626,38.781744],[-77.01523,38.780973],[-77.01277,38.779845],[-77.011029,38.782098],[-77.00675,38.780715],[-77.006488,38.779555],[-77.002486,38.779957],[-76.998578,38.779293],[-76.997773,38.780248],[-76.993915,38.780972],[-76.992357,38.782406],[-76.990976,38.78541],[-76.990023,38.785023],[-76.990684,38.786049],[-76.989324,38.78965],[-76.986495,38.792351],[-76.982555,38.798311],[-76.974714,38.804381],[-76.966025,38.813036],[-76.963803,38.814624],[-76.963253,38.816033],[-76.966674,38.820214],[-76.970163,38.823562],[-76.973935,38.824883],[-76.979776,38.82887],[-76.97597,38.829263],[-76.975806,38.832648],[-76.976255,38.833552],[-76.977919,38.833776],[-76.9781633971698,38.8388819421955],[-76.979497,38.837812],[-76.992697,38.828213],[-76.999997,38.821913],[-77.001397,38.821513],[-77.0223586161838,38.804865879572]]]}}]}