{"type":"FeatureCollection","features":[{"type":"Feature","properties":{"zcta5":"95526","AFFGEOID10":"8600000US95526","GEOID10":"95526","ALAND10":285110184,"AWATER10":468511,"county_name":"Trinity","state_code":"CA","county_state":"Trinity County, CA","county_fips":"06105","risk_level_county":"Medium Risk (70–79% vaccinated)","mean_vaccination_rate_county":76.03,"risk_level_zcta":"Medium Risk (70–79% vaccinated)","mean_vaccination_rate_zips":72.85,"cases":25},"geometry":{"type":"Polygon","coordinates":[[[-123.828494,40.52964],[-123.827916,40.527501],[-123.828635,40.527164],[-123.829016,40.524625],[-123.827492,40.523817],[-123.827924,40.522579],[-123.826162,40.521477],[-123.826439,40.520057],[-123.825473,40.518487],[-123.825802,40.51612],[-123.823596,40.51552],[-123.821465,40.513146],[-123.821961,40.512176],[-123.821057,40.510036],[-123.792586,40.488747],[-123.780723,40.483433],[-123.782218,40.480783],[-123.78245,40.478396],[-123.796919,40.47369],[-123.800662,40.471079],[-123.800947,40.466661],[-123.804013,40.46449],[-123.804822,40.461536],[-123.804387,40.458726],[-123.803466,40.456502],[-123.80077,40.454265],[-123.799586,40.451575],[-123.797426,40.450346],[-123.79535,40.447592],[-123.795162,40.445073],[-123.791938,40.443218],[-123.787838,40.442366],[-123.783516,40.438076],[-123.781334,40.432202],[-123.782599,40.431736],[-123.783418,40.432631],[-123.785124,40.432882],[-123.787352,40.431346],[-123.789946,40.431194],[-123.792362,40.429903],[-123.794687,40.42969],[-123.794923,40.42796],[-123.797152,40.426671],[-123.801213,40.425297],[-123.801871,40.424665],[-123.801989,40.422152],[-123.804731,40.422698],[-123.808165,40.42195],[-123.810586,40.422983],[-123.815548,40.424383],[-123.816905,40.424323],[-123.817686,40.42564],[-123.82023,40.427542],[-123.821987,40.426932],[-123.823769,40.427113],[-123.824767,40.428183],[-123.827148,40.426975],[-123.828921,40.426904],[-123.831834,40.42517],[-123.834698,40.426367],[-123.83486,40.427345],[-123.838361,40.425384],[-123.839354,40.425671],[-123.842724,40.423212],[-123.844578,40.420823],[-123.844207,40.420089],[-123.842611,40.4206],[-123.839676,40.420282],[-123.84218,40.417438],[-123.843067,40.414374],[-123.841934,40.413482],[-123.838457,40.412526],[-123.837416,40.413334],[-123.835795,40.412966],[-123.833739,40.413514],[-123.829265,40.413396],[-123.830473,40.412116],[-123.834633,40.409735],[-123.836788,40.407996],[-123.839781,40.407858],[-123.841726,40.407125],[-123.840528,40.405386],[-123.840558,40.404196],[-123.83945,40.403419],[-123.836038,40.403763],[-123.835378,40.400674],[-123.831068,40.400674],[-123.832116,40.398981],[-123.831696,40.397814],[-123.825441,40.395824],[-123.820174,40.395367],[-123.817329,40.393925],[-123.816132,40.392644],[-123.814546,40.394749],[-123.813349,40.394589],[-123.813289,40.392164],[-123.809728,40.391431],[-123.807274,40.389806],[-123.806466,40.390058],[-123.805808,40.391156],[-123.803294,40.391294],[-123.802276,40.392506],[-123.798565,40.394908],[-123.794345,40.396967],[-123.794404,40.3985],[-123.789973,40.402298],[-123.787669,40.402938],[-123.78689,40.404471],[-123.783986,40.40621],[-123.78222,40.406003],[-123.780393,40.406758],[-123.779945,40.405133],[-123.77782,40.405087],[-123.773391,40.404261],[-123.771356,40.402842],[-123.766986,40.403367],[-123.767047,40.402108],[-123.76519,40.401696],[-123.765192,40.399865],[-123.760734,40.398011],[-123.761453,40.396089],[-123.758971,40.394005],[-123.75963,40.392953],[-123.758046,40.391122],[-123.755742,40.389816],[-123.755597,40.385125],[-123.75482,40.383546],[-123.751148,40.383235],[-123.744065,40.384736],[-123.742239,40.386562],[-123.740816,40.376787],[-123.734347,40.369059],[-123.73267,40.369736],[-123.729935,40.372829],[-123.728858,40.37315],[-123.728468,40.375224],[-123.725597,40.377055],[-123.7209,40.377537],[-123.720421,40.375798],[-123.71713,40.376119],[-123.716232,40.376692],[-123.716352,40.377973],[-123.715067,40.379827],[-123.712255,40.381475],[-123.711896,40.384038],[-123.707947,40.384199],[-123.707678,40.385572],[-123.709055,40.387379],[-123.707319,40.387494],[-123.706871,40.389462],[-123.704387,40.39063],[-123.704358,40.392918],[-123.702084,40.393399],[-123.70331,40.392277],[-123.695392,40.391665],[-123.693212,40.390241],[-123.688221,40.388839],[-123.685537,40.388843],[-123.679792,40.389753],[-123.672561,40.389368],[-123.666699,40.389416],[-123.663111,40.390387],[-123.658946,40.390245],[-123.656906,40.388648],[-123.656386,40.38674],[-123.649121,40.380506],[-123.643002,40.376677],[-123.641804,40.376605],[-123.639579,40.374962],[-123.637229,40.374092],[-123.63662,40.375261],[-123.637937,40.37752],[-123.635492,40.379028],[-123.633766,40.381514],[-123.632463,40.381803],[-123.631817,40.380051],[-123.630615,40.381578],[-123.628283,40.382803],[-123.626874,40.381016],[-123.625042,40.381919],[-123.623713,40.384263],[-123.619393,40.385858],[-123.617777,40.385675],[-123.616279,40.383937],[-123.613975,40.383001],[-123.612808,40.383368],[-123.612689,40.385198],[-123.611463,40.385588],[-123.610505,40.384696],[-123.609608,40.38568],[-123.610867,40.388928],[-123.609761,40.39053],[-123.608462,40.39456],[-123.606262,40.394605],[-123.608897,40.396572],[-123.609265,40.397998],[-123.608765,40.400742],[-123.60946,40.40291],[-123.609208,40.403481],[-123.60522,40.403781],[-123.600457,40.405957],[-123.598567,40.406003],[-123.594998,40.407537],[-123.594572,40.410351],[-123.593732,40.411244],[-123.590312,40.41248],[-123.586709,40.413374],[-123.586176,40.41536],[-123.590115,40.416812],[-123.59066,40.419244],[-123.588629,40.420779],[-123.590411,40.421354],[-123.588764,40.42245],[-123.589554,40.423639],[-123.586525,40.42465],[-123.586298,40.425411],[-123.588013,40.42684],[-123.59129,40.427348],[-123.588615,40.428123],[-123.58765,40.429718],[-123.589226,40.43045],[-123.588832,40.431809],[-123.590891,40.432566],[-123.591978,40.434398],[-123.595069,40.434328],[-123.59579,40.435464],[-123.594721,40.437254],[-123.596422,40.438413],[-123.596814,40.439863],[-123.599659,40.441871],[-123.60142,40.443733],[-123.604488,40.444297],[-123.605778,40.445748],[-123.603417,40.446375],[-123.601349,40.446202],[-123.601317,40.447117],[-123.599651,40.446758],[-123.598892,40.447347],[-123.599314,40.44902],[-123.597373,40.450997],[-123.59474,40.452136],[-123.593493,40.454112],[-123.591322,40.454094],[-123.590909,40.45515],[-123.592739,40.456727],[-123.592406,40.457421],[-123.59166,40.457241],[-123.589304,40.45499],[-123.588538,40.45367],[-123.582278,40.452361],[-123.579931,40.450647],[-123.578485,40.450136],[-123.575422,40.450484],[-123.573963,40.452249],[-123.575002,40.454249],[-123.572527,40.454958],[-123.573498,40.456017],[-123.574295,40.458501],[-123.575639,40.459211],[-123.573814,40.459963],[-123.571729,40.461953],[-123.57282,40.462025],[-123.572406,40.463414],[-123.570201,40.464427],[-123.568902,40.463787],[-123.567525,40.461542],[-123.5669,40.460263],[-123.56587,40.462312],[-123.567364,40.464566],[-123.564497,40.462491],[-123.564308,40.461806],[-123.560653,40.461634],[-123.558604,40.46269],[-123.556471,40.461972],[-123.556264,40.460224],[-123.553266,40.457629],[-123.552038,40.457601],[-123.552609,40.454674],[-123.551254,40.452723],[-123.547816,40.453188],[-123.547107,40.452141],[-123.544356,40.451552],[-123.544266,40.498684],[-123.546968,40.499865],[-123.547943,40.501264],[-123.552784,40.501403],[-123.556956,40.501071],[-123.558101,40.500327],[-123.561825,40.501594],[-123.56525,40.501184],[-123.569786,40.50224],[-123.578713,40.502975],[-123.585521,40.500745],[-123.588712,40.502004],[-123.59177,40.50492],[-123.594342,40.506588],[-123.597892,40.508183],[-123.600154,40.511737],[-123.605479,40.516727],[-123.610509,40.520232],[-123.616349,40.522693],[-123.6206,40.522637],[-123.623617,40.524041],[-123.624389,40.525396],[-123.627896,40.527169],[-123.629408,40.529975],[-123.632798,40.531541],[-123.633522,40.532789],[-123.632727,40.535054],[-123.634128,40.536096],[-123.632678,40.537901],[-123.629931,40.53853],[-123.626145,40.542014],[-123.620497,40.543341],[-123.621214,40.546126],[-123.622869,40.549181],[-123.663315,40.54923],[-123.663112,40.542299],[-123.663293,40.539636],[-123.663339,40.515671],[-123.665495,40.513802],[-123.667698,40.514041],[-123.668469,40.513418],[-123.671174,40.51461],[-123.671283,40.515948],[-123.673198,40.51669],[-123.676343,40.516811],[-123.679423,40.515958],[-123.679675,40.517565],[-123.685137,40.518022],[-123.685524,40.520945],[-123.686482,40.522267],[-123.685482,40.525323],[-123.683818,40.526056],[-123.684267,40.526961],[-123.688261,40.525607],[-123.69006,40.525539],[-123.693838,40.523227],[-123.692788,40.52023],[-123.693806,40.518285],[-123.693866,40.513708],[-123.695815,40.511855],[-123.695694,40.508354],[-123.691947,40.506226],[-123.689549,40.505356],[-123.688073,40.503871],[-123.689998,40.505105],[-123.691707,40.505013],[-123.694885,40.505791],[-123.696503,40.50531],[-123.69986,40.502816],[-123.69944,40.501489],[-123.696323,40.501558],[-123.697433,40.49923],[-123.699861,40.499376],[-123.703938,40.498474],[-123.704177,40.497673],[-123.701149,40.496049],[-123.699021,40.495477],[-123.70079,40.495179],[-123.701988,40.493944],[-123.701928,40.491884],[-123.704685,40.491564],[-123.707982,40.492021],[-123.709301,40.491005],[-123.711014,40.492481],[-123.717919,40.492516],[-123.721727,40.494098],[-123.723092,40.495919],[-123.724759,40.496219],[-123.72577,40.494899],[-123.728926,40.494154],[-123.729425,40.493018],[-123.73521,40.492295],[-123.73724,40.492592],[-123.741375,40.490906],[-123.743192,40.490877],[-123.745352,40.492193],[-123.745927,40.494498],[-123.75035,40.498613],[-123.750499,40.500809],[-123.751472,40.504564],[-123.752583,40.5059],[-123.750509,40.506743],[-123.750516,40.508382],[-123.751588,40.510501],[-123.753543,40.510933],[-123.754773,40.512104],[-123.757824,40.513493],[-123.761448,40.511702],[-123.764708,40.513273],[-123.767639,40.51537],[-123.768086,40.516428],[-123.771016,40.518985],[-123.767808,40.518802],[-123.76337,40.520448],[-123.760229,40.52093],[-123.763997,40.524292],[-123.764325,40.527015],[-123.766365,40.526742],[-123.768283,40.528687],[-123.772361,40.528506],[-123.77431,40.52917],[-123.779917,40.529057],[-123.783606,40.528532],[-123.784536,40.52748],[-123.788195,40.52581],[-123.788345,40.524552],[-123.791674,40.523797],[-123.791644,40.522951],[-123.795182,40.523706],[-123.796172,40.523272],[-123.800519,40.523341],[-123.804447,40.524211],[-123.80535,40.526518],[-123.807934,40.529944],[-123.809586,40.530607],[-123.811121,40.534627],[-123.810763,40.536273],[-123.811905,40.537277],[-123.813741,40.542028],[-123.811372,40.544822],[-123.813866,40.547249],[-123.813323,40.549534],[-123.815158,40.549119],[-123.816727,40.547471],[-123.822323,40.549274],[-123.824882,40.547661],[-123.824911,40.544836],[-123.824005,40.543508],[-123.824154,40.542082],[-123.822735,40.540185],[-123.82332,40.539375],[-123.82241,40.537925],[-123.823563,40.536224],[-123.823715,40.534682],[-123.826788,40.533179],[-123.827281,40.530848],[-123.828494,40.52964]],[[-123.742239,40.386562],[-123.74249,40.388887],[-123.743943,40.390206],[-123.745902,40.390075],[-123.747094,40.39274],[-123.745011,40.395693],[-123.741079,40.397945],[-123.742432,40.400672],[-123.744786,40.401029],[-123.747464,40.405705],[-123.750178,40.406132],[-123.751118,40.407907],[-123.754824,40.407774],[-123.762197,40.415154],[-123.75887,40.414445],[-123.745046,40.405389],[-123.74407,40.403969],[-123.740957,40.404999],[-123.739036,40.403096],[-123.73614,40.402274],[-123.733253,40.40393],[-123.732616,40.402842],[-123.733452,40.399844],[-123.735696,40.398355],[-123.735515,40.396982],[-123.736807,40.391388],[-123.739841,40.389215],[-123.741343,40.386646],[-123.742239,40.386562]]]}},{"type":"Feature","properties":{"zcta5":"96041","AFFGEOID10":"8600000US96041","GEOID10":"96041","ALAND10":852321189,"AWATER10":58222,"county_name":"Trinity","state_code":"CA","county_state":"Trinity County, CA","county_fips":"06105","risk_level_county":"Medium Risk (70–79% vaccinated)","mean_vaccination_rate_county":76.03,"risk_level_zcta":"Higher Risk (60–69% vaccinated)","mean_vaccination_rate_zips":66.65,"cases":25},"geometry":{"type":"Polygon","coordinates":[[[-123.390646,40.477338],[-123.390715,40.475162],[-123.389906,40.472403],[-123.389036,40.47137],[-123.388426,40.468701],[-123.386823,40.468215],[-123.385549,40.466837],[-123.386045,40.465434],[-123.383894,40.461531],[-123.377683,40.459016],[-123.368611,40.458437],[-123.367269,40.45722],[-123.362744,40.458014],[-123.361424,40.455374],[-123.359143,40.454926],[-123.358441,40.453797],[-123.356854,40.450636],[-123.357725,40.444185],[-123.356735,40.443067],[-123.35449,40.443597],[-123.349788,40.439734],[-123.347272,40.43866],[-123.34218,40.438913],[-123.340173,40.437311],[-123.338405,40.434566],[-123.337358,40.433901],[-123.335505,40.434714],[-123.334339,40.433499],[-123.329104,40.433942],[-123.325871,40.434759],[-123.323942,40.432728],[-123.321913,40.432392],[-123.320633,40.433814],[-123.318363,40.43422],[-123.317692,40.43746],[-123.315475,40.436812],[-123.313707,40.438932],[-123.312455,40.43726],[-123.312279,40.435356],[-123.309741,40.434135],[-123.311034,40.432457],[-123.310771,40.430231],[-123.308083,40.428253],[-123.305066,40.428839],[-123.305369,40.430596],[-123.303007,40.430796],[-123.301216,40.429187],[-123.298767,40.428631],[-123.295991,40.431411],[-123.297193,40.433715],[-123.29558,40.434852],[-123.293501,40.432908],[-123.291402,40.42949],[-123.286744,40.42887],[-123.285982,40.427465],[-123.283693,40.42575],[-123.284097,40.424301],[-123.283658,40.422035],[-123.279885,40.420355],[-123.28188,40.41864],[-123.280828,40.417976],[-123.280581,40.416054],[-123.283265,40.415232],[-123.282984,40.412281],[-123.281511,40.411023],[-123.2812,40.408323],[-123.283492,40.408174],[-123.284349,40.40634],[-123.285768,40.405175],[-123.287309,40.404455],[-123.289506,40.405584],[-123.292551,40.4045],[-123.294382,40.404662],[-123.296175,40.403306],[-123.299257,40.402726],[-123.298586,40.399566],[-123.299608,40.398027],[-123.29912,40.396546],[-123.301897,40.393737],[-123.30076,40.391078],[-123.300371,40.387894],[-123.298558,40.386171],[-123.296414,40.388069],[-123.286932,40.392287],[-123.273671,40.393989],[-123.275466,40.392194],[-123.277459,40.392181],[-123.278795,40.390902],[-123.281518,40.389627],[-123.283561,40.388037],[-123.286295,40.387696],[-123.288931,40.388234],[-123.291001,40.386698],[-123.292756,40.386162],[-123.294482,40.384519],[-123.297689,40.383283],[-123.29994,40.380707],[-123.299556,40.378918],[-123.301678,40.376331],[-123.304402,40.37505],[-123.306023,40.373222],[-123.309341,40.372038],[-123.312721,40.372237],[-123.313093,40.371481],[-123.313255,40.370239],[-123.310437,40.369113],[-123.310138,40.36742],[-123.311155,40.366664],[-123.313832,40.368457],[-123.327398,40.356755],[-123.329372,40.356045],[-123.327818,40.35502],[-123.325342,40.352081],[-123.325796,40.349277],[-123.32414,40.348504],[-123.32407,40.347062],[-123.3225,40.34719],[-123.321276,40.345258],[-123.320617,40.341257],[-123.319109,40.339191],[-123.315689,40.337444],[-123.315471,40.335079],[-123.313791,40.334617],[-123.313428,40.333492],[-123.309177,40.332042],[-123.305576,40.330355],[-123.304305,40.32775],[-123.304614,40.325555],[-123.299942,40.323594],[-123.300219,40.322336],[-123.297943,40.324169],[-123.295281,40.329234],[-123.295616,40.330923],[-123.291969,40.333378],[-123.287719,40.336785],[-123.285027,40.334274],[-123.283493,40.333165],[-123.283874,40.331096],[-123.282577,40.32987],[-123.281799,40.327507],[-123.279083,40.327067],[-123.2789,40.32805],[-123.276603,40.328717],[-123.271537,40.325536],[-123.26786,40.326418],[-123.267005,40.325407],[-123.26786,40.321499],[-123.26609,40.319859],[-123.264083,40.318913],[-123.261558,40.321707],[-123.257323,40.321131],[-123.255393,40.318068],[-123.255317,40.315491],[-123.251135,40.313721],[-123.247939,40.313264],[-123.246931,40.31187],[-123.246009,40.308444],[-123.244048,40.306177],[-123.241988,40.30474],[-123.238112,40.304775],[-123.236662,40.304053],[-123.235853,40.301879],[-123.232397,40.299215],[-123.232328,40.295733],[-123.231726,40.294373],[-123.229864,40.293629],[-123.226522,40.290947],[-123.221311,40.28906],[-123.219938,40.28913],[-123.217588,40.287838],[-123.212857,40.286765],[-123.208631,40.284809],[-123.204266,40.283344],[-123.200261,40.279585],[-123.196294,40.279619],[-123.196347,40.277781],[-123.195096,40.278359],[-123.192952,40.277539],[-123.193173,40.276106],[-123.195195,40.275084],[-123.193517,40.274722],[-123.190587,40.27511],[-123.188755,40.273955],[-123.183987,40.27399],[-123.182057,40.273024],[-123.181805,40.274885],[-123.179684,40.278866],[-123.176854,40.279965],[-123.177113,40.282267],[-123.168606,40.287505],[-123.167523,40.28907],[-123.165524,40.290027],[-123.161526,40.292853],[-123.155827,40.294811],[-123.155057,40.296925],[-123.15334,40.294172],[-123.154924,40.292838],[-123.15476,40.291948],[-123.151653,40.289983],[-123.14803,40.290594],[-123.148836,40.288853],[-123.148035,40.287222],[-123.150059,40.286011],[-123.150773,40.282944],[-123.152709,40.284306],[-123.154883,40.284341],[-123.154406,40.282294],[-123.151355,40.281468],[-123.150079,40.281303],[-123.145938,40.28264],[-123.140709,40.283647],[-123.138928,40.285792],[-123.137498,40.286464],[-123.13666,40.288727],[-123.134932,40.291441],[-123.134841,40.293749],[-123.137446,40.298817],[-123.136803,40.301152],[-123.134946,40.302179],[-123.132608,40.302461],[-123.130152,40.304589],[-123.128413,40.30532],[-123.125895,40.305374],[-123.126273,40.308004],[-123.122649,40.308954],[-123.12091,40.311159],[-123.120375,40.30864],[-123.118607,40.306855],[-123.11596,40.310907],[-123.11185,40.311009],[-123.110281,40.309132],[-123.107176,40.30793],[-123.103712,40.310902],[-123.107085,40.310397],[-123.108611,40.31077],[-123.110832,40.312695],[-123.113593,40.314042],[-123.119075,40.314939],[-123.121676,40.316419],[-123.122781,40.318057],[-123.127184,40.317914],[-123.129134,40.320406],[-123.133344,40.321343],[-123.134879,40.322116],[-123.134729,40.325493],[-123.135452,40.326563],[-123.135509,40.331853],[-123.13285,40.335375],[-123.132274,40.338484],[-123.135029,40.339451],[-123.136384,40.340934],[-123.138858,40.341143],[-123.140753,40.343014],[-123.145666,40.344265],[-123.14642,40.345067],[-123.148611,40.344934],[-123.152157,40.346738],[-123.153503,40.347938],[-123.155722,40.348186],[-123.155324,40.35067],[-123.156196,40.353396],[-123.161443,40.35531],[-123.162722,40.358213],[-123.166202,40.359437],[-123.171174,40.360588],[-123.173612,40.35983],[-123.177843,40.359584],[-123.181565,40.360481],[-123.182592,40.361526],[-123.185472,40.362416],[-123.187188,40.364862],[-123.192681,40.36495],[-123.195384,40.366663],[-123.197068,40.368606],[-123.198772,40.369219],[-123.199297,40.36651],[-123.198693,40.365412],[-123.199689,40.364049],[-123.201451,40.366321],[-123.201433,40.367452],[-123.204059,40.369647],[-123.204556,40.371267],[-123.205702,40.371541],[-123.207186,40.375357],[-123.208503,40.376284],[-123.208415,40.380518],[-123.20644,40.382554],[-123.207009,40.383744],[-123.209103,40.382897],[-123.209254,40.384842],[-123.211708,40.385849],[-123.215249,40.388724],[-123.219828,40.390783],[-123.220222,40.393257],[-123.219139,40.39427],[-123.216324,40.393546],[-123.212593,40.394571],[-123.210739,40.394335],[-123.209495,40.395973],[-123.207023,40.397545],[-123.203239,40.397628],[-123.19812,40.400745],[-123.195335,40.400007],[-123.192306,40.397539],[-123.189048,40.397224],[-123.19096,40.397694],[-123.191359,40.399934],[-123.18992,40.402769],[-123.187851,40.405554],[-123.188957,40.407028],[-123.186434,40.40928],[-123.185648,40.410903],[-123.1863,40.412044],[-123.185778,40.414576],[-123.184393,40.417694],[-123.187216,40.419004],[-123.188449,40.421589],[-123.190062,40.421489],[-123.191673,40.422614],[-123.192081,40.424182],[-123.190892,40.425735],[-123.192859,40.42647],[-123.191792,40.428132],[-123.193296,40.430688],[-123.191085,40.431379],[-123.193176,40.433956],[-123.196061,40.433199],[-123.196266,40.434381],[-123.198236,40.434645],[-123.202217,40.43846],[-123.201354,40.439524],[-123.203823,40.439401],[-123.20339,40.44033],[-123.199341,40.443771],[-123.199064,40.444495],[-123.194687,40.445743],[-123.191637,40.447123],[-123.188998,40.446986],[-123.187387,40.444478],[-123.185163,40.444542],[-123.181958,40.443149],[-123.180245,40.444147],[-123.17726,40.443875],[-123.174502,40.441968],[-123.172552,40.442191],[-123.170217,40.441502],[-123.169648,40.440563],[-123.166055,40.439899],[-123.165845,40.440792],[-123.167462,40.441616],[-123.16791,40.443469],[-123.167169,40.444422],[-123.1661,40.442036],[-123.164543,40.442023],[-123.163526,40.44096],[-123.159878,40.43966],[-123.157304,40.437084],[-123.159343,40.435922],[-123.158875,40.434875],[-123.159936,40.432856],[-123.156096,40.434559],[-123.155927,40.43582],[-123.152768,40.435374],[-123.152582,40.432048],[-123.153541,40.430927],[-123.151535,40.4304],[-123.150966,40.429004],[-123.153002,40.429416],[-123.150938,40.426898],[-123.148334,40.425387],[-123.146628,40.422778],[-123.14633,40.419528],[-123.144714,40.419116],[-123.145333,40.41795],[-123.146786,40.418478],[-123.147827,40.415116],[-123.149074,40.414935],[-123.148984,40.412122],[-123.152674,40.411975],[-123.153262,40.412966],[-123.15638,40.414839],[-123.156634,40.412794],[-123.160022,40.415139],[-123.159829,40.416024],[-123.163154,40.417878],[-123.165282,40.417546],[-123.16283,40.413904],[-123.164387,40.413286],[-123.165586,40.409671],[-123.166634,40.407817],[-123.165646,40.406361],[-123.162254,40.406192],[-123.157354,40.403266],[-123.154485,40.403321],[-123.152722,40.402732],[-123.15192,40.404021],[-123.150254,40.403333],[-123.147973,40.406432],[-123.146591,40.405567],[-123.145387,40.40345],[-123.143647,40.402883],[-123.140104,40.40326],[-123.1371,40.402503],[-123.136328,40.400497],[-123.134563,40.400774],[-123.132167,40.398456],[-123.131207,40.398479],[-123.129792,40.396696],[-123.128633,40.397949],[-123.129579,40.399204],[-123.128861,40.401534],[-123.124186,40.399721],[-123.121612,40.401008],[-123.120355,40.400712],[-123.121312,40.399274],[-123.112755,40.397747],[-123.112334,40.399716],[-123.108282,40.401999],[-123.107801,40.403153],[-123.109228,40.406647],[-123.108359,40.410333],[-123.105612,40.413092],[-123.105304,40.414205],[-123.105566,40.41957],[-123.107565,40.42164],[-123.106138,40.42381],[-123.107567,40.425374],[-123.111292,40.424831],[-123.112935,40.425703],[-123.115302,40.425624],[-123.114249,40.426233],[-123.114379,40.470582],[-123.105911,40.470943],[-123.106583,40.472304],[-123.108513,40.472392],[-123.110075,40.47543],[-123.107577,40.476197],[-123.102716,40.476315],[-123.102352,40.477772],[-123.103877,40.479309],[-123.105228,40.482125],[-123.106667,40.488954],[-123.105239,40.490358],[-123.104521,40.492509],[-123.104405,40.495476],[-123.101526,40.49855],[-123.094852,40.50074],[-123.093499,40.501463],[-123.087999,40.502916],[-123.083821,40.503652],[-123.079292,40.4992],[-123.079595,40.497695],[-123.076763,40.492256],[-123.073429,40.49038],[-123.071328,40.490749],[-123.070796,40.48959],[-123.069192,40.48929],[-123.06841,40.489928],[-123.063895,40.491595],[-123.058522,40.494566],[-123.053967,40.495696],[-123.050002,40.497398],[-123.046184,40.498179],[-123.041664,40.501975],[-123.038943,40.502836],[-123.034323,40.500825],[-123.031747,40.500081],[-123.025428,40.499696],[-123.020816,40.498951],[-123.018233,40.499116],[-123.015914,40.500843],[-123.014198,40.500646],[-123.012878,40.501498],[-123.011679,40.503647],[-123.006229,40.502737],[-123.000597,40.503215],[-122.998587,40.501203],[-122.993704,40.501291],[-122.989066,40.500631],[-122.988204,40.500071],[-122.984941,40.499872],[-122.981656,40.50022],[-122.977453,40.50332],[-122.975983,40.503526],[-122.972625,40.502012],[-122.969092,40.504358],[-122.97017,40.507471],[-122.969087,40.508281],[-122.969642,40.509835],[-122.96856,40.512506],[-122.96847,40.515417],[-122.969682,40.518113],[-122.97156,40.519623],[-122.971054,40.520734],[-122.974241,40.524131],[-122.974313,40.526802],[-122.973513,40.530529],[-122.974712,40.532932],[-122.97367,40.535819],[-122.975315,40.540644],[-122.976939,40.542993],[-122.978119,40.543458],[-122.980347,40.547546],[-122.984354,40.553518],[-122.987314,40.555608],[-122.987529,40.55635],[-122.990849,40.559422],[-122.992551,40.559721],[-122.995421,40.561376],[-122.998764,40.56208],[-122.997543,40.569718],[-122.998573,40.572416],[-123.001037,40.577065],[-123.005424,40.584402],[-123.006973,40.585713],[-123.00914,40.586438],[-123.012012,40.590604],[-123.010854,40.591081],[-123.011081,40.593757],[-123.009945,40.594659],[-123.011584,40.596468],[-123.011012,40.59807],[-123.011401,40.60045],[-123.013351,40.602716],[-123.016682,40.60496],[-123.019742,40.608119],[-123.020071,40.610018],[-123.019309,40.611702],[-123.021731,40.611396],[-123.022497,40.612336],[-123.024367,40.611807],[-123.027092,40.613358],[-123.032432,40.614182],[-123.033177,40.613453],[-123.033624,40.616539],[-123.036468,40.615788],[-123.036061,40.617621],[-123.036993,40.620725],[-123.038397,40.620699],[-123.04069,40.622603],[-123.04155,40.624866],[-123.043186,40.625598],[-123.044687,40.627452],[-123.043966,40.62942],[-123.04533,40.630058],[-123.046458,40.634706],[-123.049491,40.636033],[-123.051653,40.635919],[-123.04919,40.637223],[-123.052645,40.636858],[-123.05685,40.637201],[-123.058081,40.638277],[-123.061656,40.637613],[-123.06544,40.638918],[-123.068234,40.63846],[-123.07349,40.633828],[-123.076372,40.633054],[-123.078977,40.633544],[-123.080969,40.633033],[-123.079989,40.629386],[-123.081991,40.632165],[-123.083725,40.633085],[-123.087843,40.63329],[-123.088303,40.632625],[-123.091905,40.633857],[-123.0898,40.634843],[-123.092174,40.637884],[-123.095442,40.641016],[-123.100551,40.640593],[-123.102155,40.639766],[-123.104147,40.640174],[-123.107723,40.640123],[-123.109378,40.641717],[-123.113629,40.642381],[-123.114514,40.643003],[-123.116544,40.641786],[-123.118921,40.64115],[-123.119525,40.639811],[-123.122239,40.642983],[-123.12199,40.644536],[-123.120137,40.647771],[-123.120859,40.648247],[-123.125855,40.646167],[-123.127841,40.646882],[-123.129638,40.646621],[-123.131429,40.645314],[-123.132113,40.646068],[-123.134236,40.645975],[-123.132223,40.646546],[-123.130569,40.648307],[-123.12614,40.64795],[-123.124385,40.648763],[-123.124091,40.650826],[-123.122075,40.652792],[-123.12309,40.654197],[-123.117777,40.655975],[-123.116571,40.655372],[-123.11135,40.657273],[-123.109746,40.656752],[-123.107538,40.658587],[-123.107536,40.660346],[-123.105526,40.66163],[-123.105148,40.664818],[-123.106671,40.666269],[-123.110339,40.668357],[-123.111211,40.669478],[-123.111062,40.671377],[-123.112445,40.672155],[-123.111486,40.675336],[-123.108962,40.676161],[-123.111096,40.677281],[-123.108873,40.677648],[-123.10704,40.678679],[-123.105779,40.68051],[-123.10695,40.690288],[-123.109137,40.693292],[-123.109561,40.695459],[-123.111034,40.697431],[-123.112099,40.702112],[-123.111623,40.703602],[-123.111628,40.70627],[-123.11392,40.707854],[-123.120433,40.707172],[-123.122842,40.710001],[-123.125008,40.711636],[-123.127086,40.712342],[-123.129661,40.711831],[-123.135012,40.712291],[-123.136574,40.710226],[-123.138133,40.710078],[-123.141665,40.707759],[-123.143784,40.705824],[-123.144419,40.700707],[-123.145441,40.697818],[-123.147425,40.695727],[-123.149739,40.695888],[-123.15582,40.694316],[-123.158603,40.692362],[-123.160205,40.691839],[-123.161548,40.688264],[-123.167131,40.685129],[-123.169992,40.682345],[-123.172235,40.681569],[-123.1742,40.679063],[-123.176112,40.677837],[-123.179628,40.676548],[-123.182281,40.676753],[-123.183912,40.674804],[-123.188233,40.673623],[-123.191038,40.671821],[-123.193022,40.668041],[-123.194355,40.667423],[-123.198292,40.668593],[-123.202505,40.670578],[-123.202507,40.672064],[-123.204524,40.673161],[-123.207264,40.675628],[-123.208498,40.674551],[-123.211168,40.674531],[-123.214199,40.675678],[-123.215155,40.677946],[-123.216476,40.677879],[-123.217946,40.679117],[-123.220659,40.676728],[-123.222346,40.677228],[-123.22359,40.675901],[-123.226708,40.677181],[-123.230408,40.675357],[-123.231331,40.676291],[-123.230526,40.678413],[-123.233355,40.67822],[-123.232847,40.680637],[-123.234899,40.682094],[-123.233644,40.683643],[-123.235415,40.686868],[-123.23758,40.687828],[-123.241127,40.68801],[-123.243982,40.687299],[-123.246057,40.68906],[-123.248283,40.690089],[-123.250357,40.690019],[-123.25328,40.691667],[-123.255382,40.694208],[-123.256765,40.694438],[-123.25926,40.69627],[-123.260611,40.698513],[-123.262835,40.699887],[-123.266504,40.697257],[-123.267978,40.697097],[-123.272938,40.697969],[-123.275131,40.699411],[-123.278589,40.698634],[-123.281325,40.698635],[-123.283038,40.700945],[-123.283007,40.702067],[-123.285291,40.703532],[-123.286493,40.706757],[-123.288027,40.707948],[-123.288357,40.70948],[-123.285996,40.712055],[-123.288397,40.711467],[-123.291457,40.707882],[-123.29467,40.707213],[-123.299819,40.707103],[-123.304956,40.706049],[-123.308006,40.704634],[-123.308711,40.702951],[-123.310006,40.702099],[-123.315487,40.702026],[-123.31701,40.702809],[-123.320743,40.702461],[-123.323713,40.702962],[-123.324946,40.702376],[-123.327684,40.702369],[-123.335171,40.703414],[-123.342631,40.7063],[-123.349185,40.705063],[-123.351717,40.70324],[-123.353806,40.700256],[-123.357787,40.700034],[-123.358809,40.700562],[-123.361247,40.701802],[-123.361662,40.701683],[-123.363262,40.699992],[-123.36557,40.699091],[-123.368315,40.696601],[-123.372718,40.692209],[-123.371806,40.691109],[-123.372248,40.689715],[-123.374705,40.688721],[-123.373865,40.687129],[-123.37723,40.685614],[-123.378825,40.68669],[-123.379374,40.684683],[-123.38087,40.682498],[-123.379534,40.680971],[-123.381015,40.679381],[-123.380953,40.677791],[-123.382464,40.676543],[-123.382723,40.674578],[-123.384036,40.673114],[-123.38341,40.67127],[-123.383944,40.67025],[-123.38225,40.668174],[-123.38383,40.666719],[-123.381335,40.664669],[-123.382463,40.66212],[-123.383913,40.661674],[-123.383539,40.65872],[-123.385729,40.65774],[-123.38489,40.655157],[-123.385584,40.654083],[-123.383043,40.654235],[-123.382349,40.652012],[-123.380373,40.651546],[-123.379656,40.650328],[-123.376474,40.650027],[-123.374986,40.650419],[-123.373979,40.648715],[-123.372423,40.64791],[-123.372423,40.645662],[-123.369997,40.643922],[-123.369188,40.642434],[-123.366716,40.642433],[-123.362405,40.639068],[-123.362496,40.637338],[-123.363918,40.634711],[-123.365884,40.634236],[-123.366508,40.632821],[-123.368406,40.631668],[-123.368316,40.630012],[-123.369812,40.629861],[-123.369999,40.627406],[-123.365144,40.625605],[-123.363587,40.6262],[-123.362778,40.628499],[-123.361443,40.628495],[-123.359513,40.62787],[-123.357056,40.62504],[-123.356118,40.623169],[-123.352738,40.622364],[-123.35053,40.620678],[-123.364838,40.621949],[-123.363481,40.609665],[-123.361212,40.609515],[-123.358386,40.610806],[-123.3609,40.613074],[-123.357421,40.614074],[-123.356358,40.61507],[-123.353328,40.614862],[-123.350429,40.613495],[-123.343994,40.619404],[-123.341805,40.620645],[-123.340172,40.619987],[-123.336861,40.619704],[-123.334236,40.621185],[-123.331482,40.621643],[-123.328735,40.623444],[-123.326782,40.624134],[-123.323776,40.626088],[-123.325653,40.628263],[-123.324226,40.630406],[-123.324898,40.631765],[-123.322182,40.634696],[-123.320898,40.634985],[-123.32152,40.634154],[-123.320458,40.632902],[-123.321841,40.629923],[-123.319581,40.626561],[-123.317588,40.624868],[-123.316954,40.622843],[-123.311893,40.622143],[-123.309667,40.621045],[-123.309881,40.619685],[-123.308492,40.619478],[-123.308267,40.618327],[-123.306555,40.6166],[-123.306562,40.618129],[-123.305197,40.6199],[-123.302713,40.619857],[-123.301288,40.616488],[-123.299771,40.614687],[-123.298451,40.614176],[-123.299636,40.611692],[-123.294419,40.612543],[-123.295578,40.609634],[-123.295314,40.607824],[-123.295998,40.6064],[-123.293812,40.60569],[-123.293324,40.604319],[-123.290465,40.603686],[-123.287699,40.605066],[-123.285066,40.603539],[-123.282461,40.600574],[-123.280951,40.595529],[-123.279066,40.594525],[-123.277884,40.594668],[-123.273855,40.599204],[-123.272146,40.599794],[-123.268385,40.599757],[-123.267461,40.599327],[-123.266882,40.596468],[-123.26338,40.595264],[-123.26167,40.593385],[-123.262914,40.592401],[-123.26666,40.592045],[-123.267743,40.590975],[-123.26444,40.588893],[-123.266385,40.586294],[-123.267286,40.583706],[-123.269048,40.581639],[-123.274793,40.578598],[-123.276899,40.578945],[-123.279989,40.577149],[-123.282758,40.576444],[-123.282606,40.575629],[-123.288381,40.57402],[-123.291029,40.571671],[-123.295179,40.570719],[-123.297796,40.570609],[-123.300382,40.567422],[-123.300146,40.566063],[-123.298231,40.562468],[-123.300039,40.558004],[-123.298292,40.551031],[-123.299819,40.548959],[-123.297404,40.548729],[-123.296061,40.547081],[-123.294171,40.547446],[-123.292783,40.546736],[-123.292476,40.545205],[-123.290222,40.542452],[-123.287263,40.541372],[-123.287109,40.538649],[-123.291573,40.536204],[-123.29398,40.535898],[-123.29692,40.537726],[-123.299754,40.538354],[-123.304177,40.538399],[-123.305866,40.537697],[-123.307671,40.535262],[-123.307523,40.53252],[-123.309383,40.530346],[-123.312622,40.52895],[-123.316791,40.524968],[-123.3191,40.525702],[-123.32066,40.524809],[-123.32345,40.524786],[-123.324228,40.521742],[-123.327789,40.517342],[-123.322315,40.513084],[-123.322467,40.512143],[-123.320385,40.50896],[-123.319534,40.505654],[-123.318933,40.501279],[-123.316249,40.498396],[-123.314487,40.495922],[-123.314308,40.492987],[-123.312421,40.490399],[-123.312424,40.487641],[-123.310029,40.4872],[-123.310331,40.489908],[-123.308655,40.489977],[-123.308296,40.491354],[-123.307248,40.490763],[-123.305902,40.491836],[-123.305304,40.493708],[-123.304166,40.493833],[-123.303722,40.491365],[-123.304721,40.489511],[-123.306352,40.488522],[-123.30755,40.486245],[-123.304739,40.484946],[-123.306157,40.483571],[-123.305149,40.482175],[-123.300462,40.483412],[-123.301575,40.481083],[-123.299968,40.479503],[-123.298419,40.480968],[-123.295668,40.482275],[-123.295047,40.481404],[-123.294983,40.47863],[-123.293375,40.478536],[-123.293027,40.477344],[-123.289845,40.475851],[-123.284787,40.474516],[-123.28342,40.475589],[-123.281968,40.474464],[-123.283961,40.473775],[-123.283462,40.472674],[-123.281021,40.472396],[-123.281005,40.471066],[-123.277643,40.470237],[-123.277327,40.468792],[-123.275392,40.468788],[-123.272809,40.467067],[-123.271063,40.465072],[-123.27183,40.466921],[-123.27486,40.46994],[-123.277827,40.474456],[-123.278087,40.482829],[-123.279567,40.484799],[-123.278308,40.487378],[-123.277362,40.48798],[-123.275203,40.491426],[-123.273242,40.492827],[-123.272289,40.495721],[-123.269397,40.496512],[-123.269687,40.497984],[-123.266719,40.49864],[-123.264926,40.50141],[-123.263156,40.501792],[-123.258935,40.501625],[-123.257375,40.50047],[-123.254624,40.501779],[-123.254066,40.500992],[-123.255279,40.498146],[-123.255701,40.4954],[-123.257251,40.494437],[-123.257795,40.490568],[-123.25982,40.492126],[-123.261626,40.492517],[-123.263947,40.491081],[-123.265465,40.49516],[-123.267397,40.493745],[-123.268872,40.493495],[-123.268891,40.490298],[-123.27097,40.489042],[-123.270558,40.487832],[-123.271563,40.485113],[-123.271453,40.483696],[-123.272598,40.482873],[-123.274103,40.483585],[-123.274507,40.481279],[-123.276257,40.479886],[-123.27501,40.478516],[-123.275661,40.47493],[-123.274353,40.473696],[-123.274484,40.471615],[-123.272218,40.471206],[-123.267571,40.46391],[-123.269511,40.461877],[-123.268991,40.461238],[-123.265929,40.461354],[-123.266413,40.460314],[-123.268646,40.459506],[-123.268597,40.457957],[-123.270118,40.456834],[-123.26816,40.455225],[-123.267137,40.451317],[-123.265006,40.451312],[-123.266302,40.449686],[-123.271985,40.450773],[-123.272766,40.455085],[-123.276716,40.458183],[-123.278857,40.456104],[-123.281979,40.457441],[-123.282847,40.460364],[-123.286511,40.463419],[-123.290239,40.46535],[-123.29507,40.46467],[-123.296976,40.465045],[-123.296703,40.463456],[-123.297472,40.458492],[-123.295813,40.457521],[-123.297367,40.456377],[-123.297243,40.454772],[-123.298948,40.454152],[-123.303795,40.455084],[-123.304419,40.452401],[-123.306364,40.452399],[-123.30681,40.451138],[-123.308216,40.451045],[-123.309381,40.448981],[-123.311835,40.449001],[-123.31234,40.451033],[-123.313984,40.45254],[-123.31512,40.45121],[-123.316915,40.450703],[-123.31748,40.452461],[-123.318706,40.453123],[-123.318433,40.454905],[-123.321334,40.455953],[-123.321543,40.454876],[-123.323903,40.452856],[-123.325698,40.453791],[-123.326504,40.452644],[-123.326427,40.454798],[-123.328259,40.456657],[-123.32848,40.461188],[-123.329859,40.462501],[-123.329009,40.463881],[-123.329489,40.466398],[-123.331797,40.467931],[-123.331138,40.469853],[-123.332189,40.474292],[-123.329822,40.474682],[-123.329808,40.477639],[-123.330464,40.478737],[-123.33405,40.479726],[-123.334859,40.480936],[-123.336674,40.481156],[-123.336995,40.48224],[-123.339925,40.482633],[-123.341428,40.484511],[-123.345853,40.487381],[-123.34728,40.487314],[-123.349004,40.486074],[-123.350873,40.486276],[-123.352521,40.48314],[-123.353673,40.482317],[-123.356794,40.481951],[-123.358709,40.480815],[-123.362264,40.477907],[-123.362668,40.476438],[-123.364469,40.475076],[-123.367771,40.475674],[-123.370023,40.477306],[-123.372251,40.477114],[-123.375303,40.478078],[-123.377783,40.477979],[-123.380262,40.479746],[-123.385611,40.478976],[-123.388494,40.476854],[-123.390646,40.477338]]]}},{"type":"Feature","properties":{"zcta5":"95563","AFFGEOID10":"8600000US95563","GEOID10":"95563","ALAND10":155965057,"AWATER10":168595,"county_name":"Trinity","state_code":"CA","county_state":"Trinity County, CA","county_fips":"06105","risk_level_county":"Medium Risk (70–79% vaccinated)","mean_vaccination_rate_county":76.03,"risk_level_zcta":"Higher Risk (60–69% vaccinated)","mean_vaccination_rate_zips":61.43,"cases":25},"geometry":{"type":"Polygon","coordinates":[[[-123.562596,40.94971],[-123.568361,40.948255],[-123.569961,40.946555],[-123.570361,40.944955],[-123.568761,40.942655],[-123.567761,40.939855],[-123.56766,40.936556],[-123.572356,40.936881],[-123.577665,40.934353],[-123.581556,40.933157],[-123.583862,40.931755],[-123.586661,40.928355],[-123.587861,40.927755],[-123.591561,40.927355],[-123.59416,40.929655],[-123.599261,40.931155],[-123.604262,40.929455],[-123.611362,40.929255],[-123.614562,40.930655],[-123.622387,40.931703],[-123.623662,40.929823],[-123.623891,40.928674],[-123.621171,40.925518],[-123.616787,40.924301],[-123.614104,40.922531],[-123.613423,40.921551],[-123.613106,40.918528],[-123.614216,40.916445],[-123.615741,40.915179],[-123.615827,40.914068],[-123.611942,40.909497],[-123.611111,40.907989],[-123.609376,40.907269],[-123.606087,40.90479],[-123.604722,40.900005],[-123.60555,40.898653],[-123.608218,40.896252],[-123.608542,40.894938],[-123.606899,40.893908],[-123.604908,40.891459],[-123.602001,40.889287],[-123.599545,40.887839],[-123.597588,40.885231],[-123.597325,40.883317],[-123.601709,40.879953],[-123.610051,40.879182],[-123.608738,40.878285],[-123.604516,40.878852],[-123.600074,40.878421],[-123.597997,40.877615],[-123.59571,40.875577],[-123.595563,40.872771],[-123.592474,40.869859],[-123.591461,40.867549],[-123.589871,40.867513],[-123.586204,40.869613],[-123.583864,40.869542],[-123.5806,40.867999],[-123.579893,40.866591],[-123.580467,40.86576],[-123.583207,40.864091],[-123.583429,40.861953],[-123.584401,40.861085],[-123.587229,40.860087],[-123.587716,40.858784],[-123.586877,40.858214],[-123.581845,40.857604],[-123.579107,40.858769],[-123.575841,40.857994],[-123.574298,40.855985],[-123.57642,40.854351],[-123.576333,40.852445],[-123.574834,40.851441],[-123.57404,40.848565],[-123.574616,40.847095],[-123.573162,40.843515],[-123.568529,40.84237],[-123.564119,40.842229],[-123.563059,40.840417],[-123.563949,40.838914],[-123.565799,40.837684],[-123.566281,40.836579],[-123.562975,40.836805],[-123.562621,40.84166],[-123.56442,40.843097],[-123.568495,40.84283],[-123.570376,40.845512],[-123.547748,40.8445],[-123.536421,40.844276],[-123.53678,40.847953],[-123.535725,40.848181],[-123.535562,40.874415],[-123.536806,40.875144],[-123.540556,40.880596],[-123.539344,40.882362],[-123.537456,40.882444],[-123.535253,40.883586],[-123.535103,40.902946],[-123.53369,40.903328],[-123.533479,40.900028],[-123.531047,40.899937],[-123.528135,40.897923],[-123.52564,40.898472],[-123.524982,40.899685],[-123.523711,40.899387],[-123.523493,40.897761],[-123.522219,40.896388],[-123.51913,40.894487],[-123.518097,40.89072],[-123.515805,40.887228],[-123.514781,40.886534],[-123.512728,40.886077],[-123.509545,40.887592],[-123.50758,40.890393],[-123.505429,40.890612],[-123.50385,40.891898],[-123.498334,40.892098],[-123.495839,40.89114],[-123.486325,40.891374],[-123.487698,40.889988],[-123.488232,40.888219],[-123.492342,40.886767],[-123.491814,40.884525],[-123.494399,40.882818],[-123.495214,40.884306],[-123.494028,40.885724],[-123.49808,40.888893],[-123.495869,40.885407],[-123.497594,40.884534],[-123.497482,40.882766],[-123.499511,40.88043],[-123.500501,40.876959],[-123.503297,40.875599],[-123.50629,40.872084],[-123.509516,40.87269],[-123.510589,40.87514],[-123.507461,40.878135],[-123.505444,40.880978],[-123.507744,40.880185],[-123.508723,40.880864],[-123.508999,40.879258],[-123.513521,40.876468],[-123.517394,40.875038],[-123.518633,40.873287],[-123.521121,40.874786],[-123.520117,40.875912],[-123.52375,40.87793],[-123.524828,40.87462],[-123.522084,40.873945],[-123.520091,40.872662],[-123.518628,40.872975],[-123.517608,40.870559],[-123.515529,40.867475],[-123.518497,40.868318],[-123.521022,40.870196],[-123.522378,40.869856],[-123.520046,40.86681],[-123.513944,40.862976],[-123.510968,40.859698],[-123.505858,40.860838],[-123.503104,40.862349],[-123.501623,40.862429],[-123.500472,40.86684],[-123.497215,40.86609],[-123.493607,40.860917],[-123.485478,40.856186],[-123.482875,40.854041],[-123.481017,40.85176],[-123.481018,40.848321],[-123.480503,40.845972],[-123.481813,40.84288],[-123.48143,40.841254],[-123.482235,40.838279],[-123.482356,40.835704],[-123.48055,40.830344],[-123.478238,40.827836],[-123.477637,40.823276],[-123.478346,40.821285],[-123.47392,40.815194],[-123.471263,40.813345],[-123.469019,40.812762],[-123.467836,40.810758],[-123.467347,40.806458],[-123.463836,40.803714],[-123.459955,40.801678],[-123.461833,40.799278],[-123.459731,40.797312],[-123.459297,40.795038],[-123.456518,40.793276],[-123.454608,40.790527],[-123.450585,40.7896],[-123.446719,40.789465],[-123.444159,40.790064],[-123.441282,40.789989],[-123.435378,40.790812],[-123.430569,40.788394],[-123.427509,40.787189],[-123.422309,40.783718],[-123.42068,40.783976],[-123.418091,40.786185],[-123.416532,40.789093],[-123.411891,40.791476],[-123.410656,40.793379],[-123.408415,40.795573],[-123.40488,40.797061],[-123.400528,40.797591],[-123.40392,40.800068],[-123.405918,40.799965],[-123.405324,40.80131],[-123.408639,40.804348],[-123.410343,40.804124],[-123.411482,40.805857],[-123.411395,40.807661],[-123.407798,40.81022],[-123.405955,40.812111],[-123.404554,40.812602],[-123.403698,40.814497],[-123.400292,40.815231],[-123.398452,40.817181],[-123.393526,40.820172],[-123.393579,40.82122],[-123.395885,40.821767],[-123.39514,40.82348],[-123.397477,40.824443],[-123.395427,40.826007],[-123.393469,40.82612],[-123.390488,40.82454],[-123.387957,40.825317],[-123.389945,40.825433],[-123.394039,40.828958],[-123.397534,40.827655],[-123.398527,40.830058],[-123.400183,40.83134],[-123.402684,40.830906],[-123.405393,40.833813],[-123.405333,40.835208],[-123.403797,40.833492],[-123.403344,40.835643],[-123.401264,40.836786],[-123.401505,40.838639],[-123.400691,40.840332],[-123.403849,40.841549],[-123.406912,40.841485],[-123.408773,40.839775],[-123.408577,40.838793],[-123.410294,40.83811],[-123.411072,40.839446],[-123.410126,40.841309],[-123.410439,40.844434],[-123.41166,40.845808],[-123.412332,40.849409],[-123.412392,40.852755],[-123.415071,40.854953],[-123.421006,40.854855],[-123.421632,40.85615],[-123.425371,40.857762],[-123.425897,40.859593],[-123.429132,40.863108],[-123.430811,40.86394],[-123.430613,40.866517],[-123.431856,40.867976],[-123.431261,40.870847],[-123.432146,40.872691],[-123.432635,40.87627],[-123.43165,40.877089],[-123.432475,40.881752],[-123.435618,40.884244],[-123.436221,40.885602],[-123.435702,40.886361],[-123.432536,40.886179],[-123.429751,40.888716],[-123.430186,40.891624],[-123.429004,40.893259],[-123.425113,40.893422],[-123.423968,40.896089],[-123.426677,40.896799],[-123.426982,40.897546],[-123.423152,40.898357],[-123.424922,40.901197],[-123.424709,40.90395],[-123.425342,40.90611],[-123.429317,40.90741],[-123.429569,40.908171],[-123.430292,40.906605],[-123.431661,40.906271],[-123.432121,40.905013],[-123.430566,40.904447],[-123.430728,40.902224],[-123.434064,40.900781],[-123.4348,40.89898],[-123.437573,40.900192],[-123.437068,40.936069],[-123.469061,40.935553],[-123.470072,40.93455],[-123.474857,40.931657],[-123.478558,40.926956],[-123.479057,40.923757],[-123.479857,40.922457],[-123.479957,40.918457],[-123.481457,40.914957],[-123.484857,40.915157],[-123.489957,40.916757],[-123.492157,40.916357],[-123.496657,40.916157],[-123.501157,40.917157],[-123.508458,40.920057],[-123.511758,40.920357],[-123.512558,40.921057],[-123.514858,40.924756],[-123.517758,40.925656],[-123.519358,40.926856],[-123.521558,40.929756],[-123.524059,40.931356],[-123.526559,40.931456],[-123.527559,40.932056],[-123.528559,40.934356],[-123.529759,40.934856],[-123.531959,40.933356],[-123.533859,40.930756],[-123.535563,40.930751],[-123.540959,40.932256],[-123.542259,40.933056],[-123.540259,40.936356],[-123.539859,40.937856],[-123.54116,40.939656],[-123.54426,40.941656],[-123.55136,40.944356],[-123.55356,40.945655],[-123.55526,40.945955],[-123.55556,40.948655],[-123.560163,40.950257],[-123.562596,40.94971]]]}},{"type":"Feature","properties":{"zcta5":"96048","AFFGEOID10":"8600000US96048","GEOID10":"96048","ALAND10":397582316,"AWATER10":665320,"county_name":"Trinity","state_code":"CA","county_state":"Trinity County, CA","county_fips":"06105","risk_level_county":"Medium Risk (70–79% vaccinated)","mean_vaccination_rate_county":76.03,"risk_level_zcta":"Medium Risk (70–79% vaccinated)","mean_vaccination_rate_zips":71.78,"cases":25},"geometry":{"type":"Polygon","coordinates":[[[-123.111623,40.703602],[-123.112099,40.702112],[-123.111034,40.697431],[-123.109561,40.695459],[-123.109137,40.693292],[-123.10695,40.690288],[-123.105779,40.68051],[-123.10704,40.678679],[-123.108873,40.677648],[-123.111096,40.677281],[-123.108962,40.676161],[-123.111486,40.675336],[-123.112445,40.672155],[-123.111062,40.671377],[-123.111211,40.669478],[-123.110339,40.668357],[-123.106671,40.666269],[-123.105148,40.664818],[-123.105526,40.66163],[-123.107536,40.660346],[-123.107538,40.658587],[-123.109746,40.656752],[-123.11135,40.657273],[-123.116571,40.655372],[-123.117777,40.655975],[-123.12309,40.654197],[-123.122075,40.652792],[-123.124091,40.650826],[-123.124385,40.648763],[-123.12614,40.64795],[-123.130569,40.648307],[-123.132223,40.646546],[-123.134236,40.645975],[-123.132113,40.646068],[-123.131429,40.645314],[-123.129638,40.646621],[-123.127841,40.646882],[-123.125855,40.646167],[-123.120859,40.648247],[-123.120137,40.647771],[-123.12199,40.644536],[-123.122239,40.642983],[-123.119525,40.639811],[-123.118921,40.64115],[-123.116544,40.641786],[-123.114514,40.643003],[-123.113629,40.642381],[-123.109378,40.641717],[-123.107723,40.640123],[-123.104147,40.640174],[-123.102155,40.639766],[-123.100551,40.640593],[-123.095442,40.641016],[-123.092174,40.637884],[-123.0898,40.634843],[-123.091905,40.633857],[-123.088303,40.632625],[-123.087843,40.63329],[-123.083725,40.633085],[-123.081991,40.632165],[-123.079989,40.629386],[-123.080969,40.633033],[-123.078977,40.633544],[-123.076372,40.633054],[-123.07349,40.633828],[-123.068234,40.63846],[-123.06544,40.638918],[-123.061656,40.637613],[-123.058081,40.638277],[-123.05685,40.637201],[-123.052645,40.636858],[-123.04919,40.637223],[-123.051653,40.635919],[-123.049491,40.636033],[-123.046458,40.634706],[-123.04533,40.630058],[-123.043966,40.62942],[-123.044687,40.627452],[-123.043186,40.625598],[-123.04155,40.624866],[-123.04069,40.622603],[-123.038397,40.620699],[-123.036993,40.620725],[-123.036061,40.617621],[-123.036468,40.615788],[-123.033624,40.616539],[-123.033177,40.613453],[-123.032432,40.614182],[-123.027092,40.613358],[-123.024367,40.611807],[-123.024622,40.612941],[-123.027534,40.61478],[-123.02783,40.616918],[-123.029817,40.617912],[-123.029577,40.61985],[-123.028341,40.621618],[-123.028607,40.622885],[-123.03089,40.622961],[-123.033526,40.624458],[-123.03348,40.626126],[-123.034596,40.626946],[-123.033133,40.627321],[-123.032162,40.629641],[-123.033572,40.632052],[-123.031861,40.633642],[-123.036722,40.632824],[-123.03663,40.633838],[-123.034082,40.637847],[-123.030832,40.640668],[-123.027276,40.642115],[-123.023821,40.641111],[-123.024101,40.64036],[-123.02141,40.640681],[-123.018243,40.634407],[-123.018291,40.635844],[-123.0169,40.63733],[-123.014646,40.637993],[-123.013294,40.639365],[-123.016327,40.639892],[-123.016266,40.641471],[-123.014643,40.642568],[-123.015333,40.643621],[-123.013289,40.645062],[-123.012028,40.64465],[-123.010796,40.645702],[-123.007071,40.644877],[-123.004995,40.648354],[-123.001588,40.650572],[-123.001467,40.651647],[-122.999819,40.651882],[-122.997916,40.693539],[-122.999355,40.713425],[-123.003266,40.713248],[-123.004128,40.710978],[-123.006409,40.714466],[-123.006631,40.71664],[-123.00535,40.721154],[-123.008435,40.721383],[-123.010251,40.720735],[-123.01011,40.719454],[-123.012655,40.723786],[-123.01097,40.726129],[-123.01554,40.728466],[-123.017411,40.728652],[-123.019221,40.730772],[-123.022563,40.731934],[-123.02605,40.730883],[-123.031703,40.729886],[-123.040393,40.72401],[-123.041064,40.722174],[-123.043449,40.72218],[-123.048609,40.724581],[-123.048571,40.725244],[-123.04417,40.726706],[-123.044236,40.727522],[-123.042255,40.727417],[-123.034754,40.72987],[-123.018392,40.73334],[-123.016192,40.735039],[-123.013358,40.736146],[-123.010042,40.735471],[-123.007409,40.737423],[-123.004498,40.740188],[-122.999277,40.742455],[-122.99849,40.741144],[-122.99872,40.737725],[-122.994299,40.739271],[-122.991506,40.739213],[-122.985203,40.737907],[-122.982618,40.738866],[-122.9815,40.740493],[-122.987368,40.743953],[-122.987683,40.744737],[-122.983924,40.750748],[-122.986209,40.751864],[-122.985017,40.75486],[-122.986231,40.754975],[-122.985983,40.757277],[-122.986495,40.759706],[-122.988158,40.763449],[-122.986826,40.765446],[-122.987829,40.766073],[-122.988517,40.768873],[-122.989427,40.768987],[-122.991667,40.772487],[-122.990522,40.774132],[-122.991703,40.776232],[-122.993046,40.776862],[-122.996078,40.779597],[-122.999175,40.783775],[-122.999983,40.787631],[-123.001654,40.790896],[-123.004813,40.794439],[-123.004869,40.796052],[-123.003138,40.797466],[-123.001892,40.80051],[-122.999532,40.803825],[-122.999016,40.809166],[-122.995405,40.812342],[-122.994172,40.816453],[-122.990811,40.818579],[-122.982814,40.827223],[-122.980432,40.828875],[-122.978384,40.832304],[-122.978571,40.836521],[-122.976591,40.839218],[-122.973516,40.840423],[-122.969361,40.842473],[-122.968703,40.84421],[-122.969204,40.851083],[-122.972058,40.856658],[-122.974061,40.862562],[-122.976864,40.864405],[-122.98383,40.871404],[-122.989117,40.875038],[-122.989994,40.879578],[-122.991194,40.880908],[-122.99175,40.883412],[-122.994429,40.889206],[-122.995498,40.890255],[-122.990116,40.902582],[-122.987061,40.904835],[-122.985628,40.909068],[-122.986979,40.912574],[-122.987637,40.915552],[-122.990615,40.916911],[-122.993582,40.917416],[-122.995317,40.918275],[-123.00161,40.927608],[-123.001162,40.929239],[-122.999712,40.93107],[-122.999253,40.932532],[-123.000583,40.934151],[-123.000491,40.937212],[-123.00196,40.940143],[-123.001331,40.941218],[-123.000875,40.944155],[-122.999628,40.946184],[-122.995221,40.947281],[-122.991744,40.951368],[-122.99056,40.955082],[-122.993332,40.957999],[-122.995269,40.961267],[-122.997113,40.96176],[-123.003085,40.961972],[-123.005453,40.963181],[-123.007276,40.966876],[-123.005249,40.970884],[-123.002346,40.975403],[-123.001805,40.97676],[-123.001528,40.98131],[-123.000378,40.98221],[-123.000428,40.984799],[-123.007486,40.987724],[-123.013254,40.989187],[-123.017101,40.98865],[-123.022461,40.988251],[-123.02646,40.988776],[-123.030551,40.990624],[-123.034618,40.993764],[-123.037156,40.996384],[-123.038778,40.999414],[-123.037118,41.004176],[-123.039506,41.006551],[-123.040689,41.008652],[-123.04155,41.011529],[-123.043964,41.014201],[-123.043393,41.019326],[-123.044712,41.020291],[-123.047571,41.024739],[-123.047637,41.02684],[-123.045999,41.029774],[-123.046548,41.032315],[-123.045909,41.033197],[-123.048652,41.03577],[-123.049692,41.039386],[-123.052023,41.040271],[-123.052531,41.041894],[-123.054446,41.043756],[-123.05408,41.045232],[-123.055385,41.046721],[-123.060045,41.047387],[-123.064302,41.051962],[-123.067827,41.052983],[-123.071248,41.053328],[-123.076003,41.054783],[-123.080092,41.057563],[-123.084317,41.057371],[-123.08654,41.05795],[-123.087751,40.924829],[-123.105188,40.92519],[-123.105883,40.819242],[-123.111991,40.820432],[-123.116546,40.818887],[-123.119117,40.816118],[-123.118614,40.814299],[-123.119323,40.812195],[-123.117851,40.810368],[-123.121561,40.807369],[-123.121276,40.805656],[-123.122959,40.804549],[-123.125423,40.804421],[-123.125772,40.803113],[-123.124263,40.800934],[-123.126245,40.800287],[-123.127063,40.797615],[-123.125351,40.795912],[-123.126146,40.794715],[-123.124928,40.7911],[-123.125908,40.790337],[-123.126278,40.788207],[-123.127492,40.787396],[-123.128277,40.784813],[-123.130438,40.783669],[-123.129126,40.782943],[-123.128516,40.780831],[-123.131636,40.776652],[-123.127211,40.77499],[-123.126936,40.774144],[-123.128455,40.770922],[-123.127554,40.770184],[-123.125578,40.770238],[-123.123209,40.769244],[-123.122089,40.767979],[-123.118356,40.766059],[-123.115597,40.766004],[-123.114038,40.766613],[-123.108955,40.765779],[-123.106176,40.766081],[-123.106397,40.754185],[-123.109331,40.756925],[-123.111211,40.755298],[-123.111777,40.752137],[-123.114481,40.748155],[-123.11865,40.750234],[-123.119825,40.747902],[-123.12296,40.746918],[-123.124931,40.747648],[-123.125474,40.749093],[-123.124873,40.750831],[-123.126607,40.752253],[-123.129739,40.751182],[-123.12785,40.750452],[-123.130294,40.749043],[-123.130719,40.748129],[-123.129695,40.742555],[-123.125285,40.743867],[-123.125485,40.74239],[-123.121522,40.741489],[-123.119091,40.742509],[-123.116091,40.740079],[-123.1207,40.737326],[-123.117299,40.737379],[-123.116184,40.736603],[-123.114837,40.734037],[-123.111436,40.732263],[-123.106643,40.730831],[-123.107008,40.703624],[-123.111623,40.703602]]]}},{"type":"Feature","properties":{"zcta5":"95552","AFFGEOID10":"8600000US95552","GEOID10":"95552","ALAND10":1397846988,"AWATER10":4405471,"county_name":"Trinity","state_code":"CA","county_state":"Trinity County, CA","county_fips":"06105","risk_level_county":"Medium Risk (70–79% vaccinated)","mean_vaccination_rate_county":76.03,"risk_level_zcta":"Medium Risk (70–79% vaccinated)","mean_vaccination_rate_zips":73.01,"cases":25},"geometry":{"type":"Polygon","coordinates":[[[-123.54452,40.5925],[-123.54454,40.500221],[-123.544266,40.498684],[-123.544356,40.451552],[-123.544336,40.249866],[-123.543877,40.242289],[-123.543886,40.238847],[-123.543933,40.218565],[-123.541855,40.220205],[-123.541002,40.221685],[-123.53898,40.220537],[-123.53719,40.22276],[-123.537399,40.223675],[-123.536025,40.225208],[-123.536114,40.227474],[-123.537278,40.228069],[-123.537755,40.229717],[-123.536919,40.230883],[-123.533574,40.232301],[-123.529841,40.23452],[-123.528646,40.23674],[-123.526943,40.238135],[-123.523239,40.239896],[-123.522718,40.238356],[-123.523685,40.237291],[-123.522966,40.235758],[-123.517571,40.238725],[-123.515988,40.240239],[-123.512937,40.240694],[-123.513773,40.241564],[-123.515475,40.24145],[-123.513353,40.249215],[-123.512735,40.246279],[-123.511692,40.245894],[-123.506952,40.246758],[-123.504389,40.248991],[-123.502304,40.247993],[-123.499989,40.249286],[-123.502761,40.249964],[-123.502312,40.250523],[-123.498807,40.250742],[-123.497111,40.251742],[-123.495559,40.2516],[-123.491382,40.253173],[-123.489141,40.252235],[-123.485228,40.252054],[-123.484781,40.253038],[-123.48257,40.250911],[-123.479196,40.251804],[-123.478599,40.253567],[-123.475644,40.256085],[-123.471553,40.257185],[-123.469732,40.258787],[-123.46821,40.261945],[-123.468719,40.264508],[-123.465344,40.266706],[-123.465375,40.268765],[-123.463972,40.271741],[-123.465974,40.272358],[-123.467797,40.273937],[-123.470247,40.274965],[-123.472577,40.274644],[-123.473027,40.278534],[-123.474522,40.279883],[-123.474702,40.282195],[-123.475718,40.282812],[-123.476764,40.282675],[-123.479095,40.283841],[-123.48047,40.283634],[-123.479425,40.284985],[-123.476705,40.284688],[-123.473658,40.285925],[-123.470849,40.285697],[-123.471896,40.286452],[-123.468221,40.286865],[-123.467713,40.288192],[-123.464547,40.291305],[-123.461051,40.291603],[-123.456633,40.290254],[-123.453588,40.289728],[-123.44756,40.284832],[-123.446785,40.283298],[-123.446254,40.280146],[-123.445799,40.281875],[-123.442774,40.286365],[-123.439177,40.286376],[-123.43701,40.289358],[-123.432359,40.289206],[-123.4269,40.287336],[-123.425286,40.286311],[-123.424441,40.285133],[-123.423778,40.281598],[-123.421527,40.277909],[-123.415964,40.277175],[-123.406381,40.27752],[-123.403534,40.275922],[-123.397588,40.275357],[-123.397116,40.280099],[-123.391306,40.282758],[-123.39332,40.283929],[-123.394396,40.285646],[-123.393082,40.285588],[-123.394285,40.288187],[-123.391538,40.287725],[-123.388892,40.289266],[-123.387243,40.289475],[-123.386505,40.287797],[-123.383929,40.286815],[-123.383355,40.285667],[-123.380413,40.284771],[-123.3781,40.28245],[-123.376108,40.277543],[-123.373441,40.274644],[-123.376266,40.272713],[-123.376942,40.269264],[-123.37413,40.267437],[-123.374059,40.268875],[-123.37277,40.267553],[-123.372911,40.264334],[-123.370434,40.263163],[-123.369446,40.260869],[-123.367543,40.260136],[-123.36668,40.258829],[-123.363505,40.256959],[-123.362004,40.254059],[-123.362849,40.250232],[-123.36017,40.243045],[-123.357976,40.241049],[-123.356892,40.241406],[-123.354001,40.237826],[-123.353545,40.235017],[-123.349305,40.232266],[-123.347669,40.232087],[-123.345088,40.230399],[-123.344811,40.22678],[-123.341227,40.225625],[-123.33996,40.224057],[-123.340459,40.221354],[-123.339103,40.22027],[-123.340142,40.218203],[-123.338665,40.216031],[-123.340385,40.213313],[-123.34054,40.211124],[-123.335824,40.204474],[-123.334866,40.201591],[-123.332242,40.200196],[-123.331132,40.198009],[-123.332357,40.196215],[-123.331842,40.19515],[-123.329601,40.196049],[-123.32651,40.195042],[-123.325094,40.196018],[-123.320424,40.195356],[-123.317695,40.193679],[-123.31692,40.192089],[-123.314922,40.190281],[-123.313731,40.187459],[-123.31387,40.185572],[-123.31283,40.183302],[-123.310172,40.181346],[-123.30755,40.178704],[-123.307228,40.173425],[-123.306224,40.170762],[-123.306749,40.168915],[-123.305297,40.167125],[-123.306265,40.163241],[-123.3051,40.162323],[-123.302296,40.161896],[-123.301221,40.158757],[-123.298388,40.15755],[-123.296081,40.155099],[-123.294452,40.15412],[-123.293824,40.152365],[-123.288414,40.149262],[-123.284522,40.148958],[-123.281497,40.149152],[-123.281902,40.145849],[-123.281832,40.141146],[-123.279473,40.139677],[-123.278573,40.137634],[-123.27915,40.136087],[-123.279561,40.13088],[-123.2791,40.128093],[-123.281543,40.125864],[-123.279597,40.12394],[-123.27928,40.120753],[-123.275975,40.120914],[-123.272481,40.118956],[-123.271508,40.117838],[-123.278621,40.118376],[-123.279714,40.117134],[-123.281909,40.117471],[-123.283305,40.116117],[-123.286685,40.115923],[-123.289325,40.116708],[-123.290805,40.115484],[-123.293193,40.115499],[-123.295405,40.113844],[-123.296939,40.111673],[-123.299464,40.10927],[-123.302356,40.10824],[-123.303981,40.108888],[-123.309169,40.107481],[-123.311679,40.106416],[-123.319736,40.104364],[-123.321216,40.103041],[-123.323436,40.103307],[-123.325016,40.104276],[-123.325595,40.103639],[-123.324069,40.101843],[-123.323841,40.099542],[-123.31966,40.098524],[-123.319514,40.095911],[-123.31898,40.092615],[-123.319125,40.089804],[-123.317011,40.088144],[-123.317386,40.086134],[-123.315295,40.083902],[-123.313624,40.08396],[-123.313441,40.082487],[-123.314402,40.080622],[-123.310984,40.078032],[-123.311419,40.076864],[-123.310358,40.076132],[-123.311915,40.073572],[-123.31074,40.072764],[-123.308619,40.069903],[-123.30897,40.068243],[-123.307161,40.066668],[-123.305414,40.061743],[-123.304003,40.059657],[-123.299142,40.057105],[-123.29738,40.055362],[-123.295862,40.054816],[-123.295831,40.052539],[-123.294221,40.049899],[-123.293794,40.048163],[-123.290521,40.044654],[-123.291589,40.041415],[-123.288484,40.039294],[-123.285607,40.035785],[-123.281533,40.033157],[-123.278916,40.032436],[-123.278367,40.030578],[-123.277008,40.029338],[-123.277192,40.027492],[-123.275032,40.026035],[-123.274659,40.023967],[-123.273476,40.022064],[-123.27105,40.020183],[-123.270676,40.017761],[-123.270989,40.013183],[-123.272072,40.010894],[-123.270152,40.008449],[-123.270989,40.00594],[-123.273331,40.003978],[-123.274742,40.004748],[-123.276397,40.004188],[-123.281613,40.003431],[-123.284384,40.002295],[-123.286266,40.002607],[-123.289391,40.004074],[-123.292586,40.002822],[-123.294681,40.003519],[-123.296828,40.003428],[-123.298676,40.004303],[-123.300636,40.002665],[-123.306112,40.002984],[-123.310511,40.001535],[-123.312361,40.000029],[-123.316552,39.998264],[-123.319555,39.998152],[-123.322988,39.99919],[-123.323978,39.998715],[-123.325312,39.997109],[-123.328288,39.996228],[-123.332896,39.992158],[-123.333957,39.989719],[-123.336854,39.988017],[-123.340026,39.987323],[-123.343199,39.982553],[-123.345085,39.980222],[-123.344554,39.978594],[-123.341029,39.977291],[-123.232814,39.977497],[-123.00112,39.978083],[-122.997966,39.977908],[-122.934013,39.978131],[-122.934608,39.980138],[-122.936526,39.980643],[-122.937083,39.981867],[-122.935713,39.98348],[-122.934984,39.986189],[-122.938035,39.988449],[-122.938773,39.991309],[-122.941635,39.992385],[-122.943714,39.995259],[-122.947507,39.995642],[-122.951671,39.998271],[-122.952025,39.999875],[-122.95088,40.001133],[-122.950985,40.004149],[-122.94944,40.008454],[-122.94988,40.013475],[-122.95162,40.015126],[-122.953871,40.01445],[-122.955322,40.01586],[-122.955316,40.018289],[-122.956378,40.01994],[-122.954899,40.023119],[-122.951502,40.025649],[-122.950589,40.027064],[-122.950715,40.029559],[-122.94976,40.032101],[-122.951015,40.035195],[-122.953786,40.038018],[-122.953138,40.042304],[-122.954197,40.045434],[-122.948886,40.049745],[-122.95066,40.052522],[-122.950487,40.05428],[-122.952528,40.057777],[-122.952673,40.059506],[-122.95496,40.061049],[-122.955465,40.062228],[-122.958272,40.063504],[-122.961571,40.066883],[-122.96657,40.06877],[-122.9684,40.068806],[-122.967634,40.072665],[-122.968172,40.073818],[-122.973159,40.077167],[-122.971497,40.079995],[-122.969916,40.080889],[-122.967951,40.084495],[-122.968544,40.085655],[-122.967347,40.088722],[-122.96184,40.089447],[-122.96258,40.092471],[-122.963647,40.093744],[-122.963719,40.095676],[-122.961885,40.097674],[-122.961088,40.099996],[-122.962314,40.101006],[-122.962894,40.103663],[-122.966101,40.109967],[-122.965459,40.111294],[-122.968355,40.114679],[-122.970666,40.115692],[-122.969385,40.118456],[-122.970033,40.120684],[-122.97227,40.12342],[-122.971477,40.124305],[-122.971544,40.127141],[-122.973657,40.130025],[-122.972315,40.132085],[-122.971515,40.135241],[-122.968525,40.138763],[-122.974865,40.140847],[-122.97807,40.141105],[-122.980134,40.142465],[-122.98278,40.142906],[-122.987239,40.145172],[-122.989407,40.144906],[-122.987217,40.148077],[-122.986663,40.150282],[-122.98454,40.153411],[-122.986423,40.159401],[-122.985404,40.162708],[-122.984048,40.165215],[-122.984916,40.167523],[-122.983914,40.169239],[-122.983937,40.171984],[-122.980585,40.175321],[-122.980203,40.177897],[-122.978072,40.179737],[-122.974002,40.181716],[-122.971958,40.18354],[-122.970064,40.186306],[-122.972049,40.188844],[-122.972535,40.190588],[-122.974722,40.19146],[-122.973213,40.193789],[-122.972679,40.196078],[-122.971086,40.197178],[-122.974205,40.203886],[-122.976229,40.204529],[-122.978205,40.206453],[-122.980027,40.214708],[-122.979185,40.217469],[-122.979448,40.220456],[-122.976795,40.223619],[-122.976589,40.227279],[-122.974888,40.230591],[-122.975119,40.232568],[-122.978722,40.23458],[-122.978735,40.23565],[-122.976774,40.238899],[-122.97755,40.241285],[-122.979924,40.24284],[-122.983789,40.246307],[-122.985679,40.248768],[-122.989015,40.250145],[-122.992973,40.250922],[-122.99847,40.2524],[-123.001129,40.252341],[-123.00316,40.25308],[-123.012488,40.26014],[-123.016288,40.261377],[-123.01858,40.262783],[-123.024654,40.263128],[-123.030416,40.264066],[-123.031495,40.264823],[-123.036634,40.261275],[-123.039483,40.263331],[-123.044232,40.264174],[-123.047222,40.266302],[-123.051047,40.267775],[-123.051246,40.268825],[-123.054373,40.272345],[-123.057779,40.27423],[-123.058673,40.275863],[-123.061241,40.277764],[-123.060733,40.279366],[-123.062716,40.283928],[-123.066009,40.285688],[-123.065426,40.286971],[-123.064516,40.288645],[-123.065432,40.291883],[-123.068176,40.292033],[-123.068765,40.293611],[-123.070154,40.292024],[-123.071709,40.291548],[-123.074392,40.292952],[-123.076271,40.294979],[-123.079517,40.29541],[-123.082154,40.296272],[-123.083133,40.298911],[-123.084854,40.300691],[-123.086669,40.303478],[-123.089801,40.305176],[-123.091844,40.305489],[-123.095166,40.30665],[-123.097091,40.308524],[-123.098762,40.308867],[-123.101952,40.311306],[-123.103712,40.310902],[-123.107176,40.30793],[-123.110281,40.309132],[-123.11185,40.311009],[-123.11596,40.310907],[-123.118607,40.306855],[-123.120375,40.30864],[-123.12091,40.311159],[-123.122649,40.308954],[-123.126273,40.308004],[-123.125895,40.305374],[-123.128413,40.30532],[-123.130152,40.304589],[-123.132608,40.302461],[-123.134946,40.302179],[-123.136803,40.301152],[-123.137446,40.298817],[-123.134841,40.293749],[-123.134932,40.291441],[-123.13666,40.288727],[-123.137498,40.286464],[-123.138928,40.285792],[-123.140709,40.283647],[-123.145938,40.28264],[-123.150079,40.281303],[-123.151355,40.281468],[-123.154406,40.282294],[-123.154883,40.284341],[-123.152709,40.284306],[-123.150773,40.282944],[-123.150059,40.286011],[-123.148035,40.287222],[-123.148836,40.288853],[-123.14803,40.290594],[-123.151653,40.289983],[-123.15476,40.291948],[-123.154924,40.292838],[-123.15334,40.294172],[-123.155057,40.296925],[-123.155827,40.294811],[-123.161526,40.292853],[-123.165524,40.290027],[-123.167523,40.28907],[-123.168606,40.287505],[-123.177113,40.282267],[-123.176854,40.279965],[-123.179684,40.278866],[-123.181805,40.274885],[-123.182057,40.273024],[-123.183987,40.27399],[-123.188755,40.273955],[-123.190587,40.27511],[-123.193517,40.274722],[-123.195195,40.275084],[-123.193173,40.276106],[-123.192952,40.277539],[-123.195096,40.278359],[-123.196347,40.277781],[-123.196294,40.279619],[-123.200261,40.279585],[-123.204266,40.283344],[-123.208631,40.284809],[-123.212857,40.286765],[-123.217588,40.287838],[-123.219938,40.28913],[-123.221311,40.28906],[-123.226522,40.290947],[-123.229864,40.293629],[-123.231726,40.294373],[-123.232328,40.295733],[-123.232397,40.299215],[-123.235853,40.301879],[-123.236662,40.304053],[-123.238112,40.304775],[-123.241988,40.30474],[-123.244048,40.306177],[-123.246009,40.308444],[-123.246931,40.31187],[-123.247939,40.313264],[-123.251135,40.313721],[-123.255317,40.315491],[-123.255393,40.318068],[-123.257323,40.321131],[-123.261558,40.321707],[-123.264083,40.318913],[-123.26609,40.319859],[-123.26786,40.321499],[-123.267005,40.325407],[-123.26786,40.326418],[-123.271537,40.325536],[-123.276603,40.328717],[-123.2789,40.32805],[-123.279083,40.327067],[-123.281799,40.327507],[-123.282577,40.32987],[-123.283874,40.331096],[-123.283493,40.333165],[-123.285027,40.334274],[-123.287719,40.336785],[-123.291969,40.333378],[-123.295616,40.330923],[-123.295281,40.329234],[-123.297943,40.324169],[-123.300219,40.322336],[-123.299942,40.323594],[-123.304614,40.325555],[-123.304305,40.32775],[-123.305576,40.330355],[-123.309177,40.332042],[-123.313428,40.333492],[-123.313791,40.334617],[-123.315471,40.335079],[-123.315689,40.337444],[-123.319109,40.339191],[-123.320617,40.341257],[-123.321276,40.345258],[-123.3225,40.34719],[-123.32407,40.347062],[-123.32414,40.348504],[-123.325796,40.349277],[-123.325342,40.352081],[-123.327818,40.35502],[-123.329372,40.356045],[-123.327398,40.356755],[-123.313832,40.368457],[-123.316251,40.369028],[-123.320701,40.367623],[-123.322126,40.36773],[-123.325127,40.371518],[-123.328295,40.373648],[-123.329683,40.375973],[-123.335123,40.377786],[-123.336459,40.379314],[-123.340466,40.37976],[-123.343403,40.378769],[-123.345086,40.377541],[-123.347421,40.376822],[-123.349799,40.377162],[-123.351948,40.375216],[-123.354651,40.375456],[-123.355819,40.374511],[-123.357126,40.374684],[-123.357544,40.375874],[-123.359757,40.375329],[-123.361335,40.374098],[-123.363458,40.374036],[-123.366781,40.375303],[-123.369509,40.377648],[-123.374177,40.378733],[-123.375823,40.380404],[-123.381115,40.381285],[-123.383246,40.38122],[-123.384432,40.381855],[-123.386666,40.381597],[-123.38827,40.382277],[-123.393474,40.382668],[-123.396665,40.383566],[-123.400574,40.385823],[-123.403827,40.386619],[-123.405386,40.388227],[-123.409063,40.390113],[-123.41175,40.391142],[-123.413411,40.393275],[-123.414983,40.393425],[-123.417351,40.395409],[-123.418571,40.395592],[-123.42038,40.394269],[-123.426252,40.393952],[-123.430204,40.393456],[-123.433445,40.394201],[-123.436399,40.397341],[-123.435911,40.398832],[-123.436288,40.400784],[-123.435053,40.400535],[-123.432482,40.396725],[-123.428239,40.395569],[-123.424933,40.395712],[-123.421671,40.396741],[-123.420922,40.398297],[-123.417655,40.399437],[-123.414504,40.402089],[-123.410905,40.400436],[-123.414604,40.404458],[-123.41481,40.405021],[-123.411183,40.404345],[-123.405215,40.402232],[-123.401317,40.401696],[-123.399877,40.402168],[-123.402663,40.399326],[-123.395954,40.398472],[-123.393444,40.399354],[-123.390652,40.401057],[-123.390721,40.404706],[-123.391621,40.406496],[-123.395474,40.407793],[-123.401325,40.407892],[-123.402952,40.410292],[-123.406952,40.413336],[-123.408177,40.41512],[-123.406095,40.415832],[-123.405862,40.417288],[-123.407618,40.41771],[-123.40929,40.419275],[-123.409221,40.420396],[-123.407677,40.422411],[-123.408382,40.424061],[-123.411857,40.42384],[-123.412228,40.425191],[-123.411422,40.426742],[-123.409215,40.42683],[-123.408767,40.42771],[-123.411847,40.429547],[-123.410674,40.43304],[-123.411261,40.435037],[-123.411107,40.437163],[-123.409354,40.439768],[-123.409913,40.440795],[-123.412613,40.441489],[-123.415757,40.440883],[-123.41479,40.439604],[-123.413076,40.439535],[-123.41158,40.436608],[-123.412421,40.435132],[-123.412034,40.431349],[-123.412572,40.429225],[-123.410781,40.427288],[-123.411896,40.427056],[-123.412797,40.424357],[-123.410232,40.422426],[-123.410379,40.420684],[-123.411995,40.42192],[-123.414904,40.422158],[-123.414498,40.42013],[-123.414928,40.418612],[-123.419134,40.415958],[-123.419068,40.417707],[-123.419755,40.419571],[-123.420581,40.417866],[-123.422123,40.416279],[-123.42455,40.415138],[-123.428479,40.415656],[-123.425579,40.416517],[-123.424642,40.418672],[-123.426626,40.417667],[-123.429811,40.417736],[-123.433865,40.417419],[-123.436264,40.416653],[-123.440516,40.414184],[-123.441521,40.414092],[-123.442714,40.412553],[-123.445109,40.411559],[-123.444982,40.414091],[-123.443898,40.417176],[-123.4416,40.419471],[-123.440038,40.422469],[-123.443055,40.428235],[-123.445173,40.430071],[-123.446653,40.430543],[-123.448968,40.433666],[-123.449351,40.435298],[-123.454575,40.44225],[-123.455475,40.444953],[-123.456911,40.446903],[-123.460291,40.454218],[-123.461942,40.45699],[-123.465404,40.464407],[-123.466012,40.467609],[-123.467572,40.469579],[-123.468046,40.474183],[-123.469563,40.476665],[-123.473309,40.479144],[-123.475656,40.481472],[-123.478291,40.484767],[-123.482646,40.486648],[-123.484816,40.489012],[-123.488073,40.489815],[-123.492181,40.493668],[-123.493275,40.495224],[-123.493448,40.496839],[-123.495079,40.498821],[-123.495504,40.500275],[-123.497068,40.501555],[-123.498389,40.505316],[-123.50076,40.5099],[-123.501514,40.510612],[-123.502219,40.512994],[-123.503853,40.515206],[-123.503002,40.519591],[-123.503162,40.522736],[-123.503937,40.526344],[-123.504972,40.527366],[-123.50622,40.531054],[-123.509431,40.536117],[-123.509985,40.538267],[-123.51139,40.540542],[-123.511865,40.546125],[-123.513057,40.548013],[-123.514872,40.548476],[-123.515335,40.551373],[-123.519321,40.555838],[-123.521938,40.558087],[-123.523007,40.562048],[-123.524757,40.56345],[-123.526668,40.566924],[-123.528725,40.568395],[-123.529367,40.569708],[-123.531611,40.57166],[-123.534251,40.575538],[-123.536714,40.578028],[-123.539225,40.581318],[-123.540693,40.584734],[-123.541661,40.58527],[-123.542738,40.587511],[-123.542799,40.589589],[-123.544152,40.591075],[-123.54452,40.5925]]]}},{"type":"Feature","properties":{"zcta5":"95595","AFFGEOID10":"8600000US95595","GEOID10":"95595","ALAND10":634044548,"AWATER10":72396,"county_name":"Trinity","state_code":"CA","county_state":"Trinity County, CA","county_fips":"06105","risk_level_county":"Medium Risk (70–79% vaccinated)","mean_vaccination_rate_county":76.03,"risk_level_zcta":"Uninhabited","mean_vaccination_rate_zips":null,"cases":25},"geometry":{"type":"Polygon","coordinates":[[[-123.544458,40.001923],[-123.54457,39.999871],[-123.544563,39.977015],[-123.447329,39.977196],[-123.415965,39.977231],[-123.412291,39.977112],[-123.391409,39.977289],[-123.341029,39.977291],[-123.344554,39.978594],[-123.345085,39.980222],[-123.343199,39.982553],[-123.340026,39.987323],[-123.336854,39.988017],[-123.333957,39.989719],[-123.332896,39.992158],[-123.328288,39.996228],[-123.325312,39.997109],[-123.323978,39.998715],[-123.322988,39.99919],[-123.319555,39.998152],[-123.316552,39.998264],[-123.312361,40.000029],[-123.310511,40.001535],[-123.306112,40.002984],[-123.300636,40.002665],[-123.298676,40.004303],[-123.296828,40.003428],[-123.294681,40.003519],[-123.292586,40.002822],[-123.289391,40.004074],[-123.286266,40.002607],[-123.284384,40.002295],[-123.281613,40.003431],[-123.276397,40.004188],[-123.274742,40.004748],[-123.273331,40.003978],[-123.270989,40.00594],[-123.270152,40.008449],[-123.272072,40.010894],[-123.270989,40.013183],[-123.270676,40.017761],[-123.27105,40.020183],[-123.273476,40.022064],[-123.274659,40.023967],[-123.275032,40.026035],[-123.277192,40.027492],[-123.277008,40.029338],[-123.278367,40.030578],[-123.278916,40.032436],[-123.281533,40.033157],[-123.285607,40.035785],[-123.288484,40.039294],[-123.291589,40.041415],[-123.290521,40.044654],[-123.293794,40.048163],[-123.294221,40.049899],[-123.295831,40.052539],[-123.295862,40.054816],[-123.29738,40.055362],[-123.299142,40.057105],[-123.304003,40.059657],[-123.305414,40.061743],[-123.307161,40.066668],[-123.30897,40.068243],[-123.308619,40.069903],[-123.31074,40.072764],[-123.311915,40.073572],[-123.310358,40.076132],[-123.311419,40.076864],[-123.310984,40.078032],[-123.314402,40.080622],[-123.313441,40.082487],[-123.313624,40.08396],[-123.315295,40.083902],[-123.317386,40.086134],[-123.317011,40.088144],[-123.319125,40.089804],[-123.31898,40.092615],[-123.319514,40.095911],[-123.31966,40.098524],[-123.323841,40.099542],[-123.324069,40.101843],[-123.325595,40.103639],[-123.325016,40.104276],[-123.323436,40.103307],[-123.321216,40.103041],[-123.319736,40.104364],[-123.311679,40.106416],[-123.309169,40.107481],[-123.303981,40.108888],[-123.302356,40.10824],[-123.299464,40.10927],[-123.296939,40.111673],[-123.295405,40.113844],[-123.293193,40.115499],[-123.290805,40.115484],[-123.289325,40.116708],[-123.286685,40.115923],[-123.283305,40.116117],[-123.281909,40.117471],[-123.279714,40.117134],[-123.278621,40.118376],[-123.271508,40.117838],[-123.272481,40.118956],[-123.275975,40.120914],[-123.27928,40.120753],[-123.279597,40.12394],[-123.281543,40.125864],[-123.2791,40.128093],[-123.279561,40.13088],[-123.27915,40.136087],[-123.278573,40.137634],[-123.279473,40.139677],[-123.281832,40.141146],[-123.281902,40.145849],[-123.281497,40.149152],[-123.284522,40.148958],[-123.288414,40.149262],[-123.293824,40.152365],[-123.294452,40.15412],[-123.296081,40.155099],[-123.298388,40.15755],[-123.301221,40.158757],[-123.302296,40.161896],[-123.3051,40.162323],[-123.306265,40.163241],[-123.305297,40.167125],[-123.306749,40.168915],[-123.306224,40.170762],[-123.307228,40.173425],[-123.30755,40.178704],[-123.310172,40.181346],[-123.31283,40.183302],[-123.31387,40.185572],[-123.313731,40.187459],[-123.314922,40.190281],[-123.31692,40.192089],[-123.317695,40.193679],[-123.320424,40.195356],[-123.325094,40.196018],[-123.32651,40.195042],[-123.329601,40.196049],[-123.331842,40.19515],[-123.332357,40.196215],[-123.331132,40.198009],[-123.332242,40.200196],[-123.334866,40.201591],[-123.335824,40.204474],[-123.34054,40.211124],[-123.340385,40.213313],[-123.338665,40.216031],[-123.340142,40.218203],[-123.339103,40.22027],[-123.340459,40.221354],[-123.33996,40.224057],[-123.341227,40.225625],[-123.344811,40.22678],[-123.345088,40.230399],[-123.347669,40.232087],[-123.349305,40.232266],[-123.353545,40.235017],[-123.354001,40.237826],[-123.356892,40.241406],[-123.357976,40.241049],[-123.36017,40.243045],[-123.362849,40.250232],[-123.362004,40.254059],[-123.363505,40.256959],[-123.36668,40.258829],[-123.367543,40.260136],[-123.369446,40.260869],[-123.370434,40.263163],[-123.372911,40.264334],[-123.37277,40.267553],[-123.374059,40.268875],[-123.37413,40.267437],[-123.376942,40.269264],[-123.376266,40.272713],[-123.373441,40.274644],[-123.376108,40.277543],[-123.3781,40.28245],[-123.380413,40.284771],[-123.383355,40.285667],[-123.383929,40.286815],[-123.386505,40.287797],[-123.387243,40.289475],[-123.388892,40.289266],[-123.391538,40.287725],[-123.394285,40.288187],[-123.393082,40.285588],[-123.394396,40.285646],[-123.39332,40.283929],[-123.391306,40.282758],[-123.397116,40.280099],[-123.397588,40.275357],[-123.403534,40.275922],[-123.406381,40.27752],[-123.415964,40.277175],[-123.421527,40.277909],[-123.423778,40.281598],[-123.424441,40.285133],[-123.425286,40.286311],[-123.4269,40.287336],[-123.432359,40.289206],[-123.43701,40.289358],[-123.439177,40.286376],[-123.442774,40.286365],[-123.445799,40.281875],[-123.446254,40.280146],[-123.446785,40.283298],[-123.44756,40.284832],[-123.453588,40.289728],[-123.456633,40.290254],[-123.461051,40.291603],[-123.464547,40.291305],[-123.467713,40.288192],[-123.468221,40.286865],[-123.471896,40.286452],[-123.470849,40.285697],[-123.473658,40.285925],[-123.476705,40.284688],[-123.479425,40.284985],[-123.48047,40.283634],[-123.479095,40.283841],[-123.476764,40.282675],[-123.475718,40.282812],[-123.474702,40.282195],[-123.474522,40.279883],[-123.473027,40.278534],[-123.472577,40.274644],[-123.470247,40.274965],[-123.467797,40.273937],[-123.465974,40.272358],[-123.463972,40.271741],[-123.465375,40.268765],[-123.465344,40.266706],[-123.468719,40.264508],[-123.46821,40.261945],[-123.469732,40.258787],[-123.471553,40.257185],[-123.475644,40.256085],[-123.478599,40.253567],[-123.479196,40.251804],[-123.48257,40.250911],[-123.484781,40.253038],[-123.485228,40.252054],[-123.489141,40.252235],[-123.491382,40.253173],[-123.495559,40.2516],[-123.497111,40.251742],[-123.498807,40.250742],[-123.502312,40.250523],[-123.502761,40.249964],[-123.499989,40.249286],[-123.502304,40.247993],[-123.504389,40.248991],[-123.506952,40.246758],[-123.511692,40.245894],[-123.512735,40.246279],[-123.513353,40.249215],[-123.515475,40.24145],[-123.513773,40.241564],[-123.512937,40.240694],[-123.515988,40.240239],[-123.517571,40.238725],[-123.522966,40.235758],[-123.523685,40.237291],[-123.522718,40.238356],[-123.523239,40.239896],[-123.526943,40.238135],[-123.528646,40.23674],[-123.529841,40.23452],[-123.533574,40.232301],[-123.536919,40.230883],[-123.537755,40.229717],[-123.537278,40.228069],[-123.536114,40.227474],[-123.536025,40.225208],[-123.537399,40.223675],[-123.53719,40.22276],[-123.53898,40.220537],[-123.541002,40.221685],[-123.541855,40.220205],[-123.543933,40.218565],[-123.544197,40.110988],[-123.544458,40.001923]]]}},{"type":"Feature","properties":{"zcta5":"96091","AFFGEOID10":"8600000US96091","GEOID10":"96091","ALAND10":1171256226,"AWATER10":3141902,"county_name":"Trinity","state_code":"CA","county_state":"Trinity County, CA","county_fips":"06105","risk_level_county":"Medium Risk (70–79% vaccinated)","mean_vaccination_rate_county":76.03,"risk_level_zcta":"Medium Risk (70–79% vaccinated)","mean_vaccination_rate_zips":75.82,"cases":25},"geometry":{"type":"Polygon","coordinates":[[[-123.037118,41.004176],[-123.038778,40.999414],[-123.037156,40.996384],[-123.034618,40.993764],[-123.030551,40.990624],[-123.02646,40.988776],[-123.022461,40.988251],[-123.017101,40.98865],[-123.013254,40.989187],[-123.007486,40.987724],[-123.000428,40.984799],[-123.000378,40.98221],[-123.001528,40.98131],[-123.001805,40.97676],[-123.002346,40.975403],[-123.005249,40.970884],[-123.007276,40.966876],[-123.005453,40.963181],[-123.003085,40.961972],[-122.997113,40.96176],[-122.995269,40.961267],[-122.993332,40.957999],[-122.99056,40.955082],[-122.991744,40.951368],[-122.995221,40.947281],[-122.999628,40.946184],[-123.000875,40.944155],[-123.001331,40.941218],[-123.00196,40.940143],[-123.000491,40.937212],[-123.000583,40.934151],[-122.999253,40.932532],[-122.999712,40.93107],[-123.001162,40.929239],[-123.00161,40.927608],[-122.995317,40.918275],[-122.993582,40.917416],[-122.990615,40.916911],[-122.987637,40.915552],[-122.986979,40.912574],[-122.985628,40.909068],[-122.987061,40.904835],[-122.990116,40.902582],[-122.995498,40.890255],[-122.994429,40.889206],[-122.99175,40.883412],[-122.991194,40.880908],[-122.989994,40.879578],[-122.989117,40.875038],[-122.98383,40.871404],[-122.976864,40.864405],[-122.974061,40.862562],[-122.972058,40.856658],[-122.969204,40.851083],[-122.968703,40.84421],[-122.969361,40.842473],[-122.973516,40.840423],[-122.976591,40.839218],[-122.978571,40.836521],[-122.978384,40.832304],[-122.921156,40.832266],[-122.921048,40.830769],[-122.920137,40.830476],[-122.916208,40.831005],[-122.914835,40.830225],[-122.912798,40.8302],[-122.907739,40.827665],[-122.907892,40.826593],[-122.905404,40.824551],[-122.903344,40.822085],[-122.903184,40.821256],[-122.896905,40.816733],[-122.894845,40.813875],[-122.890931,40.81148],[-122.890496,40.807565],[-122.88868,40.804857],[-122.888151,40.804776],[-122.888758,40.808686],[-122.88972,40.810348],[-122.889411,40.813054],[-122.891242,40.814683],[-122.891547,40.8169],[-122.893166,40.818389],[-122.89292,40.819346],[-122.891222,40.81995],[-122.890978,40.821573],[-122.888136,40.823355],[-122.887869,40.826115],[-122.888364,40.826977],[-122.890611,40.828314],[-122.885599,40.827292],[-122.88288,40.82785],[-122.880382,40.829288],[-122.879203,40.830959],[-122.876079,40.833581],[-122.874595,40.834191],[-122.862662,40.836856],[-122.861052,40.837632],[-122.855765,40.840429],[-122.855562,40.841166],[-122.857884,40.843913],[-122.861385,40.845121],[-122.865211,40.847599],[-122.867055,40.850367],[-122.866515,40.851472],[-122.86466,40.852633],[-122.859541,40.849862],[-122.85354,40.849832],[-122.850909,40.850377],[-122.84949,40.849795],[-122.846154,40.846317],[-122.844937,40.845765],[-122.842608,40.846863],[-122.839648,40.845708],[-122.837292,40.847142],[-122.836098,40.84607],[-122.834799,40.846142],[-122.832706,40.847577],[-122.832452,40.852],[-122.82961,40.853206],[-122.824905,40.85234],[-122.823473,40.853162],[-122.822463,40.855525],[-122.819871,40.857108],[-122.820009,40.858833],[-122.818059,40.860481],[-122.817306,40.86267],[-122.81808,40.865525],[-122.812392,40.864795],[-122.811408,40.86778],[-122.811255,40.866095],[-122.808364,40.861825],[-122.807272,40.856612],[-122.805915,40.855979],[-122.805365,40.85446],[-122.805922,40.851844],[-122.804915,40.85136],[-122.802916,40.851816],[-122.801833,40.849049],[-122.799917,40.847811],[-122.800352,40.846191],[-122.798498,40.846151],[-122.798208,40.845241],[-122.796042,40.844661],[-122.794508,40.846928],[-122.793272,40.847367],[-122.793646,40.848314],[-122.791891,40.848653],[-122.791761,40.850306],[-122.792578,40.850915],[-122.792952,40.852749],[-122.794638,40.852923],[-122.794401,40.853648],[-122.796057,40.85507],[-122.795569,40.856767],[-122.798033,40.860186],[-122.799399,40.863359],[-122.799239,40.864287],[-122.798498,40.862398],[-122.796378,40.859476],[-122.794386,40.858306],[-122.792555,40.859068],[-122.791143,40.857543],[-122.789648,40.858279],[-122.788885,40.859863],[-122.788298,40.856682],[-122.786184,40.856597],[-122.783575,40.857353],[-122.781873,40.858539],[-122.781286,40.860137],[-122.785482,40.862411],[-122.782858,40.861883],[-122.779333,40.862287],[-122.778448,40.863519],[-122.778654,40.865664],[-122.779638,40.867309],[-122.777051,40.865264],[-122.776067,40.86356],[-122.773153,40.864085],[-122.771375,40.8656],[-122.770993,40.864122],[-122.769521,40.86356],[-122.766752,40.864289],[-122.764684,40.866248],[-122.764478,40.868068],[-122.76521,40.871429],[-122.767072,40.87382],[-122.767225,40.875776],[-122.768888,40.876513],[-122.770658,40.876359],[-122.770307,40.87712],[-122.772291,40.877128],[-122.772848,40.877958],[-122.770681,40.878165],[-122.769933,40.878943],[-122.772001,40.882569],[-122.773428,40.884459],[-122.777304,40.885214],[-122.778585,40.885951],[-122.776693,40.885551],[-122.773366,40.886103],[-122.773847,40.888892],[-122.772741,40.891934],[-122.772764,40.894254],[-122.771398,40.897652],[-122.771253,40.899692],[-122.770017,40.897357],[-122.770467,40.894092],[-122.770345,40.890587],[-122.769102,40.889044],[-122.769391,40.888045],[-122.768644,40.886116],[-122.766828,40.884347],[-122.763257,40.883803],[-122.765096,40.88282],[-122.763433,40.879115],[-122.761808,40.878661],[-122.762586,40.877257],[-122.760701,40.87706],[-122.762006,40.875954],[-122.760801,40.874911],[-122.760526,40.872573],[-122.759236,40.871615],[-122.758825,40.869403],[-122.756795,40.868845],[-122.758641,40.86811],[-122.758718,40.866763],[-122.757092,40.865719],[-122.75858,40.865331],[-122.759122,40.864034],[-122.757886,40.863221],[-122.761541,40.862071],[-122.761686,40.861058],[-122.763555,40.858882],[-122.767133,40.858493],[-122.770918,40.859505],[-122.772596,40.858409],[-122.769765,40.857066],[-122.771711,40.855457],[-122.774152,40.854498],[-122.772413,40.85385],[-122.773267,40.853068],[-122.772527,40.850972],[-122.771474,40.851204],[-122.770314,40.849355],[-122.770948,40.848582],[-122.769971,40.84712],[-122.770452,40.846117],[-122.769742,40.843886],[-122.770223,40.843409],[-122.770078,40.839698],[-122.772687,40.838847],[-122.770917,40.837276],[-122.771467,40.836291],[-122.770116,40.834333],[-122.770711,40.831942],[-122.768331,40.830695],[-122.767072,40.828255],[-122.766637,40.828547],[-122.767812,40.831657],[-122.766362,40.83456],[-122.765302,40.834904],[-122.765004,40.837832],[-122.762372,40.840214],[-122.76006,40.840587],[-122.759343,40.842117],[-122.759915,40.843159],[-122.758344,40.843565],[-122.757962,40.844533],[-122.754651,40.846107],[-122.752934,40.848545],[-122.751942,40.847736],[-122.749227,40.848235],[-122.747833,40.850405],[-122.74651,40.851158],[-122.745165,40.850939],[-122.743792,40.851989],[-122.743627,40.853499],[-122.741884,40.854214],[-122.741538,40.855334],[-122.738884,40.855621],[-122.736724,40.859867],[-122.734758,40.861323],[-122.734665,40.862729],[-122.732328,40.861313],[-122.730656,40.860962],[-122.727842,40.858909],[-122.725708,40.858449],[-122.72484,40.859564],[-122.725232,40.862628],[-122.727403,40.863605],[-122.728981,40.866108],[-122.729127,40.868063],[-122.727855,40.870348],[-122.729014,40.871869],[-122.732241,40.872148],[-122.730628,40.873115],[-122.731511,40.874869],[-122.731594,40.876973],[-122.729638,40.874648],[-122.724653,40.873672],[-122.722757,40.874458],[-122.7234,40.877296],[-122.724285,40.878429],[-122.721874,40.878441],[-122.720516,40.877384],[-122.718685,40.876996],[-122.717075,40.878573],[-122.716472,40.879946],[-122.713329,40.882519],[-122.714222,40.883152],[-122.71294,40.884243],[-122.714023,40.886034],[-122.713939,40.887088],[-122.715496,40.887141],[-122.715275,40.891095],[-122.714336,40.889233],[-122.712215,40.888327],[-122.711109,40.886955],[-122.70879,40.886525],[-122.706699,40.888263],[-122.705913,40.891369],[-122.708255,40.892916],[-122.709362,40.894274],[-122.710529,40.897574],[-122.710194,40.899618],[-122.711216,40.901292],[-122.710995,40.903102],[-122.707974,40.904356],[-122.706112,40.905364],[-122.706051,40.906346],[-122.704441,40.907148],[-122.70174,40.909691],[-122.70148,40.910951],[-122.702953,40.913446],[-122.70277,40.914779],[-122.705532,40.915727],[-122.709942,40.915671],[-122.71233,40.915141],[-122.714741,40.915273],[-122.71645,40.913619],[-122.716419,40.914894],[-122.720951,40.918171],[-122.717747,40.916438],[-122.714672,40.91643],[-122.71101,40.917844],[-122.710903,40.921722],[-122.710415,40.91982],[-122.709286,40.918291],[-122.707439,40.918245],[-122.704036,40.919038],[-122.702816,40.918211],[-122.701786,40.919033],[-122.698963,40.919908],[-122.69804,40.92246],[-122.694935,40.924316],[-122.693561,40.927587],[-122.69511,40.92865],[-122.69759,40.929057],[-122.699489,40.930643],[-122.70467,40.93094],[-122.699024,40.932313],[-122.696025,40.930539],[-122.69479,40.930924],[-122.696941,40.935474],[-122.695637,40.936952],[-122.696476,40.937923],[-122.695369,40.939217],[-122.693706,40.939195],[-122.693386,40.940036],[-122.695369,40.941798],[-122.692852,40.94194],[-122.693546,40.942802],[-122.690952,40.943696],[-122.692676,40.944804],[-122.695652,40.945276],[-122.692813,40.946323],[-122.694042,40.947213],[-122.692387,40.948821],[-122.690799,40.948088],[-122.690143,40.949126],[-122.690914,40.951065],[-122.690433,40.952442],[-122.693584,40.954288],[-122.695606,40.955046],[-122.695423,40.955617],[-122.697735,40.957475],[-122.69688,40.957806],[-122.691891,40.955815],[-122.690563,40.955758],[-122.6888,40.957487],[-122.689426,40.960106],[-122.689319,40.962574],[-122.691219,40.965709],[-122.688953,40.967712],[-122.689609,40.970889],[-122.691173,40.972375],[-122.694752,40.974524],[-122.695369,40.976557],[-122.693111,40.977123],[-122.69321,40.977916],[-122.69035,40.978485],[-122.691013,40.979392],[-122.691654,40.982569],[-122.69096,40.984108],[-122.692035,40.985958],[-122.691235,40.987698],[-122.6954,40.98743],[-122.695339,40.989425],[-122.694355,40.989828],[-122.694355,40.991517],[-122.695766,40.992345],[-122.697056,40.994245],[-122.70171,40.996],[-122.700466,40.997398],[-122.700581,40.99897],[-122.698101,40.999869],[-122.697302,41.001183],[-122.694853,41.003627],[-122.696563,41.003692],[-122.695549,41.00534],[-122.697636,41.00529],[-122.697608,41.006043],[-122.693889,41.007537],[-122.691859,41.009601],[-122.690699,41.009481],[-122.691163,41.012627],[-122.693549,41.014829],[-122.692679,41.015686],[-122.691541,41.01864],[-122.69136,41.020645],[-122.69054,41.021589],[-122.692955,41.025494],[-122.69297,41.027119],[-122.692085,41.028629],[-122.692645,41.030004],[-122.685885,41.029915],[-122.684696,41.028613],[-122.684964,41.025714],[-122.6821,41.023786],[-122.67886,41.020381],[-122.678649,41.019475],[-122.67696,41.019217],[-122.677214,41.017756],[-122.67646,41.01657],[-122.674742,41.016883],[-122.675583,41.014856],[-122.675301,41.013088],[-122.676932,41.01194],[-122.677005,41.009387],[-122.675607,41.00674],[-122.678281,41.008552],[-122.679195,41.008382],[-122.678528,41.007053],[-122.677209,41.006553],[-122.674288,41.002654],[-122.674281,41.000858],[-122.671932,40.999626],[-122.673343,40.999261],[-122.672626,40.997435],[-122.675121,40.998059],[-122.672886,40.994476],[-122.670612,40.992929],[-122.669086,40.990569],[-122.668925,40.988965],[-122.666865,40.987991],[-122.666736,40.98663],[-122.665706,40.986272],[-122.664119,40.986335],[-122.664073,40.987438],[-122.661685,40.98799],[-122.662509,40.989663],[-122.66093,40.990528],[-122.658755,40.990864],[-122.657092,40.993611],[-122.655719,40.993832],[-122.657595,40.996756],[-122.655246,40.996889],[-122.652881,40.995562],[-122.652911,40.994774],[-122.650935,40.995732],[-122.652492,40.997047],[-122.650831,40.999874],[-122.644313,40.999594],[-122.645755,40.999459],[-122.648478,40.997715],[-122.648371,40.994062],[-122.647921,40.992209],[-122.646685,40.990715],[-122.644465,40.990528],[-122.641978,40.99238],[-122.644778,40.995641],[-122.641635,40.994172],[-122.64155,40.995054],[-122.642878,40.99641],[-122.640025,40.995608],[-122.6383,40.994499],[-122.635043,40.99552],[-122.628245,40.999602],[-122.627181,40.997452],[-122.625364,40.998272],[-122.62596,40.999871],[-122.626088,41.001135],[-122.625848,41.001836],[-122.624337,41.002629],[-122.62601,41.000882],[-122.625618,41.000092],[-122.621239,40.999869],[-122.623658,40.997903],[-122.624251,40.996733],[-122.626474,40.995876],[-122.629153,40.993966],[-122.630915,40.993206],[-122.634844,40.987957],[-122.637278,40.986641],[-122.634768,40.984119],[-122.638491,40.98519],[-122.639269,40.98471],[-122.639735,40.981518],[-122.640673,40.983625],[-122.643328,40.983795],[-122.643146,40.981777],[-122.644969,40.981926],[-122.646159,40.98088],[-122.648265,40.980554],[-122.647891,40.979634],[-122.650042,40.97973],[-122.651385,40.97891],[-122.650859,40.977138],[-122.651645,40.974852],[-122.653224,40.976943],[-122.656665,40.97716],[-122.655535,40.973936],[-122.656893,40.97199],[-122.660686,40.969447],[-122.660701,40.967457],[-122.662073,40.966284],[-122.65962,40.967325],[-122.657085,40.970147],[-122.654278,40.970947],[-122.653582,40.973097],[-122.652616,40.973669],[-122.650261,40.973028],[-122.650502,40.974675],[-122.649415,40.975773],[-122.649232,40.977992],[-122.648598,40.978358],[-122.645399,40.976801],[-122.642379,40.978242],[-122.642259,40.977235],[-122.64087,40.977211],[-122.64078,40.976204],[-122.635347,40.975172],[-122.634199,40.97563],[-122.632268,40.973981],[-122.632934,40.972403],[-122.630038,40.970319],[-122.631608,40.969244],[-122.627928,40.967],[-122.626555,40.967846],[-122.621948,40.96691],[-122.624924,40.96516],[-122.624663,40.964468],[-122.621039,40.96206],[-122.618951,40.962231],[-122.618163,40.960776],[-122.619728,40.959548],[-122.617048,40.957044],[-122.616879,40.955918],[-122.6144,40.953577],[-122.611728,40.952992],[-122.608742,40.951204],[-122.607821,40.951222],[-122.605186,40.949276],[-122.605559,40.951503],[-122.607344,40.954564],[-122.607097,40.958109],[-122.603089,40.959387],[-122.603204,40.960606],[-122.601343,40.963316],[-122.600982,40.966252],[-122.601755,40.970557],[-122.601508,40.971533],[-122.599168,40.973497],[-122.598528,40.975847],[-122.594418,40.978052],[-122.591375,40.976677],[-122.589631,40.97956],[-122.58971,40.983892],[-122.589188,40.985378],[-122.587593,40.985372],[-122.581754,40.982957],[-122.575485,40.983168],[-122.574802,40.98379],[-122.569181,40.984988],[-122.56672,40.987455],[-122.564389,40.988187],[-122.563303,40.990365],[-122.563026,40.99368],[-122.560953,40.996609],[-122.558394,40.997255],[-122.557595,40.998446],[-122.555444,40.999485],[-122.555243,41.002745],[-122.55449,41.003622],[-122.548104,41.005224],[-122.545272,41.0051],[-122.542761,41.003511],[-122.538849,41.002114],[-122.536367,41.003865],[-122.53508,41.005984],[-122.535083,41.008102],[-122.530417,41.010627],[-122.527753,41.014395],[-122.528734,41.017554],[-122.527092,41.021085],[-122.52834,41.024445],[-122.528483,41.034396],[-122.528929,41.036513],[-122.528085,41.037522],[-122.528132,41.040615],[-122.526844,41.041692],[-122.527468,41.043338],[-122.527336,41.045725],[-122.525203,41.047475],[-122.522361,41.052285],[-122.523166,41.059208],[-122.525794,41.06304],[-122.527618,41.064212],[-122.531756,41.064816],[-122.536828,41.06417],[-122.537942,41.065042],[-122.537946,41.068207],[-122.539775,41.072605],[-122.537867,41.074657],[-122.535861,41.075869],[-122.528833,41.076751],[-122.523142,41.080821],[-122.521231,41.083076],[-122.516422,41.084897],[-122.515982,41.085577],[-122.519478,41.08529],[-122.523247,41.085796],[-122.52478,41.084636],[-122.525764,41.081913],[-122.530169,41.080513],[-122.530216,41.084777],[-122.529343,41.087885],[-122.529284,41.09102],[-122.529842,41.093173],[-122.529615,41.096039],[-122.531835,41.097748],[-122.533918,41.098544],[-122.536211,41.100401],[-122.537408,41.102087],[-122.538976,41.102549],[-122.540037,41.101429],[-122.542715,41.101786],[-122.544689,41.103242],[-122.551782,41.103611],[-122.558954,41.106143],[-122.560348,41.10762],[-122.561401,41.111409],[-122.56278,41.114039],[-122.56599,41.116422],[-122.570716,41.114698],[-122.573374,41.11791],[-122.574798,41.121029],[-122.576258,41.122352],[-122.578104,41.126225],[-122.581271,41.128042],[-122.583043,41.128399],[-122.585772,41.130763],[-122.584272,41.13047],[-122.583548,41.131209],[-122.577947,41.131023],[-122.576317,41.130234],[-122.578339,41.132581],[-122.578585,41.134509],[-122.579902,41.134921],[-122.582764,41.134854],[-122.583825,41.135764],[-122.586552,41.135471],[-122.58876,41.136303],[-122.589036,41.137254],[-122.592094,41.139873],[-122.595194,41.139795],[-122.596083,41.139178],[-122.5998,41.139369],[-122.601627,41.140594],[-122.602562,41.142174],[-122.605187,41.142541],[-122.606005,41.143523],[-122.605047,41.144221],[-122.605052,41.146336],[-122.610671,41.145422],[-122.613036,41.144433],[-122.614812,41.145382],[-122.616584,41.144875],[-122.618002,41.145869],[-122.619509,41.144709],[-122.618663,41.143034],[-122.616684,41.141237],[-122.617065,41.140712],[-122.621545,41.141365],[-122.623053,41.143127],[-122.627309,41.143235],[-122.633046,41.144699],[-122.637783,41.144627],[-122.639861,41.14371],[-122.643866,41.142875],[-122.647352,41.143454],[-122.645175,41.141114],[-122.644232,41.139115],[-122.644683,41.137534],[-122.643792,41.135619],[-122.6449,41.136658],[-122.645827,41.140185],[-122.647107,41.142579],[-122.651034,41.144709],[-122.653729,41.14694],[-122.657778,41.147956],[-122.66498,41.150756],[-122.667655,41.150728],[-122.666806,41.152325],[-122.66712,41.156692],[-122.665645,41.159934],[-122.664865,41.165093],[-122.664889,41.16899],[-122.663962,41.170554],[-122.661682,41.172889],[-122.660054,41.179898],[-122.658733,41.182306],[-122.655507,41.185611],[-122.653056,41.190351],[-122.651823,41.191919],[-122.649458,41.193568],[-122.648176,41.195532],[-122.647043,41.198811],[-122.645717,41.207724],[-122.64611,41.211593],[-122.645143,41.21454],[-122.647086,41.218264],[-122.647851,41.220525],[-122.647574,41.226502],[-122.647213,41.228485],[-122.64586,41.230871],[-122.64563,41.234],[-122.646426,41.234688],[-122.65284,41.235491],[-122.657164,41.23773],[-122.662023,41.238916],[-122.664436,41.240911],[-122.664445,41.242368],[-122.665601,41.243868],[-122.666838,41.24473],[-122.666417,41.246028],[-122.667334,41.245118],[-122.665486,41.243458],[-122.664708,41.241635],[-122.666529,41.240347],[-122.667079,41.237661],[-122.67063,41.234512],[-122.672087,41.233775],[-122.679215,41.231836],[-122.68061,41.23245],[-122.685282,41.23143],[-122.686229,41.230597],[-122.693335,41.229556],[-122.698433,41.228194],[-122.699606,41.227326],[-122.702674,41.226719],[-122.70521,41.227437],[-122.708546,41.227245],[-122.710397,41.227696],[-122.712573,41.229628],[-122.715715,41.231116],[-122.718865,41.231109],[-122.721127,41.230686],[-122.725525,41.227099],[-122.727996,41.223364],[-122.72953,41.221952],[-122.732141,41.221841],[-122.738645,41.225062],[-122.740086,41.226214],[-122.744114,41.228196],[-122.741988,41.229043],[-122.739478,41.228928],[-122.737138,41.229752],[-122.733365,41.233375],[-122.733056,41.234257],[-122.734653,41.235236],[-122.735185,41.236393],[-122.736971,41.236582],[-122.736201,41.238639],[-122.734027,41.238992],[-122.733288,41.239839],[-122.734135,41.240647],[-122.733408,41.241652],[-122.731066,41.241475],[-122.730008,41.244011],[-122.726992,41.245368],[-122.726819,41.246386],[-122.728435,41.24533],[-122.731989,41.244503],[-122.732649,41.243794],[-122.740043,41.244256],[-122.742039,41.243471],[-122.744513,41.241608],[-122.746465,41.240891],[-122.748958,41.240876],[-122.753641,41.241874],[-122.758318,41.240804],[-122.763738,41.238083],[-122.764605,41.235622],[-122.76709,41.234162],[-122.773855,41.232104],[-122.777012,41.230841],[-122.777882,41.22865],[-122.778149,41.224412],[-122.779799,41.220031],[-122.781207,41.218173],[-122.78673,41.216996],[-122.787697,41.215612],[-122.788333,41.212582],[-122.795551,41.211361],[-122.797632,41.209835],[-122.7976,41.206943],[-122.798699,41.205423],[-122.802109,41.203048],[-122.809159,41.202768],[-122.811342,41.202451],[-122.812911,41.20308],[-122.816845,41.207595],[-122.820241,41.20791],[-122.825175,41.21003],[-122.836698,41.206727],[-122.839532,41.204826],[-122.842296,41.200739],[-122.843941,41.200224],[-122.850017,41.200755],[-122.852515,41.200671],[-122.855434,41.202097],[-122.857703,41.20151],[-122.862485,41.20205],[-122.863619,41.203622],[-122.866345,41.203907],[-122.870689,41.205088],[-122.873167,41.20429],[-122.876141,41.203666],[-122.880822,41.203522],[-122.883563,41.203917],[-122.885921,41.205142],[-122.889984,41.202949],[-122.894475,41.202675],[-122.899742,41.198844],[-122.902919,41.197239],[-122.906876,41.195924],[-122.90728,41.194054],[-122.908836,41.191531],[-122.91212,41.190579],[-122.91537,41.187184],[-122.917513,41.186845],[-122.920947,41.18748],[-122.924839,41.186665],[-122.925957,41.185157],[-122.928032,41.179941],[-122.929171,41.178691],[-122.9356,41.177261],[-122.944818,41.181085],[-122.951317,41.185578],[-122.955515,41.182795],[-122.957903,41.18189],[-122.961347,41.181525],[-122.96273,41.179315],[-122.9626,41.177872],[-122.960888,41.173867],[-122.957864,41.170113],[-122.955388,41.168309],[-122.954512,41.166939],[-122.956191,41.162884],[-122.957276,41.161214],[-122.954724,41.158693],[-122.954924,41.156363],[-122.954409,41.154526],[-122.95174,41.151045],[-122.951664,41.15032],[-122.952918,41.146974],[-122.958074,41.145664],[-122.958818,41.144019],[-122.961572,41.140124],[-122.965054,41.138654],[-122.965352,41.137945],[-122.963451,41.135504],[-122.962988,41.13265],[-122.961299,41.129],[-122.959934,41.123992],[-122.96025,41.122985],[-122.963287,41.120508],[-122.967573,41.117936],[-122.968964,41.115017],[-122.973382,41.112074],[-122.974237,41.109625],[-122.974074,41.10576],[-122.973142,41.10485],[-122.970739,41.104406],[-122.969096,41.103359],[-122.969947,41.101917],[-122.968798,41.099562],[-122.969166,41.096304],[-122.97097,41.09016],[-122.967916,41.08538],[-122.966949,41.08205],[-122.96393,41.079823],[-122.95491,41.076299],[-122.953183,41.074277],[-122.947447,41.073048],[-122.946295,41.072002],[-122.942075,41.070075],[-122.938781,41.070198],[-122.934633,41.071354],[-122.929427,41.071403],[-122.923328,41.071952],[-122.921975,41.065865],[-122.920514,41.063978],[-122.919634,41.06169],[-122.916446,41.058284],[-122.91664,41.05469],[-122.915712,41.053342],[-122.913358,41.052325],[-122.912386,41.051045],[-122.91107,41.046739],[-122.90943,41.045523],[-122.909227,41.041188],[-122.907149,41.038559],[-122.906269,41.036539],[-122.90219,41.033634],[-122.901617,41.032489],[-122.898157,41.030594],[-122.897411,41.028475],[-122.89902,41.026733],[-122.901562,41.02513],[-122.902685,41.022749],[-122.900692,41.021061],[-122.901192,41.018677],[-122.902264,41.017539],[-122.901522,41.014646],[-122.903048,41.01156],[-122.90586,41.009051],[-122.908618,41.008658],[-122.91293,41.008641],[-122.914451,41.006899],[-122.915314,41.002467],[-122.914204,40.997938],[-122.915653,40.996875],[-122.917529,40.99399],[-122.922699,40.994621],[-122.924666,40.99567],[-122.928923,40.994132],[-122.932509,40.993424],[-122.934978,40.992433],[-122.936679,40.992748],[-122.940531,40.992298],[-122.945486,40.995178],[-122.94888,40.999863],[-122.952018,41.006393],[-122.954773,41.006637],[-122.958099,41.008732],[-122.959649,41.010215],[-122.964623,41.011979],[-122.968937,41.011623],[-122.978889,41.013402],[-122.980131,41.014314],[-122.985112,41.013691],[-122.989741,41.012428],[-122.992273,41.013175],[-122.997207,41.013324],[-123.003865,41.0117],[-123.006336,41.009904],[-123.007237,41.008521],[-123.016688,41.005791],[-123.020641,41.005337],[-123.0245,41.004111],[-123.029938,41.005265],[-123.032004,41.004478],[-123.037118,41.004176]]]}},{"type":"Feature","properties":{"zcta5":"96010","AFFGEOID10":"8600000US96010","GEOID10":"96010","ALAND10":1041435904,"AWATER10":8361,"county_name":"Trinity","state_code":"CA","county_state":"Trinity County, CA","county_fips":"06105","risk_level_county":"Medium Risk (70–79% vaccinated)","mean_vaccination_rate_county":76.03,"risk_level_zcta":"Uninhabited","mean_vaccination_rate_zips":null,"cases":25},"geometry":{"type":"Polygon","coordinates":[[[-123.408291,41.179944],[-123.410159,41.175469],[-123.410365,41.170706],[-123.415284,41.168154],[-123.416949,41.16553],[-123.419413,41.165265],[-123.421733,41.166541],[-123.429283,41.163151],[-123.432246,41.162539],[-123.433027,41.160578],[-123.432582,41.158653],[-123.428768,41.152062],[-123.428966,41.15107],[-123.431101,41.148929],[-123.431491,41.147727],[-123.429409,41.144774],[-123.430073,41.143023],[-123.429329,41.140954],[-123.430405,41.135503],[-123.429566,41.131306],[-123.42873,41.124854],[-123.429568,41.124256],[-123.42971,41.121364],[-123.429251,41.118],[-123.429817,41.116892],[-123.434289,41.111655],[-123.434932,41.107671],[-123.437088,41.104085],[-123.435834,41.102351],[-123.438811,41.098513],[-123.441224,41.0948],[-123.439806,41.092541],[-123.443611,41.08962],[-123.446328,41.088874],[-123.452258,41.08944],[-123.454837,41.090482],[-123.456451,41.090493],[-123.460079,41.093557],[-123.463359,41.094635],[-123.464222,41.094408],[-123.464498,41.092524],[-123.463007,41.091071],[-123.460849,41.087656],[-123.458824,41.08557],[-123.458282,41.083786],[-123.458574,41.08241],[-123.462345,41.079544],[-123.464006,41.076348],[-123.459598,41.073739],[-123.460628,41.072747],[-123.459546,41.071813],[-123.457942,41.068215],[-123.452525,41.068531],[-123.445599,41.061681],[-123.442569,41.06112],[-123.438924,41.061815],[-123.436712,41.061731],[-123.435219,41.060616],[-123.430723,41.063267],[-123.429461,41.061863],[-123.424878,41.058565],[-123.423272,41.058157],[-123.41831,41.060145],[-123.415285,41.060898],[-123.413741,41.062407],[-123.410503,41.063297],[-123.407325,41.06524],[-123.405178,41.065605],[-123.403032,41.064984],[-123.397017,41.061086],[-123.396199,41.062162],[-123.397195,41.064177],[-123.395438,41.066372],[-123.392686,41.066393],[-123.393016,41.06795],[-123.39111,41.068566],[-123.38902,41.070807],[-123.387146,41.069843],[-123.38548,41.07165],[-123.384856,41.073431],[-123.383873,41.073317],[-123.384613,41.070139],[-123.384002,41.06874],[-123.384292,41.066456],[-123.382316,41.065192],[-123.384101,41.063511],[-123.382865,41.062011],[-123.384033,41.061516],[-123.385322,41.059507],[-123.383857,41.058566],[-123.385536,41.057372],[-123.383659,41.056671],[-123.381545,41.057795],[-123.380706,41.055289],[-123.376418,41.055303],[-123.372962,41.053301],[-123.371459,41.053914],[-123.367209,41.053135],[-123.366385,41.049147],[-123.365034,41.046723],[-123.361922,41.044932],[-123.361075,41.039322],[-123.359696,41.037707],[-123.360126,41.026979],[-123.360606,41.024498],[-123.361182,41.002995],[-123.355794,41.003806],[-123.354016,41.005086],[-123.34924,41.005083],[-123.347523,41.005633],[-123.344799,41.004839],[-123.343968,41.003058],[-123.343983,41.00118],[-123.342129,40.999978],[-123.342343,40.996005],[-123.343334,40.994367],[-123.342343,40.992501],[-123.342556,40.990541],[-123.341645,40.989569],[-123.344074,40.986352],[-123.34734,40.987279],[-123.349468,40.985993],[-123.352833,40.987924],[-123.353907,40.989012],[-123.355628,40.988895],[-123.353572,40.985692],[-123.356259,40.985302],[-123.357647,40.984066],[-123.358464,40.984661],[-123.360607,40.984019],[-123.359994,40.936301],[-123.357069,40.933111],[-123.351457,40.933616],[-123.347956,40.932932],[-123.349253,40.931421],[-123.345662,40.931102],[-123.34904,40.929362],[-123.352872,40.929864],[-123.354169,40.928788],[-123.353474,40.92769],[-123.354618,40.923594],[-123.355975,40.922312],[-123.356185,40.920688],[-123.353197,40.918172],[-123.353226,40.916593],[-123.351234,40.914099],[-123.349937,40.913619],[-123.348005,40.911034],[-123.349278,40.909407],[-123.349042,40.907754],[-123.347779,40.906739],[-123.347816,40.904363],[-123.348876,40.903029],[-123.350902,40.902178],[-123.350504,40.900021],[-123.351916,40.898983],[-123.352994,40.896844],[-123.353107,40.894912],[-123.34966,40.894441],[-123.348447,40.892325],[-123.349107,40.891702],[-123.348223,40.889197],[-123.347226,40.888666],[-123.34788,40.886505],[-123.349206,40.885997],[-123.35268,40.887226],[-123.353044,40.884865],[-123.354162,40.88381],[-123.357061,40.884012],[-123.359598,40.8849],[-123.360015,40.87886],[-123.357302,40.878403],[-123.357663,40.876435],[-123.352423,40.87375],[-123.350018,40.873442],[-123.34623,40.871109],[-123.343309,40.871417],[-123.343261,40.870103],[-123.340157,40.87009],[-123.337387,40.870672],[-123.339378,40.869884],[-123.344055,40.868816],[-123.350174,40.87105],[-123.36013,40.873224],[-123.360094,40.863848],[-123.363681,40.863392],[-123.36543,40.864124],[-123.366725,40.863643],[-123.363559,40.861562],[-123.363167,40.860418],[-123.360092,40.859458],[-123.35999,40.845958],[-123.354286,40.845887],[-123.353933,40.843054],[-123.349105,40.839046],[-123.346773,40.837838],[-123.346798,40.833284],[-123.349016,40.833035],[-123.354501,40.835663],[-123.355133,40.834794],[-123.356941,40.835182],[-123.357997,40.837584],[-123.36098,40.838361],[-123.360983,40.836589],[-123.362377,40.835825],[-123.36437,40.833015],[-123.366901,40.833323],[-123.37002,40.831315],[-123.371835,40.832539],[-123.37175,40.834085],[-123.375476,40.836696],[-123.378398,40.837165],[-123.377857,40.835518],[-123.375046,40.833824],[-123.37426,40.831421],[-123.375813,40.829819],[-123.374407,40.828561],[-123.374285,40.826616],[-123.377473,40.825999],[-123.37862,40.823711],[-123.377024,40.823916],[-123.371707,40.821288],[-123.371251,40.8228],[-123.369195,40.825044],[-123.368108,40.825],[-123.365477,40.823079],[-123.36336,40.8253],[-123.364137,40.827453],[-123.361056,40.828255],[-123.359842,40.826244],[-123.358695,40.825877],[-123.357962,40.823546],[-123.356175,40.821784],[-123.353429,40.822107],[-123.352398,40.824373],[-123.352087,40.821678],[-123.35269,40.820789],[-123.355642,40.819239],[-123.357229,40.818996],[-123.358633,40.817199],[-123.3608,40.815593],[-123.361303,40.813691],[-123.363592,40.812778],[-123.365019,40.809373],[-123.364179,40.805745],[-123.364729,40.803766],[-123.363882,40.799463],[-123.365453,40.798309],[-123.365529,40.797223],[-123.364211,40.795239],[-123.359105,40.792829],[-123.356083,40.793994],[-123.35304,40.79369],[-123.349211,40.790902],[-123.347659,40.787693],[-123.349686,40.784483],[-123.348522,40.78281],[-123.347269,40.782783],[-123.347451,40.781916],[-123.347739,40.761487],[-123.346609,40.739248],[-123.347464,40.736423],[-123.346858,40.734314],[-123.347413,40.733314],[-123.347095,40.729963],[-123.34708,40.713291],[-123.349863,40.712397],[-123.350657,40.711215],[-123.35509,40.708373],[-123.35834,40.704971],[-123.358958,40.703757],[-123.36115,40.702495],[-123.358668,40.702177],[-123.358809,40.700562],[-123.357787,40.700034],[-123.353806,40.700256],[-123.351717,40.70324],[-123.349185,40.705063],[-123.342631,40.7063],[-123.335171,40.703414],[-123.327684,40.702369],[-123.324946,40.702376],[-123.323713,40.702962],[-123.320743,40.702461],[-123.31701,40.702809],[-123.315487,40.702026],[-123.310006,40.702099],[-123.308711,40.702951],[-123.308006,40.704634],[-123.304956,40.706049],[-123.299819,40.707103],[-123.29467,40.707213],[-123.291457,40.707882],[-123.288397,40.711467],[-123.285996,40.712055],[-123.288357,40.70948],[-123.288027,40.707948],[-123.286493,40.706757],[-123.285291,40.703532],[-123.283007,40.702067],[-123.283038,40.700945],[-123.281325,40.698635],[-123.278589,40.698634],[-123.275131,40.699411],[-123.272938,40.697969],[-123.267978,40.697097],[-123.266504,40.697257],[-123.262835,40.699887],[-123.260611,40.698513],[-123.25926,40.69627],[-123.256765,40.694438],[-123.255382,40.694208],[-123.25328,40.691667],[-123.250357,40.690019],[-123.248283,40.690089],[-123.246057,40.68906],[-123.243982,40.687299],[-123.241127,40.68801],[-123.23758,40.687828],[-123.235415,40.686868],[-123.233644,40.683643],[-123.234899,40.682094],[-123.232847,40.680637],[-123.233355,40.67822],[-123.230526,40.678413],[-123.231331,40.676291],[-123.230408,40.675357],[-123.226708,40.677181],[-123.22359,40.675901],[-123.222346,40.677228],[-123.220659,40.676728],[-123.217946,40.679117],[-123.216476,40.677879],[-123.215155,40.677946],[-123.214199,40.675678],[-123.211168,40.674531],[-123.208498,40.674551],[-123.207264,40.675628],[-123.204524,40.673161],[-123.202507,40.672064],[-123.202505,40.670578],[-123.198292,40.668593],[-123.194355,40.667423],[-123.193022,40.668041],[-123.191038,40.671821],[-123.188233,40.673623],[-123.183912,40.674804],[-123.182281,40.676753],[-123.179628,40.676548],[-123.176112,40.677837],[-123.1742,40.679063],[-123.172235,40.681569],[-123.169992,40.682345],[-123.167131,40.685129],[-123.161548,40.688264],[-123.160205,40.691839],[-123.158603,40.692362],[-123.15582,40.694316],[-123.149739,40.695888],[-123.147425,40.695727],[-123.145441,40.697818],[-123.144419,40.700707],[-123.143784,40.705824],[-123.141665,40.707759],[-123.138133,40.710078],[-123.136574,40.710226],[-123.135012,40.712291],[-123.129661,40.711831],[-123.127086,40.712342],[-123.125008,40.711636],[-123.122842,40.710001],[-123.120433,40.707172],[-123.11392,40.707854],[-123.111628,40.70627],[-123.111623,40.703602],[-123.107008,40.703624],[-123.106643,40.730831],[-123.111436,40.732263],[-123.114837,40.734037],[-123.116184,40.736603],[-123.117299,40.737379],[-123.1207,40.737326],[-123.116091,40.740079],[-123.119091,40.742509],[-123.121522,40.741489],[-123.125485,40.74239],[-123.125285,40.743867],[-123.129695,40.742555],[-123.130719,40.748129],[-123.130294,40.749043],[-123.12785,40.750452],[-123.129739,40.751182],[-123.126607,40.752253],[-123.124873,40.750831],[-123.125474,40.749093],[-123.124931,40.747648],[-123.12296,40.746918],[-123.119825,40.747902],[-123.11865,40.750234],[-123.114481,40.748155],[-123.111777,40.752137],[-123.111211,40.755298],[-123.109331,40.756925],[-123.106397,40.754185],[-123.106176,40.766081],[-123.108955,40.765779],[-123.114038,40.766613],[-123.115597,40.766004],[-123.118356,40.766059],[-123.122089,40.767979],[-123.123209,40.769244],[-123.125578,40.770238],[-123.127554,40.770184],[-123.128455,40.770922],[-123.126936,40.774144],[-123.127211,40.77499],[-123.131636,40.776652],[-123.128516,40.780831],[-123.129126,40.782943],[-123.130438,40.783669],[-123.128277,40.784813],[-123.127492,40.787396],[-123.126278,40.788207],[-123.125908,40.790337],[-123.124928,40.7911],[-123.126146,40.794715],[-123.125351,40.795912],[-123.127063,40.797615],[-123.126245,40.800287],[-123.124263,40.800934],[-123.125772,40.803113],[-123.125423,40.804421],[-123.122959,40.804549],[-123.121276,40.805656],[-123.121561,40.807369],[-123.117851,40.810368],[-123.119323,40.812195],[-123.118614,40.814299],[-123.119117,40.816118],[-123.116546,40.818887],[-123.111991,40.820432],[-123.105883,40.819242],[-123.105188,40.92519],[-123.087751,40.924829],[-123.08654,41.05795],[-123.090028,41.059527],[-123.095869,41.059169],[-123.099549,41.063264],[-123.102788,41.065156],[-123.105656,41.065504],[-123.106415,41.066602],[-123.106674,41.069571],[-123.107951,41.070317],[-123.109608,41.072623],[-123.109333,41.075459],[-123.118561,41.075831],[-123.121288,41.076696],[-123.124611,41.076727],[-123.12615,41.077323],[-123.128481,41.07649],[-123.130659,41.07719],[-123.132945,41.078646],[-123.135683,41.078615],[-123.141338,41.079178],[-123.148723,41.078447],[-123.149907,41.077064],[-123.153116,41.076107],[-123.153921,41.074905],[-123.156618,41.074979],[-123.15691,41.075837],[-123.16525,41.078131],[-123.167852,41.077665],[-123.169419,41.078026],[-123.173708,41.076943],[-123.177479,41.076552],[-123.178935,41.075559],[-123.184362,41.076373],[-123.185595,41.077599],[-123.193115,41.077388],[-123.19882,41.073282],[-123.203153,41.071763],[-123.207662,41.073352],[-123.208886,41.074666],[-123.212367,41.074147],[-123.213179,41.073348],[-123.21729,41.073015],[-123.222078,41.07369],[-123.224439,41.075014],[-123.225236,41.076125],[-123.227102,41.075521],[-123.231064,41.07515],[-123.235371,41.075661],[-123.23948,41.075763],[-123.241551,41.077477],[-123.245222,41.077987],[-123.246828,41.082955],[-123.249409,41.086251],[-123.249363,41.087178],[-123.251155,41.087632],[-123.25351,41.090136],[-123.257174,41.091947],[-123.258721,41.09521],[-123.261238,41.099383],[-123.26186,41.103767],[-123.261383,41.105782],[-123.263078,41.108642],[-123.26636,41.110429],[-123.269355,41.112715],[-123.271776,41.11559],[-123.273622,41.119006],[-123.273402,41.122891],[-123.2776,41.122855],[-123.283939,41.123453],[-123.283833,41.126554],[-123.284848,41.12846],[-123.286919,41.13021],[-123.28963,41.134074],[-123.291186,41.134984],[-123.294343,41.137947],[-123.295065,41.14065],[-123.297921,41.141444],[-123.303469,41.143789],[-123.305148,41.142926],[-123.310522,41.143222],[-123.31537,41.140268],[-123.3195,41.141574],[-123.324952,41.141547],[-123.326152,41.145679],[-123.328494,41.148323],[-123.329615,41.151664],[-123.333626,41.154654],[-123.336367,41.155431],[-123.341518,41.155814],[-123.342699,41.157204],[-123.345308,41.158536],[-123.349182,41.161412],[-123.351484,41.162588],[-123.354472,41.163116],[-123.355819,41.162452],[-123.360151,41.161477],[-123.362238,41.161557],[-123.363456,41.159748],[-123.365517,41.159055],[-123.37048,41.156284],[-123.370728,41.154472],[-123.372973,41.151941],[-123.375344,41.151023],[-123.378643,41.151505],[-123.381192,41.15129],[-123.381762,41.152828],[-123.383432,41.154452],[-123.384062,41.157739],[-123.386413,41.159144],[-123.391432,41.160123],[-123.392726,41.161208],[-123.394118,41.165541],[-123.392974,41.16776],[-123.393507,41.170716],[-123.397862,41.174082],[-123.402459,41.173877],[-123.403977,41.174526],[-123.406101,41.177398],[-123.407029,41.17991],[-123.408291,41.179944]]]}},{"type":"Feature","properties":{"zcta5":"96024","AFFGEOID10":"8600000US96024","GEOID10":"96024","ALAND10":462465533,"AWATER10":32384,"county_name":"Trinity","state_code":"CA","county_state":"Trinity County, CA","county_fips":"06105","risk_level_county":"Medium Risk (70–79% vaccinated)","mean_vaccination_rate_county":76.03,"risk_level_zcta":"Very High Risk (<60% vaccinated)","mean_vaccination_rate_zips":57.35,"cases":25},"geometry":{"type":"Polygon","coordinates":[[[-122.997916,40.693539],[-122.999819,40.651882],[-123.001467,40.651647],[-123.001588,40.650572],[-123.004995,40.648354],[-123.007071,40.644877],[-123.010796,40.645702],[-123.012028,40.64465],[-123.013289,40.645062],[-123.015333,40.643621],[-123.014643,40.642568],[-123.016266,40.641471],[-123.016327,40.639892],[-123.013294,40.639365],[-123.014646,40.637993],[-123.0169,40.63733],[-123.018291,40.635844],[-123.018243,40.634407],[-123.02141,40.640681],[-123.024101,40.64036],[-123.023821,40.641111],[-123.027276,40.642115],[-123.030832,40.640668],[-123.034082,40.637847],[-123.03663,40.633838],[-123.036722,40.632824],[-123.031861,40.633642],[-123.033572,40.632052],[-123.032162,40.629641],[-123.033133,40.627321],[-123.034596,40.626946],[-123.03348,40.626126],[-123.033526,40.624458],[-123.03089,40.622961],[-123.028607,40.622885],[-123.028341,40.621618],[-123.029577,40.61985],[-123.029817,40.617912],[-123.02783,40.616918],[-123.027534,40.61478],[-123.024622,40.612941],[-123.024367,40.611807],[-123.022497,40.612336],[-123.021731,40.611396],[-123.019309,40.611702],[-123.020071,40.610018],[-123.019742,40.608119],[-123.016682,40.60496],[-123.013351,40.602716],[-123.011401,40.60045],[-123.011012,40.59807],[-123.011584,40.596468],[-123.009945,40.594659],[-123.011081,40.593757],[-123.010854,40.591081],[-123.012012,40.590604],[-123.00914,40.586438],[-123.006973,40.585713],[-123.005424,40.584402],[-123.001037,40.577065],[-122.998573,40.572416],[-122.997543,40.569718],[-122.998764,40.56208],[-122.995421,40.561376],[-122.992551,40.559721],[-122.990849,40.559422],[-122.987529,40.55635],[-122.987314,40.555608],[-122.984354,40.553518],[-122.980347,40.547546],[-122.978119,40.543458],[-122.976939,40.542993],[-122.975315,40.540644],[-122.97367,40.535819],[-122.974712,40.532932],[-122.973513,40.530529],[-122.974313,40.526802],[-122.974241,40.524131],[-122.971054,40.520734],[-122.97156,40.519623],[-122.969682,40.518113],[-122.96847,40.515417],[-122.96856,40.512506],[-122.969642,40.509835],[-122.969087,40.508281],[-122.97017,40.507471],[-122.969092,40.504358],[-122.972625,40.502012],[-122.969299,40.501791],[-122.967687,40.501012],[-122.964734,40.501472],[-122.964107,40.499133],[-122.957916,40.493126],[-122.957511,40.492333],[-122.95926,40.484913],[-122.964149,40.479498],[-122.969643,40.476938],[-122.975186,40.475795],[-122.982138,40.474782],[-122.986931,40.473705],[-122.990444,40.471021],[-122.990965,40.467856],[-122.990525,40.462637],[-122.991355,40.459065],[-122.994496,40.455209],[-122.996722,40.453774],[-123.001215,40.447637],[-123.003605,40.446482],[-123.007514,40.445616],[-123.016339,40.44193],[-123.013786,40.437412],[-123.010861,40.43621],[-123.003366,40.435046],[-123.001922,40.433201],[-122.99896,40.431902],[-122.998187,40.429368],[-123.000426,40.422598],[-122.998248,40.418208],[-122.992986,40.418414],[-122.990576,40.419435],[-122.987818,40.418845],[-122.984649,40.419073],[-122.982217,40.418279],[-122.974922,40.419609],[-122.972883,40.420303],[-122.970171,40.42191],[-122.966001,40.422816],[-122.964779,40.42421],[-122.961289,40.425966],[-122.958339,40.421874],[-122.955592,40.421192],[-122.953297,40.421975],[-122.951095,40.423961],[-122.946953,40.425598],[-122.945586,40.425306],[-122.943866,40.427094],[-122.942205,40.427175],[-122.939531,40.42809],[-122.936943,40.430994],[-122.936876,40.432393],[-122.938127,40.433387],[-122.937791,40.436923],[-122.936093,40.43768],[-122.934253,40.439848],[-122.930624,40.442022],[-122.931267,40.445557],[-122.927929,40.447134],[-122.923388,40.447844],[-122.922543,40.44845],[-122.92018,40.448294],[-122.917707,40.449768],[-122.915143,40.448431],[-122.909943,40.446585],[-122.907063,40.446266],[-122.905196,40.445295],[-122.902859,40.44507],[-122.901261,40.445575],[-122.900985,40.446889],[-122.896937,40.45006],[-122.894298,40.455584],[-122.89477,40.45874],[-122.895365,40.459703],[-122.892554,40.460617],[-122.891243,40.462585],[-122.890378,40.464927],[-122.889292,40.465737],[-122.889957,40.468572],[-122.886709,40.469734],[-122.884593,40.471806],[-122.883643,40.474773],[-122.879821,40.477276],[-122.877227,40.478521],[-122.87678,40.480278],[-122.87336,40.480874],[-122.87171,40.481571],[-122.866153,40.482017],[-122.8641,40.481673],[-122.860688,40.48265],[-122.858248,40.48233],[-122.85661,40.482648],[-122.855452,40.484046],[-122.851122,40.485825],[-122.850434,40.488045],[-122.846968,40.490776],[-122.846448,40.493523],[-122.846764,40.494806],[-122.848118,40.497357],[-122.852079,40.500955],[-122.848885,40.502294],[-122.845954,40.505181],[-122.843059,40.505599],[-122.840123,40.506666],[-122.836236,40.506328],[-122.834304,40.506869],[-122.828784,40.506998],[-122.826576,40.508312],[-122.824606,40.508657],[-122.819511,40.510961],[-122.8131,40.510665],[-122.807907,40.511392],[-122.804112,40.510514],[-122.798578,40.51202],[-122.796563,40.513616],[-122.793252,40.514518],[-122.793534,40.516961],[-122.792896,40.521128],[-122.79362,40.523434],[-122.791414,40.525803],[-122.788027,40.528197],[-122.785444,40.528535],[-122.782224,40.531871],[-122.782957,40.53487],[-122.785675,40.536539],[-122.785904,40.5382],[-122.785194,40.540916],[-122.782788,40.543374],[-122.780566,40.544407],[-122.779242,40.546461],[-122.777113,40.547172],[-122.776134,40.548484],[-122.771817,40.550597],[-122.767903,40.553345],[-122.767455,40.555173],[-122.762585,40.555641],[-122.75925,40.556537],[-122.757016,40.555118],[-122.749601,40.555405],[-122.743923,40.553798],[-122.743923,40.555829],[-122.742988,40.556602],[-122.741251,40.560205],[-122.741312,40.564118],[-122.732668,40.571051],[-122.726279,40.573353],[-122.723082,40.575198],[-122.71989,40.574597],[-122.717614,40.572158],[-122.714386,40.570951],[-122.71076,40.571483],[-122.707874,40.569674],[-122.69879,40.569293],[-122.695298,40.572514],[-122.693075,40.575338],[-122.693302,40.577815],[-122.693099,40.580747],[-122.695652,40.581937],[-122.699798,40.585428],[-122.700977,40.587704],[-122.699726,40.589607],[-122.700125,40.591141],[-122.701982,40.593034],[-122.701279,40.596024],[-122.703453,40.597367],[-122.70364,40.599085],[-122.705435,40.600484],[-122.704987,40.6032],[-122.705649,40.605242],[-122.706884,40.60546],[-122.706057,40.610185],[-122.706716,40.611152],[-122.709791,40.612061],[-122.710854,40.613215],[-122.711488,40.61801],[-122.710751,40.621266],[-122.711191,40.624415],[-122.709562,40.627409],[-122.710272,40.62919],[-122.709655,40.631199],[-122.71222,40.632737],[-122.715622,40.634045],[-122.718485,40.634484],[-122.721498,40.634121],[-122.723508,40.634954],[-122.72581,40.634303],[-122.728292,40.634919],[-122.732393,40.634426],[-122.733769,40.635184],[-122.736334,40.633782],[-122.740185,40.633674],[-122.743599,40.634773],[-122.742063,40.632662],[-122.744524,40.630372],[-122.744881,40.626116],[-122.746289,40.623881],[-122.78316,40.623447],[-122.782164,40.636911],[-122.827544,40.637442],[-122.832433,40.637259],[-122.862881,40.637693],[-122.864306,40.662276],[-122.865916,40.662387],[-122.866773,40.665032],[-122.868498,40.667763],[-122.868147,40.669727],[-122.86909,40.671492],[-122.869262,40.67364],[-122.866568,40.675888],[-122.865392,40.67793],[-122.864762,40.680751],[-122.865253,40.685172],[-122.864864,40.690488],[-122.865731,40.690974],[-122.868275,40.690294],[-122.86968,40.691807],[-122.86902,40.692695],[-122.874395,40.695227],[-122.881549,40.702039],[-122.883921,40.703637],[-122.885377,40.702824],[-122.886178,40.699108],[-122.889518,40.697686],[-122.895794,40.698446],[-122.899501,40.697979],[-122.9073,40.698514],[-122.911855,40.699635],[-122.915294,40.701387],[-122.917237,40.699818],[-122.918843,40.700218],[-122.92113,40.698597],[-122.922153,40.697182],[-122.926529,40.69494],[-122.929038,40.694888],[-122.930531,40.693294],[-122.955085,40.693184],[-122.956855,40.693366],[-122.973782,40.693361],[-122.974687,40.696083],[-122.97593,40.696862],[-122.979213,40.700256],[-122.977969,40.696535],[-122.979582,40.693829],[-122.981746,40.693356],[-122.997916,40.693539]]]}},{"type":"Feature","properties":{"zcta5":"96046","AFFGEOID10":"8600000US96046","GEOID10":"96046","ALAND10":464561210,"AWATER10":40933,"county_name":"Trinity","state_code":"CA","county_state":"Trinity County, CA","county_fips":"06105","risk_level_county":"Medium Risk (70–79% vaccinated)","mean_vaccination_rate_county":76.03,"risk_level_zcta":"Uninhabited","mean_vaccination_rate_zips":null,"cases":25},"geometry":{"type":"Polygon","coordinates":[[[-123.543956,40.732938],[-123.544172,40.733218],[-123.544251,40.73298],[-123.544639,40.594024],[-123.54441,40.59354],[-123.54452,40.5925],[-123.544152,40.591075],[-123.542799,40.589589],[-123.542738,40.587511],[-123.541661,40.58527],[-123.540693,40.584734],[-123.539225,40.581318],[-123.536714,40.578028],[-123.534251,40.575538],[-123.531611,40.57166],[-123.529367,40.569708],[-123.528725,40.568395],[-123.526668,40.566924],[-123.524757,40.56345],[-123.523007,40.562048],[-123.521938,40.558087],[-123.519321,40.555838],[-123.515335,40.551373],[-123.514872,40.548476],[-123.513057,40.548013],[-123.511865,40.546125],[-123.51139,40.540542],[-123.509985,40.538267],[-123.509431,40.536117],[-123.50622,40.531054],[-123.504972,40.527366],[-123.503937,40.526344],[-123.503162,40.522736],[-123.503002,40.519591],[-123.503853,40.515206],[-123.502219,40.512994],[-123.501514,40.510612],[-123.50076,40.5099],[-123.498389,40.505316],[-123.497068,40.501555],[-123.495504,40.500275],[-123.495079,40.498821],[-123.493448,40.496839],[-123.493275,40.495224],[-123.492181,40.493668],[-123.488073,40.489815],[-123.484816,40.489012],[-123.482646,40.486648],[-123.478291,40.484767],[-123.475656,40.481472],[-123.473309,40.479144],[-123.469563,40.476665],[-123.468046,40.474183],[-123.467572,40.469579],[-123.466012,40.467609],[-123.465404,40.464407],[-123.461942,40.45699],[-123.460291,40.454218],[-123.459378,40.456094],[-123.460017,40.456642],[-123.460391,40.46009],[-123.459393,40.463748],[-123.457308,40.460094],[-123.455356,40.458619],[-123.45234,40.456066],[-123.453325,40.459312],[-123.453535,40.463341],[-123.454536,40.467529],[-123.453267,40.469539],[-123.45332,40.471245],[-123.452537,40.468177],[-123.44929,40.462574],[-123.448355,40.46186],[-123.448754,40.465305],[-123.44828,40.467307],[-123.448543,40.469282],[-123.44591,40.471424],[-123.446817,40.473534],[-123.444338,40.474775],[-123.444651,40.477529],[-123.44388,40.478082],[-123.441942,40.476479],[-123.441559,40.475274],[-123.439996,40.475273],[-123.439649,40.47687],[-123.437975,40.477772],[-123.437453,40.479957],[-123.437608,40.482192],[-123.430686,40.483795],[-123.427223,40.484172],[-123.422375,40.485303],[-123.420694,40.485167],[-123.419777,40.48326],[-123.419529,40.479839],[-123.418345,40.478739],[-123.419077,40.47697],[-123.416205,40.475586],[-123.41471,40.475835],[-123.412177,40.475389],[-123.410842,40.475961],[-123.409026,40.474639],[-123.40589,40.474542],[-123.405364,40.476066],[-123.40325,40.476443],[-123.400832,40.47624],[-123.399161,40.477137],[-123.3962,40.476787],[-123.394789,40.477661],[-123.390646,40.477338],[-123.388494,40.476854],[-123.385611,40.478976],[-123.380262,40.479746],[-123.377783,40.477979],[-123.375303,40.478078],[-123.372251,40.477114],[-123.370023,40.477306],[-123.367771,40.475674],[-123.364469,40.475076],[-123.362668,40.476438],[-123.362264,40.477907],[-123.358709,40.480815],[-123.356794,40.481951],[-123.353673,40.482317],[-123.352521,40.48314],[-123.350873,40.486276],[-123.349004,40.486074],[-123.34728,40.487314],[-123.345853,40.487381],[-123.341428,40.484511],[-123.339925,40.482633],[-123.336995,40.48224],[-123.336674,40.481156],[-123.334859,40.480936],[-123.33405,40.479726],[-123.330464,40.478737],[-123.329358,40.478244],[-123.325673,40.478966],[-123.325009,40.479977],[-123.321354,40.482163],[-123.317746,40.482999],[-123.314129,40.482789],[-123.312014,40.484889],[-123.312424,40.487641],[-123.312421,40.490399],[-123.314308,40.492987],[-123.314487,40.495922],[-123.316249,40.498396],[-123.318933,40.501279],[-123.319534,40.505654],[-123.320385,40.50896],[-123.322467,40.512143],[-123.322315,40.513084],[-123.327789,40.517342],[-123.324228,40.521742],[-123.32345,40.524786],[-123.32066,40.524809],[-123.3191,40.525702],[-123.316791,40.524968],[-123.312622,40.52895],[-123.309383,40.530346],[-123.307523,40.53252],[-123.307671,40.535262],[-123.305866,40.537697],[-123.304177,40.538399],[-123.299754,40.538354],[-123.29692,40.537726],[-123.29398,40.535898],[-123.291573,40.536204],[-123.287109,40.538649],[-123.287263,40.541372],[-123.290222,40.542452],[-123.292476,40.545205],[-123.292783,40.546736],[-123.294171,40.547446],[-123.296061,40.547081],[-123.297404,40.548729],[-123.299819,40.548959],[-123.298292,40.551031],[-123.300039,40.558004],[-123.298231,40.562468],[-123.300146,40.566063],[-123.300382,40.567422],[-123.297796,40.570609],[-123.295179,40.570719],[-123.291029,40.571671],[-123.288381,40.57402],[-123.282606,40.575629],[-123.282758,40.576444],[-123.279989,40.577149],[-123.276899,40.578945],[-123.274793,40.578598],[-123.269048,40.581639],[-123.267286,40.583706],[-123.266385,40.586294],[-123.26444,40.588893],[-123.267743,40.590975],[-123.26666,40.592045],[-123.262914,40.592401],[-123.26167,40.593385],[-123.26338,40.595264],[-123.266882,40.596468],[-123.267461,40.599327],[-123.268385,40.599757],[-123.272146,40.599794],[-123.273855,40.599204],[-123.277884,40.594668],[-123.279066,40.594525],[-123.280951,40.595529],[-123.282461,40.600574],[-123.285066,40.603539],[-123.287699,40.605066],[-123.290465,40.603686],[-123.293324,40.604319],[-123.293812,40.60569],[-123.295998,40.6064],[-123.295314,40.607824],[-123.295578,40.609634],[-123.294419,40.612543],[-123.299636,40.611692],[-123.298451,40.614176],[-123.299771,40.614687],[-123.301288,40.616488],[-123.302713,40.619857],[-123.305197,40.6199],[-123.306562,40.618129],[-123.306555,40.6166],[-123.308267,40.618327],[-123.308492,40.619478],[-123.309881,40.619685],[-123.309667,40.621045],[-123.311893,40.622143],[-123.316954,40.622843],[-123.317588,40.624868],[-123.319581,40.626561],[-123.321841,40.629923],[-123.320458,40.632902],[-123.32152,40.634154],[-123.320898,40.634985],[-123.322182,40.634696],[-123.324898,40.631765],[-123.324226,40.630406],[-123.325653,40.628263],[-123.323776,40.626088],[-123.326782,40.624134],[-123.328735,40.623444],[-123.331482,40.621643],[-123.334236,40.621185],[-123.336861,40.619704],[-123.340172,40.619987],[-123.341805,40.620645],[-123.343994,40.619404],[-123.350429,40.613495],[-123.353328,40.614862],[-123.356358,40.61507],[-123.357421,40.614074],[-123.3609,40.613074],[-123.358386,40.610806],[-123.361212,40.609515],[-123.363481,40.609665],[-123.364838,40.621949],[-123.35053,40.620678],[-123.352738,40.622364],[-123.356118,40.623169],[-123.357056,40.62504],[-123.359513,40.62787],[-123.361443,40.628495],[-123.362778,40.628499],[-123.363587,40.6262],[-123.365144,40.625605],[-123.369999,40.627406],[-123.369812,40.629861],[-123.368316,40.630012],[-123.368406,40.631668],[-123.366508,40.632821],[-123.365884,40.634236],[-123.363918,40.634711],[-123.362496,40.637338],[-123.362405,40.639068],[-123.366716,40.642433],[-123.369188,40.642434],[-123.369997,40.643922],[-123.372423,40.645662],[-123.372423,40.64791],[-123.373979,40.648715],[-123.374986,40.650419],[-123.376474,40.650027],[-123.379656,40.650328],[-123.380373,40.651546],[-123.382349,40.652012],[-123.383043,40.654235],[-123.385584,40.654083],[-123.38489,40.655157],[-123.385729,40.65774],[-123.383539,40.65872],[-123.383913,40.661674],[-123.382463,40.66212],[-123.381335,40.664669],[-123.38383,40.666719],[-123.38225,40.668174],[-123.383944,40.67025],[-123.38341,40.67127],[-123.384036,40.673114],[-123.382723,40.674578],[-123.382464,40.676543],[-123.380953,40.677791],[-123.381015,40.679381],[-123.379534,40.680971],[-123.38087,40.682498],[-123.379374,40.684683],[-123.378825,40.68669],[-123.37723,40.685614],[-123.373865,40.687129],[-123.374705,40.688721],[-123.372248,40.689715],[-123.371806,40.691109],[-123.372718,40.692209],[-123.368315,40.696601],[-123.372008,40.694298],[-123.373374,40.697775],[-123.375874,40.699956],[-123.3735,40.701753],[-123.372728,40.70301],[-123.374545,40.705791],[-123.377438,40.707884],[-123.380211,40.708558],[-123.379188,40.706727],[-123.38087,40.706356],[-123.38456,40.707442],[-123.385656,40.708577],[-123.388684,40.708215],[-123.395101,40.712767],[-123.394407,40.715368],[-123.392948,40.715998],[-123.392934,40.718223],[-123.397887,40.71717],[-123.399743,40.718447],[-123.399181,40.720418],[-123.400094,40.721358],[-123.402184,40.720198],[-123.402647,40.722295],[-123.40416,40.722017],[-123.406795,40.720292],[-123.410726,40.721007],[-123.412588,40.724272],[-123.414268,40.724268],[-123.415612,40.72544],[-123.417147,40.725682],[-123.41819,40.723917],[-123.422512,40.725108],[-123.423711,40.726884],[-123.42631,40.726195],[-123.426706,40.724953],[-123.431335,40.724795],[-123.434264,40.727501],[-123.435434,40.727923],[-123.437121,40.730691],[-123.436606,40.733212],[-123.437315,40.73541],[-123.434092,40.737466],[-123.434092,40.738167],[-123.441163,40.73879],[-123.442639,40.739432],[-123.445713,40.739683],[-123.445973,40.74105],[-123.449356,40.740462],[-123.450605,40.74123],[-123.452514,40.74081],[-123.459042,40.740364],[-123.459637,40.74173],[-123.461885,40.742358],[-123.463277,40.740414],[-123.466016,40.741251],[-123.4688,40.741412],[-123.470682,40.740608],[-123.475348,40.741028],[-123.477612,40.742201],[-123.481255,40.743501],[-123.484686,40.746121],[-123.484479,40.747332],[-123.485982,40.749277],[-123.488757,40.751005],[-123.490227,40.752848],[-123.49175,40.753382],[-123.492484,40.750745],[-123.489661,40.747942],[-123.48918,40.744957],[-123.493117,40.741233],[-123.497344,40.739346],[-123.495024,40.736059],[-123.495208,40.735027],[-123.497107,40.733095],[-123.499488,40.732697],[-123.50022,40.730041],[-123.502105,40.72802],[-123.503859,40.725305],[-123.505408,40.724866],[-123.507598,40.722861],[-123.507888,40.719972],[-123.510413,40.719587],[-123.515304,40.720462],[-123.51715,40.719791],[-123.5204,40.719822],[-123.521888,40.719018],[-123.524522,40.72156],[-123.527781,40.723093],[-123.531705,40.726676],[-123.532141,40.728055],[-123.534476,40.729048],[-123.535397,40.730728],[-123.538446,40.732181],[-123.540254,40.73118],[-123.542609,40.73112],[-123.543956,40.732938]]]}},{"type":"Feature","properties":{"zcta5":"96052","AFFGEOID10":"8600000US96052","GEOID10":"96052","ALAND10":199643625,"AWATER10":4658846,"county_name":"Trinity","state_code":"CA","county_state":"Trinity County, CA","county_fips":"06105","risk_level_county":"Medium Risk (70–79% vaccinated)","mean_vaccination_rate_county":76.03,"risk_level_zcta":"Higher Risk (60–69% vaccinated)","mean_vaccination_rate_zips":61.7,"cases":25},"geometry":{"type":"Polygon","coordinates":[[[-122.861052,40.837632],[-122.862662,40.836856],[-122.874595,40.834191],[-122.876079,40.833581],[-122.879203,40.830959],[-122.880382,40.829288],[-122.88288,40.82785],[-122.885599,40.827292],[-122.890611,40.828314],[-122.888364,40.826977],[-122.887869,40.826115],[-122.888136,40.823355],[-122.890978,40.821573],[-122.891222,40.81995],[-122.89292,40.819346],[-122.893166,40.818389],[-122.891547,40.8169],[-122.891242,40.814683],[-122.889411,40.813054],[-122.88972,40.810348],[-122.888758,40.808686],[-122.888151,40.804776],[-122.885765,40.800964],[-122.886597,40.799274],[-122.885285,40.795484],[-122.885468,40.794268],[-122.88311,40.793356],[-122.882668,40.790518],[-122.881348,40.789836],[-122.880814,40.787602],[-122.87838,40.786991],[-122.876244,40.785719],[-122.876228,40.784773],[-122.874054,40.78336],[-122.870399,40.782712],[-122.868828,40.780936],[-122.867309,40.780862],[-122.86528,40.779648],[-122.861778,40.778734],[-122.858398,40.779554],[-122.855421,40.779031],[-122.860309,40.778001],[-122.862785,40.77883],[-122.868913,40.780046],[-122.871113,40.781565],[-122.875538,40.783581],[-122.878098,40.785463],[-122.877983,40.78339],[-122.876314,40.782482],[-122.876119,40.780836],[-122.874869,40.778692],[-122.874921,40.778031],[-122.8777,40.776753],[-122.876716,40.776134],[-122.880247,40.773645],[-122.880947,40.769836],[-122.88034,40.764895],[-122.882705,40.76142],[-122.886164,40.760713],[-122.886326,40.760018],[-122.884395,40.757752],[-122.880983,40.757828],[-122.874652,40.756813],[-122.871576,40.754689],[-122.868885,40.753659],[-122.868928,40.752322],[-122.86737,40.750386],[-122.86728,40.749223],[-122.864572,40.748744],[-122.863667,40.745174],[-122.86532,40.743023],[-122.863695,40.742817],[-122.865288,40.741352],[-122.865196,40.738469],[-122.86396,40.735426],[-122.862154,40.734054],[-122.859266,40.733643],[-122.856951,40.73504],[-122.853491,40.734446],[-122.854393,40.733622],[-122.855233,40.729458],[-122.853548,40.728955],[-122.855413,40.728199],[-122.857968,40.726299],[-122.858207,40.723302],[-122.861055,40.723174],[-122.862862,40.721791],[-122.863795,40.720176],[-122.865836,40.71938],[-122.865847,40.716662],[-122.867099,40.714084],[-122.869529,40.711112],[-122.869111,40.706349],[-122.870575,40.703563],[-122.872018,40.702766],[-122.875618,40.703168],[-122.877845,40.702813],[-122.875722,40.701013],[-122.876982,40.700533],[-122.88061,40.70223],[-122.881549,40.702039],[-122.874395,40.695227],[-122.86902,40.692695],[-122.86968,40.691807],[-122.868275,40.690294],[-122.865731,40.690974],[-122.864864,40.690488],[-122.865253,40.685172],[-122.864762,40.680751],[-122.865392,40.67793],[-122.866568,40.675888],[-122.869262,40.67364],[-122.86909,40.671492],[-122.868147,40.669727],[-122.868498,40.667763],[-122.866773,40.665032],[-122.865916,40.662387],[-122.864306,40.662276],[-122.862881,40.637693],[-122.832433,40.637259],[-122.827544,40.637442],[-122.782164,40.636911],[-122.78316,40.623447],[-122.746289,40.623881],[-122.744881,40.626116],[-122.744524,40.630372],[-122.742063,40.632662],[-122.743599,40.634773],[-122.740185,40.633674],[-122.736334,40.633782],[-122.733769,40.635184],[-122.736338,40.636666],[-122.735419,40.639788],[-122.733766,40.6413],[-122.733283,40.64348],[-122.731939,40.645323],[-122.730327,40.645647],[-122.727143,40.649488],[-122.727029,40.650468],[-122.729565,40.653791],[-122.730822,40.654047],[-122.731561,40.655466],[-122.733772,40.656956],[-122.733589,40.662426],[-122.735863,40.663697],[-122.741214,40.665397],[-122.740729,40.666895],[-122.741993,40.669108],[-122.742964,40.672781],[-122.74238,40.676253],[-122.742583,40.67881],[-122.747034,40.681658],[-122.748469,40.682132],[-122.751634,40.685635],[-122.752266,40.689642],[-122.749182,40.69191],[-122.746758,40.69248],[-122.745312,40.694226],[-122.744813,40.695999],[-122.746062,40.695675],[-122.751998,40.697847],[-122.752783,40.698802],[-122.755887,40.699101],[-122.759029,40.69864],[-122.762816,40.698894],[-122.763728,40.696942],[-122.764255,40.697917],[-122.767029,40.698894],[-122.769014,40.697303],[-122.769555,40.698081],[-122.772066,40.697501],[-122.772014,40.698582],[-122.774299,40.700484],[-122.776682,40.699019],[-122.777194,40.697626],[-122.778725,40.697315],[-122.779043,40.696197],[-122.780362,40.696797],[-122.780885,40.695132],[-122.78176,40.695773],[-122.784259,40.695492],[-122.785056,40.697211],[-122.781919,40.69781],[-122.779532,40.700903],[-122.778827,40.702639],[-122.779315,40.705948],[-122.779098,40.708118],[-122.780563,40.710289],[-122.785283,40.711862],[-122.789135,40.712459],[-122.791956,40.714086],[-122.793692,40.716202],[-122.793549,40.71908],[-122.788889,40.71694],[-122.782319,40.715944],[-122.777582,40.71399],[-122.773519,40.713215],[-122.764602,40.713907],[-122.757768,40.715197],[-122.755128,40.716186],[-122.752667,40.718754],[-122.751923,40.717019],[-122.752503,40.722179],[-122.75329,40.720901],[-122.755854,40.719511],[-122.758777,40.721441],[-122.758358,40.723321],[-122.759535,40.722728],[-122.762608,40.722896],[-122.764603,40.720499],[-122.764338,40.723778],[-122.762122,40.726007],[-122.764473,40.725896],[-122.76523,40.728144],[-122.76746,40.728745],[-122.765809,40.728815],[-122.764161,40.727591],[-122.759837,40.727686],[-122.75688,40.726563],[-122.753742,40.727407],[-122.752827,40.728006],[-122.75293,40.730139],[-122.751974,40.731841],[-122.750296,40.731748],[-122.747643,40.733301],[-122.747333,40.73566],[-122.749577,40.734379],[-122.751476,40.734177],[-122.753544,40.734794],[-122.756886,40.736657],[-122.75967,40.735],[-122.76141,40.735256],[-122.762142,40.736717],[-122.764607,40.7372],[-122.767743,40.739782],[-122.769024,40.74228],[-122.775563,40.744451],[-122.781697,40.746192],[-122.782597,40.74687],[-122.780385,40.748424],[-122.78101,40.749376],[-122.781895,40.747733],[-122.784207,40.747562],[-122.782895,40.750411],[-122.781895,40.753783],[-122.782017,40.755085],[-122.78452,40.75917],[-122.781484,40.764768],[-122.779637,40.766066],[-122.780332,40.767045],[-122.777875,40.772297],[-122.775136,40.774764],[-122.773313,40.778508],[-122.774342,40.781276],[-122.771687,40.784046],[-122.768872,40.786053],[-122.76701,40.787964],[-122.766141,40.789737],[-122.764721,40.790432],[-122.763211,40.793632],[-122.762173,40.796981],[-122.763934,40.796893],[-122.766384,40.794443],[-122.768589,40.791286],[-122.769374,40.788948],[-122.770559,40.787484],[-122.769453,40.790647],[-122.770759,40.792817],[-122.775269,40.797796],[-122.774035,40.7983],[-122.773007,40.796833],[-122.770571,40.795741],[-122.767745,40.796528],[-122.767297,40.797979],[-122.768497,40.799461],[-122.767476,40.80066],[-122.759396,40.801295],[-122.76772,40.801231],[-122.769147,40.801972],[-122.769292,40.804094],[-122.771001,40.806399],[-122.769002,40.807274],[-122.768811,40.809498],[-122.771451,40.810904],[-122.769383,40.813914],[-122.767461,40.815212],[-122.767346,40.816423],[-122.765679,40.816266],[-122.766019,40.825358],[-122.78662,40.825565],[-122.786932,40.830321],[-122.789388,40.828717],[-122.791784,40.828194],[-122.793776,40.828982],[-122.797163,40.828055],[-122.795294,40.826611],[-122.795515,40.825107],[-122.801924,40.824496],[-122.806296,40.825296],[-122.809462,40.824851],[-122.806578,40.824554],[-122.802542,40.822362],[-122.803991,40.821],[-122.806868,40.819815],[-122.808752,40.818301],[-122.808844,40.815706],[-122.812056,40.815414],[-122.814833,40.816973],[-122.814535,40.815774],[-122.816992,40.814314],[-122.820914,40.815145],[-122.823443,40.814204],[-122.821196,40.812042],[-122.820082,40.808356],[-122.820661,40.807377],[-122.820096,40.804872],[-122.821037,40.801874],[-122.823634,40.800793],[-122.825934,40.801171],[-122.826035,40.818605],[-122.832008,40.820162],[-122.832912,40.82126],[-122.828093,40.822473],[-122.826063,40.823592],[-122.826659,40.834432],[-122.828139,40.834529],[-122.830092,40.836293],[-122.831046,40.835519],[-122.833999,40.835857],[-122.836959,40.835159],[-122.83744,40.834439],[-122.8414,40.833922],[-122.841407,40.834949],[-122.843166,40.83581],[-122.84352,40.834536],[-122.84705,40.834715],[-122.84839,40.836249],[-122.850216,40.835057],[-122.85121,40.835369],[-122.851237,40.83788],[-122.854158,40.838924],[-122.859983,40.837117],[-122.861052,40.837632]]]}},{"type":"Feature","properties":{"zcta5":"96076","AFFGEOID10":"8600000US96076","GEOID10":"96076","ALAND10":536260958,"AWATER10":61129,"county_name":"Trinity","state_code":"CA","county_state":"Trinity County, CA","county_fips":"06105","risk_level_county":"Medium Risk (70–79% vaccinated)","mean_vaccination_rate_county":76.03,"risk_level_zcta":"Higher Risk (60–69% vaccinated)","mean_vaccination_rate_zips":64.88,"cases":25},"geometry":{"type":"Polygon","coordinates":[[[-122.972625,40.502012],[-122.975983,40.503526],[-122.977453,40.50332],[-122.981656,40.50022],[-122.984941,40.499872],[-122.988204,40.500071],[-122.989066,40.500631],[-122.993704,40.501291],[-122.998587,40.501203],[-123.000597,40.503215],[-123.006229,40.502737],[-123.011679,40.503647],[-123.012878,40.501498],[-123.014198,40.500646],[-123.015914,40.500843],[-123.018233,40.499116],[-123.020816,40.498951],[-123.025428,40.499696],[-123.031747,40.500081],[-123.034323,40.500825],[-123.038943,40.502836],[-123.041664,40.501975],[-123.046184,40.498179],[-123.050002,40.497398],[-123.053967,40.495696],[-123.058522,40.494566],[-123.063895,40.491595],[-123.06841,40.489928],[-123.069192,40.48929],[-123.070796,40.48959],[-123.071328,40.490749],[-123.073429,40.49038],[-123.076763,40.492256],[-123.079595,40.497695],[-123.079292,40.4992],[-123.083821,40.503652],[-123.087999,40.502916],[-123.093499,40.501463],[-123.094852,40.50074],[-123.101526,40.49855],[-123.104405,40.495476],[-123.104521,40.492509],[-123.105239,40.490358],[-123.106667,40.488954],[-123.105228,40.482125],[-123.103877,40.479309],[-123.102352,40.477772],[-123.102716,40.476315],[-123.107577,40.476197],[-123.110075,40.47543],[-123.108513,40.472392],[-123.106583,40.472304],[-123.105911,40.470943],[-123.114379,40.470582],[-123.114249,40.426233],[-123.115302,40.425624],[-123.112935,40.425703],[-123.111292,40.424831],[-123.107567,40.425374],[-123.106138,40.42381],[-123.107565,40.42164],[-123.105566,40.41957],[-123.105304,40.414205],[-123.105612,40.413092],[-123.108359,40.410333],[-123.109228,40.406647],[-123.107801,40.403153],[-123.108282,40.401999],[-123.112334,40.399716],[-123.112755,40.397747],[-123.090841,40.393838],[-123.086745,40.393397],[-123.084574,40.396356],[-123.082379,40.395963],[-123.078452,40.393153],[-123.07079,40.3917],[-123.072552,40.391151],[-123.072931,40.389916],[-123.075731,40.389088],[-123.073723,40.387719],[-123.072014,40.387879],[-123.069569,40.389088],[-123.062701,40.388869],[-123.060246,40.390602],[-123.060175,40.388055],[-123.058706,40.387768],[-123.058285,40.390366],[-123.046649,40.389124],[-123.0445,40.387729],[-123.047206,40.387524],[-123.050311,40.386324],[-123.054243,40.386394],[-123.05548,40.387448],[-123.058006,40.387836],[-123.05523,40.386393],[-123.051834,40.383048],[-123.050338,40.382159],[-123.051494,40.380795],[-123.051933,40.37642],[-123.052615,40.379955],[-123.054968,40.382561],[-123.058517,40.384067],[-123.059488,40.382556],[-123.058935,40.378575],[-123.057888,40.377339],[-123.059983,40.376103],[-123.059594,40.375267],[-123.054807,40.374241],[-123.058457,40.371907],[-123.057021,40.368314],[-123.058457,40.367307],[-123.057919,40.366346],[-123.060073,40.364402],[-123.060612,40.361839],[-123.058219,40.361427],[-123.057022,40.362022],[-123.056214,40.360558],[-123.056633,40.359024],[-123.055257,40.357949],[-123.056124,40.355775],[-123.057979,40.35415],[-123.056603,40.353876],[-123.056095,40.351702],[-123.053433,40.351038],[-123.053044,40.349985],[-123.047721,40.348451],[-123.045537,40.348748],[-123.044546,40.351369],[-123.04397,40.347013],[-123.046555,40.346735],[-123.051878,40.34685],[-123.056883,40.349246],[-123.059925,40.348129],[-123.064229,40.345181],[-123.065484,40.345099],[-123.065754,40.343967],[-123.063682,40.342397],[-123.064511,40.339531],[-123.064324,40.336853],[-123.066443,40.336209],[-123.067192,40.334187],[-123.068789,40.332233],[-123.067639,40.330099],[-123.066654,40.330123],[-123.066988,40.328176],[-123.065495,40.326328],[-123.064828,40.323738],[-123.062688,40.322046],[-123.064587,40.31987],[-123.062085,40.315743],[-123.062177,40.312561],[-123.064954,40.310637],[-123.067338,40.310756],[-123.068838,40.308255],[-123.068032,40.306173],[-123.068631,40.304726],[-123.068111,40.302888],[-123.066275,40.301402],[-123.064973,40.298722],[-123.066315,40.294065],[-123.065432,40.291883],[-123.064516,40.288645],[-123.065426,40.286971],[-123.060729,40.28551],[-123.056668,40.285375],[-123.051228,40.287499],[-123.047839,40.291462],[-123.046648,40.291836],[-123.041255,40.290967],[-123.037101,40.29542],[-123.035307,40.29682],[-123.0338,40.298803],[-123.029359,40.300295],[-123.028476,40.301734],[-123.025233,40.303661],[-123.022507,40.303555],[-123.021073,40.302583],[-123.016998,40.302708],[-123.013548,40.303244],[-123.011917,40.306484],[-123.008438,40.306565],[-123.004326,40.307991],[-123.002375,40.307715],[-122.999658,40.308391],[-122.998696,40.307529],[-122.996143,40.308464],[-122.995986,40.309337],[-122.993282,40.30952],[-122.992321,40.310482],[-122.990053,40.309818],[-122.988003,40.311835],[-122.985865,40.311413],[-122.9839,40.313281],[-122.981433,40.313726],[-122.97961,40.312909],[-122.976871,40.315145],[-122.972572,40.313098],[-122.970548,40.310501],[-122.968302,40.310886],[-122.966795,40.3102],[-122.965719,40.310612],[-122.960009,40.310569],[-122.956888,40.310817],[-122.954233,40.309686],[-122.951156,40.310191],[-122.95018,40.309719],[-122.949807,40.308033],[-122.947518,40.308083],[-122.946442,40.308753],[-122.946428,40.310516],[-122.943688,40.310176],[-122.94249,40.312301],[-122.941378,40.312675],[-122.939627,40.311549],[-122.934375,40.313169],[-122.933895,40.310752],[-122.929756,40.309643],[-122.93005,40.30771],[-122.926477,40.3071],[-122.925337,40.306254],[-122.923658,40.307736],[-122.921729,40.306709],[-122.920294,40.306736],[-122.922884,40.305292],[-122.921772,40.302837],[-122.923996,40.303063],[-122.925395,40.302327],[-122.926134,40.300564],[-122.92371,40.300251],[-122.924736,40.297779],[-122.926027,40.297505],[-122.924865,40.296198],[-122.924909,40.294418],[-122.927053,40.293979],[-122.927699,40.292095],[-122.925038,40.290711],[-122.928338,40.288361],[-122.927729,40.285664],[-122.927829,40.28378],[-122.928747,40.282753],[-122.928353,40.281325],[-122.927098,40.280798],[-122.927206,40.277997],[-122.925392,40.276607],[-122.925307,40.274954],[-122.922912,40.274756],[-122.922798,40.272658],[-122.921708,40.272301],[-122.920905,40.270615],[-122.922978,40.268303],[-122.922677,40.26649],[-122.92082,40.264788],[-122.918383,40.263255],[-122.920613,40.261327],[-122.919682,40.259405],[-122.919984,40.254248],[-122.920745,40.251288],[-122.922078,40.250722],[-122.922043,40.248271],[-122.923283,40.246354],[-122.92557,40.245805],[-122.926057,40.245064],[-122.928308,40.244443],[-122.929268,40.243087],[-122.93073,40.243241],[-122.933117,40.242016],[-122.93326,40.240242],[-122.930594,40.238721],[-122.930731,40.236376],[-122.929991,40.232018],[-122.928836,40.233404],[-122.925745,40.234805],[-122.923098,40.235333],[-122.921473,40.234523],[-122.921509,40.235989],[-122.914219,40.238701],[-122.912074,40.237492],[-122.911009,40.238366],[-122.907544,40.237863],[-122.904934,40.240522],[-122.900811,40.241165],[-122.898243,40.241988],[-122.896558,40.241505],[-122.893962,40.241778],[-122.893309,40.243434],[-122.890701,40.244152],[-122.891256,40.246246],[-122.890179,40.248368],[-122.886992,40.247876],[-122.888033,40.248288],[-122.889305,40.250324],[-122.88859,40.252255],[-122.886489,40.254523],[-122.886658,40.255723],[-122.884861,40.25721],[-122.885187,40.259305],[-122.88386,40.262271],[-122.884057,40.263756],[-122.882938,40.264894],[-122.882454,40.267006],[-122.88387,40.268193],[-122.884107,40.270169],[-122.882592,40.270923],[-122.880716,40.269827],[-122.877881,40.270345],[-122.876999,40.271631],[-122.875372,40.27182],[-122.869998,40.274705],[-122.865317,40.274657],[-122.864,40.273763],[-122.86156,40.271007],[-122.860682,40.268634],[-122.859702,40.268262],[-122.857731,40.268997],[-122.855184,40.268939],[-122.851483,40.268196],[-122.84942,40.267167],[-122.847758,40.26855],[-122.844274,40.267667],[-122.842376,40.267806],[-122.841689,40.269025],[-122.837581,40.268844],[-122.836173,40.269616],[-122.834188,40.272602],[-122.832376,40.272734],[-122.832055,40.277368],[-122.832597,40.278671],[-122.830287,40.279912],[-122.82828,40.280437],[-122.827012,40.277533],[-122.825509,40.276732],[-122.824382,40.277053],[-122.820836,40.275982],[-122.818266,40.276037],[-122.81455,40.277385],[-122.811998,40.278827],[-122.810448,40.278378],[-122.808706,40.279014],[-122.809017,40.280634],[-122.806499,40.281664],[-122.806827,40.285486],[-122.805595,40.29096],[-122.805499,40.29528],[-122.806704,40.297181],[-122.806322,40.298677],[-122.806915,40.302548],[-122.806071,40.302043],[-122.802096,40.301479],[-122.801143,40.301002],[-122.799228,40.301395],[-122.797309,40.302982],[-122.797153,40.304631],[-122.799473,40.305874],[-122.801424,40.308875],[-122.801532,40.311345],[-122.79852,40.314719],[-122.797207,40.315311],[-122.790691,40.313151],[-122.785494,40.310702],[-122.781955,40.311128],[-122.780522,40.312128],[-122.779195,40.3118],[-122.777306,40.309025],[-122.775315,40.308076],[-122.774415,40.303938],[-122.772679,40.302364],[-122.769195,40.302057],[-122.762984,40.300238],[-122.761635,40.299274],[-122.760087,40.299332],[-122.756964,40.298039],[-122.755627,40.298237],[-122.753619,40.300979],[-122.750569,40.303106],[-122.748388,40.303304],[-122.74648,40.304966],[-122.746353,40.306282],[-122.747542,40.308103],[-122.751659,40.308285],[-122.752701,40.309436],[-122.749186,40.308726],[-122.746971,40.309136],[-122.743395,40.310574],[-122.74049,40.310386],[-122.736437,40.308491],[-122.73197,40.305112],[-122.727582,40.303584],[-122.721902,40.30343],[-122.718436,40.304234],[-122.71249,40.303703],[-122.710322,40.303059],[-122.712802,40.305025],[-122.713423,40.306518],[-122.717478,40.306377],[-122.717901,40.307827],[-122.718796,40.307902],[-122.719369,40.310059],[-122.718358,40.311964],[-122.718371,40.315033],[-122.716828,40.31564],[-122.713797,40.315474],[-122.713863,40.31776],[-122.71228,40.318571],[-122.712212,40.320771],[-122.710641,40.323282],[-122.71032,40.325636],[-122.711085,40.326508],[-122.712113,40.329464],[-122.711609,40.331001],[-122.712271,40.332902],[-122.714009,40.335063],[-122.713358,40.3365],[-122.713364,40.340956],[-122.710855,40.343453],[-122.710512,40.34488],[-122.709145,40.346254],[-122.709274,40.347991],[-122.712036,40.34847],[-122.714818,40.347737],[-122.717809,40.348126],[-122.723304,40.34797],[-122.725644,40.347082],[-122.72948,40.346738],[-122.731558,40.34692],[-122.732306,40.347503],[-122.73242,40.349299],[-122.731397,40.352423],[-122.731968,40.355261],[-122.730436,40.357939],[-122.733025,40.360129],[-122.735419,40.361175],[-122.737754,40.3636],[-122.740358,40.365],[-122.743177,40.364924],[-122.744928,40.365576],[-122.748608,40.365694],[-122.751437,40.364334],[-122.752422,40.362687],[-122.752079,40.360721],[-122.75559,40.360937],[-122.758151,40.363327],[-122.761641,40.36251],[-122.765281,40.362127],[-122.769065,40.360871],[-122.77183,40.360691],[-122.773503,40.359198],[-122.777438,40.358425],[-122.781164,40.35864],[-122.783928,40.357542],[-122.785042,40.356186],[-122.788057,40.355264],[-122.793118,40.356133],[-122.794863,40.35537],[-122.800548,40.35553],[-122.802192,40.356041],[-122.803786,40.355502],[-122.805573,40.355887],[-122.807483,40.355272],[-122.810462,40.353482],[-122.811826,40.351818],[-122.813463,40.35112],[-122.819285,40.35084],[-122.821711,40.349631],[-122.82451,40.349412],[-122.82858,40.349971],[-122.83003,40.349625],[-122.833009,40.347944],[-122.834926,40.348685],[-122.836368,40.348427],[-122.839597,40.345405],[-122.843868,40.345476],[-122.850004,40.343683],[-122.851583,40.343754],[-122.853671,40.342891],[-122.855574,40.34439],[-122.856849,40.344575],[-122.860009,40.345442],[-122.862673,40.347082],[-122.860881,40.346397],[-122.85986,40.346862],[-122.860437,40.348841],[-122.859524,40.351077],[-122.859947,40.352848],[-122.858775,40.355288],[-122.860754,40.356113],[-122.863755,40.355163],[-122.867266,40.35689],[-122.870163,40.35875],[-122.870999,40.360481],[-122.872064,40.360806],[-122.872887,40.359913],[-122.872021,40.358452],[-122.872571,40.356997],[-122.875053,40.356678],[-122.878055,40.35812],[-122.876096,40.357644],[-122.879484,40.361159],[-122.881201,40.364255],[-122.881748,40.364398],[-122.890345,40.359919],[-122.892647,40.359557],[-122.896263,40.358326],[-122.900502,40.358155],[-122.900514,40.35851],[-122.8959,40.358526],[-122.893157,40.360068],[-122.891139,40.360309],[-122.890054,40.361336],[-122.890369,40.362621],[-122.889412,40.36557],[-122.89069,40.366394],[-122.889526,40.367717],[-122.891234,40.368904],[-122.889833,40.370359],[-122.890649,40.372842],[-122.889061,40.374203],[-122.889062,40.376147],[-122.885196,40.375957],[-122.884682,40.377827],[-122.884651,40.375903],[-122.883906,40.374864],[-122.88541,40.374142],[-122.885613,40.373002],[-122.881766,40.371507],[-122.880387,40.371449],[-122.878337,40.369754],[-122.875977,40.369786],[-122.874479,40.371073],[-122.874532,40.369711],[-122.871282,40.368266],[-122.871019,40.366611],[-122.868135,40.366152],[-122.868033,40.364948],[-122.866808,40.364669],[-122.864178,40.365588],[-122.862913,40.364264],[-122.860723,40.365254],[-122.85874,40.364291],[-122.856906,40.36447],[-122.858159,40.365853],[-122.856822,40.366173],[-122.852783,40.365196],[-122.85124,40.365685],[-122.849911,40.364209],[-122.849058,40.364481],[-122.849267,40.365894],[-122.847324,40.36706],[-122.851763,40.369571],[-122.848542,40.369036],[-122.84702,40.369495],[-122.848357,40.373655],[-122.849282,40.374403],[-122.850437,40.377854],[-122.846917,40.376859],[-122.844471,40.377988],[-122.84457,40.37882],[-122.846206,40.379709],[-122.845797,40.38108],[-122.842892,40.381466],[-122.843044,40.383153],[-122.84177,40.38338],[-122.841146,40.384588],[-122.838054,40.38477],[-122.837199,40.385447],[-122.834676,40.385984],[-122.830027,40.386275],[-122.829381,40.38542],[-122.827348,40.385042],[-122.825162,40.385375],[-122.823863,40.387262],[-122.821552,40.388403],[-122.818263,40.389309],[-122.813073,40.388248],[-122.811223,40.387114],[-122.808871,40.386697],[-122.806233,40.386928],[-122.805772,40.387878],[-122.803909,40.388619],[-122.801481,40.390427],[-122.797501,40.392056],[-122.794432,40.394297],[-122.792968,40.397157],[-122.788006,40.396773],[-122.784283,40.398588],[-122.780413,40.400023],[-122.779817,40.402107],[-122.776684,40.402691],[-122.774594,40.402645],[-122.772282,40.405848],[-122.770177,40.407572],[-122.771177,40.408678],[-122.770903,40.411582],[-122.772219,40.41269],[-122.771956,40.414132],[-122.770833,40.414818],[-122.770555,40.416889],[-122.768877,40.418902],[-122.771323,40.420905],[-122.770484,40.421826],[-122.768763,40.421814],[-122.76936,40.423204],[-122.771299,40.423571],[-122.771424,40.426786],[-122.771993,40.427845],[-122.773183,40.427794],[-122.772621,40.428949],[-122.774162,40.430992],[-122.775388,40.433555],[-122.776781,40.433172],[-122.779483,40.434964],[-122.778853,40.435999],[-122.780866,40.43743],[-122.780567,40.438237],[-122.782288,40.439599],[-122.78413,40.439445],[-122.786002,40.440029],[-122.784121,40.442133],[-122.786128,40.442157],[-122.786255,40.443793],[-122.787872,40.443547],[-122.788036,40.444892],[-122.789422,40.444869],[-122.79005,40.447249],[-122.789667,40.448565],[-122.792505,40.45174],[-122.793531,40.451666],[-122.794556,40.454269],[-122.799228,40.457805],[-122.801145,40.461232],[-122.801085,40.463475],[-122.798862,40.466323],[-122.7977,40.470853],[-122.799023,40.47189],[-122.798657,40.4738],[-122.802401,40.477292],[-122.806215,40.478057],[-122.810241,40.481419],[-122.813588,40.482028],[-122.816959,40.485613],[-122.817856,40.485689],[-122.818557,40.488454],[-122.819496,40.489405],[-122.819501,40.49245],[-122.822578,40.490161],[-122.821316,40.488065],[-122.82419,40.489157],[-122.824468,40.490542],[-122.826977,40.491436],[-122.825889,40.492948],[-122.82655,40.493581],[-122.825158,40.494804],[-122.824941,40.496793],[-122.827221,40.496278],[-122.830339,40.496988],[-122.8333,40.49582],[-122.834863,40.496281],[-122.834988,40.494206],[-122.836254,40.494754],[-122.836763,40.492929],[-122.834719,40.492826],[-122.835083,40.491643],[-122.836099,40.491949],[-122.83775,40.489944],[-122.840657,40.490934],[-122.841383,40.492647],[-122.845535,40.494865],[-122.846505,40.496332],[-122.846764,40.494806],[-122.846448,40.493523],[-122.846968,40.490776],[-122.850434,40.488045],[-122.851122,40.485825],[-122.855452,40.484046],[-122.85661,40.482648],[-122.858248,40.48233],[-122.860688,40.48265],[-122.8641,40.481673],[-122.866153,40.482017],[-122.87171,40.481571],[-122.87336,40.480874],[-122.87678,40.480278],[-122.877227,40.478521],[-122.879821,40.477276],[-122.883643,40.474773],[-122.884593,40.471806],[-122.886709,40.469734],[-122.889957,40.468572],[-122.889292,40.465737],[-122.890378,40.464927],[-122.891243,40.462585],[-122.892554,40.460617],[-122.895365,40.459703],[-122.89477,40.45874],[-122.894298,40.455584],[-122.896937,40.45006],[-122.900985,40.446889],[-122.901261,40.445575],[-122.902859,40.44507],[-122.905196,40.445295],[-122.907063,40.446266],[-122.909943,40.446585],[-122.915143,40.448431],[-122.917707,40.449768],[-122.92018,40.448294],[-122.922543,40.44845],[-122.923388,40.447844],[-122.927929,40.447134],[-122.931267,40.445557],[-122.930624,40.442022],[-122.934253,40.439848],[-122.936093,40.43768],[-122.937791,40.436923],[-122.938127,40.433387],[-122.936876,40.432393],[-122.936943,40.430994],[-122.939531,40.42809],[-122.942205,40.427175],[-122.943866,40.427094],[-122.945586,40.425306],[-122.946953,40.425598],[-122.951095,40.423961],[-122.953297,40.421975],[-122.955592,40.421192],[-122.958339,40.421874],[-122.961289,40.425966],[-122.964779,40.42421],[-122.966001,40.422816],[-122.970171,40.42191],[-122.972883,40.420303],[-122.974922,40.419609],[-122.982217,40.418279],[-122.984649,40.419073],[-122.987818,40.418845],[-122.990576,40.419435],[-122.992986,40.418414],[-122.998248,40.418208],[-123.000426,40.422598],[-122.998187,40.429368],[-122.99896,40.431902],[-123.001922,40.433201],[-123.003366,40.435046],[-123.010861,40.43621],[-123.013786,40.437412],[-123.016339,40.44193],[-123.007514,40.445616],[-123.003605,40.446482],[-123.001215,40.447637],[-122.996722,40.453774],[-122.994496,40.455209],[-122.991355,40.459065],[-122.990525,40.462637],[-122.990965,40.467856],[-122.990444,40.471021],[-122.986931,40.473705],[-122.982138,40.474782],[-122.975186,40.475795],[-122.969643,40.476938],[-122.964149,40.479498],[-122.95926,40.484913],[-122.957511,40.492333],[-122.957916,40.493126],[-122.964107,40.499133],[-122.964734,40.501472],[-122.967687,40.501012],[-122.969299,40.501791],[-122.972625,40.502012]]]}},{"type":"Feature","properties":{"zcta5":"95527","AFFGEOID10":"8600000US95527","GEOID10":"95527","ALAND10":356408748,"AWATER10":3143,"county_name":"Trinity","state_code":"CA","county_state":"Trinity County, CA","county_fips":"06105","risk_level_county":"Medium Risk (70–79% vaccinated)","mean_vaccination_rate_county":76.03,"risk_level_zcta":"Medium Risk (70–79% vaccinated)","mean_vaccination_rate_zips":73.18,"cases":25},"geometry":{"type":"Polygon","coordinates":[[[-123.469061,40.935553],[-123.437068,40.936069],[-123.437573,40.900192],[-123.4348,40.89898],[-123.434064,40.900781],[-123.430728,40.902224],[-123.430566,40.904447],[-123.432121,40.905013],[-123.431661,40.906271],[-123.430292,40.906605],[-123.429569,40.908171],[-123.429317,40.90741],[-123.425342,40.90611],[-123.424709,40.90395],[-123.424922,40.901197],[-123.423152,40.898357],[-123.426982,40.897546],[-123.426677,40.896799],[-123.423968,40.896089],[-123.425113,40.893422],[-123.429004,40.893259],[-123.430186,40.891624],[-123.429751,40.888716],[-123.432536,40.886179],[-123.435702,40.886361],[-123.436221,40.885602],[-123.435618,40.884244],[-123.432475,40.881752],[-123.43165,40.877089],[-123.432635,40.87627],[-123.432146,40.872691],[-123.431261,40.870847],[-123.431856,40.867976],[-123.430613,40.866517],[-123.430811,40.86394],[-123.429132,40.863108],[-123.425897,40.859593],[-123.425371,40.857762],[-123.421632,40.85615],[-123.421006,40.854855],[-123.415071,40.854953],[-123.412392,40.852755],[-123.412332,40.849409],[-123.41166,40.845808],[-123.410439,40.844434],[-123.410126,40.841309],[-123.411072,40.839446],[-123.410294,40.83811],[-123.408577,40.838793],[-123.408773,40.839775],[-123.406912,40.841485],[-123.403849,40.841549],[-123.400691,40.840332],[-123.401505,40.838639],[-123.401264,40.836786],[-123.403344,40.835643],[-123.403797,40.833492],[-123.405333,40.835208],[-123.405393,40.833813],[-123.402684,40.830906],[-123.400183,40.83134],[-123.398527,40.830058],[-123.397534,40.827655],[-123.394039,40.828958],[-123.389945,40.825433],[-123.387957,40.825317],[-123.390488,40.82454],[-123.393469,40.82612],[-123.395427,40.826007],[-123.397477,40.824443],[-123.39514,40.82348],[-123.395885,40.821767],[-123.393579,40.82122],[-123.393526,40.820172],[-123.398452,40.817181],[-123.400292,40.815231],[-123.403698,40.814497],[-123.404554,40.812602],[-123.405955,40.812111],[-123.407798,40.81022],[-123.411395,40.807661],[-123.411482,40.805857],[-123.410343,40.804124],[-123.408639,40.804348],[-123.405324,40.80131],[-123.405918,40.799965],[-123.40392,40.800068],[-123.400528,40.797591],[-123.40488,40.797061],[-123.408415,40.795573],[-123.410656,40.793379],[-123.411891,40.791476],[-123.416532,40.789093],[-123.418091,40.786185],[-123.42068,40.783976],[-123.422309,40.783718],[-123.427509,40.787189],[-123.430569,40.788394],[-123.435378,40.790812],[-123.441282,40.789989],[-123.444159,40.790064],[-123.446719,40.789465],[-123.450585,40.7896],[-123.454608,40.790527],[-123.456518,40.793276],[-123.459297,40.795038],[-123.459731,40.797312],[-123.461833,40.799278],[-123.459955,40.801678],[-123.463836,40.803714],[-123.467347,40.806458],[-123.467836,40.810758],[-123.469019,40.812762],[-123.471263,40.813345],[-123.47392,40.815194],[-123.478346,40.821285],[-123.477637,40.823276],[-123.478238,40.827836],[-123.48055,40.830344],[-123.482356,40.835704],[-123.482235,40.838279],[-123.48143,40.841254],[-123.481813,40.84288],[-123.480503,40.845972],[-123.481018,40.848321],[-123.481017,40.85176],[-123.482875,40.854041],[-123.485478,40.856186],[-123.493607,40.860917],[-123.497215,40.86609],[-123.500472,40.86684],[-123.501623,40.862429],[-123.503104,40.862349],[-123.505858,40.860838],[-123.510968,40.859698],[-123.513944,40.862976],[-123.520046,40.86681],[-123.522378,40.869856],[-123.521022,40.870196],[-123.518497,40.868318],[-123.515529,40.867475],[-123.517608,40.870559],[-123.518628,40.872975],[-123.520091,40.872662],[-123.522084,40.873945],[-123.524828,40.87462],[-123.52375,40.87793],[-123.520117,40.875912],[-123.521121,40.874786],[-123.518633,40.873287],[-123.517394,40.875038],[-123.513521,40.876468],[-123.508999,40.879258],[-123.508723,40.880864],[-123.507744,40.880185],[-123.505444,40.880978],[-123.507461,40.878135],[-123.510589,40.87514],[-123.509516,40.87269],[-123.50629,40.872084],[-123.503297,40.875599],[-123.500501,40.876959],[-123.499511,40.88043],[-123.497482,40.882766],[-123.497594,40.884534],[-123.495869,40.885407],[-123.49808,40.888893],[-123.494028,40.885724],[-123.495214,40.884306],[-123.494399,40.882818],[-123.491814,40.884525],[-123.492342,40.886767],[-123.488232,40.888219],[-123.487698,40.889988],[-123.486325,40.891374],[-123.495839,40.89114],[-123.498334,40.892098],[-123.50385,40.891898],[-123.505429,40.890612],[-123.50758,40.890393],[-123.509545,40.887592],[-123.512728,40.886077],[-123.514781,40.886534],[-123.515805,40.887228],[-123.518097,40.89072],[-123.51913,40.894487],[-123.522219,40.896388],[-123.523493,40.897761],[-123.523711,40.899387],[-123.524982,40.899685],[-123.52564,40.898472],[-123.528135,40.897923],[-123.531047,40.899937],[-123.533479,40.900028],[-123.53369,40.903328],[-123.535103,40.902946],[-123.535253,40.883586],[-123.537456,40.882444],[-123.539344,40.882362],[-123.540556,40.880596],[-123.536806,40.875144],[-123.535562,40.874415],[-123.535725,40.848181],[-123.53678,40.847953],[-123.536421,40.844276],[-123.547748,40.8445],[-123.570376,40.845512],[-123.568495,40.84283],[-123.56442,40.843097],[-123.562621,40.84166],[-123.562975,40.836805],[-123.566281,40.836579],[-123.566243,40.834978],[-123.563111,40.833969],[-123.560332,40.831858],[-123.559628,40.830319],[-123.55985,40.829584],[-123.565151,40.825415],[-123.565594,40.823042],[-123.568687,40.820304],[-123.568731,40.81974],[-123.566483,40.816322],[-123.562872,40.812707],[-123.562831,40.810063],[-123.561948,40.809597],[-123.559525,40.810093],[-123.556215,40.808817],[-123.55622,40.805706],[-123.555602,40.804971],[-123.556182,40.800525],[-123.554772,40.798283],[-123.554292,40.795541],[-123.556367,40.793806],[-123.558749,40.794011],[-123.561084,40.79542],[-123.565626,40.796364],[-123.566333,40.795463],[-123.564836,40.793053],[-123.564795,40.791014],[-123.566253,40.78881],[-123.5648,40.787703],[-123.561047,40.790505],[-123.560033,40.790269],[-123.557612,40.787255],[-123.559335,40.784117],[-123.55828,40.781071],[-123.557224,40.779666],[-123.549865,40.775808],[-123.549561,40.773133],[-123.551503,40.771065],[-123.55393,40.769564],[-123.554507,40.766656],[-123.550541,40.765813],[-123.550193,40.762804],[-123.553766,40.760905],[-123.554165,40.759502],[-123.55117,40.757022],[-123.550734,40.753845],[-123.552635,40.751911],[-123.550389,40.751605],[-123.550209,40.750836],[-123.551802,40.748629],[-123.548096,40.746373],[-123.545943,40.742508],[-123.546219,40.740397],[-123.544059,40.739386],[-123.543577,40.737501],[-123.544645,40.735627],[-123.543102,40.734014],[-123.543956,40.732938],[-123.542609,40.73112],[-123.540254,40.73118],[-123.538446,40.732181],[-123.535397,40.730728],[-123.534476,40.729048],[-123.532141,40.728055],[-123.531705,40.726676],[-123.527781,40.723093],[-123.524522,40.72156],[-123.521888,40.719018],[-123.5204,40.719822],[-123.51715,40.719791],[-123.515304,40.720462],[-123.510413,40.719587],[-123.507888,40.719972],[-123.507598,40.722861],[-123.505408,40.724866],[-123.503859,40.725305],[-123.502105,40.72802],[-123.50022,40.730041],[-123.499488,40.732697],[-123.497107,40.733095],[-123.495208,40.735027],[-123.495024,40.736059],[-123.497344,40.739346],[-123.493117,40.741233],[-123.48918,40.744957],[-123.489661,40.747942],[-123.492484,40.750745],[-123.49175,40.753382],[-123.490227,40.752848],[-123.488757,40.751005],[-123.485982,40.749277],[-123.484479,40.747332],[-123.484686,40.746121],[-123.481255,40.743501],[-123.477612,40.742201],[-123.475348,40.741028],[-123.470682,40.740608],[-123.4688,40.741412],[-123.466016,40.741251],[-123.463277,40.740414],[-123.461885,40.742358],[-123.459637,40.74173],[-123.459042,40.740364],[-123.452514,40.74081],[-123.450605,40.74123],[-123.449356,40.740462],[-123.445973,40.74105],[-123.445713,40.739683],[-123.442639,40.739432],[-123.441163,40.73879],[-123.434092,40.738167],[-123.434092,40.737466],[-123.437315,40.73541],[-123.436606,40.733212],[-123.437121,40.730691],[-123.435434,40.727923],[-123.434264,40.727501],[-123.431335,40.724795],[-123.426706,40.724953],[-123.42631,40.726195],[-123.423711,40.726884],[-123.422512,40.725108],[-123.41819,40.723917],[-123.417147,40.725682],[-123.415612,40.72544],[-123.414268,40.724268],[-123.412588,40.724272],[-123.410726,40.721007],[-123.406795,40.720292],[-123.40416,40.722017],[-123.402647,40.722295],[-123.402184,40.720198],[-123.400094,40.721358],[-123.399181,40.720418],[-123.399743,40.718447],[-123.397887,40.71717],[-123.392934,40.718223],[-123.392948,40.715998],[-123.394407,40.715368],[-123.395101,40.712767],[-123.388684,40.708215],[-123.385656,40.708577],[-123.38456,40.707442],[-123.38087,40.706356],[-123.379188,40.706727],[-123.380211,40.708558],[-123.377438,40.707884],[-123.374545,40.705791],[-123.372728,40.70301],[-123.3735,40.701753],[-123.375874,40.699956],[-123.373374,40.697775],[-123.372008,40.694298],[-123.368315,40.696601],[-123.36557,40.699091],[-123.363262,40.699992],[-123.361662,40.701683],[-123.361247,40.701802],[-123.358809,40.700562],[-123.358668,40.702177],[-123.36115,40.702495],[-123.358958,40.703757],[-123.35834,40.704971],[-123.35509,40.708373],[-123.350657,40.711215],[-123.349863,40.712397],[-123.34708,40.713291],[-123.347095,40.729963],[-123.347413,40.733314],[-123.346858,40.734314],[-123.347464,40.736423],[-123.346609,40.739248],[-123.347739,40.761487],[-123.347451,40.781916],[-123.347269,40.782783],[-123.348522,40.78281],[-123.349686,40.784483],[-123.347659,40.787693],[-123.349211,40.790902],[-123.35304,40.79369],[-123.356083,40.793994],[-123.359105,40.792829],[-123.364211,40.795239],[-123.365529,40.797223],[-123.365453,40.798309],[-123.363882,40.799463],[-123.364729,40.803766],[-123.364179,40.805745],[-123.365019,40.809373],[-123.363592,40.812778],[-123.361303,40.813691],[-123.3608,40.815593],[-123.358633,40.817199],[-123.357229,40.818996],[-123.355642,40.819239],[-123.35269,40.820789],[-123.352087,40.821678],[-123.352398,40.824373],[-123.353429,40.822107],[-123.356175,40.821784],[-123.357962,40.823546],[-123.358695,40.825877],[-123.359842,40.826244],[-123.361056,40.828255],[-123.364137,40.827453],[-123.36336,40.8253],[-123.365477,40.823079],[-123.368108,40.825],[-123.369195,40.825044],[-123.371251,40.8228],[-123.371707,40.821288],[-123.377024,40.823916],[-123.37862,40.823711],[-123.377473,40.825999],[-123.374285,40.826616],[-123.374407,40.828561],[-123.375813,40.829819],[-123.37426,40.831421],[-123.375046,40.833824],[-123.377857,40.835518],[-123.378398,40.837165],[-123.375476,40.836696],[-123.37175,40.834085],[-123.371835,40.832539],[-123.37002,40.831315],[-123.366901,40.833323],[-123.36437,40.833015],[-123.362377,40.835825],[-123.360983,40.836589],[-123.36098,40.838361],[-123.357997,40.837584],[-123.356941,40.835182],[-123.355133,40.834794],[-123.354501,40.835663],[-123.349016,40.833035],[-123.346798,40.833284],[-123.346773,40.837838],[-123.349105,40.839046],[-123.353933,40.843054],[-123.354286,40.845887],[-123.35999,40.845958],[-123.360092,40.859458],[-123.363167,40.860418],[-123.363559,40.861562],[-123.366725,40.863643],[-123.36543,40.864124],[-123.363681,40.863392],[-123.360094,40.863848],[-123.36013,40.873224],[-123.350174,40.87105],[-123.344055,40.868816],[-123.339378,40.869884],[-123.337387,40.870672],[-123.340157,40.87009],[-123.343261,40.870103],[-123.343309,40.871417],[-123.34623,40.871109],[-123.350018,40.873442],[-123.352423,40.87375],[-123.357663,40.876435],[-123.357302,40.878403],[-123.360015,40.87886],[-123.359598,40.8849],[-123.357061,40.884012],[-123.354162,40.88381],[-123.353044,40.884865],[-123.35268,40.887226],[-123.349206,40.885997],[-123.34788,40.886505],[-123.347226,40.888666],[-123.348223,40.889197],[-123.349107,40.891702],[-123.348447,40.892325],[-123.34966,40.894441],[-123.353107,40.894912],[-123.352994,40.896844],[-123.351916,40.898983],[-123.350504,40.900021],[-123.350902,40.902178],[-123.348876,40.903029],[-123.347816,40.904363],[-123.347779,40.906739],[-123.349042,40.907754],[-123.349278,40.909407],[-123.348005,40.911034],[-123.349937,40.913619],[-123.351234,40.914099],[-123.353226,40.916593],[-123.353197,40.918172],[-123.356185,40.920688],[-123.355975,40.922312],[-123.354618,40.923594],[-123.353474,40.92769],[-123.354169,40.928788],[-123.352872,40.929864],[-123.34904,40.929362],[-123.345662,40.931102],[-123.349253,40.931421],[-123.347956,40.932932],[-123.351457,40.933616],[-123.357069,40.933111],[-123.359994,40.936301],[-123.360607,40.984019],[-123.358464,40.984661],[-123.357647,40.984066],[-123.356259,40.985302],[-123.353572,40.985692],[-123.355628,40.988895],[-123.353907,40.989012],[-123.352833,40.987924],[-123.349468,40.985993],[-123.34734,40.987279],[-123.344074,40.986352],[-123.341645,40.989569],[-123.342556,40.990541],[-123.342343,40.992501],[-123.343334,40.994367],[-123.342343,40.996005],[-123.342129,40.999978],[-123.343983,41.00118],[-123.343968,41.003058],[-123.344799,41.004839],[-123.347523,41.005633],[-123.34924,41.005083],[-123.354016,41.005086],[-123.355794,41.003806],[-123.361182,41.002995],[-123.360606,41.024498],[-123.360126,41.026979],[-123.359696,41.037707],[-123.361075,41.039322],[-123.361922,41.044932],[-123.365034,41.046723],[-123.366385,41.049147],[-123.367209,41.053135],[-123.371459,41.053914],[-123.372962,41.053301],[-123.376418,41.055303],[-123.380706,41.055289],[-123.381545,41.057795],[-123.383659,41.056671],[-123.385536,41.057372],[-123.383857,41.058566],[-123.385322,41.059507],[-123.384033,41.061516],[-123.382865,41.062011],[-123.384101,41.063511],[-123.382316,41.065192],[-123.384292,41.066456],[-123.384002,41.06874],[-123.384613,41.070139],[-123.383873,41.073317],[-123.384856,41.073431],[-123.38548,41.07165],[-123.387146,41.069843],[-123.38902,41.070807],[-123.39111,41.068566],[-123.393016,41.06795],[-123.392686,41.066393],[-123.395438,41.066372],[-123.397195,41.064177],[-123.396199,41.062162],[-123.397017,41.061086],[-123.403032,41.064984],[-123.405178,41.065605],[-123.407325,41.06524],[-123.410503,41.063297],[-123.413741,41.062407],[-123.415285,41.060898],[-123.41831,41.060145],[-123.423272,41.058157],[-123.423599,41.055663],[-123.424713,41.052753],[-123.422884,41.050446],[-123.423891,41.048575],[-123.423289,41.047087],[-123.423957,41.04524],[-123.423754,41.043185],[-123.423341,41.042189],[-123.420136,41.03829],[-123.419966,41.035139],[-123.417693,41.033621],[-123.413365,41.03202],[-123.411133,41.030688],[-123.407218,41.030619],[-123.408818,41.024845],[-123.410312,41.020674],[-123.407815,41.017673],[-123.40604,41.012897],[-123.40673,41.012008],[-123.409906,41.010742],[-123.41613,41.010023],[-123.418345,41.010233],[-123.420059,41.009674],[-123.423601,41.005365],[-123.425755,41.003511],[-123.425619,41.001498],[-123.42775,41.0007],[-123.426457,40.996057],[-123.427758,40.992656],[-123.427958,40.990856],[-123.427258,40.988256],[-123.430858,40.983656],[-123.434356,40.983253],[-123.435755,40.97596],[-123.43676,40.975152],[-123.437359,40.972656],[-123.438756,40.971456],[-123.442219,40.970413],[-123.446957,40.966756],[-123.45035,40.966159],[-123.453258,40.964153],[-123.453756,40.96266],[-123.453558,40.960758],[-123.451768,40.959364],[-123.446657,40.958057],[-123.444859,40.956158],[-123.444357,40.954047],[-123.445661,40.947054],[-123.447672,40.945448],[-123.447956,40.943758],[-123.450658,40.94322],[-123.45373,40.941448],[-123.455011,40.942587],[-123.458651,40.941959],[-123.461775,40.939264],[-123.464507,40.937698],[-123.467656,40.938159],[-123.469061,40.935553]]]}},{"type":"Feature","properties":{"zcta5":"96093","AFFGEOID10":"8600000US96093","GEOID10":"96093","ALAND10":151923084,"AWATER10":9644,"county_name":"Trinity","state_code":"CA","county_state":"Trinity County, CA","county_fips":"06105","risk_level_county":"Medium Risk (70–79% vaccinated)","mean_vaccination_rate_county":76.03,"risk_level_zcta":"Medium Risk (70–79% vaccinated)","mean_vaccination_rate_zips":71.1,"cases":25},"geometry":{"type":"Polygon","coordinates":[[[-122.978384,40.832304],[-122.980432,40.828875],[-122.982814,40.827223],[-122.990811,40.818579],[-122.994172,40.816453],[-122.995405,40.812342],[-122.999016,40.809166],[-122.999532,40.803825],[-123.001892,40.80051],[-123.003138,40.797466],[-123.004869,40.796052],[-123.004813,40.794439],[-123.001654,40.790896],[-122.999983,40.787631],[-122.999175,40.783775],[-122.996078,40.779597],[-122.993046,40.776862],[-122.991703,40.776232],[-122.990522,40.774132],[-122.991667,40.772487],[-122.989427,40.768987],[-122.988517,40.768873],[-122.987829,40.766073],[-122.986826,40.765446],[-122.988158,40.763449],[-122.986495,40.759706],[-122.985983,40.757277],[-122.986231,40.754975],[-122.985017,40.75486],[-122.986209,40.751864],[-122.983924,40.750748],[-122.987683,40.744737],[-122.987368,40.743953],[-122.9815,40.740493],[-122.982618,40.738866],[-122.985203,40.737907],[-122.991506,40.739213],[-122.994299,40.739271],[-122.99872,40.737725],[-122.99849,40.741144],[-122.999277,40.742455],[-123.004498,40.740188],[-123.007409,40.737423],[-123.010042,40.735471],[-123.013358,40.736146],[-123.016192,40.735039],[-123.018392,40.73334],[-123.034754,40.72987],[-123.042255,40.727417],[-123.044236,40.727522],[-123.04417,40.726706],[-123.048571,40.725244],[-123.048609,40.724581],[-123.043449,40.72218],[-123.041064,40.722174],[-123.040393,40.72401],[-123.031703,40.729886],[-123.02605,40.730883],[-123.022563,40.731934],[-123.019221,40.730772],[-123.017411,40.728652],[-123.01554,40.728466],[-123.01097,40.726129],[-123.012655,40.723786],[-123.01011,40.719454],[-123.010251,40.720735],[-123.008435,40.721383],[-123.00535,40.721154],[-123.006631,40.71664],[-123.006409,40.714466],[-123.004128,40.710978],[-123.003266,40.713248],[-122.999355,40.713425],[-122.997916,40.693539],[-122.981746,40.693356],[-122.979582,40.693829],[-122.977969,40.696535],[-122.979213,40.700256],[-122.97593,40.696862],[-122.974687,40.696083],[-122.973782,40.693361],[-122.956855,40.693366],[-122.955085,40.693184],[-122.930531,40.693294],[-122.929038,40.694888],[-122.926529,40.69494],[-122.922153,40.697182],[-122.92113,40.698597],[-122.918843,40.700218],[-122.917237,40.699818],[-122.915294,40.701387],[-122.911855,40.699635],[-122.9073,40.698514],[-122.899501,40.697979],[-122.895794,40.698446],[-122.889518,40.697686],[-122.886178,40.699108],[-122.885377,40.702824],[-122.883921,40.703637],[-122.881549,40.702039],[-122.88061,40.70223],[-122.876982,40.700533],[-122.875722,40.701013],[-122.877845,40.702813],[-122.875618,40.703168],[-122.872018,40.702766],[-122.870575,40.703563],[-122.869111,40.706349],[-122.869529,40.711112],[-122.867099,40.714084],[-122.865847,40.716662],[-122.865836,40.71938],[-122.863795,40.720176],[-122.862862,40.721791],[-122.861055,40.723174],[-122.858207,40.723302],[-122.857968,40.726299],[-122.855413,40.728199],[-122.853548,40.728955],[-122.855233,40.729458],[-122.854393,40.733622],[-122.853491,40.734446],[-122.856951,40.73504],[-122.859266,40.733643],[-122.862154,40.734054],[-122.86396,40.735426],[-122.865196,40.738469],[-122.865288,40.741352],[-122.863695,40.742817],[-122.86532,40.743023],[-122.863667,40.745174],[-122.864572,40.748744],[-122.86728,40.749223],[-122.86737,40.750386],[-122.868928,40.752322],[-122.868885,40.753659],[-122.871576,40.754689],[-122.874652,40.756813],[-122.880983,40.757828],[-122.884395,40.757752],[-122.886326,40.760018],[-122.886164,40.760713],[-122.882705,40.76142],[-122.88034,40.764895],[-122.880947,40.769836],[-122.880247,40.773645],[-122.876716,40.776134],[-122.8777,40.776753],[-122.874921,40.778031],[-122.874869,40.778692],[-122.876119,40.780836],[-122.876314,40.782482],[-122.877983,40.78339],[-122.878098,40.785463],[-122.875538,40.783581],[-122.871113,40.781565],[-122.868913,40.780046],[-122.862785,40.77883],[-122.860309,40.778001],[-122.855421,40.779031],[-122.858398,40.779554],[-122.861778,40.778734],[-122.86528,40.779648],[-122.867309,40.780862],[-122.868828,40.780936],[-122.870399,40.782712],[-122.874054,40.78336],[-122.876228,40.784773],[-122.876244,40.785719],[-122.87838,40.786991],[-122.880814,40.787602],[-122.881348,40.789836],[-122.882668,40.790518],[-122.88311,40.793356],[-122.885468,40.794268],[-122.885285,40.795484],[-122.886597,40.799274],[-122.885765,40.800964],[-122.888151,40.804776],[-122.88868,40.804857],[-122.890496,40.807565],[-122.890931,40.81148],[-122.894845,40.813875],[-122.896905,40.816733],[-122.903184,40.821256],[-122.903344,40.822085],[-122.905404,40.824551],[-122.907892,40.826593],[-122.907739,40.827665],[-122.912798,40.8302],[-122.914835,40.830225],[-122.916208,40.831005],[-122.920137,40.830476],[-122.921048,40.830769],[-122.921156,40.832266],[-122.978384,40.832304]]]}}]}