{"type":"FeatureCollection","features":[{"type":"Feature","properties":{"zcta5":"74134","AFFGEOID10":"8600000US74134","GEOID10":"74134","ALAND10":28572806,"AWATER10":1041667,"county_name":"Tulsa","state_code":"OK","county_state":"Tulsa County, OK","county_fips":"40143","risk_level_county":"Higher Risk (60–69% vaccinated)","mean_vaccination_rate_county":63.78,"risk_level_zcta":"Higher Risk (60–69% vaccinated)","mean_vaccination_rate_zips":63.7,"cases":17},"geometry":{"type":"Polygon","coordinates":[[[-95.833236,36.118926],[-95.833087,36.104522],[-95.846214,36.104468],[-95.845231,36.101749],[-95.851044,36.101773],[-95.85102,36.095545],[-95.841666,36.092144],[-95.833229,36.088167],[-95.833159,36.084275],[-95.840561,36.084235],[-95.84056,36.081043],[-95.840092,36.080315],[-95.836036,36.077781],[-95.8332,36.077214],[-95.833218,36.075569],[-95.824065,36.075593],[-95.82407,36.083167],[-95.821689,36.082571],[-95.827376,36.085772],[-95.82655,36.086916],[-95.824326,36.087987],[-95.824064,36.089902],[-95.815308,36.089937],[-95.815321,36.104432],[-95.806277,36.104428],[-95.797384,36.104434],[-95.797431,36.097223],[-95.797367,36.089965],[-95.788927,36.089969],[-95.77965,36.090202],[-95.779571,36.104412],[-95.761667,36.10445],[-95.761641,36.118981],[-95.761664,36.133471],[-95.815406,36.133467],[-95.833222,36.133445],[-95.833236,36.118926]]]}},{"type":"Feature","properties":{"zcta5":"74033","AFFGEOID10":"8600000US74033","GEOID10":"74033","ALAND10":30795613,"AWATER10":0,"county_name":"Tulsa","state_code":"OK","county_state":"Tulsa County, OK","county_fips":"40143","risk_level_county":"Higher Risk (60–69% vaccinated)","mean_vaccination_rate_county":63.78,"risk_level_zcta":"Higher Risk (60–69% vaccinated)","mean_vaccination_rate_zips":68.06,"cases":17},"geometry":{"type":"MultiPolygon","coordinates":[[[[-95.978543,35.965681],[-95.978541,35.96439],[-95.97596,35.964401],[-95.975962,35.96569],[-95.978543,35.965681]]],[[[-96.011836,35.988384],[-96.029544,35.988387],[-96.029477,35.959198],[-96.029487,35.944723],[-96.029531,35.937019],[-96.029543,35.91563],[-96.029339,35.912015],[-96.021748,35.912009],[-96.021824,35.904582],[-96.018384,35.904582],[-96.018385,35.901107],[-96.015763,35.901101],[-96.015821,35.906045],[-96.015424,35.908423],[-96.014136,35.911608],[-96.011854,35.911567],[-96.011818,35.908922],[-96.011731,35.908924],[-96.011733,35.915629],[-95.975982,35.91565],[-95.976152,35.921318],[-95.975964,35.930169],[-95.993844,35.930152],[-95.993877,35.944416],[-95.984981,35.944819],[-95.975961,35.944707],[-95.975935,35.959244],[-95.976538,35.959218],[-95.984174,35.959203],[-95.985423,35.959153],[-95.985444,35.963393],[-95.986164,35.96691],[-95.991703,35.967627],[-95.987658,35.96818],[-95.98765,35.969712],[-95.989184,35.969719],[-95.989328,35.97355],[-95.979389,35.97358],[-95.979386,35.973712],[-96.011494,35.973679],[-96.011836,35.988384]]]]}},{"type":"Feature","properties":{"zcta5":"74050","AFFGEOID10":"8600000US74050","GEOID10":"74050","ALAND10":631817,"AWATER10":0,"county_name":"Tulsa","state_code":"OK","county_state":"Tulsa County, OK","county_fips":"40143","risk_level_county":"Higher Risk (60–69% vaccinated)","mean_vaccination_rate_county":63.78,"risk_level_zcta":"Higher Risk (60–69% vaccinated)","mean_vaccination_rate_zips":65.73,"cases":17},"geometry":{"type":"MultiPolygon","coordinates":[[[[-96.067691,36.075501],[-96.067686,36.076414],[-96.066549,36.076424],[-96.066552,36.07802],[-96.068778,36.077889],[-96.068662,36.075535],[-96.068608,36.075503],[-96.068507,36.075495],[-96.068221,36.075509],[-96.067691,36.075501]]],[[[-96.063201,36.075496],[-96.065429,36.074523],[-96.069678,36.074543],[-96.069814,36.073583],[-96.069925,36.069139],[-96.067607,36.069122],[-96.067602,36.068204],[-96.0658,36.068253],[-96.063264,36.070057],[-96.063214,36.071416],[-96.063219,36.072738],[-96.062517,36.072761],[-96.061003,36.072692],[-96.060962,36.071477],[-96.0566,36.073724],[-96.056493,36.075238],[-96.057583,36.075469],[-96.063201,36.075496]]]]}},{"type":"Feature","properties":{"zcta5":"74070","AFFGEOID10":"8600000US74070","GEOID10":"74070","ALAND10":488254652,"AWATER10":26050296,"county_name":"Tulsa","state_code":"OK","county_state":"Tulsa County, OK","county_fips":"40143","risk_level_county":"Higher Risk (60–69% vaccinated)","mean_vaccination_rate_county":63.78,"risk_level_zcta":"Higher Risk (60–69% vaccinated)","mean_vaccination_rate_zips":67.94,"cases":17},"geometry":{"type":"Polygon","coordinates":[[[-96.206157,36.446788],[-96.210125,36.441541],[-96.210286,36.435274],[-96.211982,36.431736],[-96.213575,36.430686],[-96.217652,36.423972],[-96.219035,36.421705],[-96.219553,36.421259],[-96.219457,36.41954],[-96.220183,36.416552],[-96.224543,36.413811],[-96.221561,36.413883],[-96.218402,36.415267],[-96.217513,36.417332],[-96.2165,36.41733],[-96.215105,36.413807],[-96.213465,36.411219],[-96.216173,36.406321],[-96.210805,36.400466],[-96.211345,36.396589],[-96.216715,36.395576],[-96.220882,36.393403],[-96.224401,36.390087],[-96.224074,36.387157],[-96.225507,36.38346],[-96.228876,36.382817],[-96.230364,36.383268],[-96.231192,36.381848],[-96.230219,36.380188],[-96.230465,36.379336],[-96.232609,36.379299],[-96.233734,36.378466],[-96.234782,36.375079],[-96.236088,36.373573],[-96.236893,36.370686],[-96.236037,36.367555],[-96.234985,36.365146],[-96.232737,36.363038],[-96.230925,36.362154],[-96.230104,36.360563],[-96.230284,36.358424],[-96.232598,36.354362],[-96.233384,36.352026],[-96.232932,36.349881],[-96.232735,36.345361],[-96.231887,36.342348],[-96.228267,36.342243],[-96.224329,36.341508],[-96.220973,36.338109],[-96.220884,36.336221],[-96.221836,36.332005],[-96.222497,36.321282],[-96.222271,36.3199],[-96.219613,36.317066],[-96.217066,36.315498],[-96.21502,36.315811],[-96.21241,36.314506],[-96.210013,36.310788],[-96.210953,36.306131],[-96.211939,36.304234],[-96.210928,36.300738],[-96.208886,36.298214],[-96.205205,36.296806],[-96.201752,36.292078],[-96.199092,36.289632],[-96.192823,36.288735],[-96.192654,36.282235],[-96.191511,36.281174],[-96.181954,36.278691],[-96.174984,36.274449],[-96.174869,36.270068],[-96.174468,36.269073],[-96.168838,36.265435],[-96.168003,36.263983],[-96.168077,36.258885],[-96.165509,36.257352],[-96.164134,36.255023],[-96.161632,36.253353],[-96.157102,36.254263],[-96.157168,36.250694],[-96.156706,36.249309],[-96.158137,36.244829],[-96.164964,36.244575],[-96.164518,36.24175],[-96.16196,36.239327],[-96.161851,36.235843],[-96.165456,36.228783],[-96.160688,36.231052],[-96.15842,36.230983],[-96.155541,36.231847],[-96.15452,36.236762],[-96.154635,36.238278],[-96.156042,36.241037],[-96.154895,36.241992],[-96.153004,36.245264],[-96.131051,36.245326],[-96.132473,36.246685],[-96.13242,36.248302],[-96.131253,36.250435],[-96.127964,36.252495],[-96.124549,36.2526],[-96.122223,36.253118],[-96.12144,36.255433],[-96.120348,36.255052],[-96.118091,36.255869],[-96.113966,36.254734],[-96.116178,36.25354],[-96.113144,36.253199],[-96.112054,36.252428],[-96.110917,36.253672],[-96.108036,36.253813],[-96.109369,36.255242],[-96.105886,36.255156],[-96.104007,36.257148],[-96.103162,36.256022],[-96.101555,36.255342],[-96.09893,36.253223],[-96.099973,36.252053],[-96.096997,36.252702],[-96.0964,36.251933],[-96.095099,36.252757],[-96.095188,36.254064],[-96.093663,36.254614],[-96.093487,36.255937],[-96.089372,36.256669],[-96.088707,36.256163],[-96.086565,36.257207],[-96.082544,36.257038],[-96.082734,36.25768],[-96.086036,36.258602],[-96.086111,36.259695],[-96.083819,36.25986],[-96.0795,36.258263],[-96.077398,36.257028],[-96.076768,36.258796],[-96.074734,36.258933],[-96.074965,36.262415],[-96.070842,36.26169],[-96.07169,36.265528],[-96.070883,36.265902],[-96.069981,36.265743],[-96.067524,36.261973],[-96.066401,36.263008],[-96.066869,36.264612],[-96.065235,36.265046],[-96.062421,36.264244],[-96.06219,36.263129],[-96.060149,36.26292],[-96.06061,36.261998],[-96.059553,36.260762],[-96.061736,36.258456],[-96.060889,36.25766],[-96.059072,36.25777],[-96.057966,36.259488],[-96.055715,36.258785],[-96.052949,36.258851],[-96.051932,36.256611],[-96.050529,36.255957],[-96.04802,36.258054],[-96.04461,36.257466],[-96.042507,36.259454],[-96.0405,36.260096],[-96.040098,36.262288],[-96.044452,36.263424],[-96.04915,36.263462],[-96.051733,36.26444],[-96.055047,36.266935],[-96.057642,36.267515],[-96.06754,36.267656],[-96.067524,36.278261],[-96.098605,36.278205],[-96.099224,36.280423],[-96.102935,36.280417],[-96.10292,36.284343],[-96.099184,36.284349],[-96.099136,36.289001],[-96.103142,36.288993],[-96.105047,36.289474],[-96.105129,36.300678],[-96.132142,36.300802],[-96.134872,36.30199],[-96.13546,36.301247],[-96.136721,36.302254],[-96.13939,36.302217],[-96.139951,36.30313],[-96.138702,36.303309],[-96.138247,36.311616],[-96.138424,36.316292],[-96.125538,36.316172],[-96.124782,36.325785],[-96.119976,36.328806],[-96.119843,36.333986],[-96.118598,36.349089],[-96.115258,36.361917],[-96.108464,36.361942],[-96.108168,36.358916],[-96.10452,36.355127],[-96.101827,36.35344],[-96.099171,36.353299],[-96.096189,36.352076],[-96.087458,36.351521],[-96.085189,36.35086],[-96.085267,36.348773],[-96.084425,36.346004],[-96.066397,36.346996],[-96.065179,36.34649],[-96.067711,36.344008],[-96.068953,36.344019],[-96.069652,36.342586],[-96.072028,36.342438],[-96.073195,36.341592],[-96.069808,36.335882],[-96.06613,36.335332],[-96.052539,36.322766],[-96.052746,36.318099],[-96.049382,36.318093],[-96.049455,36.33249],[-96.04425,36.332524],[-96.044108,36.330289],[-96.039847,36.329294],[-96.037228,36.328289],[-96.035138,36.328705],[-96.034343,36.329842],[-96.031534,36.329753],[-96.030182,36.331812],[-96.029151,36.331691],[-96.023758,36.328191],[-96.022083,36.326192],[-96.020963,36.326702],[-96.020622,36.329607],[-96.018964,36.332044],[-96.016507,36.332389],[-96.015809,36.330758],[-96.01632,36.327919],[-96.013709,36.32626],[-96.012162,36.326039],[-96.011266,36.326604],[-96.011834,36.328993],[-96.009926,36.330085],[-96.008576,36.329958],[-96.007498,36.328909],[-96.009571,36.32472],[-96.005512,36.326107],[-96.004624,36.324399],[-96.006064,36.322934],[-96.005562,36.322011],[-96.003554,36.322142],[-96.001555,36.323696],[-96.001561,36.323464],[-96.000777,36.322789],[-96.000919,36.319171],[-95.998503,36.319351],[-95.998752,36.322762],[-95.996402,36.323605],[-95.995814,36.321484],[-95.991423,36.321384],[-95.991537,36.31626],[-95.98974,36.316722],[-95.987604,36.315693],[-95.987597,36.314734],[-95.991548,36.315205],[-95.991428,36.307493],[-95.976933,36.307578],[-95.973226,36.306743],[-95.972595,36.304626],[-95.974031,36.303161],[-95.971652,36.300357],[-95.968829,36.29958],[-95.968757,36.298381],[-95.971536,36.296234],[-95.970948,36.295605],[-95.967487,36.295417],[-95.966173,36.294191],[-95.965937,36.296147],[-95.963361,36.296959],[-95.961905,36.295995],[-95.961665,36.293867],[-95.960665,36.293443],[-95.958025,36.294183],[-95.955528,36.297291],[-95.95496,36.300075],[-95.958384,36.300679],[-95.960625,36.302071],[-95.960625,36.303123],[-95.958672,36.304791],[-95.957044,36.304989],[-95.956576,36.303503],[-95.955932,36.304593],[-95.954408,36.304282],[-95.954143,36.305801],[-95.954108,36.307491],[-95.959457,36.307564],[-95.960553,36.30993],[-95.962859,36.31116],[-95.962813,36.312598],[-95.960592,36.313736],[-95.959835,36.315912],[-95.960787,36.317218],[-95.965247,36.319281],[-95.966111,36.320564],[-95.965271,36.321406],[-95.955841,36.322053],[-95.937648,36.322075],[-95.937637,36.336505],[-95.920113,36.3366],[-95.919594,36.336603],[-95.919741,36.362701],[-95.918794,36.365682],[-95.920835,36.365685],[-95.920636,36.423702],[-95.920323,36.423703],[-95.92032,36.424227],[-95.920667,36.438196],[-95.920854,36.452711],[-95.955747,36.452692],[-95.956101,36.465507],[-95.957345,36.465963],[-95.958018,36.464727],[-95.959611,36.465129],[-95.959653,36.467126],[-95.972994,36.467085],[-95.973272,36.480772],[-95.977805,36.481412],[-95.981204,36.483378],[-95.986334,36.485848],[-95.986222,36.48825],[-95.987214,36.489431],[-95.989191,36.486626],[-95.988882,36.483161],[-95.990879,36.478282],[-95.99364,36.475516],[-95.995776,36.472366],[-95.99952,36.47013],[-96.001123,36.4672],[-96.000854,36.535298],[-96.005619,36.535438],[-96.005559,36.533806],[-96.008676,36.530565],[-96.009243,36.527973],[-96.01221,36.527706],[-96.014371,36.528675],[-96.016909,36.528469],[-96.017986,36.526726],[-96.019726,36.52691],[-96.021835,36.525655],[-96.025182,36.524909],[-96.02891,36.528096],[-96.028419,36.530241],[-96.028839,36.532639],[-96.028065,36.535714],[-96.04848,36.535672],[-96.053824,36.535203],[-96.058574,36.535585],[-96.063276,36.533274],[-96.066547,36.532368],[-96.066365,36.528503],[-96.061752,36.524247],[-96.058506,36.520088],[-96.054905,36.516387],[-96.053709,36.514369],[-96.053265,36.512122],[-96.053691,36.506302],[-96.054403,36.502203],[-96.054311,36.497408],[-96.053346,36.49516],[-96.051001,36.493023],[-96.053491,36.492105],[-96.053536,36.485846],[-96.050818,36.483517],[-96.05408,36.480807],[-96.056323,36.479956],[-96.057506,36.480176],[-96.058479,36.481702],[-96.055915,36.482422],[-96.056765,36.484047],[-96.061096,36.485166],[-96.061654,36.483124],[-96.06394,36.483253],[-96.0643,36.485192],[-96.067198,36.485526],[-96.066487,36.486872],[-96.070018,36.482928],[-96.071024,36.481291],[-96.074988,36.479205],[-96.075491,36.474938],[-96.076456,36.473653],[-96.081222,36.471945],[-96.081943,36.474613],[-96.085207,36.477666],[-96.087173,36.481262],[-96.088228,36.485463],[-96.091174,36.490361],[-96.093392,36.496615],[-96.097447,36.499809],[-96.099672,36.50239],[-96.103978,36.50391],[-96.104902,36.50179],[-96.106432,36.500719],[-96.10686,36.49945],[-96.106158,36.497067],[-96.102488,36.4933],[-96.101373,36.491684],[-96.101385,36.489999],[-96.105485,36.486745],[-96.107786,36.48606],[-96.113382,36.486727],[-96.117661,36.485709],[-96.118286,36.487025],[-96.117139,36.491863],[-96.116536,36.49574],[-96.116944,36.496388],[-96.120647,36.498379],[-96.120619,36.479148],[-96.122562,36.479012],[-96.122565,36.476255],[-96.120407,36.475472],[-96.121744,36.473697],[-96.122814,36.473418],[-96.122884,36.465396],[-96.12266,36.461089],[-96.125322,36.459619],[-96.126077,36.457659],[-96.120393,36.451341],[-96.120237,36.448361],[-96.176217,36.447937],[-96.185995,36.447789],[-96.185705,36.44557],[-96.191958,36.445797],[-96.19432,36.446729],[-96.195433,36.446222],[-96.19822,36.44678],[-96.206157,36.446788]]]}},{"type":"Feature","properties":{"zcta5":"74108","AFFGEOID10":"8600000US74108","GEOID10":"74108","ALAND10":21106608,"AWATER10":19620,"county_name":"Tulsa","state_code":"OK","county_state":"Tulsa County, OK","county_fips":"40143","risk_level_county":"Higher Risk (60–69% vaccinated)","mean_vaccination_rate_county":63.78,"risk_level_zcta":"Very High Risk (<60% vaccinated)","mean_vaccination_rate_zips":55.3,"cases":17},"geometry":{"type":"Polygon","coordinates":[[[-95.833368,36.158994],[-95.833222,36.133445],[-95.815406,36.133467],[-95.761664,36.133471],[-95.761669,36.147971],[-95.75245,36.148009],[-95.750057,36.150048],[-95.744782,36.150529],[-95.7438,36.151556],[-95.745943,36.151558],[-95.747222,36.15495],[-95.747319,36.159175],[-95.745991,36.160559],[-95.749592,36.159966],[-95.749565,36.158345],[-95.753459,36.158353],[-95.753987,36.160567],[-95.758293,36.160556],[-95.759882,36.161245],[-95.761651,36.16055],[-95.779617,36.160624],[-95.792469,36.160584],[-95.829392,36.160673],[-95.833368,36.158994]]]}},{"type":"Feature","properties":{"zcta5":"74128","AFFGEOID10":"8600000US74128","GEOID10":"74128","ALAND10":9567693,"AWATER10":0,"county_name":"Tulsa","state_code":"OK","county_state":"Tulsa County, OK","county_fips":"40143","risk_level_county":"Higher Risk (60–69% vaccinated)","mean_vaccination_rate_county":63.78,"risk_level_zcta":"Very High Risk (<60% vaccinated)","mean_vaccination_rate_zips":54.53,"cases":17},"geometry":{"type":"Polygon","coordinates":[[[-95.875031,36.160748],[-95.873974,36.15972],[-95.873958,36.157906],[-95.871116,36.157403],[-95.870728,36.156699],[-95.87103,36.155249],[-95.872104,36.155241],[-95.871726,36.15208],[-95.873176,36.149887],[-95.875,36.149305],[-95.874942,36.148002],[-95.872368,36.149795],[-95.871758,36.147992],[-95.86882,36.147976],[-95.868791,36.146912],[-95.868161,36.139329],[-95.870297,36.133471],[-95.869245,36.133507],[-95.868559,36.133488],[-95.860193,36.139572],[-95.859996,36.133466],[-95.849469,36.133455],[-95.849486,36.134709],[-95.847429,36.134713],[-95.847402,36.133468],[-95.833222,36.133445],[-95.833368,36.158994],[-95.833353,36.160645],[-95.854438,36.160663],[-95.854891,36.159485],[-95.859603,36.159562],[-95.859625,36.15525],[-95.862026,36.155231],[-95.862099,36.158513],[-95.865072,36.158558],[-95.865167,36.160692],[-95.867468,36.160705],[-95.86824,36.160994],[-95.869132,36.161046],[-95.869785,36.160728],[-95.875031,36.160748]]]}},{"type":"Feature","properties":{"zcta5":"74129","AFFGEOID10":"8600000US74129","GEOID10":"74129","ALAND10":10771847,"AWATER10":48654,"county_name":"Tulsa","state_code":"OK","county_state":"Tulsa County, OK","county_fips":"40143","risk_level_county":"Higher Risk (60–69% vaccinated)","mean_vaccination_rate_county":63.78,"risk_level_zcta":"Very High Risk (<60% vaccinated)","mean_vaccination_rate_zips":56.04,"cases":17},"geometry":{"type":"Polygon","coordinates":[[[-95.906903,36.133403],[-95.906971,36.129864],[-95.90459,36.129864],[-95.904566,36.126621],[-95.906306,36.124946],[-95.904587,36.123762],[-95.904558,36.12116],[-95.904541,36.118897],[-95.888499,36.118945],[-95.886608,36.120257],[-95.886601,36.118893],[-95.869877,36.118963],[-95.869868,36.120196],[-95.868688,36.1195],[-95.865195,36.119645],[-95.86481,36.118985],[-95.853609,36.118971],[-95.853911,36.12004],[-95.852444,36.12045],[-95.847555,36.120685],[-95.847122,36.118958],[-95.833236,36.118926],[-95.833222,36.133445],[-95.847402,36.133468],[-95.847429,36.134713],[-95.849486,36.134709],[-95.849469,36.133455],[-95.859996,36.133466],[-95.860193,36.139572],[-95.868559,36.133488],[-95.869245,36.133507],[-95.870297,36.133471],[-95.888944,36.133456],[-95.888916,36.138996],[-95.890026,36.138989],[-95.890068,36.140683],[-95.891144,36.140719],[-95.891187,36.136221],[-95.895104,36.135961],[-95.893782,36.134895],[-95.894039,36.133483],[-95.906903,36.133403]]]}},{"type":"Feature","properties":{"zcta5":"74015","AFFGEOID10":"8600000US74015","GEOID10":"74015","ALAND10":147533935,"AWATER10":1844935,"county_name":"Tulsa","state_code":"OK","county_state":"Tulsa County, OK","county_fips":"40143","risk_level_county":"Higher Risk (60–69% vaccinated)","mean_vaccination_rate_county":63.78,"risk_level_zcta":"Higher Risk (60–69% vaccinated)","mean_vaccination_rate_zips":63.79,"cases":17},"geometry":{"type":"Polygon","coordinates":[[[-95.81527,36.22445],[-95.814961,36.222298],[-95.81533,36.206133],[-95.8153,36.19292],[-95.81528,36.19156],[-95.81531,36.1877],[-95.80145,36.18867],[-95.797372,36.188713],[-95.79324,36.188357],[-95.788,36.18751],[-95.78677,36.18724],[-95.78519,36.18653],[-95.77948,36.18315],[-95.77951,36.17703],[-95.77958,36.16261],[-95.779617,36.160624],[-95.761651,36.16055],[-95.759882,36.161245],[-95.758293,36.160556],[-95.753987,36.160567],[-95.753459,36.158353],[-95.749565,36.158345],[-95.749592,36.159966],[-95.745991,36.160559],[-95.747319,36.159175],[-95.747222,36.15495],[-95.745943,36.151558],[-95.7438,36.151556],[-95.744782,36.150529],[-95.750057,36.150048],[-95.75245,36.148009],[-95.747762,36.14802],[-95.748006,36.143933],[-95.740645,36.143686],[-95.740565,36.147977],[-95.726381,36.147945],[-95.726198,36.11895],[-95.720106,36.118948],[-95.662564,36.118787],[-95.663489,36.123592],[-95.663512,36.131558],[-95.662599,36.131558],[-95.662587,36.133282],[-95.655897,36.133303],[-95.65472,36.134428],[-95.654458,36.140594],[-95.645653,36.140498],[-95.645512,36.133623],[-95.644451,36.133337],[-95.636782,36.13338],[-95.636838,36.148097],[-95.628985,36.147983],[-95.627225,36.147574],[-95.625254,36.148298],[-95.624781,36.150489],[-95.623396,36.153168],[-95.620874,36.159509],[-95.619187,36.162529],[-95.618551,36.162508],[-95.618925,36.166317],[-95.619002,36.170777],[-95.619425,36.177267],[-95.616375,36.178578],[-95.614902,36.180181],[-95.614412,36.182351],[-95.614703,36.183913],[-95.617938,36.185914],[-95.61504,36.188784],[-95.608996,36.192081],[-95.605242,36.195369],[-95.60318,36.198917],[-95.599891,36.20067],[-95.598886,36.202003],[-95.600017,36.203734],[-95.601884,36.204827],[-95.602118,36.206394],[-95.601039,36.208702],[-95.598304,36.212925],[-95.597544,36.214976],[-95.597411,36.218356],[-95.598153,36.220269],[-95.600242,36.222883],[-95.602016,36.224247],[-95.605015,36.225672],[-95.607446,36.226298],[-95.609696,36.226303],[-95.615343,36.225359],[-95.61925,36.225025],[-95.625681,36.223752],[-95.627523,36.222723],[-95.631547,36.219003],[-95.635886,36.2153],[-95.637107,36.213803],[-95.639752,36.211572],[-95.644708,36.208236],[-95.650561,36.204863],[-95.655371,36.202879],[-95.665319,36.199617],[-95.674097,36.195394],[-95.678526,36.194049],[-95.688639,36.19375],[-95.696135,36.190781],[-95.69922,36.189065],[-95.700162,36.189252],[-95.70066,36.190126],[-95.70094,36.194954],[-95.701933,36.198631],[-95.70552,36.202702],[-95.715967,36.210521],[-95.71918,36.21029],[-95.721586,36.208944],[-95.723069,36.208732],[-95.72792,36.210596],[-95.728376,36.215003],[-95.72902,36.219305],[-95.728663,36.221593],[-95.725863,36.221348],[-95.72738,36.226209],[-95.72667,36.228227],[-95.723385,36.233645],[-95.72167,36.237848],[-95.720578,36.239339],[-95.719665,36.242732],[-95.720079,36.243899],[-95.720531,36.244786],[-95.72254,36.245544],[-95.724048,36.244506],[-95.725161,36.24268],[-95.727056,36.241641],[-95.729098,36.24192],[-95.732127,36.24401],[-95.733519,36.246121],[-95.734193,36.250077],[-95.733629,36.254598],[-95.73403,36.256316],[-95.736045,36.258529],[-95.738663,36.25995],[-95.74192,36.262596],[-95.743847,36.263616],[-95.744586,36.265895],[-95.745091,36.265241],[-95.74427,36.2635],[-95.74215,36.26174],[-95.74189,36.26039],[-95.7402,36.25784],[-95.74061,36.25666],[-95.74246,36.25504],[-95.742834,36.24952],[-95.74557,36.249397],[-95.74731,36.24864],[-95.75495,36.24244],[-95.75841,36.23715],[-95.75903,36.23548],[-95.75902,36.23276],[-95.76002,36.23251],[-95.76004,36.23516],[-95.766177,36.234872],[-95.766367,36.232133],[-95.809903,36.225997],[-95.81118,36.226822],[-95.815231,36.228168],[-95.81527,36.22445]]]}},{"type":"Feature","properties":{"zcta5":"74119","AFFGEOID10":"8600000US74119","GEOID10":"74119","ALAND10":2035686,"AWATER10":0,"county_name":"Tulsa","state_code":"OK","county_state":"Tulsa County, OK","county_fips":"40143","risk_level_county":"Higher Risk (60–69% vaccinated)","mean_vaccination_rate_county":63.78,"risk_level_zcta":"Higher Risk (60–69% vaccinated)","mean_vaccination_rate_zips":69.21,"cases":17},"geometry":{"type":"Polygon","coordinates":[[[-95.998068,36.147911],[-95.997987,36.145458],[-95.994677,36.145245],[-95.995932,36.144978],[-95.996043,36.140616],[-95.997182,36.140668],[-95.993201,36.136798],[-95.990272,36.132803],[-95.988959,36.133371],[-95.983388,36.133351],[-95.981772,36.13418],[-95.98157,36.137954],[-95.983341,36.137048],[-95.982509,36.140245],[-95.983148,36.142369],[-95.980613,36.143404],[-95.983675,36.144261],[-95.985648,36.148473],[-95.984511,36.148856],[-95.985993,36.151754],[-95.989526,36.150507],[-95.990147,36.151432],[-95.990799,36.150061],[-95.998068,36.147911]]]}},{"type":"Feature","properties":{"zcta5":"74137","AFFGEOID10":"8600000US74137","GEOID10":"74137","ALAND10":26743379,"AWATER10":1147826,"county_name":"Tulsa","state_code":"OK","county_state":"Tulsa County, OK","county_fips":"40143","risk_level_county":"Higher Risk (60–69% vaccinated)","mean_vaccination_rate_county":63.78,"risk_level_zcta":"Medium Risk (70–79% vaccinated)","mean_vaccination_rate_zips":77.04,"cases":17},"geometry":{"type":"Polygon","coordinates":[[[-95.974472,36.046295],[-95.96888,36.043607],[-95.963584,36.038523],[-95.962423,36.033651],[-95.961727,36.032687],[-95.958771,36.031795],[-95.954647,36.028299],[-95.951989,36.024758],[-95.950526,36.018819],[-95.950335,36.014528],[-95.949575,36.010592],[-95.949783,36.008636],[-95.948047,36.0052],[-95.947815,36.003128],[-95.948799,36.000828],[-95.948487,35.999948],[-95.945918,35.997316],[-95.93983,35.992424],[-95.938203,35.991607],[-95.932197,35.98945],[-95.931052,35.988313],[-95.929498,35.98832],[-95.926678,35.988353],[-95.92672,35.991923],[-95.924457,35.991922],[-95.924457,35.991107],[-95.922267,35.991101],[-95.922254,35.98836],[-95.904445,35.98829],[-95.904395,35.991983],[-95.906009,35.992075],[-95.907199,35.993152],[-95.904372,35.993768],[-95.904335,36.002804],[-95.904262,36.031839],[-95.904226,36.046342],[-95.908609,36.046423],[-95.964105,36.046382],[-95.965355,36.046616],[-95.967172,36.046295],[-95.974472,36.046295]]]}},{"type":"Feature","properties":{"zcta5":"74063","AFFGEOID10":"8600000US74063","GEOID10":"74063","ALAND10":351644136,"AWATER10":19938485,"county_name":"Tulsa","state_code":"OK","county_state":"Tulsa County, OK","county_fips":"40143","risk_level_county":"Higher Risk (60–69% vaccinated)","mean_vaccination_rate_county":63.78,"risk_level_zcta":"Higher Risk (60–69% vaccinated)","mean_vaccination_rate_zips":68.61,"cases":17},"geometry":{"type":"Polygon","coordinates":[[[-96.297888,36.162279],[-96.298085,36.12998],[-96.297813,36.096508],[-96.300073,36.096818],[-96.29964,36.094219],[-96.302239,36.093724],[-96.302424,36.097659],[-96.299335,36.097688],[-96.300373,36.100248],[-96.303455,36.100211],[-96.306455,36.099523],[-96.309055,36.098223],[-96.310508,36.099929],[-96.311732,36.103509],[-96.314162,36.099843],[-96.315415,36.100441],[-96.318462,36.098816],[-96.321645,36.098014],[-96.32252,36.097266],[-96.324736,36.097646],[-96.327288,36.099578],[-96.331072,36.100918],[-96.330208,36.098954],[-96.331968,36.099014],[-96.332352,36.097906],[-96.330584,36.097602],[-96.33,36.09631],[-96.33272,36.096674],[-96.331896,36.09445],[-96.331744,36.09137],[-96.332824,36.089046],[-96.331424,36.087426],[-96.330504,36.08915],[-96.32907,36.088948],[-96.329083,36.087739],[-96.330112,36.087582],[-96.33184,36.085662],[-96.330943,36.08419],[-96.333808,36.085314],[-96.335008,36.084162],[-96.335528,36.080974],[-96.333087,36.079298],[-96.334655,36.078678],[-96.334711,36.076906],[-96.338151,36.073765],[-96.337359,36.071294],[-96.339007,36.070193],[-96.341431,36.069693],[-96.340751,36.069025],[-96.345647,36.061257],[-96.344719,36.058009],[-96.345902,36.056281],[-96.344639,36.055015],[-96.329149,36.053931],[-96.324221,36.053905],[-96.324181,36.041185],[-96.321382,36.03869],[-96.320586,36.035579],[-96.316206,36.038287],[-96.314014,36.040139],[-96.311686,36.045483],[-96.309702,36.046387],[-96.306813,36.045991],[-96.304781,36.046863],[-96.301541,36.047519],[-96.299781,36.047316],[-96.297551,36.049461],[-96.297553,36.046632],[-96.28889,36.046627],[-96.287757,36.045684],[-96.285885,36.046396],[-96.28211,36.046869],[-96.278456,36.049446],[-96.272471,36.049337],[-96.271242,36.054463],[-96.267138,36.057318],[-96.263265,36.059282],[-96.261662,36.061462],[-96.261531,36.062071],[-96.258635,36.063009],[-96.256158,36.062372],[-96.255057,36.060679],[-96.253379,36.061176],[-96.208244,36.06116],[-96.208072,36.046647],[-96.189935,36.046663],[-96.189908,36.06434],[-96.190237,36.065839],[-96.190321,36.074618],[-96.190033,36.074978],[-96.17277,36.074988],[-96.166012,36.07496],[-96.166011,36.073302],[-96.162124,36.072139],[-96.158381,36.067833],[-96.158683,36.070456],[-96.156393,36.073003],[-96.155891,36.074875],[-96.154786,36.074867],[-96.154778,36.075662],[-96.154139,36.075755],[-96.136962,36.075659],[-96.119584,36.075642],[-96.119387,36.075642],[-96.114469,36.075632],[-96.114465,36.075739],[-96.114501,36.079354],[-96.111844,36.079367],[-96.111811,36.078793],[-96.110041,36.078737],[-96.110119,36.075777],[-96.101175,36.075836],[-96.101141,36.078494],[-96.101049,36.078494],[-96.101031,36.097415],[-96.096768,36.097403],[-96.096749,36.101102],[-96.088697,36.101696],[-96.083222,36.101684],[-96.083212,36.1037],[-96.080846,36.104261],[-96.078756,36.104271],[-96.079681,36.101882],[-96.077608,36.102781],[-96.076501,36.10096],[-96.076454,36.104407],[-96.074248,36.104306],[-96.074237,36.104595],[-96.076208,36.104514],[-96.077627,36.104551],[-96.07872,36.104533],[-96.080822,36.104576],[-96.097046,36.104693],[-96.101065,36.104618],[-96.100756,36.119105],[-96.101283,36.122977],[-96.100908,36.126455],[-96.098779,36.127396],[-96.095391,36.126772],[-96.092479,36.128092],[-96.088246,36.128777],[-96.083378,36.130889],[-96.083478,36.133789],[-96.083595,36.153452],[-96.083389,36.1581],[-96.083659,36.160742],[-96.082939,36.160951],[-96.090796,36.161084],[-96.090826,36.164599],[-96.091315,36.216243],[-96.090588,36.216248],[-96.090544,36.233031],[-96.091117,36.235343],[-96.094235,36.238093],[-96.094115,36.239216],[-96.095399,36.24115],[-96.099222,36.24141],[-96.09901,36.244629],[-96.10299,36.244791],[-96.103162,36.256022],[-96.104007,36.257148],[-96.105886,36.255156],[-96.109369,36.255242],[-96.108036,36.253813],[-96.110917,36.253672],[-96.112054,36.252428],[-96.113144,36.253199],[-96.116178,36.25354],[-96.113966,36.254734],[-96.118091,36.255869],[-96.120348,36.255052],[-96.12144,36.255433],[-96.122223,36.253118],[-96.124549,36.2526],[-96.127964,36.252495],[-96.131253,36.250435],[-96.13242,36.248302],[-96.132473,36.246685],[-96.131051,36.245326],[-96.153004,36.245264],[-96.154895,36.241992],[-96.156042,36.241037],[-96.154635,36.238278],[-96.15452,36.236762],[-96.155541,36.231847],[-96.15842,36.230983],[-96.160688,36.231052],[-96.165456,36.228783],[-96.161851,36.235843],[-96.16196,36.239327],[-96.164518,36.24175],[-96.164964,36.244575],[-96.158137,36.244829],[-96.156706,36.249309],[-96.157168,36.250694],[-96.157102,36.254263],[-96.161632,36.253353],[-96.164134,36.255023],[-96.165509,36.257352],[-96.168077,36.258885],[-96.168003,36.263983],[-96.168838,36.265435],[-96.174468,36.269073],[-96.174869,36.270068],[-96.174984,36.274449],[-96.181954,36.278691],[-96.191511,36.281174],[-96.192654,36.282235],[-96.192823,36.288735],[-96.199092,36.289632],[-96.201752,36.292078],[-96.201834,36.286034],[-96.202387,36.284333],[-96.20712,36.283511],[-96.208544,36.27785],[-96.210589,36.274489],[-96.211063,36.270537],[-96.213491,36.26611],[-96.216004,36.265241],[-96.217952,36.263732],[-96.219895,36.257998],[-96.219548,36.255569],[-96.220105,36.254046],[-96.225386,36.251478],[-96.225786,36.250241],[-96.225647,36.249666],[-96.220225,36.243057],[-96.22252,36.244139],[-96.225662,36.243835],[-96.22907,36.242765],[-96.234059,36.243775],[-96.239063,36.242201],[-96.239961,36.239519],[-96.242158,36.236889],[-96.24454,36.23574],[-96.24628,36.233494],[-96.246296,36.230275],[-96.245294,36.228493],[-96.245689,36.226522],[-96.246762,36.225875],[-96.250547,36.230974],[-96.250588,36.221518],[-96.250288,36.219981],[-96.246344,36.214681],[-96.244607,36.210809],[-96.242823,36.204729],[-96.243047,36.200241],[-96.243967,36.196965],[-96.245583,36.194141],[-96.247559,36.191549],[-96.250287,36.189185],[-96.257727,36.183661],[-96.263511,36.180292],[-96.264787,36.17918],[-96.269439,36.173096],[-96.270207,36.167624],[-96.268287,36.16198],[-96.297888,36.162279]]]}},{"type":"Feature","properties":{"zcta5":"74127","AFFGEOID10":"8600000US74127","GEOID10":"74127","ALAND10":63088575,"AWATER10":2975796,"county_name":"Tulsa","state_code":"OK","county_state":"Tulsa County, OK","county_fips":"40143","risk_level_county":"Higher Risk (60–69% vaccinated)","mean_vaccination_rate_county":63.78,"risk_level_zcta":"Very High Risk (<60% vaccinated)","mean_vaccination_rate_zips":59.27,"cases":17},"geometry":{"type":"Polygon","coordinates":[[[-96.090588,36.216248],[-96.091315,36.216243],[-96.090826,36.164599],[-96.090796,36.161084],[-96.082939,36.160951],[-96.083659,36.160742],[-96.083389,36.1581],[-96.083595,36.153452],[-96.083478,36.133789],[-96.083378,36.130889],[-96.078078,36.132689],[-96.069178,36.136389],[-96.052677,36.13899],[-96.05192,36.138968],[-96.050817,36.138938],[-96.048301,36.140104],[-96.04106,36.140772],[-96.026176,36.145191],[-96.020476,36.145891],[-96.011375,36.145892],[-96.006775,36.143892],[-96.005677,36.143033],[-96.000826,36.140049],[-95.992178,36.131829],[-95.990272,36.132803],[-95.993201,36.136798],[-95.997182,36.140668],[-95.996043,36.140616],[-95.995932,36.144978],[-95.994677,36.145245],[-95.997987,36.145458],[-95.998068,36.147911],[-95.999359,36.150519],[-95.998666,36.151933],[-96.000252,36.154851],[-96.00154,36.154883],[-96.001698,36.156083],[-95.999036,36.160521],[-95.997883,36.160992],[-96.001055,36.161294],[-96.002632,36.161313],[-96.002041,36.164573],[-96.002974,36.172684],[-96.001907,36.173188],[-96.001192,36.173318],[-96.001375,36.174892],[-96.001208,36.197187],[-96.001377,36.20529],[-96.00137,36.205917],[-96.003029,36.205952],[-96.005967,36.205437],[-96.007192,36.20538],[-96.009793,36.205379],[-96.010815,36.206842],[-96.010797,36.210623],[-96.011426,36.215449],[-96.012415,36.216261],[-96.019762,36.216285],[-96.019773,36.229789],[-96.020672,36.230686],[-96.028952,36.230603],[-96.032521,36.232037],[-96.035613,36.232239],[-96.036431,36.234112],[-96.039028,36.234097],[-96.042627,36.233505],[-96.046117,36.233692],[-96.050908,36.232713],[-96.054962,36.234575],[-96.052883,36.229759],[-96.051519,36.227683],[-96.049114,36.225845],[-96.040247,36.2212],[-96.038066,36.219009],[-96.037599,36.21764],[-96.037172,36.208906],[-96.03718,36.201868],[-96.043339,36.202065],[-96.050039,36.198963],[-96.0533,36.198259],[-96.054709,36.201647],[-96.054718,36.204833],[-96.072471,36.211283],[-96.07248,36.21622],[-96.086755,36.216116],[-96.090588,36.216248]]]}},{"type":"Feature","properties":{"zcta5":"74136","AFFGEOID10":"8600000US74136","GEOID10":"74136","ALAND10":20925285,"AWATER10":1070202,"county_name":"Tulsa","state_code":"OK","county_state":"Tulsa County, OK","county_fips":"40143","risk_level_county":"Higher Risk (60–69% vaccinated)","mean_vaccination_rate_county":63.78,"risk_level_zcta":"Higher Risk (60–69% vaccinated)","mean_vaccination_rate_zips":69.4,"cases":17},"geometry":{"type":"Polygon","coordinates":[[[-95.940123,36.075327],[-95.943185,36.077164],[-95.948898,36.076934],[-95.950697,36.075296],[-95.955592,36.075289],[-95.956114,36.075993],[-95.954759,36.078004],[-95.956884,36.076094],[-95.959135,36.076274],[-95.959977,36.075282],[-95.972306,36.07534],[-95.975175,36.076959],[-95.975175,36.075328],[-95.973915,36.07523],[-95.984473,36.075294],[-95.986073,36.075194],[-95.978691,36.06001],[-95.976272,36.050094],[-95.975772,36.047995],[-95.974472,36.046295],[-95.967172,36.046295],[-95.965355,36.046616],[-95.964105,36.046382],[-95.908609,36.046423],[-95.906669,36.046946],[-95.906643,36.049578],[-95.904228,36.049563],[-95.90433,36.075388],[-95.906799,36.075347],[-95.908588,36.075371],[-95.940123,36.075327]]]}},{"type":"Feature","properties":{"zcta5":"74104","AFFGEOID10":"8600000US74104","GEOID10":"74104","ALAND10":7050570,"AWATER10":0,"county_name":"Tulsa","state_code":"OK","county_state":"Tulsa County, OK","county_fips":"40143","risk_level_county":"Higher Risk (60–69% vaccinated)","mean_vaccination_rate_county":63.78,"risk_level_zcta":"Medium Risk (70–79% vaccinated)","mean_vaccination_rate_zips":72.46,"cases":17},"geometry":{"type":"Polygon","coordinates":[[[-95.967094,36.158626],[-95.967088,36.155084],[-95.967971,36.15506],[-95.967096,36.154134],[-95.967105,36.140576],[-95.968333,36.140609],[-95.968262,36.138082],[-95.967108,36.138042],[-95.967211,36.135039],[-95.970417,36.135049],[-95.970412,36.133364],[-95.955964,36.13325],[-95.956021,36.134203],[-95.950909,36.134195],[-95.950494,36.135109],[-95.949087,36.133278],[-95.940354,36.133284],[-95.940329,36.142358],[-95.941486,36.142378],[-95.941492,36.144186],[-95.940378,36.144185],[-95.940347,36.152737],[-95.94145,36.152762],[-95.941561,36.154679],[-95.940317,36.154693],[-95.94033,36.159359],[-95.948144,36.160214],[-95.949239,36.159789],[-95.963403,36.15991],[-95.967094,36.158626]]]}},{"type":"Feature","properties":{"zcta5":"74021","AFFGEOID10":"8600000US74021","GEOID10":"74021","ALAND10":178402182,"AWATER10":743788,"county_name":"Tulsa","state_code":"OK","county_state":"Tulsa County, OK","county_fips":"40143","risk_level_county":"Higher Risk (60–69% vaccinated)","mean_vaccination_rate_county":63.78,"risk_level_zcta":"Higher Risk (60–69% vaccinated)","mean_vaccination_rate_zips":69.31,"cases":17},"geometry":{"type":"Polygon","coordinates":[[[-95.92032,36.424227],[-95.920323,36.423703],[-95.920636,36.423702],[-95.920835,36.365685],[-95.918794,36.365682],[-95.919741,36.362701],[-95.919594,36.336603],[-95.920113,36.3366],[-95.920007,36.322193],[-95.902086,36.322085],[-95.884601,36.322046],[-95.884514,36.322046],[-95.8122,36.32205],[-95.776506,36.321872],[-95.776126,36.321869],[-95.772048,36.32186],[-95.7584,36.32186],[-95.74809,36.32193],[-95.74805,36.3292],[-95.74814,36.336538],[-95.74817,36.33693],[-95.74817,36.338278],[-95.75299,36.339842],[-95.752407,36.34725],[-95.754314,36.347218],[-95.758408,36.358809],[-95.739532,36.378448],[-95.744065,36.379099],[-95.745935,36.381197],[-95.749797,36.382025],[-95.752595,36.377717],[-95.756541,36.374515],[-95.757681,36.373128],[-95.760149,36.372781],[-95.761498,36.371647],[-95.762279,36.368015],[-95.763241,36.367573],[-95.767857,36.368449],[-95.770532,36.369603],[-95.772207,36.369809],[-95.774277,36.368523],[-95.773276,36.365697],[-95.769669,36.367209],[-95.768187,36.367422],[-95.76647,36.366394],[-95.766201,36.365288],[-95.767775,36.361673],[-95.770428,36.359405],[-95.77155,36.360077],[-95.772546,36.362224],[-95.776136,36.360635],[-95.777683,36.360948],[-95.77776,36.3643],[-95.778709,36.365506],[-95.781599,36.367687],[-95.782479,36.36914],[-95.785688,36.368364],[-95.786993,36.368539],[-95.788014,36.370789],[-95.785292,36.371445],[-95.783955,36.372513],[-95.784217,36.373461],[-95.786299,36.375119],[-95.784453,36.378067],[-95.784097,36.379378],[-95.784689,36.38057],[-95.786211,36.380952],[-95.789105,36.377941],[-95.790821,36.378133],[-95.794178,36.380527],[-95.799177,36.3814],[-95.801522,36.38146],[-95.802082,36.383207],[-95.8003,36.385487],[-95.800244,36.386927],[-95.801148,36.387646],[-95.803687,36.388081],[-95.804874,36.388907],[-95.805856,36.39113],[-95.810034,36.393483],[-95.810895,36.39435],[-95.79425,36.394456],[-95.79437,36.42358],[-95.81268,36.42356],[-95.812272,36.432807],[-95.81231,36.443733],[-95.81416,36.446773],[-95.815925,36.447884],[-95.817526,36.448212],[-95.823366,36.447957],[-95.827709,36.446593],[-95.832051,36.446696],[-95.833725,36.445368],[-95.835345,36.445366],[-95.836051,36.446671],[-95.838273,36.448428],[-95.838356,36.45054],[-95.835641,36.451787],[-95.835479,36.453812],[-95.836303,36.454768],[-95.841063,36.457401],[-95.844115,36.458364],[-95.843778,36.459517],[-95.840998,36.461916],[-95.839837,36.464336],[-95.842424,36.465613],[-95.845227,36.463697],[-95.846791,36.464134],[-95.847811,36.465513],[-95.850777,36.46794],[-95.852215,36.46725],[-95.85176,36.463616],[-95.853533,36.462094],[-95.855535,36.462011],[-95.857201,36.463246],[-95.857396,36.466644],[-95.858476,36.468306],[-95.858507,36.469623],[-95.857278,36.47054],[-95.857472,36.473689],[-95.859309,36.474544],[-95.861491,36.474011],[-95.86007,36.475104],[-95.861451,36.475065],[-95.861261,36.476229],[-95.859535,36.476807],[-95.861133,36.477679],[-95.860304,36.478882],[-95.859277,36.478152],[-95.857617,36.479674],[-95.857864,36.480613],[-95.856033,36.481561],[-95.884216,36.481589],[-95.884223,36.47178],[-95.883685,36.470038],[-95.881923,36.467187],[-95.883798,36.467191],[-95.878769,36.452739],[-95.879758,36.452729],[-95.879709,36.449278],[-95.877988,36.449327],[-95.87798,36.448456],[-95.879717,36.448425],[-95.880861,36.447561],[-95.881998,36.449273],[-95.88422,36.449251],[-95.884229,36.451702],[-95.884697,36.451834],[-95.884208,36.44546],[-95.884188,36.438214],[-95.904817,36.438228],[-95.90466,36.431936],[-95.90711,36.431439],[-95.909664,36.428969],[-95.909829,36.425673],[-95.907719,36.424159],[-95.92032,36.424227]]]}},{"type":"Feature","properties":{"zcta5":"74055","AFFGEOID10":"8600000US74055","GEOID10":"74055","ALAND10":132279967,"AWATER10":322701,"county_name":"Tulsa","state_code":"OK","county_state":"Tulsa County, OK","county_fips":"40143","risk_level_county":"Higher Risk (60–69% vaccinated)","mean_vaccination_rate_county":63.78,"risk_level_zcta":"Medium Risk (70–79% vaccinated)","mean_vaccination_rate_zips":74.84,"cases":17},"geometry":{"type":"Polygon","coordinates":[[[-95.902086,36.322085],[-95.902002,36.283618],[-95.919829,36.282981],[-95.919789,36.278605],[-95.902617,36.278599],[-95.902561,36.264038],[-95.902197,36.263251],[-95.888304,36.263297],[-95.888304,36.264045],[-95.883988,36.264045],[-95.869075,36.264082],[-95.869588,36.263395],[-95.868325,36.260325],[-95.871463,36.256952],[-95.870968,36.254552],[-95.869929,36.255928],[-95.868674,36.255623],[-95.869554,36.254156],[-95.866411,36.253549],[-95.865942,36.251171],[-95.867377,36.248212],[-95.864701,36.248085],[-95.863183,36.248968],[-95.858167,36.249094],[-95.856967,36.247594],[-95.854267,36.246194],[-95.853467,36.239394],[-95.852667,36.238794],[-95.848229,36.239049],[-95.849306,36.235816],[-95.849256,36.232781],[-95.851363,36.22589],[-95.851685,36.223788],[-95.851836,36.220467],[-95.847744,36.220514],[-95.833218,36.220252],[-95.827636,36.221007],[-95.81527,36.22445],[-95.815231,36.228168],[-95.81118,36.226822],[-95.809903,36.225997],[-95.766367,36.232133],[-95.766177,36.234872],[-95.76004,36.23516],[-95.76002,36.23251],[-95.75902,36.23276],[-95.75903,36.23548],[-95.75841,36.23715],[-95.75495,36.24244],[-95.74731,36.24864],[-95.74557,36.249397],[-95.742834,36.24952],[-95.74246,36.25504],[-95.74061,36.25666],[-95.7402,36.25784],[-95.74189,36.26039],[-95.74215,36.26174],[-95.74427,36.2635],[-95.745091,36.265241],[-95.744586,36.265895],[-95.745607,36.269019],[-95.744,36.269569],[-95.748261,36.271127],[-95.74633,36.274115],[-95.74785,36.274477],[-95.749899,36.277208],[-95.749895,36.279433],[-95.74021,36.27921],[-95.740504,36.282141],[-95.74007,36.2931],[-95.73429,36.29297],[-95.731412,36.293309],[-95.731533,36.30491],[-95.735584,36.304931],[-95.735615,36.30748],[-95.74033,36.30748],[-95.7584,36.30736],[-95.7584,36.32186],[-95.772048,36.32186],[-95.776126,36.321869],[-95.776506,36.321872],[-95.8122,36.32205],[-95.884514,36.322046],[-95.884601,36.322046],[-95.902086,36.322085]]]}},{"type":"Feature","properties":{"zcta5":"74120","AFFGEOID10":"8600000US74120","GEOID10":"74120","ALAND10":5526567,"AWATER10":4742,"county_name":"Tulsa","state_code":"OK","county_state":"Tulsa County, OK","county_fips":"40143","risk_level_county":"Higher Risk (60–69% vaccinated)","mean_vaccination_rate_county":63.78,"risk_level_zcta":"Medium Risk (70–79% vaccinated)","mean_vaccination_rate_zips":70.4,"cases":17},"geometry":{"type":"Polygon","coordinates":[[[-95.967113,36.164489],[-95.975639,36.16424],[-95.97563,36.163332],[-95.978049,36.163346],[-95.97801,36.164254],[-95.979985,36.16426],[-95.980533,36.16241],[-95.980685,36.162426],[-95.981048,36.159819],[-95.983937,36.160573],[-95.984691,36.162644],[-95.984289,36.167163],[-95.98585,36.164624],[-95.987984,36.164058],[-95.993533,36.164259],[-95.99346,36.163464],[-95.992861,36.162213],[-95.99161,36.162345],[-95.987018,36.153653],[-95.987723,36.152294],[-95.985993,36.151754],[-95.984511,36.148856],[-95.985648,36.148473],[-95.983675,36.144261],[-95.980613,36.143404],[-95.983148,36.142369],[-95.982509,36.140245],[-95.983341,36.137048],[-95.98157,36.137954],[-95.981772,36.13418],[-95.981805,36.133344],[-95.975642,36.133826],[-95.970412,36.133364],[-95.970417,36.135049],[-95.967211,36.135039],[-95.967108,36.138042],[-95.968262,36.138082],[-95.968333,36.140609],[-95.967105,36.140576],[-95.967096,36.154134],[-95.967971,36.15506],[-95.967088,36.155084],[-95.967094,36.158626],[-95.967101,36.159239],[-95.967113,36.164489]]]}},{"type":"Feature","properties":{"zcta5":"74107","AFFGEOID10":"8600000US74107","GEOID10":"74107","ALAND10":66624121,"AWATER10":3231419,"county_name":"Tulsa","state_code":"OK","county_state":"Tulsa County, OK","county_fips":"40143","risk_level_county":"Higher Risk (60–69% vaccinated)","mean_vaccination_rate_county":63.78,"risk_level_zcta":"Very High Risk (<60% vaccinated)","mean_vaccination_rate_zips":58.14,"cases":17},"geometry":{"type":"Polygon","coordinates":[[[-96.083378,36.130889],[-96.088246,36.128777],[-96.092479,36.128092],[-96.095391,36.126772],[-96.098779,36.127396],[-96.100908,36.126455],[-96.101283,36.122977],[-96.100756,36.119105],[-96.101065,36.104618],[-96.097046,36.104693],[-96.080822,36.104576],[-96.07872,36.104533],[-96.077627,36.104551],[-96.076208,36.104514],[-96.074237,36.104595],[-96.074248,36.104306],[-96.076454,36.104407],[-96.076501,36.10096],[-96.077608,36.102781],[-96.079681,36.101882],[-96.078756,36.104271],[-96.080846,36.104261],[-96.083212,36.1037],[-96.083222,36.101684],[-96.088697,36.101696],[-96.096749,36.101102],[-96.096768,36.097403],[-96.101031,36.097415],[-96.101049,36.078494],[-96.101073,36.075571],[-96.096769,36.075534],[-96.092143,36.075523],[-96.092163,36.07783],[-96.087755,36.075963],[-96.083869,36.076406],[-96.083246,36.07557],[-96.081191,36.07546],[-96.080013,36.075587],[-96.078815,36.075553],[-96.07658,36.075553],[-96.07581,36.075515],[-96.068662,36.075535],[-96.068778,36.077889],[-96.066552,36.07802],[-96.066549,36.076424],[-96.067686,36.076414],[-96.067691,36.075501],[-96.063201,36.075496],[-96.057583,36.075469],[-96.044624,36.075445],[-96.029583,36.075366],[-96.005958,36.075319],[-96.00021,36.075139],[-95.986073,36.075194],[-95.987955,36.089953],[-95.985873,36.104293],[-95.986974,36.118993],[-95.987401,36.121198],[-95.992178,36.131829],[-96.000826,36.140049],[-96.005677,36.143033],[-96.006775,36.143892],[-96.011375,36.145892],[-96.020476,36.145891],[-96.026176,36.145191],[-96.04106,36.140772],[-96.048301,36.140104],[-96.050817,36.138938],[-96.05192,36.138968],[-96.052677,36.13899],[-96.069178,36.136389],[-96.078078,36.132689],[-96.083378,36.130889]]]}},{"type":"Feature","properties":{"zcta5":"74126","AFFGEOID10":"8600000US74126","GEOID10":"74126","ALAND10":62064666,"AWATER10":226804,"county_name":"Tulsa","state_code":"OK","county_state":"Tulsa County, OK","county_fips":"40143","risk_level_county":"Higher Risk (60–69% vaccinated)","mean_vaccination_rate_county":63.78,"risk_level_zcta":"Very High Risk (<60% vaccinated)","mean_vaccination_rate_zips":55.46,"cases":17},"geometry":{"type":"Polygon","coordinates":[[[-96.103162,36.256022],[-96.10299,36.244791],[-96.09901,36.244629],[-96.099222,36.24141],[-96.095399,36.24115],[-96.094115,36.239216],[-96.094235,36.238093],[-96.091117,36.235343],[-96.090544,36.233031],[-96.090588,36.216248],[-96.086755,36.216116],[-96.07248,36.21622],[-96.072471,36.211283],[-96.054718,36.204833],[-96.054709,36.201647],[-96.0533,36.198259],[-96.050039,36.198963],[-96.043339,36.202065],[-96.03718,36.201868],[-96.037172,36.208906],[-96.037599,36.21764],[-96.038066,36.219009],[-96.040247,36.2212],[-96.049114,36.225845],[-96.051519,36.227683],[-96.052883,36.229759],[-96.054962,36.234575],[-96.050908,36.232713],[-96.046117,36.233692],[-96.042627,36.233505],[-96.039028,36.234097],[-96.036431,36.234112],[-96.035613,36.232239],[-96.032521,36.232037],[-96.028952,36.230603],[-96.020672,36.230686],[-96.019773,36.229789],[-96.019762,36.216285],[-96.012415,36.216261],[-96.011426,36.215449],[-96.010797,36.210623],[-96.010815,36.206842],[-96.009793,36.205379],[-96.007192,36.20538],[-96.005967,36.205437],[-96.003029,36.205952],[-96.00137,36.205917],[-96.001418,36.220637],[-96.000754,36.22051],[-95.987871,36.220487],[-95.987868,36.219483],[-95.985705,36.21947],[-95.984542,36.219497],[-95.984527,36.22047],[-95.96934,36.220575],[-95.966064,36.220583],[-95.966105,36.224194],[-95.965004,36.224207],[-95.965035,36.226991],[-95.966706,36.226949],[-95.967298,36.228254],[-95.967366,36.240317],[-95.966998,36.242292],[-95.973485,36.24185],[-95.973079,36.245909],[-95.96736,36.246],[-95.967423,36.249572],[-95.964713,36.249712],[-95.964737,36.256776],[-95.964737,36.260401],[-95.966726,36.260412],[-95.966706,36.26131],[-95.966491,36.262232],[-95.964749,36.262207],[-95.964719,36.263373],[-95.969111,36.26336],[-95.96912,36.264007],[-95.976903,36.264059],[-95.991565,36.263987],[-95.991889,36.266907],[-95.993236,36.267871],[-95.992867,36.269527],[-95.992889,36.275408],[-95.992206,36.276811],[-95.993417,36.278091],[-95.99565,36.27801],[-95.997965,36.278406],[-96.001382,36.27937],[-96.004226,36.279247],[-96.00559,36.277875],[-96.007089,36.277628],[-96.007849,36.275877],[-96.008269,36.277426],[-96.009374,36.277646],[-96.010107,36.276169],[-96.011863,36.276988],[-96.011654,36.27555],[-96.014638,36.275199],[-96.013744,36.273343],[-96.015351,36.273234],[-96.015513,36.274777],[-96.017229,36.27436],[-96.017135,36.273064],[-96.019372,36.274542],[-96.020159,36.273433],[-96.02313,36.273001],[-96.023328,36.270596],[-96.025131,36.270168],[-96.025097,36.272211],[-96.027504,36.272272],[-96.028046,36.273442],[-96.029619,36.273277],[-96.0292,36.271191],[-96.031553,36.272406],[-96.031782,36.263753],[-96.032735,36.261889],[-96.03441,36.260398],[-96.036099,36.259965],[-96.040098,36.262288],[-96.0405,36.260096],[-96.042507,36.259454],[-96.04461,36.257466],[-96.04802,36.258054],[-96.050529,36.255957],[-96.051932,36.256611],[-96.052949,36.258851],[-96.055715,36.258785],[-96.057966,36.259488],[-96.059072,36.25777],[-96.060889,36.25766],[-96.061736,36.258456],[-96.059553,36.260762],[-96.06061,36.261998],[-96.060149,36.26292],[-96.06219,36.263129],[-96.062421,36.264244],[-96.065235,36.265046],[-96.066869,36.264612],[-96.066401,36.263008],[-96.067524,36.261973],[-96.069981,36.265743],[-96.070883,36.265902],[-96.07169,36.265528],[-96.070842,36.26169],[-96.074965,36.262415],[-96.074734,36.258933],[-96.076768,36.258796],[-96.077398,36.257028],[-96.0795,36.258263],[-96.083819,36.25986],[-96.086111,36.259695],[-96.086036,36.258602],[-96.082734,36.25768],[-96.082544,36.257038],[-96.086565,36.257207],[-96.088707,36.256163],[-96.089372,36.256669],[-96.093487,36.255937],[-96.093663,36.254614],[-96.095188,36.254064],[-96.095099,36.252757],[-96.0964,36.251933],[-96.096997,36.252702],[-96.099973,36.252053],[-96.09893,36.253223],[-96.101555,36.255342],[-96.103162,36.256022]]]}},{"type":"Feature","properties":{"zcta5":"74130","AFFGEOID10":"8600000US74130","GEOID10":"74130","ALAND10":10505749,"AWATER10":37440,"county_name":"Tulsa","state_code":"OK","county_state":"Tulsa County, OK","county_fips":"40143","risk_level_county":"Higher Risk (60–69% vaccinated)","mean_vaccination_rate_county":63.78,"risk_level_zcta":"Lowest Risk (85%+)","mean_vaccination_rate_zips":89.15,"cases":17},"geometry":{"type":"Polygon","coordinates":[[[-95.964719,36.263373],[-95.964749,36.262207],[-95.966491,36.262232],[-95.966706,36.26131],[-95.966726,36.260412],[-95.964737,36.260401],[-95.964737,36.256776],[-95.964713,36.249712],[-95.967423,36.249572],[-95.96736,36.246],[-95.973079,36.245909],[-95.973485,36.24185],[-95.966998,36.242292],[-95.967366,36.240317],[-95.967298,36.228254],[-95.966706,36.226949],[-95.965035,36.226991],[-95.965004,36.224207],[-95.966105,36.224194],[-95.966064,36.220583],[-95.96934,36.220575],[-95.969326,36.213855],[-95.966664,36.212915],[-95.965101,36.214871],[-95.962037,36.219028],[-95.95827,36.220429],[-95.952673,36.220592],[-95.951073,36.219092],[-95.949073,36.221392],[-95.949273,36.223192],[-95.947573,36.223292],[-95.945275,36.225061],[-95.945228,36.235174],[-95.944891,36.238268],[-95.943735,36.240213],[-95.942842,36.241205],[-95.932358,36.249548],[-95.936872,36.249574],[-95.942773,36.249553],[-95.941798,36.251086],[-95.937877,36.250404],[-95.93759,36.25166],[-95.939675,36.25428],[-95.940382,36.256683],[-95.943117,36.257396],[-95.945375,36.259008],[-95.946216,36.261489],[-95.944686,36.263969],[-95.946465,36.264574],[-95.947708,36.262512],[-95.949104,36.264683],[-95.950483,36.263407],[-95.951767,36.26347],[-95.952864,36.261991],[-95.954163,36.262154],[-95.955075,36.260487],[-95.956373,36.262291],[-95.963493,36.263141],[-95.964701,36.264044],[-95.964719,36.263373]]]}},{"type":"Feature","properties":{"zcta5":"74110","AFFGEOID10":"8600000US74110","GEOID10":"74110","ALAND10":15329016,"AWATER10":6436,"county_name":"Tulsa","state_code":"OK","county_state":"Tulsa County, OK","county_fips":"40143","risk_level_county":"Higher Risk (60–69% vaccinated)","mean_vaccination_rate_county":63.78,"risk_level_zcta":"Very High Risk (<60% vaccinated)","mean_vaccination_rate_zips":50.78,"cases":17},"geometry":{"type":"Polygon","coordinates":[[[-95.965101,36.214871],[-95.963169,36.214601],[-95.961272,36.213293],[-95.964457,36.211216],[-95.962649,36.209726],[-95.965836,36.209546],[-95.968023,36.207464],[-95.969018,36.206071],[-95.958253,36.20614],[-95.958204,36.204778],[-95.967131,36.20096],[-95.967279,36.198896],[-95.969026,36.198862],[-95.970098,36.197429],[-95.967826,36.195625],[-95.968883,36.195422],[-95.968565,36.192557],[-95.966884,36.189934],[-95.967339,36.188929],[-95.96771,36.181132],[-95.969268,36.180089],[-95.971113,36.180019],[-95.9711,36.17908],[-95.975601,36.178905],[-95.975556,36.176926],[-95.973244,36.177017],[-95.965963,36.181815],[-95.967052,36.180391],[-95.967113,36.164489],[-95.967101,36.159239],[-95.967094,36.158626],[-95.963403,36.15991],[-95.949239,36.159789],[-95.948144,36.160214],[-95.94033,36.159359],[-95.940324,36.159589],[-95.940302,36.160786],[-95.940338,36.16625],[-95.940946,36.168788],[-95.940324,36.169886],[-95.940296,36.172528],[-95.945314,36.172669],[-95.940329,36.174403],[-95.940371,36.1952],[-95.941755,36.195231],[-95.941415,36.201182],[-95.940333,36.202223],[-95.940333,36.204327],[-95.944746,36.204318],[-95.944754,36.206062],[-95.941479,36.206131],[-95.94033,36.206104],[-95.940402,36.209755],[-95.94145,36.212494],[-95.943719,36.211344],[-95.94478,36.213445],[-95.944299,36.218638],[-95.945038,36.225081],[-95.945275,36.225061],[-95.947573,36.223292],[-95.949273,36.223192],[-95.949073,36.221392],[-95.951073,36.219092],[-95.952673,36.220592],[-95.95827,36.220429],[-95.962037,36.219028],[-95.965101,36.214871]]]}},{"type":"Feature","properties":{"zcta5":"74008","AFFGEOID10":"8600000US74008","GEOID10":"74008","ALAND10":205097513,"AWATER10":8356318,"county_name":"Tulsa","state_code":"OK","county_state":"Tulsa County, OK","county_fips":"40143","risk_level_county":"Higher Risk (60–69% vaccinated)","mean_vaccination_rate_county":63.78,"risk_level_zcta":"Medium Risk (70–79% vaccinated)","mean_vaccination_rate_zips":70.84,"cases":17},"geometry":{"type":"Polygon","coordinates":[[[-95.98765,35.969712],[-95.987658,35.96818],[-95.991703,35.967627],[-95.986164,35.96691],[-95.985444,35.963393],[-95.985423,35.959153],[-95.984174,35.959203],[-95.976538,35.959218],[-95.975935,35.959244],[-95.975961,35.944707],[-95.984981,35.944819],[-95.993877,35.944416],[-95.993844,35.930152],[-95.975964,35.930169],[-95.976152,35.921318],[-95.975982,35.91565],[-95.940212,35.915603],[-95.940298,35.901105],[-95.961731,35.901129],[-95.961804,35.885769],[-95.943942,35.885605],[-95.944053,35.871125],[-95.926211,35.87101],[-95.926145,35.885627],[-95.908343,35.885385],[-95.890455,35.88538],[-95.890542,35.874762],[-95.889629,35.873269],[-95.890531,35.870845],[-95.89054,35.856335],[-95.883973,35.856494],[-95.872761,35.856313],[-95.865675,35.8561],[-95.819964,35.8559],[-95.81984,35.863816],[-95.810766,35.863767],[-95.810707,35.871075],[-95.762228,35.871045],[-95.762233,35.884984],[-95.762349,35.900814],[-95.761687,35.900811],[-95.76147,35.915313],[-95.761463,35.918],[-95.762863,35.918184],[-95.764439,35.919728],[-95.765495,35.922176],[-95.767479,35.925124],[-95.770055,35.933396],[-95.772063,35.9376],[-95.770871,35.941184],[-95.770551,35.943616],[-95.770903,35.945916],[-95.774279,35.947936],[-95.779079,35.952452],[-95.787671,35.957032],[-95.78984,35.958692],[-95.79116,35.960452],[-95.794128,35.962924],[-95.795912,35.962792],[-95.799056,35.960004],[-95.80072,35.959296],[-95.80288,35.959116],[-95.807952,35.959579],[-95.815097,35.959647],[-95.816465,35.959467],[-95.818416,35.955256],[-95.820572,35.952471],[-95.821466,35.950518],[-95.822605,35.949601],[-95.829668,35.938836],[-95.8304,35.938126],[-95.831337,35.934875],[-95.833028,35.930919],[-95.834441,35.929019],[-95.835817,35.928375],[-95.83753,35.928647],[-95.842882,35.930747],[-95.847946,35.932267],[-95.851394,35.932533],[-95.851401,35.940597],[-95.851166,35.944099],[-95.851166,35.966099],[-95.851275,35.973819],[-95.85126,35.988324],[-95.850886,35.992064],[-95.8521,35.996101],[-95.851055,35.999106],[-95.850961,36.002841],[-95.851935,36.002771],[-95.868562,36.002861],[-95.881001,36.002844],[-95.882442,36.005693],[-95.883062,36.0029],[-95.886637,36.002805],[-95.904335,36.002804],[-95.904372,35.993768],[-95.907199,35.993152],[-95.906009,35.992075],[-95.904395,35.991983],[-95.904445,35.98829],[-95.922254,35.98836],[-95.922267,35.991101],[-95.924457,35.991107],[-95.924457,35.991922],[-95.92672,35.991923],[-95.926678,35.988353],[-95.929498,35.98832],[-95.931052,35.988313],[-95.940232,35.988269],[-95.940168,35.985365],[-95.934974,35.981081],[-95.934611,35.977483],[-95.94021,35.973994],[-95.94021,35.973784],[-95.951365,35.973845],[-95.952514,35.973807],[-95.95808,35.973818],[-95.97597,35.973744],[-95.979386,35.973712],[-95.979389,35.97358],[-95.976162,35.973586],[-95.976161,35.966085],[-95.981831,35.966077],[-95.984872,35.966478],[-95.98487,35.968297],[-95.9871,35.968334],[-95.98765,35.969712]],[[-95.978543,35.965681],[-95.975962,35.96569],[-95.97596,35.964401],[-95.978541,35.96439],[-95.978543,35.965681]]]}},{"type":"Feature","properties":{"zcta5":"74011","AFFGEOID10":"8600000US74011","GEOID10":"74011","ALAND10":61284052,"AWATER10":5117665,"county_name":"Tulsa","state_code":"OK","county_state":"Tulsa County, OK","county_fips":"40143","risk_level_county":"Higher Risk (60–69% vaccinated)","mean_vaccination_rate_county":63.78,"risk_level_zcta":"Medium Risk (70–79% vaccinated)","mean_vaccination_rate_zips":72.81,"cases":17},"geometry":{"type":"Polygon","coordinates":[[[-95.850972,36.017315],[-95.86853,36.017378],[-95.868562,36.002861],[-95.851935,36.002771],[-95.850961,36.002841],[-95.851055,35.999106],[-95.8521,35.996101],[-95.850886,35.992064],[-95.85126,35.988324],[-95.851275,35.973819],[-95.851166,35.966099],[-95.851166,35.944099],[-95.851401,35.940597],[-95.851394,35.932533],[-95.847946,35.932267],[-95.842882,35.930747],[-95.83753,35.928647],[-95.835817,35.928375],[-95.834441,35.929019],[-95.833028,35.930919],[-95.831337,35.934875],[-95.8304,35.938126],[-95.829668,35.938836],[-95.822605,35.949601],[-95.821466,35.950518],[-95.820572,35.952471],[-95.818416,35.955256],[-95.816465,35.959467],[-95.815097,35.959647],[-95.807952,35.959579],[-95.80288,35.959116],[-95.80072,35.959296],[-95.799056,35.960004],[-95.795912,35.962792],[-95.794128,35.962924],[-95.79116,35.960452],[-95.78984,35.958692],[-95.787671,35.957032],[-95.779079,35.952452],[-95.774279,35.947936],[-95.770903,35.945916],[-95.770551,35.943616],[-95.770871,35.941184],[-95.772063,35.9376],[-95.770055,35.933396],[-95.767479,35.925124],[-95.765495,35.922176],[-95.764439,35.919728],[-95.762863,35.918184],[-95.761463,35.918],[-95.761554,35.933297],[-95.761635,36.000166],[-95.76164,36.008759],[-95.76165,36.017439],[-95.762059,36.017484],[-95.815272,36.017407],[-95.818084,36.017481],[-95.819194,36.017445],[-95.833099,36.017401],[-95.850972,36.017315]]]}},{"type":"Feature","properties":{"zcta5":"74014","AFFGEOID10":"8600000US74014","GEOID10":"74014","ALAND10":272594140,"AWATER10":3861154,"county_name":"Tulsa","state_code":"OK","county_state":"Tulsa County, OK","county_fips":"40143","risk_level_county":"Higher Risk (60–69% vaccinated)","mean_vaccination_rate_county":63.78,"risk_level_zcta":"Medium Risk (70–79% vaccinated)","mean_vaccination_rate_zips":71.2,"cases":17},"geometry":{"type":"Polygon","coordinates":[[[-95.761664,36.133471],[-95.761641,36.118981],[-95.761667,36.10445],[-95.779571,36.104412],[-95.77965,36.090202],[-95.761656,36.090289],[-95.76172,36.085757],[-95.761652,36.075451],[-95.761629,36.031919],[-95.767345,36.031557],[-95.762062,36.031615],[-95.762062,36.029737],[-95.762605,36.028936],[-95.761753,36.0283],[-95.763351,36.028302],[-95.763335,36.027735],[-95.761631,36.027307],[-95.761646,36.023772],[-95.761647,36.021961],[-95.76165,36.017439],[-95.76164,36.008759],[-95.761635,36.000166],[-95.761554,35.933297],[-95.761463,35.918],[-95.76147,35.915313],[-95.759392,35.912852],[-95.756057,35.909862],[-95.752738,35.907623],[-95.742899,35.902736],[-95.737998,35.902335],[-95.731113,35.902699],[-95.726456,35.903206],[-95.725923,35.915464],[-95.731875,35.915514],[-95.733199,35.926285],[-95.734519,35.930049],[-95.743806,35.930085],[-95.74389,35.959123],[-95.726011,35.959107],[-95.726072,35.973636],[-95.708216,35.973715],[-95.708192,35.988274],[-95.690378,35.988211],[-95.690291,36.002736],[-95.672475,36.002803],[-95.672623,36.016964],[-95.671828,36.017169],[-95.658879,36.017105],[-95.654592,36.017201],[-95.654625,36.031434],[-95.6276,36.031713],[-95.622224,36.031534],[-95.620374,36.032568],[-95.618318,36.031717],[-95.617737,36.032569],[-95.6156,36.032658],[-95.615527,36.033916],[-95.613363,36.034537],[-95.612519,36.035554],[-95.612791,36.037602],[-95.609233,36.03723],[-95.608876,36.038351],[-95.606624,36.03861],[-95.60573,36.036765],[-95.602505,36.037958],[-95.602154,36.038886],[-95.600854,36.038103],[-95.600808,36.031007],[-95.547238,36.031171],[-95.546743,36.031373],[-95.546731,36.039098],[-95.538294,36.039316],[-95.538292,36.042498],[-95.536291,36.042908],[-95.536035,36.050003],[-95.529156,36.049961],[-95.529137,36.046083],[-95.523052,36.046062],[-95.523196,36.049741],[-95.528615,36.054834],[-95.530942,36.055983],[-95.535178,36.05719],[-95.537477,36.058188],[-95.542572,36.062475],[-95.545043,36.064209],[-95.547698,36.065432],[-95.551091,36.065793],[-95.55762,36.069452],[-95.562219,36.071444],[-95.567556,36.072826],[-95.571525,36.075282],[-95.577519,36.078433],[-95.579377,36.080316],[-95.579903,36.082991],[-95.578436,36.084091],[-95.576734,36.083765],[-95.574753,36.082464],[-95.570967,36.082242],[-95.564279,36.084583],[-95.562677,36.084263],[-95.558309,36.081986],[-95.556628,36.082447],[-95.553414,36.089971],[-95.552587,36.091486],[-95.558596,36.097019],[-95.561515,36.099176],[-95.568309,36.107401],[-95.570265,36.110725],[-95.570669,36.113764],[-95.570016,36.120284],[-95.567844,36.129378],[-95.568316,36.130125],[-95.571303,36.130226],[-95.573602,36.131267],[-95.576191,36.133565],[-95.580709,36.134349],[-95.587241,36.134079],[-95.589006,36.136221],[-95.591423,36.137067],[-95.592791,36.13705],[-95.593512,36.135706],[-95.592341,36.132319],[-95.593099,36.129668],[-95.594862,36.129431],[-95.604696,36.13346],[-95.606416,36.134989],[-95.609846,36.141207],[-95.610589,36.142193],[-95.616244,36.14662],[-95.617482,36.148472],[-95.617936,36.150331],[-95.618551,36.162508],[-95.619187,36.162529],[-95.620874,36.159509],[-95.623396,36.153168],[-95.624781,36.150489],[-95.625254,36.148298],[-95.627225,36.147574],[-95.628985,36.147983],[-95.636838,36.148097],[-95.636782,36.13338],[-95.644451,36.133337],[-95.645512,36.133623],[-95.645653,36.140498],[-95.654458,36.140594],[-95.65472,36.134428],[-95.655897,36.133303],[-95.662587,36.133282],[-95.662599,36.131558],[-95.663512,36.131558],[-95.663489,36.123592],[-95.662564,36.118787],[-95.720106,36.118948],[-95.726198,36.11895],[-95.726381,36.147945],[-95.740565,36.147977],[-95.740645,36.143686],[-95.748006,36.143933],[-95.747762,36.14802],[-95.75245,36.148009],[-95.761669,36.147971],[-95.761664,36.133471]]]}},{"type":"Feature","properties":{"zcta5":"74073","AFFGEOID10":"8600000US74073","GEOID10":"74073","ALAND10":121304989,"AWATER10":9084735,"county_name":"Tulsa","state_code":"OK","county_state":"Tulsa County, OK","county_fips":"40143","risk_level_county":"Higher Risk (60–69% vaccinated)","mean_vaccination_rate_county":63.78,"risk_level_zcta":"Higher Risk (60–69% vaccinated)","mean_vaccination_rate_zips":61.87,"cases":17},"geometry":{"type":"Polygon","coordinates":[[[-95.920113,36.3366],[-95.937637,36.336505],[-95.937648,36.322075],[-95.955841,36.322053],[-95.965271,36.321406],[-95.966111,36.320564],[-95.965247,36.319281],[-95.960787,36.317218],[-95.959835,36.315912],[-95.960592,36.313736],[-95.962813,36.312598],[-95.962859,36.31116],[-95.960553,36.30993],[-95.959457,36.307564],[-95.954108,36.307491],[-95.954143,36.305801],[-95.954408,36.304282],[-95.955932,36.304593],[-95.956576,36.303503],[-95.957044,36.304989],[-95.958672,36.304791],[-95.960625,36.303123],[-95.960625,36.302071],[-95.958384,36.300679],[-95.95496,36.300075],[-95.955528,36.297291],[-95.958025,36.294183],[-95.960665,36.293443],[-95.961665,36.293867],[-95.961905,36.295995],[-95.963361,36.296959],[-95.965937,36.296147],[-95.966173,36.294191],[-95.967487,36.295417],[-95.970948,36.295605],[-95.971536,36.296234],[-95.968757,36.298381],[-95.968829,36.29958],[-95.971652,36.300357],[-95.974031,36.303161],[-95.972595,36.304626],[-95.973226,36.306743],[-95.976933,36.307578],[-95.991428,36.307493],[-95.991548,36.315205],[-95.987597,36.314734],[-95.987604,36.315693],[-95.98974,36.316722],[-95.991537,36.31626],[-95.991423,36.321384],[-95.995814,36.321484],[-95.996402,36.323605],[-95.998752,36.322762],[-95.998503,36.319351],[-96.000919,36.319171],[-96.000777,36.322789],[-96.001561,36.323464],[-96.001555,36.323696],[-96.003554,36.322142],[-96.005562,36.322011],[-96.006064,36.322934],[-96.004624,36.324399],[-96.005512,36.326107],[-96.009571,36.32472],[-96.007498,36.328909],[-96.008576,36.329958],[-96.009926,36.330085],[-96.011834,36.328993],[-96.011266,36.326604],[-96.012162,36.326039],[-96.013709,36.32626],[-96.01632,36.327919],[-96.015809,36.330758],[-96.016507,36.332389],[-96.018964,36.332044],[-96.020622,36.329607],[-96.020963,36.326702],[-96.022083,36.326192],[-96.023758,36.328191],[-96.029151,36.331691],[-96.030182,36.331812],[-96.031534,36.329753],[-96.034343,36.329842],[-96.035138,36.328705],[-96.037228,36.328289],[-96.039847,36.329294],[-96.044108,36.330289],[-96.04425,36.332524],[-96.049455,36.33249],[-96.049382,36.318093],[-96.052746,36.318099],[-96.052539,36.322766],[-96.06613,36.335332],[-96.069808,36.335882],[-96.073195,36.341592],[-96.072028,36.342438],[-96.069652,36.342586],[-96.068953,36.344019],[-96.067711,36.344008],[-96.065179,36.34649],[-96.066397,36.346996],[-96.084425,36.346004],[-96.085267,36.348773],[-96.085189,36.35086],[-96.087458,36.351521],[-96.096189,36.352076],[-96.099171,36.353299],[-96.101827,36.35344],[-96.10452,36.355127],[-96.108168,36.358916],[-96.108464,36.361942],[-96.115258,36.361917],[-96.118598,36.349089],[-96.119843,36.333986],[-96.119976,36.328806],[-96.124782,36.325785],[-96.125538,36.316172],[-96.138424,36.316292],[-96.138247,36.311616],[-96.138702,36.303309],[-96.139951,36.30313],[-96.13939,36.302217],[-96.136721,36.302254],[-96.13546,36.301247],[-96.134872,36.30199],[-96.132142,36.300802],[-96.105129,36.300678],[-96.105047,36.289474],[-96.103142,36.288993],[-96.099136,36.289001],[-96.099184,36.284349],[-96.10292,36.284343],[-96.102935,36.280417],[-96.099224,36.280423],[-96.098605,36.278205],[-96.067524,36.278261],[-96.06754,36.267656],[-96.057642,36.267515],[-96.055047,36.266935],[-96.051733,36.26444],[-96.04915,36.263462],[-96.044452,36.263424],[-96.040098,36.262288],[-96.036099,36.259965],[-96.03441,36.260398],[-96.032735,36.261889],[-96.031782,36.263753],[-96.031553,36.272406],[-96.0292,36.271191],[-96.029619,36.273277],[-96.028046,36.273442],[-96.027504,36.272272],[-96.025097,36.272211],[-96.025131,36.270168],[-96.023328,36.270596],[-96.02313,36.273001],[-96.020159,36.273433],[-96.019372,36.274542],[-96.017135,36.273064],[-96.017229,36.27436],[-96.015513,36.274777],[-96.015351,36.273234],[-96.013744,36.273343],[-96.014638,36.275199],[-96.011654,36.27555],[-96.011863,36.276988],[-96.010107,36.276169],[-96.009374,36.277646],[-96.008269,36.277426],[-96.007849,36.275877],[-96.007089,36.277628],[-96.00559,36.277875],[-96.004226,36.279247],[-96.001382,36.27937],[-95.997965,36.278406],[-95.99565,36.27801],[-95.993417,36.278091],[-95.992206,36.276811],[-95.992889,36.275408],[-95.992867,36.269527],[-95.993236,36.267871],[-95.991889,36.266907],[-95.991565,36.263987],[-95.976903,36.264059],[-95.96912,36.264007],[-95.969111,36.26336],[-95.964719,36.263373],[-95.964701,36.264044],[-95.963493,36.263141],[-95.956373,36.262291],[-95.955075,36.260487],[-95.954163,36.262154],[-95.952864,36.261991],[-95.951767,36.26347],[-95.950483,36.263407],[-95.949104,36.264683],[-95.947708,36.262512],[-95.946465,36.264574],[-95.944686,36.263969],[-95.946216,36.261489],[-95.945375,36.259008],[-95.943117,36.257396],[-95.940382,36.256683],[-95.939675,36.25428],[-95.93759,36.25166],[-95.937877,36.250404],[-95.941798,36.251086],[-95.942773,36.249553],[-95.936872,36.249574],[-95.937529,36.264068],[-95.923765,36.264025],[-95.924163,36.259707],[-95.925624,36.255906],[-95.929655,36.251027],[-95.930141,36.249548],[-95.91989,36.249524],[-95.919946,36.264067],[-95.902561,36.264038],[-95.902617,36.278599],[-95.919789,36.278605],[-95.919829,36.282981],[-95.902002,36.283618],[-95.902086,36.322085],[-95.920007,36.322193],[-95.920113,36.3366]]]}},{"type":"Feature","properties":{"zcta5":"74047","AFFGEOID10":"8600000US74047","GEOID10":"74047","ALAND10":257506285,"AWATER10":1058229,"county_name":"Tulsa","state_code":"OK","county_state":"Tulsa County, OK","county_fips":"40143","risk_level_county":"Higher Risk (60–69% vaccinated)","mean_vaccination_rate_county":63.78,"risk_level_zcta":"Higher Risk (60–69% vaccinated)","mean_vaccination_rate_zips":63.94,"cases":17},"geometry":{"type":"Polygon","coordinates":[[[-96.159545,35.85718],[-96.192382,35.857048],[-96.192491,35.839417],[-96.147424,35.835928],[-96.146837,35.833979],[-96.144873,35.835709],[-96.138945,35.835091],[-96.139147,35.833464],[-96.141156,35.831568],[-96.1431,35.831021],[-96.147167,35.828507],[-96.147971,35.826221],[-96.146154,35.82221],[-96.142558,35.818505],[-96.139195,35.816863],[-96.137619,35.815018],[-96.134646,35.812879],[-96.132216,35.813433],[-96.121795,35.813454],[-96.121796,35.812748],[-96.113929,35.807025],[-96.108017,35.813462],[-96.068795,35.813467],[-96.068782,35.808503],[-96.066475,35.808778],[-96.064179,35.809818],[-96.065742,35.813444],[-96.024179,35.813344],[-96.02415,35.820716],[-96.019398,35.82065],[-96.017728,35.820965],[-96.015177,35.820373],[-96.015179,35.818984],[-96.008708,35.825044],[-96.007201,35.827846],[-95.970427,35.827821],[-95.971236,35.827403],[-95.970528,35.825871],[-95.971498,35.825201],[-95.971363,35.823696],[-95.974208,35.822767],[-95.974322,35.821736],[-95.976088,35.821674],[-95.977444,35.822936],[-95.97869,35.823027],[-95.979,35.820635],[-95.981002,35.819811],[-95.982154,35.818058],[-95.983496,35.818135],[-95.981755,35.815137],[-95.984131,35.815392],[-95.984082,35.813624],[-95.974799,35.813336],[-95.961994,35.813269],[-95.962039,35.811098],[-95.962922,35.808285],[-95.963747,35.807897],[-95.965288,35.804052],[-95.963967,35.801166],[-95.963994,35.798581],[-95.960745,35.798559],[-95.944913,35.797758],[-95.940277,35.794993],[-95.923239,35.796037],[-95.910424,35.800613],[-95.908883,35.799795],[-95.908523,35.801292],[-95.905821,35.802256],[-95.88356,35.795636],[-95.883614,35.794598],[-95.881121,35.794273],[-95.882523,35.793785],[-95.881681,35.79273],[-95.883535,35.792786],[-95.882504,35.791593],[-95.884184,35.789826],[-95.8826,35.789759],[-95.881691,35.78849],[-95.883127,35.787475],[-95.881516,35.787189],[-95.882927,35.784432],[-95.884799,35.786421],[-95.886121,35.785598],[-95.883668,35.784191],[-95.884249,35.783175],[-95.885118,35.782621],[-95.885811,35.784285],[-95.887066,35.783303],[-95.886312,35.782171],[-95.887491,35.781853],[-95.88785,35.779744],[-95.885545,35.778766],[-95.887163,35.778201],[-95.886625,35.777031],[-95.888,35.776191],[-95.888217,35.774539],[-95.88598,35.772989],[-95.886365,35.772094],[-95.887665,35.773451],[-95.887895,35.772232],[-95.889208,35.773347],[-95.890658,35.771546],[-95.890119,35.770283],[-95.891745,35.769382],[-95.87291,35.769291],[-95.872857,35.811724],[-95.873729,35.812632],[-95.875241,35.812741],[-95.861357,35.849203],[-95.860875,35.850067],[-95.864714,35.851533],[-95.868746,35.852064],[-95.870837,35.850711],[-95.872774,35.852281],[-95.872761,35.856313],[-95.883973,35.856494],[-95.89054,35.856335],[-95.890531,35.870845],[-95.889629,35.873269],[-95.890542,35.874762],[-95.890455,35.88538],[-95.908343,35.885385],[-95.926145,35.885627],[-95.926211,35.87101],[-95.944053,35.871125],[-95.943942,35.885605],[-95.961804,35.885769],[-95.961731,35.901129],[-95.940298,35.901105],[-95.940212,35.915603],[-95.975982,35.91565],[-96.011733,35.915629],[-96.011731,35.908924],[-96.011818,35.908922],[-96.011854,35.911567],[-96.014136,35.911608],[-96.015424,35.908423],[-96.015821,35.906045],[-96.015763,35.901101],[-96.018385,35.901107],[-96.018384,35.904582],[-96.021824,35.904582],[-96.021748,35.912009],[-96.029339,35.912015],[-96.029543,35.91563],[-96.040243,35.915638],[-96.040234,35.914929],[-96.047352,35.91564],[-96.061205,35.915638],[-96.06493,35.91564],[-96.06529,35.914808],[-96.107769,35.915057],[-96.108043,35.912073],[-96.106863,35.909199],[-96.105027,35.908322],[-96.106534,35.908325],[-96.103971,35.901955],[-96.103367,35.900892],[-96.10451,35.895696],[-96.10507,35.894597],[-96.106012,35.893384],[-96.139467,35.893351],[-96.139457,35.865515],[-96.139755,35.863153],[-96.139741,35.857269],[-96.159545,35.85718]]]}},{"type":"Feature","properties":{"zcta5":"74135","AFFGEOID10":"8600000US74135","GEOID10":"74135","ALAND10":15669914,"AWATER10":11390,"county_name":"Tulsa","state_code":"OK","county_state":"Tulsa County, OK","county_fips":"40143","risk_level_county":"Higher Risk (60–69% vaccinated)","mean_vaccination_rate_county":63.78,"risk_level_zcta":"Medium Risk (70–79% vaccinated)","mean_vaccination_rate_zips":72.02,"cases":17},"geometry":{"type":"Polygon","coordinates":[[[-95.940271,36.118766],[-95.940216,36.104313],[-95.943533,36.10429],[-95.941771,36.102894],[-95.942917,36.101558],[-95.94163,36.101574],[-95.94159,36.098917],[-95.940209,36.099558],[-95.940203,36.095237],[-95.941958,36.09442],[-95.941958,36.093341],[-95.940159,36.093312],[-95.940144,36.091217],[-95.943493,36.090455],[-95.940122,36.090606],[-95.940138,36.089792],[-95.941818,36.089795],[-95.941727,36.087376],[-95.945556,36.086259],[-95.946662,36.084529],[-95.942744,36.082585],[-95.940109,36.082568],[-95.940123,36.075327],[-95.908588,36.075371],[-95.908207,36.077629],[-95.904325,36.078086],[-95.904353,36.089897],[-95.909439,36.089862],[-95.90935,36.091201],[-95.907244,36.091298],[-95.907282,36.092862],[-95.904396,36.093856],[-95.904457,36.096697],[-95.9094,36.09717],[-95.909391,36.098835],[-95.910383,36.100404],[-95.908474,36.100753],[-95.908434,36.098829],[-95.90762,36.100729],[-95.904497,36.100776],[-95.904544,36.112046],[-95.908702,36.114131],[-95.904585,36.115486],[-95.904541,36.118897],[-95.904558,36.12116],[-95.90607,36.120875],[-95.906162,36.119879],[-95.909025,36.119831],[-95.90901,36.119084],[-95.920167,36.119042],[-95.922367,36.118809],[-95.930481,36.122526],[-95.930638,36.121209],[-95.927663,36.120651],[-95.927559,36.118861],[-95.93802,36.118797],[-95.93807,36.119754],[-95.940289,36.119714],[-95.940271,36.118766]]]}},{"type":"Feature","properties":{"zcta5":"74012","AFFGEOID10":"8600000US74012","GEOID10":"74012","ALAND10":64143394,"AWATER10":85525,"county_name":"Tulsa","state_code":"OK","county_state":"Tulsa County, OK","county_fips":"40143","risk_level_county":"Higher Risk (60–69% vaccinated)","mean_vaccination_rate_county":63.78,"risk_level_zcta":"Medium Risk (70–79% vaccinated)","mean_vaccination_rate_zips":73.35,"cases":17},"geometry":{"type":"Polygon","coordinates":[[[-95.851195,36.07539],[-95.851008,36.072294],[-95.851001,36.058777],[-95.854909,36.058801],[-95.855081,36.060889],[-95.857808,36.06088],[-95.854756,36.057401],[-95.85127,36.056376],[-95.851204,36.046304],[-95.850994,36.031851],[-95.859904,36.031914],[-95.859959,36.031196],[-95.859724,36.029911],[-95.858045,36.027551],[-95.855575,36.026241],[-95.851203,36.024734],[-95.850972,36.017315],[-95.833099,36.017401],[-95.819194,36.017445],[-95.818084,36.017481],[-95.815272,36.017407],[-95.762059,36.017484],[-95.76165,36.017439],[-95.761647,36.021961],[-95.761646,36.023772],[-95.761631,36.027307],[-95.763335,36.027735],[-95.763351,36.028302],[-95.761753,36.0283],[-95.762605,36.028936],[-95.762062,36.029737],[-95.762062,36.031615],[-95.767345,36.031557],[-95.761629,36.031919],[-95.761652,36.075451],[-95.76172,36.085757],[-95.761656,36.090289],[-95.77965,36.090202],[-95.788927,36.089969],[-95.797367,36.089965],[-95.797431,36.097223],[-95.797384,36.104434],[-95.806277,36.104428],[-95.815321,36.104432],[-95.815308,36.089937],[-95.824064,36.089902],[-95.824326,36.087987],[-95.82655,36.086916],[-95.827376,36.085772],[-95.821689,36.082571],[-95.82407,36.083167],[-95.824065,36.075593],[-95.833218,36.075569],[-95.851195,36.07539]]]}},{"type":"Feature","properties":{"zcta5":"74145","AFFGEOID10":"8600000US74145","GEOID10":"74145","ALAND10":15726077,"AWATER10":33270,"county_name":"Tulsa","state_code":"OK","county_state":"Tulsa County, OK","county_fips":"40143","risk_level_county":"Higher Risk (60–69% vaccinated)","mean_vaccination_rate_county":63.78,"risk_level_zcta":"Higher Risk (60–69% vaccinated)","mean_vaccination_rate_zips":63.95,"cases":17},"geometry":{"type":"MultiPolygon","coordinates":[[[[-95.868688,36.1195],[-95.869868,36.120196],[-95.869877,36.118963],[-95.868679,36.118952],[-95.868688,36.1195]]],[[[-95.904541,36.118897],[-95.904585,36.115486],[-95.908702,36.114131],[-95.904544,36.112046],[-95.904497,36.100776],[-95.90762,36.100729],[-95.908434,36.098829],[-95.908474,36.100753],[-95.910383,36.100404],[-95.909391,36.098835],[-95.9094,36.09717],[-95.904457,36.096697],[-95.904396,36.093856],[-95.907282,36.092862],[-95.907244,36.091298],[-95.90935,36.091201],[-95.909439,36.089862],[-95.904353,36.089897],[-95.904325,36.078086],[-95.908207,36.077629],[-95.908588,36.075371],[-95.906799,36.075347],[-95.90433,36.075388],[-95.886398,36.075348],[-95.886491,36.07691],[-95.884216,36.077893],[-95.882252,36.077679],[-95.879832,36.078916],[-95.880112,36.075402],[-95.870944,36.075432],[-95.869565,36.076552],[-95.868562,36.079563],[-95.868617,36.083604],[-95.872014,36.083606],[-95.872114,36.085208],[-95.868616,36.085188],[-95.868686,36.114648],[-95.870663,36.114602],[-95.869877,36.118963],[-95.886601,36.118893],[-95.886608,36.120257],[-95.888499,36.118945],[-95.904541,36.118897]]]]}},{"type":"Feature","properties":{"zcta5":"74146","AFFGEOID10":"8600000US74146","GEOID10":"74146","ALAND10":13192637,"AWATER10":20312,"county_name":"Tulsa","state_code":"OK","county_state":"Tulsa County, OK","county_fips":"40143","risk_level_county":"Higher Risk (60–69% vaccinated)","mean_vaccination_rate_county":63.78,"risk_level_zcta":"Higher Risk (60–69% vaccinated)","mean_vaccination_rate_zips":62.2,"cases":17},"geometry":{"type":"Polygon","coordinates":[[[-95.869877,36.118963],[-95.870663,36.114602],[-95.868686,36.114648],[-95.868616,36.085188],[-95.872114,36.085208],[-95.872014,36.083606],[-95.868617,36.083604],[-95.868562,36.079563],[-95.869565,36.076552],[-95.870944,36.075432],[-95.86856,36.075415],[-95.853871,36.075468],[-95.851195,36.07539],[-95.833218,36.075569],[-95.8332,36.077214],[-95.836036,36.077781],[-95.840092,36.080315],[-95.84056,36.081043],[-95.840561,36.084235],[-95.833159,36.084275],[-95.833229,36.088167],[-95.841666,36.092144],[-95.85102,36.095545],[-95.851044,36.101773],[-95.845231,36.101749],[-95.846214,36.104468],[-95.833087,36.104522],[-95.833236,36.118926],[-95.847122,36.118958],[-95.847555,36.120685],[-95.852444,36.12045],[-95.853911,36.12004],[-95.853609,36.118971],[-95.86481,36.118985],[-95.865195,36.119645],[-95.868688,36.1195],[-95.868679,36.118952],[-95.869877,36.118963]]]}},{"type":"Feature","properties":{"zcta5":"74114","AFFGEOID10":"8600000US74114","GEOID10":"74114","ALAND10":12585584,"AWATER10":278522,"county_name":"Tulsa","state_code":"OK","county_state":"Tulsa County, OK","county_fips":"40143","risk_level_county":"Higher Risk (60–69% vaccinated)","mean_vaccination_rate_county":63.78,"risk_level_zcta":"Medium Risk (70–79% vaccinated)","mean_vaccination_rate_zips":79.53,"cases":17},"geometry":{"type":"Polygon","coordinates":[[[-95.990272,36.132803],[-95.992178,36.131829],[-95.987401,36.121198],[-95.986974,36.118993],[-95.95815,36.118789],[-95.958166,36.119609],[-95.952995,36.118788],[-95.940271,36.118766],[-95.940289,36.119714],[-95.93807,36.119754],[-95.93802,36.118797],[-95.927559,36.118861],[-95.927663,36.120651],[-95.930638,36.121209],[-95.930481,36.122526],[-95.922367,36.118809],[-95.920167,36.119042],[-95.90901,36.119084],[-95.909025,36.119831],[-95.906162,36.119879],[-95.90607,36.120875],[-95.904558,36.12116],[-95.904587,36.123762],[-95.906306,36.124946],[-95.904566,36.126621],[-95.90459,36.129864],[-95.906971,36.129864],[-95.906903,36.133403],[-95.917169,36.133539],[-95.922477,36.133309],[-95.922522,36.140547],[-95.930319,36.140559],[-95.930272,36.138768],[-95.933711,36.13876],[-95.933728,36.136938],[-95.935884,36.136945],[-95.935883,36.133303],[-95.940354,36.133284],[-95.949087,36.133278],[-95.950494,36.135109],[-95.950909,36.134195],[-95.956021,36.134203],[-95.955964,36.13325],[-95.970412,36.133364],[-95.975642,36.133826],[-95.981805,36.133344],[-95.981772,36.13418],[-95.983388,36.133351],[-95.988959,36.133371],[-95.990272,36.132803]]]}},{"type":"Feature","properties":{"zcta5":"74105","AFFGEOID10":"8600000US74105","GEOID10":"74105","ALAND10":18877352,"AWATER10":792782,"county_name":"Tulsa","state_code":"OK","county_state":"Tulsa County, OK","county_fips":"40143","risk_level_county":"Higher Risk (60–69% vaccinated)","mean_vaccination_rate_county":63.78,"risk_level_zcta":"Higher Risk (60–69% vaccinated)","mean_vaccination_rate_zips":67.87,"cases":17},"geometry":{"type":"Polygon","coordinates":[[[-95.986974,36.118993],[-95.985873,36.104293],[-95.987955,36.089953],[-95.986073,36.075194],[-95.984473,36.075294],[-95.973915,36.07523],[-95.975175,36.075328],[-95.975175,36.076959],[-95.972306,36.07534],[-95.959977,36.075282],[-95.959135,36.076274],[-95.956884,36.076094],[-95.954759,36.078004],[-95.956114,36.075993],[-95.955592,36.075289],[-95.950697,36.075296],[-95.948898,36.076934],[-95.943185,36.077164],[-95.940123,36.075327],[-95.940109,36.082568],[-95.942744,36.082585],[-95.946662,36.084529],[-95.945556,36.086259],[-95.941727,36.087376],[-95.941818,36.089795],[-95.940138,36.089792],[-95.940122,36.090606],[-95.943493,36.090455],[-95.940144,36.091217],[-95.940159,36.093312],[-95.941958,36.093341],[-95.941958,36.09442],[-95.940203,36.095237],[-95.940209,36.099558],[-95.94159,36.098917],[-95.94163,36.101574],[-95.942917,36.101558],[-95.941771,36.102894],[-95.943533,36.10429],[-95.940216,36.104313],[-95.940271,36.118766],[-95.952995,36.118788],[-95.958166,36.119609],[-95.95815,36.118789],[-95.986974,36.118993]]]}},{"type":"Feature","properties":{"zcta5":"74106","AFFGEOID10":"8600000US74106","GEOID10":"74106","ALAND10":19614854,"AWATER10":6586,"county_name":"Tulsa","state_code":"OK","county_state":"Tulsa County, OK","county_fips":"40143","risk_level_county":"Higher Risk (60–69% vaccinated)","mean_vaccination_rate_county":63.78,"risk_level_zcta":"Very High Risk (<60% vaccinated)","mean_vaccination_rate_zips":57.28,"cases":17},"geometry":{"type":"Polygon","coordinates":[[[-96.00137,36.205917],[-96.001377,36.20529],[-96.001208,36.197187],[-96.001375,36.174892],[-96.001192,36.173318],[-96.001907,36.173188],[-96.002974,36.172684],[-96.002041,36.164573],[-96.002632,36.161313],[-96.001055,36.161294],[-96.000772,36.162422],[-95.997158,36.162068],[-95.99346,36.163464],[-95.993533,36.164259],[-95.987984,36.164058],[-95.98585,36.164624],[-95.984289,36.167163],[-95.984691,36.162644],[-95.983937,36.160573],[-95.981048,36.159819],[-95.980685,36.162426],[-95.980533,36.16241],[-95.979985,36.16426],[-95.97801,36.164254],[-95.978049,36.163346],[-95.97563,36.163332],[-95.975639,36.16424],[-95.967113,36.164489],[-95.967052,36.180391],[-95.965963,36.181815],[-95.973244,36.177017],[-95.975556,36.176926],[-95.975601,36.178905],[-95.9711,36.17908],[-95.971113,36.180019],[-95.969268,36.180089],[-95.96771,36.181132],[-95.967339,36.188929],[-95.966884,36.189934],[-95.968565,36.192557],[-95.968883,36.195422],[-95.967826,36.195625],[-95.970098,36.197429],[-95.969026,36.198862],[-95.967279,36.198896],[-95.967131,36.20096],[-95.958204,36.204778],[-95.958253,36.20614],[-95.969018,36.206071],[-95.968023,36.207464],[-95.965836,36.209546],[-95.962649,36.209726],[-95.964457,36.211216],[-95.961272,36.213293],[-95.963169,36.214601],[-95.965101,36.214871],[-95.966664,36.212915],[-95.969326,36.213855],[-95.96934,36.220575],[-95.984527,36.22047],[-95.984542,36.219497],[-95.985705,36.21947],[-95.987868,36.219483],[-95.987871,36.220487],[-96.000754,36.22051],[-96.001418,36.220637],[-96.00137,36.205917]]]}},{"type":"Feature","properties":{"zcta5":"74037","AFFGEOID10":"8600000US74037","GEOID10":"74037","ALAND10":37436434,"AWATER10":3526625,"county_name":"Tulsa","state_code":"OK","county_state":"Tulsa County, OK","county_fips":"40143","risk_level_county":"Higher Risk (60–69% vaccinated)","mean_vaccination_rate_county":63.78,"risk_level_zcta":"Medium Risk (70–79% vaccinated)","mean_vaccination_rate_zips":74.18,"cases":17},"geometry":{"type":"MultiPolygon","coordinates":[[[[-95.979389,35.97358],[-95.989328,35.97355],[-95.989184,35.969719],[-95.98765,35.969712],[-95.9871,35.968334],[-95.98487,35.968297],[-95.984872,35.966478],[-95.981831,35.966077],[-95.976161,35.966085],[-95.976162,35.973586],[-95.979389,35.97358]]],[[[-96.01173,36.015625],[-96.011787,36.009901],[-96.011779,36.002965],[-96.011836,35.988384],[-96.011494,35.973679],[-95.979386,35.973712],[-95.97597,35.973744],[-95.95808,35.973818],[-95.952514,35.973807],[-95.951365,35.973845],[-95.94021,35.973784],[-95.94021,35.973994],[-95.934611,35.977483],[-95.934974,35.981081],[-95.940168,35.985365],[-95.940232,35.988269],[-95.931052,35.988313],[-95.932197,35.98945],[-95.938203,35.991607],[-95.93983,35.992424],[-95.945918,35.997316],[-95.948487,35.999948],[-95.948799,36.000828],[-95.947815,36.003128],[-95.948047,36.0052],[-95.949783,36.008636],[-95.949575,36.010592],[-95.950335,36.014528],[-95.950526,36.018819],[-95.951989,36.024758],[-95.954647,36.028299],[-95.958771,36.031795],[-95.961727,36.032687],[-95.962423,36.033651],[-95.963584,36.038523],[-95.96888,36.043607],[-95.974472,36.046295],[-95.975772,36.047995],[-95.976272,36.050094],[-95.976272,36.046695],[-95.976226,36.046196],[-95.975823,36.04521],[-95.975887,36.034389],[-95.975892,36.031955],[-95.984964,36.031947],[-95.987753,36.030584],[-95.991581,36.031938],[-95.993724,36.031948],[-96.008569,36.031924],[-96.00979,36.031955],[-96.01158,36.024711],[-96.011779,36.021895],[-96.01173,36.015625]]],[[[-96.022486,36.002875],[-96.02136,36.002864],[-96.020604,36.002856],[-96.018743,36.002905],[-96.018482,36.006968],[-96.014691,36.007438],[-96.01689,36.008827],[-96.021123,36.008343],[-96.021069,36.006163],[-96.022677,36.006182],[-96.022486,36.002875]]]]}},{"type":"Feature","properties":{"zcta5":"74115","AFFGEOID10":"8600000US74115","GEOID10":"74115","ALAND10":40560914,"AWATER10":1972161,"county_name":"Tulsa","state_code":"OK","county_state":"Tulsa County, OK","county_fips":"40143","risk_level_county":"Higher Risk (60–69% vaccinated)","mean_vaccination_rate_county":63.78,"risk_level_zcta":"Very High Risk (<60% vaccinated)","mean_vaccination_rate_zips":52.97,"cases":17},"geometry":{"type":"Polygon","coordinates":[[[-95.945038,36.225081],[-95.944299,36.218638],[-95.94478,36.213445],[-95.943719,36.211344],[-95.94145,36.212494],[-95.940402,36.209755],[-95.94033,36.206104],[-95.941479,36.206131],[-95.944754,36.206062],[-95.944746,36.204318],[-95.940333,36.204327],[-95.940333,36.202223],[-95.941415,36.201182],[-95.941755,36.195231],[-95.940371,36.1952],[-95.940329,36.174403],[-95.945314,36.172669],[-95.940296,36.172528],[-95.940324,36.169886],[-95.940946,36.168788],[-95.940338,36.16625],[-95.940302,36.160786],[-95.940324,36.159589],[-95.917842,36.159296],[-95.914935,36.160495],[-95.914498,36.160834],[-95.9135,36.160781],[-95.913507,36.159695],[-95.904575,36.159726],[-95.90457,36.160741],[-95.890345,36.160687],[-95.890335,36.15944],[-95.886687,36.159447],[-95.886718,36.160721],[-95.879842,36.160725],[-95.87978,36.159752],[-95.877748,36.159778],[-95.877766,36.160732],[-95.877217,36.160729],[-95.876644,36.159047],[-95.875973,36.158969],[-95.875031,36.160748],[-95.869785,36.160728],[-95.869132,36.161046],[-95.868793,36.169796],[-95.871028,36.16979],[-95.871131,36.171378],[-95.868762,36.171651],[-95.868658,36.183979],[-95.886732,36.182629],[-95.886674,36.184303],[-95.880887,36.184385],[-95.880897,36.187373],[-95.879898,36.187375],[-95.879913,36.192944],[-95.878918,36.194139],[-95.875426,36.194127],[-95.875328,36.194626],[-95.886619,36.194693],[-95.886776,36.202453],[-95.884369,36.202394],[-95.884071,36.212985],[-95.871667,36.213213],[-95.871636,36.21567],[-95.868831,36.215667],[-95.868817,36.218727],[-95.872197,36.218699],[-95.873715,36.218732],[-95.874006,36.22045],[-95.878699,36.21977],[-95.87994,36.220579],[-95.886677,36.215299],[-95.893313,36.210049],[-95.894712,36.209229],[-95.896542,36.208704],[-95.899776,36.208315],[-95.899701,36.20987],[-95.897639,36.209607],[-95.89403,36.211254],[-95.892129,36.21854],[-95.892546,36.21968],[-95.888047,36.224257],[-95.88671,36.224573],[-95.886769,36.232807],[-95.887169,36.231694],[-95.890169,36.230393],[-95.89317,36.232793],[-95.89497,36.232693],[-95.89777,36.228493],[-95.90087,36.228093],[-95.90277,36.229493],[-95.90497,36.229993],[-95.90437,36.226093],[-95.90827,36.226893],[-95.91077,36.223293],[-95.916071,36.222093],[-95.917971,36.223293],[-95.920671,36.224093],[-95.921571,36.225793],[-95.919071,36.228893],[-95.919971,36.229993],[-95.922771,36.231393],[-95.926591,36.229187],[-95.930811,36.22858],[-95.945038,36.225081]]]}},{"type":"Feature","properties":{"zcta5":"74117","AFFGEOID10":"8600000US74117","GEOID10":"74117","ALAND10":31635245,"AWATER10":247180,"county_name":"Tulsa","state_code":"OK","county_state":"Tulsa County, OK","county_fips":"40143","risk_level_county":"Higher Risk (60–69% vaccinated)","mean_vaccination_rate_county":63.78,"risk_level_zcta":"Uninhabited","mean_vaccination_rate_zips":null,"cases":17},"geometry":{"type":"Polygon","coordinates":[[[-95.936872,36.249574],[-95.932358,36.249548],[-95.942842,36.241205],[-95.943735,36.240213],[-95.944891,36.238268],[-95.945228,36.235174],[-95.945275,36.225061],[-95.945038,36.225081],[-95.930811,36.22858],[-95.926591,36.229187],[-95.922771,36.231393],[-95.919971,36.229993],[-95.919071,36.228893],[-95.921571,36.225793],[-95.920671,36.224093],[-95.917971,36.223293],[-95.916071,36.222093],[-95.91077,36.223293],[-95.90827,36.226893],[-95.90437,36.226093],[-95.90497,36.229993],[-95.90277,36.229493],[-95.90087,36.228093],[-95.89777,36.228493],[-95.89497,36.232693],[-95.89317,36.232793],[-95.890169,36.230393],[-95.887169,36.231694],[-95.886769,36.232807],[-95.88671,36.224573],[-95.888047,36.224257],[-95.892546,36.21968],[-95.892129,36.21854],[-95.89403,36.211254],[-95.897639,36.209607],[-95.899701,36.20987],[-95.899776,36.208315],[-95.896542,36.208704],[-95.894712,36.209229],[-95.893313,36.210049],[-95.886677,36.215299],[-95.87994,36.220579],[-95.878699,36.21977],[-95.874006,36.22045],[-95.873715,36.218732],[-95.872197,36.218699],[-95.872147,36.220457],[-95.868822,36.22047],[-95.855381,36.220478],[-95.852414,36.222542],[-95.851685,36.223788],[-95.851363,36.22589],[-95.849256,36.232781],[-95.849306,36.235816],[-95.848229,36.239049],[-95.852667,36.238794],[-95.853467,36.239394],[-95.854267,36.246194],[-95.856967,36.247594],[-95.858167,36.249094],[-95.863183,36.248968],[-95.864701,36.248085],[-95.867377,36.248212],[-95.865942,36.251171],[-95.866411,36.253549],[-95.869554,36.254156],[-95.868674,36.255623],[-95.869929,36.255928],[-95.870968,36.254552],[-95.871463,36.256952],[-95.868325,36.260325],[-95.869588,36.263395],[-95.869075,36.264082],[-95.883988,36.264045],[-95.888304,36.264045],[-95.888304,36.263297],[-95.902197,36.263251],[-95.902561,36.264038],[-95.919946,36.264067],[-95.91989,36.249524],[-95.930141,36.249548],[-95.929655,36.251027],[-95.925624,36.255906],[-95.924163,36.259707],[-95.923765,36.264025],[-95.937529,36.264068],[-95.936872,36.249574]]]}},{"type":"Feature","properties":{"zcta5":"74131","AFFGEOID10":"8600000US74131","GEOID10":"74131","ALAND10":25777417,"AWATER10":191027,"county_name":"Tulsa","state_code":"OK","county_state":"Tulsa County, OK","county_fips":"40143","risk_level_county":"Higher Risk (60–69% vaccinated)","mean_vaccination_rate_county":63.78,"risk_level_zcta":"Very High Risk (<60% vaccinated)","mean_vaccination_rate_zips":54.58,"cases":17},"geometry":{"type":"Polygon","coordinates":[[[-96.096769,36.075534],[-96.100228,36.075414],[-96.101096,36.071143],[-96.101163,36.063302],[-96.099488,36.06279],[-96.098728,36.06128],[-96.099815,36.061292],[-96.099768,36.05612],[-96.1008,36.056511],[-96.100655,36.04653],[-96.101294,36.039314],[-96.100482,36.039352],[-96.101127,36.036877],[-96.101155,36.03201],[-96.088375,36.031966],[-96.087564,36.032828],[-96.086479,36.032841],[-96.08895,36.029221],[-96.089063,36.029042],[-96.084908,36.028524],[-96.084409,36.029161],[-96.083214,36.028968],[-96.083257,36.031247],[-96.082317,36.032009],[-96.079086,36.031978],[-96.074679,36.032041],[-96.075098,36.029995],[-96.074218,36.029746],[-96.07421,36.028399],[-96.073796,36.02469],[-96.073765,36.03002],[-96.072389,36.030027],[-96.072389,36.02886],[-96.07048,36.02886],[-96.070474,36.031667],[-96.07155,36.032014],[-96.065336,36.031929],[-96.065175,36.035821],[-96.06411,36.036227],[-96.059087,36.031219],[-96.058309,36.028973],[-96.057843,36.024778],[-96.057221,36.023877],[-96.053659,36.022674],[-96.052395,36.021378],[-96.054139,36.018924],[-96.052118,36.018083],[-96.047539,36.023251],[-96.048498,36.023498],[-96.048482,36.028409],[-96.049624,36.030214],[-96.047459,36.031923],[-96.047437,36.041079],[-96.047229,36.0435],[-96.046409,36.043582],[-96.044718,36.045913],[-96.043503,36.046439],[-96.038531,36.046415],[-96.038432,36.052526],[-96.034071,36.052526],[-96.033962,36.053947],[-96.02994,36.053926],[-96.029547,36.050027],[-96.029528,36.05527],[-96.029975,36.054864],[-96.033962,36.054836],[-96.033659,36.060843],[-96.035154,36.060962],[-96.03546,36.059903],[-96.0374,36.060953],[-96.040446,36.05972],[-96.04149,36.06058],[-96.047449,36.059861],[-96.047788,36.060496],[-96.047755,36.060962],[-96.041532,36.061014],[-96.040824,36.063584],[-96.041917,36.066645],[-96.043059,36.066418],[-96.044305,36.068091],[-96.04753,36.068622],[-96.047254,36.072527],[-96.04554,36.075229],[-96.044624,36.075445],[-96.057583,36.075469],[-96.056493,36.075238],[-96.0566,36.073724],[-96.060962,36.071477],[-96.061003,36.072692],[-96.062517,36.072761],[-96.063219,36.072738],[-96.063214,36.071416],[-96.063264,36.070057],[-96.0658,36.068253],[-96.067602,36.068204],[-96.067607,36.069122],[-96.069925,36.069139],[-96.069814,36.073583],[-96.069678,36.074543],[-96.065429,36.074523],[-96.063201,36.075496],[-96.067691,36.075501],[-96.068221,36.075509],[-96.068507,36.075495],[-96.068608,36.075503],[-96.068662,36.075535],[-96.07581,36.075515],[-96.07658,36.075553],[-96.078815,36.075553],[-96.080013,36.075587],[-96.081191,36.07546],[-96.083246,36.07557],[-96.083869,36.076406],[-96.087755,36.075963],[-96.092163,36.07783],[-96.092143,36.075523],[-96.096769,36.075534]]]}},{"type":"Feature","properties":{"zcta5":"74132","AFFGEOID10":"8600000US74132","GEOID10":"74132","ALAND10":31542510,"AWATER10":1151684,"county_name":"Tulsa","state_code":"OK","county_state":"Tulsa County, OK","county_fips":"40143","risk_level_county":"Higher Risk (60–69% vaccinated)","mean_vaccination_rate_county":63.78,"risk_level_zcta":"Medium Risk (70–79% vaccinated)","mean_vaccination_rate_zips":72.25,"cases":17},"geometry":{"type":"Polygon","coordinates":[[[-96.044624,36.075445],[-96.04554,36.075229],[-96.047254,36.072527],[-96.04753,36.068622],[-96.044305,36.068091],[-96.043059,36.066418],[-96.041917,36.066645],[-96.040824,36.063584],[-96.041532,36.061014],[-96.047755,36.060962],[-96.047788,36.060496],[-96.047449,36.059861],[-96.04149,36.06058],[-96.040446,36.05972],[-96.0374,36.060953],[-96.03546,36.059903],[-96.035154,36.060962],[-96.033659,36.060843],[-96.033962,36.054836],[-96.029975,36.054864],[-96.029528,36.05527],[-96.029547,36.050027],[-96.02994,36.053926],[-96.033962,36.053947],[-96.034071,36.052526],[-96.038432,36.052526],[-96.038531,36.046415],[-96.043503,36.046439],[-96.044718,36.045913],[-96.046409,36.043582],[-96.047229,36.0435],[-96.047437,36.041079],[-96.047459,36.031923],[-96.049624,36.030214],[-96.048482,36.028409],[-96.048498,36.023498],[-96.047539,36.023251],[-96.046243,36.024008],[-96.044242,36.024024],[-96.042976,36.022214],[-96.039274,36.022234],[-96.037151,36.021561],[-96.03501,36.019627],[-96.033778,36.022392],[-96.031266,36.019282],[-96.030975,36.016038],[-96.029515,36.015268],[-96.027663,36.014895],[-96.020785,36.016744],[-96.018663,36.015674],[-96.01173,36.015625],[-96.011779,36.021895],[-96.01158,36.024711],[-96.00979,36.031955],[-96.008569,36.031924],[-95.993724,36.031948],[-95.991581,36.031938],[-95.987753,36.030584],[-95.984964,36.031947],[-95.975892,36.031955],[-95.975887,36.034389],[-95.975823,36.04521],[-95.976226,36.046196],[-95.976272,36.046695],[-95.976272,36.050094],[-95.978691,36.06001],[-95.986073,36.075194],[-96.00021,36.075139],[-96.005958,36.075319],[-96.029583,36.075366],[-96.044624,36.075445]]]}},{"type":"Feature","properties":{"zcta5":"74112","AFFGEOID10":"8600000US74112","GEOID10":"74112","ALAND10":17527066,"AWATER10":29270,"county_name":"Tulsa","state_code":"OK","county_state":"Tulsa County, OK","county_fips":"40143","risk_level_county":"Higher Risk (60–69% vaccinated)","mean_vaccination_rate_county":63.78,"risk_level_zcta":"Higher Risk (60–69% vaccinated)","mean_vaccination_rate_zips":62.49,"cases":17},"geometry":{"type":"Polygon","coordinates":[[[-95.94033,36.159359],[-95.940317,36.154693],[-95.941561,36.154679],[-95.94145,36.152762],[-95.940347,36.152737],[-95.940378,36.144185],[-95.941492,36.144186],[-95.941486,36.142378],[-95.940329,36.142358],[-95.940354,36.133284],[-95.935883,36.133303],[-95.935884,36.136945],[-95.933728,36.136938],[-95.933711,36.13876],[-95.930272,36.138768],[-95.930319,36.140559],[-95.922522,36.140547],[-95.922477,36.133309],[-95.917169,36.133539],[-95.906903,36.133403],[-95.894039,36.133483],[-95.893782,36.134895],[-95.895104,36.135961],[-95.891187,36.136221],[-95.891144,36.140719],[-95.890068,36.140683],[-95.890026,36.138989],[-95.888916,36.138996],[-95.888944,36.133456],[-95.870297,36.133471],[-95.868161,36.139329],[-95.868791,36.146912],[-95.86882,36.147976],[-95.871758,36.147992],[-95.872368,36.149795],[-95.874942,36.148002],[-95.875,36.149305],[-95.873176,36.149887],[-95.871726,36.15208],[-95.872104,36.155241],[-95.87103,36.155249],[-95.870728,36.156699],[-95.871116,36.157403],[-95.873958,36.157906],[-95.873974,36.15972],[-95.875031,36.160748],[-95.875973,36.158969],[-95.876644,36.159047],[-95.877217,36.160729],[-95.877766,36.160732],[-95.877748,36.159778],[-95.87978,36.159752],[-95.879842,36.160725],[-95.886718,36.160721],[-95.886687,36.159447],[-95.890335,36.15944],[-95.890345,36.160687],[-95.90457,36.160741],[-95.904575,36.159726],[-95.913507,36.159695],[-95.9135,36.160781],[-95.914498,36.160834],[-95.914935,36.160495],[-95.917842,36.159296],[-95.940324,36.159589],[-95.94033,36.159359]]]}},{"type":"Feature","properties":{"zcta5":"74116","AFFGEOID10":"8600000US74116","GEOID10":"74116","ALAND10":46546310,"AWATER10":170461,"county_name":"Tulsa","state_code":"OK","county_state":"Tulsa County, OK","county_fips":"40143","risk_level_county":"Higher Risk (60–69% vaccinated)","mean_vaccination_rate_county":63.78,"risk_level_zcta":"Higher Risk (60–69% vaccinated)","mean_vaccination_rate_zips":63.47,"cases":17},"geometry":{"type":"Polygon","coordinates":[[[-95.872197,36.218699],[-95.868817,36.218727],[-95.868831,36.215667],[-95.871636,36.21567],[-95.871667,36.213213],[-95.884071,36.212985],[-95.884369,36.202394],[-95.886776,36.202453],[-95.886619,36.194693],[-95.875328,36.194626],[-95.875426,36.194127],[-95.878918,36.194139],[-95.879913,36.192944],[-95.879898,36.187375],[-95.880897,36.187373],[-95.880887,36.184385],[-95.886674,36.184303],[-95.886732,36.182629],[-95.868658,36.183979],[-95.868762,36.171651],[-95.871131,36.171378],[-95.871028,36.16979],[-95.868793,36.169796],[-95.869132,36.161046],[-95.86824,36.160994],[-95.867468,36.160705],[-95.865167,36.160692],[-95.865072,36.158558],[-95.862099,36.158513],[-95.862026,36.155231],[-95.859625,36.15525],[-95.859603,36.159562],[-95.854891,36.159485],[-95.854438,36.160663],[-95.833353,36.160645],[-95.833368,36.158994],[-95.829392,36.160673],[-95.792469,36.160584],[-95.779617,36.160624],[-95.77958,36.16261],[-95.77951,36.17703],[-95.77948,36.18315],[-95.78519,36.18653],[-95.78677,36.18724],[-95.788,36.18751],[-95.79324,36.188357],[-95.797372,36.188713],[-95.80145,36.18867],[-95.81531,36.1877],[-95.81528,36.19156],[-95.8153,36.19292],[-95.81533,36.206133],[-95.814961,36.222298],[-95.81527,36.22445],[-95.827636,36.221007],[-95.833218,36.220252],[-95.847744,36.220514],[-95.851836,36.220467],[-95.851685,36.223788],[-95.852414,36.222542],[-95.855381,36.220478],[-95.868822,36.22047],[-95.872147,36.220457],[-95.872197,36.218699]]]}},{"type":"Feature","properties":{"zcta5":"74103","AFFGEOID10":"8600000US74103","GEOID10":"74103","ALAND10":1477708,"AWATER10":0,"county_name":"Tulsa","state_code":"OK","county_state":"Tulsa County, OK","county_fips":"40143","risk_level_county":"Higher Risk (60–69% vaccinated)","mean_vaccination_rate_county":63.78,"risk_level_zcta":"Higher Risk (60–69% vaccinated)","mean_vaccination_rate_zips":67.53,"cases":17},"geometry":{"type":"Polygon","coordinates":[[[-96.001055,36.161294],[-95.997883,36.160992],[-95.999036,36.160521],[-96.001698,36.156083],[-96.00154,36.154883],[-96.000252,36.154851],[-95.998666,36.151933],[-95.999359,36.150519],[-95.998068,36.147911],[-95.990799,36.150061],[-95.990147,36.151432],[-95.989526,36.150507],[-95.985993,36.151754],[-95.987723,36.152294],[-95.987018,36.153653],[-95.99161,36.162345],[-95.992861,36.162213],[-95.99346,36.163464],[-95.997158,36.162068],[-96.000772,36.162422],[-96.001055,36.161294]]]}},{"type":"Feature","properties":{"zcta5":"74133","AFFGEOID10":"8600000US74133","GEOID10":"74133","ALAND10":35635437,"AWATER10":52197,"county_name":"Tulsa","state_code":"OK","county_state":"Tulsa County, OK","county_fips":"40143","risk_level_county":"Higher Risk (60–69% vaccinated)","mean_vaccination_rate_county":63.78,"risk_level_zcta":"Higher Risk (60–69% vaccinated)","mean_vaccination_rate_zips":67.17,"cases":17},"geometry":{"type":"Polygon","coordinates":[[[-95.90433,36.075388],[-95.904228,36.049563],[-95.906643,36.049578],[-95.906669,36.046946],[-95.908609,36.046423],[-95.904226,36.046342],[-95.904262,36.031839],[-95.904335,36.002804],[-95.886637,36.002805],[-95.883062,36.0029],[-95.882442,36.005693],[-95.881001,36.002844],[-95.868562,36.002861],[-95.86853,36.017378],[-95.850972,36.017315],[-95.851203,36.024734],[-95.855575,36.026241],[-95.858045,36.027551],[-95.859724,36.029911],[-95.859959,36.031196],[-95.859904,36.031914],[-95.850994,36.031851],[-95.851204,36.046304],[-95.85127,36.056376],[-95.854756,36.057401],[-95.857808,36.06088],[-95.855081,36.060889],[-95.854909,36.058801],[-95.851001,36.058777],[-95.851008,36.072294],[-95.851195,36.07539],[-95.853871,36.075468],[-95.86856,36.075415],[-95.870944,36.075432],[-95.880112,36.075402],[-95.879832,36.078916],[-95.882252,36.077679],[-95.884216,36.077893],[-95.886491,36.07691],[-95.886398,36.075348],[-95.90433,36.075388]]]}}]}