{"type":"FeatureCollection","features":[{"type":"Feature","properties":{"zcta5":"97838","AFFGEOID10":"8600000US97838","GEOID10":"97838","ALAND10":425979706,"AWATER10":28240869,"county_name":"Umatilla","state_code":"OR","county_state":"Umatilla County, OR","county_fips":"41059","risk_level_county":"Medium Risk (70–79% vaccinated)","mean_vaccination_rate_county":76.4,"risk_level_zcta":"Medium Risk (70–79% vaccinated)","mean_vaccination_rate_zips":75.15,"cases":1},"geometry":{"type":"Polygon","coordinates":[[[-119.624033,45.833843],[-119.624803,45.833443],[-119.623254,45.830518],[-119.623416,45.828122],[-119.623313,45.80639],[-119.622975,45.748389],[-119.538721,45.747895],[-119.518849,45.748305],[-119.518576,45.752487],[-119.501133,45.755128],[-119.498453,45.75564],[-119.489295,45.756348],[-119.484903,45.757999],[-119.481874,45.760453],[-119.476305,45.762629],[-119.456008,45.762967],[-119.455548,45.769967],[-119.434624,45.769982],[-119.434603,45.756429],[-119.430387,45.756447],[-119.427104,45.757182],[-119.421612,45.756978],[-119.421462,45.758739],[-119.41796,45.760054],[-119.417058,45.761694],[-119.413955,45.762352],[-119.410905,45.764457],[-119.409377,45.764506],[-119.406877,45.765701],[-119.403107,45.766599],[-119.399933,45.766609],[-119.399031,45.767914],[-119.396178,45.768725],[-119.394471,45.767468],[-119.39291,45.768762],[-119.389774,45.76983],[-119.386052,45.770224],[-119.38522,45.771118],[-119.383504,45.770881],[-119.380619,45.772136],[-119.379716,45.773342],[-119.376777,45.773487],[-119.375106,45.775033],[-119.365272,45.777762],[-119.362515,45.77993],[-119.359467,45.781133],[-119.355164,45.781595],[-119.353894,45.781305],[-119.354942,45.778112],[-119.353827,45.776368],[-119.354562,45.773939],[-119.354099,45.772633],[-119.355296,45.769726],[-119.355005,45.768739],[-119.355944,45.766424],[-119.355103,45.76354],[-119.355588,45.761806],[-119.353087,45.760293],[-119.350883,45.758073],[-119.347309,45.755414],[-119.347254,45.75492],[-119.344323,45.753671],[-119.341792,45.754072],[-119.340783,45.756458],[-119.339279,45.758175],[-119.339507,45.759129],[-119.337362,45.762963],[-119.335475,45.771884],[-119.334226,45.774322],[-119.331679,45.777006],[-119.327248,45.780267],[-119.32373,45.783636],[-119.32182,45.785759],[-119.321549,45.786979],[-119.321529,45.797242],[-119.319452,45.797494],[-119.303041,45.794326],[-119.286668,45.794825],[-119.255402,45.792685],[-119.248547,45.792006],[-119.247286,45.793244],[-119.248521,45.794607],[-119.248588,45.80579],[-119.243564,45.805805],[-119.242835,45.805975],[-119.242543,45.805808],[-119.225726,45.805826],[-119.225701,45.820292],[-119.227529,45.820291],[-119.2323,45.824704],[-119.236127,45.82598],[-119.236181,45.834754],[-119.225777,45.834907],[-119.22579,45.84351],[-119.219971,45.844709],[-119.216313,45.845058],[-119.20485,45.845169],[-119.204852,45.845814],[-119.201388,45.846719],[-119.198905,45.847921],[-119.190866,45.850138],[-119.187762,45.85127],[-119.18531,45.851401],[-119.18443,45.854451],[-119.181653,45.856245],[-119.180313,45.856493],[-119.173687,45.853607],[-119.171866,45.85382],[-119.170626,45.851412],[-119.166615,45.852591],[-119.165374,45.853545],[-119.16353,45.853029],[-119.162604,45.851828],[-119.158506,45.853637],[-119.158756,45.855442],[-119.157343,45.856127],[-119.154769,45.855512],[-119.154039,45.85413],[-119.150202,45.852993],[-119.148021,45.85144],[-119.148592,45.853788],[-119.14714,45.85393],[-119.146065,45.852323],[-119.142934,45.851982],[-119.141978,45.850051],[-119.137096,45.84927],[-119.137309,45.848392],[-119.134356,45.848569],[-119.130362,45.847928],[-119.121922,45.8482],[-119.122148,45.835404],[-119.117958,45.836972],[-119.115523,45.84003],[-119.112358,45.847048],[-119.100057,45.858782],[-119.086896,45.87504],[-119.070306,45.894423],[-119.068535,45.893326],[-119.065896,45.88798],[-119.064796,45.882981],[-119.062911,45.881411],[-119.057784,45.882321],[-119.052898,45.881298],[-119.047861,45.882601],[-119.042095,45.880593],[-119.039704,45.880397],[-119.034899,45.88247],[-119.03371,45.882562],[-119.029017,45.881213],[-119.026043,45.881705],[-119.022984,45.884374],[-119.020799,45.885631],[-119.017205,45.886524],[-119.013168,45.88678],[-119.010153,45.887427],[-119.00699,45.887275],[-119.009437,45.88851],[-119.008945,45.890105],[-119.00305,45.898393],[-119.003016,45.900399],[-118.998844,45.90486],[-118.996132,45.908734],[-118.991553,45.91174],[-118.990671,45.913476],[-118.992441,45.91519],[-118.985894,45.917387],[-118.976663,45.915737],[-118.977284,45.96028],[-118.974893,45.965911],[-118.974568,45.96998],[-118.977407,45.96907],[-118.977805,45.998862],[-118.976518469268,46.000021255619096],[-118.987129,45.999855],[-118.98719609037701,45.9997905520367],[-119.008558,45.97927],[-119.027056,45.969134],[-119.061462,45.958527],[-119.093221,45.942745],[-119.12612,45.932859],[-119.169496,45.927603],[-119.19553,45.92787],[-119.204349373269,45.92928711260039],[-119.225745,45.932725],[-119.25715,45.939926],[-119.265781460289,45.939035503867494],[-119.26582,45.931384],[-119.260146,45.930961],[-119.256969,45.931462],[-119.255169,45.930547],[-119.251632,45.930591],[-119.244944,45.929709],[-119.244862,45.922468],[-119.223891,45.922326],[-119.223904,45.918691],[-119.265535,45.919233],[-119.265529,45.912424],[-119.28119,45.914798],[-119.286635,45.915471],[-119.28658,45.91176],[-119.288743,45.911772],[-119.300708,45.913242],[-119.302201,45.911818],[-119.304078,45.911818],[-119.303124,45.908188],[-119.28644,45.900779],[-119.28645,45.893595],[-119.298125,45.893651],[-119.299297,45.893644],[-119.299699,45.895144],[-119.302172,45.904599],[-119.307177,45.90463],[-119.30742,45.904608],[-119.307473,45.903207],[-119.310858,45.905716],[-119.310401,45.91193],[-119.312377,45.912846],[-119.31246,45.915414],[-119.314136,45.9154],[-119.31571,45.915033],[-119.317788,45.915151],[-119.318044,45.909085],[-119.319715,45.907237],[-119.322922,45.901633],[-119.324196,45.902685],[-119.32583,45.905396],[-119.326645,45.905539],[-119.326134,45.903544],[-119.325815,45.89542],[-119.325234,45.893692],[-119.328178,45.893683],[-119.32816,45.886448],[-119.329651,45.886439],[-119.330326,45.883431],[-119.332106,45.879017],[-119.334553,45.875166],[-119.339801,45.869654],[-119.378109,45.84001],[-119.382007,45.835682],[-119.383412,45.832466],[-119.383763,45.82973],[-119.383807,45.813724],[-119.391344,45.813597],[-119.391414,45.807678],[-119.396348,45.807634],[-119.397491,45.808686],[-119.411771,45.808849],[-119.411767,45.818539],[-119.413531,45.820276],[-119.422355,45.820277],[-119.421015,45.821717],[-119.421075,45.839564],[-119.412734,45.851948],[-119.420091,45.854989],[-119.423786,45.85556],[-119.423727,45.85145],[-119.424517,45.850739],[-119.434659,45.850767],[-119.434772,45.828536],[-119.435024,45.826207],[-119.434809,45.807843],[-119.434694,45.80615],[-119.491929,45.813341],[-119.495721,45.814025],[-119.507884,45.81677],[-119.508062,45.816584],[-119.497527,45.813942],[-119.501119,45.814567],[-119.559986,45.828344],[-119.560107,45.823103],[-119.624033,45.833843]]]}},{"type":"Feature","properties":{"zcta5":"97886","AFFGEOID10":"8600000US97886","GEOID10":"97886","ALAND10":368695565,"AWATER10":187897,"county_name":"Umatilla","state_code":"OR","county_state":"Umatilla County, OR","county_fips":"41059","risk_level_county":"Medium Risk (70–79% vaccinated)","mean_vaccination_rate_county":76.4,"risk_level_zcta":"Medium Risk (70–79% vaccinated)","mean_vaccination_rate_zips":74.51,"cases":1},"geometry":{"type":"Polygon","coordinates":[[[-118.473726,45.860106],[-118.47554,45.858554],[-118.47734,45.854512],[-118.477459,45.849267],[-118.476043,45.844689],[-118.473869,45.842228],[-118.471711,45.841293],[-118.456473,45.841002],[-118.456478,45.837885],[-118.451592,45.837614],[-118.451269,45.834227],[-118.446053,45.833952],[-118.44698,45.804428],[-118.441956,45.804415],[-118.441225,45.804142],[-118.441104,45.797334],[-118.435704,45.797439],[-118.436055,45.7756],[-118.454421,45.775482],[-118.452703,45.774353],[-118.447128,45.767221],[-118.446023,45.766958],[-118.444839,45.765428],[-118.442432,45.764621],[-118.440998,45.7632],[-118.438121,45.763667],[-118.434264,45.762838],[-118.432744,45.763091],[-118.430048,45.762218],[-118.426575,45.761752],[-118.426293,45.76269],[-118.423871,45.762942],[-118.418713,45.762387],[-118.414364,45.75989],[-118.40931,45.757349],[-118.405565,45.754308],[-118.4024,45.750648],[-118.399522,45.748426],[-118.394618,45.745956],[-118.390912,45.745466],[-118.387692,45.745706],[-118.384737,45.746407],[-118.383693,45.747658],[-118.382166,45.747262],[-118.375373,45.744152],[-118.37371,45.743027],[-118.371404,45.740638],[-118.368886,45.739109],[-118.367468,45.73889],[-118.365376,45.738853],[-118.357182,45.740008],[-118.352185,45.742408],[-118.347382,45.743589],[-118.346106,45.745559],[-118.346108,45.748664],[-118.344131,45.750395],[-118.33896,45.752104],[-118.337511,45.753673],[-118.334409,45.75535],[-118.332906,45.755557],[-118.328461,45.754328],[-118.325691,45.752262],[-118.322124,45.750814],[-118.318165,45.750074],[-118.314282,45.747705],[-118.3126,45.746199],[-118.305924,45.74555],[-118.305313,45.745008],[-118.30684,45.742296],[-118.305608,45.741924],[-118.302606,45.741519],[-118.298492,45.74201],[-118.294011,45.741485],[-118.292118,45.741586],[-118.290225,45.742512],[-118.287546,45.745217],[-118.285033,45.746263],[-118.2847,45.747999],[-118.285794,45.749588],[-118.285321,45.751108],[-118.276229,45.75694],[-118.281117,45.758178],[-118.284143,45.75736],[-118.287408,45.757915],[-118.288885,45.760371],[-118.288179,45.761351],[-118.290272,45.763048],[-118.284308,45.764523],[-118.283796,45.766978],[-118.278089,45.766983],[-118.277095,45.768033],[-118.273976,45.769299],[-118.270017,45.766848],[-118.260937,45.766858],[-118.257329,45.76716],[-118.255017,45.766162],[-118.249794,45.76597],[-118.235544,45.765791],[-118.232232,45.766369],[-118.229865,45.765931],[-118.232365,45.765037],[-118.237205,45.76269],[-118.243061,45.762469],[-118.245373,45.76157],[-118.248337,45.758698],[-118.248297,45.75778],[-118.246169,45.75257],[-118.242499,45.749857],[-118.238809,45.745116],[-118.239339,45.742518],[-118.231133,45.742101],[-118.229141,45.741562],[-118.224593,45.742793],[-118.214034,45.737173],[-118.211539,45.734099],[-118.209713,45.733619],[-118.208266,45.732409],[-118.204239,45.731561],[-118.202516,45.731633],[-118.199141,45.729214],[-118.196409,45.728477],[-118.194269,45.729401],[-118.19234,45.727808],[-118.189667,45.726804],[-118.18881,45.725654],[-118.18395,45.726805],[-118.181236,45.726437],[-118.176225,45.726534],[-118.173453,45.727953],[-118.170895,45.727912],[-118.164463,45.73079],[-118.16175,45.730161],[-118.155792,45.732048],[-118.15036,45.732477],[-118.147329,45.73338],[-118.143727,45.733191],[-118.136793,45.731127],[-118.134757,45.731121],[-118.130014,45.729538],[-118.126057,45.728786],[-118.121997,45.728483],[-118.120483,45.728809],[-118.115527,45.72843],[-118.111298,45.729443],[-118.110146,45.730795],[-118.108526,45.731194],[-118.105658,45.730821],[-118.096783,45.732],[-118.094279,45.731628],[-118.090934,45.733375],[-118.087435,45.734169],[-118.084461,45.734089],[-118.079757,45.736015],[-118.076312,45.736367],[-118.070729,45.736208],[-118.066513,45.737574],[-118.066506,45.77346],[-118.045102,45.773538],[-118.045003,45.817073],[-117.973678,45.816897],[-117.972967,45.819332],[-117.973515,45.825324],[-117.973058,45.828944],[-117.97298,45.860595],[-117.977639,45.860602],[-117.977613,45.883431],[-117.978475,45.879923],[-117.979487,45.878721],[-117.985275,45.876228],[-117.986664,45.872344],[-117.988185,45.869897],[-117.99138,45.867783],[-117.991009,45.866428],[-117.993166,45.863469],[-117.995724,45.861356],[-117.997514,45.860877],[-118.001499,45.857387],[-118.008615,45.855937],[-118.011175,45.855137],[-118.018188,45.854043],[-118.020175,45.853171],[-118.02268,45.853095],[-118.025406,45.851088],[-118.028232,45.850946],[-118.035652,45.849231],[-118.039101,45.845254],[-118.041668,45.845029],[-118.042712,45.844228],[-118.046371,45.843461],[-118.05109,45.842986],[-118.051744,45.842227],[-118.054378,45.843356],[-118.059441,45.841964],[-118.059591,45.840576],[-118.061271,45.839627],[-118.064096,45.839917],[-118.068696,45.839478],[-118.069638,45.840027],[-118.073119,45.840261],[-118.07569,45.839874],[-118.085874,45.842049],[-118.090956,45.842167],[-118.097886,45.84152],[-118.100432,45.843677],[-118.102686,45.843614],[-118.104712,45.844672],[-118.10723,45.844606],[-118.112428,45.842354],[-118.115501,45.840122],[-118.121002,45.837868],[-118.124707,45.837394],[-118.127574,45.837891],[-118.130193,45.837364],[-118.136588,45.834418],[-118.138484,45.832189],[-118.140446,45.832179],[-118.142913,45.831204],[-118.142936,45.83041],[-118.147164,45.829224],[-118.153011,45.828695],[-118.15359,45.828107],[-118.152309,45.824632],[-118.152297,45.820959],[-118.15134,45.817464],[-118.152063,45.816291],[-118.151378,45.814073],[-118.150075,45.81258],[-118.153399,45.811912],[-118.152702,45.814246],[-118.155753,45.81683],[-118.155694,45.818567],[-118.15665,45.820646],[-118.161666,45.821333],[-118.16436,45.819138],[-118.164725,45.817789],[-118.167671,45.816441],[-118.167638,45.819801],[-118.168324,45.820601],[-118.170384,45.819344],[-118.171201,45.819733],[-118.171004,45.822407],[-118.171952,45.823116],[-118.172868,45.81923],[-118.171986,45.817013],[-118.170712,45.815938],[-118.170876,45.813515],[-118.169046,45.812875],[-118.165122,45.813766],[-118.169013,45.81212],[-118.172478,45.811984],[-118.173654,45.814544],[-118.175191,45.814339],[-118.175616,45.813447],[-118.174472,45.811618],[-118.171835,45.809401],[-118.170864,45.806454],[-118.172297,45.804902],[-118.179959,45.808485],[-118.183783,45.809414],[-118.186487,45.811156],[-118.186546,45.812824],[-118.188457,45.813879],[-118.190529,45.813884],[-118.194278,45.814877],[-118.194504,45.817283],[-118.199122,45.820309],[-118.200854,45.821833],[-118.202071,45.824101],[-118.205174,45.827241],[-118.206624,45.828037],[-118.211354,45.829347],[-118.213838,45.829581],[-118.2166,45.830896],[-118.221067,45.835747],[-118.224286,45.838324],[-118.228803,45.839497],[-118.236363,45.842793],[-118.237834,45.844239],[-118.240496,45.844508],[-118.246713,45.84586],[-118.249704,45.847121],[-118.252874,45.849167],[-118.255649,45.852058],[-118.256014,45.854475],[-118.258085,45.855886],[-118.258911,45.859613],[-118.260259,45.860832],[-118.262107,45.860626],[-118.265766,45.85801],[-118.277407,45.858224],[-118.281379,45.859806],[-118.284946,45.860491],[-118.287773,45.862588],[-118.289291,45.862748],[-118.292695,45.861409],[-118.294512,45.861496],[-118.296562,45.862828],[-118.301609,45.862229],[-118.306764,45.858165],[-118.311967,45.856437],[-118.316559,45.855723],[-118.318495,45.856948],[-118.317243,45.8607],[-118.317637,45.861768],[-118.319656,45.862051],[-118.322278,45.861497],[-118.324551,45.861689],[-118.328662,45.863279],[-118.345691,45.863092],[-118.349738,45.864763],[-118.351673,45.862366],[-118.351247,45.860237],[-118.352906,45.858624],[-118.347111,45.854764],[-118.340932,45.851434],[-118.331089,45.848662],[-118.325646,45.848797],[-118.320312,45.849984],[-118.318561,45.850866],[-118.31595,45.850721],[-118.306161,45.853849],[-118.305344,45.853657],[-118.304287,45.851058],[-118.302757,45.849558],[-118.301986,45.847657],[-118.298661,45.845255],[-118.296609,45.842794],[-118.295499,45.839342],[-118.293599,45.83498],[-118.294014,45.833754],[-118.298474,45.835214],[-118.308019,45.836117],[-118.313728,45.83622],[-118.319733,45.837243],[-118.325951,45.835222],[-118.328735,45.833356],[-118.330671,45.833231],[-118.336989,45.837897],[-118.339264,45.838936],[-118.343662,45.842106],[-118.345436,45.842503],[-118.348594,45.841136],[-118.35231,45.840964],[-118.348747,45.838948],[-118.348604,45.83702],[-118.350676,45.838169],[-118.351562,45.835957],[-118.352927,45.835114],[-118.359535,45.836434],[-118.365411,45.837238],[-118.366786,45.838459],[-118.371774,45.840375],[-118.374386,45.842022],[-118.380711,45.844906],[-118.379536,45.844917],[-118.373731,45.849639],[-118.373345,45.851082],[-118.373547,45.859272],[-118.371253,45.860748],[-118.371473,45.873668],[-118.395543,45.874071],[-118.399898,45.859689],[-118.399553,45.855711],[-118.400869,45.853755],[-118.405901,45.850607],[-118.410764,45.845762],[-118.413331,45.845759],[-118.41324,45.860401],[-118.414941,45.859719],[-118.417746,45.859886],[-118.46116,45.86045],[-118.463128,45.859403],[-118.464396,45.85753],[-118.468662,45.857724],[-118.473726,45.860106]]]}},{"type":"Feature","properties":{"zcta5":"99362","AFFGEOID10":"8600000US99362","GEOID10":"99362","ALAND10":830294711,"AWATER10":312780,"county_name":"Umatilla","state_code":"OR","county_state":"Umatilla County, OR","county_fips":"41059","risk_level_county":"Medium Risk (70–79% vaccinated)","mean_vaccination_rate_county":76.4,"risk_level_zcta":"Medium Risk (70–79% vaccinated)","mean_vaccination_rate_zips":70.78,"cases":1},"geometry":{"type":"Polygon","coordinates":[[[-118.58038,46.221695],[-118.580356,46.209114],[-118.575762,46.209092],[-118.580113,46.202554],[-118.580547,46.20148],[-118.560267,46.185228],[-118.56211,46.183622],[-118.565875,46.182618],[-118.569469,46.183621],[-118.572027,46.185925],[-118.574588,46.185267],[-118.576608,46.181605],[-118.578215,46.175933],[-118.577241,46.173287],[-118.578407,46.169344],[-118.581109,46.165448],[-118.554347,46.165379],[-118.554612,46.135391],[-118.554776,46.110278],[-118.555819,46.108703],[-118.554833,46.107408],[-118.554752,46.063972],[-118.569207,46.063905],[-118.572692,46.062736],[-118.575821,46.062532],[-118.575856,46.059992],[-118.578202,46.059363],[-118.580175,46.057677],[-118.580654,46.055831],[-118.590278,46.056754],[-118.591223,46.055071],[-118.591376,46.052165],[-118.589212,46.052832],[-118.588148,46.052064],[-118.582814,46.052263],[-118.581395,46.051303],[-118.577353,46.050601],[-118.574809,46.051019],[-118.573107,46.049549],[-118.569939,46.049944],[-118.564944,46.049582],[-118.561714,46.049972],[-118.557586,46.047925],[-118.554994,46.04804],[-118.554872,46.028692],[-118.552925,46.028434],[-118.550618,46.027085],[-118.543545,46.027051],[-118.540774,46.026024],[-118.539033,46.026227],[-118.534387,46.024608],[-118.533993,46.026215],[-118.530142,46.025446],[-118.523473,46.023617],[-118.522087,46.023655],[-118.517426,46.022249],[-118.514347,46.022275],[-118.51453,46.020029],[-118.451846,46.020116],[-118.452841,46.018932],[-118.453092,46.016749],[-118.452352,46.015695],[-118.451092,46.01445],[-118.446981,46.014039],[-118.441415,46.012103],[-118.439635,46.009218],[-118.43873,46.009267],[-118.437375,46.006365],[-118.438454,46.00637],[-118.438627,46.004774],[-118.437478,46.003457],[-118.439627,46.002421],[-118.43902113867901,46.0006120789865],[-118.408017101306,46.0005926167353],[-118.405056104356,46.000590758020294],[-118.404801751801,46.0005905983549],[-118.403817114887,46.000589980266],[-118.38729309503401,46.00057960759669],[-118.382330965892,46.0005764927055],[-118.37836,46.000574],[-118.36779,46.000622],[-118.314982,46.000453],[-118.283526,46.000787],[-118.256368,46.000439],[-118.25253,46.000459],[-118.236584,46.000418],[-118.228941,46.000421],[-118.18013404330301,46.0005858227404],[-118.180191,45.994935],[-118.175817,45.99035],[-118.174189,45.987916],[-118.169171,45.98497],[-118.167882,45.983661],[-118.163429,45.982551],[-118.160768,45.980995],[-118.158313,45.980382],[-118.154363,45.978282],[-118.151962,45.975745],[-118.150494,45.975198],[-118.150011,45.973733],[-118.147097,45.972728],[-118.142668,45.967965],[-118.137184,45.965587],[-118.131082,45.959622],[-118.128285,45.957743],[-118.126384,45.955218],[-118.123743,45.954015],[-118.122561,45.955441],[-118.119726,45.949454],[-118.120279,45.945911],[-118.121488,45.943236],[-118.122009,45.93983],[-118.123187,45.938297],[-118.122236,45.937178],[-118.120244,45.9368],[-118.114878,45.934622],[-118.113094,45.937068],[-118.109784,45.936223],[-118.109898,45.932506],[-118.112504,45.930172],[-118.111477,45.929412],[-118.109796,45.926035],[-118.109327,45.92292],[-118.108091,45.922147],[-118.105551,45.921297],[-118.102606,45.921407],[-118.099095,45.923283],[-118.097131,45.925621],[-118.095363,45.926765],[-118.096245,45.930665],[-118.091939,45.930274],[-118.0895,45.931041],[-118.08249,45.9307],[-118.080852,45.9315],[-118.077674,45.931843],[-118.076265,45.933329],[-118.072891,45.93493],[-118.071745,45.936507],[-118.072073,45.938153],[-118.070304,45.936347],[-118.070337,45.939319],[-118.068273,45.939365],[-118.066405,45.936439],[-118.064432,45.93427],[-118.061331,45.935636],[-118.061337,45.937673],[-118.058626,45.938459],[-118.058346,45.940087],[-118.054937,45.939936],[-118.054052,45.941399],[-118.051791,45.94133],[-118.049169,45.942496],[-118.046515,45.941078],[-118.04716,45.937137],[-118.045375,45.936904],[-118.045175,45.939529],[-118.046384,45.942084],[-118.040748,45.942952],[-118.039469,45.94565],[-118.039665,45.946862],[-118.037043,45.947318],[-118.036158,45.949398],[-118.035042,45.949672],[-118.03334,45.946266],[-118.033177,45.944689],[-118.031375,45.944437],[-118.030753,45.943202],[-118.031246,45.941328],[-118.028626,45.939201],[-118.031477,45.937945],[-118.027643,45.939201],[-118.029411,45.941281],[-118.027902,45.943773],[-118.025314,45.94304],[-118.021872,45.943931],[-118.019776,45.942901],[-118.01722,45.943129],[-118.012107,45.944887],[-118.009289,45.944337],[-118.00811,45.942896],[-118.006341,45.942827],[-118.003881,45.944837],[-118.002408,45.943808],[-118.00105,45.944356],[-117.999859,45.946184],[-117.998712,45.946368],[-117.996323,45.949318],[-117.994559,45.949837],[-117.989981,45.949613],[-117.987227,45.948314],[-117.983848,45.948367],[-117.982173,45.949386],[-117.978571,45.949483],[-117.977732,45.952304],[-117.977657,46.000152],[-117.977763333966,46.0007238054769],[-117.996911,46.000787],[-117.99694971271,46.000786848785495],[-117.996495,46.005967],[-117.9955,46.012889],[-117.993109,46.019722],[-117.993455,46.026815],[-117.993109,46.033792],[-117.99215,46.038272],[-117.992146,46.04143],[-117.993237,46.06274],[-118.01299,46.06361],[-118.033705,46.063592],[-118.04918,46.063991],[-118.051771,46.066225],[-118.054218,46.067008],[-118.055302,46.068194],[-118.057922,46.069593],[-118.059062,46.071034],[-118.062216,46.0723],[-118.064544,46.071692],[-118.065667,46.072015],[-118.068603,46.075673],[-118.069641,46.077668],[-118.073037,46.078062],[-118.074455,46.078642],[-118.173115,46.078671],[-118.175071,46.079791],[-118.179272,46.081067],[-118.179264,46.085906],[-118.200033,46.086228],[-118.200061,46.093179],[-118.242088,46.093043],[-118.24206,46.103121],[-118.239138,46.103998],[-118.235831,46.106127],[-118.23665,46.106948],[-118.236555,46.120127],[-118.233598,46.119885],[-118.222552,46.118262],[-118.219905,46.116887],[-118.214285,46.119262],[-118.209814,46.120561],[-118.204819,46.123588],[-118.193392,46.127581],[-118.186073,46.129733],[-118.168536,46.136427],[-118.166724,46.136708],[-118.163389,46.138573],[-118.158503,46.13963],[-118.156797,46.141967],[-118.157611,46.144221],[-118.158459,46.150557],[-118.158111,46.152093],[-118.155091,46.155268],[-118.150061,46.163507],[-118.14989,46.167848],[-118.153674,46.168641],[-118.161495,46.161685],[-118.188262,46.161344],[-118.210483,46.156811],[-118.210485,46.158925],[-118.207511,46.159229],[-118.206026,46.159855],[-118.204966,46.161261],[-118.204022,46.163888],[-118.200082,46.171167],[-118.2103,46.174756],[-118.214741,46.17717],[-118.216379,46.178796],[-118.21919,46.179652],[-118.220505,46.181658],[-118.220995,46.183471],[-118.224301,46.186045],[-118.226323,46.186757],[-118.234661,46.184754],[-118.245805,46.180643],[-118.248826,46.179051],[-118.250841,46.177072],[-118.25404,46.170832],[-118.252326,46.168647],[-118.257004,46.166282],[-118.259936,46.163998],[-118.269386,46.161688],[-118.277202,46.161846],[-118.280739,46.163323],[-118.287606,46.165218],[-118.293868,46.165175],[-118.300658,46.164601],[-118.310385,46.16716],[-118.310172,46.170426],[-118.309104,46.17229],[-118.304426,46.175805],[-118.304586,46.181806],[-118.306197,46.183852],[-118.306796,46.188164],[-118.306243,46.190364],[-118.305831,46.19546],[-118.303736,46.200315],[-118.301831,46.205532],[-118.30202,46.207732],[-118.30295,46.208594],[-118.313623,46.208544],[-118.303083,46.208688],[-118.305354,46.210909],[-118.305724,46.2134],[-118.308148,46.216597],[-118.305304,46.222111],[-118.304102,46.225013],[-118.30301,46.22973],[-118.304322,46.233554],[-118.30329,46.237543],[-118.293696,46.237451],[-118.294079,46.250821],[-118.298325,46.251828],[-118.301702,46.252019],[-118.301151,46.2553],[-118.29952,46.259189],[-118.296988,46.263682],[-118.292625,46.274372],[-118.293604,46.277724],[-118.293723,46.293183],[-118.29767,46.293534],[-118.300265,46.294048],[-118.300306,46.29207],[-118.309872,46.293861],[-118.314539,46.293036],[-118.314369,46.290428],[-118.313321,46.288846],[-118.311239,46.287427],[-118.310781,46.283703],[-118.311249,46.281535],[-118.313442,46.276367],[-118.318257,46.270365],[-118.320694,46.264687],[-118.323126,46.260931],[-118.325637,46.255719],[-118.328342,46.254637],[-118.338514,46.253463],[-118.341473,46.250661],[-118.342187,46.246461],[-118.343428,46.244002],[-118.346602,46.242628],[-118.353054,46.237668],[-118.358797,46.23713],[-118.362314,46.237544],[-118.369315,46.237267],[-118.371558,46.235106],[-118.378692,46.231508],[-118.381579,46.228581],[-118.38494,46.226149],[-118.39245,46.219198],[-118.39317,46.215728],[-118.392455,46.214084],[-118.383424,46.201053],[-118.381718,46.198352],[-118.381441,46.196799],[-118.382209,46.194679],[-118.38222,46.189393],[-118.383147,46.173884],[-118.381595,46.166767],[-118.379338,46.162254],[-118.379045,46.156763],[-118.377877,46.155159],[-118.372608,46.152596],[-118.372688,46.149981],[-118.376876,46.148719],[-118.381091,46.148315],[-118.386592,46.148713],[-118.389031,46.148336],[-118.391684,46.147185],[-118.392996,46.145737],[-118.392586,46.144859],[-118.394536,46.143549],[-118.398688,46.142815],[-118.401232,46.139321],[-118.401186,46.137643],[-118.404856,46.13591],[-118.405891,46.133052],[-118.40732,46.132669],[-118.408331,46.130864],[-118.410431,46.128961],[-118.412517,46.128907],[-118.413679,46.130463],[-118.430032,46.122448],[-118.42992,46.140679],[-118.428807,46.141896],[-118.430786,46.150746],[-118.492234,46.15075],[-118.492593,46.165343],[-118.491967,46.287426],[-118.496951,46.286426],[-118.499279,46.288245],[-118.504121,46.289592],[-118.50754,46.288727],[-118.510936,46.28671],[-118.513333,46.287385],[-118.516554,46.286882],[-118.519377,46.288902],[-118.52585,46.289771],[-118.531128,46.289125],[-118.534397,46.286767],[-118.534463,46.282203],[-118.538657,46.27877],[-118.539789,46.277119],[-118.542773,46.274893],[-118.543731,46.272233],[-118.54593,46.270971],[-118.549545,46.270313],[-118.555091,46.266984],[-118.558136,46.265712],[-118.561482,46.262514],[-118.563886,46.262426],[-118.564875,46.260912],[-118.567168,46.259491],[-118.571423,46.257544],[-118.572443,46.258762],[-118.573819,46.258059],[-118.578089,46.257335],[-118.578714,46.256775],[-118.579938,46.252145],[-118.579843,46.249858],[-118.578098,46.247622],[-118.580296,46.247561],[-118.580683,46.245965],[-118.581988,46.246304],[-118.582817,46.245525],[-118.581188,46.243809],[-118.58473,46.24298],[-118.585101,46.241954],[-118.583456,46.240819],[-118.585621,46.23965],[-118.586617,46.238245],[-118.585248,46.236419],[-118.58354,46.235388],[-118.584417,46.234274],[-118.580683,46.233458],[-118.583617,46.23021],[-118.581104,46.229908],[-118.579941,46.22874],[-118.581134,46.227149],[-118.578486,46.225943],[-118.578327,46.223902],[-118.576382,46.222465],[-118.576761,46.221451],[-118.58038,46.221695]],[[-118.409557,46.034607],[-118.409449,46.042061],[-118.409455,46.049299],[-118.407948,46.049304],[-118.403352,46.049314],[-118.401673,46.049322],[-118.399033,46.049326],[-118.397047,46.049939],[-118.397161,46.052513],[-118.394254,46.053146],[-118.393033,46.05459],[-118.389444,46.054608],[-118.389441,46.05662],[-118.388426,46.056623],[-118.388469,46.054613],[-118.387533,46.054379],[-118.377475,46.056295],[-118.378115,46.056851],[-118.378187,46.059894],[-118.37235,46.060253],[-118.372312,46.057115],[-118.374316,46.056761],[-118.361511,46.042253],[-118.363678,46.042374],[-118.36771,46.039968],[-118.367707,46.035462],[-118.371831,46.034879],[-118.371815,46.033621],[-118.373481,46.033797],[-118.372964,46.031164],[-118.378461,46.031166],[-118.376783,46.03362],[-118.373152,46.034927],[-118.374997,46.034883],[-118.3854,46.029225],[-118.387976,46.027521],[-118.404399,46.027514],[-118.404346,46.030239],[-118.398577,46.03155],[-118.393599,46.031476],[-118.392582,46.032798],[-118.389983,46.032254],[-118.390243,46.033121],[-118.388647,46.034853],[-118.397794,46.034817],[-118.399521,46.034552],[-118.403717,46.032845],[-118.404306,46.033366],[-118.404265,46.037712],[-118.406986,46.038042],[-118.407231,46.036166],[-118.409216,46.036046],[-118.409557,46.034607]]]}},{"type":"Feature","properties":{"zcta5":"97880","AFFGEOID10":"8600000US97880","GEOID10":"97880","ALAND10":810706448,"AWATER10":19696,"county_name":"Umatilla","state_code":"OR","county_state":"Umatilla County, OR","county_fips":"41059","risk_level_county":"Medium Risk (70–79% vaccinated)","mean_vaccination_rate_county":76.4,"risk_level_zcta":"Uninhabited","mean_vaccination_rate_zips":null,"cases":1},"geometry":{"type":"Polygon","coordinates":[[[-118.998843,45.25762],[-119.000687,45.257288],[-119.001456,45.256033],[-119.000733,45.253882],[-119.002736,45.251576],[-119.005649,45.251029],[-119.009701,45.248591],[-119.010091,45.2469],[-119.01242,45.247404],[-119.014589,45.24649],[-119.019152,45.246217],[-119.023179,45.24543],[-119.023098,45.212225],[-119.020663,45.210541],[-119.018658,45.209786],[-119.01206,45.210927],[-119.006958,45.210255],[-119.002409,45.211165],[-118.999722,45.210976],[-118.99952,45.208264],[-119.000404,45.206999],[-118.999057,45.206438],[-118.99908,45.20402],[-119.001518,45.203674],[-119.001531,45.202969],[-119.005147,45.203428],[-119.006602,45.203017],[-119.007089,45.200892],[-119.008966,45.198881],[-119.008743,45.194722],[-119.008161,45.193675],[-119.002975,45.191303],[-118.997819,45.192433],[-118.999845,45.190335],[-119.004895,45.19012],[-119.007078,45.189103],[-119.00556,45.185672],[-119.005424,45.183303],[-119.0088,45.181923],[-119.011648,45.181434],[-119.012332,45.180087],[-119.013701,45.180005],[-119.013932,45.173698],[-119.01587,45.174543],[-119.019457,45.17523],[-119.023046,45.175242],[-119.02304,45.170985],[-119.026939,45.17099],[-119.029063,45.169838],[-119.028992,45.167667],[-119.026499,45.16657],[-119.026077,45.165243],[-119.027331,45.161974],[-119.029201,45.16147],[-119.027722,45.15994],[-119.025239,45.159575],[-119.024502,45.157816],[-119.026288,45.15576],[-119.024156,45.153931],[-119.028105,45.153513],[-119.032482,45.156403],[-119.036365,45.157783],[-119.039344,45.155889],[-119.042519,45.156124],[-119.046447,45.154438],[-119.045575,45.153249],[-119.046964,45.150507],[-119.04745,45.146455],[-119.045996,45.145169],[-119.047288,45.144822],[-119.046158,45.143283],[-119.046546,45.141265],[-119.049388,45.140258],[-119.05039,45.138326],[-119.052457,45.138121],[-119.056979,45.136613],[-119.060208,45.136589],[-119.061985,45.134258],[-119.064563,45.133353],[-119.06573,45.131515],[-119.067539,45.131721],[-119.073674,45.133457],[-119.076128,45.13124],[-119.074254,45.128841],[-119.073737,45.127286],[-119.069623,45.124861],[-119.066571,45.120999],[-119.060691,45.118878],[-119.056904,45.11804],[-119.052753,45.116139],[-119.051733,45.117196],[-119.049903,45.116695],[-119.049753,45.11535],[-119.048337,45.115179],[-119.045801,45.116418],[-119.045442,45.112806],[-119.041762,45.111091],[-119.038896,45.110799],[-119.036457,45.11308],[-119.037486,45.113671],[-119.036075,45.115117],[-119.030604,45.116154],[-119.025346,45.117637],[-119.022827,45.117073],[-119.018575,45.118288],[-119.018464,45.119762],[-119.017188,45.12144],[-119.011104,45.123209],[-119.009362,45.124865],[-119.006834,45.125873],[-119.004456,45.125368],[-119.003796,45.126865],[-119.001097,45.127822],[-118.997658,45.130023],[-118.99671,45.127714],[-118.997528,45.126174],[-118.997928,45.121922],[-118.998905,45.12015],[-118.997255,45.116928],[-118.996028,45.116837],[-118.996385,45.118734],[-118.994905,45.123421],[-118.994389,45.123992],[-118.993321,45.121593],[-118.990315,45.1178],[-118.98896,45.118692],[-118.985984,45.115926],[-118.983782,45.116146],[-118.983101,45.116804],[-118.982768,45.1196],[-118.984472,45.121506],[-118.984112,45.122757],[-118.982396,45.123548],[-118.981769,45.125925],[-118.976909,45.127916],[-118.972859,45.127672],[-118.97272,45.125879],[-118.977603,45.122614],[-118.97729,45.121445],[-118.974582,45.1193],[-118.973911,45.114181],[-118.97229,45.112247],[-118.974028,45.110372],[-118.978364,45.110027],[-118.982194,45.110635],[-118.982854,45.109535],[-118.980768,45.10764],[-118.981328,45.106794],[-118.984474,45.106271],[-118.986255,45.10363],[-118.985613,45.101436],[-118.986878,45.098866],[-118.984326,45.096755],[-118.984249,45.094268],[-118.985052,45.091166],[-118.980685,45.089127],[-118.979795,45.087959],[-118.98034,45.085577],[-118.983105,45.083225],[-118.984275,45.081571],[-118.987452,45.079104],[-118.985878,45.07666],[-118.985744,45.072601],[-118.982895,45.068766],[-118.977923,45.06711],[-118.975182,45.065533],[-118.973715,45.062001],[-118.970856,45.059466],[-118.969159,45.054888],[-118.973793,45.050826],[-118.977035,45.050067],[-118.980783,45.048315],[-118.981316,45.044513],[-118.983741,45.041478],[-118.983624,45.03904],[-118.982051,45.037239],[-118.984415,45.038527],[-118.986064,45.041735],[-118.986058,45.043178],[-118.98665,45.041241],[-118.986348,45.038348],[-118.987861,45.036768],[-118.991393,45.035377],[-118.997577,45.03466],[-118.999979,45.036015],[-118.999456,45.039149],[-119.001237,45.039337],[-119.000443,45.03782],[-119.004564,45.036182],[-119.010496,45.036322],[-119.015234,45.037192],[-119.017006,45.038129],[-119.018553,45.040507],[-119.017005,45.040644],[-119.016551,45.04494],[-119.016935,45.048414],[-119.017965,45.049946],[-119.017769,45.053397],[-119.018285,45.055317],[-119.022058,45.054358],[-119.023929,45.054519],[-119.028442,45.056121],[-119.03128,45.056281],[-119.03199,45.057813],[-119.03715,45.056602],[-119.039826,45.057905],[-119.045114,45.059255],[-119.048244,45.059598],[-119.050726,45.061084],[-119.054887,45.061837],[-119.059983,45.064878],[-119.064466,45.065678],[-119.063272,45.063049],[-119.061949,45.062752],[-119.060591,45.060809],[-119.061073,45.058638],[-119.060556,45.057313],[-119.057233,45.054638],[-119.063982,45.058728],[-119.064635,45.057962],[-119.064089,45.055717],[-119.062918,45.05436],[-119.06354,45.051995],[-119.061177,45.05342],[-119.060853,45.05057],[-119.064851,45.047691],[-119.064368,45.045908],[-119.065963,45.04183],[-119.070479,45.041382],[-119.076477,45.041894],[-119.078101,45.039004],[-119.082131,45.040763],[-119.086679,45.04323],[-119.089194,45.043869],[-119.092483,45.04572],[-119.094416,45.043228],[-119.096931,45.042884],[-119.095544,45.041765],[-119.100606,45.042426],[-119.102734,45.043111],[-119.109216,45.043429],[-119.112022,45.045186],[-119.11198,45.043472],[-119.113621,45.04223],[-119.116654,45.041487],[-119.121516,45.041397],[-119.124079,45.043306],[-119.126852,45.043951],[-119.128245,45.045825],[-119.134979,45.0485],[-119.140815,45.048456],[-119.142964,45.049157],[-119.152294,45.049078],[-119.151752,45.051402],[-119.156844,45.048864],[-119.159289,45.050435],[-119.163061,45.050858],[-119.162966,44.996241],[-119.161628,44.996241],[-119.042574,44.9959],[-118.982525,44.996866],[-118.982107,44.99467],[-118.980839,44.993192],[-118.980707,44.98984],[-118.985025,44.984743],[-118.985777,44.982846],[-118.988435,44.983371],[-118.986492,44.980219],[-118.987597,44.978894],[-118.991951,44.977223],[-118.990404,44.976584],[-118.990886,44.975395],[-118.993235,44.973702],[-118.997194,44.972191],[-118.998547,44.972488],[-119.002427,44.975166],[-119.003737,44.975409],[-119.005731,44.977956],[-119.007407,44.979109],[-119.009005,44.981249],[-119.012529,44.982902],[-119.016134,44.981058],[-119.019098,44.977422],[-119.020437,44.974306],[-119.020606,44.971473],[-119.025062,44.967366],[-119.027186,44.964878],[-119.031828,44.963298],[-119.037059,44.963982],[-119.043242,44.963314],[-119.04585,44.961714],[-119.045947,44.959726],[-119.044982,44.957097],[-119.049232,44.956936],[-119.050037,44.955245],[-119.052001,44.954582],[-119.052548,44.953416],[-119.04795,44.949408],[-119.049871,44.947333],[-119.051306,44.944436],[-119.052842,44.942703],[-119.052253,44.940512],[-119.052656,44.936909],[-119.054996,44.935816],[-119.048012,44.935221],[-119.043926,44.933552],[-119.037652,44.928431],[-119.033697,44.922533],[-119.031092,44.919789],[-119.03,44.917115],[-119.028231,44.915126],[-119.027236,44.912679],[-119.023399,44.913292],[-119.020324,44.912133],[-119.013607,44.911926],[-119.006194,44.91532],[-119.001201,44.917275],[-118.999845,44.917245],[-118.994922,44.914848],[-118.992259,44.910899],[-118.988119,44.907989],[-118.986426,44.908141],[-118.982599,44.909764],[-118.978663,44.909314],[-118.973485,44.909286],[-118.970206,44.906948],[-118.97146,44.903512],[-118.968148,44.899824],[-118.967731,44.898358],[-118.968439,44.896137],[-118.969983,44.893639],[-118.967726,44.89241],[-118.966335,44.888556],[-118.963063,44.887698],[-118.962054,44.88931],[-118.962147,44.892461],[-118.960258,44.8936],[-118.955879,44.893837],[-118.956428,44.893228],[-118.955398,44.891263],[-118.952214,44.889869],[-118.951762,44.886737],[-118.950991,44.885937],[-118.947486,44.884909],[-118.945492,44.882303],[-118.942791,44.880543],[-118.943241,44.879103],[-118.944943,44.878807],[-118.949439,44.881278],[-118.953935,44.881852],[-118.952688,44.880854],[-118.951548,44.878176],[-118.954868,44.875868],[-118.954483,44.872927],[-118.953498,44.871015],[-118.949659,44.869618],[-118.948653,44.867025],[-118.950155,44.865344],[-118.94946,44.862897],[-118.945273,44.864433],[-118.940768,44.865655],[-118.938132,44.864055],[-118.93943,44.865828],[-118.938934,44.867758],[-118.937949,44.868225],[-118.934383,44.87235],[-118.933449,44.87801],[-118.933924,44.88108],[-118.935686,44.884749],[-118.934978,44.885778],[-118.933242,44.887012],[-118.931377,44.887241],[-118.928353,44.886166],[-118.927324,44.886737],[-118.926391,44.88964],[-118.92443,44.890532],[-118.925265,44.892338],[-118.921368,44.89385],[-118.921011,44.895406],[-118.918144,44.895043],[-118.917218,44.896068],[-118.918864,44.897663],[-118.924814,44.901756],[-118.92327,44.902875],[-118.917222,44.902897],[-118.915257,44.902509],[-118.912429,44.901087],[-118.907298,44.900084],[-118.904487,44.900036],[-118.90243,44.897841],[-118.900693,44.896903],[-118.895808,44.89281],[-118.894459,44.890912],[-118.887158,44.88806],[-118.891085,44.88623],[-118.892888,44.884465],[-118.888259,44.88268],[-118.885494,44.88229],[-118.878388,44.883064],[-118.874348,44.885804],[-118.872485,44.887794],[-118.872294,44.889189],[-118.873162,44.893172],[-118.872963,44.895996],[-118.867841,44.896377],[-118.861843,44.895611],[-118.859454,44.895697],[-118.858496,44.896871],[-118.860664,44.899856],[-118.861533,44.902237],[-118.864416,44.903],[-118.863785,44.904658],[-118.864138,44.907582],[-118.865899,44.910952],[-118.866755,44.911595],[-118.867102,44.914785],[-118.870371,44.918656],[-118.870668,44.920861],[-118.869465,44.922024],[-118.867381,44.922625],[-118.866287,44.924354],[-118.866468,44.926718],[-118.868121,44.927861],[-118.868484,44.929746],[-118.867708,44.931419],[-118.870232,44.933097],[-118.869142,44.937081],[-118.871099,44.940692],[-118.87608,44.941216],[-118.878188,44.944307],[-118.880032,44.945039],[-118.878866,44.946473],[-118.879347,44.947623],[-118.88151,44.948008],[-118.881442,44.951985],[-118.883147,44.953495],[-118.877954,44.958123],[-118.878114,44.955836],[-118.879251,44.954876],[-118.877516,44.950703],[-118.87608,44.948747],[-118.874095,44.947981],[-118.872452,44.946222],[-118.871391,44.947548],[-118.868332,44.947092],[-118.865497,44.947724],[-118.86199,44.946204],[-118.858418,44.947828],[-118.857325,44.949726],[-118.856813,44.952903],[-118.85485,44.954207],[-118.853661,44.956653],[-118.855046,44.957727],[-118.862355,44.958227],[-118.867026,44.96106],[-118.870748,44.961357],[-118.870939,44.958764],[-118.872406,44.960043],[-118.875396,44.961316],[-118.877082,44.963933],[-118.878783,44.968167],[-118.882472,44.97195],[-118.88458,44.971592],[-118.886092,44.973036],[-118.888733,44.974304],[-118.892158,44.974511],[-118.892999,44.975374],[-118.895691,44.975286],[-118.898614,44.976077],[-118.900358,44.975886],[-118.902034,44.977294],[-118.905702,44.977311],[-118.911915,44.978635],[-118.913035,44.98101],[-118.915053,44.981686],[-118.916339,44.983167],[-118.918676,44.98377],[-118.922124,44.985403],[-118.92615,44.986016],[-118.925387,44.987621],[-118.927571,44.988125],[-118.927025,44.989506],[-118.928282,44.989905],[-118.92929,44.991826],[-118.926265,44.991117],[-118.923515,44.989792],[-118.922866,44.991612],[-118.926413,44.992937],[-118.931095,44.994104],[-118.935282,44.997605],[-118.755438,44.998053],[-118.753172,44.997378],[-118.749007,44.997341],[-118.74204,44.997916],[-118.730542,44.99715],[-118.70681,44.997074],[-118.707652,44.997773],[-118.704225,44.997757],[-118.705619,44.999406],[-118.699498,44.999464],[-118.696916,45.001072],[-118.694178,45.001323],[-118.693953,45.004592],[-118.694984,45.006215],[-118.690795,45.008158],[-118.688115,45.011022],[-118.686161,45.012126],[-118.68545,45.014248],[-118.685412,45.017021],[-118.684185,45.019145],[-118.685596,45.022716],[-118.687143,45.022639],[-118.691589,45.024306],[-118.696961,45.02564],[-118.706809,45.024549],[-118.714754,45.024381],[-118.715632,45.024633],[-118.716823,45.025466],[-118.717355,45.02828],[-118.716694,45.030072],[-118.71764,45.033101],[-118.717088,45.035881],[-118.713435,45.03779],[-118.712616,45.038964],[-118.710454,45.039995],[-118.710103,45.041819],[-118.711663,45.043753],[-118.716014,45.046591],[-118.718453,45.049102],[-118.72047,45.049684],[-118.726769,45.050138],[-118.729311,45.052251],[-118.73164,45.053377],[-118.73553,45.056581],[-118.738165,45.057014],[-118.741778,45.056928],[-118.747426,45.06042],[-118.749659,45.062532],[-118.749718,45.063814],[-118.752512,45.066323],[-118.757916,45.072316],[-118.759319,45.081049],[-118.758122,45.082555],[-118.758824,45.084177],[-118.765341,45.086077],[-118.76747,45.087312],[-118.768662,45.09017],[-118.769659,45.094627],[-118.769945,45.100738],[-118.770888,45.102321],[-118.768504,45.101984],[-118.761459,45.098647],[-118.757825,45.099512],[-118.755684,45.102818],[-118.753587,45.102774],[-118.749423,45.10351],[-118.747614,45.102345],[-118.744612,45.101957],[-118.740639,45.099435],[-118.740506,45.102837],[-118.742968,45.104483],[-118.743304,45.106026],[-118.746136,45.108171],[-118.74728,45.111242],[-118.745654,45.11185],[-118.740907,45.108835],[-118.737608,45.107716],[-118.736674,45.10816],[-118.739436,45.113278],[-118.740177,45.11709],[-118.743436,45.128403],[-118.744051,45.131422],[-118.742032,45.129923],[-118.741529,45.128701],[-118.73683,45.126204],[-118.736858,45.128737],[-118.735349,45.12761],[-118.726375,45.125183],[-118.725139,45.125832],[-118.724989,45.127609],[-118.723216,45.129965],[-118.719796,45.132067],[-118.712923,45.133858],[-118.707217,45.136403],[-118.706161,45.138237],[-118.704377,45.138048],[-118.702271,45.139576],[-118.701239,45.145337],[-118.701499,45.152171],[-118.700594,45.153291],[-118.69633,45.155852],[-118.693617,45.158732],[-118.689863,45.156807],[-118.688415,45.154983],[-118.688997,45.152057],[-118.687188,45.149406],[-118.685313,45.148491],[-118.680791,45.147622],[-118.679563,45.146411],[-118.682341,45.145725],[-118.682342,45.143599],[-118.674914,45.13434],[-118.67669,45.133518],[-118.676174,45.131872],[-118.670556,45.128968],[-118.667101,45.126315],[-118.666201,45.124375],[-118.664458,45.123501],[-118.662876,45.120781],[-118.659584,45.119225],[-118.656453,45.116435],[-118.654678,45.115452],[-118.651658,45.114487],[-118.648467,45.112915],[-118.645175,45.114576],[-118.641165,45.112931],[-118.632439,45.110051],[-118.630746,45.110329],[-118.629174,45.112562],[-118.627304,45.110732],[-118.62265,45.10936],[-118.623581,45.105839],[-118.622677,45.105291],[-118.619804,45.105658],[-118.618028,45.104767],[-118.61112,45.104061],[-118.607988,45.102668],[-118.605502,45.103263],[-118.601853,45.101504],[-118.598044,45.101483],[-118.59388,45.100455],[-118.591813,45.098901],[-118.586389,45.095771],[-118.585743,45.094811],[-118.586323,45.093027],[-118.582902,45.092914],[-118.577286,45.092068],[-118.578029,45.093782],[-118.575222,45.096686],[-118.572058,45.098675],[-118.571349,45.09991],[-118.575837,45.102607],[-118.576967,45.104504],[-118.57884,45.10551],[-118.578517,45.10711],[-118.581717,45.107728],[-118.582069,45.110401],[-118.57939,45.111979],[-118.579133,45.114105],[-118.582815,45.115407],[-118.581071,45.116757],[-118.576971,45.118792],[-118.576907,45.121328],[-118.572032,45.122358],[-118.571653,45.124611],[-118.572492,45.125308],[-118.571588,45.127255],[-118.571453,45.131151],[-118.570233,45.130101],[-118.569754,45.128035],[-118.565766,45.124855],[-118.565747,45.122141],[-118.563695,45.123821],[-118.56308,45.125616],[-118.563697,45.127525],[-118.563006,45.129758],[-118.560427,45.131982],[-118.564861,45.133495],[-118.566839,45.132426],[-118.570509,45.132314],[-118.572938,45.13155],[-118.573924,45.133188],[-118.575264,45.133685],[-118.577023,45.132823],[-118.581526,45.135486],[-118.58207,45.136837],[-118.579152,45.141571],[-118.575882,45.142912],[-118.569142,45.142869],[-118.567599,45.144493],[-118.562757,45.145888],[-118.561643,45.147094],[-118.556502,45.14901],[-118.553174,45.150971],[-118.557778,45.152669],[-118.564454,45.155623],[-118.569985,45.159262],[-118.573316,45.159753],[-118.575038,45.160674],[-118.582221,45.161815],[-118.584091,45.162393],[-118.590165,45.162264],[-118.593744,45.161065],[-118.599661,45.16033],[-118.602404,45.16105],[-118.605318,45.163227],[-118.607709,45.169322],[-118.608902,45.17509],[-118.607261,45.176092],[-118.608608,45.178194],[-118.610027,45.177337],[-118.62004,45.177353],[-118.626967,45.176308],[-118.628594,45.175451],[-118.630689,45.172995],[-118.632747,45.171843],[-118.634758,45.169608],[-118.636461,45.16869],[-118.639251,45.165476],[-118.6429,45.163806],[-118.645278,45.164068],[-118.64976,45.163618],[-118.651644,45.163879],[-118.658322,45.163685],[-118.662734,45.164586],[-118.667454,45.167708],[-118.667979,45.164669],[-118.667505,45.161775],[-118.665312,45.157718],[-118.668541,45.158748],[-118.672731,45.160765],[-118.679355,45.162652],[-118.688323,45.162073],[-118.695588,45.161841],[-118.697238,45.164995],[-118.701664,45.165155],[-118.702828,45.164789],[-118.705122,45.165566],[-118.70399,45.162709],[-118.705024,45.161474],[-118.705088,45.158937],[-118.708335,45.158441],[-118.710699,45.159406],[-118.71257,45.157877],[-118.712127,45.153723],[-118.718679,45.150728],[-118.719582,45.151437],[-118.719705,45.1539],[-118.718093,45.155511],[-118.717773,45.157647],[-118.715873,45.160956],[-118.714297,45.165896],[-118.714204,45.168124],[-118.717243,45.168139],[-118.718396,45.167173],[-118.716854,45.164847],[-118.7172,45.163364],[-118.721691,45.156679],[-118.723264,45.155714],[-118.726041,45.155905],[-118.726183,45.154566],[-118.729056,45.151594],[-118.731544,45.151753],[-118.733678,45.154198],[-118.73449,45.157832],[-118.736955,45.154333],[-118.739818,45.155064],[-118.740499,45.154344],[-118.740004,45.152214],[-118.74085,45.150554],[-118.743691,45.149234],[-118.747559,45.152623],[-118.747913,45.154788],[-118.751617,45.154833],[-118.752169,45.152319],[-118.751687,45.150307],[-118.752431,45.148593],[-118.752753,45.149485],[-118.757821,45.154882],[-118.761024,45.159408],[-118.762755,45.159688],[-118.764169,45.161919],[-118.768688,45.166613],[-118.76996,45.167298],[-118.767922,45.169652],[-118.768662,45.173881],[-118.772856,45.174109],[-118.775769,45.177273],[-118.778733,45.177985],[-118.780304,45.175742],[-118.783142,45.174391],[-118.785661,45.171092],[-118.790216,45.168344],[-118.79343,45.165858],[-118.799562,45.160291],[-118.800471,45.159809],[-118.809543,45.159454],[-118.816546,45.157672],[-118.824386,45.158126],[-118.842005,45.158665],[-118.844771,45.159019],[-118.843111,45.161264],[-118.84312,45.1631],[-118.859885,45.163058],[-118.860278,45.17757],[-118.875409,45.177787],[-118.875431,45.188977],[-118.873268,45.191708],[-118.871276,45.193194],[-118.870974,45.194392],[-118.872313,45.196128],[-118.873061,45.19911],[-118.869179,45.201405],[-118.866201,45.204307],[-118.862383,45.205786],[-118.856859,45.205801],[-118.849728,45.204712],[-118.844888,45.203695],[-118.83591,45.203447],[-118.832247,45.201834],[-118.831276,45.202141],[-118.832881,45.203852],[-118.832707,45.205837],[-118.826233,45.209477],[-118.822612,45.212426],[-118.821383,45.214643],[-118.817923,45.216495],[-118.817633,45.218644],[-118.816113,45.220084],[-118.816145,45.221592],[-118.812328,45.224586],[-118.80919,45.226392],[-118.810841,45.228106],[-118.810162,45.229844],[-118.807573,45.232038],[-118.80657,45.234232],[-118.806862,45.236038],[-118.808576,45.238003],[-118.810194,45.238872],[-118.810517,45.24214],[-118.809847,45.242955],[-118.810796,45.246202],[-118.81063,45.247423],[-118.812622,45.248244],[-118.813653,45.250517],[-118.812488,45.253625],[-118.809477,45.25374],[-118.809057,45.255294],[-118.812585,45.257671],[-118.85237,45.257622],[-118.854007,45.256109],[-118.854143,45.252431],[-118.85714,45.252863],[-118.859244,45.250469],[-118.86224,45.249686],[-118.869781,45.251024],[-118.871081,45.250597],[-118.872789,45.251458],[-118.876678,45.25081],[-118.881138,45.250823],[-118.88527,45.250048],[-118.893444,45.249394],[-118.897185,45.247874],[-118.896026,45.249758],[-118.899675,45.252787],[-118.900716,45.256018],[-118.90444,45.257619],[-118.911297,45.25766],[-118.911007,45.259542],[-118.915458,45.260656],[-118.916881,45.262415],[-118.919575,45.263795],[-118.922873,45.266877],[-118.924236,45.26689],[-118.924059,45.268165],[-118.928486,45.270195],[-118.929558,45.27395],[-118.933566,45.275411],[-118.936655,45.278678],[-118.938691,45.280081],[-118.938788,45.282689],[-118.941635,45.285305],[-118.942548,45.288133],[-118.944412,45.289355],[-118.94611,45.289628],[-118.953713,45.287593],[-118.9544,45.288122],[-118.956424,45.285054],[-118.95667,45.281706],[-118.959356,45.280388],[-118.96031,45.279136],[-118.963068,45.278155],[-118.965974,45.275589],[-118.971933,45.273525],[-118.973179,45.273462],[-118.975313,45.275779],[-118.976911,45.273639],[-118.977497,45.269424],[-118.98094,45.269983],[-118.982655,45.268383],[-118.983107,45.266737],[-118.986533,45.260747],[-118.989497,45.257616],[-118.998843,45.25762]]]}},{"type":"Feature","properties":{"zcta5":"97862","AFFGEOID10":"8600000US97862","GEOID10":"97862","ALAND10":711973466,"AWATER10":47030,"county_name":"Umatilla","state_code":"OR","county_state":"Umatilla County, OR","county_fips":"41059","risk_level_county":"Medium Risk (70–79% vaccinated)","mean_vaccination_rate_county":76.4,"risk_level_zcta":"Higher Risk (60–69% vaccinated)","mean_vaccination_rate_zips":68.35,"cases":1},"geometry":{"type":"Polygon","coordinates":[[[-118.658597603969,46.0009552402087],[-118.658641,45.995851],[-118.658053,45.992935],[-118.65147,45.991203],[-118.65306,45.987136],[-118.655862,45.985176],[-118.658055,45.984747],[-118.661005,45.983192],[-118.66609,45.979051],[-118.672135,45.975728],[-118.673934,45.974225],[-118.674763,45.971601],[-118.678099,45.966477],[-118.681393,45.962721],[-118.684263,45.961521],[-118.682227,45.959796],[-118.685336,45.959205],[-118.686646,45.95714],[-118.693439,45.950474],[-118.694368,45.943211],[-118.69483,45.936525],[-118.6983,45.936714],[-118.7026,45.935867],[-118.642569,45.935686],[-118.642634,45.928085],[-118.606644,45.926865],[-118.585859,45.925828],[-118.583269,45.923028],[-118.585594,45.920797],[-118.585593,45.920044],[-118.581773,45.913773],[-118.580342,45.913077],[-118.578781,45.913225],[-118.578754,45.918859],[-118.516817,45.918868],[-118.516828,45.904864],[-118.509564,45.904921],[-118.506411,45.904421],[-118.48508,45.904293],[-118.485134,45.88959],[-118.479627,45.889567],[-118.475962,45.885042],[-118.475474,45.883819],[-118.477523,45.881663],[-118.478816,45.878129],[-118.477408,45.875392],[-118.477841,45.872277],[-118.47623,45.871175],[-118.477211,45.869535],[-118.475968,45.866315],[-118.476028,45.86332],[-118.473726,45.860106],[-118.468662,45.857724],[-118.464396,45.85753],[-118.463128,45.859403],[-118.46116,45.86045],[-118.417746,45.859886],[-118.414941,45.859719],[-118.41324,45.860401],[-118.413331,45.845759],[-118.410764,45.845762],[-118.405901,45.850607],[-118.400869,45.853755],[-118.399553,45.855711],[-118.399898,45.859689],[-118.395543,45.874071],[-118.371473,45.873668],[-118.371253,45.860748],[-118.373547,45.859272],[-118.373345,45.851082],[-118.373731,45.849639],[-118.379536,45.844917],[-118.380711,45.844906],[-118.374386,45.842022],[-118.371774,45.840375],[-118.366786,45.838459],[-118.365411,45.837238],[-118.359535,45.836434],[-118.352927,45.835114],[-118.351562,45.835957],[-118.350676,45.838169],[-118.348604,45.83702],[-118.348747,45.838948],[-118.35231,45.840964],[-118.348594,45.841136],[-118.345436,45.842503],[-118.343662,45.842106],[-118.339264,45.838936],[-118.336989,45.837897],[-118.330671,45.833231],[-118.328735,45.833356],[-118.325951,45.835222],[-118.319733,45.837243],[-118.313728,45.83622],[-118.308019,45.836117],[-118.298474,45.835214],[-118.294014,45.833754],[-118.293599,45.83498],[-118.295499,45.839342],[-118.296609,45.842794],[-118.298661,45.845255],[-118.301986,45.847657],[-118.302757,45.849558],[-118.304287,45.851058],[-118.305344,45.853657],[-118.306161,45.853849],[-118.31595,45.850721],[-118.318561,45.850866],[-118.320312,45.849984],[-118.325646,45.848797],[-118.331089,45.848662],[-118.340932,45.851434],[-118.347111,45.854764],[-118.352906,45.858624],[-118.351247,45.860237],[-118.351673,45.862366],[-118.349738,45.864763],[-118.345691,45.863092],[-118.328662,45.863279],[-118.324551,45.861689],[-118.322278,45.861497],[-118.319656,45.862051],[-118.317637,45.861768],[-118.317243,45.8607],[-118.318495,45.856948],[-118.316559,45.855723],[-118.311967,45.856437],[-118.306764,45.858165],[-118.301609,45.862229],[-118.296562,45.862828],[-118.294512,45.861496],[-118.292695,45.861409],[-118.289291,45.862748],[-118.287773,45.862588],[-118.284946,45.860491],[-118.281379,45.859806],[-118.277407,45.858224],[-118.265766,45.85801],[-118.262107,45.860626],[-118.260259,45.860832],[-118.258911,45.859613],[-118.258085,45.855886],[-118.256014,45.854475],[-118.255649,45.852058],[-118.252874,45.849167],[-118.249704,45.847121],[-118.246713,45.84586],[-118.240496,45.844508],[-118.237834,45.844239],[-118.236363,45.842793],[-118.228803,45.839497],[-118.224286,45.838324],[-118.221067,45.835747],[-118.2166,45.830896],[-118.213838,45.829581],[-118.211354,45.829347],[-118.206624,45.828037],[-118.205174,45.827241],[-118.202071,45.824101],[-118.200854,45.821833],[-118.199122,45.820309],[-118.194504,45.817283],[-118.194278,45.814877],[-118.190529,45.813884],[-118.188457,45.813879],[-118.186546,45.812824],[-118.186487,45.811156],[-118.183783,45.809414],[-118.179959,45.808485],[-118.172297,45.804902],[-118.170864,45.806454],[-118.171835,45.809401],[-118.174472,45.811618],[-118.175616,45.813447],[-118.175191,45.814339],[-118.173654,45.814544],[-118.172478,45.811984],[-118.169013,45.81212],[-118.165122,45.813766],[-118.169046,45.812875],[-118.170876,45.813515],[-118.170712,45.815938],[-118.171986,45.817013],[-118.172868,45.81923],[-118.171952,45.823116],[-118.171004,45.822407],[-118.171201,45.819733],[-118.170384,45.819344],[-118.168324,45.820601],[-118.167638,45.819801],[-118.167671,45.816441],[-118.164725,45.817789],[-118.16436,45.819138],[-118.161666,45.821333],[-118.15665,45.820646],[-118.155694,45.818567],[-118.155753,45.81683],[-118.152702,45.814246],[-118.153399,45.811912],[-118.150075,45.81258],[-118.151378,45.814073],[-118.152063,45.816291],[-118.15134,45.817464],[-118.152297,45.820959],[-118.152309,45.824632],[-118.15359,45.828107],[-118.153011,45.828695],[-118.147164,45.829224],[-118.142936,45.83041],[-118.142913,45.831204],[-118.140446,45.832179],[-118.138484,45.832189],[-118.136588,45.834418],[-118.130193,45.837364],[-118.127574,45.837891],[-118.124707,45.837394],[-118.121002,45.837868],[-118.115501,45.840122],[-118.112428,45.842354],[-118.10723,45.844606],[-118.104712,45.844672],[-118.102686,45.843614],[-118.100432,45.843677],[-118.097886,45.84152],[-118.090956,45.842167],[-118.085874,45.842049],[-118.07569,45.839874],[-118.073119,45.840261],[-118.069638,45.840027],[-118.068696,45.839478],[-118.064096,45.839917],[-118.061271,45.839627],[-118.059591,45.840576],[-118.059441,45.841964],[-118.054378,45.843356],[-118.051744,45.842227],[-118.05109,45.842986],[-118.046371,45.843461],[-118.042712,45.844228],[-118.041668,45.845029],[-118.039101,45.845254],[-118.035652,45.849231],[-118.028232,45.850946],[-118.025406,45.851088],[-118.02268,45.853095],[-118.020175,45.853171],[-118.018188,45.854043],[-118.011175,45.855137],[-118.008615,45.855937],[-118.001499,45.857387],[-117.997514,45.860877],[-117.995724,45.861356],[-117.993166,45.863469],[-117.991009,45.866428],[-117.99138,45.867783],[-117.988185,45.869897],[-117.986664,45.872344],[-117.985275,45.876228],[-117.979487,45.878721],[-117.978475,45.879923],[-117.977613,45.883431],[-117.977732,45.952304],[-117.978571,45.949483],[-117.982173,45.949386],[-117.983848,45.948367],[-117.987227,45.948314],[-117.989981,45.949613],[-117.994559,45.949837],[-117.996323,45.949318],[-117.998712,45.946368],[-117.999859,45.946184],[-118.00105,45.944356],[-118.002408,45.943808],[-118.003881,45.944837],[-118.006341,45.942827],[-118.00811,45.942896],[-118.009289,45.944337],[-118.012107,45.944887],[-118.01722,45.943129],[-118.019776,45.942901],[-118.021872,45.943931],[-118.025314,45.94304],[-118.027902,45.943773],[-118.029411,45.941281],[-118.027643,45.939201],[-118.031477,45.937945],[-118.028626,45.939201],[-118.031246,45.941328],[-118.030753,45.943202],[-118.031375,45.944437],[-118.033177,45.944689],[-118.03334,45.946266],[-118.035042,45.949672],[-118.036158,45.949398],[-118.037043,45.947318],[-118.039665,45.946862],[-118.039469,45.94565],[-118.040748,45.942952],[-118.046384,45.942084],[-118.045175,45.939529],[-118.045375,45.936904],[-118.04716,45.937137],[-118.046515,45.941078],[-118.049169,45.942496],[-118.051791,45.94133],[-118.054052,45.941399],[-118.054937,45.939936],[-118.058346,45.940087],[-118.058626,45.938459],[-118.061337,45.937673],[-118.061331,45.935636],[-118.064432,45.93427],[-118.066405,45.936439],[-118.068273,45.939365],[-118.070337,45.939319],[-118.070304,45.936347],[-118.072073,45.938153],[-118.071745,45.936507],[-118.072891,45.93493],[-118.076265,45.933329],[-118.077674,45.931843],[-118.080852,45.9315],[-118.08249,45.9307],[-118.0895,45.931041],[-118.091939,45.930274],[-118.096245,45.930665],[-118.095363,45.926765],[-118.097131,45.925621],[-118.099095,45.923283],[-118.102606,45.921407],[-118.105551,45.921297],[-118.108091,45.922147],[-118.109327,45.92292],[-118.109796,45.926035],[-118.111477,45.929412],[-118.112504,45.930172],[-118.109898,45.932506],[-118.109784,45.936223],[-118.113094,45.937068],[-118.114878,45.934622],[-118.120244,45.9368],[-118.122236,45.937178],[-118.123187,45.938297],[-118.122009,45.93983],[-118.121488,45.943236],[-118.120279,45.945911],[-118.119726,45.949454],[-118.122561,45.955441],[-118.123743,45.954015],[-118.126384,45.955218],[-118.128285,45.957743],[-118.131082,45.959622],[-118.137184,45.965587],[-118.142668,45.967965],[-118.147097,45.972728],[-118.150011,45.973733],[-118.150494,45.975198],[-118.151962,45.975745],[-118.154363,45.978282],[-118.158313,45.980382],[-118.160768,45.980995],[-118.163429,45.982551],[-118.167882,45.983661],[-118.169171,45.98497],[-118.174189,45.987916],[-118.175817,45.99035],[-118.180191,45.994935],[-118.18013404330301,46.0005858227404],[-118.228941,46.000421],[-118.236584,46.000418],[-118.25253,46.000459],[-118.256368,46.000439],[-118.283526,46.000787],[-118.314982,46.000453],[-118.36779,46.000622],[-118.37836,46.000574],[-118.382330965892,46.0005764927055],[-118.38729309503401,46.00057960759669],[-118.403817114887,46.000589980266],[-118.404801751801,46.0005905983549],[-118.405056104356,46.000590758020294],[-118.408017101306,46.0005926167353],[-118.43902113867901,46.0006120789865],[-118.470756,46.000632],[-118.497027,46.00062],[-118.537119,46.00084],[-118.569392,46.000773],[-118.57571,46.000718],[-118.579906,46.000818],[-118.637725,46.00097],[-118.639332,46.000994],[-118.658597603969,46.0009552402087]]]}},{"type":"Feature","properties":{"zcta5":"97868","AFFGEOID10":"8600000US97868","GEOID10":"97868","ALAND10":1145586346,"AWATER10":103091,"county_name":"Umatilla","state_code":"OR","county_state":"Umatilla County, OR","county_fips":"41059","risk_level_county":"Medium Risk (70–79% vaccinated)","mean_vaccination_rate_county":76.4,"risk_level_zcta":"Medium Risk (70–79% vaccinated)","mean_vaccination_rate_zips":77.4,"cases":1},"geometry":{"type":"Polygon","coordinates":[[[-119.14531,45.499249],[-119.148243,45.255939],[-119.147264,45.255936],[-119.147327,45.241331],[-119.144458,45.240707],[-119.142905,45.239069],[-119.13832,45.235975],[-119.136681,45.235266],[-119.13788,45.234789],[-119.136945,45.231194],[-119.1392,45.230204],[-119.138211,45.228712],[-119.139824,45.227795],[-119.138295,45.226206],[-119.136596,45.226646],[-119.134664,45.225533],[-119.131925,45.22502],[-119.127982,45.227792],[-119.123751,45.227597],[-119.116451,45.227864],[-119.107892,45.227853],[-119.10802,45.226197],[-119.10552,45.224227],[-119.103209,45.223327],[-119.096926,45.223423],[-119.095207,45.223874],[-119.09351,45.226132],[-119.088535,45.226888],[-119.084482,45.230144],[-119.077258,45.234233],[-119.068262,45.236444],[-119.065461,45.235901],[-119.063859,45.236344],[-119.058142,45.241322],[-119.055506,45.242206],[-119.050943,45.241519],[-119.04744,45.244633],[-119.045371,45.245148],[-119.044302,45.248146],[-119.043822,45.252408],[-119.045261,45.253668],[-119.044787,45.256215],[-119.041985,45.258324],[-119.039884,45.257325],[-119.036056,45.256887],[-119.032992,45.255564],[-119.027264,45.254716],[-119.023234,45.253489],[-119.023262,45.25763],[-118.998843,45.25762],[-118.989497,45.257616],[-118.986533,45.260747],[-118.983107,45.266737],[-118.982655,45.268383],[-118.98094,45.269983],[-118.977497,45.269424],[-118.976911,45.273639],[-118.975313,45.275779],[-118.973179,45.273462],[-118.971933,45.273525],[-118.965974,45.275589],[-118.963068,45.278155],[-118.96031,45.279136],[-118.959356,45.280388],[-118.95667,45.281706],[-118.956424,45.285054],[-118.9544,45.288122],[-118.95701,45.291423],[-118.952357,45.29148],[-118.948028,45.290689],[-118.946368,45.291182],[-118.943825,45.292943],[-118.941712,45.292891],[-118.936093,45.294683],[-118.93214,45.29645],[-118.930133,45.297504],[-118.92862,45.299727],[-118.925086,45.301421],[-118.923918,45.305479],[-118.922386,45.306952],[-118.922424,45.308201],[-118.921009,45.310517],[-118.921116,45.312909],[-118.923222,45.312737],[-118.924533,45.314029],[-118.923881,45.316425],[-118.922372,45.318174],[-118.920975,45.319239],[-118.919917,45.318376],[-118.919736,45.319837],[-118.920948,45.322056],[-118.917811,45.320629],[-118.918467,45.322373],[-118.915432,45.32183],[-118.916939,45.323347],[-118.91603,45.326514],[-118.920194,45.327531],[-118.917653,45.329354],[-118.91982,45.331409],[-118.922069,45.331568],[-118.92351,45.334463],[-118.92282,45.337304],[-118.920304,45.341517],[-118.915267,45.345877],[-118.910944,45.351862],[-118.908906,45.353563],[-118.906227,45.35813],[-118.905817,45.360078],[-118.904364,45.359698],[-118.903189,45.35627],[-118.899887,45.353485],[-118.896747,45.349392],[-118.89293,45.346134],[-118.888997,45.34218],[-118.887091,45.336713],[-118.887514,45.334072],[-118.886489,45.330411],[-118.883155,45.326093],[-118.881117,45.324539],[-118.879143,45.321795],[-118.877555,45.321657],[-118.873407,45.322981],[-118.870234,45.325086],[-118.867221,45.325545],[-118.865632,45.324265],[-118.8655,45.322003],[-118.862907,45.320495],[-118.863891,45.317767],[-118.863679,45.31478],[-118.865913,45.312996],[-118.863999,45.310094],[-118.862996,45.312175],[-118.861212,45.310118],[-118.856157,45.30843],[-118.85729,45.307081],[-118.856672,45.304178],[-118.855181,45.302419],[-118.852136,45.302877],[-118.852071,45.3013],[-118.847665,45.30217],[-118.848346,45.303427],[-118.846534,45.305759],[-118.848317,45.310252],[-118.847677,45.312531],[-118.846091,45.313942],[-118.842681,45.315004],[-118.842921,45.314217],[-118.843226,45.312548],[-118.842499,45.310906],[-118.841643,45.313271],[-118.84068,45.313882],[-118.833474,45.314543],[-118.832985,45.318153],[-118.828397,45.316666],[-118.827781,45.312986],[-118.825674,45.310198],[-118.823343,45.314267],[-118.815891,45.31445],[-118.810943,45.31354],[-118.806786,45.311257],[-118.804673,45.308558],[-118.802407,45.308744],[-118.801016,45.313333],[-118.798033,45.311927],[-118.795359,45.313682],[-118.792585,45.313408],[-118.79022,45.316205],[-118.788823,45.313945],[-118.785913,45.312364],[-118.783318,45.311686],[-118.782814,45.309692],[-118.7795,45.305814],[-118.779631,45.301615],[-118.777858,45.299521],[-118.780553,45.296548],[-118.783761,45.293669],[-118.785154,45.293303],[-118.787842,45.293807],[-118.789883,45.292893],[-118.791405,45.293282],[-118.793316,45.292345],[-118.797169,45.292643],[-118.800603,45.292163],[-118.801103,45.290998],[-118.796577,45.290487],[-118.791229,45.289781],[-118.786787,45.289055],[-118.784705,45.289398],[-118.775952,45.288686],[-118.772921,45.287613],[-118.767512,45.287101],[-118.765137,45.286212],[-118.760642,45.286566],[-118.756396,45.287509],[-118.753236,45.289249],[-118.749097,45.290779],[-118.74723,45.294416],[-118.74404,45.295908],[-118.741451,45.298652],[-118.741648,45.300591],[-118.743559,45.304504],[-118.742843,45.309333],[-118.743711,45.312171],[-118.742973,45.314671],[-118.741577,45.316346],[-118.737834,45.320153],[-118.73618,45.321149],[-118.732492,45.322345],[-118.729421,45.324856],[-118.729541,45.325993],[-118.727536,45.328634],[-118.724339,45.328632],[-118.719402,45.327005],[-118.718782,45.327226],[-118.717766,45.32968],[-118.717938,45.331505],[-118.719085,45.332374],[-118.720664,45.335181],[-118.719905,45.337412],[-118.721729,45.3385],[-118.723392,45.344992],[-118.724802,45.346267],[-118.72431,45.349371],[-118.725883,45.351377],[-118.726602,45.35656],[-118.726026,45.361929],[-118.726983,45.364557],[-118.729079,45.367068],[-118.731349,45.371588],[-118.731264,45.373673],[-118.728287,45.378165],[-118.727519,45.380648],[-118.725111,45.384937],[-118.72444,45.387787],[-118.724544,45.390968],[-118.7237,45.395512],[-118.718025,45.394888],[-118.714591,45.394872],[-118.713836,45.39536],[-118.708907,45.395186],[-118.705793,45.396382],[-118.703293,45.396432],[-118.701409,45.395681],[-118.698644,45.396109],[-118.695841,45.395901],[-118.695179,45.39505],[-118.690686,45.39459],[-118.688288,45.39318],[-118.686333,45.392768],[-118.682456,45.389668],[-118.676126,45.38743],[-118.673627,45.383973],[-118.674219,45.381004],[-118.675183,45.37937],[-118.679569,45.375169],[-118.683948,45.372274],[-118.691506,45.36393],[-118.694623,45.358159],[-118.695687,45.355124],[-118.696202,45.348297],[-118.696018,45.345608],[-118.656251,45.345146],[-118.656266,45.340337],[-118.633925,45.340006],[-118.623549,45.340089],[-118.613243,45.339884],[-118.613115,45.354627],[-118.613379,45.354952],[-118.613149,45.35876],[-118.608177,45.358703],[-118.608142,45.362283],[-118.602813,45.362217],[-118.60297,45.369486],[-118.60196,45.370538],[-118.601681,45.369753],[-118.598439,45.36888],[-118.594745,45.369548],[-118.595515,45.372568],[-118.597435,45.373291],[-118.600689,45.377313],[-118.599208,45.380424],[-118.596548,45.381492],[-118.59052,45.382666],[-118.588797,45.382482],[-118.585537,45.384333],[-118.580335,45.382037],[-118.576597,45.382633],[-118.574354,45.382254],[-118.571036,45.384609],[-118.571037,45.387855],[-118.567274,45.389387],[-118.560947,45.389432],[-118.558676,45.390712],[-118.555205,45.390644],[-118.552284,45.393135],[-118.551652,45.39406],[-118.55144,45.398964],[-118.551794,45.405474],[-118.551663,45.42015],[-118.541352,45.420307],[-118.540238,45.427316],[-118.539632,45.431456],[-118.537943,45.434577],[-118.536521,45.435351],[-118.533067,45.438869],[-118.531996,45.442074],[-118.530252,45.444807],[-118.530622,45.449852],[-118.531645,45.45194],[-118.533864,45.454291],[-118.539728,45.457858],[-118.538202,45.458517],[-118.536743,45.45851],[-118.531567,45.460528],[-118.528598,45.460437],[-118.525113,45.459723],[-118.522059,45.457622],[-118.52124,45.456084],[-118.517827,45.453213],[-118.515132,45.451809],[-118.508841,45.45042],[-118.504522,45.449852],[-118.494037,45.44922],[-118.489136,45.448452],[-118.489121,45.450264],[-118.481747,45.45016],[-118.481753,45.446597],[-118.47665,45.446501],[-118.476621,45.442905],[-118.467063,45.442908],[-118.466951,45.443562],[-118.461758,45.443899],[-118.458743,45.443429],[-118.453716,45.440088],[-118.453582,45.454742],[-118.46081,45.457067],[-118.466184,45.459132],[-118.469475,45.460896],[-118.474234,45.464469],[-118.476113,45.466651],[-118.477448,45.469551],[-118.479349,45.471392],[-118.480512,45.477247],[-118.484551,45.474315],[-118.487285,45.473729],[-118.490266,45.474676],[-118.495064,45.482516],[-118.495316,45.487897],[-118.496238,45.487821],[-118.498758,45.489743],[-118.49997,45.48997],[-118.505459,45.48903],[-118.506736,45.489703],[-118.510899,45.486802],[-118.515093,45.485798],[-118.517076,45.484404],[-118.518927,45.486028],[-118.518405,45.488382],[-118.519119,45.490257],[-118.517981,45.491673],[-118.519475,45.492474],[-118.5224,45.491835],[-118.522758,45.493552],[-118.525945,45.495086],[-118.52744,45.49742],[-118.526139,45.499273],[-118.52126,45.501568],[-118.52139,45.503673],[-118.543114,45.503308],[-118.54438,45.504062],[-118.545251,45.507694],[-118.544239,45.509497],[-118.545112,45.511598],[-118.55028,45.511232],[-118.550637,45.512947],[-118.552328,45.515439],[-118.554831,45.517016],[-118.55753,45.516605],[-118.560038,45.516899],[-118.567374,45.520964],[-118.571917,45.52233],[-118.573783,45.523549],[-118.576888,45.524178],[-118.580123,45.524142],[-118.585646,45.523291],[-118.5896,45.522277],[-118.593947,45.5206],[-118.597116,45.520907],[-118.599931,45.522037],[-118.605881,45.518177],[-118.60778,45.515586],[-118.609946,45.514596],[-118.610724,45.512237],[-118.612153,45.511439],[-118.612604,45.511384],[-118.612741,45.515166],[-118.622072,45.515174],[-118.623487,45.514678],[-118.629133,45.514924],[-118.695903,45.515288],[-118.694312,45.518783],[-118.691319,45.523158],[-118.690494,45.524999],[-118.687536,45.527464],[-118.689294,45.529342],[-118.698539,45.530056],[-118.701699,45.531066],[-118.704568,45.533012],[-118.710373,45.534499],[-118.713597,45.53577],[-118.717244,45.538144],[-118.720186,45.539471],[-118.729819,45.542907],[-118.73635,45.545917],[-118.744012,45.548193],[-118.748079,45.548661],[-118.75191,45.548408],[-118.757484,45.547492],[-118.761707,45.5492],[-118.765003,45.549635],[-118.768868,45.551278],[-118.772696,45.551177],[-118.776096,45.545758],[-118.773794,45.543931],[-118.770414,45.543046],[-118.77047,45.540863],[-118.772233,45.536866],[-118.786951,45.536843],[-118.786743,45.521596],[-118.787066,45.515175],[-118.786438,45.512214],[-118.786457,45.500951],[-118.791657,45.500627],[-118.791698,45.486096],[-118.817422,45.486308],[-118.819487,45.48795],[-118.82232,45.488814],[-118.822308,45.48988],[-118.82731,45.490162],[-118.827259,45.492841],[-118.828361,45.492801],[-118.826952,45.494941],[-118.827374,45.497201],[-118.826485,45.49874],[-118.828478,45.499721],[-118.827624,45.500874],[-118.830642,45.500848],[-118.823203,45.507971],[-118.821798,45.508013],[-118.820707,45.509946],[-118.81733,45.50995],[-118.817285,45.504303],[-118.813088,45.504267],[-118.810906,45.507114],[-118.80697,45.510182],[-118.807847,45.510993],[-118.811909,45.510685],[-118.812553,45.51339],[-118.813486,45.514105],[-118.816924,45.514438],[-118.81499,45.516386],[-118.811742,45.51876],[-118.80736,45.51986],[-118.802412,45.521816],[-118.798748,45.526423],[-118.800991,45.536161],[-118.800974,45.541522],[-118.800225,45.543876],[-118.798593,45.545623],[-118.798193,45.547797],[-118.799486,45.547634],[-118.803057,45.544863],[-118.806818,45.544189],[-118.806715,45.529725],[-118.828859,45.53017],[-118.828373,45.515175],[-118.843096,45.515329],[-118.843335,45.514226],[-118.848816,45.516004],[-118.84872,45.529671],[-118.871494,45.529938],[-118.871477,45.544347],[-118.897241,45.544403],[-118.902021,45.540979],[-118.906911,45.540811],[-118.912356,45.538036],[-118.912404,45.544399],[-118.942697,45.544433],[-118.942697,45.573129],[-118.952867,45.573195],[-118.952753,45.540847],[-118.973439,45.540649],[-118.971909,45.538798],[-118.969246,45.537485],[-118.95287,45.5372],[-118.952752,45.522955],[-118.961348,45.523014],[-118.963703,45.520309],[-118.967571,45.517657],[-118.969259,45.515745],[-118.953129,45.515693],[-118.952844,45.508567],[-118.99412,45.50883],[-118.994179,45.515981],[-119.00756,45.515911],[-119.006257,45.518356],[-119.001798,45.521646],[-119.004886,45.52327],[-119.012326,45.530015],[-119.012542,45.53108],[-119.00963,45.531082],[-119.009527,45.53478],[-119.00432,45.534575],[-119.004163,45.538285],[-118.993992,45.538152],[-118.994226,45.544],[-118.995951,45.545005],[-118.996976,45.548464],[-119.000624,45.548637],[-119.00321,45.552012],[-119.005547,45.556351],[-119.012237,45.560492],[-119.013486,45.560678],[-119.0151,45.558746],[-119.01618,45.556309],[-119.025423,45.555641],[-119.031542,45.556307],[-119.038324,45.556299],[-119.042301,45.557431],[-119.044437,45.555408],[-119.046275,45.552852],[-119.050268,45.550341],[-119.052906,45.547295],[-119.054263,45.543873],[-119.05574,45.536239],[-119.059017,45.531994],[-119.059047,45.523859],[-119.058213,45.523091],[-119.049631,45.523089],[-119.048733,45.522445],[-119.048722,45.515826],[-119.062346,45.515856],[-119.062327,45.487196],[-119.061336,45.484925],[-119.062437,45.48195],[-119.062594,45.479569],[-119.070191,45.480292],[-119.074668,45.47839],[-119.076418,45.475413],[-119.078105,45.474565],[-119.085179,45.473299],[-119.090113,45.473773],[-119.092936,45.473266],[-119.093616,45.472121],[-119.093511,45.468391],[-119.095302,45.46947],[-119.10167,45.477804],[-119.10447,45.479805],[-119.106992,45.480194],[-119.113381,45.483884],[-119.116559,45.484801],[-119.120626,45.486882],[-119.124963,45.487986],[-119.12757,45.489227],[-119.137028,45.494705],[-119.143449,45.49746],[-119.14531,45.499249]]]}},{"type":"Feature","properties":{"zcta5":"97835","AFFGEOID10":"8600000US97835","GEOID10":"97835","ALAND10":487244265,"AWATER10":0,"county_name":"Umatilla","state_code":"OR","county_state":"Umatilla County, OR","county_fips":"41059","risk_level_county":"Medium Risk (70–79% vaccinated)","mean_vaccination_rate_county":76.4,"risk_level_zcta":"Lowest Risk (85%+)","mean_vaccination_rate_zips":94.75,"cases":1},"geometry":{"type":"Polygon","coordinates":[[[-118.976518469268,46.000021255619096],[-118.977805,45.998862],[-118.977407,45.96907],[-118.974568,45.96998],[-118.974893,45.965911],[-118.977284,45.96028],[-118.976663,45.915737],[-118.97408,45.915723],[-118.969816,45.917209],[-118.967524,45.918627],[-118.964284,45.921622],[-118.963367,45.921508],[-118.961272,45.923314],[-118.955114,45.920824],[-118.952036,45.921396],[-118.944079,45.921168],[-118.940279,45.923499],[-118.937594,45.924299],[-118.93612,45.92567],[-118.936539,45.924274],[-118.93907,45.920087],[-118.938538,45.918439],[-118.93607,45.916882],[-118.935833,45.91535],[-118.934484,45.914137],[-118.933597,45.913953],[-118.921505,45.913804],[-118.920813,45.913142],[-118.921287,45.909708],[-118.920332,45.908633],[-118.921127,45.907147],[-118.924689,45.902714],[-118.92662,45.900849],[-118.926792,45.897811],[-118.930496,45.898842],[-118.935675,45.898273],[-118.934729,45.897267],[-118.938039,45.895944],[-118.941317,45.897133],[-118.948922,45.892132],[-118.948867,45.885576],[-118.95087,45.881167],[-118.949597,45.8795],[-118.950386,45.877124],[-118.949601,45.875484],[-118.945101,45.873877],[-118.94304,45.87212],[-118.937548,45.871542],[-118.933639,45.87217],[-118.931098,45.870765],[-118.92935,45.870923],[-118.922029,45.865639],[-118.919021,45.864257],[-118.916823,45.862183],[-118.911403,45.86053],[-118.907516,45.857798],[-118.906373,45.857685],[-118.90487,45.855653],[-118.903082,45.854768],[-118.903083,45.857329],[-118.893063,45.857259],[-118.893074,45.849859],[-118.882412,45.849867],[-118.882375,45.838741],[-118.884239,45.837605],[-118.879635,45.83452],[-118.876447,45.831336],[-118.869769,45.827091],[-118.858898,45.823324],[-118.854732,45.821567],[-118.847262,45.818944],[-118.835505,45.816642],[-118.825939,45.817744],[-118.815939,45.818082],[-118.812565,45.817725],[-118.812424,45.818384],[-118.807978,45.818247],[-118.807988,45.82168],[-118.797709,45.821677],[-118.797794,45.816252],[-118.78674,45.816394],[-118.784186,45.815923],[-118.775457,45.812941],[-118.771371,45.811972],[-118.76647,45.809846],[-118.766455,45.820117],[-118.75502,45.820209],[-118.746502,45.819931],[-118.735576,45.820352],[-118.695292,45.82026],[-118.675213,45.819137],[-118.675583,45.804296],[-118.654888,45.805091],[-118.654226,45.80563],[-118.65422,45.814294],[-118.651725,45.817431],[-118.648069,45.820294],[-118.633551,45.820397],[-118.622423,45.819827],[-118.580421,45.819268],[-118.580613,45.824525],[-118.586391,45.831885],[-118.588608,45.835816],[-118.601595,45.852063],[-118.60598,45.856824],[-118.608019,45.861181],[-118.607854,45.86892],[-118.60912,45.876112],[-118.609915,45.878778],[-118.608965,45.890175],[-118.609355,45.890731],[-118.612844,45.890896],[-118.613452,45.89177],[-118.614845,45.89783],[-118.619167,45.898399],[-118.619384,45.921707],[-118.606644,45.926865],[-118.642634,45.928085],[-118.642569,45.935686],[-118.7026,45.935867],[-118.6983,45.936714],[-118.69483,45.936525],[-118.694368,45.943211],[-118.693439,45.950474],[-118.686646,45.95714],[-118.685336,45.959205],[-118.682227,45.959796],[-118.684263,45.961521],[-118.681393,45.962721],[-118.678099,45.966477],[-118.674763,45.971601],[-118.673934,45.974225],[-118.672135,45.975728],[-118.66609,45.979051],[-118.661005,45.983192],[-118.658055,45.984747],[-118.655862,45.985176],[-118.65306,45.987136],[-118.65147,45.991203],[-118.658053,45.992935],[-118.658641,45.995851],[-118.658597603969,46.0009552402087],[-118.658717,46.000955],[-118.67787,46.000935],[-118.78876268337301,46.0007830010833],[-118.941242,46.000574],[-118.976518469268,46.000021255619096]]]}},{"type":"Feature","properties":{"zcta5":"97813","AFFGEOID10":"8600000US97813","GEOID10":"97813","ALAND10":141434712,"AWATER10":0,"county_name":"Umatilla","state_code":"OR","county_state":"Umatilla County, OR","county_fips":"41059","risk_level_county":"Medium Risk (70–79% vaccinated)","mean_vaccination_rate_county":76.4,"risk_level_zcta":"Medium Risk (70–79% vaccinated)","mean_vaccination_rate_zips":73.47,"cases":1},"geometry":{"type":"Polygon","coordinates":[[[-118.606644,45.926865],[-118.619384,45.921707],[-118.619167,45.898399],[-118.614845,45.89783],[-118.613452,45.89177],[-118.612844,45.890896],[-118.609355,45.890731],[-118.608965,45.890175],[-118.609915,45.878778],[-118.60912,45.876112],[-118.59833,45.875482],[-118.588353,45.875477],[-118.58941,45.861006],[-118.580062,45.861072],[-118.580103,45.834002],[-118.569523,45.833947],[-118.569522,45.819267],[-118.564866,45.819326],[-118.562037,45.818811],[-118.555991,45.815971],[-118.549189,45.815508],[-118.549348,45.797556],[-118.580563,45.797495],[-118.580326,45.794989],[-118.572576,45.784726],[-118.568248,45.78097],[-118.566325,45.778814],[-118.565147,45.775678],[-118.518456,45.775472],[-118.518461,45.790008],[-118.464683,45.789795],[-118.462463,45.788927],[-118.460391,45.785318],[-118.460751,45.783354],[-118.459268,45.779997],[-118.456445,45.779388],[-118.454421,45.775482],[-118.436055,45.7756],[-118.435704,45.797439],[-118.441104,45.797334],[-118.441225,45.804142],[-118.441956,45.804415],[-118.44698,45.804428],[-118.446053,45.833952],[-118.451269,45.834227],[-118.451592,45.837614],[-118.456478,45.837885],[-118.456473,45.841002],[-118.471711,45.841293],[-118.473869,45.842228],[-118.476043,45.844689],[-118.477459,45.849267],[-118.47734,45.854512],[-118.47554,45.858554],[-118.473726,45.860106],[-118.476028,45.86332],[-118.475968,45.866315],[-118.477211,45.869535],[-118.47623,45.871175],[-118.477841,45.872277],[-118.477408,45.875392],[-118.478816,45.878129],[-118.477523,45.881663],[-118.475474,45.883819],[-118.475962,45.885042],[-118.479627,45.889567],[-118.485134,45.88959],[-118.48508,45.904293],[-118.506411,45.904421],[-118.509564,45.904921],[-118.516828,45.904864],[-118.516817,45.918868],[-118.578754,45.918859],[-118.578781,45.913225],[-118.580342,45.913077],[-118.581773,45.913773],[-118.585593,45.920044],[-118.585594,45.920797],[-118.583269,45.923028],[-118.585859,45.925828],[-118.606644,45.926865]]]}},{"type":"Feature","properties":{"zcta5":"97875","AFFGEOID10":"8600000US97875","GEOID10":"97875","ALAND10":162386815,"AWATER10":143297,"county_name":"Umatilla","state_code":"OR","county_state":"Umatilla County, OR","county_fips":"41059","risk_level_county":"Medium Risk (70–79% vaccinated)","mean_vaccination_rate_county":76.4,"risk_level_zcta":"Medium Risk (70–79% vaccinated)","mean_vaccination_rate_zips":74.74,"cases":1},"geometry":{"type":"Polygon","coordinates":[[[-119.00699,45.887275],[-119.010153,45.887427],[-119.013168,45.88678],[-119.017205,45.886524],[-119.020799,45.885631],[-119.022984,45.884374],[-119.026043,45.881705],[-119.029017,45.881213],[-119.03371,45.882562],[-119.034899,45.88247],[-119.039704,45.880397],[-119.042095,45.880593],[-119.047861,45.882601],[-119.052898,45.881298],[-119.057784,45.882321],[-119.062911,45.881411],[-119.064796,45.882981],[-119.065896,45.88798],[-119.068535,45.893326],[-119.070306,45.894423],[-119.086896,45.87504],[-119.100057,45.858782],[-119.112358,45.847048],[-119.115523,45.84003],[-119.117958,45.836972],[-119.122148,45.835404],[-119.121922,45.8482],[-119.130362,45.847928],[-119.134356,45.848569],[-119.137309,45.848392],[-119.137096,45.84927],[-119.141978,45.850051],[-119.142934,45.851982],[-119.146065,45.852323],[-119.14714,45.85393],[-119.148592,45.853788],[-119.148021,45.85144],[-119.150202,45.852993],[-119.154039,45.85413],[-119.154769,45.855512],[-119.157343,45.856127],[-119.158756,45.855442],[-119.158506,45.853637],[-119.162604,45.851828],[-119.16353,45.853029],[-119.165374,45.853545],[-119.166615,45.852591],[-119.170626,45.851412],[-119.171866,45.85382],[-119.173687,45.853607],[-119.180313,45.856493],[-119.181653,45.856245],[-119.18443,45.854451],[-119.18531,45.851401],[-119.187762,45.85127],[-119.190866,45.850138],[-119.198905,45.847921],[-119.201388,45.846719],[-119.204852,45.845814],[-119.20485,45.845169],[-119.216313,45.845058],[-119.219971,45.844709],[-119.22579,45.84351],[-119.225777,45.834907],[-119.236181,45.834754],[-119.236127,45.82598],[-119.2323,45.824704],[-119.227529,45.820291],[-119.225701,45.820292],[-119.225726,45.805826],[-119.242543,45.805808],[-119.242835,45.805975],[-119.243564,45.805805],[-119.248588,45.80579],[-119.248521,45.794607],[-119.247286,45.793244],[-119.248547,45.792006],[-119.255402,45.792685],[-119.286668,45.794825],[-119.303041,45.794326],[-119.319452,45.797494],[-119.321529,45.797242],[-119.321549,45.786979],[-119.32182,45.785759],[-119.32373,45.783636],[-119.197815,45.762041],[-119.196386,45.762053],[-119.194186,45.762457],[-119.186051,45.762862],[-119.187069,45.769936],[-119.128762,45.771477],[-119.123338,45.77092],[-119.12357,45.777393],[-119.113862,45.777313],[-119.109765,45.775406],[-119.110657,45.778869],[-119.110683,45.781183],[-119.11307,45.7837],[-119.116456,45.786138],[-119.116227,45.788321],[-119.118674,45.790488],[-119.047701,45.790361],[-119.047716,45.806636],[-119.037017,45.80669],[-119.037167,45.817267],[-119.036674,45.823943],[-119.036985,45.835296],[-119.047722,45.835438],[-119.048233,45.850693],[-119.018489,45.851527],[-118.995877,45.85122],[-118.985942,45.851546],[-118.986245,45.864317],[-119.000303,45.864284],[-119.000577,45.867479],[-119.003158,45.869082],[-119.005316,45.871095],[-119.004759,45.871894],[-119.001113,45.874041],[-118.998326,45.877498],[-118.99522,45.879602],[-118.993953,45.881531],[-118.993917,45.883226],[-118.99737,45.884995],[-119.003495,45.887401],[-119.00699,45.887275]]]}},{"type":"Feature","properties":{"zcta5":"97882","AFFGEOID10":"8600000US97882","GEOID10":"97882","ALAND10":60984119,"AWATER10":8236729,"county_name":"Umatilla","state_code":"OR","county_state":"Umatilla County, OR","county_fips":"41059","risk_level_county":"Medium Risk (70–79% vaccinated)","mean_vaccination_rate_county":76.4,"risk_level_zcta":"Medium Risk (70–79% vaccinated)","mean_vaccination_rate_zips":73.63,"cases":1},"geometry":{"type":"Polygon","coordinates":[[[-119.432149953782,45.918250445405],[-119.432384,45.90129],[-119.432105,45.888922],[-119.432054,45.865421],[-119.421553,45.86516],[-119.421527,45.873357],[-119.380191,45.873389],[-119.380285,45.864579],[-119.381812,45.864847],[-119.382007,45.835682],[-119.378109,45.84001],[-119.339801,45.869654],[-119.334553,45.875166],[-119.332106,45.879017],[-119.330326,45.883431],[-119.329651,45.886439],[-119.32816,45.886448],[-119.328178,45.893683],[-119.325234,45.893692],[-119.325815,45.89542],[-119.326134,45.903544],[-119.326645,45.905539],[-119.32583,45.905396],[-119.324196,45.902685],[-119.322922,45.901633],[-119.319715,45.907237],[-119.318044,45.909085],[-119.317788,45.915151],[-119.31571,45.915033],[-119.314136,45.9154],[-119.31246,45.915414],[-119.312377,45.912846],[-119.310401,45.91193],[-119.310858,45.905716],[-119.307473,45.903207],[-119.30742,45.904608],[-119.307177,45.90463],[-119.302172,45.904599],[-119.299699,45.895144],[-119.299297,45.893644],[-119.298125,45.893651],[-119.28645,45.893595],[-119.28644,45.900779],[-119.303124,45.908188],[-119.304078,45.911818],[-119.302201,45.911818],[-119.300708,45.913242],[-119.288743,45.911772],[-119.28658,45.91176],[-119.286635,45.915471],[-119.28119,45.914798],[-119.265529,45.912424],[-119.265535,45.919233],[-119.223904,45.918691],[-119.223891,45.922326],[-119.244862,45.922468],[-119.244944,45.929709],[-119.251632,45.930591],[-119.255169,45.930547],[-119.256969,45.931462],[-119.260146,45.930961],[-119.26582,45.931384],[-119.265781460289,45.939035503867494],[-119.322509,45.933183],[-119.364396,45.921605],[-119.432149953782,45.918250445405]]]}},{"type":"Feature","properties":{"zcta5":"97826","AFFGEOID10":"8600000US97826","GEOID10":"97826","ALAND10":822671853,"AWATER10":57985,"county_name":"Umatilla","state_code":"OR","county_state":"Umatilla County, OR","county_fips":"41059","risk_level_county":"Medium Risk (70–79% vaccinated)","mean_vaccination_rate_county":76.4,"risk_level_zcta":"Medium Risk (70–79% vaccinated)","mean_vaccination_rate_zips":78.48,"cases":1},"geometry":{"type":"Polygon","coordinates":[[[-119.434603,45.756429],[-119.43455,45.704977],[-119.434644,45.704411],[-119.434606,45.621409],[-119.43599,45.619603],[-119.437321,45.619046],[-119.441168,45.619012],[-119.44633,45.617449],[-119.460664,45.617494],[-119.460865,45.610154],[-119.455314,45.610208],[-119.455453,45.588446],[-119.442961,45.588007],[-119.44117,45.58627],[-119.440324,45.583002],[-119.436841,45.580991],[-119.433424,45.581128],[-119.431341,45.581952],[-119.424766,45.582272],[-119.422423,45.58097],[-119.419045,45.58118],[-119.417747,45.579988],[-119.416826,45.578633],[-119.418397,45.576242],[-119.419053,45.573538],[-119.4206,45.572995],[-119.418586,45.570411],[-119.418446,45.56836],[-119.415721,45.566577],[-119.413247,45.563006],[-119.412107,45.562994],[-119.41196,45.561278],[-119.409665,45.560953],[-119.4084,45.559988],[-119.408807,45.558726],[-119.407356,45.555907],[-119.405054,45.553597],[-119.401503,45.551769],[-119.398412,45.552185],[-119.396,45.551433],[-119.393236,45.551316],[-119.392316,45.550153],[-119.385073,45.548642],[-119.381322,45.545579],[-119.380394,45.544158],[-119.377038,45.543975],[-119.375532,45.542899],[-119.365915,45.542271],[-119.36389,45.542701],[-119.363081,45.543915],[-119.357437,45.544155],[-119.35524,45.543837],[-119.349988,45.542213],[-119.345122,45.542619],[-119.34126,45.543996],[-119.337112,45.544093],[-119.334082,45.544995],[-119.328434,45.544763],[-119.319839,45.545944],[-119.320468,45.543128],[-119.31479,45.543155],[-119.309061,45.544674],[-119.306352,45.546835],[-119.303479,45.54616],[-119.300724,45.546259],[-119.297765,45.547114],[-119.293901,45.547475],[-119.290833,45.546861],[-119.289944,45.545577],[-119.286791,45.543914],[-119.284043,45.544083],[-119.282225,45.543288],[-119.278088,45.54344],[-119.276199,45.542957],[-119.275934,45.541805],[-119.272313,45.54148],[-119.26734,45.542536],[-119.263506,45.543999],[-119.260861,45.542753],[-119.258371,45.542851],[-119.257388,45.540881],[-119.255858,45.541511],[-119.248253,45.54152],[-119.248214,45.516076],[-119.145144,45.515909],[-119.14531,45.499249],[-119.143449,45.49746],[-119.137028,45.494705],[-119.129701,45.498716],[-119.127718,45.498898],[-119.122539,45.49796],[-119.119127,45.498281],[-119.117178,45.499082],[-119.116849,45.500299],[-119.119681,45.499499],[-119.12166,45.500821],[-119.116072,45.503636],[-119.11474,45.503522],[-119.114523,45.515499],[-119.099644,45.515871],[-119.100479,45.51635],[-119.100551,45.526453],[-119.100811,45.527321],[-119.100492,45.536399],[-119.10642,45.547321],[-119.106453,45.548026],[-119.104014,45.550287],[-119.10164,45.553918],[-119.099526,45.556041],[-119.098517,45.557913],[-119.096827,45.565744],[-119.092422,45.570685],[-119.086338,45.574196],[-119.082913,45.578134],[-119.082003,45.58161],[-119.076633,45.582433],[-119.072239,45.584331],[-119.070058,45.58488],[-119.066022,45.584994],[-119.064688,45.586617],[-119.066869,45.590388],[-119.067098,45.596353],[-119.069475,45.602067],[-119.069651,45.603317],[-119.056349,45.603376],[-119.05653,45.642081],[-119.052435,45.642755],[-119.049763,45.642092],[-119.047156,45.643006],[-119.043181,45.643371],[-119.04002,45.644582],[-119.038583,45.643965],[-119.033719,45.649019],[-119.033774,45.650157],[-119.030008,45.650036],[-119.025541,45.650907],[-119.02333,45.653308],[-119.020136,45.652736],[-119.016844,45.652735],[-119.013651,45.65207],[-119.010589,45.649829],[-119.005931,45.647976],[-119.00157,45.647791],[-118.999352,45.651012],[-118.999713,45.653183],[-118.996295,45.657276],[-118.995556,45.659057],[-118.996402,45.663287],[-118.999794,45.667034],[-119.00111,45.666716],[-119.002809,45.667804],[-118.999202,45.667566],[-118.983356,45.661617],[-118.977766,45.660482],[-118.972062,45.660212],[-118.971988,45.661918],[-118.970621,45.663491],[-118.966904,45.663851],[-118.964669,45.66255],[-118.96339,45.659937],[-118.960839,45.657058],[-118.955235,45.654401],[-118.948123,45.653761],[-118.946023,45.654171],[-118.93838,45.653694],[-118.931871,45.655059],[-118.936442,45.654409],[-118.935326,45.65708],[-118.936464,45.659074],[-118.935839,45.664826],[-118.936189,45.668241],[-118.934758,45.674229],[-118.933411,45.67581],[-118.932661,45.679256],[-118.930646,45.684129],[-118.929576,45.685865],[-118.928995,45.689407],[-118.933391,45.689631],[-118.933402,45.692543],[-119.014145,45.718845],[-119.016724,45.719794],[-119.016213,45.721055],[-119.016308,45.740804],[-119.057145,45.740776],[-119.057842,45.749502],[-119.065967,45.749731],[-119.072064,45.750592],[-119.075054,45.747975],[-119.109106,45.748169],[-119.109631,45.773537],[-119.109765,45.775406],[-119.113862,45.777313],[-119.12357,45.777393],[-119.123338,45.77092],[-119.128762,45.771477],[-119.187069,45.769936],[-119.186051,45.762862],[-119.194186,45.762457],[-119.196386,45.762053],[-119.197815,45.762041],[-119.32373,45.783636],[-119.327248,45.780267],[-119.331679,45.777006],[-119.334226,45.774322],[-119.335475,45.771884],[-119.337362,45.762963],[-119.339507,45.759129],[-119.339279,45.758175],[-119.340783,45.756458],[-119.341792,45.754072],[-119.344323,45.753671],[-119.347254,45.75492],[-119.347309,45.755414],[-119.350883,45.758073],[-119.353087,45.760293],[-119.355588,45.761806],[-119.355103,45.76354],[-119.355944,45.766424],[-119.355005,45.768739],[-119.355296,45.769726],[-119.354099,45.772633],[-119.354562,45.773939],[-119.353827,45.776368],[-119.354942,45.778112],[-119.353894,45.781305],[-119.355164,45.781595],[-119.359467,45.781133],[-119.362515,45.77993],[-119.365272,45.777762],[-119.375106,45.775033],[-119.376777,45.773487],[-119.379716,45.773342],[-119.380619,45.772136],[-119.383504,45.770881],[-119.38522,45.771118],[-119.386052,45.770224],[-119.389774,45.76983],[-119.39291,45.768762],[-119.394471,45.767468],[-119.396178,45.768725],[-119.399031,45.767914],[-119.399933,45.766609],[-119.403107,45.766599],[-119.406877,45.765701],[-119.409377,45.764506],[-119.410905,45.764457],[-119.413955,45.762352],[-119.417058,45.761694],[-119.41796,45.760054],[-119.421462,45.758739],[-119.421612,45.756978],[-119.427104,45.757182],[-119.430387,45.756447],[-119.434603,45.756429]]]}},{"type":"Feature","properties":{"zcta5":"97810","AFFGEOID10":"8600000US97810","GEOID10":"97810","ALAND10":521658213,"AWATER10":0,"county_name":"Umatilla","state_code":"OR","county_state":"Umatilla County, OR","county_fips":"41059","risk_level_county":"Medium Risk (70–79% vaccinated)","mean_vaccination_rate_county":76.4,"risk_level_zcta":"Medium Risk (70–79% vaccinated)","mean_vaccination_rate_zips":72.52,"cases":1},"geometry":{"type":"Polygon","coordinates":[[[-118.675583,45.804296],[-118.69436,45.805524],[-118.715295,45.805424],[-118.715368,45.790672],[-118.745541,45.790475],[-118.745358,45.761457],[-118.714686,45.761405],[-118.715171,45.775901],[-118.694651,45.775936],[-118.694644,45.761126],[-118.683873,45.761122],[-118.683874,45.746747],[-118.652426,45.746696],[-118.652373,45.736058],[-118.653627,45.733232],[-118.652585,45.730221],[-118.652767,45.7274],[-118.655046,45.72547],[-118.652517,45.722227],[-118.652527,45.717002],[-118.71707,45.688854],[-118.642108,45.688693],[-118.641923,45.689923],[-118.640956,45.688552],[-118.635969,45.688519],[-118.635419,45.68771],[-118.621555,45.68839],[-118.557596,45.688278],[-118.556606,45.688121],[-118.557148,45.687353],[-118.554961,45.683699],[-118.553262,45.681964],[-118.551988,45.682278],[-118.548711,45.685452],[-118.548116,45.68811],[-118.542367,45.6883],[-118.539763,45.690232],[-118.539591,45.688287],[-118.518332,45.688256],[-118.518387,45.669942],[-118.518745,45.66366],[-118.515543,45.662934],[-118.511748,45.660423],[-118.511431,45.659574],[-118.508307,45.658135],[-118.507166,45.65623],[-118.503005,45.655645],[-118.503995,45.652076],[-118.504276,45.649541],[-118.505475,45.648151],[-118.504764,45.644292],[-118.503179,45.640808],[-118.501727,45.633786],[-118.502334,45.629793],[-118.501802,45.627791],[-118.500255,45.626168],[-118.500151,45.623291],[-118.501309,45.621178],[-118.502883,45.620178],[-118.506189,45.617024],[-118.508964,45.613322],[-118.509794,45.610851],[-118.511226,45.608706],[-118.509534,45.602748],[-118.468729,45.602696],[-118.459118,45.60312],[-118.379797,45.602797],[-118.358584,45.642413],[-118.356628,45.646109],[-118.241915,45.645618],[-118.241246,45.673462],[-118.216587,45.673519],[-118.218626,45.675481],[-118.217265,45.67694],[-118.214694,45.681031],[-118.21276,45.682164],[-118.20852,45.686327],[-118.205363,45.687747],[-118.205016,45.690297],[-118.205821,45.694245],[-118.205295,45.695471],[-118.205283,45.699782],[-118.204583,45.705003],[-118.203113,45.70635],[-118.202871,45.7089],[-118.20134,45.711199],[-118.199424,45.712947],[-118.195666,45.713441],[-118.192333,45.714576],[-118.189817,45.716646],[-118.186681,45.722461],[-118.18881,45.725654],[-118.189667,45.726804],[-118.19234,45.727808],[-118.194269,45.729401],[-118.196409,45.728477],[-118.199141,45.729214],[-118.202516,45.731633],[-118.204239,45.731561],[-118.208266,45.732409],[-118.209713,45.733619],[-118.211539,45.734099],[-118.214034,45.737173],[-118.224593,45.742793],[-118.229141,45.741562],[-118.231133,45.742101],[-118.239339,45.742518],[-118.238809,45.745116],[-118.242499,45.749857],[-118.246169,45.75257],[-118.248297,45.75778],[-118.248337,45.758698],[-118.245373,45.76157],[-118.243061,45.762469],[-118.237205,45.76269],[-118.232365,45.765037],[-118.229865,45.765931],[-118.232232,45.766369],[-118.235544,45.765791],[-118.249794,45.76597],[-118.255017,45.766162],[-118.257329,45.76716],[-118.260937,45.766858],[-118.270017,45.766848],[-118.273976,45.769299],[-118.277095,45.768033],[-118.278089,45.766983],[-118.283796,45.766978],[-118.284308,45.764523],[-118.290272,45.763048],[-118.288179,45.761351],[-118.288885,45.760371],[-118.287408,45.757915],[-118.284143,45.75736],[-118.281117,45.758178],[-118.276229,45.75694],[-118.285321,45.751108],[-118.285794,45.749588],[-118.2847,45.747999],[-118.285033,45.746263],[-118.287546,45.745217],[-118.290225,45.742512],[-118.292118,45.741586],[-118.294011,45.741485],[-118.298492,45.74201],[-118.302606,45.741519],[-118.305608,45.741924],[-118.30684,45.742296],[-118.305313,45.745008],[-118.305924,45.74555],[-118.3126,45.746199],[-118.314282,45.747705],[-118.318165,45.750074],[-118.322124,45.750814],[-118.325691,45.752262],[-118.328461,45.754328],[-118.332906,45.755557],[-118.334409,45.75535],[-118.337511,45.753673],[-118.33896,45.752104],[-118.344131,45.750395],[-118.346108,45.748664],[-118.346106,45.745559],[-118.347382,45.743589],[-118.352185,45.742408],[-118.357182,45.740008],[-118.365376,45.738853],[-118.367468,45.73889],[-118.368886,45.739109],[-118.371404,45.740638],[-118.37371,45.743027],[-118.375373,45.744152],[-118.382166,45.747262],[-118.383693,45.747658],[-118.384737,45.746407],[-118.387692,45.745706],[-118.390912,45.745466],[-118.394618,45.745956],[-118.399522,45.748426],[-118.4024,45.750648],[-118.405565,45.754308],[-118.40931,45.757349],[-118.414364,45.75989],[-118.418713,45.762387],[-118.423871,45.762942],[-118.426293,45.76269],[-118.426575,45.761752],[-118.430048,45.762218],[-118.432744,45.763091],[-118.434264,45.762838],[-118.438121,45.763667],[-118.440998,45.7632],[-118.442432,45.764621],[-118.444839,45.765428],[-118.446023,45.766958],[-118.447128,45.767221],[-118.452703,45.774353],[-118.454421,45.775482],[-118.456445,45.779388],[-118.459268,45.779997],[-118.460751,45.783354],[-118.460391,45.785318],[-118.462463,45.788927],[-118.464683,45.789795],[-118.518461,45.790008],[-118.518456,45.775472],[-118.565147,45.775678],[-118.566325,45.778814],[-118.568248,45.78097],[-118.572576,45.784726],[-118.580326,45.794989],[-118.580563,45.797495],[-118.549348,45.797556],[-118.549189,45.815508],[-118.555991,45.815971],[-118.562037,45.818811],[-118.564866,45.819326],[-118.569522,45.819267],[-118.569523,45.833947],[-118.580103,45.834002],[-118.580062,45.861072],[-118.58941,45.861006],[-118.588353,45.875477],[-118.59833,45.875482],[-118.60912,45.876112],[-118.607854,45.86892],[-118.608019,45.861181],[-118.60598,45.856824],[-118.601595,45.852063],[-118.588608,45.835816],[-118.586391,45.831885],[-118.580613,45.824525],[-118.580421,45.819268],[-118.622423,45.819827],[-118.622055,45.806801],[-118.62204,45.790546],[-118.653838,45.790842],[-118.654226,45.80563],[-118.654888,45.805091],[-118.675583,45.804296]],[[-118.652415,45.761238],[-118.653689,45.761223],[-118.662811,45.761465],[-118.663528,45.775893],[-118.653154,45.775882],[-118.652415,45.761425],[-118.652415,45.761238]],[[-118.652426,45.746696],[-118.652415,45.761238],[-118.632127,45.761333],[-118.632024,45.753659],[-118.611398,45.753698],[-118.611395,45.74658],[-118.652426,45.746696]]]}},{"type":"Feature","properties":{"zcta5":"97859","AFFGEOID10":"8600000US97859","GEOID10":"97859","ALAND10":207533136,"AWATER10":64805,"county_name":"Umatilla","state_code":"OR","county_state":"Umatilla County, OR","county_fips":"41059","risk_level_county":"Medium Risk (70–79% vaccinated)","mean_vaccination_rate_county":76.4,"risk_level_zcta":"Lower Risk (80–84% vaccinated)","mean_vaccination_rate_zips":83.67,"cases":1},"geometry":{"type":"Polygon","coordinates":[[[-118.379797,45.602797],[-118.3953,45.573148],[-118.403899,45.573199],[-118.404284,45.569411],[-118.414624,45.569477],[-118.414656,45.573112],[-118.43533,45.573268],[-118.435433,45.558595],[-118.445693,45.558645],[-118.445664,45.565939],[-118.450812,45.565946],[-118.45081,45.569577],[-118.445649,45.569551],[-118.445634,45.573164],[-118.471254,45.573253],[-118.471345,45.56597],[-118.476461,45.56595],[-118.47637,45.573216],[-118.481472,45.573248],[-118.481576,45.569607],[-118.486595,45.569616],[-118.486731,45.568714],[-118.486583,45.573283],[-118.507272,45.573006],[-118.527384,45.572994],[-118.531272,45.572457],[-118.537688,45.570243],[-118.542619,45.566187],[-118.545187,45.563099],[-118.546213,45.560632],[-118.545582,45.559698],[-118.547115,45.55685],[-118.54772,45.553461],[-118.550396,45.55056],[-118.550165,45.54909],[-118.552433,45.546182],[-118.555514,45.543081],[-118.555654,45.541618],[-118.559587,45.539945],[-118.560038,45.516899],[-118.55753,45.516605],[-118.554831,45.517016],[-118.552328,45.515439],[-118.550637,45.512947],[-118.55028,45.511232],[-118.545112,45.511598],[-118.544239,45.509497],[-118.545251,45.507694],[-118.54438,45.504062],[-118.543114,45.503308],[-118.52139,45.503673],[-118.52126,45.501568],[-118.526139,45.499273],[-118.52744,45.49742],[-118.525945,45.495086],[-118.522758,45.493552],[-118.5224,45.491835],[-118.519475,45.492474],[-118.517981,45.491673],[-118.519119,45.490257],[-118.518405,45.488382],[-118.518927,45.486028],[-118.517076,45.484404],[-118.515093,45.485798],[-118.510899,45.486802],[-118.506736,45.489703],[-118.505459,45.48903],[-118.49997,45.48997],[-118.498758,45.489743],[-118.496238,45.487821],[-118.495316,45.487897],[-118.495064,45.482516],[-118.490266,45.474676],[-118.487285,45.473729],[-118.484551,45.474315],[-118.480512,45.477247],[-118.479349,45.471392],[-118.477448,45.469551],[-118.476113,45.466651],[-118.474234,45.464469],[-118.469475,45.460896],[-118.466184,45.459132],[-118.46081,45.457067],[-118.453582,45.454742],[-118.453716,45.440088],[-118.453395,45.429037],[-118.428469,45.428951],[-118.407986,45.429021],[-118.412006,45.431391],[-118.413483,45.433119],[-118.415396,45.43972],[-118.415227,45.441293],[-118.413593,45.443107],[-118.413814,45.444342],[-118.412103,45.44847],[-118.415364,45.451242],[-118.415833,45.454835],[-118.416477,45.456025],[-118.421102,45.458671],[-118.421026,45.461007],[-118.4174,45.464315],[-118.416308,45.467907],[-118.416728,45.469328],[-118.415555,45.472432],[-118.419875,45.474076],[-118.423637,45.473908],[-118.424898,45.475718],[-118.427004,45.476295],[-118.426019,45.479663],[-118.424418,45.482001],[-118.425843,45.484017],[-118.428888,45.485876],[-118.426984,45.488783],[-118.421001,45.490896],[-118.423388,45.492919],[-118.426638,45.498321],[-118.426128,45.500293],[-118.422842,45.503305],[-118.409399,45.4887],[-118.409673,45.490574],[-118.409019,45.49355],[-118.410137,45.499851],[-118.41161,45.503181],[-118.419583,45.513045],[-118.416193,45.513134],[-118.414084,45.517214],[-118.408729,45.51733],[-118.407231,45.516447],[-118.40238,45.515629],[-118.400749,45.515726],[-118.397479,45.517477],[-118.39455,45.518463],[-118.386997,45.518263],[-118.382673,45.520945],[-118.380464,45.524378],[-118.374937,45.528685],[-118.371878,45.529604],[-118.368818,45.529242],[-118.360829,45.532304],[-118.357924,45.533085],[-118.3537,45.532527],[-118.351531,45.531668],[-118.342854,45.526178],[-118.342963,45.523322],[-118.341642,45.520604],[-118.342427,45.51874],[-118.341364,45.515783],[-118.342429,45.508246],[-118.342437,45.505716],[-118.340316,45.499852],[-118.338878,45.498168],[-118.338388,45.495502],[-118.337122,45.494485],[-118.331284,45.492569],[-118.331364,45.491358],[-118.326709,45.489673],[-118.323667,45.487534],[-118.322797,45.486237],[-118.323118,45.484612],[-118.320967,45.486482],[-118.314777,45.484182],[-118.312513,45.482116],[-118.304996,45.480604],[-118.298773,45.477969],[-118.292902,45.478178],[-118.28929,45.477115],[-118.286903,45.476884],[-118.28577,45.477245],[-118.281761,45.480072],[-118.276385,45.48146],[-118.275092,45.482593],[-118.274679,45.484066],[-118.275707,45.487967],[-118.278009,45.493023],[-118.278547,45.496446],[-118.279371,45.498509],[-118.279482,45.501851],[-118.280748,45.503136],[-118.280328,45.508427],[-118.281235,45.511459],[-118.28122,45.518959],[-118.281732,45.520577],[-118.285407,45.523302],[-118.291905,45.525953],[-118.293057,45.529272],[-118.292548,45.530238],[-118.294885,45.535205],[-118.301738,45.540816],[-118.309722,45.544508],[-118.310471,45.545804],[-118.311545,45.550338],[-118.314171,45.558403],[-118.318772,45.564437],[-118.319158,45.568756],[-118.323549,45.5721],[-118.324584,45.57409],[-118.330067,45.590453],[-118.331545,45.592636],[-118.339825,45.59903],[-118.346846,45.605726],[-118.349166,45.609103],[-118.349829,45.611136],[-118.352555,45.615509],[-118.35531,45.627537],[-118.354603,45.635547],[-118.357887,45.638779],[-118.358584,45.642413],[-118.379797,45.602797]]]}},{"type":"Feature","properties":{"zcta5":"97801","AFFGEOID10":"8600000US97801","GEOID10":"97801","ALAND10":1271836927,"AWATER10":4518810,"county_name":"Umatilla","state_code":"OR","county_state":"Umatilla County, OR","county_fips":"41059","risk_level_county":"Medium Risk (70–79% vaccinated)","mean_vaccination_rate_county":76.4,"risk_level_zcta":"Medium Risk (70–79% vaccinated)","mean_vaccination_rate_zips":79.12,"cases":1},"geometry":{"type":"MultiPolygon","coordinates":[[[[-118.652415,45.761238],[-118.652426,45.746696],[-118.611395,45.74658],[-118.611398,45.753698],[-118.632024,45.753659],[-118.632127,45.761333],[-118.652415,45.761238]]],[[[-118.622423,45.819827],[-118.633551,45.820397],[-118.648069,45.820294],[-118.651725,45.817431],[-118.65422,45.814294],[-118.654226,45.80563],[-118.653838,45.790842],[-118.62204,45.790546],[-118.622055,45.806801],[-118.622423,45.819827]]],[[[-118.652415,45.761238],[-118.652415,45.761425],[-118.653154,45.775882],[-118.663528,45.775893],[-118.662811,45.761465],[-118.653689,45.761223],[-118.652415,45.761238]]],[[[-119.109765,45.775406],[-119.109631,45.773537],[-119.109106,45.748169],[-119.075054,45.747975],[-119.072064,45.750592],[-119.065967,45.749731],[-119.057842,45.749502],[-119.057145,45.740776],[-119.016308,45.740804],[-119.016213,45.721055],[-119.016724,45.719794],[-119.014145,45.718845],[-118.933402,45.692543],[-118.933391,45.689631],[-118.928995,45.689407],[-118.929576,45.685865],[-118.930646,45.684129],[-118.932661,45.679256],[-118.933411,45.67581],[-118.934758,45.674229],[-118.936189,45.668241],[-118.935839,45.664826],[-118.936464,45.659074],[-118.935326,45.65708],[-118.936442,45.654409],[-118.931871,45.655059],[-118.93838,45.653694],[-118.946023,45.654171],[-118.948123,45.653761],[-118.955235,45.654401],[-118.960839,45.657058],[-118.96339,45.659937],[-118.964669,45.66255],[-118.966904,45.663851],[-118.970621,45.663491],[-118.971988,45.661918],[-118.972062,45.660212],[-118.977766,45.660482],[-118.983356,45.661617],[-118.999202,45.667566],[-119.002809,45.667804],[-119.00111,45.666716],[-118.999794,45.667034],[-118.996402,45.663287],[-118.995556,45.659057],[-118.996295,45.657276],[-118.999713,45.653183],[-118.999352,45.651012],[-119.00157,45.647791],[-119.005931,45.647976],[-119.010589,45.649829],[-119.013651,45.65207],[-119.016844,45.652735],[-119.020136,45.652736],[-119.02333,45.653308],[-119.025541,45.650907],[-119.030008,45.650036],[-119.033774,45.650157],[-119.033719,45.649019],[-119.038583,45.643965],[-119.04002,45.644582],[-119.043181,45.643371],[-119.047156,45.643006],[-119.049763,45.642092],[-119.052435,45.642755],[-119.05653,45.642081],[-119.056349,45.603376],[-119.069651,45.603317],[-119.069475,45.602067],[-119.067098,45.596353],[-119.066869,45.590388],[-119.064688,45.586617],[-119.066022,45.584994],[-119.070058,45.58488],[-119.072239,45.584331],[-119.076633,45.582433],[-119.082003,45.58161],[-119.082913,45.578134],[-119.086338,45.574196],[-119.092422,45.570685],[-119.096827,45.565744],[-119.098517,45.557913],[-119.099526,45.556041],[-119.10164,45.553918],[-119.104014,45.550287],[-119.106453,45.548026],[-119.10642,45.547321],[-119.100492,45.536399],[-119.100811,45.527321],[-119.100551,45.526453],[-119.100479,45.51635],[-119.099644,45.515871],[-119.114523,45.515499],[-119.11474,45.503522],[-119.116072,45.503636],[-119.12166,45.500821],[-119.119681,45.499499],[-119.116849,45.500299],[-119.117178,45.499082],[-119.119127,45.498281],[-119.122539,45.49796],[-119.127718,45.498898],[-119.129701,45.498716],[-119.137028,45.494705],[-119.12757,45.489227],[-119.124963,45.487986],[-119.120626,45.486882],[-119.116559,45.484801],[-119.113381,45.483884],[-119.106992,45.480194],[-119.10447,45.479805],[-119.10167,45.477804],[-119.095302,45.46947],[-119.093511,45.468391],[-119.093616,45.472121],[-119.092936,45.473266],[-119.090113,45.473773],[-119.085179,45.473299],[-119.078105,45.474565],[-119.076418,45.475413],[-119.074668,45.47839],[-119.070191,45.480292],[-119.062594,45.479569],[-119.062437,45.48195],[-119.061336,45.484925],[-119.062327,45.487196],[-119.062346,45.515856],[-119.048722,45.515826],[-119.048733,45.522445],[-119.049631,45.523089],[-119.058213,45.523091],[-119.059047,45.523859],[-119.059017,45.531994],[-119.05574,45.536239],[-119.054263,45.543873],[-119.052906,45.547295],[-119.050268,45.550341],[-119.046275,45.552852],[-119.044437,45.555408],[-119.042301,45.557431],[-119.038324,45.556299],[-119.031542,45.556307],[-119.025423,45.555641],[-119.01618,45.556309],[-119.0151,45.558746],[-119.013486,45.560678],[-119.012237,45.560492],[-119.005547,45.556351],[-119.00321,45.552012],[-119.000624,45.548637],[-118.996976,45.548464],[-118.995951,45.545005],[-118.994226,45.544],[-118.993992,45.538152],[-119.004163,45.538285],[-119.00432,45.534575],[-119.009527,45.53478],[-119.00963,45.531082],[-119.012542,45.53108],[-119.012326,45.530015],[-119.004886,45.52327],[-119.001798,45.521646],[-119.006257,45.518356],[-119.00756,45.515911],[-118.994179,45.515981],[-118.99412,45.50883],[-118.952844,45.508567],[-118.953129,45.515693],[-118.969259,45.515745],[-118.967571,45.517657],[-118.963703,45.520309],[-118.961348,45.523014],[-118.952752,45.522955],[-118.95287,45.5372],[-118.969246,45.537485],[-118.971909,45.538798],[-118.973439,45.540649],[-118.952753,45.540847],[-118.952867,45.573195],[-118.942697,45.573129],[-118.942697,45.544433],[-118.912404,45.544399],[-118.912356,45.538036],[-118.906911,45.540811],[-118.902021,45.540979],[-118.897241,45.544403],[-118.871477,45.544347],[-118.871494,45.529938],[-118.84872,45.529671],[-118.848816,45.516004],[-118.843335,45.514226],[-118.843096,45.515329],[-118.828373,45.515175],[-118.828859,45.53017],[-118.806715,45.529725],[-118.806818,45.544189],[-118.803057,45.544863],[-118.799486,45.547634],[-118.798193,45.547797],[-118.798593,45.545623],[-118.800225,45.543876],[-118.800974,45.541522],[-118.800991,45.536161],[-118.798748,45.526423],[-118.802412,45.521816],[-118.80736,45.51986],[-118.811742,45.51876],[-118.81499,45.516386],[-118.816924,45.514438],[-118.813486,45.514105],[-118.812553,45.51339],[-118.811909,45.510685],[-118.807847,45.510993],[-118.80697,45.510182],[-118.810906,45.507114],[-118.813088,45.504267],[-118.817285,45.504303],[-118.81733,45.50995],[-118.820707,45.509946],[-118.821798,45.508013],[-118.823203,45.507971],[-118.830642,45.500848],[-118.827624,45.500874],[-118.828478,45.499721],[-118.826485,45.49874],[-118.827374,45.497201],[-118.826952,45.494941],[-118.828361,45.492801],[-118.827259,45.492841],[-118.82731,45.490162],[-118.822308,45.48988],[-118.82232,45.488814],[-118.819487,45.48795],[-118.817422,45.486308],[-118.791698,45.486096],[-118.791657,45.500627],[-118.786457,45.500951],[-118.786438,45.512214],[-118.787066,45.515175],[-118.786743,45.521596],[-118.786951,45.536843],[-118.772233,45.536866],[-118.77047,45.540863],[-118.770414,45.543046],[-118.773794,45.543931],[-118.776096,45.545758],[-118.772696,45.551177],[-118.768868,45.551278],[-118.765003,45.549635],[-118.761707,45.5492],[-118.757484,45.547492],[-118.75191,45.548408],[-118.748079,45.548661],[-118.744012,45.548193],[-118.73635,45.545917],[-118.729819,45.542907],[-118.720186,45.539471],[-118.717244,45.538144],[-118.713597,45.53577],[-118.710373,45.534499],[-118.704568,45.533012],[-118.701699,45.531066],[-118.698539,45.530056],[-118.689294,45.529342],[-118.687536,45.527464],[-118.690494,45.524999],[-118.691319,45.523158],[-118.694312,45.518783],[-118.695903,45.515288],[-118.629133,45.514924],[-118.623487,45.514678],[-118.622072,45.515174],[-118.612741,45.515166],[-118.612604,45.511384],[-118.612153,45.511439],[-118.610724,45.512237],[-118.609946,45.514596],[-118.60778,45.515586],[-118.605881,45.518177],[-118.599931,45.522037],[-118.597116,45.520907],[-118.593947,45.5206],[-118.5896,45.522277],[-118.585646,45.523291],[-118.580123,45.524142],[-118.576888,45.524178],[-118.573783,45.523549],[-118.571917,45.52233],[-118.567374,45.520964],[-118.560038,45.516899],[-118.559587,45.539945],[-118.555654,45.541618],[-118.555514,45.543081],[-118.552433,45.546182],[-118.550165,45.54909],[-118.550396,45.55056],[-118.54772,45.553461],[-118.547115,45.55685],[-118.545582,45.559698],[-118.546213,45.560632],[-118.545187,45.563099],[-118.542619,45.566187],[-118.537688,45.570243],[-118.531272,45.572457],[-118.527384,45.572994],[-118.507272,45.573006],[-118.486583,45.573283],[-118.486731,45.568714],[-118.486595,45.569616],[-118.481576,45.569607],[-118.481472,45.573248],[-118.47637,45.573216],[-118.476461,45.56595],[-118.471345,45.56597],[-118.471254,45.573253],[-118.445634,45.573164],[-118.445649,45.569551],[-118.45081,45.569577],[-118.450812,45.565946],[-118.445664,45.565939],[-118.445693,45.558645],[-118.435433,45.558595],[-118.43533,45.573268],[-118.414656,45.573112],[-118.414624,45.569477],[-118.404284,45.569411],[-118.403899,45.573199],[-118.3953,45.573148],[-118.379797,45.602797],[-118.459118,45.60312],[-118.468729,45.602696],[-118.509534,45.602748],[-118.511226,45.608706],[-118.509794,45.610851],[-118.508964,45.613322],[-118.506189,45.617024],[-118.502883,45.620178],[-118.501309,45.621178],[-118.500151,45.623291],[-118.500255,45.626168],[-118.501802,45.627791],[-118.502334,45.629793],[-118.501727,45.633786],[-118.503179,45.640808],[-118.504764,45.644292],[-118.505475,45.648151],[-118.504276,45.649541],[-118.503995,45.652076],[-118.503005,45.655645],[-118.507166,45.65623],[-118.508307,45.658135],[-118.511431,45.659574],[-118.511748,45.660423],[-118.515543,45.662934],[-118.518745,45.66366],[-118.518387,45.669942],[-118.518332,45.688256],[-118.539591,45.688287],[-118.539763,45.690232],[-118.542367,45.6883],[-118.548116,45.68811],[-118.548711,45.685452],[-118.551988,45.682278],[-118.553262,45.681964],[-118.554961,45.683699],[-118.557148,45.687353],[-118.556606,45.688121],[-118.557596,45.688278],[-118.621555,45.68839],[-118.635419,45.68771],[-118.635969,45.688519],[-118.640956,45.688552],[-118.641923,45.689923],[-118.642108,45.688693],[-118.71707,45.688854],[-118.652527,45.717002],[-118.652517,45.722227],[-118.655046,45.72547],[-118.652767,45.7274],[-118.652585,45.730221],[-118.653627,45.733232],[-118.652373,45.736058],[-118.652426,45.746696],[-118.683874,45.746747],[-118.683873,45.761122],[-118.694644,45.761126],[-118.694651,45.775936],[-118.715171,45.775901],[-118.714686,45.761405],[-118.745358,45.761457],[-118.745541,45.790475],[-118.715368,45.790672],[-118.715295,45.805424],[-118.69436,45.805524],[-118.675583,45.804296],[-118.675213,45.819137],[-118.695292,45.82026],[-118.735576,45.820352],[-118.746502,45.819931],[-118.75502,45.820209],[-118.766455,45.820117],[-118.76647,45.809846],[-118.771371,45.811972],[-118.775457,45.812941],[-118.784186,45.815923],[-118.78674,45.816394],[-118.797794,45.816252],[-118.797709,45.821677],[-118.807988,45.82168],[-118.807978,45.818247],[-118.812424,45.818384],[-118.812565,45.817725],[-118.815939,45.818082],[-118.825939,45.817744],[-118.835505,45.816642],[-118.847262,45.818944],[-118.854732,45.821567],[-118.858898,45.823324],[-118.869769,45.827091],[-118.876447,45.831336],[-118.879635,45.83452],[-118.884239,45.837605],[-118.882375,45.838741],[-118.882412,45.849867],[-118.893074,45.849859],[-118.893063,45.857259],[-118.903083,45.857329],[-118.903082,45.854768],[-118.90487,45.855653],[-118.906373,45.857685],[-118.907516,45.857798],[-118.911403,45.86053],[-118.916823,45.862183],[-118.919021,45.864257],[-118.922029,45.865639],[-118.92935,45.870923],[-118.931098,45.870765],[-118.933639,45.87217],[-118.937548,45.871542],[-118.94304,45.87212],[-118.945101,45.873877],[-118.949601,45.875484],[-118.950386,45.877124],[-118.949597,45.8795],[-118.95087,45.881167],[-118.948867,45.885576],[-118.948922,45.892132],[-118.941317,45.897133],[-118.938039,45.895944],[-118.934729,45.897267],[-118.935675,45.898273],[-118.930496,45.898842],[-118.926792,45.897811],[-118.92662,45.900849],[-118.924689,45.902714],[-118.921127,45.907147],[-118.920332,45.908633],[-118.921287,45.909708],[-118.920813,45.913142],[-118.921505,45.913804],[-118.933597,45.913953],[-118.934484,45.914137],[-118.935833,45.91535],[-118.93607,45.916882],[-118.938538,45.918439],[-118.93907,45.920087],[-118.936539,45.924274],[-118.93612,45.92567],[-118.937594,45.924299],[-118.940279,45.923499],[-118.944079,45.921168],[-118.952036,45.921396],[-118.955114,45.920824],[-118.961272,45.923314],[-118.963367,45.921508],[-118.964284,45.921622],[-118.967524,45.918627],[-118.969816,45.917209],[-118.97408,45.915723],[-118.976663,45.915737],[-118.985894,45.917387],[-118.992441,45.91519],[-118.990671,45.913476],[-118.991553,45.91174],[-118.996132,45.908734],[-118.998844,45.90486],[-119.003016,45.900399],[-119.00305,45.898393],[-119.008945,45.890105],[-119.009437,45.88851],[-119.00699,45.887275],[-119.003495,45.887401],[-118.99737,45.884995],[-118.993917,45.883226],[-118.993953,45.881531],[-118.99522,45.879602],[-118.998326,45.877498],[-119.001113,45.874041],[-119.004759,45.871894],[-119.005316,45.871095],[-119.003158,45.869082],[-119.000577,45.867479],[-119.000303,45.864284],[-118.986245,45.864317],[-118.985942,45.851546],[-118.995877,45.85122],[-119.018489,45.851527],[-119.048233,45.850693],[-119.047722,45.835438],[-119.036985,45.835296],[-119.036674,45.823943],[-119.037167,45.817267],[-119.037017,45.80669],[-119.047716,45.806636],[-119.047701,45.790361],[-119.118674,45.790488],[-119.116227,45.788321],[-119.116456,45.786138],[-119.11307,45.7837],[-119.110683,45.781183],[-119.110657,45.778869],[-119.109765,45.775406]]]]}}]}