{"type":"FeatureCollection","features":[{"type":"Feature","properties":{"zcta5":"59223","AFFGEOID10":"8600000US59223","GEOID10":"59223","ALAND10":575136032,"AWATER10":64081748,"county_name":"Valley","state_code":"MT","county_state":"Valley County, MT","county_fips":"30105","risk_level_county":"Lower Risk (80–84% vaccinated)","mean_vaccination_rate_county":80.91,"risk_level_zcta":"Lower Risk (80–84% vaccinated)","mean_vaccination_rate_zips":81.55,"cases":36},"geometry":{"type":"MultiPolygon","coordinates":[[[[-106.493423,48.000605],[-106.494224,47.997136],[-106.497626,47.995377],[-106.50406,47.994063],[-106.510224,47.992267],[-106.511991,47.989611],[-106.514079,47.988813],[-106.517787,47.98953],[-106.519817,47.987609],[-106.519622,47.986896],[-106.516594,47.988943],[-106.517323,47.986936],[-106.51577,47.987374],[-106.517749,47.985669],[-106.513913,47.982065],[-106.515116,47.97935],[-106.51389,47.980107],[-106.511546,47.979782],[-106.508485,47.97841],[-106.508398,47.974801],[-106.506356,47.975025],[-106.505651,47.977822],[-106.506933,47.978398],[-106.506392,47.979555],[-106.503731,47.978578],[-106.506639,47.980542],[-106.507139,47.986974],[-106.504704,47.985203],[-106.504449,47.98647],[-106.506025,47.987523],[-106.507068,47.989624],[-106.50497,47.988324],[-106.501948,47.987861],[-106.5015,47.986364],[-106.499564,47.985556],[-106.496811,47.985437],[-106.496753,47.984412],[-106.494358,47.983377],[-106.491189,47.983252],[-106.490095,47.984086],[-106.490126,47.962287],[-106.479441,47.963215],[-106.470767,47.963308],[-106.467025,47.963877],[-106.462586,47.965326],[-106.455932,47.968512],[-106.452414,47.970419],[-106.450912,47.972523],[-106.450874,47.976143],[-106.451823,47.979122],[-106.451245,47.980903],[-106.450062,47.981973],[-106.447421,47.98286],[-106.443675,47.982732],[-106.436035,47.981315],[-106.43225,47.979652],[-106.430903,47.978674],[-106.428958,47.976176],[-106.428216,47.973375],[-106.428789,47.970204],[-106.433499,47.964883],[-106.43405,47.961363],[-106.431955,47.95734],[-106.429009,47.954626],[-106.426686,47.953783],[-106.422664,47.953995],[-106.41862,47.957457],[-106.358288,47.957216],[-106.358085,47.868412],[-106.260932,47.868431],[-106.261034,47.714174],[-106.259174,47.713089],[-106.253492,47.712176],[-106.250609,47.711044],[-106.242898,47.708768],[-106.238441,47.708676],[-106.235696,47.707441],[-106.234021,47.707373],[-106.231621,47.70769],[-106.229257,47.709838],[-106.226597,47.711345],[-106.226432,47.712222],[-106.223173,47.712166],[-106.218904,47.714355],[-106.215515,47.713704],[-106.214002,47.712168],[-106.211378,47.712613],[-106.210834,47.714165],[-106.212727,47.714231],[-106.212159,47.71541],[-106.210144,47.715509],[-106.209428,47.713946],[-106.210403,47.713518],[-106.208338,47.711796],[-106.205104,47.713569],[-106.205201,47.712433],[-106.202178,47.710695],[-106.201138,47.71075],[-106.201593,47.712302],[-106.199334,47.713059],[-106.195718,47.709412],[-106.193946,47.709692],[-106.19419,47.710981],[-106.191988,47.71046],[-106.191955,47.711914],[-106.19016,47.710751],[-106.18955,47.712002],[-106.187315,47.712457],[-106.186942,47.711168],[-106.184236,47.712446],[-106.184179,47.713241],[-106.18131,47.713839],[-106.176499,47.713241],[-106.178019,47.711606],[-106.175459,47.713394],[-106.172241,47.712862],[-106.17155,47.713712],[-106.169266,47.713361],[-106.170371,47.714507],[-106.170931,47.717195],[-106.169663,47.717567],[-106.169071,47.715511],[-106.166665,47.716914],[-106.167006,47.715516],[-106.165374,47.714254],[-106.162342,47.715723],[-106.161765,47.71422],[-106.158579,47.715607],[-106.157962,47.714565],[-106.156904,47.71621],[-106.15684,47.715278],[-106.153962,47.714619],[-106.153341,47.722345],[-106.151045,47.731998],[-106.150912,47.735385],[-106.154076,47.771238],[-106.154057,47.794408],[-106.153376,47.799139],[-106.147441,47.814717],[-106.146268,47.816819],[-106.142659,47.821432],[-106.141438,47.824431],[-106.1417,47.827967],[-106.14318,47.830637],[-106.153548,47.843185],[-106.153242,47.843213],[-106.139155,47.838042],[-106.128301,47.83352],[-106.118911,47.828435],[-106.11152,47.825732],[-106.109706,47.825372],[-106.103205,47.825068],[-106.096379,47.826738],[-106.089736,47.82868],[-106.08285,47.829896],[-106.080656,47.83059],[-106.065114,47.838818],[-106.061174,47.842082],[-106.055093,47.853068],[-106.052425,47.855691],[-106.05005,47.856075],[-106.04937,47.858614],[-106.030992,47.856633],[-106.028385,47.855731],[-106.025298,47.85378],[-106.01758,47.851999],[-106.012245,47.849132],[-105.998052,47.844211],[-105.990783,47.843362],[-105.986368,47.841884],[-105.982246,47.840026],[-105.978366,47.837799],[-105.965287,47.835054],[-105.962553,47.834825],[-105.954654,47.835387],[-105.93894,47.833335],[-105.934896,47.833933],[-105.932544,47.835009],[-105.923428,47.835038],[-105.920387,47.834662],[-105.91294,47.8319],[-105.906736,47.830745],[-105.902431,47.828685],[-105.898913,47.827592],[-105.892465,47.826526],[-105.888213,47.826994],[-105.883858,47.8288],[-105.880211,47.829597],[-105.876471,47.8295],[-105.876488,47.836472],[-105.872272,47.843468],[-105.872158,47.845151],[-105.868218,47.844426],[-105.867921,47.846077],[-105.864541,47.846972],[-105.865513,47.8491],[-105.86321,47.852138],[-105.863219,47.855618],[-105.866049,47.855736],[-105.867891,47.855231],[-105.86913,47.856393],[-105.869328,47.858137],[-105.868345,47.861302],[-105.869186,47.862464],[-105.868698,47.863507],[-105.869648,47.867406],[-105.870553,47.867976],[-105.868885,47.870209],[-105.864851,47.871023],[-105.864454,47.872948],[-105.866608,47.874888],[-105.866322,47.876437],[-105.864334,47.877601],[-105.864294,47.878418],[-105.866938,47.879876],[-105.869834,47.882205],[-105.87162,47.882402],[-105.873268,47.883487],[-105.873758,47.884839],[-105.872838,47.88578],[-105.868892,47.885935],[-105.868103,47.886702],[-105.868159,47.889158],[-105.86998,47.890371],[-105.87202,47.889982],[-105.873211,47.890381],[-105.874109,47.8919],[-105.873809,47.892948],[-105.870313,47.895105],[-105.870086,47.896816],[-105.872143,47.898036],[-105.875938,47.898334],[-105.877128,47.899294],[-105.874079,47.901903],[-105.874517,47.902753],[-105.876617,47.90332],[-105.882331,47.906177],[-105.883469,47.909618],[-105.884456,47.911075],[-105.884493,47.912819],[-105.882902,47.915164],[-105.883472,47.916195],[-105.882752,47.917566],[-105.878304,47.919583],[-105.879932,47.922293],[-105.881038,47.925946],[-105.884384,47.926059],[-105.886799,47.925617],[-105.895461,47.925051],[-105.899801,47.924499],[-105.904857,47.924754],[-105.909507,47.924411],[-105.913201,47.92361],[-105.917183,47.92329],[-105.919133,47.921978],[-105.921596,47.919568],[-105.923505,47.91654],[-105.922568,47.910908],[-105.924894,47.909823],[-105.934784,47.908598],[-105.938551,47.908518],[-105.942584,47.90729],[-105.949385,47.904486],[-105.957643,47.904499],[-105.960124,47.904754],[-105.976269,47.904666],[-105.979295,47.904785],[-106.037467,47.904688],[-106.057079,47.904689],[-106.057075,47.914841],[-106.056763,47.917284],[-106.057112,47.920726],[-106.055978,47.923657],[-106.055978,47.926581],[-106.057688,47.92852],[-106.060275,47.929661],[-106.062086,47.933683],[-106.062318,47.936365],[-106.059317,47.938572],[-106.05786,47.940402],[-106.053117,47.94233],[-106.052572,47.943118],[-106.052778,47.945665],[-106.054878,47.946796],[-106.062513,47.948298],[-106.064579,47.949003],[-106.066465,47.950393],[-106.068916,47.951282],[-106.072658,47.953312],[-106.075765,47.95638],[-106.077979,47.957316],[-106.08003,47.95958],[-106.082083,47.964242],[-106.08393,47.967146],[-106.083052,47.968292],[-106.084234,47.970071],[-106.092248,47.9734],[-106.09591,47.976231],[-106.097364,47.976287],[-106.106342,47.979536],[-106.107146,47.986192],[-106.108556,47.985062],[-106.114885,47.98477],[-106.116966,47.981894],[-106.116806,47.980361],[-106.11796,47.97903],[-106.120704,47.977855],[-106.13607,47.969701],[-106.139719,47.968517],[-106.149347,47.967628],[-106.156285,47.96489],[-106.159355,47.963177],[-106.161574,47.962836],[-106.165525,47.960894],[-106.1676,47.961463],[-106.177509,47.961121],[-106.18552,47.958668],[-106.194723,47.956964],[-106.198147,47.954023],[-106.202908,47.950965],[-106.208075,47.949164],[-106.215347,47.944149],[-106.219,47.943109],[-106.22086,47.943484],[-106.22466,47.94224],[-106.228321,47.941623],[-106.229673,47.938541],[-106.232797,47.936977],[-106.23687,47.935975],[-106.239505,47.937473],[-106.245017,47.941945],[-106.248326,47.94574],[-106.250116,47.948541],[-106.25759,47.962577],[-106.26055,47.965175],[-106.278788,47.973357],[-106.282189,47.975512],[-106.294205,47.984551],[-106.297162,47.987318],[-106.300025,47.990673],[-106.302647,47.99259],[-106.310746,47.997167],[-106.313724,47.999099],[-106.342294,48.019315],[-106.344461,48.020373],[-106.350041,48.020885],[-106.35332,48.021516],[-106.356933,48.023025],[-106.364663,48.023434],[-106.370229,48.023986],[-106.372998,48.023904],[-106.37598,48.022783],[-106.377199,48.021724],[-106.38303,48.01518],[-106.386238,48.012438],[-106.390369,48.010613],[-106.398755,48.008306],[-106.402236,48.010205],[-106.403025,48.012065],[-106.405202,48.013115],[-106.407175,48.01616],[-106.409388,48.017868],[-106.410551,48.019802],[-106.41189,48.020661],[-106.40827,48.027985],[-106.394363,48.034488],[-106.372582,48.040442],[-106.373471,48.044543],[-106.366128,48.04344],[-106.363704,48.046508],[-106.366098,48.04838],[-106.366347,48.049651],[-106.365819,48.053844],[-106.366001,48.056098],[-106.367153,48.058314],[-106.368786,48.059954],[-106.373618,48.062353],[-106.375587,48.062761],[-106.380373,48.063019],[-106.383713,48.063743],[-106.388378,48.063862],[-106.394163,48.064726],[-106.400605,48.061921],[-106.401563,48.060081],[-106.405871,48.057073],[-106.407645,48.05518],[-106.408562,48.052744],[-106.412073,48.048975],[-106.413158,48.046516],[-106.41436,48.045221],[-106.41669,48.044091],[-106.417795,48.04292],[-106.421732,48.034474],[-106.421814,48.032582],[-106.424285,48.026294],[-106.425607,48.025012],[-106.427867,48.02453],[-106.430075,48.021294],[-106.430477,48.019718],[-106.42987,48.018282],[-106.427724,48.017226],[-106.425223,48.01495],[-106.423668,48.011288],[-106.423669,48.006948],[-106.429487,48.005238],[-106.450135,48.001206],[-106.452885,48.000755],[-106.449252,48.00327],[-106.448124,48.005413],[-106.444826,48.005659],[-106.442696,48.006858],[-106.44425,48.010035],[-106.440764,48.011218],[-106.442219,48.010984],[-106.441919,48.013619],[-106.443707,48.013103],[-106.444602,48.014737],[-106.44643,48.015423],[-106.451611,48.015682],[-106.453022,48.013946],[-106.450596,48.009828],[-106.450536,48.00844],[-106.455397,48.007946],[-106.462263,48.005984],[-106.46303,48.00682],[-106.472174,48.005016],[-106.480803,48.000427],[-106.484395,48.000854],[-106.490087,48.000716],[-106.490671,48.00062],[-106.493423,48.000605]]],[[[-106.610104,47.978446],[-106.611595,47.977873],[-106.618775,47.977664],[-106.620305,47.976658],[-106.62171,47.97226],[-106.624233,47.971849],[-106.627316,47.972211],[-106.629395,47.973293],[-106.631827,47.973223],[-106.637047,47.974435],[-106.643335,47.976582],[-106.644255,47.977793],[-106.648577,47.979447],[-106.651926,47.979514],[-106.65524,47.977869],[-106.658269,47.977168],[-106.665468,47.973564],[-106.668874,47.972854],[-106.672299,47.974223],[-106.672699,47.970705],[-106.675284,47.970488],[-106.678037,47.968858],[-106.67963,47.965691],[-106.683345,47.962384],[-106.685113,47.959799],[-106.688946,47.95911],[-106.689669,47.958293],[-106.693739,47.957759],[-106.696414,47.957988],[-106.700526,47.95667],[-106.700725,47.954723],[-106.705038,47.953695],[-106.708257,47.953626],[-106.709511,47.95408],[-106.714459,47.952546],[-106.71674,47.952812],[-106.71757,47.951931],[-106.71722,47.950726],[-106.719156,47.94508],[-106.717988,47.944137],[-106.718179,47.942962],[-106.716504,47.941213],[-106.715639,47.939437],[-106.712403,47.93801],[-106.711933,47.936596],[-106.712466,47.934153],[-106.71338,47.932976],[-106.709826,47.932119],[-106.704574,47.929888],[-106.701594,47.927481],[-106.697159,47.925159],[-106.693766,47.924304],[-106.689955,47.922425],[-106.686563,47.922497],[-106.683977,47.921995],[-106.681128,47.923599],[-106.669663,47.922399],[-106.663152,47.92435],[-106.659573,47.926253],[-106.658964,47.927816],[-106.657672,47.929138],[-106.657352,47.932828],[-106.65869,47.933388],[-106.656364,47.933996],[-106.653294,47.936381],[-106.655432,47.936255],[-106.653897,47.937368],[-106.658067,47.938038],[-106.660964,47.937501],[-106.664637,47.937815],[-106.660776,47.938242],[-106.657756,47.939442],[-106.660416,47.940759],[-106.661403,47.942048],[-106.656964,47.939738],[-106.656034,47.939924],[-106.657869,47.941603],[-106.65277,47.939287],[-106.650917,47.939895],[-106.64842,47.938748],[-106.645849,47.93946],[-106.64739,47.94183],[-106.64543,47.942153],[-106.64618,47.943436],[-106.648425,47.943108],[-106.651208,47.943915],[-106.649812,47.944178],[-106.655018,47.946324],[-106.656503,47.947459],[-106.657203,47.950267],[-106.659423,47.950981],[-106.660492,47.95222],[-106.65987,47.954309],[-106.66214,47.954228],[-106.661445,47.955269],[-106.663772,47.956257],[-106.664301,47.958747],[-106.661885,47.956904],[-106.659282,47.955993],[-106.65724,47.956541],[-106.656311,47.954945],[-106.653168,47.953551],[-106.650988,47.953973],[-106.648926,47.950095],[-106.6469,47.951553],[-106.648328,47.953418],[-106.647911,47.95424],[-106.650016,47.955831],[-106.65026,47.957093],[-106.648432,47.955557],[-106.645738,47.95628],[-106.646522,47.954854],[-106.645078,47.953762],[-106.643617,47.954151],[-106.643005,47.953109],[-106.638035,47.951566],[-106.637014,47.951949],[-106.638499,47.953354],[-106.636368,47.953282],[-106.640514,47.954698],[-106.641998,47.95613],[-106.64127,47.958175],[-106.642926,47.960474],[-106.641162,47.960583],[-106.640124,47.962156],[-106.640378,47.96067],[-106.637148,47.957817],[-106.637105,47.959693],[-106.634272,47.959752],[-106.634286,47.961457],[-106.625597,47.954681],[-106.625323,47.953176],[-106.622301,47.952114],[-106.619984,47.953311],[-106.618563,47.952758],[-106.619348,47.953909],[-106.622647,47.954916],[-106.62207,47.957472],[-106.620053,47.956579],[-106.623748,47.960718],[-106.621519,47.960763],[-106.620652,47.959496],[-106.618929,47.959245],[-106.616829,47.957327],[-106.61469,47.957037],[-106.614002,47.955305],[-106.608333,47.95154],[-106.607118,47.953043],[-106.608703,47.954698],[-106.608215,47.95613],[-106.606484,47.956745],[-106.606263,47.955533],[-106.60423,47.955155],[-106.600848,47.952546],[-106.600565,47.956138],[-106.60277,47.956708],[-106.603824,47.958539],[-106.601995,47.95798],[-106.601898,47.958929],[-106.605042,47.960343],[-106.605337,47.961324],[-106.602757,47.961002],[-106.603991,47.962729],[-106.603649,47.963804],[-106.601452,47.962521],[-106.59502,47.962567],[-106.59539,47.960572],[-106.592718,47.958466],[-106.594289,47.960998],[-106.59272,47.96114],[-106.590316,47.959929],[-106.591815,47.961955],[-106.590777,47.964766],[-106.587349,47.96419],[-106.587205,47.963013],[-106.58572,47.963387],[-106.586543,47.965083],[-106.584471,47.964219],[-106.585238,47.965445],[-106.582537,47.964421],[-106.582595,47.962782],[-106.577262,47.961342],[-106.579214,47.963087],[-106.577406,47.962965],[-106.577399,47.964424],[-106.574591,47.964168],[-106.575162,47.965132],[-106.5814,47.966434],[-106.582903,47.967681],[-106.581095,47.968614],[-106.585394,47.96892],[-106.586552,47.970113],[-106.58614,47.97121],[-106.588946,47.97086],[-106.586503,47.973113],[-106.587378,47.973808],[-106.590766,47.973082],[-106.588238,47.975165],[-106.589173,47.976004],[-106.590422,47.975165],[-106.590233,47.97719],[-106.593712,47.9765],[-106.592657,47.978276],[-106.595862,47.980478],[-106.592395,47.980126],[-106.591036,47.97931],[-106.588762,47.979254],[-106.587475,47.980347],[-106.586015,47.978962],[-106.583286,47.978471],[-106.581397,47.979148],[-106.578112,47.976589],[-106.576097,47.976639],[-106.575139,47.97832],[-106.573251,47.977124],[-106.571949,47.97759],[-106.569625,47.975412],[-106.568715,47.976045],[-106.566103,47.975871],[-106.559233,47.973223],[-106.560749,47.976529],[-106.557588,47.974231],[-106.555089,47.973754],[-106.554493,47.974539],[-106.552125,47.973069],[-106.550491,47.9741],[-106.548115,47.973233],[-106.548262,47.97212],[-106.546335,47.971829],[-106.545601,47.969953],[-106.544922,47.971368],[-106.543346,47.971269],[-106.542187,47.969646],[-106.538211,47.967769],[-106.539427,47.969135],[-106.535654,47.969299],[-106.538872,47.970177],[-106.540455,47.97281],[-106.536086,47.972145],[-106.53553,47.97282],[-106.537326,47.974432],[-106.53936,47.974663],[-106.539131,47.975568],[-106.542414,47.975042],[-106.542716,47.97632],[-106.544831,47.977137],[-106.544071,47.978047],[-106.54496,47.980449],[-106.552213,47.980286],[-106.550767,47.98345],[-106.55325,47.984349],[-106.557506,47.984569],[-106.560324,47.985901],[-106.557522,47.987837],[-106.559033,47.987695],[-106.561688,47.989356],[-106.560357,47.98974],[-106.559981,47.991841],[-106.563576,47.991978],[-106.564058,47.992608],[-106.561688,47.993365],[-106.564711,47.994901],[-106.564041,47.995493],[-106.546476,47.993776],[-106.544998,47.990727],[-106.544189,47.993074],[-106.541362,47.991598],[-106.537802,47.988439],[-106.53627,47.987936],[-106.536094,47.989683],[-106.537964,47.990117],[-106.538478,47.992557],[-106.53709,47.990928],[-106.533888,47.990796],[-106.531658,47.989112],[-106.532565,47.988278],[-106.530508,47.987022],[-106.529643,47.984291],[-106.528141,47.983325],[-106.527268,47.981362],[-106.525732,47.981493],[-106.527727,47.983613],[-106.52749,47.985617],[-106.524872,47.98554],[-106.524447,47.984165],[-106.522964,47.985149],[-106.525572,47.986922],[-106.525892,47.988146],[-106.524565,47.98971],[-106.525395,47.990665],[-106.530414,47.991389],[-106.53097,47.990391],[-106.532442,47.991556],[-106.539148,47.992895],[-106.540514,47.991699],[-106.544965,47.993521],[-106.553613,47.995884],[-106.557021,47.997188],[-106.561107,47.996885],[-106.563623,47.996138],[-106.564681,47.995129],[-106.564849,47.994689],[-106.564815,47.994123],[-106.564067,47.991821],[-106.562823,47.990378],[-106.559985,47.984867],[-106.556062,47.982167],[-106.55666,47.979432],[-106.562115,47.980115],[-106.570601,47.980067],[-106.572088,47.980305],[-106.575365,47.983783],[-106.577071,47.986162],[-106.580061,47.988058],[-106.585586,47.987805],[-106.593137,47.987079],[-106.595927,47.985809],[-106.598463,47.98397],[-106.599078,47.982681],[-106.610104,47.978446]]]]}},{"type":"Feature","properties":{"zcta5":"59261","AFFGEOID10":"8600000US59261","GEOID10":"59261","ALAND10":1294008349,"AWATER10":22704915,"county_name":"Valley","state_code":"MT","county_state":"Valley County, MT","county_fips":"30105","risk_level_county":"Lower Risk (80–84% vaccinated)","mean_vaccination_rate_county":80.91,"risk_level_zcta":"Medium Risk (70–79% vaccinated)","mean_vaccination_rate_zips":72.7,"cases":36},"geometry":{"type":"MultiPolygon","coordinates":[[[[-107.490782,48.698722],[-107.490545,48.684481],[-107.489894,48.684201],[-107.469177,48.684055],[-107.468743,48.698686],[-107.490782,48.698722]]],[[[-107.654411,48.6262],[-107.654152,48.624138],[-107.656149,48.622314],[-107.654563,48.620581],[-107.654977,48.6188],[-107.653529,48.617387],[-107.654871,48.614764],[-107.653734,48.615583],[-107.649637,48.615932],[-107.640002,48.615635],[-107.636968,48.614722],[-107.627128,48.609789],[-107.627127,48.608578],[-107.621908,48.60608],[-107.62466,48.604137],[-107.627076,48.603636],[-107.627076,48.599294],[-107.629718,48.600281],[-107.631541,48.601926],[-107.634123,48.603229],[-107.637498,48.603688],[-107.639701,48.604899],[-107.642869,48.605037],[-107.647793,48.606433],[-107.650858,48.606251],[-107.654235,48.604242],[-107.654823,48.600793],[-107.653275,48.598234],[-107.647559,48.596702],[-107.647251,48.594167],[-107.64615,48.592591],[-107.643295,48.590146],[-107.642678,48.586034],[-107.642785,48.583705],[-107.641547,48.581626],[-107.638588,48.578907],[-107.634495,48.575889],[-107.632949,48.573307],[-107.631233,48.56883],[-107.627209,48.567001],[-107.626097,48.565059],[-107.627249,48.561908],[-107.625653,48.559233],[-107.62209,48.557543],[-107.615517,48.555811],[-107.608463,48.554832],[-107.61214,48.551426],[-107.613892,48.548547],[-107.608216,48.548664],[-107.605635,48.547112],[-107.602539,48.547062],[-107.60026,48.546431],[-107.585127,48.546302],[-107.583863,48.545854],[-107.582412,48.543284],[-107.582072,48.540559],[-107.582568,48.538302],[-107.581618,48.537332],[-107.578687,48.536333],[-107.58093,48.534031],[-107.580964,48.532295],[-107.572986,48.533278],[-107.571851,48.534251],[-107.56678,48.533429],[-107.550985,48.530353],[-107.54291,48.529487],[-107.537153,48.531281],[-107.537725,48.53215],[-107.535644,48.532371],[-107.528246,48.535147],[-107.52429,48.535727],[-107.523028,48.533832],[-107.521452,48.533482],[-107.527154,48.532492],[-107.529556,48.532569],[-107.536919,48.530362],[-107.538439,48.5288],[-107.539141,48.527561],[-107.538886,48.525012],[-107.537839,48.523043],[-107.542387,48.520978],[-107.545085,48.523248],[-107.546173,48.526071],[-107.544894,48.526893],[-107.550572,48.528363],[-107.550886,48.525375],[-107.552447,48.521642],[-107.549797,48.522497],[-107.551399,48.519641],[-107.550517,48.515721],[-107.548554,48.512575],[-107.545396,48.50849],[-107.545883,48.506736],[-107.548227,48.503551],[-107.552105,48.50069],[-107.556071,48.497206],[-107.561391,48.493741],[-107.562356,48.491943],[-107.566051,48.489526],[-107.572409,48.487431],[-107.574858,48.486959],[-107.580367,48.488104],[-107.586981,48.488415],[-107.592613,48.488342],[-107.593859,48.488912],[-107.59809,48.489103],[-107.602148,48.490088],[-107.600844,48.488937],[-107.603855,48.490082],[-107.604243,48.490942],[-107.609424,48.492332],[-107.610627,48.491839],[-107.614273,48.492599],[-107.615724,48.491403],[-107.612127,48.490095],[-107.605149,48.489846],[-107.602707,48.488646],[-107.597007,48.486707],[-107.59281,48.486352],[-107.591738,48.48683],[-107.589734,48.485674],[-107.585033,48.484825],[-107.582278,48.483192],[-107.585089,48.48238],[-107.58861,48.481771],[-107.589871,48.480241],[-107.601578,48.478516],[-107.605816,48.479392],[-107.608003,48.48143],[-107.613579,48.482831],[-107.621235,48.486127],[-107.622587,48.486016],[-107.615822,48.482852],[-107.615211,48.482024],[-107.610567,48.481072],[-107.611934,48.478742],[-107.61505,48.478658],[-107.61675,48.479754],[-107.619982,48.479714],[-107.624232,48.482332],[-107.625207,48.484294],[-107.627808,48.486479],[-107.625162,48.487468],[-107.630599,48.491228],[-107.632751,48.491771],[-107.635363,48.494354],[-107.641143,48.495316],[-107.645044,48.495378],[-107.649505,48.496728],[-107.655782,48.500218],[-107.659328,48.500937],[-107.660969,48.502182],[-107.663575,48.502895],[-107.668302,48.503033],[-107.663741,48.502226],[-107.661448,48.500778],[-107.656302,48.495907],[-107.653473,48.495621],[-107.65307,48.494097],[-107.649492,48.491449],[-107.646459,48.490011],[-107.64195,48.487066],[-107.640171,48.484654],[-107.639299,48.482461],[-107.639606,48.480652],[-107.637684,48.481314],[-107.633049,48.481888],[-107.627758,48.480076],[-107.626349,48.478755],[-107.624557,48.478538],[-107.622889,48.476555],[-107.617777,48.476333],[-107.61132,48.474735],[-107.608599,48.474671],[-107.604097,48.473598],[-107.602076,48.472711],[-107.600939,48.473698],[-107.59591,48.474204],[-107.5915,48.475126],[-107.58247,48.474275],[-107.581667,48.47347],[-107.585632,48.474066],[-107.588415,48.473889],[-107.588865,48.472182],[-107.585541,48.468181],[-107.583795,48.467081],[-107.583308,48.465445],[-107.617163,48.462155],[-107.620885,48.462385],[-107.622026,48.463403],[-107.627983,48.463261],[-107.628105,48.460208],[-107.671363,48.455132],[-107.670244,48.431079],[-107.617901,48.437971],[-107.614,48.438082],[-107.562695,48.437935],[-107.563006,48.408911],[-107.56341,48.405452],[-107.562658,48.401451],[-107.581154,48.397837],[-107.579634,48.39783],[-107.579986,48.394597],[-107.55362,48.39451],[-107.547075,48.397785],[-107.540606,48.397792],[-107.54069,48.395307],[-107.543239,48.394476],[-107.543027,48.355883],[-107.540746,48.356161],[-107.539992,48.35527],[-107.53677,48.356548],[-107.528288,48.357501],[-107.521035,48.357832],[-107.518959,48.358719],[-107.512704,48.358483],[-107.51072,48.359626],[-107.503164,48.360841],[-107.498804,48.360111],[-107.498837,48.362398],[-107.495989,48.363087],[-107.48974,48.361817],[-107.484421,48.361298],[-107.479308,48.362561],[-107.473267,48.36298],[-107.470281,48.362756],[-107.464275,48.363905],[-107.463382,48.363654],[-107.462525,48.362101],[-107.459165,48.361804],[-107.455531,48.35943],[-107.450937,48.355935],[-107.447922,48.357718],[-107.442198,48.363156],[-107.438736,48.36528],[-107.431125,48.367382],[-107.429514,48.368684],[-107.428074,48.368364],[-107.425846,48.370968],[-107.423342,48.370259],[-107.413298,48.370372],[-107.411036,48.369391],[-107.402772,48.369891],[-107.397974,48.368177],[-107.391767,48.370139],[-107.385357,48.369474],[-107.383368,48.369816],[-107.380044,48.368878],[-107.36961,48.367895],[-107.367312,48.36728],[-107.362167,48.364838],[-107.353389,48.362557],[-107.346463,48.360093],[-107.342108,48.357239],[-107.33748,48.356053],[-107.330556,48.35473],[-107.327642,48.353314],[-107.323939,48.350893],[-107.3209,48.350345],[-107.313599,48.350824],[-107.311449,48.352163],[-107.309739,48.355411],[-107.302541,48.356778],[-107.302587,48.352138],[-107.301759,48.350276],[-107.299174,48.346943],[-107.298631,48.345541],[-107.298747,48.33068],[-107.295802,48.324609],[-107.291574,48.312754],[-107.289978,48.307237],[-107.28966,48.304832],[-107.260458,48.304768],[-107.260279,48.39408],[-107.269637,48.394085],[-107.271819,48.39393],[-107.271143,48.394447],[-107.271461,48.398572],[-107.268124,48.405653],[-107.260471,48.408734],[-107.251887,48.410705],[-107.240325,48.41181],[-107.236628,48.412322],[-107.227967,48.414312],[-107.220611,48.415071],[-107.217801,48.415991],[-107.214361,48.415645],[-107.214334,48.416853],[-107.212676,48.416709],[-107.211513,48.41802],[-107.209839,48.416982],[-107.20558,48.419455],[-107.205686,48.417982],[-107.203695,48.416801],[-107.200972,48.416871],[-107.201076,48.418788],[-107.199278,48.421382],[-107.199428,48.422548],[-107.198196,48.42422],[-107.196287,48.423374],[-107.197194,48.42108],[-107.195251,48.420182],[-107.191083,48.420516],[-107.187326,48.422698],[-107.186983,48.424301],[-107.188099,48.426043],[-107.190269,48.427396],[-107.190183,48.428779],[-107.186107,48.429161],[-107.184811,48.428846],[-107.180967,48.425126],[-107.182757,48.423218],[-107.186331,48.421854],[-107.187092,48.420115],[-107.184973,48.419049],[-107.180879,48.420539],[-107.177197,48.420433],[-107.173809,48.421582],[-107.171885,48.421002],[-107.170423,48.419768],[-107.172915,48.428775],[-107.187009,48.443972],[-107.188839,48.445655],[-107.193863,48.448766],[-107.197856,48.450294],[-107.202519,48.451382],[-107.201514,48.509475],[-107.200089,48.510595],[-107.19764,48.510367],[-107.195935,48.509515],[-107.192691,48.509402],[-107.192709,48.568113],[-107.206316,48.56817],[-107.206166,48.750936],[-107.206128,48.775229],[-107.209461,48.773254],[-107.209277,48.770482],[-107.212608,48.765508],[-107.214045,48.764698],[-107.215652,48.766029],[-107.221076,48.767467],[-107.223405,48.768938],[-107.226292,48.773914],[-107.228029,48.775316],[-107.23002,48.778051],[-107.233541,48.781445],[-107.241413,48.787022],[-107.243025,48.791756],[-107.243333,48.795829],[-107.239436,48.800204],[-107.239252,48.801873],[-107.242985,48.803213],[-107.243516,48.804313],[-107.242766,48.80556],[-107.243287,48.803904],[-107.241377,48.803296],[-107.238557,48.804855],[-107.235644,48.804587],[-107.23611,48.80621],[-107.234235,48.807247],[-107.236178,48.808013],[-107.236695,48.810107],[-107.23546,48.811676],[-107.235445,48.813178],[-107.237287,48.81332],[-107.24083,48.811756],[-107.24129,48.814338],[-107.23787,48.814602],[-107.237257,48.815606],[-107.240992,48.815308],[-107.240266,48.819957],[-107.238972,48.820358],[-107.23801,48.822212],[-107.235705,48.824504],[-107.231446,48.825194],[-107.236439,48.824821],[-107.238004,48.827528],[-107.245505,48.834144],[-107.247513,48.835109],[-107.247537,48.836194],[-107.250343,48.837137],[-107.249867,48.839426],[-107.251955,48.839831],[-107.2565,48.838074],[-107.259691,48.83573],[-107.268499,48.837792],[-107.271578,48.839624],[-107.275481,48.84366],[-107.277508,48.847338],[-107.280519,48.848066],[-107.2837,48.849637],[-107.287668,48.850894],[-107.295897,48.852193],[-107.30089,48.852363],[-107.302582,48.850963],[-107.305588,48.850599],[-107.315015,48.851579],[-107.317041,48.852272],[-107.322877,48.85245],[-107.325975,48.854045],[-107.329006,48.8532],[-107.332163,48.852919],[-107.335195,48.856707],[-107.335807,48.860362],[-107.337608,48.861556],[-107.337616,48.853036],[-107.347491,48.853796],[-107.350268,48.854643],[-107.352259,48.855891],[-107.356254,48.857338],[-107.359343,48.857728],[-107.360266,48.859487],[-107.370214,48.865349],[-107.372501,48.865833],[-107.379465,48.868158],[-107.387023,48.872812],[-107.389561,48.873507],[-107.392754,48.873537],[-107.394907,48.876105],[-107.399335,48.877783],[-107.400707,48.879218],[-107.410631,48.882927],[-107.412791,48.883421],[-107.423256,48.886582],[-107.425755,48.886731],[-107.428667,48.887856],[-107.437477,48.884059],[-107.440427,48.883385],[-107.448437,48.884049],[-107.455652,48.885496],[-107.453047,48.883318],[-107.451908,48.881441],[-107.454089,48.879569],[-107.45675,48.870881],[-107.457904,48.863965],[-107.458709,48.861107],[-107.458225,48.855574],[-107.459266,48.853422],[-107.460736,48.852562],[-107.461289,48.848978],[-107.462395,48.847173],[-107.464159,48.846053],[-107.468312,48.845527],[-107.473465,48.841528],[-107.480834,48.839698],[-107.482561,48.836339],[-107.482629,48.8349],[-107.484321,48.832159],[-107.48816,48.830901],[-107.491063,48.828433],[-107.49106,48.825258],[-107.490435,48.82318],[-107.491126,48.822106],[-107.49084,48.813745],[-107.491842,48.811986],[-107.492252,48.807783],[-107.490972,48.806985],[-107.490874,48.792951],[-107.490463,48.789483],[-107.490866,48.785556],[-107.442122,48.78539],[-107.442296,48.77942],[-107.441758,48.77651],[-107.442657,48.773455],[-107.446432,48.77133],[-107.447062,48.77025],[-107.446957,48.756323],[-107.445815,48.7566],[-107.403512,48.756514],[-107.403212,48.756077],[-107.403217,48.749902],[-107.402692,48.748348],[-107.403293,48.74665],[-107.403236,48.742121],[-107.38147,48.742095],[-107.381426,48.713367],[-107.370567,48.71341],[-107.370786,48.709206],[-107.373857,48.70299],[-107.372598,48.700022],[-107.370484,48.699109],[-107.361694,48.698838],[-107.359449,48.698998],[-107.359657,48.684485],[-107.378561,48.684617],[-107.378933,48.685928],[-107.385871,48.691421],[-107.389901,48.693406],[-107.392041,48.693498],[-107.391418,48.694709],[-107.401107,48.699512],[-107.402098,48.700941],[-107.404678,48.701367],[-107.407546,48.702938],[-107.41173,48.704604],[-107.413637,48.702964],[-107.413198,48.700433],[-107.413658,48.689077],[-107.410774,48.686227],[-107.405305,48.683972],[-107.405172,48.683014],[-107.405764,48.681554],[-107.407391,48.680853],[-107.412334,48.680284],[-107.415623,48.67812],[-107.417356,48.676434],[-107.418682,48.672466],[-107.419928,48.670437],[-107.42162,48.669274],[-107.424347,48.6693],[-107.42321,48.663727],[-107.426279,48.662881],[-107.435657,48.662696],[-107.441034,48.658719],[-107.442619,48.656205],[-107.444101,48.655497],[-107.446929,48.655312],[-107.566143,48.655184],[-107.564833,48.657895],[-107.577729,48.659767],[-107.580073,48.659698],[-107.585624,48.660451],[-107.592312,48.658919],[-107.602972,48.659643],[-107.604285,48.660716],[-107.609519,48.661654],[-107.618171,48.660257],[-107.625177,48.660321],[-107.622203,48.657169],[-107.621441,48.654979],[-107.617234,48.6532],[-107.616335,48.650756],[-107.613747,48.649456],[-107.610745,48.645871],[-107.608227,48.643634],[-107.606536,48.641099],[-107.605879,48.638563],[-107.6086,48.635799],[-107.607771,48.633972],[-107.607734,48.630386],[-107.606386,48.626264],[-107.622948,48.626219],[-107.624958,48.62702],[-107.633091,48.628808],[-107.632262,48.630429],[-107.633157,48.631457],[-107.637498,48.63283],[-107.640529,48.634225],[-107.644629,48.635003],[-107.646972,48.63489],[-107.650765,48.631853],[-107.65449,48.627674],[-107.654411,48.6262]]]]}},{"type":"Feature","properties":{"zcta5":"59250","AFFGEOID10":"8600000US59250","GEOID10":"59250","ALAND10":1418861148,"AWATER10":977764,"county_name":"Valley","state_code":"MT","county_state":"Valley County, MT","county_fips":"30105","risk_level_county":"Lower Risk (80–84% vaccinated)","mean_vaccination_rate_county":80.91,"risk_level_zcta":"Medium Risk (70–79% vaccinated)","mean_vaccination_rate_zips":79.63,"cases":36},"geometry":{"type":"Polygon","coordinates":[[[-107.179812011685,48.9999246229794],[-107.17982,48.927146],[-107.174611,48.926066],[-107.168915,48.923669],[-107.164468,48.919755],[-107.160012,48.915233],[-107.156725,48.913396],[-107.152853,48.912725],[-107.155406,48.916489],[-107.157999,48.919151],[-107.157324,48.921124],[-107.159467,48.92374],[-107.158924,48.926916],[-107.159225,48.929155],[-107.157521,48.930849],[-107.157373,48.933935],[-107.154219,48.938836],[-107.152815,48.944627],[-107.153205,48.949275],[-107.151517,48.950659],[-107.150936,48.952779],[-107.153374,48.960739],[-107.153767,48.967346],[-107.153574,48.969607],[-107.15264,48.970529],[-107.150008,48.969346],[-107.147106,48.969035],[-107.143204,48.969667],[-107.141161,48.970508],[-107.139921,48.973853],[-107.140012,48.976908],[-107.139045,48.978649],[-107.136813,48.981135],[-107.133651,48.98155],[-107.128605,48.984052],[-107.127263,48.984007],[-107.124792,48.985012],[-107.11717,48.985055],[-107.110692,48.987377],[-107.11082,48.989243],[-107.103147,48.990029],[-107.098813,48.989506],[-107.095089,48.991874],[-107.092347,48.992039],[-107.087201,48.993406],[-107.085972,48.992565],[-107.07972,48.98949],[-107.077718,48.987658],[-107.077113,48.98613],[-107.079432,48.982345],[-107.079058,48.980866],[-107.073514,48.974982],[-107.069216,48.971157],[-107.068059,48.969399],[-107.06846,48.967385],[-107.067115,48.965825],[-107.064881,48.964501],[-107.062105,48.961534],[-107.059177,48.957582],[-107.057488,48.95666],[-107.056086,48.953034],[-107.052707,48.951465],[-107.047522,48.948628],[-107.044245,48.946023],[-107.036028,48.943141],[-107.032473,48.942995],[-107.030659,48.942408],[-107.028721,48.939871],[-107.027994,48.936718],[-107.025872,48.932947],[-107.025978,48.920318],[-107.026835,48.91864],[-107.0297,48.916286],[-107.031389,48.913899],[-107.031744,48.91176],[-107.032897,48.910323],[-107.035688,48.908229],[-107.036108,48.90666],[-107.032218,48.902266],[-107.031885,48.900634],[-107.035078,48.896158],[-107.035343,48.89476],[-107.034673,48.888113],[-107.033071,48.886126],[-107.030914,48.884639],[-107.02892,48.88151],[-107.029961,48.870563],[-107.029468,48.866769],[-107.028288,48.865352],[-107.029168,48.861071],[-107.028847,48.859684],[-107.026039,48.855743],[-107.018894,48.856412],[-107.008136,48.858054],[-107.005822,48.85819],[-106.985573,48.858198],[-106.983121,48.857984],[-106.971369,48.856231],[-106.961783,48.856376],[-106.950716,48.857871],[-106.945318,48.859331],[-106.943364,48.861113],[-106.943409,48.871324],[-106.943078,48.872299],[-106.941583,48.872683],[-106.921572,48.872775],[-106.921134,48.876155],[-106.920538,48.877241],[-106.916847,48.879584],[-106.914731,48.879967],[-106.904314,48.879981],[-106.900735,48.880405],[-106.900943,48.88283],[-106.903211,48.884737],[-106.905518,48.887325],[-106.908419,48.887395],[-106.9093,48.888703],[-106.907907,48.889962],[-106.904652,48.890361],[-106.900761,48.89001],[-106.900135,48.892195],[-106.901264,48.892727],[-106.908703,48.893674],[-106.909628,48.895846],[-106.907972,48.897758],[-106.905819,48.897846],[-106.903235,48.896662],[-106.900976,48.897685],[-106.901112,48.899106],[-106.903813,48.901059],[-106.903605,48.901832],[-106.898973,48.901617],[-106.896191,48.901954],[-106.892263,48.904116],[-106.887866,48.904828],[-106.884083,48.904725],[-106.881465,48.904155],[-106.880424,48.904718],[-106.88011,48.905799],[-106.883566,48.907014],[-106.8869,48.907007],[-106.888738,48.908164],[-106.888802,48.909674],[-106.886479,48.91097],[-106.881289,48.909431],[-106.879503,48.910024],[-106.876433,48.909886],[-106.875104,48.910838],[-106.874712,48.912238],[-106.876514,48.913084],[-106.880116,48.912662],[-106.882193,48.914779],[-106.881256,48.915279],[-106.877486,48.915221],[-106.877136,48.913979],[-106.875754,48.913567],[-106.871723,48.913987],[-106.870402,48.915249],[-106.867224,48.915206],[-106.865969,48.917056],[-106.868716,48.917703],[-106.870059,48.91881],[-106.869588,48.919846],[-106.867689,48.920694],[-106.867123,48.922372],[-106.868281,48.923127],[-106.870635,48.92305],[-106.871007,48.924823],[-106.869482,48.925775],[-106.86662,48.925963],[-106.866313,48.926956],[-106.869873,48.929177],[-106.869238,48.93102],[-106.868374,48.931681],[-106.865392,48.932066],[-106.862973,48.933087],[-106.861359,48.932425],[-106.86108,48.935467],[-106.85792,48.935628],[-106.85569,48.93733],[-106.856589,48.93889],[-106.854426,48.93928],[-106.854192,48.940511],[-106.858023,48.94128],[-106.856105,48.943813],[-106.85761,48.945124],[-106.864014,48.945798],[-106.863241,48.948175],[-106.860885,48.949402],[-106.856591,48.949481],[-106.856783,48.950811],[-106.861795,48.951591],[-106.861755,48.952787],[-106.86034,48.953045],[-106.859134,48.954953],[-106.86115,48.955802],[-106.861093,48.956641],[-106.860286,48.957305],[-106.855603,48.956894],[-106.855257,48.957751],[-106.852244,48.957982],[-106.851134,48.959467],[-106.851002,48.961685],[-106.848652,48.963535],[-106.848038,48.964727],[-106.844497,48.964734],[-106.844098,48.965705],[-106.846153,48.966286],[-106.844782,48.967992],[-106.842,48.96661],[-106.839011,48.967367],[-106.839059,48.970503],[-106.835482,48.967859],[-106.827128,48.964718],[-106.82522,48.962893],[-106.824349,48.959352],[-106.822094,48.955771],[-106.822136,48.951828],[-106.822889,48.948647],[-106.820941,48.941468],[-106.818642,48.940512],[-106.812333,48.939097],[-106.80495,48.939018],[-106.799399,48.9395],[-106.784295,48.939408],[-106.783451,48.939082],[-106.783215,48.937429],[-106.78364,48.922963],[-106.784261,48.920903],[-106.783312,48.918386],[-106.781107,48.919992],[-106.780773,48.921225],[-106.778186,48.921433],[-106.779184,48.92072],[-106.776847,48.919486],[-106.778071,48.9189],[-106.77491,48.918372],[-106.773539,48.91619],[-106.776002,48.915269],[-106.774038,48.915472],[-106.773324,48.91449],[-106.772541,48.915784],[-106.770812,48.913442],[-106.769682,48.912784],[-106.768332,48.915037],[-106.766119,48.915096],[-106.763789,48.916055],[-106.760687,48.915291],[-106.760015,48.913624],[-106.758341,48.915263],[-106.756408,48.912394],[-106.712356,48.912431],[-106.705322,48.910764],[-106.697525,48.912821],[-106.696208,48.912547],[-106.68001,48.912386],[-106.679997,48.858173],[-106.678947,48.854806],[-106.678213,48.813453],[-106.678288,48.812301],[-106.675939,48.693719],[-106.632167,48.693709],[-106.635481,48.690492],[-106.634732,48.68674],[-106.63795,48.683149],[-106.642157,48.680749],[-106.644054,48.676774],[-106.64633,48.67346],[-106.646916,48.670351],[-106.645741,48.664797],[-106.63208,48.664796],[-106.626314,48.663334],[-106.621401,48.664812],[-106.597253,48.664413],[-106.595192,48.663295],[-106.594529,48.661963],[-106.596084,48.660981],[-106.594907,48.659194],[-106.596195,48.659048],[-106.594633,48.65745],[-106.597372,48.655985],[-106.598131,48.652986],[-106.596973,48.654269],[-106.595805,48.652554],[-106.593621,48.65273],[-106.595365,48.650322],[-106.592353,48.650262],[-106.590275,48.649073],[-106.590076,48.647055],[-106.587552,48.646974],[-106.585316,48.643202],[-106.583785,48.642352],[-106.584446,48.641552],[-106.582865,48.639962],[-106.581078,48.639754],[-106.583551,48.638553],[-106.582947,48.637105],[-106.578471,48.635823],[-106.577931,48.634662],[-106.544269,48.634876],[-106.522975,48.634982],[-106.522933,48.637647],[-106.524534,48.64107],[-106.524598,48.642055],[-106.523001,48.644647],[-106.523097,48.664707],[-106.479185,48.664696],[-106.348421,48.664684],[-106.348238,48.693626],[-106.239276,48.693648],[-106.239356,48.753579],[-106.240868,48.755735],[-106.243309,48.757861],[-106.244608,48.760883],[-106.24484,48.762131],[-106.24481,48.790031],[-106.245115,48.793071],[-106.247722,48.794989],[-106.304461,48.794994],[-106.304351,48.823676],[-106.306371,48.823907],[-106.320369,48.823939],[-106.320804,48.838089],[-106.338925,48.838386],[-106.342735,48.838671],[-106.342673,48.85272],[-106.256078,48.852922],[-106.256073,48.880553],[-106.256341,48.881819],[-106.261098,48.89498],[-106.261576,48.897604],[-106.261595,48.90975],[-106.260753,48.912028],[-106.25577,48.911836],[-106.250373,48.910489],[-106.205235,48.91057],[-106.19811,48.910593],[-106.196515,48.910881],[-106.198678,48.91375],[-106.202364,48.914886],[-106.202609,48.916191],[-106.199674,48.917744],[-106.200576,48.919211],[-106.204037,48.919727],[-106.206592,48.918267],[-106.208587,48.919415],[-106.210619,48.91944],[-106.212212,48.921108],[-106.211516,48.922569],[-106.213667,48.924336],[-106.216621,48.924862],[-106.219818,48.924635],[-106.221273,48.925606],[-106.220535,48.928094],[-106.222812,48.930143],[-106.225227,48.930523],[-106.224837,48.928862],[-106.226209,48.927353],[-106.228697,48.928082],[-106.22939,48.930028],[-106.231975,48.932644],[-106.230131,48.935205],[-106.234601,48.93753],[-106.235022,48.940212],[-106.238593,48.939455],[-106.2407,48.94013],[-106.241468,48.941399],[-106.244676,48.942419],[-106.246331,48.941541],[-106.245661,48.940561],[-106.247592,48.937872],[-106.24879,48.937772],[-106.252465,48.938953],[-106.255828,48.939267],[-106.256664,48.941545],[-106.261125,48.9445],[-106.263374,48.945058],[-106.266711,48.943833],[-106.267954,48.942648],[-106.271171,48.942848],[-106.274439,48.946818],[-106.275172,48.950449],[-106.274295,48.951645],[-106.27614,48.952312],[-106.278684,48.95226],[-106.281123,48.95294],[-106.283863,48.952091],[-106.286953,48.953482],[-106.289592,48.953052],[-106.293436,48.953586],[-106.296733,48.955636],[-106.295766,48.9579],[-106.294301,48.958355],[-106.293018,48.961222],[-106.293514,48.961994],[-106.291246,48.963685],[-106.293683,48.966183],[-106.296024,48.965703],[-106.29932,48.965859],[-106.299703,48.96239],[-106.301319,48.961635],[-106.303029,48.959379],[-106.305867,48.956826],[-106.305297,48.957796],[-106.30871,48.958865],[-106.305766,48.963006],[-106.307516,48.964915],[-106.310488,48.965373],[-106.313329,48.963631],[-106.316067,48.962671],[-106.320164,48.963746],[-106.321075,48.965141],[-106.327331,48.965997],[-106.333005,48.965421],[-106.335083,48.964626],[-106.339077,48.965459],[-106.339789,48.967759],[-106.338312,48.967565],[-106.33584,48.970998],[-106.336123,48.971645],[-106.340504,48.97092],[-106.343292,48.97129],[-106.345253,48.972711],[-106.348828,48.972886],[-106.348145,48.975282],[-106.348627,48.976447],[-106.345998,48.978729],[-106.344667,48.980859],[-106.346342,48.982054],[-106.347933,48.981878],[-106.350692,48.984508],[-106.34537,48.986134],[-106.345463,48.987888],[-106.349872,48.989537],[-106.353015,48.991982],[-106.355699,48.99299],[-106.354787,48.995826],[-106.355791,48.997317],[-106.361358,48.997692],[-106.363682811961,48.9994939098045],[-106.368151,48.999503],[-106.374616,48.999617],[-106.479609,48.999372],[-106.500592,48.999443],[-106.500592,48.999756],[-106.518201,48.999564],[-106.617539,48.999583],[-106.625597,48.99964],[-107.179812011685,48.9999246229794]]]}},{"type":"Feature","properties":{"zcta5":"59201","AFFGEOID10":"8600000US59201","GEOID10":"59201","ALAND10":3566638320,"AWATER10":27118120,"county_name":"Valley","state_code":"MT","county_state":"Valley County, MT","county_fips":"30105","risk_level_county":"Lower Risk (80–84% vaccinated)","mean_vaccination_rate_county":80.91,"risk_level_zcta":"Medium Risk (70–79% vaccinated)","mean_vaccination_rate_zips":72.1,"cases":36},"geometry":{"type":"Polygon","coordinates":[[[-106.363704,48.046508],[-106.366128,48.04344],[-106.373471,48.044543],[-106.372582,48.040442],[-106.394363,48.034488],[-106.40827,48.027985],[-106.41189,48.020661],[-106.410551,48.019802],[-106.409388,48.017868],[-106.407175,48.01616],[-106.405202,48.013115],[-106.403025,48.012065],[-106.402236,48.010205],[-106.398755,48.008306],[-106.390369,48.010613],[-106.386238,48.012438],[-106.38303,48.01518],[-106.377199,48.021724],[-106.37598,48.022783],[-106.372998,48.023904],[-106.370229,48.023986],[-106.364663,48.023434],[-106.356933,48.023025],[-106.35332,48.021516],[-106.350041,48.020885],[-106.344461,48.020373],[-106.342294,48.019315],[-106.313724,47.999099],[-106.310746,47.997167],[-106.302647,47.99259],[-106.300025,47.990673],[-106.297162,47.987318],[-106.294205,47.984551],[-106.282189,47.975512],[-106.278788,47.973357],[-106.26055,47.965175],[-106.25759,47.962577],[-106.250116,47.948541],[-106.248326,47.94574],[-106.245017,47.941945],[-106.239505,47.937473],[-106.23687,47.935975],[-106.232797,47.936977],[-106.229673,47.938541],[-106.228321,47.941623],[-106.22466,47.94224],[-106.22086,47.943484],[-106.219,47.943109],[-106.215347,47.944149],[-106.208075,47.949164],[-106.202908,47.950965],[-106.198147,47.954023],[-106.194723,47.956964],[-106.18552,47.958668],[-106.177509,47.961121],[-106.1676,47.961463],[-106.165525,47.960894],[-106.161574,47.962836],[-106.159355,47.963177],[-106.156285,47.96489],[-106.149347,47.967628],[-106.139719,47.968517],[-106.13607,47.969701],[-106.120704,47.977855],[-106.11796,47.97903],[-106.116806,47.980361],[-106.116966,47.981894],[-106.114885,47.98477],[-106.108556,47.985062],[-106.107146,47.986192],[-106.106342,47.979536],[-106.097364,47.976287],[-106.09591,47.976231],[-106.092248,47.9734],[-106.084234,47.970071],[-106.083052,47.968292],[-106.08393,47.967146],[-106.082083,47.964242],[-106.08003,47.95958],[-106.077979,47.957316],[-106.075765,47.95638],[-106.072658,47.953312],[-106.068916,47.951282],[-106.066465,47.950393],[-106.064579,47.949003],[-106.062513,47.948298],[-106.054878,47.946796],[-106.052778,47.945665],[-106.052572,47.943118],[-106.053117,47.94233],[-106.05786,47.940402],[-106.059317,47.938572],[-106.062318,47.936365],[-106.062086,47.933683],[-106.060275,47.929661],[-106.057688,47.92852],[-106.055978,47.926581],[-106.055978,47.923657],[-106.057112,47.920726],[-106.056763,47.917284],[-106.057075,47.914841],[-106.057079,47.904689],[-106.037467,47.904688],[-105.979295,47.904785],[-105.976269,47.904666],[-105.960124,47.904754],[-105.957643,47.904499],[-105.949385,47.904486],[-105.942584,47.90729],[-105.938551,47.908518],[-105.934784,47.908598],[-105.924894,47.909823],[-105.922568,47.910908],[-105.923505,47.91654],[-105.921596,47.919568],[-105.919133,47.921978],[-105.917183,47.92329],[-105.913201,47.92361],[-105.909507,47.924411],[-105.904857,47.924754],[-105.899801,47.924499],[-105.895461,47.925051],[-105.886799,47.925617],[-105.884384,47.926059],[-105.881038,47.925946],[-105.879932,47.922293],[-105.878304,47.919583],[-105.882752,47.917566],[-105.883472,47.916195],[-105.882902,47.915164],[-105.884493,47.912819],[-105.884456,47.911075],[-105.883469,47.909618],[-105.882331,47.906177],[-105.876617,47.90332],[-105.874517,47.902753],[-105.874079,47.901903],[-105.877128,47.899294],[-105.875938,47.898334],[-105.872143,47.898036],[-105.870086,47.896816],[-105.870313,47.895105],[-105.873809,47.892948],[-105.874109,47.8919],[-105.873211,47.890381],[-105.87202,47.889982],[-105.86998,47.890371],[-105.868159,47.889158],[-105.868103,47.886702],[-105.868892,47.885935],[-105.872838,47.88578],[-105.873758,47.884839],[-105.873268,47.883487],[-105.87162,47.882402],[-105.869834,47.882205],[-105.866938,47.879876],[-105.864294,47.878418],[-105.864334,47.877601],[-105.866322,47.876437],[-105.866608,47.874888],[-105.864454,47.872948],[-105.864851,47.871023],[-105.868885,47.870209],[-105.870553,47.867976],[-105.869648,47.867406],[-105.868698,47.863507],[-105.869186,47.862464],[-105.868345,47.861302],[-105.869328,47.858137],[-105.86913,47.856393],[-105.867891,47.855231],[-105.866049,47.855736],[-105.863219,47.855618],[-105.86321,47.852138],[-105.865513,47.8491],[-105.864541,47.846972],[-105.867921,47.846077],[-105.868218,47.844426],[-105.86312,47.84333],[-105.863351,47.826963],[-105.855661,47.822323],[-105.855562,47.789757],[-105.76949,47.789812],[-105.76951,47.77531],[-105.784317,47.772567],[-105.784868,47.740682],[-105.769563,47.735498],[-105.769572,47.724641],[-105.78515,47.719844],[-105.785422,47.708186],[-105.766534,47.708026],[-105.748129,47.713802],[-105.748161,47.702941],[-105.705537,47.703027],[-105.699086,47.707494],[-105.662582,47.707243],[-105.662562,47.717114],[-105.653338,47.71746],[-105.65103,47.717914],[-105.647737,47.717437],[-105.641386,47.717456],[-105.64121,47.750696],[-105.643146,47.75307],[-105.643951,47.755446],[-105.646277,47.758252],[-105.649138,47.759094],[-105.651671,47.761238],[-105.651898,47.762273],[-105.651839,47.779709],[-105.656217,47.781912],[-105.657288,47.782914],[-105.659079,47.787984],[-105.662311,47.790023],[-105.662624,47.860388],[-105.662425,47.862452],[-105.662561,47.868462],[-105.451641,47.868351],[-105.452289,47.868994],[-105.452714,47.872283],[-105.453668,47.874214],[-105.453768,47.874925],[-105.453743,47.954652],[-105.452847,47.955783],[-105.452794,47.998596],[-105.360038,47.998671],[-105.357692,48.003511],[-105.355692,48.00544],[-105.355157,48.006735],[-105.351182,48.008848],[-105.348349,48.009217],[-105.345178,48.009115],[-105.342451,48.010698],[-105.338596,48.009818],[-105.310499,48.009251],[-105.309311,48.008227],[-105.308598,48.003565],[-105.305207,48.00185],[-105.300823,48.00026],[-105.298715,47.999844],[-105.294902,47.998306],[-105.289178,47.998615],[-105.281454,47.998575],[-105.280856,47.991512],[-105.270503,47.991191],[-105.270349,47.987364],[-105.270157,47.985494],[-105.268807,47.98494],[-105.263432,47.98521],[-105.260779,47.98413],[-105.194861,47.984085],[-105.194687,48.054228],[-105.194572,48.054742],[-105.194764,48.065659],[-105.19695,48.064677],[-105.20288,48.062931],[-105.205135,48.062602],[-105.212439,48.062782],[-105.215268,48.063153],[-105.218691,48.064104],[-105.22194,48.066868],[-105.224202,48.071389],[-105.222943,48.074144],[-105.220491,48.077139],[-105.219474,48.079346],[-105.218347,48.085403],[-105.2188,48.087353],[-105.224975,48.090931],[-105.2282,48.09239],[-105.231691,48.093091],[-105.238735,48.093398],[-105.240992,48.093108],[-105.243191,48.090385],[-105.245796,48.089362],[-105.250539,48.089037],[-105.255068,48.089549],[-105.260534,48.089443],[-105.262551,48.089062],[-105.267454,48.086979],[-105.275571,48.084664],[-105.278846,48.0841],[-105.287452,48.08408],[-105.291186,48.083058],[-105.303186,48.080233],[-105.312913,48.07907],[-105.317563,48.079016],[-105.321191,48.07962],[-105.323955,48.080568],[-105.325469,48.082247],[-105.324613,48.088217],[-105.327108,48.090502],[-105.331305,48.092638],[-105.341066,48.094897],[-105.345755,48.094503],[-105.351591,48.092178],[-105.360042,48.089469],[-105.364528,48.088752],[-105.366901,48.088981],[-105.375544,48.090572],[-105.379888,48.092166],[-105.383523,48.092925],[-105.390106,48.093045],[-105.395176,48.092379],[-105.396961,48.091837],[-105.40556,48.092235],[-105.410596,48.092195],[-105.419003,48.092664],[-105.427024,48.09224],[-105.431093,48.089684],[-105.433597,48.089278],[-105.438491,48.089751],[-105.442098,48.089359],[-105.447472,48.08959],[-105.452579,48.089408],[-105.452412,48.091027],[-105.452607,48.113961],[-105.387929,48.114107],[-105.387876,48.098905],[-105.3813,48.099336],[-105.366502,48.099269],[-105.366297,48.120593],[-105.387985,48.121079],[-105.387992,48.133616],[-105.371435,48.135371],[-105.368092,48.135594],[-105.344785,48.135647],[-105.344785,48.186567],[-105.376952,48.186583],[-105.383428,48.185995],[-105.39023,48.186571],[-105.431054,48.186547],[-105.4317,48.215222],[-105.408587,48.215662],[-105.408617,48.241006],[-105.40906,48.24972],[-105.408616,48.259039],[-105.430333,48.259025],[-105.430358,48.287873],[-105.450674,48.28797],[-105.452256,48.302477],[-105.473681,48.302425],[-105.473738,48.312765],[-105.473096,48.314007],[-105.468413,48.317653],[-105.46495,48.319925],[-105.463587,48.32127],[-105.461222,48.324926],[-105.454139,48.334432],[-105.452802,48.337005],[-105.452101,48.339997],[-105.451977,48.352522],[-105.45154,48.354934],[-105.452023,48.360243],[-105.452089,48.365431],[-105.452802,48.368772],[-105.452621,48.370496],[-105.447043,48.385312],[-105.446626,48.389327],[-105.327912,48.389334],[-105.327135,48.388634],[-105.326615,48.386112],[-105.312483,48.385836],[-105.307201,48.384605],[-105.304952,48.38578],[-105.300196,48.38577],[-105.294482,48.385227],[-105.293181,48.384758],[-105.286577,48.380249],[-105.281153,48.37935],[-105.278427,48.378146],[-105.278113,48.374377],[-105.275162,48.371906],[-105.268608,48.367814],[-105.267055,48.367575],[-105.250812,48.367607],[-105.248731,48.367274],[-105.245501,48.36567],[-105.243628,48.365548],[-105.229941,48.365599],[-105.224804,48.365276],[-105.219683,48.367355],[-105.217959,48.36771],[-105.213555,48.367677],[-105.213412,48.366823],[-105.213392,48.345856],[-105.176835,48.345887],[-105.176595,48.386227],[-105.176523,48.38701],[-105.17907,48.38725],[-105.181197,48.388939],[-105.184991,48.390431],[-105.187808,48.393038],[-105.187437,48.39499],[-105.185462,48.397519],[-105.186728,48.39844],[-105.188868,48.398644],[-105.190474,48.396381],[-105.19333,48.395883],[-105.195161,48.397195],[-105.194497,48.400981],[-105.19491,48.4022],[-105.198919,48.403638],[-105.204909,48.400573],[-105.206316,48.40085],[-105.206967,48.402947],[-105.205895,48.403958],[-105.204508,48.403828],[-105.203572,48.405826],[-105.206918,48.407402],[-105.208629,48.407001],[-105.211519,48.405314],[-105.213288,48.405472],[-105.214381,48.407325],[-105.213721,48.408342],[-105.214213,48.40984],[-105.216568,48.410703],[-105.219489,48.410704],[-105.222673,48.408974],[-105.225124,48.408398],[-105.227525,48.409234],[-105.228773,48.411404],[-105.227292,48.412409],[-105.221948,48.41289],[-105.220582,48.413765],[-105.221076,48.415995],[-105.223674,48.41736],[-105.227694,48.416971],[-105.229439,48.41624],[-105.2311,48.416823],[-105.231665,48.418346],[-105.23098,48.419235],[-105.232123,48.42023],[-105.231954,48.42143],[-105.230258,48.423283],[-105.231145,48.425773],[-105.233798,48.427036],[-105.239592,48.428225],[-105.240918,48.428818],[-105.240351,48.430099],[-105.242224,48.432597],[-105.246298,48.433667],[-105.246903,48.434962],[-105.252782,48.436225],[-105.25688,48.435665],[-105.257884,48.436142],[-105.257709,48.440102],[-105.258622,48.440772],[-105.259357,48.445406],[-105.26169,48.448059],[-105.266962,48.445842],[-105.271294,48.446811],[-105.273699,48.446328],[-105.276943,48.447292],[-105.27644,48.448986],[-105.27495,48.449941],[-105.271175,48.451082],[-105.269941,48.450781],[-105.266892,48.451504],[-105.265917,48.452532],[-105.266179,48.454999],[-105.268456,48.455013],[-105.269191,48.454136],[-105.271803,48.454512],[-105.27248,48.456721],[-105.270952,48.458201],[-105.271272,48.460167],[-105.272969,48.461904],[-105.28269,48.464033],[-105.285697,48.466111],[-105.288517,48.466329],[-105.291085,48.464312],[-105.293933,48.464584],[-105.294138,48.465793],[-105.2926,48.467401],[-105.290733,48.471815],[-105.291467,48.472996],[-105.293111,48.47375],[-105.297143,48.473195],[-105.301137,48.471853],[-105.302732,48.471912],[-105.304948,48.473211],[-105.305755,48.475183],[-105.308168,48.476039],[-105.312053,48.478641],[-105.312704,48.480588],[-105.313862,48.480926],[-105.316294,48.47956],[-105.319289,48.479964],[-105.320992,48.48155],[-105.322403,48.48408],[-105.322167,48.484942],[-105.32411,48.487655],[-105.325097,48.488206],[-105.328437,48.487979],[-105.328638,48.486759],[-105.330299,48.485856],[-105.331221,48.485981],[-105.332117,48.48818],[-105.334299,48.488404],[-105.336651,48.489756],[-105.336944,48.490948],[-105.335781,48.491533],[-105.333322,48.491121],[-105.331823,48.491494],[-105.331632,48.492419],[-105.333264,48.49388],[-105.334832,48.497095],[-105.332411,48.498753],[-105.332468,48.500474],[-105.334927,48.502671],[-105.335714,48.504219],[-105.337562,48.504811],[-105.340014,48.507021],[-105.341387,48.511876],[-105.346464,48.51292],[-105.346836,48.514077],[-105.345701,48.516604],[-105.348301,48.520058],[-105.350661,48.520681],[-105.354234,48.519277],[-105.357902,48.522532],[-105.358221,48.524839],[-105.356212,48.527649],[-105.355593,48.529395],[-105.354083,48.530297],[-105.354692,48.531284],[-105.356997,48.531782],[-105.363444,48.530183],[-105.366836,48.531998],[-105.366804,48.53275],[-105.364521,48.533381],[-105.363015,48.534897],[-105.363877,48.536182],[-105.366923,48.536632],[-105.367961,48.537925],[-105.366411,48.53854],[-105.364908,48.540323],[-105.365806,48.541211],[-105.367634,48.541295],[-105.370989,48.539368],[-105.373008,48.538921],[-105.373557,48.541896],[-105.370594,48.543305],[-105.370827,48.545389],[-105.371832,48.545395],[-105.373148,48.546867],[-105.372978,48.547824],[-105.371521,48.548673],[-105.368519,48.547891],[-105.366816,48.548603],[-105.365876,48.549025],[-105.365241,48.550946],[-105.366069,48.55231],[-105.365376,48.554351],[-105.365421,48.555835],[-105.367301,48.557236],[-105.370318,48.557113],[-105.372508,48.555302],[-105.374363,48.554944],[-105.375581,48.555788],[-105.375983,48.557098],[-105.373871,48.557133],[-105.372701,48.558867],[-105.374372,48.559694],[-105.374357,48.561654],[-105.371298,48.563234],[-105.758098,48.563336],[-105.804436,48.563358],[-105.857401,48.563354],[-105.868116,48.562764],[-105.890241,48.562892],[-105.905042,48.562497],[-105.906999,48.563123],[-105.90754,48.563242],[-105.913152,48.563337],[-105.913313,48.450766],[-105.848043,48.450556],[-105.848104,48.407246],[-105.870305,48.407151],[-105.870011,48.400115],[-105.86465,48.39966],[-105.864277,48.393681],[-105.866366,48.392618],[-105.8752,48.39253],[-105.875249,48.388988],[-105.870112,48.385335],[-105.870108,48.381793],[-105.86403,48.381546],[-105.863045,48.380726],[-105.856864,48.378043],[-105.853126,48.375556],[-105.850486,48.372945],[-105.851406,48.370984],[-105.85288,48.369932],[-105.853906,48.366916],[-105.852779,48.36539],[-105.851453,48.361266],[-105.847213,48.355613],[-105.847275,48.354054],[-105.846022,48.350111],[-105.84728,48.347842],[-105.848988,48.34738],[-105.852587,48.344757],[-105.85917,48.342222],[-105.859976,48.341387],[-105.86047,48.340257],[-105.859402,48.338669],[-105.856399,48.33634],[-105.856955,48.332776],[-105.858782,48.329895],[-105.859013,48.324275],[-105.86024,48.32384],[-105.866994,48.323791],[-105.868238,48.322717],[-105.866712,48.320318],[-105.866644,48.316707],[-105.86387,48.317142],[-105.858657,48.311043],[-105.857555,48.304212],[-105.860191,48.302211],[-105.86019,48.297313],[-105.861181,48.295879],[-105.865017,48.294521],[-105.86634,48.293089],[-105.871026,48.292741],[-105.873444,48.294074],[-105.880647,48.294987],[-105.88451,48.29503],[-105.884135,48.293314],[-105.882562,48.291662],[-105.877667,48.288511],[-105.871142,48.285693],[-105.869988,48.284184],[-105.866448,48.282971],[-105.863149,48.279408],[-105.858949,48.276447],[-105.856082,48.276143],[-105.853978,48.27464],[-105.850612,48.273389],[-105.848216,48.273092],[-105.84791,48.266327],[-105.848945,48.263783],[-105.852522,48.259199],[-105.856495,48.256764],[-105.860352,48.254906],[-105.863748,48.251202],[-105.864316,48.247966],[-105.860617,48.243626],[-105.862701,48.241249],[-105.866331,48.240724],[-105.873305,48.241038],[-105.870769,48.237063],[-105.86991,48.233842],[-105.864951,48.233501],[-105.860674,48.232155],[-105.858553,48.23195],[-105.855508,48.230809],[-105.847261,48.225419],[-105.84367,48.223912],[-105.836522,48.221674],[-105.833205,48.221583],[-105.834641,48.220829],[-105.834989,48.219033],[-105.843823,48.219034],[-105.843855,48.146623],[-105.843877,48.132102],[-105.887191,48.132137],[-105.887181,48.146637],[-105.90925,48.146653],[-105.909244,48.153942],[-105.929195,48.153782],[-105.930594,48.154071],[-105.930826,48.168227],[-105.938511,48.168181],[-105.942133,48.166193],[-105.94455,48.164027],[-105.949818,48.163771],[-105.951512,48.16297],[-105.952549,48.161028],[-105.952477,48.146646],[-105.994702,48.146672],[-105.99474,48.117493],[-105.973288,48.117464],[-105.973234,48.080872],[-105.971366,48.079686],[-105.97126,48.076575],[-105.969357,48.075589],[-105.968739,48.073468],[-105.966342,48.071374],[-105.964038,48.066671],[-105.966492,48.062871],[-105.966352,48.059457],[-105.994655,48.059178],[-105.994953,48.057129],[-105.994944,48.029122],[-105.999227,48.031446],[-106.00387,48.033286],[-106.006176,48.033689],[-106.017371,48.033625],[-106.019233,48.032907],[-106.021551,48.030927],[-106.024043,48.028071],[-106.025102,48.026087],[-106.023162,48.022233],[-106.014452,48.016464],[-106.012049,48.016174],[-106.011284,48.01477],[-106.011137,48.011253],[-106.0144,48.006484],[-106.016685,48.005245],[-106.020247,48.004509],[-106.026293,48.004039],[-106.029368,48.004058],[-106.032033,48.004744],[-106.037132,48.007273],[-106.041817,48.007713],[-106.044121,48.008469],[-106.045838,48.010543],[-106.047532,48.016778],[-106.048692,48.019671],[-106.052082,48.023594],[-106.054188,48.025137],[-106.058262,48.028909],[-106.066238,48.032845],[-106.071696,48.034552],[-106.079148,48.03554],[-106.082525,48.035469],[-106.085739,48.034706],[-106.088242,48.033128],[-106.088733,48.029983],[-106.087834,48.028612],[-106.084816,48.025706],[-106.08448,48.022704],[-106.085635,48.02043],[-106.087291,48.018431],[-106.091182,48.01515],[-106.095538,48.010575],[-106.102416,48.007705],[-106.108337,48.006233],[-106.112809,48.005215],[-106.119878,48.004067],[-106.125577,48.00474],[-106.131679,48.005924],[-106.141955,48.006406],[-106.1452,48.007503],[-106.14569,48.009544],[-106.143,48.012757],[-106.140678,48.014189],[-106.13627,48.01567],[-106.134953,48.01659],[-106.128036,48.01879],[-106.124493,48.021462],[-106.12287,48.024162],[-106.122203,48.027106],[-106.12271,48.028242],[-106.126146,48.030983],[-106.12941,48.03225],[-106.131861,48.032486],[-106.136583,48.03199],[-106.140298,48.030953],[-106.145789,48.029838],[-106.150722,48.031034],[-106.15458,48.030552],[-106.157263,48.030589],[-106.165716,48.029352],[-106.167464,48.029443],[-106.171978,48.028035],[-106.175304,48.027796],[-106.180825,48.029456],[-106.189424,48.029087],[-106.199714,48.027151],[-106.204137,48.026537],[-106.210582,48.026612],[-106.212686,48.026279],[-106.221736,48.026613],[-106.229302,48.026416],[-106.234832,48.027188],[-106.2448,48.029943],[-106.247493,48.032247],[-106.253646,48.035625],[-106.261614,48.038413],[-106.26425,48.040113],[-106.269613,48.04477],[-106.272484,48.046106],[-106.275605,48.046578],[-106.281996,48.046265],[-106.28555,48.0453],[-106.289788,48.041301],[-106.293308,48.040425],[-106.296722,48.040533],[-106.300974,48.041376],[-106.3032,48.043537],[-106.303243,48.045543],[-106.305315,48.05009],[-106.307769,48.052234],[-106.313537,48.054887],[-106.317201,48.055581],[-106.321439,48.05544],[-106.325062,48.053451],[-106.328666,48.05192],[-106.338655,48.046077],[-106.343813,48.044302],[-106.347648,48.043745],[-106.351468,48.043759],[-106.355826,48.044366],[-106.363704,48.046508]]]}},{"type":"Feature","properties":{"zcta5":"59230","AFFGEOID10":"8600000US59230","GEOID10":"59230","ALAND10":3997484638,"AWATER10":154566599,"county_name":"Valley","state_code":"MT","county_state":"Valley County, MT","county_fips":"30105","risk_level_county":"Lower Risk (80–84% vaccinated)","mean_vaccination_rate_county":80.91,"risk_level_zcta":"Lower Risk (80–84% vaccinated)","mean_vaccination_rate_zips":83.6,"cases":36},"geometry":{"type":"MultiPolygon","coordinates":[[[[-106.531893,48.407062],[-106.534167,48.405544],[-106.530444,48.404091],[-106.528942,48.405828],[-106.529425,48.406291],[-106.531893,48.407062]]],[[[-107.414372,47.804026],[-107.414884,47.705],[-107.414886,47.691734],[-107.409161,47.692506],[-107.39935,47.692606],[-107.393589,47.692883],[-107.378342,47.692848],[-107.366193,47.692347],[-107.360231,47.691218],[-107.355897,47.689211],[-107.349785,47.685493],[-107.338496,47.681608],[-107.336667,47.681123],[-107.331757,47.680685],[-107.311566,47.681103],[-107.284283,47.680446],[-107.281123,47.6799],[-107.277019,47.678643],[-107.271259,47.675239],[-107.263771,47.669028],[-107.257988,47.664999],[-107.25285,47.662716],[-107.249,47.661566],[-107.241667,47.661423],[-107.229235,47.661735],[-107.22168,47.661738],[-107.215486,47.661834],[-107.205033,47.663651],[-107.200623,47.663563],[-107.194513,47.661292],[-107.192674,47.661083],[-107.184147,47.661294],[-107.175088,47.66191],[-107.169258,47.664948],[-107.164256,47.66665],[-107.158817,47.667788],[-107.14688,47.668448],[-107.142159,47.668421],[-107.131412,47.668861],[-107.114109,47.669026],[-107.105052,47.668389],[-107.094037,47.666843],[-107.080972,47.663531],[-107.070514,47.662396],[-107.06212,47.662775],[-107.056987,47.662806],[-107.047243,47.662212],[-107.041647,47.662481],[-107.037063,47.662162],[-107.032731,47.66085],[-107.028974,47.660437],[-107.016976,47.661512],[-107.012531,47.662609],[-107.007347,47.665438],[-107.002725,47.669415],[-107.001278,47.671853],[-106.999227,47.67366],[-106.997486,47.674231],[-106.993521,47.674637],[-106.985874,47.674066],[-106.978654,47.672635],[-106.965922,47.671692],[-106.960755,47.672158],[-106.954627,47.673877],[-106.949572,47.675561],[-106.94455,47.676289],[-106.937162,47.675056],[-106.934346,47.673893],[-106.931926,47.671638],[-106.928465,47.669921],[-106.925557,47.66947],[-106.916433,47.670194],[-106.911335,47.670978],[-106.902203,47.672714],[-106.897643,47.673915],[-106.892753,47.674818],[-106.881162,47.678128],[-106.87968,47.678952],[-106.874292,47.685896],[-106.870364,47.693151],[-106.870039,47.69414],[-106.86991,47.702268],[-106.872194,47.708089],[-106.877956,47.715983],[-106.879223,47.718095],[-106.879193,47.720686],[-106.874914,47.725433],[-106.86656,47.733027],[-106.86331,47.736281],[-106.861668,47.737372],[-106.853714,47.740316],[-106.849335,47.741257],[-106.834171,47.743398],[-106.827707,47.743973],[-106.821126,47.744313],[-106.813271,47.744421],[-106.800029,47.743304],[-106.791783,47.743517],[-106.788536,47.743238],[-106.7857,47.742507],[-106.775833,47.738369],[-106.771096,47.736154],[-106.765897,47.733185],[-106.761686,47.731673],[-106.760188,47.731453],[-106.755232,47.73173],[-106.747711,47.731204],[-106.734453,47.734156],[-106.731699,47.735075],[-106.729694,47.736476],[-106.726899,47.740638],[-106.723312,47.743536],[-106.717698,47.747398],[-106.713221,47.752476],[-106.711442,47.755243],[-106.710823,47.758037],[-106.710814,47.763077],[-106.711557,47.772595],[-106.710492,47.773236],[-106.701997,47.775436],[-106.696788,47.776411],[-106.692967,47.776778],[-106.697482,47.789974],[-106.69804,47.792159],[-106.695688,47.791414],[-106.695636,47.792882],[-106.694335,47.793369],[-106.697384,47.793587],[-106.696773,47.792735],[-106.704868,47.794889],[-106.70743,47.796443],[-106.708091,47.795647],[-106.712399,47.79759],[-106.713762,47.799969],[-106.712806,47.801401],[-106.714442,47.800909],[-106.717569,47.801894],[-106.717618,47.800313],[-106.721081,47.801362],[-106.720499,47.803354],[-106.718559,47.80378],[-106.720643,47.804368],[-106.720393,47.806153],[-106.722571,47.806086],[-106.724181,47.809479],[-106.726953,47.808637],[-106.724011,47.812347],[-106.725088,47.812855],[-106.729201,47.812023],[-106.73029,47.813636],[-106.733025,47.812503],[-106.732552,47.815194],[-106.730679,47.815574],[-106.733098,47.816136],[-106.735102,47.815574],[-106.734218,47.817479],[-106.735629,47.817848],[-106.738667,47.816688],[-106.738576,47.817547],[-106.742603,47.81816],[-106.741109,47.819373],[-106.743085,47.819261],[-106.741758,47.820472],[-106.742616,47.822359],[-106.743651,47.822009],[-106.746579,47.823198],[-106.745212,47.823731],[-106.747199,47.824591],[-106.748928,47.826514],[-106.747892,47.826638],[-106.745389,47.824671],[-106.742774,47.823389],[-106.740128,47.823341],[-106.737732,47.821784],[-106.735925,47.821999],[-106.734825,47.821144],[-106.733866,47.823426],[-106.733757,47.820234],[-106.732301,47.821962],[-106.731754,47.820751],[-106.728879,47.819139],[-106.726072,47.822272],[-106.724858,47.820978],[-106.720274,47.821144],[-106.722391,47.821368],[-106.723035,47.823211],[-106.724428,47.824175],[-106.724136,47.825629],[-106.726319,47.825496],[-106.726165,47.826357],[-106.728526,47.826642],[-106.727387,47.827448],[-106.729303,47.830058],[-106.728759,47.832059],[-106.731423,47.833051],[-106.731335,47.83445],[-106.732752,47.834882],[-106.731025,47.834905],[-106.72727,47.8337],[-106.727228,47.832685],[-106.724841,47.830909],[-106.724101,47.832703],[-106.723456,47.831206],[-106.724685,47.830235],[-106.722721,47.828036],[-106.720173,47.829205],[-106.71904,47.827846],[-106.715766,47.827699],[-106.71772,47.826799],[-106.717206,47.824781],[-106.714006,47.825363],[-106.714341,47.826761],[-106.713356,47.82816],[-106.711555,47.826318],[-106.708208,47.82554],[-106.710488,47.825068],[-106.712002,47.822709],[-106.709225,47.824305],[-106.705602,47.825052],[-106.702808,47.822875],[-106.704721,47.821548],[-106.701888,47.822448],[-106.699819,47.821011],[-106.697238,47.820633],[-106.698524,47.820298],[-106.697311,47.818593],[-106.701211,47.819278],[-106.701121,47.818313],[-106.698052,47.817332],[-106.697384,47.816081],[-106.698653,47.8151],[-106.695145,47.816405],[-106.694233,47.815714],[-106.692661,47.816548],[-106.68986,47.813395],[-106.691334,47.813016],[-106.687166,47.811673],[-106.688696,47.811322],[-106.687556,47.809907],[-106.685725,47.81045],[-106.685309,47.811695],[-106.686237,47.813345],[-106.684796,47.813066],[-106.684975,47.814782],[-106.683608,47.814173],[-106.682346,47.814892],[-106.682199,47.81668],[-106.680652,47.815424],[-106.680986,47.814069],[-106.679708,47.813362],[-106.677379,47.814617],[-106.677469,47.813065],[-106.67462,47.812111],[-106.672869,47.812396],[-106.673676,47.808678],[-106.672333,47.809594],[-106.668995,47.809675],[-106.667806,47.810344],[-106.665551,47.809554],[-106.662443,47.807376],[-106.660472,47.807798],[-106.65475,47.806612],[-106.650446,47.804319],[-106.652984,47.806217],[-106.653545,47.80755],[-106.656093,47.80811],[-106.657411,47.809322],[-106.659264,47.813644],[-106.656561,47.814065],[-106.652598,47.811624],[-106.651596,47.811892],[-106.651937,47.814229],[-106.648151,47.813772],[-106.644814,47.812543],[-106.642738,47.812646],[-106.639523,47.811795],[-106.641637,47.814505],[-106.640187,47.815596],[-106.645698,47.816947],[-106.645127,47.818224],[-106.64761,47.818423],[-106.647332,47.820797],[-106.650344,47.820436],[-106.649759,47.819679],[-106.651396,47.818424],[-106.653805,47.820876],[-106.657225,47.821272],[-106.657509,47.82216],[-106.655692,47.823695],[-106.656563,47.824288],[-106.659861,47.823981],[-106.659999,47.825983],[-106.657628,47.827639],[-106.660526,47.8298],[-106.662872,47.829971],[-106.665397,47.828704],[-106.665779,47.829944],[-106.667612,47.829483],[-106.667546,47.830635],[-106.66551,47.831616],[-106.667879,47.833613],[-106.670485,47.833717],[-106.673669,47.83522],[-106.674769,47.836542],[-106.67832,47.837173],[-106.678605,47.837858],[-106.682433,47.840858],[-106.679712,47.840343],[-106.677693,47.837963],[-106.676104,47.838111],[-106.677391,47.839361],[-106.674752,47.839394],[-106.673197,47.837578],[-106.671291,47.836602],[-106.668416,47.836371],[-106.668268,47.838499],[-106.663537,47.836464],[-106.663195,47.834528],[-106.659946,47.83456],[-106.658684,47.833496],[-106.659896,47.836655],[-106.657941,47.836265],[-106.656645,47.838628],[-106.654926,47.837904],[-106.654798,47.834597],[-106.653593,47.834251],[-106.649243,47.834974],[-106.651468,47.833061],[-106.65041,47.831876],[-106.649066,47.832106],[-106.650419,47.830066],[-106.648938,47.82887],[-106.647977,47.828936],[-106.646648,47.83092],[-106.644001,47.831062],[-106.643145,47.832263],[-106.639666,47.832843],[-106.639872,47.830687],[-106.63638,47.828948],[-106.634612,47.829435],[-106.633201,47.831447],[-106.630703,47.829258],[-106.629944,47.830541],[-106.626954,47.83134],[-106.625525,47.829973],[-106.625603,47.82298],[-106.621056,47.822467],[-106.619214,47.821453],[-106.618544,47.819561],[-106.617177,47.819562],[-106.615742,47.817879],[-106.606061,47.818635],[-106.604287,47.819403],[-106.604222,47.8205],[-106.600714,47.821872],[-106.603328,47.822244],[-106.602676,47.821378],[-106.604549,47.82113],[-106.608393,47.822747],[-106.607579,47.822818],[-106.607858,47.825187],[-106.606865,47.825698],[-106.608561,47.827397],[-106.606981,47.827518],[-106.607552,47.829416],[-106.605045,47.83002],[-106.603757,47.829576],[-106.602187,47.831365],[-106.599425,47.830208],[-106.597935,47.83073],[-106.589985,47.829515],[-106.590906,47.830419],[-106.595501,47.831773],[-106.594669,47.830583],[-106.597667,47.831196],[-106.602449,47.832829],[-106.604307,47.834364],[-106.60662,47.834407],[-106.607518,47.836271],[-106.610353,47.836966],[-106.610134,47.838063],[-106.612912,47.838254],[-106.613541,47.840107],[-106.615668,47.841312],[-106.615976,47.839914],[-106.623499,47.843299],[-106.625526,47.842826],[-106.625602,47.838238],[-106.627499,47.839423],[-106.629048,47.838207],[-106.632184,47.838439],[-106.631165,47.839261],[-106.63368,47.840611],[-106.633637,47.842739],[-106.635583,47.844653],[-106.636577,47.844078],[-106.638018,47.845154],[-106.639525,47.84471],[-106.64007,47.846564],[-106.638683,47.848505],[-106.641608,47.848253],[-106.641617,47.846817],[-106.644134,47.847563],[-106.64472,47.848638],[-106.643659,47.850102],[-106.65069,47.850812],[-106.654764,47.849426],[-106.656084,47.850029],[-106.653093,47.851394],[-106.655103,47.856204],[-106.657172,47.857307],[-106.65524,47.858288],[-106.65788,47.859067],[-106.659225,47.858262],[-106.66219,47.860012],[-106.662849,47.862414],[-106.659525,47.860428],[-106.658058,47.861332],[-106.656249,47.860723],[-106.654195,47.861002],[-106.655083,47.861661],[-106.65579,47.865642],[-106.65522,47.864145],[-106.651042,47.860541],[-106.651842,47.858523],[-106.651142,47.856998],[-106.648015,47.854902],[-106.646001,47.855883],[-106.646057,47.857463],[-106.644371,47.856343],[-106.643368,47.857879],[-106.644157,47.859211],[-106.641747,47.857664],[-106.640657,47.855168],[-106.637844,47.856527],[-106.632476,47.855286],[-106.633699,47.854771],[-106.630636,47.853991],[-106.63223,47.856618],[-106.632008,47.858203],[-106.629199,47.856167],[-106.629621,47.858065],[-106.625727,47.856939],[-106.625709,47.853128],[-106.623823,47.848701],[-106.622314,47.847588],[-106.619985,47.848001],[-106.615995,47.85046],[-106.611977,47.84846],[-106.611032,47.849129],[-106.610994,47.851614],[-106.608354,47.851505],[-106.606682,47.849817],[-106.605331,47.850739],[-106.603415,47.850054],[-106.602469,47.848475],[-106.604473,47.848299],[-106.602679,47.846418],[-106.599836,47.846869],[-106.59851,47.849507],[-106.59495,47.850133],[-106.595218,47.847666],[-106.591803,47.846175],[-106.590557,47.847135],[-106.589293,47.844898],[-106.588169,47.845381],[-106.587983,47.847229],[-106.58294,47.846846],[-106.584104,47.846133],[-106.580691,47.845942],[-106.576992,47.843573],[-106.575159,47.844231],[-106.578752,47.845437],[-106.579258,47.847258],[-106.581751,47.847603],[-106.580016,47.849057],[-106.583552,47.849835],[-106.582388,47.851085],[-106.580204,47.851398],[-106.581182,47.8521],[-106.581224,47.854842],[-106.578812,47.853592],[-106.576644,47.853198],[-106.576049,47.851635],[-106.574844,47.854185],[-106.567633,47.853401],[-106.566451,47.853676],[-106.568285,47.854389],[-106.566916,47.854855],[-106.566443,47.856692],[-106.567324,47.858847],[-106.570371,47.858584],[-106.576646,47.859301],[-106.57883,47.860765],[-106.579874,47.863288],[-106.582858,47.865591],[-106.582613,47.863726],[-106.583509,47.863386],[-106.586778,47.864849],[-106.588205,47.867509],[-106.58563,47.868321],[-106.587865,47.870733],[-106.586716,47.872077],[-106.588761,47.87075],[-106.589764,47.871309],[-106.588233,47.873245],[-106.586187,47.874013],[-106.587484,47.875014],[-106.599505,47.874892],[-106.604019,47.875012],[-106.604168,47.878248],[-106.605367,47.878944],[-106.602073,47.878386],[-106.601365,47.879965],[-106.604781,47.88009],[-106.615335,47.885076],[-106.617732,47.885415],[-106.619153,47.887263],[-106.620286,47.886807],[-106.62825,47.89245],[-106.63134,47.892485],[-106.629057,47.89278],[-106.630082,47.894381],[-106.628475,47.895357],[-106.630446,47.897091],[-106.62849,47.896552],[-106.628183,47.893668],[-106.622517,47.891423],[-106.62095,47.890261],[-106.619972,47.890487],[-106.62331,47.893978],[-106.623182,47.896035],[-106.622194,47.894566],[-106.619902,47.893755],[-106.61968,47.89245],[-106.617396,47.891322],[-106.617952,47.892446],[-106.615556,47.894114],[-106.614145,47.893407],[-106.614999,47.892123],[-106.61323,47.892206],[-106.613392,47.890742],[-106.612371,47.888851],[-106.611515,47.889454],[-106.611721,47.891543],[-106.613249,47.894499],[-106.611846,47.894505],[-106.613356,47.895744],[-106.610836,47.895454],[-106.60962,47.894144],[-106.608275,47.895049],[-106.605976,47.895127],[-106.604148,47.893395],[-106.606193,47.892061],[-106.605018,47.890861],[-106.602376,47.891076],[-106.601489,47.892973],[-106.600917,47.891827],[-106.599597,47.89242],[-106.59622,47.890282],[-106.59622,47.891226],[-106.593292,47.889872],[-106.593832,47.89217],[-106.591737,47.893371],[-106.589895,47.894474],[-106.591436,47.894715],[-106.59306,47.896579],[-106.590809,47.895559],[-106.58952,47.896169],[-106.587115,47.895478],[-106.58823,47.891787],[-106.585857,47.890406],[-106.586508,47.888705],[-106.584673,47.888031],[-106.585577,47.885629],[-106.582462,47.884023],[-106.58119,47.882751],[-106.580253,47.883244],[-106.578736,47.882115],[-106.578564,47.880152],[-106.5747,47.878584],[-106.574333,47.877229],[-106.572621,47.877646],[-106.573078,47.879747],[-106.57051,47.880098],[-106.570861,47.882143],[-106.570062,47.88318],[-106.573282,47.884611],[-106.572997,47.885933],[-106.574742,47.886305],[-106.575509,47.889574],[-106.577018,47.890418],[-106.576684,47.89231],[-106.578283,47.893472],[-106.575518,47.892743],[-106.573194,47.891285],[-106.572566,47.892168],[-106.567543,47.888949],[-106.5684,47.891428],[-106.565831,47.890573],[-106.565815,47.892064],[-106.564323,47.892448],[-106.56301,47.891609],[-106.557963,47.890913],[-106.561249,47.893709],[-106.565709,47.89513],[-106.565994,47.895903],[-106.570545,47.898776],[-106.573497,47.900147],[-106.573025,47.900937],[-106.576458,47.901035],[-106.576238,47.902494],[-106.578725,47.901759],[-106.579965,47.902795],[-106.580268,47.904654],[-106.581931,47.904084],[-106.583172,47.906173],[-106.581826,47.906957],[-106.584315,47.908372],[-106.583613,47.906968],[-106.585056,47.906079],[-106.58947,47.908321],[-106.589813,47.910482],[-106.588917,47.91159],[-106.593304,47.908863],[-106.593541,47.910393],[-106.596518,47.910573],[-106.599048,47.912141],[-106.594953,47.911583],[-106.591878,47.912434],[-106.594253,47.9137],[-106.597826,47.914296],[-106.596047,47.91422],[-106.595274,47.916195],[-106.594555,47.914747],[-106.591031,47.914128],[-106.592035,47.915417],[-106.591554,47.916728],[-106.589612,47.916284],[-106.588453,47.913603],[-106.587833,47.914645],[-106.58585,47.911793],[-106.586495,47.913619],[-106.586056,47.916246],[-106.583852,47.914837],[-106.580736,47.914103],[-106.580197,47.912655],[-106.578378,47.91282],[-106.576208,47.91123],[-106.576363,47.912733],[-106.572855,47.911603],[-106.571322,47.910529],[-106.569111,47.911028],[-106.566835,47.910567],[-106.567039,47.909026],[-106.565408,47.910145],[-106.566762,47.911927],[-106.565294,47.912454],[-106.561525,47.91145],[-106.559625,47.910096],[-106.560815,47.91335],[-106.557739,47.912688],[-106.557434,47.914455],[-106.561361,47.913993],[-106.563446,47.916126],[-106.567136,47.916972],[-106.568741,47.917958],[-106.569837,47.919977],[-106.567479,47.920185],[-106.57503,47.921005],[-106.575611,47.921855],[-106.572298,47.921949],[-106.572743,47.922867],[-106.570661,47.923007],[-106.573565,47.923899],[-106.571448,47.924315],[-106.570219,47.925946],[-106.569125,47.924455],[-106.566801,47.923859],[-106.565638,47.922483],[-106.56352,47.922394],[-106.565503,47.923196],[-106.56646,47.924687],[-106.565606,47.925653],[-106.567999,47.926866],[-106.568581,47.927968],[-106.566703,47.928499],[-106.566224,47.927672],[-106.563524,47.927468],[-106.561782,47.926343],[-106.559596,47.926461],[-106.563764,47.928133],[-106.565953,47.930336],[-106.568413,47.930861],[-106.569884,47.932605],[-106.569986,47.931365],[-106.574085,47.93166],[-106.576444,47.933631],[-106.575111,47.932347],[-106.575246,47.930235],[-106.576407,47.929844],[-106.577877,47.930875],[-106.579036,47.928577],[-106.582043,47.929676],[-106.583338,47.927448],[-106.581049,47.926485],[-106.58255,47.925498],[-106.58484,47.92623],[-106.587025,47.925218],[-106.588941,47.92673],[-106.590477,47.926177],[-106.592768,47.92769],[-106.59096,47.928977],[-106.594753,47.93058],[-106.593693,47.92932],[-106.595328,47.927434],[-106.597691,47.929865],[-106.6009,47.929609],[-106.599224,47.928188],[-106.599735,47.927269],[-106.60213,47.928368],[-106.605921,47.928385],[-106.60531,47.930567],[-106.606743,47.929533],[-106.607053,47.930795],[-106.608213,47.92983],[-106.609614,47.930493],[-106.612109,47.930421],[-106.61228,47.931431],[-106.616008,47.933309],[-106.618884,47.935876],[-106.618846,47.933741],[-106.61628,47.932366],[-106.615968,47.931082],[-106.620721,47.931535],[-106.618018,47.929654],[-106.618456,47.92722],[-106.619314,47.929125],[-106.624304,47.930472],[-106.625822,47.931756],[-106.625302,47.92987],[-106.627871,47.930925],[-106.628868,47.929988],[-106.627898,47.929055],[-106.629675,47.930756],[-106.633108,47.93248],[-106.632666,47.933873],[-106.630781,47.934239],[-106.633538,47.934986],[-106.633792,47.933599],[-106.636689,47.933512],[-106.633282,47.930193],[-106.63445,47.928729],[-106.635085,47.930134],[-106.636643,47.930595],[-106.640668,47.928332],[-106.63981,47.930081],[-106.641579,47.931781],[-106.642904,47.928865],[-106.642248,47.932133],[-106.645079,47.932699],[-106.647045,47.933944],[-106.650496,47.934181],[-106.650032,47.933243],[-106.651787,47.932536],[-106.65107,47.93128],[-106.653648,47.931484],[-106.655469,47.928534],[-106.655193,47.926439],[-106.656222,47.925907],[-106.6569,47.923643],[-106.656567,47.922338],[-106.657815,47.922135],[-106.656852,47.922442],[-106.657421,47.925332],[-106.65667,47.926708],[-106.657909,47.928419],[-106.658964,47.927816],[-106.659573,47.926253],[-106.663152,47.92435],[-106.669663,47.922399],[-106.681128,47.923599],[-106.683977,47.921995],[-106.686563,47.922497],[-106.689955,47.922425],[-106.693766,47.924304],[-106.697159,47.925159],[-106.701594,47.927481],[-106.704574,47.929888],[-106.709826,47.932119],[-106.71338,47.932976],[-106.712466,47.934153],[-106.711933,47.936596],[-106.712403,47.93801],[-106.715639,47.939437],[-106.716504,47.941213],[-106.718179,47.942962],[-106.717988,47.944137],[-106.719156,47.94508],[-106.71722,47.950726],[-106.71757,47.951931],[-106.71674,47.952812],[-106.714459,47.952546],[-106.709511,47.95408],[-106.708257,47.953626],[-106.705038,47.953695],[-106.700725,47.954723],[-106.700526,47.95667],[-106.696414,47.957988],[-106.693739,47.957759],[-106.689669,47.958293],[-106.688946,47.95911],[-106.685113,47.959799],[-106.683345,47.962384],[-106.67963,47.965691],[-106.678037,47.968858],[-106.675284,47.970488],[-106.672699,47.970705],[-106.672299,47.974223],[-106.668874,47.972854],[-106.665468,47.973564],[-106.658269,47.977168],[-106.65524,47.977869],[-106.651926,47.979514],[-106.648577,47.979447],[-106.644255,47.977793],[-106.643335,47.976582],[-106.637047,47.974435],[-106.631827,47.973223],[-106.629395,47.973293],[-106.627316,47.972211],[-106.624233,47.971849],[-106.62171,47.97226],[-106.620305,47.976658],[-106.618775,47.977664],[-106.611595,47.977873],[-106.610104,47.978446],[-106.60965,47.980134],[-106.607396,47.98189],[-106.609198,47.984209],[-106.609067,47.98629],[-106.611972,47.990412],[-106.61096,47.993259],[-106.611235,47.994532],[-106.609946,47.9959],[-106.605335,47.997129],[-106.602074,47.996495],[-106.599227,47.995402],[-106.597274,47.995854],[-106.593978,47.995422],[-106.590713,47.99578],[-106.58429,47.995476],[-106.583122,47.997323],[-106.580145,48.000493],[-106.579444,48.002994],[-106.580432,48.004235],[-106.578865,48.006419],[-106.577571,48.006928],[-106.576106,48.009364],[-106.573484,48.010849],[-106.563881,48.010804],[-106.559216,48.008291],[-106.556561,48.005274],[-106.554552,48.00436],[-106.549921,48.004703],[-106.545392,48.003971],[-106.539912,48.001776],[-106.53886,48.001016],[-106.496135,48.000947],[-106.493423,48.000605],[-106.490671,48.00062],[-106.490087,48.000716],[-106.490095,48.036266],[-106.511767,48.059325],[-106.55502,48.05929],[-106.554792,48.03005],[-106.587178,48.030086],[-106.587185,48.041716],[-106.580781,48.0419],[-106.58034,48.044665],[-106.576456,48.044688],[-106.576554,48.058311],[-106.596318,48.072497],[-106.598034,48.074602],[-106.598156,48.07577],[-106.598342,48.117165],[-106.55642,48.117221],[-106.555143,48.116036],[-106.554946,48.107018],[-106.553694,48.106421],[-106.545663,48.106335],[-106.542313,48.1058],[-106.539835,48.103146],[-106.538464,48.102808],[-106.511756,48.102858],[-106.511678,48.131747],[-106.510641,48.133261],[-106.50924,48.139675],[-106.508772,48.144336],[-106.509839,48.150863],[-106.511619,48.151359],[-106.51143,48.163234],[-106.489865,48.163505],[-106.489715,48.172086],[-106.490624,48.174521],[-106.489747,48.178759],[-106.489871,48.204664],[-106.387997,48.204412],[-106.38533,48.205735],[-106.382813,48.205743],[-106.383517,48.207378],[-106.381941,48.208178],[-106.383458,48.209133],[-106.383177,48.210635],[-106.379992,48.212581],[-106.383397,48.214782],[-106.382704,48.216503],[-106.383736,48.217507],[-106.388725,48.218535],[-106.388551,48.219741],[-106.384742,48.22156],[-106.384617,48.222722],[-106.387488,48.224862],[-106.388307,48.226585],[-106.39048,48.228044],[-106.386318,48.2292],[-106.386883,48.230883],[-106.385302,48.234581],[-106.387247,48.235896],[-106.389973,48.235447],[-106.392452,48.235958],[-106.39319,48.236819],[-106.392892,48.239358],[-106.393558,48.240161],[-106.392102,48.241755],[-106.391778,48.243684],[-106.394144,48.243828],[-106.396855,48.242623],[-106.398891,48.242393],[-106.399432,48.243682],[-106.397551,48.244981],[-106.40015,48.24932],[-106.399793,48.25036],[-106.397,48.251444],[-106.397851,48.255091],[-106.401431,48.256277],[-106.402637,48.257703],[-106.406973,48.258198],[-106.407613,48.259487],[-106.404294,48.261126],[-106.404819,48.262075],[-106.409006,48.263924],[-106.408808,48.265251],[-106.410014,48.268815],[-106.411201,48.270167],[-106.410324,48.271914],[-106.408386,48.272229],[-106.405716,48.273638],[-106.408892,48.277134],[-106.409055,48.27975],[-106.411338,48.281725],[-106.405007,48.283641],[-106.403859,48.284393],[-106.403859,48.28625],[-106.405879,48.287163],[-106.405401,48.288759],[-106.402089,48.289827],[-106.405841,48.295904],[-106.404131,48.296606],[-106.403949,48.297952],[-106.405551,48.299342],[-106.403167,48.300214],[-106.403625,48.302879],[-106.407119,48.305622],[-106.40454,48.306435],[-106.404542,48.308555],[-106.4028,48.308746],[-106.400975,48.311333],[-106.402945,48.312366],[-106.399821,48.31374],[-106.397213,48.313815],[-106.395124,48.31567],[-106.395394,48.316827],[-106.398279,48.31878],[-106.399535,48.320563],[-106.401484,48.320936],[-106.399822,48.322921],[-106.400535,48.324862],[-106.398042,48.326699],[-106.400401,48.328405],[-106.402088,48.327566],[-106.402753,48.32868],[-106.400083,48.33071],[-106.399995,48.333093],[-106.398318,48.333365],[-106.398247,48.335294],[-106.401243,48.336697],[-106.400499,48.337758],[-106.397104,48.338351],[-106.397409,48.339602],[-106.399085,48.340534],[-106.403213,48.341698],[-106.402874,48.344264],[-106.401244,48.345181],[-106.40427,48.345617],[-106.404739,48.347851],[-106.407314,48.34868],[-106.40626,48.349831],[-106.408753,48.35062],[-106.409394,48.351603],[-106.405573,48.35289],[-106.404734,48.355266],[-106.405228,48.356203],[-106.403261,48.357047],[-106.404314,48.357979],[-106.409527,48.356673],[-106.410592,48.357701],[-106.410227,48.359776],[-106.412409,48.360701],[-106.412255,48.361838],[-106.41463,48.362665],[-106.411708,48.363745],[-106.412078,48.364979],[-106.410925,48.366157],[-106.41076,48.367907],[-106.413113,48.368987],[-106.414994,48.371066],[-106.417294,48.369668],[-106.417606,48.372095],[-106.419471,48.373085],[-106.420152,48.375353],[-106.423242,48.374396],[-106.423791,48.375198],[-106.422507,48.376755],[-106.424194,48.377653],[-106.427757,48.377118],[-106.430935,48.377781],[-106.431642,48.378955],[-106.430539,48.380474],[-106.431749,48.381022],[-106.434663,48.385755],[-106.436219,48.389838],[-106.438455,48.390571],[-106.436353,48.391869],[-106.436528,48.392725],[-106.439545,48.393673],[-106.439043,48.395082],[-106.43915,48.398554],[-106.438697,48.400583],[-106.439408,48.402692],[-106.437532,48.403991],[-106.439911,48.405943],[-106.443359,48.406216],[-106.443942,48.408215],[-106.447345,48.408555],[-106.44877,48.409783],[-106.447428,48.410496],[-106.447204,48.41251],[-106.450468,48.414373],[-106.453188,48.418589],[-106.45201,48.420174],[-106.452834,48.421479],[-106.451426,48.422379],[-106.454169,48.422697],[-106.45667,48.425152],[-106.458018,48.42501],[-106.45965,48.426891],[-106.462649,48.427148],[-106.462683,48.429719],[-106.466463,48.430817],[-106.464695,48.431901],[-106.466256,48.433521],[-106.467959,48.433803],[-106.469789,48.435234],[-106.469856,48.43736],[-106.468028,48.438163],[-106.469782,48.439307],[-106.474489,48.43849],[-106.476295,48.43992],[-106.473601,48.441089],[-106.473623,48.441973],[-106.475841,48.442937],[-106.47756,48.442667],[-106.477374,48.444947],[-106.48062,48.4473],[-106.481174,48.448769],[-106.479077,48.449566],[-106.477587,48.448365],[-106.475032,48.448903],[-106.480252,48.451155],[-106.480492,48.453124],[-106.477806,48.453442],[-106.480568,48.454582],[-106.480018,48.455782],[-106.481461,48.457367],[-106.481157,48.458464],[-106.483356,48.456429],[-106.484551,48.45617],[-106.484389,48.458397],[-106.485898,48.459444],[-106.485207,48.460208],[-106.486369,48.460617],[-106.488714,48.459599],[-106.489553,48.461432],[-106.492274,48.462319],[-106.493471,48.463575],[-106.489897,48.467343],[-106.489847,48.46842],[-106.492158,48.468691],[-106.493256,48.470259],[-106.49211,48.470786],[-106.494737,48.474029],[-106.490193,48.474697],[-106.489972,48.47587],[-106.493551,48.479083],[-106.493877,48.4808],[-106.492297,48.480619],[-106.489649,48.482165],[-106.486456,48.481898],[-106.488355,48.483438],[-106.486089,48.485803],[-106.48642,48.487437],[-106.48963,48.488203],[-106.488106,48.490095],[-106.488214,48.492178],[-106.489352,48.49271],[-106.488004,48.494806],[-106.486881,48.494612],[-106.486273,48.496292],[-106.488304,48.497767],[-106.486943,48.498648],[-106.484822,48.498486],[-106.484081,48.499337],[-106.485431,48.500622],[-106.491157,48.500151],[-106.490648,48.502476],[-106.488127,48.503463],[-106.488976,48.505207],[-106.488069,48.506321],[-106.488517,48.507895],[-106.491786,48.509456],[-106.491218,48.510421],[-106.487512,48.51073],[-106.488359,48.512347],[-106.486482,48.511832],[-106.485096,48.512447],[-106.485263,48.514141],[-106.482811,48.514148],[-106.482177,48.515596],[-106.48557,48.516033],[-106.488922,48.5172],[-106.488981,48.518132],[-106.486966,48.517743],[-106.484541,48.519049],[-106.485507,48.519745],[-106.488957,48.5197],[-106.490009,48.52288],[-106.492412,48.523433],[-106.491646,48.525451],[-106.493867,48.525861],[-106.494108,48.527457],[-106.495695,48.528838],[-106.497114,48.527801],[-106.499838,48.528051],[-106.501739,48.526748],[-106.500916,48.53109],[-106.502177,48.533246],[-106.505313,48.534613],[-106.507522,48.537454],[-106.509092,48.536786],[-106.509784,48.538508],[-106.512425,48.539047],[-106.513357,48.540829],[-106.515007,48.541724],[-106.515822,48.544509],[-106.518374,48.544741],[-106.51748,48.547027],[-106.519247,48.547302],[-106.524523,48.549908],[-106.524406,48.551153],[-106.52941,48.552613],[-106.528575,48.55366],[-106.531953,48.554889],[-106.532076,48.556024],[-106.530143,48.556945],[-106.530832,48.558335],[-106.392318,48.558139],[-106.391997,48.606775],[-106.494184,48.606842],[-106.481591,48.618978],[-106.479769,48.621374],[-106.479234,48.623765],[-106.479185,48.664696],[-106.523097,48.664707],[-106.523001,48.644647],[-106.524598,48.642055],[-106.524534,48.64107],[-106.522933,48.637647],[-106.522975,48.634982],[-106.522933,48.606519],[-106.4989,48.606818],[-106.494533,48.606505],[-106.535832,48.566648],[-106.539323,48.567199],[-106.542022,48.568894],[-106.544588,48.568647],[-106.544269,48.634876],[-106.577931,48.634662],[-106.578471,48.635823],[-106.582947,48.637105],[-106.583551,48.638553],[-106.581078,48.639754],[-106.582865,48.639962],[-106.584446,48.641552],[-106.583785,48.642352],[-106.585316,48.643202],[-106.587552,48.646974],[-106.590076,48.647055],[-106.590275,48.649073],[-106.592353,48.650262],[-106.595365,48.650322],[-106.593621,48.65273],[-106.595805,48.652554],[-106.596973,48.654269],[-106.598131,48.652986],[-106.597372,48.655985],[-106.594633,48.65745],[-106.596195,48.659048],[-106.594907,48.659194],[-106.596084,48.660981],[-106.594529,48.661963],[-106.595192,48.663295],[-106.597253,48.664413],[-106.621401,48.664812],[-106.626314,48.663334],[-106.63208,48.664796],[-106.645741,48.664797],[-106.652111,48.664784],[-106.655122,48.664043],[-106.660705,48.661313],[-106.672905,48.657109],[-106.676467,48.655195],[-106.678936,48.653233],[-106.687313,48.655493],[-106.694843,48.658318],[-106.697789,48.658923],[-106.701331,48.656406],[-106.704914,48.654662],[-106.708464,48.654008],[-106.709464,48.651996],[-106.712286,48.650603],[-106.713594,48.651408],[-106.719121,48.65244],[-106.719761,48.650858],[-106.72332,48.648397],[-106.724288,48.647216],[-106.724267,48.641746],[-106.725583,48.640619],[-106.739393,48.640512],[-106.740309,48.641246],[-106.743281,48.641223],[-106.748993,48.6396],[-106.750568,48.63845],[-106.755456,48.633425],[-106.762546,48.629139],[-106.766141,48.624823],[-106.770873,48.621346],[-106.771989,48.619575],[-106.777365,48.613485],[-106.780055,48.611129],[-106.786997,48.603033],[-106.791446,48.600506],[-106.794007,48.599511],[-106.797146,48.595447],[-106.796686,48.590504],[-106.797706,48.585555],[-106.797523,48.582618],[-106.796179,48.5795],[-106.794976,48.573945],[-106.795848,48.571158],[-106.799142,48.568912],[-106.803051,48.568285],[-106.816265,48.563673],[-106.819555,48.561809],[-106.821084,48.559834],[-106.824237,48.55764],[-106.829399,48.552758],[-106.832213,48.551225],[-106.833657,48.549288],[-106.835445,48.548339],[-106.834671,48.546412],[-106.835528,48.54477],[-106.834986,48.542691],[-106.840286,48.537529],[-106.840532,48.534991],[-106.839136,48.533713],[-106.83769,48.530857],[-106.841065,48.527758],[-106.842046,48.525532],[-106.841583,48.524255],[-106.843068,48.522362],[-106.849536,48.517744],[-106.850789,48.51595],[-106.850622,48.513203],[-106.846443,48.508117],[-106.847003,48.506362],[-106.845979,48.505786],[-106.844576,48.504778],[-106.844435,48.503237],[-106.842182,48.502624],[-106.842057,48.501193],[-106.839071,48.494664],[-106.840192,48.492712],[-106.840957,48.489082],[-106.839016,48.485343],[-106.839428,48.48434],[-106.83791,48.482629],[-106.838453,48.480935],[-106.837379,48.477925],[-106.834501,48.476944],[-106.833824,48.474751],[-106.832859,48.474357],[-106.833682,48.472854],[-106.831489,48.471561],[-106.828213,48.466221],[-106.827191,48.465777],[-106.825615,48.461522],[-106.827494,48.461341],[-106.827675,48.459378],[-106.827345,48.457223],[-106.825544,48.456054],[-106.827165,48.455616],[-106.829332,48.452523],[-106.832465,48.450024],[-106.834669,48.449422],[-106.842381,48.450266],[-106.845073,48.451122],[-106.845348,48.408418],[-106.845117,48.406495],[-106.847837,48.407772],[-106.847926,48.405671],[-106.850102,48.404566],[-106.849983,48.364581],[-106.87144,48.364552],[-106.871392,48.350163],[-106.849525,48.350328],[-106.849247,48.264854],[-106.893746,48.264284],[-106.898526,48.264776],[-106.91398,48.264922],[-106.913991,48.238761],[-106.914205,48.23714],[-106.914349,48.221835],[-106.871005,48.22177],[-106.87102,48.175589],[-106.873594,48.175592],[-106.879125,48.174916],[-106.982833,48.175272],[-106.988787,48.175043],[-106.992518,48.175858],[-106.997108,48.174371],[-107.000624,48.172432],[-107.009913,48.172026],[-107.016078,48.168816],[-107.014349,48.166479],[-107.015876,48.165345],[-107.017362,48.162867],[-107.019182,48.162402],[-107.019683,48.160313],[-107.021356,48.159387],[-107.021669,48.157857],[-107.022161,48.157013],[-107.020098,48.154742],[-107.019634,48.150575],[-107.017611,48.149138],[-107.016695,48.147332],[-107.018836,48.144653],[-107.019287,48.139861],[-107.030752,48.123223],[-107.031496,48.121536],[-107.033785,48.107272],[-107.035679,48.106121],[-107.089024,48.102752],[-107.090501,48.10273],[-107.112002,48.104969],[-107.125043,48.107691],[-107.131097,48.110464],[-107.137138,48.11257],[-107.13883,48.112765],[-107.140739,48.112444],[-107.159802,48.107874],[-107.170373,48.10596],[-107.176315,48.106339],[-107.186073,48.108426],[-107.187718,48.10829],[-107.190487,48.106683],[-107.191595,48.104194],[-107.194925,48.101729],[-107.202189,48.094501],[-107.203319,48.092501],[-107.202185,48.090421],[-107.20364,48.089156],[-107.20645,48.084253],[-107.207512,48.079962],[-107.208979,48.077471],[-107.210409,48.076411],[-107.211182,48.074372],[-107.218061,48.074316],[-107.22132,48.071441],[-107.226886,48.069299],[-107.228772,48.067046],[-107.230961,48.065392],[-107.233874,48.064274],[-107.231747,48.06099],[-107.22966,48.058744],[-107.227089,48.05815],[-107.224936,48.053469],[-107.222256,48.050635],[-107.221402,48.04831],[-107.222445,48.045908],[-107.222187,48.044115],[-107.220271,48.041263],[-107.217734,48.040294],[-107.214988,48.036734],[-107.215633,48.036057],[-107.218361,48.035587],[-107.219664,48.033671],[-107.221379,48.033033],[-107.225404,48.0326],[-107.228302,48.031844],[-107.239018,48.032963],[-107.245876,48.034192],[-107.253585,48.033785],[-107.25611,48.032973],[-107.25612,48.031726],[-107.259762,48.029966],[-107.260182,48.0282],[-107.263621,48.025259],[-107.266898,48.023535],[-107.268162,48.020063],[-107.26747,48.019213],[-107.269591,48.016716],[-107.268132,48.016283],[-107.266316,48.013983],[-107.266299,48.011775],[-107.265217,48.009293],[-107.263048,48.008983],[-107.260478,48.007125],[-107.26175,48.005419],[-107.261398,48.004339],[-107.259099,48.002515],[-107.255742,48.000824],[-107.254908,47.998506],[-107.255476,47.996821],[-107.253584,47.995843],[-107.252117,47.992637],[-107.251061,47.991889],[-107.250473,47.989543],[-107.254172,47.987567],[-107.255408,47.985947],[-107.254653,47.984517],[-107.251838,47.981605],[-107.253692,47.978694],[-107.252952,47.977369],[-107.251602,47.97616],[-107.24718,47.973834],[-107.243248,47.972618],[-107.243317,47.970903],[-107.241815,47.968605],[-107.246672,47.964439],[-107.247917,47.962036],[-107.247832,47.959962],[-107.245974,47.957942],[-107.248596,47.95574],[-107.250555,47.952725],[-107.250619,47.949571],[-107.249776,47.94714],[-107.250351,47.945727],[-107.254041,47.943844],[-107.256318,47.942131],[-107.258656,47.941205],[-107.260921,47.938082],[-107.262183,47.935353],[-107.264868,47.931182],[-107.266906,47.929658],[-107.26483,47.927267],[-107.261632,47.926337],[-107.26088,47.922033],[-107.259281,47.921579],[-107.258717,47.919068],[-107.260703,47.917361],[-107.262168,47.914839],[-107.259777,47.911353],[-107.258591,47.908757],[-107.255583,47.904649],[-107.255268,47.901997],[-107.256346,47.896803],[-107.249581,47.896092],[-107.244091,47.894098],[-107.241494,47.892387],[-107.237278,47.891189],[-107.232934,47.888742],[-107.233678,47.888191],[-107.233443,47.884694],[-107.235399,47.880422],[-107.235589,47.876084],[-107.2379,47.874721],[-107.240449,47.874616],[-107.243712,47.875203],[-107.252153,47.878694],[-107.257229,47.87972],[-107.260171,47.878113],[-107.265741,47.876334],[-107.269486,47.87125],[-107.271392,47.865357],[-107.275807,47.864056],[-107.277572,47.864239],[-107.279506,47.865931],[-107.281815,47.865063],[-107.287349,47.864242],[-107.289997,47.864378],[-107.295497,47.865407],[-107.299062,47.864951],[-107.305564,47.859505],[-107.301212,47.857192],[-107.301453,47.854064],[-107.292535,47.848974],[-107.291589,47.845389],[-107.292677,47.843997],[-107.291084,47.843038],[-107.291085,47.841623],[-107.288612,47.838585],[-107.289431,47.83564],[-107.288855,47.833127],[-107.285702,47.8289],[-107.282311,47.826272],[-107.28082,47.822502],[-107.280788,47.820126],[-107.278788,47.818229],[-107.283976,47.819715],[-107.287402,47.819191],[-107.291133,47.819443],[-107.293102,47.817684],[-107.296766,47.815423],[-107.300497,47.814098],[-107.306263,47.813824],[-107.309959,47.814281],[-107.312945,47.813459],[-107.319492,47.813709],[-107.321141,47.80996],[-107.319729,47.808292],[-107.321771,47.807674],[-107.326436,47.808609],[-107.327967,47.807899],[-107.328285,47.805591],[-107.332442,47.803099],[-107.334076,47.802869],[-107.334321,47.801179],[-107.3363,47.799052],[-107.338581,47.797679],[-107.341713,47.796604],[-107.345664,47.797533],[-107.343414,47.79469],[-107.34427,47.793894],[-107.342744,47.792145],[-107.345095,47.788981],[-107.347935,47.790928],[-107.35605,47.791393],[-107.356278,47.793618],[-107.35884,47.794227],[-107.359512,47.795533],[-107.365784,47.79861],[-107.368828,47.799403],[-107.37079,47.800534],[-107.371565,47.803251],[-107.374387,47.804659],[-107.378269,47.803666],[-107.383555,47.802926],[-107.386383,47.803046],[-107.39169,47.802648],[-107.396334,47.801344],[-107.399229,47.799721],[-107.401669,47.801116],[-107.404485,47.80066],[-107.411095,47.803425],[-107.414372,47.804026]],[[-106.563589,48.382565],[-106.563592,48.383967],[-106.563379,48.407765],[-106.531244,48.407727],[-106.527958,48.406943],[-106.524456,48.41099],[-106.522097,48.409124],[-106.516514,48.40698],[-106.521887,48.400809],[-106.526158,48.402446],[-106.528108,48.400195],[-106.53238,48.401865],[-106.533744,48.400193],[-106.536786,48.401991],[-106.542042,48.403879],[-106.54396,48.400348],[-106.546384,48.398196],[-106.542542,48.39706],[-106.541441,48.394095],[-106.543204,48.392289],[-106.545628,48.385323],[-106.550032,48.383656],[-106.552106,48.384068],[-106.563589,48.382565]]]]}},{"type":"Feature","properties":{"zcta5":"59241","AFFGEOID10":"8600000US59241","GEOID10":"59241","ALAND10":3424636328,"AWATER10":6717972,"county_name":"Valley","state_code":"MT","county_state":"Valley County, MT","county_fips":"30105","risk_level_county":"Lower Risk (80–84% vaccinated)","mean_vaccination_rate_county":80.91,"risk_level_zcta":"Lowest Risk (85%+)","mean_vaccination_rate_zips":89.24,"cases":36},"geometry":{"type":"Polygon","coordinates":[[[-107.28966,48.304832],[-107.369252,48.305163],[-107.36973,48.218373],[-107.404513,48.21844],[-107.404676,47.870509],[-107.4144,47.870513],[-107.414372,47.804026],[-107.411095,47.803425],[-107.404485,47.80066],[-107.401669,47.801116],[-107.399229,47.799721],[-107.396334,47.801344],[-107.39169,47.802648],[-107.386383,47.803046],[-107.383555,47.802926],[-107.378269,47.803666],[-107.374387,47.804659],[-107.371565,47.803251],[-107.37079,47.800534],[-107.368828,47.799403],[-107.365784,47.79861],[-107.359512,47.795533],[-107.35884,47.794227],[-107.356278,47.793618],[-107.35605,47.791393],[-107.347935,47.790928],[-107.345095,47.788981],[-107.342744,47.792145],[-107.34427,47.793894],[-107.343414,47.79469],[-107.345664,47.797533],[-107.341713,47.796604],[-107.338581,47.797679],[-107.3363,47.799052],[-107.334321,47.801179],[-107.334076,47.802869],[-107.332442,47.803099],[-107.328285,47.805591],[-107.327967,47.807899],[-107.326436,47.808609],[-107.321771,47.807674],[-107.319729,47.808292],[-107.321141,47.80996],[-107.319492,47.813709],[-107.312945,47.813459],[-107.309959,47.814281],[-107.306263,47.813824],[-107.300497,47.814098],[-107.296766,47.815423],[-107.293102,47.817684],[-107.291133,47.819443],[-107.287402,47.819191],[-107.283976,47.819715],[-107.278788,47.818229],[-107.280788,47.820126],[-107.28082,47.822502],[-107.282311,47.826272],[-107.285702,47.8289],[-107.288855,47.833127],[-107.289431,47.83564],[-107.288612,47.838585],[-107.291085,47.841623],[-107.291084,47.843038],[-107.292677,47.843997],[-107.291589,47.845389],[-107.292535,47.848974],[-107.301453,47.854064],[-107.301212,47.857192],[-107.305564,47.859505],[-107.299062,47.864951],[-107.295497,47.865407],[-107.289997,47.864378],[-107.287349,47.864242],[-107.281815,47.865063],[-107.279506,47.865931],[-107.277572,47.864239],[-107.275807,47.864056],[-107.271392,47.865357],[-107.269486,47.87125],[-107.265741,47.876334],[-107.260171,47.878113],[-107.257229,47.87972],[-107.252153,47.878694],[-107.243712,47.875203],[-107.240449,47.874616],[-107.2379,47.874721],[-107.235589,47.876084],[-107.235399,47.880422],[-107.233443,47.884694],[-107.233678,47.888191],[-107.232934,47.888742],[-107.237278,47.891189],[-107.241494,47.892387],[-107.244091,47.894098],[-107.249581,47.896092],[-107.256346,47.896803],[-107.255268,47.901997],[-107.255583,47.904649],[-107.258591,47.908757],[-107.259777,47.911353],[-107.262168,47.914839],[-107.260703,47.917361],[-107.258717,47.919068],[-107.259281,47.921579],[-107.26088,47.922033],[-107.261632,47.926337],[-107.26483,47.927267],[-107.266906,47.929658],[-107.264868,47.931182],[-107.262183,47.935353],[-107.260921,47.938082],[-107.258656,47.941205],[-107.256318,47.942131],[-107.254041,47.943844],[-107.250351,47.945727],[-107.249776,47.94714],[-107.250619,47.949571],[-107.250555,47.952725],[-107.248596,47.95574],[-107.245974,47.957942],[-107.247832,47.959962],[-107.247917,47.962036],[-107.246672,47.964439],[-107.241815,47.968605],[-107.243317,47.970903],[-107.243248,47.972618],[-107.24718,47.973834],[-107.251602,47.97616],[-107.252952,47.977369],[-107.253692,47.978694],[-107.251838,47.981605],[-107.254653,47.984517],[-107.255408,47.985947],[-107.254172,47.987567],[-107.250473,47.989543],[-107.251061,47.991889],[-107.252117,47.992637],[-107.253584,47.995843],[-107.255476,47.996821],[-107.254908,47.998506],[-107.255742,48.000824],[-107.259099,48.002515],[-107.261398,48.004339],[-107.26175,48.005419],[-107.260478,48.007125],[-107.263048,48.008983],[-107.265217,48.009293],[-107.266299,48.011775],[-107.266316,48.013983],[-107.268132,48.016283],[-107.269591,48.016716],[-107.26747,48.019213],[-107.268162,48.020063],[-107.266898,48.023535],[-107.263621,48.025259],[-107.260182,48.0282],[-107.259762,48.029966],[-107.25612,48.031726],[-107.25611,48.032973],[-107.253585,48.033785],[-107.245876,48.034192],[-107.239018,48.032963],[-107.228302,48.031844],[-107.225404,48.0326],[-107.221379,48.033033],[-107.219664,48.033671],[-107.218361,48.035587],[-107.215633,48.036057],[-107.214988,48.036734],[-107.217734,48.040294],[-107.220271,48.041263],[-107.222187,48.044115],[-107.222445,48.045908],[-107.221402,48.04831],[-107.222256,48.050635],[-107.224936,48.053469],[-107.227089,48.05815],[-107.22966,48.058744],[-107.231747,48.06099],[-107.233874,48.064274],[-107.230961,48.065392],[-107.228772,48.067046],[-107.226886,48.069299],[-107.22132,48.071441],[-107.218061,48.074316],[-107.211182,48.074372],[-107.210409,48.076411],[-107.208979,48.077471],[-107.207512,48.079962],[-107.20645,48.084253],[-107.20364,48.089156],[-107.202185,48.090421],[-107.203319,48.092501],[-107.202189,48.094501],[-107.194925,48.101729],[-107.191595,48.104194],[-107.190487,48.106683],[-107.187718,48.10829],[-107.186073,48.108426],[-107.176315,48.106339],[-107.170373,48.10596],[-107.159802,48.107874],[-107.140739,48.112444],[-107.13883,48.112765],[-107.137138,48.11257],[-107.131097,48.110464],[-107.125043,48.107691],[-107.112002,48.104969],[-107.090501,48.10273],[-107.089024,48.102752],[-107.035679,48.106121],[-107.033785,48.107272],[-107.031496,48.121536],[-107.030752,48.123223],[-107.019287,48.139861],[-107.018836,48.144653],[-107.016695,48.147332],[-107.017611,48.149138],[-107.019634,48.150575],[-107.020098,48.154742],[-107.022161,48.157013],[-107.021669,48.157857],[-107.021356,48.159387],[-107.019683,48.160313],[-107.019182,48.162402],[-107.017362,48.162867],[-107.015876,48.165345],[-107.014349,48.166479],[-107.016078,48.168816],[-107.009913,48.172026],[-107.000624,48.172432],[-106.997108,48.174371],[-106.992518,48.175858],[-106.988787,48.175043],[-106.982833,48.175272],[-106.879125,48.174916],[-106.873594,48.175592],[-106.87102,48.175589],[-106.871005,48.22177],[-106.914349,48.221835],[-106.914205,48.23714],[-106.913991,48.238761],[-106.91398,48.264922],[-106.898526,48.264776],[-106.893746,48.264284],[-106.849247,48.264854],[-106.849525,48.350328],[-106.871392,48.350163],[-106.87144,48.364552],[-106.849983,48.364581],[-106.850102,48.404566],[-106.847926,48.405671],[-106.847837,48.407772],[-106.845117,48.406495],[-106.845348,48.408418],[-106.845073,48.451122],[-106.842381,48.450266],[-106.834669,48.449422],[-106.832465,48.450024],[-106.829332,48.452523],[-106.827165,48.455616],[-106.825544,48.456054],[-106.827345,48.457223],[-106.827675,48.459378],[-106.827494,48.461341],[-106.825615,48.461522],[-106.827191,48.465777],[-106.828213,48.466221],[-106.831489,48.471561],[-106.833682,48.472854],[-106.832859,48.474357],[-106.833824,48.474751],[-106.834501,48.476944],[-106.837379,48.477925],[-106.838453,48.480935],[-106.83791,48.482629],[-106.839428,48.48434],[-106.839016,48.485343],[-106.840957,48.489082],[-106.840192,48.492712],[-106.839071,48.494664],[-106.842057,48.501193],[-106.842182,48.502624],[-106.844435,48.503237],[-106.844576,48.504778],[-106.845979,48.505786],[-106.847003,48.506362],[-106.846443,48.508117],[-106.850622,48.513203],[-106.850789,48.51595],[-106.849536,48.517744],[-106.843068,48.522362],[-106.841583,48.524255],[-106.842046,48.525532],[-106.841065,48.527758],[-106.83769,48.530857],[-106.839136,48.533713],[-106.840532,48.534991],[-106.840286,48.537529],[-106.834986,48.542691],[-106.835528,48.54477],[-106.834671,48.546412],[-106.835445,48.548339],[-106.833657,48.549288],[-106.832213,48.551225],[-106.829399,48.552758],[-106.824237,48.55764],[-106.821084,48.559834],[-106.819555,48.561809],[-106.816265,48.563673],[-106.803051,48.568285],[-106.799142,48.568912],[-106.795848,48.571158],[-106.794976,48.573945],[-106.796179,48.5795],[-106.797523,48.582618],[-106.797706,48.585555],[-106.796686,48.590504],[-106.797146,48.595447],[-106.794007,48.599511],[-106.791446,48.600506],[-106.786997,48.603033],[-106.780055,48.611129],[-106.777365,48.613485],[-106.771989,48.619575],[-106.770873,48.621346],[-106.766141,48.624823],[-106.762546,48.629139],[-106.755456,48.633425],[-106.750568,48.63845],[-106.748993,48.6396],[-106.743281,48.641223],[-106.740309,48.641246],[-106.739393,48.640512],[-106.725583,48.640619],[-106.724267,48.641746],[-106.724288,48.647216],[-106.72332,48.648397],[-106.719761,48.650858],[-106.719121,48.65244],[-106.713594,48.651408],[-106.712286,48.650603],[-106.709464,48.651996],[-106.708464,48.654008],[-106.704914,48.654662],[-106.701331,48.656406],[-106.697789,48.658923],[-106.694843,48.658318],[-106.687313,48.655493],[-106.678936,48.653233],[-106.676467,48.655195],[-106.672905,48.657109],[-106.660705,48.661313],[-106.655122,48.664043],[-106.652111,48.664784],[-106.645741,48.664797],[-106.646916,48.670351],[-106.64633,48.67346],[-106.644054,48.676774],[-106.642157,48.680749],[-106.63795,48.683149],[-106.634732,48.68674],[-106.635481,48.690492],[-106.632167,48.693709],[-106.675939,48.693719],[-106.678288,48.812301],[-106.678213,48.813453],[-106.678947,48.854806],[-106.679997,48.858173],[-106.68001,48.912386],[-106.696208,48.912547],[-106.697525,48.912821],[-106.705322,48.910764],[-106.712356,48.912431],[-106.756408,48.912394],[-106.758341,48.915263],[-106.760015,48.913624],[-106.760687,48.915291],[-106.763789,48.916055],[-106.766119,48.915096],[-106.768332,48.915037],[-106.769682,48.912784],[-106.770812,48.913442],[-106.772541,48.915784],[-106.773324,48.91449],[-106.774038,48.915472],[-106.776002,48.915269],[-106.773539,48.91619],[-106.77491,48.918372],[-106.778071,48.9189],[-106.776847,48.919486],[-106.779184,48.92072],[-106.778186,48.921433],[-106.780773,48.921225],[-106.781107,48.919992],[-106.783312,48.918386],[-106.784261,48.920903],[-106.78364,48.922963],[-106.783215,48.937429],[-106.783451,48.939082],[-106.784295,48.939408],[-106.799399,48.9395],[-106.80495,48.939018],[-106.812333,48.939097],[-106.818642,48.940512],[-106.820941,48.941468],[-106.822889,48.948647],[-106.822136,48.951828],[-106.822094,48.955771],[-106.824349,48.959352],[-106.82522,48.962893],[-106.827128,48.964718],[-106.835482,48.967859],[-106.839059,48.970503],[-106.839011,48.967367],[-106.842,48.96661],[-106.844782,48.967992],[-106.846153,48.966286],[-106.844098,48.965705],[-106.844497,48.964734],[-106.848038,48.964727],[-106.848652,48.963535],[-106.851002,48.961685],[-106.851134,48.959467],[-106.852244,48.957982],[-106.855257,48.957751],[-106.855603,48.956894],[-106.860286,48.957305],[-106.861093,48.956641],[-106.86115,48.955802],[-106.859134,48.954953],[-106.86034,48.953045],[-106.861755,48.952787],[-106.861795,48.951591],[-106.856783,48.950811],[-106.856591,48.949481],[-106.860885,48.949402],[-106.863241,48.948175],[-106.864014,48.945798],[-106.85761,48.945124],[-106.856105,48.943813],[-106.858023,48.94128],[-106.854192,48.940511],[-106.854426,48.93928],[-106.856589,48.93889],[-106.85569,48.93733],[-106.85792,48.935628],[-106.86108,48.935467],[-106.861359,48.932425],[-106.862973,48.933087],[-106.865392,48.932066],[-106.868374,48.931681],[-106.869238,48.93102],[-106.869873,48.929177],[-106.866313,48.926956],[-106.86662,48.925963],[-106.869482,48.925775],[-106.871007,48.924823],[-106.870635,48.92305],[-106.868281,48.923127],[-106.867123,48.922372],[-106.867689,48.920694],[-106.869588,48.919846],[-106.870059,48.91881],[-106.868716,48.917703],[-106.865969,48.917056],[-106.867224,48.915206],[-106.870402,48.915249],[-106.871723,48.913987],[-106.875754,48.913567],[-106.877136,48.913979],[-106.877486,48.915221],[-106.881256,48.915279],[-106.882193,48.914779],[-106.880116,48.912662],[-106.876514,48.913084],[-106.874712,48.912238],[-106.875104,48.910838],[-106.876433,48.909886],[-106.879503,48.910024],[-106.881289,48.909431],[-106.886479,48.91097],[-106.888802,48.909674],[-106.888738,48.908164],[-106.8869,48.907007],[-106.883566,48.907014],[-106.88011,48.905799],[-106.880424,48.904718],[-106.881465,48.904155],[-106.884083,48.904725],[-106.887866,48.904828],[-106.892263,48.904116],[-106.896191,48.901954],[-106.898973,48.901617],[-106.903605,48.901832],[-106.903813,48.901059],[-106.901112,48.899106],[-106.900976,48.897685],[-106.903235,48.896662],[-106.905819,48.897846],[-106.907972,48.897758],[-106.909628,48.895846],[-106.908703,48.893674],[-106.901264,48.892727],[-106.900135,48.892195],[-106.900761,48.89001],[-106.904652,48.890361],[-106.907907,48.889962],[-106.9093,48.888703],[-106.908419,48.887395],[-106.905518,48.887325],[-106.903211,48.884737],[-106.900943,48.88283],[-106.900735,48.880405],[-106.904314,48.879981],[-106.914731,48.879967],[-106.916847,48.879584],[-106.920538,48.877241],[-106.921134,48.876155],[-106.921572,48.872775],[-106.941583,48.872683],[-106.943078,48.872299],[-106.943409,48.871324],[-106.943364,48.861113],[-106.945318,48.859331],[-106.950716,48.857871],[-106.961783,48.856376],[-106.971369,48.856231],[-106.983121,48.857984],[-106.985573,48.858198],[-107.005822,48.85819],[-107.008136,48.858054],[-107.018894,48.856412],[-107.026039,48.855743],[-107.028847,48.859684],[-107.029168,48.861071],[-107.028288,48.865352],[-107.029468,48.866769],[-107.029961,48.870563],[-107.02892,48.88151],[-107.030914,48.884639],[-107.033071,48.886126],[-107.034673,48.888113],[-107.035343,48.89476],[-107.035078,48.896158],[-107.031885,48.900634],[-107.032218,48.902266],[-107.036108,48.90666],[-107.035688,48.908229],[-107.032897,48.910323],[-107.031744,48.91176],[-107.031389,48.913899],[-107.0297,48.916286],[-107.026835,48.91864],[-107.025978,48.920318],[-107.025872,48.932947],[-107.027994,48.936718],[-107.028721,48.939871],[-107.030659,48.942408],[-107.032473,48.942995],[-107.036028,48.943141],[-107.044245,48.946023],[-107.047522,48.948628],[-107.052707,48.951465],[-107.056086,48.953034],[-107.057488,48.95666],[-107.059177,48.957582],[-107.062105,48.961534],[-107.064881,48.964501],[-107.067115,48.965825],[-107.06846,48.967385],[-107.068059,48.969399],[-107.069216,48.971157],[-107.073514,48.974982],[-107.079058,48.980866],[-107.079432,48.982345],[-107.077113,48.98613],[-107.077718,48.987658],[-107.07972,48.98949],[-107.085972,48.992565],[-107.087201,48.993406],[-107.092347,48.992039],[-107.095089,48.991874],[-107.098813,48.989506],[-107.103147,48.990029],[-107.11082,48.989243],[-107.110692,48.987377],[-107.11717,48.985055],[-107.124792,48.985012],[-107.127263,48.984007],[-107.128605,48.984052],[-107.133651,48.98155],[-107.136813,48.981135],[-107.139045,48.978649],[-107.140012,48.976908],[-107.139921,48.973853],[-107.141161,48.970508],[-107.143204,48.969667],[-107.147106,48.969035],[-107.150008,48.969346],[-107.15264,48.970529],[-107.153574,48.969607],[-107.153767,48.967346],[-107.153374,48.960739],[-107.150936,48.952779],[-107.151517,48.950659],[-107.153205,48.949275],[-107.152815,48.944627],[-107.154219,48.938836],[-107.157373,48.933935],[-107.157521,48.930849],[-107.159225,48.929155],[-107.158924,48.926916],[-107.159467,48.92374],[-107.157324,48.921124],[-107.157999,48.919151],[-107.155406,48.916489],[-107.152853,48.912725],[-107.156725,48.913396],[-107.160012,48.915233],[-107.164468,48.919755],[-107.168915,48.923669],[-107.174611,48.926066],[-107.17982,48.927146],[-107.179823,48.912668],[-107.206032,48.91271],[-107.206128,48.775229],[-107.206166,48.750936],[-107.206316,48.56817],[-107.192709,48.568113],[-107.192691,48.509402],[-107.195935,48.509515],[-107.19764,48.510367],[-107.200089,48.510595],[-107.201514,48.509475],[-107.202519,48.451382],[-107.197856,48.450294],[-107.193863,48.448766],[-107.188839,48.445655],[-107.187009,48.443972],[-107.172915,48.428775],[-107.170423,48.419768],[-107.171885,48.421002],[-107.173809,48.421582],[-107.177197,48.420433],[-107.180879,48.420539],[-107.184973,48.419049],[-107.187092,48.420115],[-107.186331,48.421854],[-107.182757,48.423218],[-107.180967,48.425126],[-107.184811,48.428846],[-107.186107,48.429161],[-107.190183,48.428779],[-107.190269,48.427396],[-107.188099,48.426043],[-107.186983,48.424301],[-107.187326,48.422698],[-107.191083,48.420516],[-107.195251,48.420182],[-107.197194,48.42108],[-107.196287,48.423374],[-107.198196,48.42422],[-107.199428,48.422548],[-107.199278,48.421382],[-107.201076,48.418788],[-107.200972,48.416871],[-107.203695,48.416801],[-107.205686,48.417982],[-107.20558,48.419455],[-107.209839,48.416982],[-107.211513,48.41802],[-107.212676,48.416709],[-107.214334,48.416853],[-107.214361,48.415645],[-107.217801,48.415991],[-107.220611,48.415071],[-107.227967,48.414312],[-107.236628,48.412322],[-107.240325,48.41181],[-107.251887,48.410705],[-107.260471,48.408734],[-107.268124,48.405653],[-107.271461,48.398572],[-107.271143,48.394447],[-107.271819,48.39393],[-107.269637,48.394085],[-107.260279,48.39408],[-107.260458,48.304768],[-107.28966,48.304832]]]}},{"type":"Feature","properties":{"zcta5":"59248","AFFGEOID10":"8600000US59248","GEOID10":"59248","ALAND10":1529648869,"AWATER10":12181729,"county_name":"Valley","state_code":"MT","county_state":"Valley County, MT","county_fips":"30105","risk_level_county":"Lower Risk (80–84% vaccinated)","mean_vaccination_rate_county":80.91,"risk_level_zcta":"Lowest Risk (85%+)","mean_vaccination_rate_zips":87.12,"cases":36},"geometry":{"type":"MultiPolygon","coordinates":[[[[-106.493551,48.479083],[-106.489972,48.47587],[-106.490193,48.474697],[-106.494737,48.474029],[-106.49211,48.470786],[-106.493256,48.470259],[-106.492158,48.468691],[-106.489847,48.46842],[-106.489897,48.467343],[-106.493471,48.463575],[-106.492274,48.462319],[-106.489553,48.461432],[-106.488714,48.459599],[-106.486369,48.460617],[-106.485207,48.460208],[-106.485898,48.459444],[-106.484389,48.458397],[-106.484551,48.45617],[-106.483356,48.456429],[-106.481157,48.458464],[-106.481461,48.457367],[-106.480018,48.455782],[-106.480568,48.454582],[-106.477806,48.453442],[-106.480492,48.453124],[-106.480252,48.451155],[-106.475032,48.448903],[-106.477587,48.448365],[-106.479077,48.449566],[-106.481174,48.448769],[-106.48062,48.4473],[-106.477374,48.444947],[-106.47756,48.442667],[-106.475841,48.442937],[-106.473623,48.441973],[-106.473601,48.441089],[-106.476295,48.43992],[-106.474489,48.43849],[-106.469782,48.439307],[-106.468028,48.438163],[-106.469856,48.43736],[-106.469789,48.435234],[-106.467959,48.433803],[-106.466256,48.433521],[-106.464695,48.431901],[-106.466463,48.430817],[-106.462683,48.429719],[-106.462649,48.427148],[-106.45965,48.426891],[-106.458018,48.42501],[-106.45667,48.425152],[-106.454169,48.422697],[-106.451426,48.422379],[-106.452834,48.421479],[-106.45201,48.420174],[-106.453188,48.418589],[-106.450468,48.414373],[-106.447204,48.41251],[-106.447428,48.410496],[-106.44877,48.409783],[-106.447345,48.408555],[-106.443942,48.408215],[-106.443359,48.406216],[-106.439911,48.405943],[-106.437532,48.403991],[-106.439408,48.402692],[-106.438697,48.400583],[-106.43915,48.398554],[-106.439043,48.395082],[-106.439545,48.393673],[-106.436528,48.392725],[-106.436353,48.391869],[-106.438455,48.390571],[-106.436219,48.389838],[-106.434663,48.385755],[-106.431749,48.381022],[-106.430539,48.380474],[-106.431642,48.378955],[-106.430935,48.377781],[-106.427757,48.377118],[-106.424194,48.377653],[-106.422507,48.376755],[-106.423791,48.375198],[-106.423242,48.374396],[-106.420152,48.375353],[-106.419471,48.373085],[-106.417606,48.372095],[-106.417294,48.369668],[-106.414994,48.371066],[-106.413113,48.368987],[-106.41076,48.367907],[-106.410925,48.366157],[-106.412078,48.364979],[-106.411708,48.363745],[-106.41463,48.362665],[-106.412255,48.361838],[-106.412409,48.360701],[-106.410227,48.359776],[-106.410592,48.357701],[-106.409527,48.356673],[-106.404314,48.357979],[-106.403261,48.357047],[-106.405228,48.356203],[-106.404734,48.355266],[-106.405573,48.35289],[-106.409394,48.351603],[-106.408753,48.35062],[-106.40626,48.349831],[-106.407314,48.34868],[-106.404739,48.347851],[-106.40427,48.345617],[-106.401244,48.345181],[-106.402874,48.344264],[-106.403213,48.341698],[-106.399085,48.340534],[-106.397409,48.339602],[-106.397104,48.338351],[-106.400499,48.337758],[-106.401243,48.336697],[-106.398247,48.335294],[-106.398318,48.333365],[-106.399995,48.333093],[-106.400083,48.33071],[-106.402753,48.32868],[-106.402088,48.327566],[-106.400401,48.328405],[-106.398042,48.326699],[-106.400535,48.324862],[-106.399822,48.322921],[-106.401484,48.320936],[-106.399535,48.320563],[-106.398279,48.31878],[-106.395394,48.316827],[-106.395124,48.31567],[-106.397213,48.313815],[-106.399821,48.31374],[-106.402945,48.312366],[-106.400975,48.311333],[-106.4028,48.308746],[-106.404542,48.308555],[-106.40454,48.306435],[-106.407119,48.305622],[-106.403625,48.302879],[-106.403167,48.300214],[-106.405551,48.299342],[-106.403949,48.297952],[-106.404131,48.296606],[-106.405841,48.295904],[-106.402089,48.289827],[-106.405401,48.288759],[-106.405879,48.287163],[-106.403859,48.28625],[-106.403859,48.284393],[-106.405007,48.283641],[-106.411338,48.281725],[-106.409055,48.27975],[-106.408892,48.277134],[-106.405716,48.273638],[-106.408386,48.272229],[-106.410324,48.271914],[-106.411201,48.270167],[-106.410014,48.268815],[-106.408808,48.265251],[-106.409006,48.263924],[-106.404819,48.262075],[-106.404294,48.261126],[-106.407613,48.259487],[-106.406973,48.258198],[-106.402637,48.257703],[-106.401431,48.256277],[-106.397851,48.255091],[-106.397,48.251444],[-106.399793,48.25036],[-106.40015,48.24932],[-106.397551,48.244981],[-106.399432,48.243682],[-106.398891,48.242393],[-106.396855,48.242623],[-106.394144,48.243828],[-106.391778,48.243684],[-106.392102,48.241755],[-106.393558,48.240161],[-106.392892,48.239358],[-106.39319,48.236819],[-106.392452,48.235958],[-106.389973,48.235447],[-106.387247,48.235896],[-106.385302,48.234581],[-106.386883,48.230883],[-106.386318,48.2292],[-106.39048,48.228044],[-106.388307,48.226585],[-106.387488,48.224862],[-106.384617,48.222722],[-106.384742,48.22156],[-106.388551,48.219741],[-106.388725,48.218535],[-106.383736,48.217507],[-106.382704,48.216503],[-106.383397,48.214782],[-106.379992,48.212581],[-106.383177,48.210635],[-106.383458,48.209133],[-106.381941,48.208178],[-106.383517,48.207378],[-106.382813,48.205743],[-106.38533,48.205735],[-106.387997,48.204412],[-106.489871,48.204664],[-106.489747,48.178759],[-106.490624,48.174521],[-106.489715,48.172086],[-106.489865,48.163505],[-106.51143,48.163234],[-106.511619,48.151359],[-106.509839,48.150863],[-106.508772,48.144336],[-106.50924,48.139675],[-106.510641,48.133261],[-106.511678,48.131747],[-106.511756,48.102858],[-106.538464,48.102808],[-106.539835,48.103146],[-106.542313,48.1058],[-106.545663,48.106335],[-106.553694,48.106421],[-106.554946,48.107018],[-106.555143,48.116036],[-106.55642,48.117221],[-106.598342,48.117165],[-106.598156,48.07577],[-106.598034,48.074602],[-106.596318,48.072497],[-106.576554,48.058311],[-106.576456,48.044688],[-106.58034,48.044665],[-106.580781,48.0419],[-106.587185,48.041716],[-106.587178,48.030086],[-106.554792,48.03005],[-106.55502,48.05929],[-106.511767,48.059325],[-106.490095,48.036266],[-106.490087,48.000716],[-106.484395,48.000854],[-106.480803,48.000427],[-106.472174,48.005016],[-106.46303,48.00682],[-106.462263,48.005984],[-106.455397,48.007946],[-106.450536,48.00844],[-106.450596,48.009828],[-106.453022,48.013946],[-106.451611,48.015682],[-106.44643,48.015423],[-106.444602,48.014737],[-106.443707,48.013103],[-106.441919,48.013619],[-106.442219,48.010984],[-106.440764,48.011218],[-106.44425,48.010035],[-106.442696,48.006858],[-106.444826,48.005659],[-106.448124,48.005413],[-106.449252,48.00327],[-106.452885,48.000755],[-106.450135,48.001206],[-106.429487,48.005238],[-106.423669,48.006948],[-106.423668,48.011288],[-106.425223,48.01495],[-106.427724,48.017226],[-106.42987,48.018282],[-106.430477,48.019718],[-106.430075,48.021294],[-106.427867,48.02453],[-106.425607,48.025012],[-106.424285,48.026294],[-106.421814,48.032582],[-106.421732,48.034474],[-106.417795,48.04292],[-106.41669,48.044091],[-106.41436,48.045221],[-106.413158,48.046516],[-106.412073,48.048975],[-106.408562,48.052744],[-106.407645,48.05518],[-106.405871,48.057073],[-106.401563,48.060081],[-106.400605,48.061921],[-106.394163,48.064726],[-106.388378,48.063862],[-106.383713,48.063743],[-106.380373,48.063019],[-106.375587,48.062761],[-106.373618,48.062353],[-106.368786,48.059954],[-106.367153,48.058314],[-106.366001,48.056098],[-106.365819,48.053844],[-106.366347,48.049651],[-106.366098,48.04838],[-106.363704,48.046508],[-106.355826,48.044366],[-106.351468,48.043759],[-106.347648,48.043745],[-106.343813,48.044302],[-106.338655,48.046077],[-106.328666,48.05192],[-106.325062,48.053451],[-106.321439,48.05544],[-106.317201,48.055581],[-106.313537,48.054887],[-106.307769,48.052234],[-106.305315,48.05009],[-106.303243,48.045543],[-106.3032,48.043537],[-106.300974,48.041376],[-106.296722,48.040533],[-106.293308,48.040425],[-106.289788,48.041301],[-106.28555,48.0453],[-106.281996,48.046265],[-106.275605,48.046578],[-106.272484,48.046106],[-106.269613,48.04477],[-106.26425,48.040113],[-106.261614,48.038413],[-106.253646,48.035625],[-106.247493,48.032247],[-106.2448,48.029943],[-106.234832,48.027188],[-106.229302,48.026416],[-106.221736,48.026613],[-106.212686,48.026279],[-106.210582,48.026612],[-106.204137,48.026537],[-106.199714,48.027151],[-106.189424,48.029087],[-106.180825,48.029456],[-106.175304,48.027796],[-106.171978,48.028035],[-106.167464,48.029443],[-106.165716,48.029352],[-106.157263,48.030589],[-106.15458,48.030552],[-106.150722,48.031034],[-106.145789,48.029838],[-106.140298,48.030953],[-106.136583,48.03199],[-106.131861,48.032486],[-106.12941,48.03225],[-106.126146,48.030983],[-106.12271,48.028242],[-106.122203,48.027106],[-106.12287,48.024162],[-106.124493,48.021462],[-106.128036,48.01879],[-106.134953,48.01659],[-106.13627,48.01567],[-106.140678,48.014189],[-106.143,48.012757],[-106.14569,48.009544],[-106.1452,48.007503],[-106.141955,48.006406],[-106.131679,48.005924],[-106.125577,48.00474],[-106.119878,48.004067],[-106.112809,48.005215],[-106.108337,48.006233],[-106.10771,48.08531],[-106.10215,48.086056],[-106.107666,48.090908],[-106.107516,48.114228],[-106.102075,48.115933],[-106.102081,48.152476],[-106.107215,48.153846],[-106.107236,48.163104],[-106.102085,48.16562],[-106.102127,48.193586],[-106.107833,48.193045],[-106.108054,48.206893],[-106.102121,48.207149],[-106.10213,48.219085],[-106.06472,48.219123],[-106.064615,48.302194],[-106.068826,48.303445],[-106.072626,48.305867],[-106.078916,48.305854],[-106.079617,48.308402],[-106.079415,48.311829],[-106.07765,48.317773],[-106.078419,48.323006],[-106.079485,48.324469],[-106.081195,48.324971],[-106.080804,48.326478],[-106.078972,48.327687],[-106.080379,48.330315],[-106.077317,48.329313],[-106.072184,48.330942],[-106.068129,48.330896],[-106.065157,48.331581],[-106.06456,48.467325],[-106.064384,48.516511],[-106.059936,48.516319],[-106.057244,48.515475],[-106.053096,48.515017],[-106.050072,48.513186],[-106.038043,48.511886],[-106.03148,48.510284],[-106.024923,48.508431],[-106.000038,48.508402],[-106.000117,48.561058],[-105.999343,48.563236],[-106.01982,48.563221],[-106.02131,48.563424],[-106.021898,48.561696],[-106.021897,48.551823],[-106.084493,48.55181],[-106.088989,48.551055],[-106.098418,48.551789],[-106.100515,48.552199],[-106.106331,48.55416],[-106.107363,48.554197],[-106.115102,48.551836],[-106.194334,48.551868],[-106.194257,48.522929],[-106.216171,48.523021],[-106.216187,48.509198],[-106.217006,48.50854],[-106.238036,48.508514],[-106.238113,48.47964],[-106.493375,48.479897],[-106.493551,48.479083]]],[[[-106.493423,48.000605],[-106.496135,48.000947],[-106.53886,48.001016],[-106.539912,48.001776],[-106.545392,48.003971],[-106.549921,48.004703],[-106.554552,48.00436],[-106.556561,48.005274],[-106.559216,48.008291],[-106.563881,48.010804],[-106.573484,48.010849],[-106.576106,48.009364],[-106.577571,48.006928],[-106.578865,48.006419],[-106.580432,48.004235],[-106.579444,48.002994],[-106.580145,48.000493],[-106.583122,47.997323],[-106.58429,47.995476],[-106.590713,47.99578],[-106.593978,47.995422],[-106.597274,47.995854],[-106.599227,47.995402],[-106.602074,47.996495],[-106.605335,47.997129],[-106.609946,47.9959],[-106.611235,47.994532],[-106.61096,47.993259],[-106.611972,47.990412],[-106.609067,47.98629],[-106.609198,47.984209],[-106.607396,47.98189],[-106.60965,47.980134],[-106.610104,47.978446],[-106.599078,47.982681],[-106.598463,47.98397],[-106.595927,47.985809],[-106.593137,47.987079],[-106.585586,47.987805],[-106.580061,47.988058],[-106.577071,47.986162],[-106.575365,47.983783],[-106.572088,47.980305],[-106.570601,47.980067],[-106.562115,47.980115],[-106.55666,47.979432],[-106.556062,47.982167],[-106.559985,47.984867],[-106.562823,47.990378],[-106.564067,47.991821],[-106.564815,47.994123],[-106.564849,47.994689],[-106.564681,47.995129],[-106.563623,47.996138],[-106.561107,47.996885],[-106.557021,47.997188],[-106.553613,47.995884],[-106.544965,47.993521],[-106.540514,47.991699],[-106.539148,47.992895],[-106.532442,47.991556],[-106.53097,47.990391],[-106.530414,47.991389],[-106.525395,47.990665],[-106.524565,47.98971],[-106.525892,47.988146],[-106.525572,47.986922],[-106.522964,47.985149],[-106.524447,47.984165],[-106.521966,47.983493],[-106.520447,47.981892],[-106.520021,47.983619],[-106.523001,47.985391],[-106.51984,47.98618],[-106.521382,47.987475],[-106.520026,47.988374],[-106.520272,47.987052],[-106.519622,47.986896],[-106.519817,47.987609],[-106.517787,47.98953],[-106.514079,47.988813],[-106.511991,47.989611],[-106.510224,47.992267],[-106.50406,47.994063],[-106.497626,47.995377],[-106.494224,47.997136],[-106.493423,48.000605]]]]}},{"type":"Feature","properties":{"zcta5":"59225","AFFGEOID10":"8600000US59225","GEOID10":"59225","ALAND10":791506003,"AWATER10":3959471,"county_name":"Valley","state_code":"MT","county_state":"Valley County, MT","county_fips":"30105","risk_level_county":"Lower Risk (80–84% vaccinated)","mean_vaccination_rate_county":80.91,"risk_level_zcta":"Lowest Risk (85%+)","mean_vaccination_rate_zips":91.56,"cases":36},"geometry":{"type":"Polygon","coordinates":[[[-105.999343,48.563236],[-106.000117,48.561058],[-106.000038,48.508402],[-106.024923,48.508431],[-106.03148,48.510284],[-106.038043,48.511886],[-106.050072,48.513186],[-106.053096,48.515017],[-106.057244,48.515475],[-106.059936,48.516319],[-106.064384,48.516511],[-106.06456,48.467325],[-106.065157,48.331581],[-106.068129,48.330896],[-106.072184,48.330942],[-106.077317,48.329313],[-106.080379,48.330315],[-106.078972,48.327687],[-106.080804,48.326478],[-106.081195,48.324971],[-106.079485,48.324469],[-106.078419,48.323006],[-106.07765,48.317773],[-106.079415,48.311829],[-106.079617,48.308402],[-106.078916,48.305854],[-106.072626,48.305867],[-106.068826,48.303445],[-106.064615,48.302194],[-106.06472,48.219123],[-106.10213,48.219085],[-106.102121,48.207149],[-106.108054,48.206893],[-106.107833,48.193045],[-106.102127,48.193586],[-106.102085,48.16562],[-106.107236,48.163104],[-106.107215,48.153846],[-106.102081,48.152476],[-106.102075,48.115933],[-106.107516,48.114228],[-106.107666,48.090908],[-106.10215,48.086056],[-106.10771,48.08531],[-106.108337,48.006233],[-106.102416,48.007705],[-106.095538,48.010575],[-106.091182,48.01515],[-106.087291,48.018431],[-106.085635,48.02043],[-106.08448,48.022704],[-106.084816,48.025706],[-106.087834,48.028612],[-106.088733,48.029983],[-106.088242,48.033128],[-106.085739,48.034706],[-106.082525,48.035469],[-106.079148,48.03554],[-106.071696,48.034552],[-106.066238,48.032845],[-106.058262,48.028909],[-106.054188,48.025137],[-106.052082,48.023594],[-106.048692,48.019671],[-106.047532,48.016778],[-106.045838,48.010543],[-106.044121,48.008469],[-106.041817,48.007713],[-106.037132,48.007273],[-106.032033,48.004744],[-106.029368,48.004058],[-106.026293,48.004039],[-106.020247,48.004509],[-106.016685,48.005245],[-106.0144,48.006484],[-106.011137,48.011253],[-106.011284,48.01477],[-106.012049,48.016174],[-106.014452,48.016464],[-106.023162,48.022233],[-106.025102,48.026087],[-106.024043,48.028071],[-106.021551,48.030927],[-106.019233,48.032907],[-106.017371,48.033625],[-106.006176,48.033689],[-106.00387,48.033286],[-105.999227,48.031446],[-105.994944,48.029122],[-105.994953,48.057129],[-105.994655,48.059178],[-105.966352,48.059457],[-105.966492,48.062871],[-105.964038,48.066671],[-105.966342,48.071374],[-105.968739,48.073468],[-105.969357,48.075589],[-105.97126,48.076575],[-105.971366,48.079686],[-105.973234,48.080872],[-105.973288,48.117464],[-105.99474,48.117493],[-105.994702,48.146672],[-105.952477,48.146646],[-105.952549,48.161028],[-105.951512,48.16297],[-105.949818,48.163771],[-105.94455,48.164027],[-105.942133,48.166193],[-105.938511,48.168181],[-105.930826,48.168227],[-105.930594,48.154071],[-105.929195,48.153782],[-105.909244,48.153942],[-105.90925,48.146653],[-105.887181,48.146637],[-105.887191,48.132137],[-105.843877,48.132102],[-105.843855,48.146623],[-105.843823,48.219034],[-105.834989,48.219033],[-105.834641,48.220829],[-105.833205,48.221583],[-105.836522,48.221674],[-105.84367,48.223912],[-105.847261,48.225419],[-105.855508,48.230809],[-105.858553,48.23195],[-105.860674,48.232155],[-105.864951,48.233501],[-105.86991,48.233842],[-105.870769,48.237063],[-105.873305,48.241038],[-105.866331,48.240724],[-105.862701,48.241249],[-105.860617,48.243626],[-105.864316,48.247966],[-105.863748,48.251202],[-105.860352,48.254906],[-105.856495,48.256764],[-105.852522,48.259199],[-105.848945,48.263783],[-105.84791,48.266327],[-105.848216,48.273092],[-105.850612,48.273389],[-105.853978,48.27464],[-105.856082,48.276143],[-105.858949,48.276447],[-105.863149,48.279408],[-105.866448,48.282971],[-105.869988,48.284184],[-105.871142,48.285693],[-105.877667,48.288511],[-105.882562,48.291662],[-105.884135,48.293314],[-105.88451,48.29503],[-105.880647,48.294987],[-105.873444,48.294074],[-105.871026,48.292741],[-105.86634,48.293089],[-105.865017,48.294521],[-105.861181,48.295879],[-105.86019,48.297313],[-105.860191,48.302211],[-105.857555,48.304212],[-105.858657,48.311043],[-105.86387,48.317142],[-105.866644,48.316707],[-105.866712,48.320318],[-105.868238,48.322717],[-105.866994,48.323791],[-105.86024,48.32384],[-105.859013,48.324275],[-105.858782,48.329895],[-105.856955,48.332776],[-105.856399,48.33634],[-105.859402,48.338669],[-105.86047,48.340257],[-105.859976,48.341387],[-105.85917,48.342222],[-105.852587,48.344757],[-105.848988,48.34738],[-105.84728,48.347842],[-105.846022,48.350111],[-105.847275,48.354054],[-105.847213,48.355613],[-105.851453,48.361266],[-105.852779,48.36539],[-105.853906,48.366916],[-105.85288,48.369932],[-105.851406,48.370984],[-105.850486,48.372945],[-105.853126,48.375556],[-105.856864,48.378043],[-105.863045,48.380726],[-105.86403,48.381546],[-105.870108,48.381793],[-105.870112,48.385335],[-105.875249,48.388988],[-105.8752,48.39253],[-105.866366,48.392618],[-105.864277,48.393681],[-105.86465,48.39966],[-105.870011,48.400115],[-105.870305,48.407151],[-105.848104,48.407246],[-105.848043,48.450556],[-105.913313,48.450766],[-105.913152,48.563337],[-105.932236,48.563229],[-105.935065,48.563468],[-105.944553,48.563516],[-105.949394,48.563387],[-105.979216,48.563493],[-105.984127,48.563309],[-105.999343,48.563236]]]}},{"type":"Feature","properties":{"zcta5":"59244","AFFGEOID10":"8600000US59244","GEOID10":"59244","ALAND10":510907372,"AWATER10":308404,"county_name":"Valley","state_code":"MT","county_state":"Valley County, MT","county_fips":"30105","risk_level_county":"Lower Risk (80–84% vaccinated)","mean_vaccination_rate_county":80.91,"risk_level_zcta":"Lower Risk (80–84% vaccinated)","mean_vaccination_rate_zips":81.1,"cases":36},"geometry":{"type":"MultiPolygon","coordinates":[[[[-106.479185,48.664696],[-106.479234,48.623765],[-106.479769,48.621374],[-106.481591,48.618978],[-106.494184,48.606842],[-106.391997,48.606775],[-106.392318,48.558139],[-106.530832,48.558335],[-106.530143,48.556945],[-106.532076,48.556024],[-106.531953,48.554889],[-106.528575,48.55366],[-106.52941,48.552613],[-106.524406,48.551153],[-106.524523,48.549908],[-106.519247,48.547302],[-106.51748,48.547027],[-106.518374,48.544741],[-106.515822,48.544509],[-106.515007,48.541724],[-106.513357,48.540829],[-106.512425,48.539047],[-106.509784,48.538508],[-106.509092,48.536786],[-106.507522,48.537454],[-106.505313,48.534613],[-106.502177,48.533246],[-106.500916,48.53109],[-106.501739,48.526748],[-106.499838,48.528051],[-106.497114,48.527801],[-106.495695,48.528838],[-106.494108,48.527457],[-106.493867,48.525861],[-106.491646,48.525451],[-106.492412,48.523433],[-106.490009,48.52288],[-106.488957,48.5197],[-106.485507,48.519745],[-106.484541,48.519049],[-106.486966,48.517743],[-106.488981,48.518132],[-106.488922,48.5172],[-106.48557,48.516033],[-106.482177,48.515596],[-106.482811,48.514148],[-106.485263,48.514141],[-106.485096,48.512447],[-106.486482,48.511832],[-106.488359,48.512347],[-106.487512,48.51073],[-106.491218,48.510421],[-106.491786,48.509456],[-106.488517,48.507895],[-106.488069,48.506321],[-106.488976,48.505207],[-106.488127,48.503463],[-106.490648,48.502476],[-106.491157,48.500151],[-106.485431,48.500622],[-106.484081,48.499337],[-106.484822,48.498486],[-106.486943,48.498648],[-106.488304,48.497767],[-106.486273,48.496292],[-106.486881,48.494612],[-106.488004,48.494806],[-106.489352,48.49271],[-106.488214,48.492178],[-106.488106,48.490095],[-106.48963,48.488203],[-106.48642,48.487437],[-106.486089,48.485803],[-106.488355,48.483438],[-106.486456,48.481898],[-106.489649,48.482165],[-106.492297,48.480619],[-106.493877,48.4808],[-106.493551,48.479083],[-106.493375,48.479897],[-106.238113,48.47964],[-106.238036,48.508514],[-106.217006,48.50854],[-106.216187,48.509198],[-106.216171,48.523021],[-106.216103,48.551946],[-106.237868,48.55201],[-106.237863,48.562255],[-106.239255,48.564848],[-106.239265,48.578153],[-106.238078,48.577872],[-106.174886,48.577863],[-106.173792,48.579914],[-106.173827,48.63335],[-106.191681,48.633464],[-106.282888,48.634024],[-106.282849,48.647705],[-106.151867,48.647385],[-106.151888,48.722549],[-106.173756,48.722553],[-106.173736,48.794871],[-106.247722,48.794989],[-106.245115,48.793071],[-106.24481,48.790031],[-106.24484,48.762131],[-106.244608,48.760883],[-106.243309,48.757861],[-106.240868,48.755735],[-106.239356,48.753579],[-106.239276,48.693648],[-106.348238,48.693626],[-106.348421,48.664684],[-106.479185,48.664696]]],[[[-106.544269,48.634876],[-106.544588,48.568647],[-106.542022,48.568894],[-106.539323,48.567199],[-106.535832,48.566648],[-106.494533,48.606505],[-106.4989,48.606818],[-106.522933,48.606519],[-106.522975,48.634982],[-106.544269,48.634876]]]]}},{"type":"Feature","properties":{"zcta5":"59231","AFFGEOID10":"8600000US59231","GEOID10":"59231","ALAND10":5165801,"AWATER10":0,"county_name":"Valley","state_code":"MT","county_state":"Valley County, MT","county_fips":"30105","risk_level_county":"Lower Risk (80–84% vaccinated)","mean_vaccination_rate_county":80.91,"risk_level_zcta":"Medium Risk (70–79% vaccinated)","mean_vaccination_rate_zips":70.31,"cases":36},"geometry":{"type":"Polygon","coordinates":[[[-106.563589,48.382565],[-106.552106,48.384068],[-106.550032,48.383656],[-106.545628,48.385323],[-106.543204,48.392289],[-106.541441,48.394095],[-106.542542,48.39706],[-106.546384,48.398196],[-106.54396,48.400348],[-106.542042,48.403879],[-106.536786,48.401991],[-106.533744,48.400193],[-106.53238,48.401865],[-106.528108,48.400195],[-106.526158,48.402446],[-106.521887,48.400809],[-106.516514,48.40698],[-106.522097,48.409124],[-106.524456,48.41099],[-106.527958,48.406943],[-106.531244,48.407727],[-106.563379,48.407765],[-106.563592,48.383967],[-106.563589,48.382565]],[[-106.531893,48.407062],[-106.529425,48.406291],[-106.528942,48.405828],[-106.530444,48.404091],[-106.534167,48.405544],[-106.531893,48.407062]]]}},{"type":"Feature","properties":{"zcta5":"59240","AFFGEOID10":"8600000US59240","GEOID10":"59240","ALAND10":104525596,"AWATER10":0,"county_name":"Valley","state_code":"MT","county_state":"Valley County, MT","county_fips":"30105","risk_level_county":"Lower Risk (80–84% vaccinated)","mean_vaccination_rate_county":80.91,"risk_level_zcta":"Uninhabited","mean_vaccination_rate_zips":null,"cases":36},"geometry":{"type":"Polygon","coordinates":[[[-106.205235,48.91057],[-106.250373,48.910489],[-106.25577,48.911836],[-106.260753,48.912028],[-106.261595,48.90975],[-106.261576,48.897604],[-106.261098,48.89498],[-106.256341,48.881819],[-106.256073,48.880553],[-106.256078,48.852922],[-106.342673,48.85272],[-106.342735,48.838671],[-106.338925,48.838386],[-106.320804,48.838089],[-106.320369,48.823939],[-106.306371,48.823907],[-106.304351,48.823676],[-106.304461,48.794994],[-106.247722,48.794989],[-106.173736,48.794871],[-106.173802,48.816538],[-106.16174,48.816655],[-106.15456,48.817477],[-106.150877,48.816355],[-106.149172,48.816493],[-106.150715,48.823928],[-106.151908,48.823927],[-106.151918,48.850242],[-106.156529,48.852256],[-106.160658,48.852759],[-106.194412,48.852823],[-106.194632,48.85807],[-106.193419,48.860816],[-106.195899,48.864039],[-106.195663,48.875677],[-106.191474,48.878014],[-106.185258,48.878277],[-106.184823,48.888704],[-106.186029,48.889714],[-106.189174,48.890989],[-106.193485,48.891701],[-106.199384,48.894942],[-106.200487,48.896179],[-106.200849,48.89983],[-106.203319,48.906615],[-106.205383,48.909774],[-106.205235,48.91057]]]}},{"type":"Feature","properties":{"zcta5":"59253","AFFGEOID10":"8600000US59253","GEOID10":"59253","ALAND10":660779825,"AWATER10":46112,"county_name":"Valley","state_code":"MT","county_state":"Valley County, MT","county_fips":"30105","risk_level_county":"Lower Risk (80–84% vaccinated)","mean_vaccination_rate_county":80.91,"risk_level_zcta":"Medium Risk (70–79% vaccinated)","mean_vaccination_rate_zips":75.17,"cases":36},"geometry":{"type":"Polygon","coordinates":[[[-105.826467,48.925112],[-105.826495,48.913291],[-105.825631,48.910684],[-105.829872,48.910789],[-105.846882,48.910782],[-105.84679,48.867423],[-105.879593,48.867269],[-105.879749,48.860488],[-105.884269,48.859842],[-105.889835,48.860077],[-105.890171,48.823883],[-106.021251,48.823975],[-106.021461,48.796647],[-106.021235,48.795016],[-106.021178,48.717156],[-106.020863,48.650885],[-106.021149,48.647181],[-106.021112,48.564479],[-106.021316,48.563761],[-106.02131,48.563424],[-106.01982,48.563221],[-105.999343,48.563236],[-105.984127,48.563309],[-105.979216,48.563493],[-105.949394,48.563387],[-105.944553,48.563516],[-105.935065,48.563468],[-105.932236,48.563229],[-105.913152,48.563337],[-105.90754,48.563242],[-105.906999,48.563123],[-105.905042,48.562497],[-105.890241,48.562892],[-105.868116,48.562764],[-105.857401,48.563354],[-105.804436,48.563358],[-105.758098,48.563336],[-105.759144,48.765873],[-105.712463,48.765939],[-105.712823,48.80936],[-105.759315,48.809364],[-105.759341,48.910828],[-105.760961,48.910866],[-105.760647,48.925269],[-105.826467,48.925112]]]}},{"type":"Feature","properties":{"zcta5":"59260","AFFGEOID10":"8600000US59260","GEOID10":"59260","ALAND10":894274551,"AWATER10":222592,"county_name":"Valley","state_code":"MT","county_state":"Valley County, MT","county_fips":"30105","risk_level_county":"Lower Risk (80–84% vaccinated)","mean_vaccination_rate_county":80.91,"risk_level_zcta":"Lower Risk (80–84% vaccinated)","mean_vaccination_rate_zips":84.48,"cases":36},"geometry":{"type":"Polygon","coordinates":[[[-106.363682811961,48.9994939098045],[-106.361358,48.997692],[-106.355791,48.997317],[-106.354787,48.995826],[-106.355699,48.99299],[-106.353015,48.991982],[-106.349872,48.989537],[-106.345463,48.987888],[-106.34537,48.986134],[-106.350692,48.984508],[-106.347933,48.981878],[-106.346342,48.982054],[-106.344667,48.980859],[-106.345998,48.978729],[-106.348627,48.976447],[-106.348145,48.975282],[-106.348828,48.972886],[-106.345253,48.972711],[-106.343292,48.97129],[-106.340504,48.97092],[-106.336123,48.971645],[-106.33584,48.970998],[-106.338312,48.967565],[-106.339789,48.967759],[-106.339077,48.965459],[-106.335083,48.964626],[-106.333005,48.965421],[-106.327331,48.965997],[-106.321075,48.965141],[-106.320164,48.963746],[-106.316067,48.962671],[-106.313329,48.963631],[-106.310488,48.965373],[-106.307516,48.964915],[-106.305766,48.963006],[-106.30871,48.958865],[-106.305297,48.957796],[-106.305867,48.956826],[-106.303029,48.959379],[-106.301319,48.961635],[-106.299703,48.96239],[-106.29932,48.965859],[-106.296024,48.965703],[-106.293683,48.966183],[-106.291246,48.963685],[-106.293514,48.961994],[-106.293018,48.961222],[-106.294301,48.958355],[-106.295766,48.9579],[-106.296733,48.955636],[-106.293436,48.953586],[-106.289592,48.953052],[-106.286953,48.953482],[-106.283863,48.952091],[-106.281123,48.95294],[-106.278684,48.95226],[-106.27614,48.952312],[-106.274295,48.951645],[-106.275172,48.950449],[-106.274439,48.946818],[-106.271171,48.942848],[-106.267954,48.942648],[-106.266711,48.943833],[-106.263374,48.945058],[-106.261125,48.9445],[-106.256664,48.941545],[-106.255828,48.939267],[-106.252465,48.938953],[-106.24879,48.937772],[-106.247592,48.937872],[-106.245661,48.940561],[-106.246331,48.941541],[-106.244676,48.942419],[-106.241468,48.941399],[-106.2407,48.94013],[-106.238593,48.939455],[-106.235022,48.940212],[-106.234601,48.93753],[-106.230131,48.935205],[-106.231975,48.932644],[-106.22939,48.930028],[-106.228697,48.928082],[-106.226209,48.927353],[-106.224837,48.928862],[-106.225227,48.930523],[-106.222812,48.930143],[-106.220535,48.928094],[-106.221273,48.925606],[-106.219818,48.924635],[-106.216621,48.924862],[-106.213667,48.924336],[-106.211516,48.922569],[-106.212212,48.921108],[-106.210619,48.91944],[-106.208587,48.919415],[-106.206592,48.918267],[-106.204037,48.919727],[-106.200576,48.919211],[-106.199674,48.917744],[-106.202609,48.916191],[-106.202364,48.914886],[-106.198678,48.91375],[-106.196515,48.910881],[-106.19811,48.910593],[-106.205235,48.91057],[-106.205383,48.909774],[-106.203319,48.906615],[-106.200849,48.89983],[-106.200487,48.896179],[-106.199384,48.894942],[-106.193485,48.891701],[-106.189174,48.890989],[-106.186029,48.889714],[-106.184823,48.888704],[-106.185258,48.878277],[-106.191474,48.878014],[-106.195663,48.875677],[-106.195899,48.864039],[-106.193419,48.860816],[-106.194632,48.85807],[-106.194412,48.852823],[-106.160658,48.852759],[-106.156529,48.852256],[-106.151918,48.850242],[-106.151908,48.823927],[-106.150715,48.823928],[-106.149172,48.816493],[-106.150877,48.816355],[-106.15456,48.817477],[-106.16174,48.816655],[-106.173802,48.816538],[-106.173736,48.794871],[-106.173756,48.722553],[-106.151888,48.722549],[-106.151867,48.647385],[-106.282849,48.647705],[-106.282888,48.634024],[-106.191681,48.633464],[-106.173827,48.63335],[-106.173792,48.579914],[-106.174886,48.577863],[-106.238078,48.577872],[-106.239265,48.578153],[-106.239255,48.564848],[-106.237863,48.562255],[-106.237868,48.55201],[-106.216103,48.551946],[-106.216171,48.523021],[-106.194257,48.522929],[-106.194334,48.551868],[-106.115102,48.551836],[-106.107363,48.554197],[-106.106331,48.55416],[-106.100515,48.552199],[-106.098418,48.551789],[-106.088989,48.551055],[-106.084493,48.55181],[-106.021897,48.551823],[-106.021898,48.561696],[-106.02131,48.563424],[-106.021316,48.563761],[-106.021112,48.564479],[-106.021149,48.647181],[-106.020863,48.650885],[-106.021178,48.717156],[-106.021235,48.795016],[-106.021461,48.796647],[-106.021251,48.823975],[-105.890171,48.823883],[-105.889835,48.860077],[-105.884269,48.859842],[-105.879749,48.860488],[-105.879593,48.867269],[-105.84679,48.867423],[-105.846882,48.910782],[-105.829872,48.910789],[-105.825631,48.910684],[-105.826495,48.913291],[-105.826467,48.925112],[-105.82663,48.978758],[-105.827736,48.979447],[-105.836519,48.979627],[-105.837487,48.980275],[-105.837665,48.982236],[-105.838703,48.983052],[-105.841035,48.983144],[-105.946275,48.98314],[-105.946612,48.98406],[-105.946441,48.997334],[-105.94593095563401,48.9994852201523],[-105.966197,48.999445],[-106.050543,48.999207],[-106.11206332368401,48.99927943840029],[-106.233987,48.999423],[-106.243154,48.999373],[-106.24621,48.999258],[-106.274267,48.999312],[-106.363682811961,48.9994939098045]]]}}]}