{"type":"FeatureCollection","features":[{"type":"Feature","properties":{"zcta5":"04622","AFFGEOID10":"8600000US04622","GEOID10":"04622","ALAND10":666251486,"AWATER10":18896478,"county_name":"Washington","state_code":"ME","county_state":"Washington County, ME","county_fips":"23029","risk_level_county":"Medium Risk (70–79% vaccinated)","mean_vaccination_rate_county":79.75,"risk_level_zcta":"Higher Risk (60–69% vaccinated)","mean_vaccination_rate_zips":65.63,"cases":5},"geometry":{"type":"Polygon","coordinates":[[[-67.807058,44.785169],[-67.812104,44.7865],[-67.817295,44.786552],[-67.817845,44.79052],[-67.820485,44.791342],[-67.825723,44.792243],[-67.82755,44.794625],[-67.829293,44.793476],[-67.830916,44.793552],[-67.83199,44.795421],[-67.836033,44.798216],[-67.8383,44.80123],[-67.841179,44.802035],[-67.844869,44.803731],[-67.847293,44.803908],[-67.851095,44.806876],[-67.851669,44.810354],[-67.852476,44.811743],[-67.856789,44.816762],[-67.858572,44.820221],[-67.864547,44.821967],[-67.863583,44.822783],[-67.867696,44.827622],[-67.870841,44.828408],[-67.874067,44.831533],[-67.87346,44.833763],[-67.87426,44.83456],[-67.874461,44.837589],[-67.871239,44.841184],[-67.868652,44.842834],[-67.867381,44.844397],[-67.864202,44.845539],[-67.861863,44.845533],[-67.859161,44.847024],[-67.859254,44.848321],[-67.852616,44.850906],[-67.851424,44.851698],[-67.853304,44.854976],[-67.853368,44.856879],[-67.855471,44.858719],[-67.861499,44.861427],[-67.86263,44.864605],[-67.863907,44.866447],[-67.868965,44.868971],[-67.86912,44.87252],[-67.868026,44.873084],[-67.867273,44.871953],[-67.863281,44.870869],[-67.859296,44.867415],[-67.855524,44.869233],[-67.855335,44.870376],[-67.857523,44.872837],[-67.861659,44.874208],[-67.86576,44.877679],[-67.866397,44.879353],[-67.8831,44.876986],[-67.887108,44.87992],[-67.889934,44.882714],[-67.891341,44.885739],[-67.893458,44.888507],[-67.89578,44.890552],[-67.903768,44.894553],[-67.907518,44.898145],[-67.915185,44.90427],[-67.918266,44.908512],[-67.921994,44.907407],[-67.934973,44.90189],[-67.938633,44.896857],[-67.940017,44.894347],[-67.943904,44.89264],[-67.945719,44.890736],[-67.947996,44.889798],[-67.949431,44.890234],[-67.9529,44.888558],[-67.955699,44.891091],[-67.956021,44.893086],[-67.957521,44.894557],[-67.95679,44.896603],[-67.95743,44.897677],[-67.960878,44.897514],[-67.962487,44.89868],[-67.961655,44.899784],[-67.963123,44.900926],[-67.961734,44.9013],[-67.962446,44.902882],[-67.964592,44.902848],[-67.964444,44.901757],[-67.969386,44.901099],[-67.971881,44.902931],[-67.974899,44.903332],[-67.979087,44.906264],[-67.977775,44.907791],[-67.977846,44.910497],[-67.984765,44.909596],[-67.989143,44.910287],[-67.992038,44.909507],[-67.992585,44.908481],[-67.995535,44.908795],[-67.995421,44.910298],[-67.998366,44.91311],[-68.002799,44.915646],[-68.003633,44.915361],[-68.004455,44.912992],[-68.004309,44.911361],[-68.000417,44.911305],[-68.001362,44.908923],[-67.995898,44.908663],[-67.995603,44.907477],[-67.996621,44.905582],[-67.998187,44.904475],[-68.003891,44.904961],[-68.005447,44.900942],[-68.005186,44.899626],[-68.006761,44.899113],[-68.011691,44.902936],[-68.012346,44.904517],[-68.014472,44.905337],[-68.01343,44.902316],[-68.008734,44.899764],[-68.008218,44.898257],[-68.007044,44.898053],[-68.004519,44.899509],[-68.00275,44.898641],[-68.002502,44.897458],[-68.00011,44.894259],[-67.998052,44.89822],[-67.988398,44.89213],[-67.988391,44.887976],[-67.99016,44.886959],[-67.990621,44.884731],[-67.988761,44.883212],[-67.987534,44.881028],[-67.984399,44.879029],[-67.979824,44.877702],[-67.978112,44.87529],[-67.975996,44.873566],[-67.982888,44.874472],[-67.986549,44.87436],[-67.991926,44.872894],[-68.000216,44.873893],[-68.010377,44.872618],[-68.015491,44.870906],[-68.017132,44.869832],[-68.020415,44.866632],[-68.021583,44.863102],[-68.026007,44.860801],[-68.03412,44.858725],[-68.039131,44.857817],[-68.053007,44.85602],[-68.057052,44.854616],[-68.059071,44.85294],[-68.073711,44.851248],[-68.082335,44.849896],[-68.105017,44.939088],[-68.080953,44.942426],[-68.081042,44.944715],[-68.083032,44.946775],[-68.083136,44.94818],[-68.081305,44.949666],[-68.080944,44.952992],[-68.08324,44.953507],[-68.085248,44.955122],[-68.089347,44.955741],[-68.091039,44.956623],[-68.095906,44.957564],[-68.098307,44.957264],[-68.10063,44.955791],[-68.10401,44.956052],[-68.105908,44.955021],[-68.106001,44.953194],[-68.107738,44.951895],[-68.106125,44.951264],[-68.106027,44.949923],[-68.108889,44.947884],[-68.110436,44.947489],[-68.112852,44.943597],[-68.114622,44.941851],[-68.112882,44.940091],[-68.112526,44.938171],[-68.113039,44.935907],[-68.112104,44.933667],[-68.110719,44.93305],[-68.110489,44.926968],[-68.11591,44.929119],[-68.11779,44.933083],[-68.118619,44.931158],[-68.118501,44.930399],[-68.115522,44.926173],[-68.113658,44.924745],[-68.112064,44.920942],[-68.112617,44.91926],[-68.111332,44.916691],[-68.108854,44.913665],[-68.107519,44.913284],[-68.107277,44.911197],[-68.106071,44.909307],[-68.108627,44.909395],[-68.111445,44.910213],[-68.116224,44.914569],[-68.116172,44.915983],[-68.119086,44.915841],[-68.126493,44.918205],[-68.128775,44.917797],[-68.130699,44.916682],[-68.132439,44.916678],[-68.128897,44.912407],[-68.128315,44.910737],[-68.12935,44.910294],[-68.132865,44.910638],[-68.135662,44.908944],[-68.13918,44.910158],[-68.140853,44.906784],[-68.142716,44.905972],[-68.147067,44.908703],[-68.149446,44.908253],[-68.150485,44.907151],[-68.152453,44.908446],[-68.155237,44.908582],[-68.155956,44.907928],[-68.158628,44.908073],[-68.160354,44.907099],[-68.154048,44.902807],[-68.152731,44.900131],[-68.152765,44.897273],[-68.151705,44.894644],[-68.1519,44.89206],[-68.150229,44.88943],[-68.147461,44.889909],[-68.147109,44.887828],[-68.148042,44.888515],[-68.14994,44.887852],[-68.150551,44.888836],[-68.153895,44.889454],[-68.157464,44.892222],[-68.160744,44.892908],[-68.164732,44.895836],[-68.166854,44.898762],[-68.169362,44.900637],[-68.178531,44.90233],[-68.184878,44.902241],[-68.180391,44.900528],[-68.17978,44.897351],[-68.176175,44.895402],[-68.169271,44.894882],[-68.164868,44.893576],[-68.162647,44.893902],[-68.163331,44.891792],[-68.160031,44.889616],[-68.157717,44.884582],[-68.152218,44.876438],[-68.148996,44.871158],[-68.148269,44.868787],[-68.148718,44.867645],[-68.145326,44.864532],[-68.143539,44.863797],[-68.140881,44.861728],[-68.140395,44.860362],[-68.140881,44.858173],[-68.139719,44.855985],[-68.135052,44.85278],[-68.135428,44.851361],[-68.133851,44.850406],[-68.134616,44.852619],[-68.131599,44.850906],[-68.130253,44.849513],[-68.127369,44.848871],[-68.122749,44.846154],[-68.122745,44.843461],[-68.124531,44.841269],[-68.12436,44.838628],[-68.123518,44.837615],[-68.124497,44.837615],[-68.129313,44.840936],[-68.129698,44.838615],[-68.132125,44.83853],[-68.13242,44.837495],[-68.135933,44.838414],[-68.136894,44.837577],[-68.139347,44.838307],[-68.141393,44.843034],[-68.146907,44.847824],[-68.145091,44.848466],[-68.148381,44.851226],[-68.149728,44.850887],[-68.152019,44.852093],[-68.155484,44.851657],[-68.159112,44.852046],[-68.161391,44.851626],[-68.162853,44.849748],[-68.164305,44.849483],[-68.169349,44.850682],[-68.173416,44.850479],[-68.176591,44.848],[-68.176581,44.846572],[-68.178127,44.845353],[-68.176769,44.842854],[-68.178544,44.840727],[-68.178476,44.83877],[-68.176412,44.837299],[-68.181333,44.836898],[-68.183414,44.836152],[-68.18972,44.838528],[-68.192085,44.838535],[-68.192961,44.834937],[-68.193953,44.83445],[-68.202252,44.83353],[-68.196843,44.809654],[-68.191646,44.805149],[-68.188694,44.803489],[-68.184166,44.799854],[-68.182496,44.797658],[-68.176652,44.79464],[-68.175528,44.793702],[-68.171803,44.792444],[-68.169684,44.792375],[-68.165622,44.789802],[-68.161144,44.791003],[-68.158255,44.788967],[-68.155751,44.788486],[-68.152251,44.788828],[-68.151449,44.787639],[-68.148623,44.787684],[-68.146407,44.788346],[-68.14525,44.790015],[-68.145377,44.792096],[-68.142454,44.792735],[-68.141396,44.791705],[-68.136293,44.78912],[-68.134446,44.789135],[-68.134509,44.78759],[-68.135859,44.787001],[-68.133968,44.785864],[-68.132486,44.78355],[-68.129419,44.781914],[-68.129804,44.779945],[-68.129199,44.777784],[-68.125283,44.773285],[-68.119304,44.765422],[-68.118431,44.762716],[-68.13573,44.758494],[-68.135301,44.75555],[-68.135649,44.753499],[-68.13703,44.750682],[-68.135973,44.749474],[-68.133278,44.748992],[-68.128659,44.747505],[-68.126991,44.747618],[-68.12025,44.746797],[-68.118261,44.747415],[-68.116014,44.745198],[-68.112131,44.744629],[-68.108599,44.740652],[-68.105646,44.738023],[-68.10465,44.736309],[-68.106029,44.735211],[-68.104199,44.733679],[-68.099193,44.732195],[-68.097045,44.732721],[-68.093707,44.729681],[-68.092649,44.729316],[-68.090498,44.726344],[-68.091909,44.724629],[-68.090272,44.722617],[-68.089502,44.720582],[-68.091264,44.717129],[-68.094021,44.716603],[-68.094501,44.713539],[-68.096649,44.713492],[-68.097674,44.712532],[-68.098434,44.70941],[-68.087744,44.706173],[-68.071474,44.705565],[-68.070806,44.706845],[-68.06789,44.70635],[-68.063035,44.708003],[-68.057489,44.709016],[-68.055786,44.710077],[-68.059271,44.712713],[-68.060414,44.714699],[-68.060743,44.716829],[-68.059839,44.718078],[-68.058974,44.722424],[-68.059347,44.723012],[-68.064565,44.724868],[-68.067752,44.726799],[-68.067767,44.728069],[-68.06706,44.728411],[-68.049945,44.734249],[-68.034637,44.674142],[-68.016062,44.676676],[-68.009394,44.651764],[-68.012128,44.652636],[-68.011512,44.654506],[-68.016116,44.653637],[-68.018356,44.654385],[-68.019638,44.653128],[-68.022842,44.652123],[-68.025179,44.653953],[-68.025916,44.653221],[-68.028158,44.653588],[-68.029182,44.655211],[-68.034404,44.657156],[-68.036774,44.656836],[-68.043245,44.657203],[-68.047762,44.656198],[-68.048851,44.656747],[-68.051254,44.656152],[-68.053015,44.656793],[-68.060704,44.657045],[-68.062979,44.657411],[-68.063299,44.658554],[-68.068521,44.658897],[-68.069289,44.656519],[-68.068648,44.653912],[-68.073773,44.65222],[-68.076464,44.653591],[-68.076433,44.655832],[-68.078356,44.65789],[-68.079868,44.657596],[-68.080815,44.655676],[-68.080213,44.654345],[-68.088527,44.654318],[-68.091939,44.654812],[-68.095933,44.653741],[-68.098196,44.653897],[-68.09888,44.652523],[-68.104411,44.653589],[-68.107304,44.654473],[-68.110751,44.653159],[-68.111615,44.651417],[-68.11767,44.650461],[-68.117674,44.646884],[-68.118259,44.643512],[-68.117529,44.642183],[-68.119494,44.63902],[-68.125565,44.640131],[-68.127017,44.639038],[-68.125298,44.636968],[-68.12684,44.635652],[-68.126711,44.633674],[-68.125751,44.632844],[-68.12465,44.630025],[-68.120579,44.629369],[-68.115514,44.62785],[-68.112782,44.628342],[-68.106773,44.62852],[-68.104033,44.626657],[-68.10127,44.626068],[-68.098636,44.624726],[-68.086605,44.624674],[-68.083351,44.623987],[-68.078123,44.621568],[-68.075194,44.619424],[-68.069053,44.61368],[-68.063057,44.610963],[-68.063868,44.609982],[-68.068405,44.610012],[-68.074499,44.610701],[-68.076004,44.610198],[-68.07946,44.607179],[-68.079811,44.605533],[-68.081731,44.602652],[-68.080962,44.601893],[-68.075778,44.603773],[-68.073602,44.60391],[-68.075203,44.607957],[-68.073603,44.609855],[-68.068225,44.609238],[-68.062653,44.606996],[-68.061218,44.607502],[-68.059839,44.60917],[-68.055934,44.60638],[-68.053953,44.604484],[-68.051349,44.606213],[-68.05068,44.607322],[-68.045557,44.606019],[-68.045042,44.606893],[-68.041691,44.606058],[-68.040378,44.607521],[-68.039513,44.610288],[-68.038104,44.61063],[-68.034712,44.608915],[-68.031592,44.60654],[-68.030465,44.604356],[-68.032452,44.60363],[-68.031702,44.599839],[-68.03233,44.598153],[-68.032052,44.595918],[-68.029202,44.595709],[-68.022879,44.591409],[-68.019755,44.590503],[-68.016715,44.592864],[-68.01239,44.593753],[-68.007109,44.592395],[-68.005185,44.590604],[-67.993551,44.592162],[-67.958254,44.597708],[-67.956857,44.593228],[-67.958103,44.593023],[-67.956728,44.588555],[-67.957982,44.588395],[-67.956771,44.584441],[-67.953544,44.584898],[-67.952162,44.580402],[-67.950245,44.576018],[-67.949167,44.576152],[-67.947823,44.571701],[-67.944636,44.572203],[-67.940698,44.559491],[-67.936777,44.56004],[-67.934828,44.553963],[-67.926895,44.555113],[-67.92464,44.547943],[-67.918429,44.548875],[-67.918987,44.551041],[-67.908279,44.552578],[-67.910443,44.560902],[-67.919411,44.604484],[-67.876429,44.611577],[-67.875589,44.611578],[-67.856189,44.614789],[-67.858338,44.62221],[-67.860703,44.629494],[-67.869877,44.628672],[-67.883848,44.673056],[-67.884416,44.67457],[-67.892095,44.699131],[-67.914786,44.695329],[-67.917482,44.705429],[-67.915131,44.70519],[-67.91343,44.704238],[-67.906686,44.705014],[-67.904795,44.706962],[-67.893217,44.705623],[-67.889907,44.70554],[-67.888187,44.706465],[-67.884,44.705774],[-67.885757,44.708476],[-67.884342,44.708486],[-67.881999,44.706922],[-67.878813,44.703035],[-67.879264,44.701318],[-67.777174,44.717408],[-67.781064,44.731374],[-67.78467,44.730874],[-67.785652,44.732546],[-67.789912,44.733383],[-67.791075,44.735403],[-67.792839,44.735404],[-67.795178,44.737359],[-67.797219,44.736449],[-67.798719,44.738405],[-67.800126,44.738505],[-67.800172,44.740248],[-67.798485,44.740549],[-67.798873,44.742093],[-67.800811,44.742185],[-67.802689,44.744379],[-67.802111,44.745408],[-67.804914,44.747355],[-67.803851,44.748645],[-67.800817,44.749149],[-67.802775,44.750718],[-67.803676,44.752424],[-67.801466,44.753675],[-67.801658,44.75554],[-67.80051,44.75641],[-67.800009,44.759047],[-67.79879,44.759756],[-67.80134,44.761575],[-67.806345,44.760495],[-67.803398,44.761846],[-67.802434,44.765446],[-67.80087,44.765988],[-67.801162,44.766977],[-67.799214,44.769009],[-67.799683,44.771917],[-67.804305,44.774306],[-67.806232,44.777409],[-67.804375,44.779484],[-67.80231,44.779845],[-67.79854,44.779554],[-67.796091,44.777227],[-67.79378,44.776012],[-67.798444,44.77967],[-67.800234,44.780411],[-67.803016,44.782583],[-67.80387,44.784099],[-67.807058,44.785169]],[[-68.085262,44.770641],[-68.086875,44.77175],[-68.08222,44.772852],[-68.079436,44.779791],[-68.076667,44.781304],[-68.075809,44.782679],[-68.077547,44.784055],[-68.077561,44.785681],[-68.080963,44.78865],[-68.07833,44.788764],[-68.07711,44.790388],[-68.076276,44.792926],[-68.073162,44.794316],[-68.067021,44.795579],[-68.054252,44.751035],[-68.056691,44.752647],[-68.059975,44.752771],[-68.060893,44.754284],[-68.063201,44.755793],[-68.064848,44.75555],[-68.064714,44.75431],[-68.068642,44.755042],[-68.0709,44.75758],[-68.070521,44.761209],[-68.073018,44.762874],[-68.078909,44.768052],[-68.085262,44.770641]]]}},{"type":"Feature","properties":{"zcta5":"04490","AFFGEOID10":"8600000US04490","GEOID10":"04490","ALAND10":683737540,"AWATER10":38132735,"county_name":"Washington","state_code":"ME","county_state":"Washington County, ME","county_fips":"23029","risk_level_county":"Medium Risk (70–79% vaccinated)","mean_vaccination_rate_county":79.75,"risk_level_zcta":"Medium Risk (70–79% vaccinated)","mean_vaccination_rate_zips":74.92,"cases":5},"geometry":{"type":"Polygon","coordinates":[[[-68.034881,45.642163],[-68.048012,45.639897],[-68.015227,45.537238],[-67.999456,45.485825],[-67.998882,45.483574],[-67.957928,45.353247],[-67.966881,45.351879],[-67.94323,45.278631],[-67.935492,45.276803],[-67.929746,45.274609],[-67.925257,45.275759],[-67.914248,45.280851],[-67.910731,45.284345],[-67.909077,45.285208],[-67.898592,45.285399],[-67.89069,45.286604],[-67.88795,45.286781],[-67.874367,45.286165],[-67.858569,45.283183],[-67.856946,45.282484],[-67.843514,45.274291],[-67.840884,45.273053],[-67.833759,45.272255],[-67.829473,45.273205],[-67.828583,45.272968],[-67.819802,45.268941],[-67.813698,45.26769],[-67.807467,45.267808],[-67.81183,45.285372],[-67.788013,45.288677],[-67.787084,45.287688],[-67.782454,45.28461],[-67.779528,45.28236],[-67.771654,45.275669],[-67.768444,45.272149],[-67.766688,45.270733],[-67.764748,45.270272],[-67.761829,45.270734],[-67.760258,45.267095],[-67.75864,45.265594],[-67.760749,45.258585],[-67.756205,45.258404],[-67.752609,45.257803],[-67.750387,45.256919],[-67.746166,45.254535],[-67.744257,45.252123],[-67.74141,45.24949],[-67.738014,45.247194],[-67.73735,45.245225],[-67.736777,45.241339],[-67.733997,45.239277],[-67.732567,45.235073],[-67.731893,45.234314],[-67.719242,45.22699],[-67.717417,45.224987],[-67.715951,45.224151],[-67.714804,45.221841],[-67.7116,45.220554],[-67.709104,45.218821],[-67.707123,45.218102],[-67.703013,45.215357],[-67.694696,45.220771],[-67.687526,45.22451],[-67.683485,45.225634],[-67.679431,45.226285],[-67.677038,45.227105],[-67.670441,45.230718],[-67.688778,45.299656],[-67.689861,45.303458],[-67.719805,45.298798],[-67.724764,45.305683],[-67.723668,45.308713],[-67.726013,45.31203],[-67.724324,45.314025],[-67.725488,45.316292],[-67.728102,45.314278],[-67.730821,45.3135],[-67.737306,45.313366],[-67.740106,45.313672],[-67.744671,45.315888],[-67.74426,45.316638],[-67.745399,45.319728],[-67.747705,45.322912],[-67.747878,45.324467],[-67.749302,45.326268],[-67.750322,45.328784],[-67.747513,45.331194],[-67.746304,45.337442],[-67.744342,45.340784],[-67.744333,45.342698],[-67.74928,45.347124],[-67.752674,45.349262],[-67.75751,45.351157],[-67.759738,45.351663],[-67.762637,45.351264],[-67.763028,45.35223],[-67.766314,45.356262],[-67.769631,45.359375],[-67.771382,45.359148],[-67.775983,45.364544],[-67.781591,45.367677],[-67.786521,45.368044],[-67.790022,45.369577],[-67.793331,45.370103],[-67.796217,45.37319],[-67.798325,45.374494],[-67.801344,45.375566],[-67.801572,45.37663],[-67.796965,45.376775],[-67.796255,45.377523],[-67.697579,45.393466],[-67.704255,45.413498],[-67.705835,45.413945],[-67.707227,45.415526],[-67.712442,45.419698],[-67.71503,45.42389],[-67.716064,45.426503],[-67.709816,45.427793],[-67.707082,45.429787],[-67.706596,45.431778],[-67.708221,45.434946],[-67.707266,45.436422],[-67.704596,45.434299],[-67.703936,45.432311],[-67.702158,45.430523],[-67.698914,45.428847],[-67.698794,45.425844],[-67.700473,45.4245],[-67.698162,45.422448],[-67.698515,45.420728],[-67.697058,45.41928],[-67.697481,45.414096],[-67.693271,45.414768],[-67.689732,45.412342],[-67.687805,45.409939],[-67.686838,45.409595],[-67.686883,45.411504],[-67.688655,45.413527],[-67.689945,45.413875],[-67.690593,45.415351],[-67.681949,45.41532],[-67.677626,45.414894],[-67.6727,45.412827],[-67.670518,45.412805],[-67.667409,45.415227],[-67.665233,45.417673],[-67.665609,45.423667],[-67.663257,45.425765],[-67.66218,45.42918],[-67.6598,45.431814],[-67.659629,45.434003],[-67.655769,45.43153],[-67.654239,45.429779],[-67.651401,45.425357],[-67.64892,45.423532],[-67.647605,45.423526],[-67.645869,45.426331],[-67.643632,45.427565],[-67.64037,45.427301],[-67.640936,45.425265],[-67.639231,45.425145],[-67.637411,45.42394],[-67.635292,45.42346],[-67.632877,45.420978],[-67.63114,45.420634],[-67.630111,45.422881],[-67.626487,45.422396],[-67.623037,45.424551],[-67.619134,45.421493],[-67.617062,45.422053],[-67.616668,45.424249],[-67.613199,45.426796],[-67.611211,45.429778],[-67.606978,45.432252],[-67.609609,45.433828],[-67.616624,45.436202],[-67.620003,45.438281],[-67.616641,45.442152],[-67.6231,45.445826],[-67.625459,45.450488],[-67.631456,45.454978],[-67.633299,45.455408],[-67.637408,45.458791],[-67.634732,45.459212],[-67.636846,45.462288],[-67.635299,45.464421],[-67.635241,45.467278],[-67.636768,45.469168],[-67.637895,45.468822],[-67.641031,45.470776],[-67.640862,45.47243],[-67.642502,45.472801],[-67.641242,45.473902],[-67.643002,45.47494],[-67.642224,45.47674],[-67.644924,45.478964],[-67.646792,45.483712],[-67.64814,45.483786],[-67.648955,45.482743],[-67.654489,45.482912],[-67.656998,45.482271],[-67.659507,45.482624],[-67.661947,45.483854],[-67.664031,45.4822],[-67.664534,45.480977],[-67.668222,45.483532],[-67.672097,45.484085],[-67.672888,45.483613],[-67.676262,45.484206],[-67.677356,45.483237],[-67.679624,45.48275],[-67.679084,45.4817],[-67.681873,45.480688],[-67.683241,45.479624],[-67.684489,45.47971],[-67.686425,45.480966],[-67.689684,45.480702],[-67.69471,45.484238],[-67.697505,45.484423],[-67.698068,45.485082],[-67.704811,45.485334],[-67.706998,45.484076],[-67.715112,45.489835],[-67.72083,45.493158],[-67.73089,45.493206],[-67.740378,45.496279],[-67.742668,45.498022],[-67.748254,45.500217],[-67.748015,45.493086],[-67.75205,45.492124],[-67.753471,45.491228],[-67.75758,45.490489],[-67.759819,45.491154],[-67.762125,45.49249],[-67.767944,45.496752],[-67.768713,45.49782],[-67.769076,45.500246],[-67.773246,45.505291],[-67.774883,45.506208],[-67.818825,45.500085],[-67.821569,45.49983],[-67.868389,45.493377],[-67.869513,45.495027],[-67.873613,45.498236],[-67.874212,45.499479],[-67.876371,45.500369],[-67.875571,45.500852],[-67.875668,45.503049],[-67.874197,45.503809],[-67.873618,45.506004],[-67.871719,45.507988],[-67.870354,45.50792],[-67.869281,45.509381],[-67.871981,45.512293],[-67.871995,45.513846],[-67.871093,45.514827],[-67.86853,45.515531],[-67.866339,45.513821],[-67.866342,45.512818],[-67.86289,45.511024],[-67.860587,45.512207],[-67.860571,45.51461],[-67.859704,45.514862],[-67.857328,45.514924],[-67.855358,45.512987],[-67.85288,45.512706],[-67.851421,45.511431],[-67.848419,45.511491],[-67.848129,45.514427],[-67.846746,45.515376],[-67.845319,45.517657],[-67.844003,45.518273],[-67.841679,45.518007],[-67.837083,45.516056],[-67.834587,45.515711],[-67.828406,45.516053],[-67.826406,45.515637],[-67.831848,45.519743],[-67.831378,45.520638],[-67.829077,45.520673],[-67.827407,45.519909],[-67.825552,45.520061],[-67.825991,45.521402],[-67.828384,45.523132],[-67.830854,45.523081],[-67.835523,45.527085],[-67.838728,45.528526],[-67.84167,45.530343],[-67.843744,45.532119],[-67.842443,45.532718],[-67.845468,45.533631],[-67.844939,45.535236],[-67.841475,45.536894],[-67.839509,45.536586],[-67.838595,45.537373],[-67.839145,45.540025],[-67.842944,45.544541],[-67.844106,45.547033],[-67.845471,45.547159],[-67.845774,45.545511],[-67.849851,45.545057],[-67.85183,45.546026],[-67.853046,45.549315],[-67.855662,45.550565],[-67.856655,45.552173],[-67.854848,45.553568],[-67.856769,45.556319],[-67.857503,45.559085],[-67.854485,45.559946],[-67.855058,45.563359],[-67.854496,45.563979],[-67.853223,45.564101],[-67.846513,45.560343],[-67.844657,45.559798],[-67.843139,45.558585],[-67.837989,45.558861],[-67.836953,45.557307],[-67.833716,45.555969],[-67.8296,45.555895],[-67.829033,45.559368],[-67.831704,45.561682],[-67.833266,45.565528],[-67.835827,45.56708],[-67.834933,45.568389],[-67.835871,45.571896],[-67.837087,45.573105],[-67.836264,45.574389],[-67.834479,45.574591],[-67.836173,45.575895],[-67.838943,45.579844],[-67.842472,45.582886],[-67.847018,45.583143],[-67.847901,45.583976],[-67.939434,45.567679],[-67.939351,45.573687],[-67.9402,45.576165],[-67.94385,45.578954],[-67.943632,45.579874],[-67.945256,45.583391],[-67.94429,45.585546],[-67.944819,45.586483],[-67.946813,45.587109],[-67.946996,45.589847],[-67.944325,45.592887],[-67.943437,45.593],[-67.943165,45.595392],[-67.942064,45.597893],[-67.941145,45.598438],[-67.942037,45.600827],[-67.943479,45.60089],[-67.941911,45.603089],[-67.93834,45.606639],[-67.93819,45.610198],[-67.937041,45.613985],[-67.934713,45.618167],[-67.934164,45.621632],[-67.935309,45.624703],[-67.937087,45.626835],[-67.93841,45.630627],[-67.93741,45.632391],[-67.934562,45.632608],[-67.933984,45.635276],[-67.936291,45.64113],[-67.938515,45.644796],[-67.939634,45.647821],[-67.939329,45.650933],[-67.936928,45.654943],[-67.933829,45.658164],[-67.933541,45.659141],[-68.034881,45.642163]]]}},{"type":"Feature","properties":{"zcta5":"04654","AFFGEOID10":"8600000US04654","GEOID10":"04654","ALAND10":259113301,"AWATER10":34973887,"county_name":"Washington","state_code":"ME","county_state":"Washington County, ME","county_fips":"23029","risk_level_county":"Medium Risk (70–79% vaccinated)","mean_vaccination_rate_county":79.75,"risk_level_zcta":"Medium Risk (70–79% vaccinated)","mean_vaccination_rate_zips":72.28,"cases":5},"geometry":{"type":"MultiPolygon","coordinates":[[[[-67.429479,44.597432],[-67.4294,44.596505],[-67.427801,44.595258],[-67.426151,44.597432],[-67.426864,44.598786],[-67.429479,44.597432]]],[[[-67.491275,44.603694],[-67.491513,44.601663],[-67.488661,44.60014],[-67.486522,44.600147],[-67.488186,44.602509],[-67.490325,44.604371],[-67.491275,44.603694]]],[[[-67.507438,44.622813],[-67.508388,44.621121],[-67.503872,44.617061],[-67.500545,44.619937],[-67.497693,44.62146],[-67.498881,44.621967],[-67.504348,44.622813],[-67.507438,44.622813]]],[[[-67.632053,44.863516],[-67.632624,44.862757],[-67.637944,44.86092],[-67.641695,44.859099],[-67.643799,44.859179],[-67.647762,44.856325],[-67.650991,44.856331],[-67.656153,44.854858],[-67.65667,44.852952],[-67.660194,44.849959],[-67.660818,44.846386],[-67.663041,44.843326],[-67.663873,44.83899],[-67.663352,44.837364],[-67.660617,44.834322],[-67.654154,44.834244],[-67.650519,44.835076],[-67.649104,44.834632],[-67.645889,44.831706],[-67.645021,44.830082],[-67.642383,44.829443],[-67.639747,44.827397],[-67.635311,44.830779],[-67.632032,44.83151],[-67.62855,44.831398],[-67.629637,44.829229],[-67.632533,44.829344],[-67.634678,44.828185],[-67.632723,44.826607],[-67.631583,44.824676],[-67.628848,44.824353],[-67.624648,44.82239],[-67.623429,44.820827],[-67.623063,44.817442],[-67.620681,44.817103],[-67.617549,44.814333],[-67.615858,44.811432],[-67.615431,44.808649],[-67.6158,44.806534],[-67.611337,44.806457],[-67.605995,44.805095],[-67.60265,44.805244],[-67.600745,44.803037],[-67.60062,44.801505],[-67.601683,44.800087],[-67.603827,44.795397],[-67.603566,44.794133],[-67.600496,44.789477],[-67.600742,44.788355],[-67.599429,44.783072],[-67.596769,44.779902],[-67.591653,44.77785],[-67.589078,44.775806],[-67.587099,44.776844],[-67.58311,44.777938],[-67.582347,44.779643],[-67.579805,44.779801],[-67.579973,44.777138],[-67.579687,44.771729],[-67.575927,44.766294],[-67.572037,44.764598],[-67.570219,44.76255],[-67.570327,44.76166],[-67.574532,44.760826],[-67.57524,44.758431],[-67.574438,44.756301],[-67.572613,44.753699],[-67.572751,44.751801],[-67.571657,44.750144],[-67.572861,44.749304],[-67.569219,44.74677],[-67.567728,44.746499],[-67.563392,44.744099],[-67.561517,44.741938],[-67.556627,44.73832],[-67.553582,44.736513],[-67.55354,44.735648],[-67.549816,44.73267],[-67.547416,44.729489],[-67.5452,44.728335],[-67.538491,44.727547],[-67.537894,44.728301],[-67.532481,44.719053],[-67.523443,44.703758],[-67.52441,44.701219],[-67.528547,44.696642],[-67.534426,44.69296],[-67.538028,44.69253],[-67.536221,44.691332],[-67.537485,44.690045],[-67.54064,44.685182],[-67.543559,44.682286],[-67.546998,44.675716],[-67.545732,44.675449],[-67.530184,44.675808],[-67.522954,44.677984],[-67.509445,44.678181],[-67.508699,44.676804],[-67.499755,44.662926],[-67.522702,44.656082],[-67.521509,44.653346],[-67.523385,44.652345],[-67.523771,44.65083],[-67.522663,44.649819],[-67.52599,44.6496],[-67.52701,44.652838],[-67.530549,44.652141],[-67.528854,44.646479],[-67.530481,44.645724],[-67.531553,44.644146],[-67.534406,44.641549],[-67.537254,44.639907],[-67.53988,44.639842],[-67.543099,44.636088],[-67.543508,44.63414],[-67.541823,44.631548],[-67.541197,44.629217],[-67.54168499810541,44.626442263216006],[-67.54022,44.626345],[-67.538098,44.623828],[-67.534533,44.622644],[-67.533582,44.618584],[-67.535009,44.614862],[-67.532632,44.614354],[-67.52978,44.6174],[-67.530777,44.621938],[-67.524061,44.626554],[-67.522802,44.63306],[-67.505804,44.636837],[-67.497693,44.632962],[-67.493632,44.628863],[-67.492464,44.624166],[-67.492373,44.61795],[-67.49389,44.615538],[-67.49698,44.614862],[-67.491038,44.607248],[-67.48676,44.609955],[-67.480918,44.611055],[-67.474876,44.607417],[-67.469647,44.608263],[-67.465606,44.60674],[-67.467001,44.603343],[-67.463518,44.599598],[-67.461803,44.597602],[-67.458448,44.596694],[-67.459902,44.600986],[-67.455623,44.601325],[-67.448513,44.600322],[-67.449444,44.603863],[-67.445403,44.605894],[-67.436847,44.604879],[-67.432569,44.606909],[-67.429716,44.613339],[-67.43756,44.619599],[-67.437797,44.626027],[-67.439224,44.626535],[-67.446354,44.627381],[-67.449206,44.63144],[-67.448968,44.635499],[-67.446592,44.63736],[-67.44469,44.638882],[-67.443739,44.642941],[-67.4417362413371,44.6424659417127],[-67.44044,44.644486],[-67.440499,44.648219],[-67.437942,44.6516],[-67.440859,44.655529],[-67.440831,44.658684],[-67.436865,44.661961],[-67.433928,44.66644],[-67.431841,44.666442],[-67.439749,44.687333],[-67.418744,44.690559],[-67.420422,44.695044],[-67.415434,44.69578],[-67.421434,44.714754],[-67.429799,44.71446],[-67.434443,44.742814],[-67.438992,44.742831],[-67.445259,44.742471],[-67.445532,44.746683],[-67.44878,44.746547],[-67.448956,44.749156],[-67.452447,44.749064],[-67.45391,44.760219],[-67.463914,44.760012],[-67.4641,44.763413],[-67.46554,44.763333],[-67.46558,44.766917],[-67.468884,44.766853],[-67.469287,44.770973],[-67.467839,44.771034],[-67.468858,44.773749],[-67.46916,44.777687],[-67.471155,44.777668],[-67.471326,44.779813],[-67.473221,44.779825],[-67.473269,44.782148],[-67.47672,44.782194],[-67.476823,44.784568],[-67.481329,44.784547],[-67.481454,44.786538],[-67.486508,44.786619],[-67.486494,44.788432],[-67.487811,44.788423],[-67.499438,44.795895],[-67.499437,44.796557],[-67.518097,44.809349],[-67.561037,44.885098],[-67.614561,44.870175],[-67.63195,44.863926],[-67.632053,44.863516]]],[[[-67.772944,44.956764],[-67.779602,44.957721],[-67.785116,44.957476],[-67.789477,44.956008],[-67.793697,44.953687],[-67.795433,44.953127],[-67.797099,44.953511],[-67.798441,44.952378],[-67.802886,44.951141],[-67.804091,44.950438],[-67.804488,44.949969],[-67.802944,44.947815],[-67.80348,44.945395],[-67.801679,44.942877],[-67.799748,44.941286],[-67.795133,44.938557],[-67.792607,44.938191],[-67.789524,44.936429],[-67.784726,44.934812],[-67.782158,44.933461],[-67.780227,44.931729],[-67.779567,44.930426],[-67.775918,44.927387],[-67.770534,44.921582],[-67.773829,44.92005],[-67.776744,44.919152],[-67.784276,44.917787],[-67.788968,44.916099],[-67.791882,44.913988],[-67.797116,44.911],[-67.796226,44.908679],[-67.794891,44.907419],[-67.79094,44.90759],[-67.78718,44.906634],[-67.784544,44.905593],[-67.781258,44.906231],[-67.776475,44.90973],[-67.772171,44.909904],[-67.77134,44.907453],[-67.769483,44.906037],[-67.767499,44.90571],[-67.765267,44.903545],[-67.765551,44.901155],[-67.759679,44.894094],[-67.761397,44.891596],[-67.76189,44.889791],[-67.759405,44.888714],[-67.75585,44.886613],[-67.750335,44.8863],[-67.74925,44.881926],[-67.747398,44.87816],[-67.745188,44.876201],[-67.738829,44.873594],[-67.735251,44.871449],[-67.732939,44.86925],[-67.728266,44.870453],[-67.725262,44.870868],[-67.720957,44.870374],[-67.712495,44.86976],[-67.711199,44.870245],[-67.707515,44.870206],[-67.704609,44.869778],[-67.700362,44.870367],[-67.715683,44.924182],[-67.717115,44.924248],[-67.719249,44.928794],[-67.721831,44.931618],[-67.722767,44.934733],[-67.721888,44.936429],[-67.719632,44.938216],[-67.7202,44.940192],[-67.72636,44.940312],[-67.729964,44.939664],[-67.734665,44.937407],[-67.739486,44.934335],[-67.741542,44.9335],[-67.744602,44.933119],[-67.749629,44.935246],[-67.751262,44.937213],[-67.753768,44.938891],[-67.755967,44.939421],[-67.758007,44.940808],[-67.759337,44.940906],[-67.767716,44.945426],[-67.768218,44.944796],[-67.767514,44.942159],[-67.769191,44.939717],[-67.768752,44.938376],[-67.770431,44.936893],[-67.773855,44.939084],[-67.774831,44.940484],[-67.775004,44.943066],[-67.777696,44.95111],[-67.779138,44.952559],[-67.779169,44.953549],[-67.775843,44.954596],[-67.772944,44.956764]]]]}},{"type":"Feature","properties":{"zcta5":"04671","AFFGEOID10":"8600000US04671","GEOID10":"04671","ALAND10":73006364,"AWATER10":14361212,"county_name":"Washington","state_code":"ME","county_state":"Washington County, ME","county_fips":"23029","risk_level_county":"Medium Risk (70–79% vaccinated)","mean_vaccination_rate_county":79.75,"risk_level_zcta":"Medium Risk (70–79% vaccinated)","mean_vaccination_rate_zips":75.5,"cases":5},"geometry":{"type":"Polygon","coordinates":[[[-67.242666,45.071983],[-67.190294,45.007665],[-67.185849,45.009661],[-67.1024089685519,45.046747824373],[-67.117688,45.05673],[-67.116692,45.058465],[-67.108611,45.059472],[-67.105899,45.065786],[-67.090786,45.068721],[-67.094735,45.075458],[-67.112414,45.112323],[-67.1227728932442,45.124766086764204],[-67.141116,45.116884],[-67.14301,45.115889],[-67.242666,45.071983]]]}},{"type":"Feature","properties":{"zcta5":"04413","AFFGEOID10":"8600000US04413","GEOID10":"04413","ALAND10":133069690,"AWATER10":35302692,"county_name":"Washington","state_code":"ME","county_state":"Washington County, ME","county_fips":"23029","risk_level_county":"Medium Risk (70–79% vaccinated)","mean_vaccination_rate_county":79.75,"risk_level_zcta":"Medium Risk (70–79% vaccinated)","mean_vaccination_rate_zips":75.22,"cases":5},"geometry":{"type":"MultiPolygon","coordinates":[[[[-67.754245,45.667791],[-67.754204,45.663425],[-67.752795,45.660133],[-67.750751,45.65823],[-67.747002,45.655515],[-67.739617,45.649251],[-67.73558,45.645056],[-67.730536,45.638106],[-67.727986,45.635674],[-67.719782,45.629984],[-67.712975,45.626658],[-67.709421,45.623432],[-67.705128,45.620395],[-67.702484,45.617808],[-67.699275,45.613505],[-67.700098,45.615742],[-67.699546,45.618574],[-67.700096,45.620835],[-67.697865,45.62455],[-67.697736,45.62577],[-67.694385,45.625023],[-67.69236,45.622793],[-67.683453,45.621339],[-67.681805,45.621959],[-67.681039,45.623613],[-67.680052,45.623546],[-67.679211,45.621889],[-67.676981,45.620464],[-67.675132,45.618354],[-67.675162,45.617301],[-67.673775,45.615827],[-67.669653,45.613272],[-67.668834,45.612102],[-67.673765,45.613716],[-67.66714,45.609728],[-67.663856,45.605333],[-67.663621,45.604547],[-67.660935,45.602257],[-67.658692,45.603279],[-67.658749,45.605102],[-67.661318,45.609628],[-67.66339,45.612695],[-67.663596,45.61551],[-67.66206,45.617203],[-67.665449,45.619159],[-67.664991,45.621332],[-67.663228,45.621379],[-67.659951,45.619874],[-67.657311,45.616863],[-67.655289,45.615719],[-67.653686,45.615749],[-67.653301,45.61453],[-67.64978,45.612337],[-67.647751,45.611489],[-67.642584,45.608359],[-67.636598,45.605011],[-67.635264,45.603213],[-67.629336,45.59951],[-67.624828,45.598862],[-67.6243866966793,45.6165852592419],[-67.631762,45.621409],[-67.638891,45.625075],[-67.644206,45.62322],[-67.640238,45.616178],[-67.64581,45.613597],[-67.663148,45.625411],[-67.666456,45.624461],[-67.675417,45.630959],[-67.679542,45.638095],[-67.692623,45.650366],[-67.691155,45.653521],[-67.69797,45.659738],[-67.701386,45.669101],[-67.706092,45.673635],[-67.710464,45.679372],[-67.709466,45.68138],[-67.713036,45.681213],[-67.717837,45.679449],[-67.723951,45.684594],[-67.727648,45.688468],[-67.729908,45.689012],[-67.734605,45.688987],[-67.73372,45.684233],[-67.730845,45.678223],[-67.724333,45.672506],[-67.7236,45.670384],[-67.718056,45.667986],[-67.71799,45.665243],[-67.719651,45.662819],[-67.720401,45.662522],[-67.724325,45.66404],[-67.726325,45.662949],[-67.73035,45.663239],[-67.733889,45.664489],[-67.735662,45.66693],[-67.73873,45.667747],[-67.744381,45.672993],[-67.747382,45.670443],[-67.754245,45.667791]]],[[[-67.847901,45.583976],[-67.847018,45.583143],[-67.842472,45.582886],[-67.838943,45.579844],[-67.836173,45.575895],[-67.834479,45.574591],[-67.836264,45.574389],[-67.837087,45.573105],[-67.835871,45.571896],[-67.834933,45.568389],[-67.835827,45.56708],[-67.833266,45.565528],[-67.831704,45.561682],[-67.829033,45.559368],[-67.8296,45.555895],[-67.833716,45.555969],[-67.836953,45.557307],[-67.837989,45.558861],[-67.843139,45.558585],[-67.844657,45.559798],[-67.846513,45.560343],[-67.853223,45.564101],[-67.854496,45.563979],[-67.855058,45.563359],[-67.854485,45.559946],[-67.857503,45.559085],[-67.856769,45.556319],[-67.854848,45.553568],[-67.856655,45.552173],[-67.855662,45.550565],[-67.853046,45.549315],[-67.85183,45.546026],[-67.849851,45.545057],[-67.845774,45.545511],[-67.845471,45.547159],[-67.844106,45.547033],[-67.842944,45.544541],[-67.839145,45.540025],[-67.838595,45.537373],[-67.839509,45.536586],[-67.841475,45.536894],[-67.844939,45.535236],[-67.845468,45.533631],[-67.842443,45.532718],[-67.843744,45.532119],[-67.84167,45.530343],[-67.838728,45.528526],[-67.835523,45.527085],[-67.830854,45.523081],[-67.828384,45.523132],[-67.825991,45.521402],[-67.825552,45.520061],[-67.827407,45.519909],[-67.829077,45.520673],[-67.831378,45.520638],[-67.831848,45.519743],[-67.826406,45.515637],[-67.828406,45.516053],[-67.834587,45.515711],[-67.837083,45.516056],[-67.841679,45.518007],[-67.844003,45.518273],[-67.845319,45.517657],[-67.846746,45.515376],[-67.848129,45.514427],[-67.848419,45.511491],[-67.851421,45.511431],[-67.85288,45.512706],[-67.855358,45.512987],[-67.857328,45.514924],[-67.859704,45.514862],[-67.860571,45.51461],[-67.860587,45.512207],[-67.86289,45.511024],[-67.866342,45.512818],[-67.866339,45.513821],[-67.86853,45.515531],[-67.871093,45.514827],[-67.871995,45.513846],[-67.871981,45.512293],[-67.869281,45.509381],[-67.870354,45.50792],[-67.871719,45.507988],[-67.873618,45.506004],[-67.874197,45.503809],[-67.875668,45.503049],[-67.875571,45.500852],[-67.876371,45.500369],[-67.874212,45.499479],[-67.873613,45.498236],[-67.869513,45.495027],[-67.868389,45.493377],[-67.821569,45.49983],[-67.818825,45.500085],[-67.774883,45.506208],[-67.773246,45.505291],[-67.769076,45.500246],[-67.768713,45.49782],[-67.767944,45.496752],[-67.762125,45.49249],[-67.759819,45.491154],[-67.75758,45.490489],[-67.753471,45.491228],[-67.75205,45.492124],[-67.748015,45.493086],[-67.748254,45.500217],[-67.742668,45.498022],[-67.740378,45.496279],[-67.73089,45.493206],[-67.72083,45.493158],[-67.715112,45.489835],[-67.706998,45.484076],[-67.704811,45.485334],[-67.698068,45.485082],[-67.697505,45.484423],[-67.69471,45.484238],[-67.689684,45.480702],[-67.686425,45.480966],[-67.684489,45.47971],[-67.683241,45.479624],[-67.681873,45.480688],[-67.679084,45.4817],[-67.679624,45.48275],[-67.677356,45.483237],[-67.676262,45.484206],[-67.672888,45.483613],[-67.672097,45.484085],[-67.668222,45.483532],[-67.664534,45.480977],[-67.664031,45.4822],[-67.661947,45.483854],[-67.659507,45.482624],[-67.656998,45.482271],[-67.654489,45.482912],[-67.648955,45.482743],[-67.64814,45.483786],[-67.652735,45.487692],[-67.652936,45.489201],[-67.654811,45.491087],[-67.654297,45.492504],[-67.648195,45.493322],[-67.645936,45.493314],[-67.642327,45.491777],[-67.641574,45.492051],[-67.626646,45.4948],[-67.625271,45.495947],[-67.630271,45.498777],[-67.631899,45.500247],[-67.635458,45.5056],[-67.637711,45.509729],[-67.64137,45.513599],[-67.644855,45.515575],[-67.647351,45.518951],[-67.647983,45.521746],[-67.651735,45.525823],[-67.631107,45.529626],[-67.633684,45.530023],[-67.637439,45.53321],[-67.640603,45.53413],[-67.641616,45.534956],[-67.640518,45.536903],[-67.643098,45.538806],[-67.644244,45.540685],[-67.649666,45.545203],[-67.650935,45.544149],[-67.650715,45.542428],[-67.65151,45.540735],[-67.653779,45.538546],[-67.655029,45.538569],[-67.659139,45.540932],[-67.66165,45.541468],[-67.665479,45.541525],[-67.668745,45.543781],[-67.670118,45.545639],[-67.671718,45.54661],[-67.676823,45.546279],[-67.680052,45.547973],[-67.683969,45.5517],[-67.68701,45.553396],[-67.694139,45.55854],[-67.695162,45.558737],[-67.697118,45.560681],[-67.700713,45.562747],[-67.703601,45.563095],[-67.705488,45.563872],[-67.709705,45.566841],[-67.712192,45.568057],[-67.710676,45.569566],[-67.712361,45.571551],[-67.714777,45.572164],[-67.716549,45.571288],[-67.721166,45.571236],[-67.725629,45.573266],[-67.726272,45.573913],[-67.728055,45.571506],[-67.737483,45.572094],[-67.745654,45.571803],[-67.74902,45.571998],[-67.752757,45.57366],[-67.755084,45.575204],[-67.773748,45.588691],[-67.784306,45.594433],[-67.847901,45.583976]]]]}},{"type":"Feature","properties":{"zcta5":"04657","AFFGEOID10":"8600000US04657","GEOID10":"04657","ALAND10":261190524,"AWATER10":23913363,"county_name":"Washington","state_code":"ME","county_state":"Washington County, ME","county_fips":"23029","risk_level_county":"Medium Risk (70–79% vaccinated)","mean_vaccination_rate_county":79.75,"risk_level_zcta":"Medium Risk (70–79% vaccinated)","mean_vaccination_rate_zips":74.99,"cases":5},"geometry":{"type":"Polygon","coordinates":[[[-67.30159,45.050198],[-67.32362,45.075284],[-67.460421,45.033471],[-67.461467,45.035339],[-67.499438,45.02439],[-67.5034,45.023141],[-67.495627,45.009644],[-67.552644,44.99316],[-67.553299,45.002109],[-67.555238,45.000747],[-67.563794,44.998329],[-67.566738,44.998392],[-67.571945,45.000672],[-67.580616,45.001169],[-67.586545,44.999404],[-67.592329,44.999466],[-67.600725,45.000092],[-67.605071,44.99977],[-67.616319,45.000705],[-67.618932,45.000571],[-67.621639,44.999697],[-67.624546,44.997907],[-67.611797,44.975927],[-67.591831,44.981352],[-67.591224,44.980648],[-67.590519,44.976542],[-67.59041,44.973114],[-67.587963,44.968938],[-67.583804,44.967694],[-67.579481,44.960884],[-67.57764,44.956877],[-67.574959,44.95657],[-67.572713,44.95793],[-67.567921,44.959254],[-67.563785,44.959393],[-67.559874,44.960191],[-67.558274,44.959406],[-67.552465,44.957786],[-67.549643,44.956261],[-67.543606,44.956027],[-67.54139,44.956613],[-67.539677,44.955464],[-67.535958,44.955266],[-67.533086,44.955594],[-67.531514,44.955006],[-67.529609,44.955422],[-67.529051,44.953988],[-67.523968,44.949127],[-67.521325,44.947511],[-67.518894,44.946647],[-67.51511,44.946567],[-67.514255,44.946137],[-67.512084,44.942084],[-67.511918,44.940217],[-67.508199,44.936607],[-67.502685,44.932707],[-67.4989,44.930695],[-67.496624,44.928848],[-67.49421,44.927992],[-67.492356,44.926379],[-67.481026,44.922832],[-67.479181,44.920296],[-67.474704,44.915995],[-67.472974,44.918097],[-67.4722,44.920167],[-67.468392,44.922187],[-67.46535,44.922124],[-67.463178,44.920682],[-67.465633,44.917956],[-67.465764,44.916819],[-67.46197,44.912667],[-67.461893,44.910897],[-67.458535,44.909434],[-67.458896,44.907954],[-67.4562,44.906855],[-67.455081,44.905098],[-67.453413,44.904427],[-67.452316,44.903103],[-67.448605,44.901058],[-67.447686,44.90137],[-67.445721,44.900528],[-67.441536,44.896542],[-67.442816,44.895866],[-67.444468,44.89349],[-67.443018,44.891881],[-67.442332,44.889311],[-67.440644,44.887285],[-67.439611,44.887676],[-67.440153,44.885986],[-67.439622,44.88502],[-67.441179,44.883709],[-67.437631,44.881667],[-67.43612,44.878828],[-67.437763,44.878518],[-67.434405,44.874745],[-67.431844,44.873184],[-67.431964,44.869711],[-67.430369,44.869473],[-67.43062,44.866618],[-67.429228,44.866513],[-67.430173,44.865284],[-67.43001,44.863873],[-67.432024,44.863838],[-67.432256,44.862045],[-67.430029,44.861087],[-67.430957,44.859817],[-67.434053,44.860859],[-67.43673,44.860604],[-67.437354,44.858862],[-67.434457,44.858483],[-67.430153,44.856955],[-67.428594,44.855667],[-67.425525,44.855558],[-67.424729,44.851896],[-67.42346,44.851702],[-67.420553,44.849627],[-67.419211,44.849316],[-67.41743,44.847207],[-67.418079,44.846078],[-67.417848,44.844369],[-67.415157,44.843967],[-67.415876,44.84292],[-67.413552,44.841108],[-67.401602,44.849041],[-67.394902,44.855548],[-67.39218,44.856669],[-67.382986,44.856821],[-67.375364,44.857983],[-67.374149,44.858416],[-67.370262,44.861565],[-67.368942,44.863086],[-67.366652,44.863997],[-67.369154,44.865186],[-67.36981,44.866199],[-67.371757,44.86597],[-67.374756,44.866688],[-67.380948,44.866702],[-67.383515,44.867298],[-67.385836,44.86882],[-67.390196,44.870593],[-67.397042,44.872038],[-67.398644,44.872306],[-67.397878,44.870736],[-67.393397,44.867316],[-67.389544,44.86317],[-67.386189,44.862461],[-67.384045,44.860311],[-67.384557,44.858868],[-67.390997,44.859657],[-67.391661,44.859108],[-67.396737,44.858892],[-67.399051,44.859811],[-67.399613,44.861133],[-67.403129,44.863365],[-67.405018,44.86607],[-67.407238,44.866342],[-67.405728,44.868148],[-67.404956,44.870469],[-67.402915,44.872198],[-67.403771,44.877052],[-67.404919,44.879158],[-67.410792,44.886297],[-67.415719,44.889129],[-67.416956,44.890734],[-67.419311,44.895209],[-67.42022,44.902359],[-67.41955,44.90622],[-67.420022,44.909942],[-67.423202,44.916624],[-67.423668,44.91885],[-67.420963,44.923497],[-67.41773,44.923492],[-67.414443,44.920925],[-67.412779,44.920154],[-67.409785,44.916713],[-67.405612,44.914134],[-67.400768,44.912021],[-67.395142,44.910487],[-67.392782,44.906584],[-67.386784,44.900541],[-67.38335,44.897666],[-67.381239,44.893741],[-67.379604,44.892948],[-67.379945,44.891004],[-67.377754,44.889861],[-67.375827,44.887934],[-67.375073,44.886195],[-67.373274,44.886097],[-67.373458,44.885128],[-67.371419,44.883082],[-67.369226,44.882123],[-67.367379,44.878541],[-67.365077,44.876762],[-67.364541,44.873575],[-67.344665,44.874108],[-67.338177,44.876789],[-67.33628,44.879041],[-67.33221,44.881432],[-67.330064,44.882233],[-67.325184,44.883224],[-67.31846,44.884968],[-67.31018,44.887754],[-67.315633,44.894402],[-67.320724,44.89912],[-67.325482,44.904712],[-67.326674,44.907826],[-67.323655,44.910837],[-67.323152,44.913369],[-67.323713,44.915269],[-67.32373,44.918617],[-67.325473,44.921755],[-67.326371,44.924589],[-67.329077,44.929139],[-67.346337,44.943632],[-67.351495,44.947382],[-67.354918,44.94936],[-67.357945,44.951636],[-67.368022,44.963665],[-67.368533,44.964579],[-67.364246,44.962922],[-67.362531,44.960827],[-67.360326,44.959811],[-67.356796,44.960201],[-67.354231,44.959845],[-67.350537,44.957665],[-67.345704,44.956742],[-67.344047,44.955636],[-67.343082,44.953758],[-67.339566,44.949739],[-67.337056,44.947988],[-67.333582,44.946644],[-67.33105,44.946836],[-67.329257,44.946084],[-67.32559,44.947529],[-67.320227,44.945665],[-67.318305,44.944265],[-67.315138,44.943099],[-67.310635,44.943051],[-67.305675,44.941464],[-67.304613,44.940507],[-67.301846,44.939664],[-67.301389,44.941489],[-67.299613,44.941665],[-67.298801,44.943966],[-67.29446,44.943748],[-67.294677,44.942419],[-67.292344,44.941354],[-67.292552,44.942739],[-67.290682,44.943111],[-67.289885,44.946214],[-67.291801,44.946639],[-67.293238,44.949356],[-67.290008,44.950046],[-67.287411,44.952163],[-67.290524,44.954145],[-67.291743,44.957206],[-67.294108,44.958038],[-67.296804,44.96041],[-67.302329,44.961897],[-67.303804,44.963449],[-67.304732,44.963283],[-67.313071,44.967506],[-67.314925,44.9668],[-67.316958,44.968262],[-67.320758,44.968777],[-67.32246,44.969693],[-67.32627,44.97005],[-67.329284,44.971638],[-67.330329,44.974593],[-67.332948,44.973695],[-67.333699,44.975893],[-67.33544,44.978327],[-67.334782,44.978813],[-67.337746,44.981233],[-67.33889,44.984161],[-67.340505,44.984049],[-67.345148,44.986706],[-67.346722,44.98625],[-67.348887,44.987186],[-67.348911,44.988465],[-67.353364,44.988588],[-67.354221,44.991461],[-67.353637,44.992535],[-67.355099,44.993478],[-67.353478,44.995633],[-67.354847,44.996697],[-67.354214,44.998718],[-67.356466,44.999939],[-67.358211,45.001908],[-67.355281,45.002523],[-67.355096,45.00415],[-67.353047,45.003715],[-67.353333,45.00498],[-67.349568,45.007],[-67.333562,45.014131],[-67.33964,45.021622],[-67.293882,45.041231],[-67.30159,45.050198]]]}},{"type":"Feature","properties":{"zcta5":"04623","AFFGEOID10":"8600000US04623","GEOID10":"04623","ALAND10":352553269,"AWATER10":3955719,"county_name":"Washington","state_code":"ME","county_state":"Washington County, ME","county_fips":"23029","risk_level_county":"Medium Risk (70–79% vaccinated)","mean_vaccination_rate_county":79.75,"risk_level_zcta":"Higher Risk (60–69% vaccinated)","mean_vaccination_rate_zips":67.67,"cases":5},"geometry":{"type":"Polygon","coordinates":[[[-67.807058,44.785169],[-67.80387,44.784099],[-67.803016,44.782583],[-67.800234,44.780411],[-67.798444,44.77967],[-67.79378,44.776012],[-67.796091,44.777227],[-67.79854,44.779554],[-67.80231,44.779845],[-67.804375,44.779484],[-67.806232,44.777409],[-67.804305,44.774306],[-67.799683,44.771917],[-67.799214,44.769009],[-67.801162,44.766977],[-67.80087,44.765988],[-67.802434,44.765446],[-67.803398,44.761846],[-67.806345,44.760495],[-67.80134,44.761575],[-67.79879,44.759756],[-67.800009,44.759047],[-67.80051,44.75641],[-67.801658,44.75554],[-67.801466,44.753675],[-67.803676,44.752424],[-67.802775,44.750718],[-67.800817,44.749149],[-67.803851,44.748645],[-67.804914,44.747355],[-67.802111,44.745408],[-67.802689,44.744379],[-67.800811,44.742185],[-67.798873,44.742093],[-67.798485,44.740549],[-67.800172,44.740248],[-67.800126,44.738505],[-67.798719,44.738405],[-67.797219,44.736449],[-67.795178,44.737359],[-67.792839,44.735404],[-67.791075,44.735403],[-67.789912,44.733383],[-67.785652,44.732546],[-67.78467,44.730874],[-67.781064,44.731374],[-67.777174,44.717408],[-67.879264,44.701318],[-67.878813,44.703035],[-67.881999,44.706922],[-67.884342,44.708486],[-67.885757,44.708476],[-67.884,44.705774],[-67.888187,44.706465],[-67.889907,44.70554],[-67.893217,44.705623],[-67.904795,44.706962],[-67.906686,44.705014],[-67.91343,44.704238],[-67.915131,44.70519],[-67.917482,44.705429],[-67.914786,44.695329],[-67.892095,44.699131],[-67.884416,44.67457],[-67.883848,44.673056],[-67.869877,44.628672],[-67.860703,44.629494],[-67.858338,44.62221],[-67.819806,44.628863],[-67.820037,44.630877],[-67.821505,44.632219],[-67.82224,44.634804],[-67.81346,44.636272],[-67.811408,44.629966],[-67.79351,44.633161],[-67.791153,44.625651],[-67.77271,44.628578],[-67.76476,44.630012],[-67.765584,44.63198],[-67.766968,44.640076],[-67.765992,44.640735],[-67.764693,44.640523],[-67.765524,44.639236],[-67.762506,44.637151],[-67.761099,44.637703],[-67.761653,44.636655],[-67.760186,44.635429],[-67.757753,44.631531],[-67.756124,44.632576],[-67.754922,44.631361],[-67.665605,44.645044],[-67.672839,44.671217],[-67.669071,44.671552],[-67.671706,44.681557],[-67.570658,44.708672],[-67.567452,44.707255],[-67.565657,44.707072],[-67.5612,44.709016],[-67.556905,44.707484],[-67.554276,44.707598],[-67.55091,44.708306],[-67.550172,44.708855],[-67.548793,44.712215],[-67.545041,44.713061],[-67.543502,44.713936],[-67.540101,44.713743],[-67.538978,44.714489],[-67.538179,44.71748],[-67.532481,44.719053],[-67.537894,44.728301],[-67.538491,44.727547],[-67.5452,44.728335],[-67.547416,44.729489],[-67.549816,44.73267],[-67.55354,44.735648],[-67.553582,44.736513],[-67.556627,44.73832],[-67.561517,44.741938],[-67.563392,44.744099],[-67.567728,44.746499],[-67.569219,44.74677],[-67.572861,44.749304],[-67.571657,44.750144],[-67.572751,44.751801],[-67.572613,44.753699],[-67.574438,44.756301],[-67.57524,44.758431],[-67.574532,44.760826],[-67.570327,44.76166],[-67.570219,44.76255],[-67.572037,44.764598],[-67.575927,44.766294],[-67.579687,44.771729],[-67.579973,44.777138],[-67.579805,44.779801],[-67.582347,44.779643],[-67.58311,44.777938],[-67.587099,44.776844],[-67.589078,44.775806],[-67.591653,44.77785],[-67.596769,44.779902],[-67.599429,44.783072],[-67.600742,44.788355],[-67.600496,44.789477],[-67.603566,44.794133],[-67.603827,44.795397],[-67.701038,44.765963],[-67.700921,44.763269],[-67.697046,44.750101],[-67.694787,44.744492],[-67.69711,44.745825],[-67.701056,44.74667],[-67.707056,44.74962],[-67.708152,44.754884],[-67.711105,44.757536],[-67.714934,44.757809],[-67.720371,44.759302],[-67.72233,44.76215],[-67.734674,44.760276],[-67.731235,44.76206],[-67.732388,44.763767],[-67.734464,44.765089],[-67.733916,44.767251],[-67.736912,44.766854],[-67.73401,44.769991],[-67.729812,44.770574],[-67.730063,44.76934],[-67.725359,44.771104],[-67.72431,44.769488],[-67.719573,44.774219],[-67.719188,44.775572],[-67.715509,44.779456],[-67.715592,44.783217],[-67.705793,44.784683],[-67.715771,44.844413],[-67.694099,44.848708],[-67.700362,44.870367],[-67.704609,44.869778],[-67.707515,44.870206],[-67.711199,44.870245],[-67.712495,44.86976],[-67.720957,44.870374],[-67.725262,44.870868],[-67.728266,44.870453],[-67.732939,44.86925],[-67.735251,44.871449],[-67.738829,44.873594],[-67.745188,44.876201],[-67.747398,44.87816],[-67.74925,44.881926],[-67.750335,44.8863],[-67.75585,44.886613],[-67.759405,44.888714],[-67.76189,44.889791],[-67.763863,44.890871],[-67.773144,44.888934],[-67.781988,44.888778],[-67.782703,44.887236],[-67.788347,44.885825],[-67.791554,44.88614],[-67.796413,44.883309],[-67.796684,44.88186],[-67.794999,44.878013],[-67.793616,44.876422],[-67.794069,44.874175],[-67.791719,44.872363],[-67.790838,44.868508],[-67.789629,44.866989],[-67.787745,44.862165],[-67.7857,44.861726],[-67.782797,44.862242],[-67.780102,44.860187],[-67.779624,44.856298],[-67.778868,44.85486],[-67.775976,44.853784],[-67.774274,44.851817],[-67.77569,44.84976],[-67.782954,44.846492],[-67.787294,44.844816],[-67.783899,44.843444],[-67.785062,44.84243],[-67.784831,44.841081],[-67.78277,44.839471],[-67.778781,44.833883],[-67.774148,44.832163],[-67.770942,44.830272],[-67.761715,44.826834],[-67.758874,44.826524],[-67.758209,44.824001],[-67.760157,44.825215],[-67.761498,44.824303],[-67.764057,44.824623],[-67.762775,44.822219],[-67.76415,44.821527],[-67.766946,44.821621],[-67.767499,44.819741],[-67.769512,44.818596],[-67.769522,44.81604],[-67.767365,44.814743],[-67.763519,44.814851],[-67.763325,44.81598],[-67.757185,44.818373],[-67.754171,44.823681],[-67.748163,44.824178],[-67.747071,44.820541],[-67.744113,44.816295],[-67.743353,44.81306],[-67.741815,44.811056],[-67.737185,44.806435],[-67.737245,44.805342],[-67.731564,44.805783],[-67.731661,44.803146],[-67.733477,44.802221],[-67.732209,44.800162],[-67.729866,44.798268],[-67.730861,44.797116],[-67.728874,44.796017],[-67.731893,44.792765],[-67.734017,44.793498],[-67.735974,44.792554],[-67.739078,44.793654],[-67.741861,44.791619],[-67.740983,44.790987],[-67.743037,44.7897],[-67.746019,44.78936],[-67.749416,44.787834],[-67.751513,44.788196],[-67.756553,44.785522],[-67.761692,44.789487],[-67.768266,44.787873],[-67.776363,44.79422],[-67.775639,44.795458],[-67.77818,44.795894],[-67.779818,44.797546],[-67.775011,44.804246],[-67.774699,44.80741],[-67.775299,44.811225],[-67.776045,44.812124],[-67.777214,44.813146],[-67.780761,44.81444],[-67.783867,44.817008],[-67.789248,44.817269],[-67.791748,44.815875],[-67.790205,44.812746],[-67.791347,44.810428],[-67.790287,44.807953],[-67.797084,44.804375],[-67.794828,44.802008],[-67.7926,44.799319],[-67.788432,44.797046],[-67.787777,44.794544],[-67.801019,44.792687],[-67.807058,44.785169]]]}},{"type":"Feature","properties":{"zcta5":"04628","AFFGEOID10":"8600000US04628","GEOID10":"04628","ALAND10":225000948,"AWATER10":13161070,"county_name":"Washington","state_code":"ME","county_state":"Washington County, ME","county_fips":"23029","risk_level_county":"Medium Risk (70–79% vaccinated)","mean_vaccination_rate_county":79.75,"risk_level_zcta":"Medium Risk (70–79% vaccinated)","mean_vaccination_rate_zips":76.33,"cases":5},"geometry":{"type":"Polygon","coordinates":[[[-67.296804,44.96041],[-67.294108,44.958038],[-67.291743,44.957206],[-67.290524,44.954145],[-67.287411,44.952163],[-67.290008,44.950046],[-67.293238,44.949356],[-67.291801,44.946639],[-67.289885,44.946214],[-67.290682,44.943111],[-67.292552,44.942739],[-67.292344,44.941354],[-67.294677,44.942419],[-67.29446,44.943748],[-67.298801,44.943966],[-67.299613,44.941665],[-67.301389,44.941489],[-67.301846,44.939664],[-67.304613,44.940507],[-67.305675,44.941464],[-67.310635,44.943051],[-67.315138,44.943099],[-67.318305,44.944265],[-67.320227,44.945665],[-67.32559,44.947529],[-67.329257,44.946084],[-67.33105,44.946836],[-67.333582,44.946644],[-67.337056,44.947988],[-67.339566,44.949739],[-67.343082,44.953758],[-67.344047,44.955636],[-67.345704,44.956742],[-67.350537,44.957665],[-67.354231,44.959845],[-67.356796,44.960201],[-67.360326,44.959811],[-67.362531,44.960827],[-67.364246,44.962922],[-67.368533,44.964579],[-67.368022,44.963665],[-67.357945,44.951636],[-67.354918,44.94936],[-67.351495,44.947382],[-67.346337,44.943632],[-67.329077,44.929139],[-67.326371,44.924589],[-67.325473,44.921755],[-67.32373,44.918617],[-67.323713,44.915269],[-67.323152,44.913369],[-67.323655,44.910837],[-67.326674,44.907826],[-67.325482,44.904712],[-67.320724,44.89912],[-67.315633,44.894402],[-67.31018,44.887754],[-67.31846,44.884968],[-67.325184,44.883224],[-67.330064,44.882233],[-67.33221,44.881432],[-67.33628,44.879041],[-67.338177,44.876789],[-67.344665,44.874108],[-67.364541,44.873575],[-67.365077,44.876762],[-67.367379,44.878541],[-67.369226,44.882123],[-67.371419,44.883082],[-67.373458,44.885128],[-67.373274,44.886097],[-67.375073,44.886195],[-67.375827,44.887934],[-67.377754,44.889861],[-67.379945,44.891004],[-67.379604,44.892948],[-67.381239,44.893741],[-67.38335,44.897666],[-67.386784,44.900541],[-67.392782,44.906584],[-67.395142,44.910487],[-67.400768,44.912021],[-67.405612,44.914134],[-67.409785,44.916713],[-67.412779,44.920154],[-67.414443,44.920925],[-67.41773,44.923492],[-67.420963,44.923497],[-67.423668,44.91885],[-67.423202,44.916624],[-67.420022,44.909942],[-67.41955,44.90622],[-67.42022,44.902359],[-67.419311,44.895209],[-67.416956,44.890734],[-67.415719,44.889129],[-67.410792,44.886297],[-67.404919,44.879158],[-67.403771,44.877052],[-67.402915,44.872198],[-67.404956,44.870469],[-67.405728,44.868148],[-67.407238,44.866342],[-67.405018,44.86607],[-67.403129,44.863365],[-67.399613,44.861133],[-67.399051,44.859811],[-67.396737,44.858892],[-67.391661,44.859108],[-67.390997,44.859657],[-67.384557,44.858868],[-67.384045,44.860311],[-67.386189,44.862461],[-67.389544,44.86317],[-67.393397,44.867316],[-67.397878,44.870736],[-67.398644,44.872306],[-67.397042,44.872038],[-67.390196,44.870593],[-67.385836,44.86882],[-67.383515,44.867298],[-67.380948,44.866702],[-67.374756,44.866688],[-67.371757,44.86597],[-67.36981,44.866199],[-67.369154,44.865186],[-67.366652,44.863997],[-67.368942,44.863086],[-67.370262,44.861565],[-67.365718,44.863659],[-67.363521,44.864083],[-67.352957,44.863623],[-67.352784,44.862866],[-67.354678,44.861538],[-67.354558,44.858944],[-67.3555,44.857117],[-67.352722,44.853476],[-67.354909,44.850208],[-67.354935,44.848737],[-67.352429,44.846599],[-67.349444,44.845903],[-67.347304,44.843095],[-67.349119,44.841889],[-67.349418,44.83862],[-67.350034,44.838174],[-67.3495,44.835583],[-67.347457,44.835805],[-67.344039,44.833375],[-67.343477,44.832381],[-67.341926,44.832147],[-67.341563,44.830692],[-67.340206,44.829799],[-67.3416,44.826889],[-67.340713,44.825868],[-67.342354,44.82455],[-67.343024,44.822035],[-67.342899,44.819067],[-67.344463,44.817141],[-67.343991,44.812966],[-67.34315,44.811428],[-67.343526,44.809453],[-67.342175,44.805787],[-67.3391,44.805423],[-67.339346,44.803896],[-67.335909,44.803167],[-67.334691,44.801947],[-67.333496,44.802146],[-67.330906,44.800105],[-67.329897,44.800113],[-67.328193,44.797941],[-67.330319,44.79659],[-67.330127,44.794976],[-67.332545,44.792958],[-67.33189,44.791103],[-67.332606,44.79192],[-67.335734,44.791871],[-67.335966,44.790285],[-67.33739,44.789973],[-67.338145,44.78876],[-67.338994,44.790658],[-67.340311,44.791631],[-67.341322,44.794869],[-67.344901,44.800714],[-67.346759,44.80327],[-67.349296,44.805773],[-67.349812,44.804552],[-67.351622,44.803606],[-67.353395,44.803429],[-67.354341,44.800638],[-67.3541,44.797889],[-67.352804,44.795319],[-67.354444,44.793681],[-67.35166,44.789631],[-67.351219,44.787423],[-67.354246,44.785716],[-67.355214,44.783052],[-67.357624,44.780782],[-67.354295,44.780005],[-67.351861,44.778696],[-67.349557,44.778518],[-67.3481,44.777219],[-67.347393,44.778316],[-67.339889,44.777339],[-67.338247,44.776124],[-67.293704,44.791379],[-67.291794,44.790911],[-67.290871,44.788944],[-67.288914,44.789081],[-67.287582,44.78677],[-67.288414,44.78523],[-67.2832,44.783243],[-67.282584,44.78209],[-67.280843,44.78323],[-67.280666,44.78081],[-67.279165,44.779919],[-67.275937,44.780262],[-67.274235,44.779804],[-67.274429,44.777822],[-67.273558,44.777435],[-67.271709,44.777988],[-67.270489,44.782245],[-67.267176,44.782848],[-67.268654,44.783892],[-67.268514,44.787014],[-67.2666,44.790509],[-67.266644,44.792477],[-67.269318,44.793498],[-67.271206,44.792982],[-67.274587,44.794636],[-67.277276,44.793569],[-67.277553,44.795666],[-67.278785,44.796234],[-67.275168,44.797666],[-67.27504,44.796947],[-67.27148,44.797146],[-67.26967,44.794805],[-67.268036,44.796067],[-67.267444,44.794798],[-67.26419,44.79735],[-67.265669,44.798016],[-67.267088,44.7972],[-67.268336,44.797877],[-67.268249,44.799599],[-67.264796,44.801171],[-67.263541,44.799789],[-67.263733,44.800854],[-67.261081,44.802413],[-67.257099,44.800031],[-67.257798,44.801713],[-67.256933,44.803527],[-67.257555,44.805175],[-67.256399,44.805972],[-67.253745,44.804905],[-67.247627,44.806848],[-67.246636,44.810089],[-67.248183,44.813497],[-67.244419,44.813817],[-67.235696,44.816539],[-67.232796,44.816865],[-67.230927,44.817903],[-67.230364,44.821441],[-67.226321,44.820976],[-67.224231,44.821304],[-67.222265,44.823112],[-67.219918,44.823702],[-67.216285,44.823572],[-67.212681,44.826738],[-67.203114,44.829611],[-67.200326,44.831889],[-67.19949,44.83182],[-67.197627,44.831112],[-67.195892,44.829237],[-67.197145,44.827957],[-67.196406,44.825534],[-67.194886,44.823159],[-67.193305,44.824614],[-67.190285,44.825575],[-67.18932,44.824773],[-67.186035,44.825788],[-67.17509,44.807896],[-67.171096,44.805948],[-67.167585,44.803801],[-67.167824,44.802611],[-67.170281,44.800511],[-67.170325,44.80014],[-67.167619,44.800756],[-67.164975,44.8021],[-67.165827,44.80314],[-67.163754,44.808157],[-67.162471,44.814051],[-67.161134,44.814398],[-67.161286,44.815913],[-67.159896,44.81554],[-67.159977,44.820078],[-67.158418,44.820242],[-67.157473,44.818012],[-67.155235,44.817526],[-67.155347,44.822623],[-67.151916,44.82272],[-67.152529,44.824432],[-67.151899,44.826226],[-67.150065,44.8249],[-67.149486,44.82571],[-67.151298,44.829034],[-67.150577,44.830778],[-67.148993,44.830329],[-67.149957,44.832443],[-67.149905,44.834296],[-67.152484,44.834617],[-67.153841,44.833181],[-67.154474,44.831134],[-67.155473,44.832086],[-67.155683,44.833953],[-67.15785,44.835347],[-67.157498,44.836377],[-67.158448,44.839012],[-67.161029,44.840422],[-67.161119,44.84217],[-67.162238,44.842737],[-67.162664,44.845984],[-67.160689,44.843234],[-67.157247,44.840955],[-67.156182,44.839272],[-67.153905,44.836404],[-67.153008,44.837317],[-67.150098,44.836316],[-67.149987,44.838024],[-67.148098,44.839326],[-67.150744,44.842556],[-67.151448,44.841037],[-67.15354,44.840125],[-67.155113,44.840826],[-67.155774,44.843006],[-67.154393,44.843083],[-67.153169,44.84499],[-67.153562,44.848408],[-67.152184,44.847593],[-67.151984,44.846132],[-67.150393,44.845683],[-67.149405,44.84374],[-67.149179,44.845996],[-67.150745,44.849316],[-67.14965,44.849425],[-67.150385,44.85121],[-67.148236,44.850932],[-67.147225,44.852473],[-67.147297,44.854302],[-67.148459,44.856418],[-67.148401,44.858857],[-67.1505,44.859431],[-67.149558,44.862863],[-67.150982,44.863967],[-67.152694,44.863868],[-67.154322,44.865893],[-67.155186,44.868608],[-67.158873,44.869937],[-67.159325,44.870952],[-67.157354,44.872],[-67.157959,44.873036],[-67.156877,44.873982],[-67.158028,44.875153],[-67.162396,44.874296],[-67.162788,44.875113],[-67.154694,44.875202],[-67.140697,44.875053],[-67.140376,44.876676],[-67.138935,44.875092],[-67.134035,44.875074],[-67.133312,44.876192],[-67.134352,44.877667],[-67.132317,44.876527],[-67.131124,44.875041],[-67.131246,44.877725],[-67.129594,44.876446],[-67.12691,44.875772],[-67.12485,44.876224],[-67.124405,44.879899],[-67.126684,44.880963],[-67.125304,44.884289],[-67.124428,44.88788],[-67.126029,44.884256],[-67.128804,44.882663],[-67.129067,44.879921],[-67.133863,44.88009],[-67.146489,44.878342],[-67.174321,44.901588],[-67.195789,44.910311],[-67.199951,44.912726],[-67.201182,44.913942],[-67.206905,44.916778],[-67.215689,44.922452],[-67.21562,44.923864],[-67.216962,44.925938],[-67.218903,44.927282],[-67.219934,44.928991],[-67.223573,44.931487],[-67.221028,44.939081],[-67.254617,44.976984],[-67.25877,44.972559],[-67.260897,44.966022],[-67.263164,44.963592],[-67.263873,44.960847],[-67.266374,44.960881],[-67.269402,44.960351],[-67.273839,44.963213],[-67.278998,44.968255],[-67.296804,44.96041]]]}},{"type":"Feature","properties":{"zcta5":"04631","AFFGEOID10":"8600000US04631","GEOID10":"04631","ALAND10":9470698,"AWATER10":22804866,"county_name":"Washington","state_code":"ME","county_state":"Washington County, ME","county_fips":"23029","risk_level_county":"Medium Risk (70–79% vaccinated)","mean_vaccination_rate_county":79.75,"risk_level_zcta":"Higher Risk (60–69% vaccinated)","mean_vaccination_rate_zips":68.79,"cases":5},"geometry":{"type":"Polygon","coordinates":[[[-67.0385279826039,44.9480713906654],[-67.045213,44.946356],[-67.04599,44.945658],[-67.048828,44.938613],[-67.050085,44.93737],[-67.052269,44.910846],[-67.047759,44.910472],[-67.042232,44.908946],[-67.036345,44.906217],[-67.033311,44.905309],[-67.029294,44.903493],[-67.026587,44.901016],[-67.024398,44.898152],[-67.020386,44.894148],[-67.013595,44.890853],[-67.006152,44.887914],[-67.004465,44.887534],[-66.998098,44.887305],[-66.998554,44.874152],[-66.996587,44.87412],[-66.99651,44.870742],[-66.9851540803429,44.870583252709196],[-66.98573404903729,44.873122194869694],[-66.987394,44.880389],[-66.990351,44.882551],[-66.994762,44.89184],[-66.992148,44.894029],[-66.989235,44.89648],[-66.985901,44.89715],[-66.984067,44.898238],[-66.983558,44.903277],[-66.983116,44.907666],[-66.984466,44.912557],[-66.98787,44.916082],[-66.990937,44.917835],[-67.000467,44.919785],[-67.003794,44.920795],[-67.004745,44.923151],[-67.01449,44.925843],[-67.015975,44.928156],[-67.014015,44.930218],[-67.010925,44.933079],[-67.010449,44.935266],[-67.014252,44.937117],[-67.021582,44.937349],[-67.023284,44.938968],[-67.027325,44.939304],[-67.033474,44.939923],[-67.032554,44.944351],[-67.038299,44.945433],[-67.0385279826039,44.9480713906654]]]}},{"type":"Feature","properties":{"zcta5":"04691","AFFGEOID10":"8600000US04691","GEOID10":"04691","ALAND10":121620479,"AWATER10":13631196,"county_name":"Washington","state_code":"ME","county_state":"Washington County, ME","county_fips":"23029","risk_level_county":"Medium Risk (70–79% vaccinated)","mean_vaccination_rate_county":79.75,"risk_level_zcta":"Medium Risk (70–79% vaccinated)","mean_vaccination_rate_zips":76.91,"cases":5},"geometry":{"type":"Polygon","coordinates":[[[-67.338247,44.776124],[-67.362143,44.768005],[-67.356725,44.757894],[-67.354448,44.756556],[-67.351748,44.75293],[-67.352341,44.751891],[-67.34964,44.748357],[-67.350762,44.746935],[-67.338194,44.724403],[-67.326612779382,44.703487554955494],[-67.319671,44.704802],[-67.308538,44.707454],[-67.299176,44.705705],[-67.29942702467679,44.7045330802898],[-67.143466,44.751637],[-67.164861,44.790155],[-67.170666,44.78966],[-67.173988,44.788786],[-67.175405,44.790777],[-67.174122,44.791715],[-67.171577,44.796792],[-67.170325,44.80014],[-67.170281,44.800511],[-67.167824,44.802611],[-67.167585,44.803801],[-67.171096,44.805948],[-67.17509,44.807896],[-67.186035,44.825788],[-67.18932,44.824773],[-67.190285,44.825575],[-67.193305,44.824614],[-67.194886,44.823159],[-67.196406,44.825534],[-67.197145,44.827957],[-67.195892,44.829237],[-67.197627,44.831112],[-67.19949,44.83182],[-67.200326,44.831889],[-67.203114,44.829611],[-67.212681,44.826738],[-67.216285,44.823572],[-67.219918,44.823702],[-67.222265,44.823112],[-67.224231,44.821304],[-67.226321,44.820976],[-67.230364,44.821441],[-67.230927,44.817903],[-67.232796,44.816865],[-67.235696,44.816539],[-67.244419,44.813817],[-67.248183,44.813497],[-67.246636,44.810089],[-67.247627,44.806848],[-67.253745,44.804905],[-67.256399,44.805972],[-67.257555,44.805175],[-67.256933,44.803527],[-67.257798,44.801713],[-67.257099,44.800031],[-67.261081,44.802413],[-67.263733,44.800854],[-67.263541,44.799789],[-67.264796,44.801171],[-67.268249,44.799599],[-67.268336,44.797877],[-67.267088,44.7972],[-67.265669,44.798016],[-67.26419,44.79735],[-67.267444,44.794798],[-67.268036,44.796067],[-67.26967,44.794805],[-67.27148,44.797146],[-67.27504,44.796947],[-67.275168,44.797666],[-67.278785,44.796234],[-67.277553,44.795666],[-67.277276,44.793569],[-67.274587,44.794636],[-67.271206,44.792982],[-67.269318,44.793498],[-67.266644,44.792477],[-67.2666,44.790509],[-67.268514,44.787014],[-67.268654,44.783892],[-67.267176,44.782848],[-67.270489,44.782245],[-67.271709,44.777988],[-67.273558,44.777435],[-67.274429,44.777822],[-67.274235,44.779804],[-67.275937,44.780262],[-67.279165,44.779919],[-67.280666,44.78081],[-67.280843,44.78323],[-67.282584,44.78209],[-67.2832,44.783243],[-67.288414,44.78523],[-67.287582,44.78677],[-67.288914,44.789081],[-67.290871,44.788944],[-67.291794,44.790911],[-67.293704,44.791379],[-67.338247,44.776124]]]}},{"type":"Feature","properties":{"zcta5":"04668","AFFGEOID10":"8600000US04668","GEOID10":"04668","ALAND10":251324779,"AWATER10":43451374,"county_name":"Washington","state_code":"ME","county_state":"Washington County, ME","county_fips":"23029","risk_level_county":"Medium Risk (70–79% vaccinated)","mean_vaccination_rate_county":79.75,"risk_level_zcta":"Higher Risk (60–69% vaccinated)","mean_vaccination_rate_zips":66.88,"cases":5},"geometry":{"type":"Polygon","coordinates":[[[-67.551494,45.322472],[-67.553764,45.319651],[-67.635424,45.311156],[-67.642789,45.31002],[-67.677859,45.30548],[-67.679175,45.305135],[-67.679498,45.303375],[-67.676021,45.301539],[-67.684884,45.300525],[-67.688778,45.299656],[-67.670441,45.230718],[-67.661085,45.192347],[-67.662172,45.191869],[-67.664025,45.189179],[-67.675297,45.177068],[-67.680262,45.16544],[-67.680035,45.153924],[-67.679255,45.14968],[-67.678794,45.148464],[-67.677106,45.147499],[-67.668311,45.146118],[-67.664549,45.144288],[-67.662936,45.142501],[-67.662935,45.140546],[-67.664281,45.137988],[-67.666413,45.135448],[-67.66767,45.132594],[-67.669359,45.13089],[-67.672817,45.129517],[-67.675933,45.129234],[-67.677481,45.127897],[-67.676704,45.127073],[-67.678772,45.124145],[-67.678864,45.120698],[-67.679851,45.118265],[-67.677832,45.117193],[-67.675699,45.117155],[-67.674594,45.116355],[-67.675918,45.11452],[-67.675514,45.11371],[-67.677552,45.113085],[-67.676273,45.111491],[-67.674427,45.110884],[-67.67356,45.10857],[-67.674527,45.107217],[-67.676904,45.106322],[-67.67741,45.104759],[-67.676399,45.10213],[-67.672373,45.104918],[-67.670038,45.104508],[-67.662436,45.098425],[-67.661082,45.097987],[-67.651809,45.097687],[-67.645844,45.095723],[-67.637857,45.097103],[-67.636331,45.098202],[-67.634802,45.100828],[-67.632998,45.102429],[-67.629778,45.100163],[-67.628562,45.100324],[-67.627177,45.098291],[-67.623594,45.097046],[-67.622193,45.0981],[-67.620224,45.097415],[-67.619455,45.095979],[-67.617273,45.097005],[-67.615978,45.096693],[-67.614005,45.09855],[-67.612083,45.098743],[-67.611729,45.097892],[-67.609918,45.100836],[-67.609662,45.10302],[-67.611587,45.104636],[-67.61282,45.107723],[-67.615085,45.112122],[-67.61406,45.117103],[-67.614749,45.119687],[-67.613668,45.123791],[-67.612662,45.125258],[-67.606592,45.128227],[-67.604128,45.127312],[-67.601378,45.122872],[-67.598665,45.121583],[-67.596688,45.120037],[-67.594806,45.122539],[-67.595342,45.124702],[-67.594988,45.128163],[-67.590779,45.127724],[-67.588151,45.12793],[-67.586123,45.129345],[-67.582799,45.129484],[-67.581618,45.12909],[-67.574027,45.114702],[-67.515333,45.129995],[-67.454719,45.149503],[-67.536531,45.244954],[-67.531408,45.245019],[-67.529749,45.246204],[-67.526591,45.250997],[-67.522037,45.253057],[-67.522742,45.255155],[-67.526788,45.262472],[-67.53199,45.269331],[-67.536325,45.272227],[-67.539445,45.273901],[-67.541236,45.28093],[-67.540787,45.279241],[-67.539589,45.280086],[-67.538163,45.27968],[-67.53762,45.276573],[-67.538394,45.275205],[-67.536447,45.275252],[-67.53398,45.273015],[-67.533601,45.274208],[-67.535596,45.275669],[-67.533288,45.277111],[-67.532759,45.27651],[-67.52834,45.275594],[-67.525141,45.273392],[-67.525487,45.276543],[-67.524695,45.27574],[-67.522754,45.275729],[-67.52213,45.274681],[-67.520929,45.275282],[-67.520353,45.273731],[-67.521438,45.272732],[-67.523096,45.272965],[-67.521976,45.271492],[-67.519121,45.273332],[-67.51762,45.273088],[-67.518775,45.271761],[-67.517895,45.271201],[-67.517241,45.268735],[-67.518375,45.268727],[-67.522256,45.269016],[-67.52423,45.271679],[-67.522079,45.267934],[-67.52008,45.267214],[-67.518963,45.264765],[-67.518017,45.263902],[-67.517957,45.265954],[-67.516989,45.267039],[-67.515342,45.264435],[-67.512707,45.262271],[-67.509901,45.26219],[-67.509903,45.263347],[-67.511147,45.266162],[-67.510263,45.266088],[-67.512723,45.267893],[-67.511838,45.268462],[-67.510388,45.267187],[-67.508699,45.266895],[-67.506337,45.264902],[-67.506774,45.26376],[-67.505707,45.263224],[-67.505661,45.265854],[-67.5106,45.27063],[-67.522635,45.286484],[-67.522371,45.28856],[-67.517781,45.291589],[-67.516931,45.296699],[-67.521481,45.302974],[-67.528438,45.310925],[-67.530269,45.312179],[-67.533182,45.313155],[-67.539626,45.318332],[-67.542027,45.320602],[-67.54349,45.324215],[-67.546808,45.326686],[-67.550292,45.323914],[-67.551494,45.322472]]]}},{"type":"Feature","properties":{"zcta5":"04492","AFFGEOID10":"8600000US04492","GEOID10":"04492","ALAND10":120439401,"AWATER10":455561,"county_name":"Washington","state_code":"ME","county_state":"Washington County, ME","county_fips":"23029","risk_level_county":"Medium Risk (70–79% vaccinated)","mean_vaccination_rate_county":79.75,"risk_level_zcta":"Medium Risk (70–79% vaccinated)","mean_vaccination_rate_zips":78.54,"cases":5},"geometry":{"type":"Polygon","coordinates":[[[-67.686838,45.409595],[-67.687805,45.409939],[-67.689732,45.412342],[-67.693271,45.414768],[-67.697481,45.414096],[-67.697058,45.41928],[-67.698515,45.420728],[-67.698162,45.422448],[-67.700473,45.4245],[-67.698794,45.425844],[-67.698914,45.428847],[-67.702158,45.430523],[-67.703936,45.432311],[-67.704596,45.434299],[-67.707266,45.436422],[-67.708221,45.434946],[-67.706596,45.431778],[-67.707082,45.429787],[-67.709816,45.427793],[-67.716064,45.426503],[-67.71503,45.42389],[-67.712442,45.419698],[-67.707227,45.415526],[-67.705835,45.413945],[-67.704255,45.413498],[-67.697579,45.393466],[-67.796255,45.377523],[-67.796965,45.376775],[-67.801572,45.37663],[-67.801344,45.375566],[-67.798325,45.374494],[-67.796217,45.37319],[-67.793331,45.370103],[-67.790022,45.369577],[-67.786521,45.368044],[-67.781591,45.367677],[-67.775983,45.364544],[-67.771382,45.359148],[-67.769631,45.359375],[-67.766314,45.356262],[-67.763028,45.35223],[-67.762637,45.351264],[-67.759738,45.351663],[-67.75751,45.351157],[-67.752674,45.349262],[-67.74928,45.347124],[-67.744333,45.342698],[-67.744342,45.340784],[-67.746304,45.337442],[-67.747513,45.331194],[-67.750322,45.328784],[-67.749302,45.326268],[-67.747878,45.324467],[-67.747705,45.322912],[-67.745399,45.319728],[-67.74426,45.316638],[-67.744671,45.315888],[-67.740106,45.313672],[-67.737306,45.313366],[-67.730821,45.3135],[-67.728102,45.314278],[-67.725488,45.316292],[-67.724324,45.314025],[-67.726013,45.31203],[-67.723668,45.308713],[-67.724764,45.305683],[-67.719805,45.298798],[-67.689861,45.303458],[-67.688778,45.299656],[-67.684884,45.300525],[-67.676021,45.301539],[-67.679498,45.303375],[-67.679175,45.305135],[-67.677859,45.30548],[-67.642789,45.31002],[-67.635424,45.311156],[-67.553764,45.319651],[-67.551494,45.322472],[-67.553653,45.330683],[-67.561992,45.335846],[-67.567735,45.337588],[-67.572251,45.34084],[-67.605414,45.361177],[-67.621571,45.372771],[-67.622945,45.373117],[-67.628719,45.372752],[-67.636974,45.373803],[-67.640063,45.373278],[-67.645183,45.373284],[-67.642639,45.376013],[-67.640914,45.377205],[-67.666441,45.383169],[-67.666781,45.385203],[-67.668653,45.385454],[-67.669394,45.388177],[-67.671016,45.38924],[-67.671027,45.390424],[-67.673246,45.391525],[-67.677088,45.394216],[-67.677751,45.395381],[-67.680688,45.396936],[-67.681062,45.397737],[-67.681177,45.398611],[-67.685329,45.404402],[-67.685115,45.405628],[-67.686522,45.407755],[-67.686838,45.409595]]]}},{"type":"Feature","properties":{"zcta5":"04626","AFFGEOID10":"8600000US04626","GEOID10":"04626","ALAND10":121276651,"AWATER10":68130566,"county_name":"Washington","state_code":"ME","county_state":"Washington County, ME","county_fips":"23029","risk_level_county":"Medium Risk (70–79% vaccinated)","mean_vaccination_rate_county":79.75,"risk_level_zcta":"Medium Risk (70–79% vaccinated)","mean_vaccination_rate_zips":70.26,"cases":5},"geometry":{"type":"MultiPolygon","coordinates":[[[[-67.322595,44.611595],[-67.322513,44.609069],[-67.320606,44.607222],[-67.319156,44.606521],[-67.319277,44.605006],[-67.318245,44.603694],[-67.31563,44.605217],[-67.313789,44.604048],[-67.314722,44.60168],[-67.314153,44.597468],[-67.310709,44.598303],[-67.308027,44.597161],[-67.303039,44.597402],[-67.298827,44.599198],[-67.292338,44.599125],[-67.291433,44.60105],[-67.291113,44.602432],[-67.287814,44.604534],[-67.283299,44.604183],[-67.280207,44.603448],[-67.278314,44.605725],[-67.280216,44.608263],[-67.280454,44.609786],[-67.277126,44.609955],[-67.273798,44.609955],[-67.26548,44.605048],[-67.263629,44.603611],[-67.261668,44.604598],[-67.260985,44.608656],[-67.263816,44.608771],[-67.269045,44.611139],[-67.270946,44.612662],[-67.274749,44.615031],[-67.279027,44.615877],[-67.28188,44.618415],[-67.282117,44.619937],[-67.284256,44.619768],[-67.289723,44.616723],[-67.291149,44.619261],[-67.29519,44.621121],[-67.299706,44.621121],[-67.301401,44.623611],[-67.30597,44.620838],[-67.30642,44.61891],[-67.311107,44.616706],[-67.310639,44.614016],[-67.309688,44.612155],[-67.31254,44.610632],[-67.31563,44.611985],[-67.318245,44.611139],[-67.320219,44.61332],[-67.321744,44.612771],[-67.322595,44.611595]]],[[[-67.29942702467679,44.7045330802898],[-67.300419,44.699902],[-67.300144,44.696752],[-67.307909,44.691295],[-67.308737,44.689258],[-67.306598,44.686892],[-67.306598,44.682499],[-67.304697,44.679288],[-67.308844,44.673876],[-67.309225,44.66678],[-67.306361,44.666104],[-67.306836,44.662892],[-67.308024,44.661371],[-67.310163,44.661878],[-67.314679,44.66323],[-67.320146,44.663568],[-67.318853,44.671751],[-67.322058,44.6739],[-67.322761,44.667794],[-67.327557,44.667026],[-67.326182,44.656715],[-67.322687,44.660026],[-67.318802,44.659745],[-67.315205,44.660369],[-67.309627,44.659316],[-67.298449,44.654377],[-67.30046,44.650164],[-67.298578,44.648297],[-67.295874,44.649299],[-67.292462,44.648455],[-67.294827,44.642771],[-67.294952,44.637022],[-67.291149,44.630763],[-67.286633,44.629918],[-67.287346,44.623997],[-67.281167,44.623151],[-67.275141,44.623433],[-67.274122,44.626345],[-67.268807,44.628565],[-67.268807,44.630594],[-67.265242,44.630763],[-67.257874,44.627042],[-67.251219,44.625689],[-67.246373,44.626384],[-67.24908,44.628395],[-67.254309,44.630594],[-67.254784,44.632624],[-67.259062,44.63533],[-67.261677,44.63922],[-67.266668,44.63922],[-67.26952,44.640066],[-67.270471,44.645815],[-67.267856,44.65055],[-67.270471,44.654946],[-67.272848,44.664075],[-67.264767,44.66678],[-67.25312,44.667456],[-67.246703,44.669147],[-67.240761,44.665766],[-67.244326,44.658835],[-67.246465,44.651395],[-67.24599,44.646323],[-67.243138,44.645646],[-67.245138,44.640935],[-67.242174,44.639916],[-67.23981,44.641757],[-67.237867,44.638436],[-67.234275,44.637201],[-67.213025,44.63922],[-67.189427,44.645533],[-67.191438,44.64775],[-67.192068,44.655515],[-67.186612,44.66265],[-67.181785,44.663699],[-67.169857,44.662105],[-67.154479,44.668114],[-67.155119,44.66944],[-67.148061,44.684114],[-67.139209,44.693849],[-67.128792,44.695421],[-67.123087,44.701597],[-67.118755,44.702215],[-67.119782,44.70497],[-67.1187066261902,44.706389183225],[-67.142443,44.750085],[-67.143466,44.751637],[-67.29942702467679,44.7045330802898]]]]}},{"type":"Feature","properties":{"zcta5":"04611","AFFGEOID10":"8600000US04611","GEOID10":"04611","ALAND10":14547139,"AWATER10":56734119,"county_name":"Washington","state_code":"ME","county_state":"Washington County, ME","county_fips":"23029","risk_level_county":"Medium Risk (70–79% vaccinated)","mean_vaccination_rate_county":79.75,"risk_level_zcta":"Medium Risk (70–79% vaccinated)","mean_vaccination_rate_zips":73.18,"cases":5},"geometry":{"type":"MultiPolygon","coordinates":[[[[-67.602747,44.444237],[-67.602034,44.442709],[-67.599955,44.441753],[-67.595624,44.444076],[-67.601797,44.444746],[-67.602747,44.444237]]],[[[-67.611939,44.452712],[-67.614217,44.448841],[-67.61176,44.446376],[-67.611599,44.443584],[-67.608689,44.443558],[-67.605599,44.445933],[-67.60639,44.447025],[-67.609383,44.447903],[-67.609165,44.450854],[-67.611939,44.452712]]],[[[-67.621286,44.507835],[-67.620573,44.503766],[-67.617483,44.504445],[-67.615107,44.502241],[-67.610115,44.503088],[-67.607199,44.503576],[-67.604919,44.502056],[-67.605837,44.496985],[-67.603698,44.489695],[-67.605362,44.488508],[-67.612492,44.488],[-67.614692,44.487037],[-67.612254,44.485286],[-67.603162,44.485024],[-67.601605,44.481975],[-67.599182,44.47579],[-67.594546,44.470043],[-67.593715,44.467479],[-67.595286,44.462195],[-67.592755,44.458572],[-67.588346,44.449754],[-67.589199,44.447291],[-67.585764,44.448097],[-67.581378,44.45013],[-67.574206,44.45173],[-67.571774,44.453403],[-67.566606,44.455768],[-67.56971,44.457301],[-67.570423,44.460015],[-67.571136,44.465613],[-67.570423,44.471889],[-67.565194,44.470871],[-67.562651,44.472104],[-67.571374,44.479351],[-67.572324,44.483082],[-67.576536,44.483333],[-67.578742,44.485117],[-67.577078,44.488169],[-67.580168,44.490712],[-67.587613,44.492377],[-67.590627,44.49415],[-67.588249,44.498342],[-67.589259,44.50084],[-67.587229,44.504425],[-67.585353,44.505613],[-67.583257,44.508174],[-67.58706,44.511055],[-67.582113,44.513459],[-67.579692,44.514784],[-67.5764982650251,44.519502126661195],[-67.576365,44.519699],[-67.577315,44.521732],[-67.585872,44.522071],[-67.587738,44.516196],[-67.593953,44.515123],[-67.593953,44.511733],[-67.59942,44.50936],[-67.602747,44.509021],[-67.604886,44.515462],[-67.599182,44.52258],[-67.610591,44.522749],[-67.61541,44.521973],[-67.617959,44.521563],[-67.619761,44.519754],[-67.620334,44.515277],[-67.618434,44.512242],[-67.621286,44.507835]]],[[[-67.622926,44.464459],[-67.62295,44.46239],[-67.618434,44.460185],[-67.61582,44.461373],[-67.616533,44.463408],[-67.620811,44.464426],[-67.622926,44.464459]]],[[[-67.634834,44.490712],[-67.635763,44.487931],[-67.633941,44.48708],[-67.631506,44.48766],[-67.630318,44.490034],[-67.63008,44.492238],[-67.629367,44.496985],[-67.629605,44.498681],[-67.632933,44.499189],[-67.63317,44.497325],[-67.634834,44.490712]]],[[[-67.647669,44.514445],[-67.648857,44.511055],[-67.647669,44.506818],[-67.645054,44.504614],[-67.641727,44.504614],[-67.641014,44.506479],[-67.638162,44.508004],[-67.635547,44.509699],[-67.634121,44.511055],[-67.628179,44.511394],[-67.625564,44.513258],[-67.628179,44.514953],[-67.631982,44.514784],[-67.635547,44.513767],[-67.641014,44.513767],[-67.642677,44.515292],[-67.644817,44.517495],[-67.647669,44.514445]]]]}},{"type":"Feature","properties":{"zcta5":"04630","AFFGEOID10":"8600000US04630","GEOID10":"04630","ALAND10":227359002,"AWATER10":38969750,"county_name":"Washington","state_code":"ME","county_state":"Washington County, ME","county_fips":"23029","risk_level_county":"Medium Risk (70–79% vaccinated)","mean_vaccination_rate_county":79.75,"risk_level_zcta":"Medium Risk (70–79% vaccinated)","mean_vaccination_rate_zips":78.61,"cases":5},"geometry":{"type":"Polygon","coordinates":[[[-67.370262,44.861565],[-67.374149,44.858416],[-67.375364,44.857983],[-67.382986,44.856821],[-67.39218,44.856669],[-67.394902,44.855548],[-67.401602,44.849041],[-67.413552,44.841108],[-67.415876,44.84292],[-67.415157,44.843967],[-67.417848,44.844369],[-67.418079,44.846078],[-67.41743,44.847207],[-67.419211,44.849316],[-67.420553,44.849627],[-67.42346,44.851702],[-67.424729,44.851896],[-67.425525,44.855558],[-67.428594,44.855667],[-67.430153,44.856955],[-67.434457,44.858483],[-67.437354,44.858862],[-67.43673,44.860604],[-67.434053,44.860859],[-67.430957,44.859817],[-67.430029,44.861087],[-67.432256,44.862045],[-67.432024,44.863838],[-67.43001,44.863873],[-67.430173,44.865284],[-67.429228,44.866513],[-67.43062,44.866618],[-67.430369,44.869473],[-67.431964,44.869711],[-67.431844,44.873184],[-67.434405,44.874745],[-67.437763,44.878518],[-67.43612,44.878828],[-67.437631,44.881667],[-67.441179,44.883709],[-67.439622,44.88502],[-67.440153,44.885986],[-67.439611,44.887676],[-67.440644,44.887285],[-67.442332,44.889311],[-67.443018,44.891881],[-67.444468,44.89349],[-67.442816,44.895866],[-67.441536,44.896542],[-67.445721,44.900528],[-67.447686,44.90137],[-67.448605,44.901058],[-67.452316,44.903103],[-67.453413,44.904427],[-67.455081,44.905098],[-67.4562,44.906855],[-67.458896,44.907954],[-67.458535,44.909434],[-67.461893,44.910897],[-67.46197,44.912667],[-67.465764,44.916819],[-67.465633,44.917956],[-67.463178,44.920682],[-67.46535,44.922124],[-67.468392,44.922187],[-67.4722,44.920167],[-67.472974,44.918097],[-67.474704,44.915995],[-67.479181,44.920296],[-67.481026,44.922832],[-67.492356,44.926379],[-67.49421,44.927992],[-67.496624,44.928848],[-67.4989,44.930695],[-67.502685,44.932707],[-67.508199,44.936607],[-67.511918,44.940217],[-67.512084,44.942084],[-67.514255,44.946137],[-67.51511,44.946567],[-67.518894,44.946647],[-67.521325,44.947511],[-67.523968,44.949127],[-67.529051,44.953988],[-67.529609,44.955422],[-67.531514,44.955006],[-67.533086,44.955594],[-67.535958,44.955266],[-67.539677,44.955464],[-67.54139,44.956613],[-67.543606,44.956027],[-67.549643,44.956261],[-67.552465,44.957786],[-67.558274,44.959406],[-67.559874,44.960191],[-67.563785,44.959393],[-67.567921,44.959254],[-67.572713,44.95793],[-67.574959,44.95657],[-67.57764,44.956877],[-67.579481,44.960884],[-67.583804,44.967694],[-67.587963,44.968938],[-67.59041,44.973114],[-67.590519,44.976542],[-67.591224,44.980648],[-67.591831,44.981352],[-67.611797,44.975927],[-67.561037,44.885098],[-67.518097,44.809349],[-67.499437,44.796557],[-67.499438,44.795895],[-67.487811,44.788423],[-67.486494,44.788432],[-67.486508,44.786619],[-67.481454,44.786538],[-67.481329,44.784547],[-67.476823,44.784568],[-67.47672,44.782194],[-67.473269,44.782148],[-67.473221,44.779825],[-67.471326,44.779813],[-67.471155,44.777668],[-67.46916,44.777687],[-67.468858,44.773749],[-67.467839,44.771034],[-67.469287,44.770973],[-67.468884,44.766853],[-67.46558,44.766917],[-67.46554,44.763333],[-67.4641,44.763413],[-67.463914,44.760012],[-67.45391,44.760219],[-67.452447,44.749064],[-67.448956,44.749156],[-67.44878,44.746547],[-67.445532,44.746683],[-67.445259,44.742471],[-67.438992,44.742831],[-67.434443,44.742814],[-67.429799,44.71446],[-67.421434,44.714754],[-67.41546,44.713681],[-67.41137,44.713575],[-67.403684,44.714836],[-67.398088,44.715239],[-67.394727,44.714963],[-67.391459,44.713265],[-67.390229,44.711762],[-67.388897,44.712063],[-67.38602,44.714255],[-67.384664,44.715951],[-67.383343,44.719186],[-67.384813,44.721007],[-67.383876,44.721561],[-67.382067,44.721122],[-67.378667,44.721532],[-67.376971,44.720221],[-67.360841,44.72072],[-67.360918,44.723012],[-67.338194,44.724403],[-67.350762,44.746935],[-67.34964,44.748357],[-67.352341,44.751891],[-67.351748,44.75293],[-67.354448,44.756556],[-67.356725,44.757894],[-67.362143,44.768005],[-67.338247,44.776124],[-67.339889,44.777339],[-67.347393,44.778316],[-67.3481,44.777219],[-67.349557,44.778518],[-67.351861,44.778696],[-67.354295,44.780005],[-67.357624,44.780782],[-67.355214,44.783052],[-67.354246,44.785716],[-67.351219,44.787423],[-67.35166,44.789631],[-67.354444,44.793681],[-67.352804,44.795319],[-67.3541,44.797889],[-67.354341,44.800638],[-67.353395,44.803429],[-67.351622,44.803606],[-67.349812,44.804552],[-67.349296,44.805773],[-67.346759,44.80327],[-67.344901,44.800714],[-67.341322,44.794869],[-67.340311,44.791631],[-67.338994,44.790658],[-67.338145,44.78876],[-67.33739,44.789973],[-67.335966,44.790285],[-67.335734,44.791871],[-67.332606,44.79192],[-67.33189,44.791103],[-67.332545,44.792958],[-67.330127,44.794976],[-67.330319,44.79659],[-67.328193,44.797941],[-67.329897,44.800113],[-67.330906,44.800105],[-67.333496,44.802146],[-67.334691,44.801947],[-67.335909,44.803167],[-67.339346,44.803896],[-67.3391,44.805423],[-67.342175,44.805787],[-67.343526,44.809453],[-67.34315,44.811428],[-67.343991,44.812966],[-67.344463,44.817141],[-67.342899,44.819067],[-67.343024,44.822035],[-67.342354,44.82455],[-67.340713,44.825868],[-67.3416,44.826889],[-67.340206,44.829799],[-67.341563,44.830692],[-67.341926,44.832147],[-67.343477,44.832381],[-67.344039,44.833375],[-67.347457,44.835805],[-67.3495,44.835583],[-67.350034,44.838174],[-67.349418,44.83862],[-67.349119,44.841889],[-67.347304,44.843095],[-67.349444,44.845903],[-67.352429,44.846599],[-67.354935,44.848737],[-67.354909,44.850208],[-67.352722,44.853476],[-67.3555,44.857117],[-67.354558,44.858944],[-67.354678,44.861538],[-67.352784,44.862866],[-67.352957,44.863623],[-67.363521,44.864083],[-67.365718,44.863659],[-67.370262,44.861565]]]}},{"type":"Feature","properties":{"zcta5":"04666","AFFGEOID10":"8600000US04666","GEOID10":"04666","ALAND10":163162827,"AWATER10":27613452,"county_name":"Washington","state_code":"ME","county_state":"Washington County, ME","county_fips":"23029","risk_level_county":"Medium Risk (70–79% vaccinated)","mean_vaccination_rate_county":79.75,"risk_level_zcta":"Medium Risk (70–79% vaccinated)","mean_vaccination_rate_zips":70.41,"cases":5},"geometry":{"type":"Polygon","coordinates":[[[-67.30159,45.050198],[-67.293882,45.041231],[-67.33964,45.021622],[-67.333562,45.014131],[-67.349568,45.007],[-67.353333,45.00498],[-67.353047,45.003715],[-67.355096,45.00415],[-67.355281,45.002523],[-67.358211,45.001908],[-67.356466,44.999939],[-67.354214,44.998718],[-67.354847,44.996697],[-67.353478,44.995633],[-67.355099,44.993478],[-67.353637,44.992535],[-67.354221,44.991461],[-67.353364,44.988588],[-67.348911,44.988465],[-67.348887,44.987186],[-67.346722,44.98625],[-67.345148,44.986706],[-67.340505,44.984049],[-67.33889,44.984161],[-67.337746,44.981233],[-67.334782,44.978813],[-67.33544,44.978327],[-67.333699,44.975893],[-67.332948,44.973695],[-67.330329,44.974593],[-67.329284,44.971638],[-67.32627,44.97005],[-67.32246,44.969693],[-67.320758,44.968777],[-67.316958,44.968262],[-67.314925,44.9668],[-67.313071,44.967506],[-67.304732,44.963283],[-67.303804,44.963449],[-67.302329,44.961897],[-67.296804,44.96041],[-67.278998,44.968255],[-67.273839,44.963213],[-67.269402,44.960351],[-67.266374,44.960881],[-67.263873,44.960847],[-67.263164,44.963592],[-67.260897,44.966022],[-67.25877,44.972559],[-67.254617,44.976984],[-67.221028,44.939081],[-67.223573,44.931487],[-67.219934,44.928991],[-67.218903,44.927282],[-67.216962,44.925938],[-67.21562,44.923864],[-67.215689,44.922452],[-67.206905,44.916778],[-67.201182,44.913942],[-67.199951,44.912726],[-67.195789,44.910311],[-67.174321,44.901588],[-67.146489,44.878342],[-67.133863,44.88009],[-67.129067,44.879921],[-67.128804,44.882663],[-67.126029,44.884256],[-67.124428,44.88788],[-67.121439,44.889437],[-67.118394,44.889882],[-67.114792,44.889859],[-67.111422,44.890478],[-67.110252,44.891134],[-67.107111,44.895061],[-67.102705,44.898022],[-67.098993,44.901939],[-67.092896,44.905492],[-67.086025,44.908168],[-67.082348,44.90843],[-67.084066,44.910196],[-67.088939,44.914383],[-67.092226,44.915428],[-67.095067,44.91688],[-67.098885,44.920049],[-67.104621,44.93137],[-67.105059,44.935131],[-67.106362,44.936908],[-67.108146,44.937136],[-67.111412,44.936371],[-67.116551,44.937752],[-67.126194,44.937983],[-67.128325,44.939377],[-67.131496,44.94275],[-67.130529,44.944652],[-67.13107,44.945984],[-67.139321,44.955598],[-67.136529,44.956668],[-67.133147,44.957185],[-67.136652,44.956828],[-67.139475,44.955777],[-67.185849,45.009661],[-67.190294,45.007665],[-67.242666,45.071983],[-67.274585,45.109244],[-67.277448,45.104352],[-67.277465,45.102901],[-67.275484,45.095822],[-67.275895,45.091749],[-67.274856,45.082411],[-67.275173,45.080549],[-67.27465,45.076],[-67.274713,45.073505],[-67.274056,45.071778],[-67.273524,45.067853],[-67.275795,45.065158],[-67.290097,45.064625],[-67.292098,45.064786],[-67.295646,45.065929],[-67.303291,45.066548],[-67.300743,45.063461],[-67.300647,45.062135],[-67.302066,45.058478],[-67.301712,45.056649],[-67.298422,45.055117],[-67.297358,45.053517],[-67.30159,45.050198]]]}},{"type":"Feature","properties":{"zcta5":"04649","AFFGEOID10":"8600000US04649","GEOID10":"04649","ALAND10":73851424,"AWATER10":118861214,"county_name":"Washington","state_code":"ME","county_state":"Washington County, ME","county_fips":"23029","risk_level_county":"Medium Risk (70–79% vaccinated)","mean_vaccination_rate_county":79.75,"risk_level_zcta":"Higher Risk (60–69% vaccinated)","mean_vaccination_rate_zips":64.91,"cases":5},"geometry":{"type":"MultiPolygon","coordinates":[[[[-67.443858,44.555399],[-67.4441,44.554979],[-67.440174,44.554937],[-67.435183,44.555615],[-67.431618,44.557308],[-67.433428,44.558921],[-67.437643,44.557655],[-67.443858,44.555399]]],[[[-67.464856,44.570979],[-67.464541,44.570155],[-67.460562,44.569652],[-67.453722,44.572379],[-67.457682,44.575464],[-67.462237,44.572798],[-67.464856,44.570979]]],[[[-67.474478,44.568335],[-67.474242,44.566648],[-67.47131,44.566453],[-67.469647,44.567977],[-67.471376,44.569095],[-67.474478,44.568335]]],[[[-67.483335,44.560963],[-67.483025,44.560004],[-67.481557,44.560066],[-67.479717,44.562085],[-67.478441,44.565098],[-67.481045,44.565046],[-67.481896,44.563005],[-67.483335,44.560963]]],[[[-67.536872,44.532115],[-67.535946,44.529834],[-67.533817,44.529159],[-67.530255,44.530374],[-67.529196,44.531989],[-67.532965,44.532884],[-67.536872,44.532115]]],[[[-67.541611,44.58934],[-67.541611,44.578037],[-67.533279,44.564354],[-67.51841,44.554241],[-67.510527,44.553074],[-67.505917,44.553707],[-67.499969,44.554836],[-67.491751,44.556123],[-67.489136,44.559679],[-67.489988,44.560965],[-67.495554,44.561542],[-67.498644,44.564252],[-67.505299,44.56476],[-67.511478,44.566114],[-67.51433,44.568654],[-67.516804,44.572547],[-67.521461,44.573734],[-67.520035,44.579659],[-67.512429,44.584569],[-67.504823,44.58186],[-67.499969,44.578037],[-67.4908,44.575258],[-67.486282,44.575657],[-67.482124,44.577442],[-67.481529,44.580414],[-67.490342,44.586587],[-67.495554,44.588462],[-67.502684,44.588293],[-67.507913,44.592863],[-67.514244,44.597668],[-67.51841,44.595882],[-67.515994,44.591339],[-67.515994,44.587277],[-67.523125,44.58423],[-67.529542,44.583553],[-67.533345,44.583384],[-67.534368,44.589249],[-67.538635,44.590527],[-67.541611,44.58934]]],[[[-67.563768,44.510547],[-67.563622,44.507248],[-67.554736,44.500715],[-67.545229,44.495629],[-67.547368,44.490543],[-67.545704,44.486304],[-67.543803,44.480538],[-67.54309,44.473755],[-67.539049,44.472059],[-67.53537,44.472355],[-67.531552,44.474105],[-67.529676,44.479804],[-67.526745,44.483638],[-67.514978,44.491263],[-67.511364,44.494613],[-67.510628,44.496414],[-67.512496,44.499955],[-67.516029,44.506653],[-67.523838,44.511564],[-67.529542,44.513089],[-67.530968,44.518512],[-67.534745,44.519619],[-67.539429,44.515385],[-67.546417,44.515631],[-67.552559,44.515663],[-67.560646,44.51379],[-67.563768,44.510547]]],[[[-67.639981,44.617451],[-67.639543,44.61578],[-67.642529,44.615617],[-67.643916,44.613977],[-67.642501,44.612403],[-67.644276,44.610462],[-67.642677,44.609516],[-67.643461,44.608283],[-67.64164,44.607298],[-67.641877,44.606292],[-67.6394,44.60511],[-67.637265,44.601952],[-67.637758,44.600004],[-67.636451,44.599638],[-67.637178,44.596811],[-67.635742,44.594642],[-67.634848,44.594541],[-67.635754,44.592625],[-67.63462,44.592504],[-67.634192,44.591175],[-67.632913,44.591259],[-67.634081,44.589878],[-67.632745,44.588358],[-67.634173,44.587574],[-67.634548,44.584743],[-67.633811,44.583591],[-67.635187,44.583364],[-67.634706,44.581369],[-67.637016,44.581711],[-67.638915,44.580753],[-67.64066,44.580643],[-67.639432,44.578166],[-67.641152,44.577917],[-67.63953,44.575881],[-67.641363,44.575317],[-67.640696,44.573428],[-67.642151,44.571937],[-67.644385,44.570924],[-67.644223,44.568635],[-67.644942,44.566393],[-67.646736,44.563408],[-67.644106,44.560577],[-67.643369,44.555445],[-67.640145,44.551302],[-67.639886,44.548841],[-67.641743,44.543876],[-67.644341,44.540801],[-67.644985,44.53899],[-67.644773,44.536458],[-67.643671,44.535328],[-67.641634,44.53462],[-67.640192,44.532433],[-67.640239,44.531191],[-67.642942,44.529459],[-67.6433016625074,44.5284505561494],[-67.641964,44.52851],[-67.638875,44.526816],[-67.635072,44.528002],[-67.631269,44.527155],[-67.615582,44.527324],[-67.611541,44.52851],[-67.606312,44.529866],[-67.598707,44.529527],[-67.594428,44.532238],[-67.589913,44.530713],[-67.578266,44.529866],[-67.5728,44.53173],[-67.568159,44.531117],[-67.564718,44.532068],[-67.565057,44.535425],[-67.559965,44.539862],[-67.562829,44.545462],[-67.565485,44.551419],[-67.569836,44.556788],[-67.575056,44.560659],[-67.572087,44.564082],[-67.570185,44.567638],[-67.570621,44.572202],[-67.568932,44.576599],[-67.56617,44.577337],[-67.564481,44.580506],[-67.563055,44.585415],[-67.562342,44.589647],[-67.557944,44.595651],[-67.556162,44.599294],[-67.558597,44.60349],[-67.561391,44.609278],[-67.559014,44.614354],[-67.555702,44.61102],[-67.552834,44.611478],[-67.551884,44.616046],[-67.552392,44.619629],[-67.5497515232603,44.6213335220382],[-67.553354,44.621864],[-67.561763,44.620725],[-67.56897,44.620328],[-67.572449,44.619615],[-67.577191,44.6198],[-67.584509,44.619594],[-67.585933,44.62008],[-67.587559,44.622108],[-67.587526,44.623872],[-67.589891,44.624513],[-67.592026,44.626651],[-67.590982,44.628569],[-67.589304,44.62961],[-67.59039,44.630731],[-67.590177,44.632169],[-67.639981,44.617451]]]]}},{"type":"Feature","properties":{"zcta5":"04491","AFFGEOID10":"8600000US04491","GEOID10":"04491","ALAND10":33522191,"AWATER10":5855454,"county_name":"Washington","state_code":"ME","county_state":"Washington County, ME","county_fips":"23029","risk_level_county":"Medium Risk (70–79% vaccinated)","mean_vaccination_rate_county":79.75,"risk_level_zcta":"Lower Risk (80–84% vaccinated)","mean_vaccination_rate_zips":82.32,"cases":5},"geometry":{"type":"MultiPolygon","coordinates":[[[[-67.42639346634519,45.5169383579539],[-67.429444,45.517668],[-67.42621727673739,45.51620160719939],[-67.42639346634519,45.5169383579539]]],[[[-67.5189923357528,45.588098759869595],[-67.523434,45.579955],[-67.520853,45.578728],[-67.520109,45.579087],[-67.517307,45.576409],[-67.518136,45.574309],[-67.516414,45.573778],[-67.514008,45.572235],[-67.513716,45.570454],[-67.51072,45.568438],[-67.509697,45.567213],[-67.50869,45.56111],[-67.509017,45.558946],[-67.511078,45.55532],[-67.512258,45.554501],[-67.518832,45.547712],[-67.520277,45.547833],[-67.512515,45.544238],[-67.509376,45.545632],[-67.499444,45.546597],[-67.488106,45.548066],[-67.487127,45.547496],[-67.473243,45.540894],[-67.471789,45.540482],[-67.469271,45.540749],[-67.464684,45.541814],[-67.448812,45.543861],[-67.446824,45.544688],[-67.436739,45.553796],[-67.433557,45.550417],[-67.433046,45.548483],[-67.433636,45.546718],[-67.432544,45.546232],[-67.433957,45.543566],[-67.4325337855363,45.5403678205441],[-67.432236,45.541023],[-67.43067,45.54139],[-67.429057,45.541207],[-67.428338,45.540626],[-67.425399,45.540795],[-67.423692,45.547198],[-67.420976,45.550029],[-67.422679,45.554155],[-67.422142,45.556569],[-67.426603,45.5606],[-67.428362,45.568906],[-67.423646,45.572153],[-67.425452,45.579086],[-67.429716,45.583773],[-67.4475,45.597021],[-67.449674,45.60286],[-67.455406,45.604665],[-67.466081,45.603177],[-67.468484,45.600626],[-67.47242,45.60058],[-67.476704,45.604157],[-67.485265,45.601615],[-67.489793,45.60118],[-67.49389,45.601182],[-67.493506,45.598816],[-67.489018,45.596944],[-67.488452,45.594643],[-67.490923,45.591488],[-67.499444,45.587014],[-67.51858,45.587925],[-67.5189923357528,45.588098759869595]]]]}},{"type":"Feature","properties":{"zcta5":"04694","AFFGEOID10":"8600000US04694","GEOID10":"04694","ALAND10":339369529,"AWATER10":43876392,"county_name":"Washington","state_code":"ME","county_state":"Washington County, ME","county_fips":"23029","risk_level_county":"Medium Risk (70–79% vaccinated)","mean_vaccination_rate_county":79.75,"risk_level_zcta":"Medium Risk (70–79% vaccinated)","mean_vaccination_rate_zips":73.79,"cases":5},"geometry":{"type":"Polygon","coordinates":[[[-67.611729,45.097892],[-67.609145,45.095876],[-67.605325,45.094515],[-67.60372,45.091552],[-67.600853,45.091067],[-67.599977,45.088837],[-67.59852,45.08786],[-67.598341,45.086157],[-67.597458,45.085403],[-67.595096,45.086031],[-67.592446,45.083352],[-67.589586,45.077916],[-67.659609,45.058852],[-67.624546,44.997907],[-67.621639,44.999697],[-67.618932,45.000571],[-67.616319,45.000705],[-67.605071,44.99977],[-67.600725,45.000092],[-67.592329,44.999466],[-67.586545,44.999404],[-67.580616,45.001169],[-67.571945,45.000672],[-67.566738,44.998392],[-67.563794,44.998329],[-67.555238,45.000747],[-67.553299,45.002109],[-67.552644,44.99316],[-67.495627,45.009644],[-67.5034,45.023141],[-67.499438,45.02439],[-67.461467,45.035339],[-67.460421,45.033471],[-67.32362,45.075284],[-67.30159,45.050198],[-67.297358,45.053517],[-67.298422,45.055117],[-67.301712,45.056649],[-67.302066,45.058478],[-67.300647,45.062135],[-67.300743,45.063461],[-67.303291,45.066548],[-67.295646,45.065929],[-67.292098,45.064786],[-67.290097,45.064625],[-67.275795,45.065158],[-67.273524,45.067853],[-67.274056,45.071778],[-67.274713,45.073505],[-67.27465,45.076],[-67.275173,45.080549],[-67.274856,45.082411],[-67.275895,45.091749],[-67.275484,45.095822],[-67.277465,45.102901],[-67.277448,45.104352],[-67.274585,45.109244],[-67.288324,45.124816],[-67.3055807835454,45.1448078832081],[-67.319925,45.142419],[-67.317564,45.138113],[-67.321564,45.131354],[-67.329829,45.131654],[-67.339869,45.125594],[-67.340806,45.125435],[-67.345585,45.126392],[-67.348975,45.12948],[-67.354187,45.129775],[-67.357117,45.131782],[-67.356846,45.133223],[-67.371677,45.143038],[-67.380187,45.151791],[-67.383635,45.152259],[-67.390579,45.154114],[-67.404629,45.159926],[-67.40537,45.162852],[-67.40537,45.164864],[-67.404658,45.166944],[-67.399128,45.168861],[-67.398265,45.173322],[-67.400338,45.177376],[-67.407139,45.179425],[-67.410258,45.181544],[-67.412742,45.184367],[-67.418159,45.189947],[-67.425619,45.19114],[-67.428889,45.193213],[-67.429083,45.199066],[-67.427848,45.201738],[-67.43141,45.210039],[-67.437177,45.219662],[-67.437101,45.222658],[-67.43998,45.227047],[-67.446942,45.232735],[-67.453473,45.241127],[-67.460236,45.241926],[-67.462081,45.242748],[-67.46357,45.244097],[-67.472954,45.258736],[-67.47156,45.261138],[-67.474804,45.2635],[-67.476424,45.268904],[-67.476588,45.274926],[-67.48234,45.275977],[-67.483985,45.279541],[-67.4870023436665,45.28052327287269],[-67.487686,45.278737],[-67.487753,45.276067],[-67.488766,45.275243],[-67.494043,45.275709],[-67.495326,45.274862],[-67.497137,45.272203],[-67.501063,45.271616],[-67.504301,45.269916],[-67.504467,45.268163],[-67.503447,45.265332],[-67.503573,45.263295],[-67.50529,45.261495],[-67.509732,45.258258],[-67.51331,45.256311],[-67.522037,45.253057],[-67.526591,45.250997],[-67.529749,45.246204],[-67.531408,45.245019],[-67.536531,45.244954],[-67.454719,45.149503],[-67.515333,45.129995],[-67.574027,45.114702],[-67.581618,45.12909],[-67.582799,45.129484],[-67.586123,45.129345],[-67.588151,45.12793],[-67.590779,45.127724],[-67.594988,45.128163],[-67.595342,45.124702],[-67.594806,45.122539],[-67.596688,45.120037],[-67.598665,45.121583],[-67.601378,45.122872],[-67.604128,45.127312],[-67.606592,45.128227],[-67.612662,45.125258],[-67.613668,45.123791],[-67.614749,45.119687],[-67.61406,45.117103],[-67.615085,45.112122],[-67.61282,45.107723],[-67.611587,45.104636],[-67.609662,45.10302],[-67.609918,45.100836],[-67.611729,45.097892]]]}},{"type":"Feature","properties":{"zcta5":"04606","AFFGEOID10":"8600000US04606","GEOID10":"04606","ALAND10":110407101,"AWATER10":96716741,"county_name":"Washington","state_code":"ME","county_state":"Washington County, ME","county_fips":"23029","risk_level_county":"Medium Risk (70–79% vaccinated)","mean_vaccination_rate_county":79.75,"risk_level_zcta":"Higher Risk (60–69% vaccinated)","mean_vaccination_rate_zips":63.85,"cases":5},"geometry":{"type":"MultiPolygon","coordinates":[[[[-67.66288,44.514614],[-67.663118,44.512581],[-67.660979,44.511564],[-67.658602,44.513089],[-67.659315,44.51597],[-67.66288,44.514614]]],[[[-67.669278,44.524377],[-67.667615,44.521665],[-67.665238,44.521665],[-67.663336,44.527257],[-67.658583,44.530816],[-67.661673,44.532341],[-67.665,44.531493],[-67.666664,44.528952],[-67.669278,44.524377]]],[[[-67.673794,44.490476],[-67.671893,44.487763],[-67.666902,44.489967],[-67.664713,44.492238],[-67.662861,44.494376],[-67.664287,44.495054],[-67.673794,44.490476]]],[[[-67.676676,44.470379],[-67.67522,44.466055],[-67.673794,44.465546],[-67.67302,44.469004],[-67.672131,44.470805],[-67.672645,44.473289],[-67.674607,44.472947],[-67.676676,44.470379]]],[[[-67.676884,44.463002],[-67.67519,44.461665],[-67.669516,44.460627],[-67.668565,44.462663],[-67.669858,44.463525],[-67.67227,44.46331],[-67.676884,44.463002]]],[[[-67.677597,44.482676],[-67.680389,44.480374],[-67.676225,44.475769],[-67.673171,44.475884],[-67.671234,44.478053],[-67.670554,44.481174],[-67.667377,44.481998],[-67.663899,44.484792],[-67.666189,44.485728],[-67.67118,44.483863],[-67.673794,44.481659],[-67.677597,44.482676]]],[[[-67.698751,44.487763],[-67.699939,44.486915],[-67.698578,44.485053],[-67.692654,44.483646],[-67.691858,44.48522],[-67.693046,44.486407],[-67.698751,44.487763]]],[[[-67.708638,44.460733],[-67.706832,44.456895],[-67.70493,44.458082],[-67.704353,44.460599],[-67.708638,44.460733]]],[[[-67.740846,44.470064],[-67.740845,44.466409],[-67.73773,44.463002],[-67.733214,44.465207],[-67.732264,44.467412],[-67.734165,44.469278],[-67.740846,44.470064]]],[[[-67.746745,44.465241],[-67.747464,44.463768],[-67.745098,44.462323],[-67.743197,44.463511],[-67.742959,44.465207],[-67.746745,44.465241]]],[[[-67.759296,44.49835],[-67.759834,44.496241],[-67.75722,44.494884],[-67.755812,44.496084],[-67.751548,44.494849],[-67.752704,44.497258],[-67.752229,44.500818],[-67.753004,44.505087],[-67.755012,44.504808],[-67.756346,44.502841],[-67.755556,44.500309],[-67.756724,44.49775],[-67.759296,44.49835]]],[[[-67.766489,44.530985],[-67.765776,44.52946],[-67.762211,44.529291],[-67.758884,44.531324],[-67.759597,44.533018],[-67.762924,44.532679],[-67.766489,44.530985]]],[[[-67.766014,44.537593],[-67.76744,44.534374],[-67.763875,44.534374],[-67.761261,44.537423],[-67.7634,44.53844],[-67.766014,44.537593]]],[[[-67.665605,44.645044],[-67.754922,44.631361],[-67.756124,44.632576],[-67.757753,44.631531],[-67.760186,44.635429],[-67.761653,44.636655],[-67.761099,44.637703],[-67.762506,44.637151],[-67.765524,44.639236],[-67.764693,44.640523],[-67.765992,44.640735],[-67.766968,44.640076],[-67.765584,44.63198],[-67.76476,44.630012],[-67.77271,44.628578],[-67.759672,44.584208],[-67.760555,44.582543],[-67.760038,44.581718],[-67.756736,44.579513],[-67.75521,44.576903],[-67.755025,44.574984],[-67.757173,44.571442],[-67.757261,44.570615],[-67.75446,44.568],[-67.753741,44.5663],[-67.754307,44.564812],[-67.756566,44.562325],[-67.75836,44.561039],[-67.762592,44.555881],[-67.76295,44.554283],[-67.762216951235,44.5484207667848],[-67.758884,44.548942],[-67.754843,44.54691],[-67.753854,44.543661],[-67.751753,44.538948],[-67.744385,44.531155],[-67.744623,44.526919],[-67.743672,44.521835],[-67.742009,44.516765],[-67.742143,44.511608],[-67.740076,44.508944],[-67.742789,44.506176],[-67.743353,44.497418],[-67.733986,44.496252],[-67.722876,44.498524],[-67.718671,44.497834],[-67.713077,44.493553],[-67.709209,44.494376],[-67.70493,44.499801],[-67.706095,44.5025],[-67.703489,44.504837],[-67.698038,44.509463],[-67.698275,44.512683],[-67.698275,44.516242],[-67.695186,44.519293],[-67.698988,44.519462],[-67.698513,44.524716],[-67.701986,44.525784],[-67.702649,44.527922],[-67.696354,44.533798],[-67.69067,44.534713],[-67.688055,44.537254],[-67.681876,44.538101],[-67.679767,44.536297],[-67.676884,44.535051],[-67.675002,44.535626],[-67.673081,44.539456],[-67.664287,44.538779],[-67.660678,44.537575],[-67.656444,44.537084],[-67.653123,44.525823],[-67.64553,44.526477],[-67.645767,44.528341],[-67.6433016625074,44.5284505561494],[-67.642942,44.529459],[-67.640239,44.531191],[-67.640192,44.532433],[-67.641634,44.53462],[-67.643671,44.535328],[-67.644773,44.536458],[-67.644985,44.53899],[-67.644341,44.540801],[-67.641743,44.543876],[-67.639886,44.548841],[-67.640145,44.551302],[-67.643369,44.555445],[-67.644106,44.560577],[-67.646736,44.563408],[-67.644942,44.566393],[-67.644223,44.568635],[-67.644385,44.570924],[-67.642151,44.571937],[-67.640696,44.573428],[-67.641363,44.575317],[-67.63953,44.575881],[-67.641152,44.577917],[-67.639432,44.578166],[-67.64066,44.580643],[-67.638915,44.580753],[-67.637016,44.581711],[-67.634706,44.581369],[-67.635187,44.583364],[-67.633811,44.583591],[-67.634548,44.584743],[-67.634173,44.587574],[-67.632745,44.588358],[-67.634081,44.589878],[-67.632913,44.591259],[-67.634192,44.591175],[-67.63462,44.592504],[-67.635754,44.592625],[-67.634848,44.594541],[-67.635742,44.594642],[-67.637178,44.596811],[-67.636451,44.599638],[-67.637758,44.600004],[-67.637265,44.601952],[-67.6394,44.60511],[-67.641877,44.606292],[-67.64164,44.607298],[-67.643461,44.608283],[-67.642677,44.609516],[-67.644276,44.610462],[-67.642501,44.612403],[-67.643916,44.613977],[-67.642529,44.615617],[-67.639543,44.61578],[-67.639981,44.617451],[-67.640772,44.619657],[-67.643212,44.619083],[-67.645038,44.619662],[-67.645332,44.621718],[-67.646963,44.626545],[-67.64554,44.629625],[-67.646077,44.631788],[-67.64842,44.633373],[-67.647388,44.635057],[-67.649716,44.637039],[-67.652098,44.637274],[-67.658392,44.638527],[-67.661057,44.640706],[-67.662301,44.642683],[-67.665129,44.643796],[-67.665605,44.645044]]]]}},{"type":"Feature","properties":{"zcta5":"04655","AFFGEOID10":"8600000US04655","GEOID10":"04655","ALAND10":55433205,"AWATER10":76493006,"county_name":"Washington","state_code":"ME","county_state":"Washington County, ME","county_fips":"23029","risk_level_county":"Medium Risk (70–79% vaccinated)","mean_vaccination_rate_county":79.75,"risk_level_zcta":"Medium Risk (70–79% vaccinated)","mean_vaccination_rate_zips":73.62,"cases":5},"geometry":{"type":"MultiPolygon","coordinates":[[[[-67.331317,44.652748],[-67.334407,44.648521],[-67.330146,44.647671],[-67.327235,44.651274],[-67.328703,44.653255],[-67.331317,44.652748]]],[[[-67.337972,44.679795],[-67.336308,44.677598],[-67.333931,44.677936],[-67.329653,44.68064],[-67.330129,44.683851],[-67.332981,44.682837],[-67.337972,44.679795]]],[[[-67.355798,44.642264],[-67.35556,44.64108],[-67.353897,44.64108],[-67.352233,44.642941],[-67.352233,44.644801],[-67.354372,44.644632],[-67.355798,44.642264]]],[[[-67.359601,44.579659],[-67.357754,44.575633],[-67.355283,44.576178],[-67.353007,44.578315],[-67.3511,44.581551],[-67.350585,44.584158],[-67.352323,44.585205],[-67.35556,44.583722],[-67.359601,44.579659]]],[[[-67.361502,44.648859],[-67.363166,44.647337],[-67.359839,44.645477],[-67.356749,44.64683],[-67.355085,44.649536],[-67.355798,44.652579],[-67.356749,44.653932],[-67.361027,44.652072],[-67.359839,44.650212],[-67.361502,44.648859]]],[[[-67.36792,44.570009],[-67.367199,44.567418],[-67.364282,44.568749],[-67.361424,44.573057],[-67.362453,44.573903],[-67.36792,44.570009]]],[[[-67.369346,44.669147],[-67.366731,44.664413],[-67.360789,44.664921],[-67.357937,44.663568],[-67.356036,44.663568],[-67.355798,44.665766],[-67.352233,44.667456],[-67.350331,44.669316],[-67.351757,44.669992],[-67.35461,44.668978],[-67.360789,44.66864],[-67.364117,44.667625],[-67.366256,44.668978],[-67.369346,44.669147]]],[[[-67.374099,44.593201],[-67.372911,44.592863],[-67.371247,44.594386],[-67.369108,44.597602],[-67.366665,44.599661],[-67.368558,44.601926],[-67.372673,44.598617],[-67.374099,44.593201]]],[[[-67.393114,44.598448],[-67.392876,44.596586],[-67.390262,44.59574],[-67.389311,44.598617],[-67.385746,44.599463],[-67.383607,44.601663],[-67.385556,44.603897],[-67.38836,44.603186],[-67.390737,44.601156],[-67.393114,44.598448]]],[[[-67.396079,44.574496],[-67.395883,44.572452],[-67.392163,44.574411],[-67.394302,44.576443],[-67.396079,44.574496]]],[[[-67.396679,44.588462],[-67.397396,44.584852],[-67.396051,44.583213],[-67.392638,44.584907],[-67.393351,44.589647],[-67.396679,44.588462]]],[[[-67.40765,44.572839],[-67.408044,44.569012],[-67.406186,44.567977],[-67.405473,44.570855],[-67.403809,44.572887],[-67.403555,44.575124],[-67.40765,44.572839]]],[[[-67.421434,44.714754],[-67.415434,44.69578],[-67.420422,44.695044],[-67.418744,44.690559],[-67.439749,44.687333],[-67.431841,44.666442],[-67.433928,44.66644],[-67.436865,44.661961],[-67.440831,44.658684],[-67.440859,44.655529],[-67.437942,44.6516],[-67.440499,44.648219],[-67.44044,44.644486],[-67.4417362413371,44.6424659417127],[-67.438035,44.641588],[-67.436371,44.63922],[-67.432093,44.63736],[-67.430192,44.639897],[-67.42734,44.64108],[-67.423774,44.638036],[-67.419972,44.632286],[-67.421873,44.629579],[-67.429003,44.629072],[-67.426864,44.625012],[-67.423061,44.621121],[-67.420685,44.618415],[-67.419258,44.614354],[-67.420602,44.607877],[-67.418923,44.60347],[-67.411815,44.596954],[-67.408824,44.594581],[-67.405492,44.594236],[-67.401195,44.598109],[-67.398987,44.602631],[-67.396679,44.60454],[-67.395839,44.612914],[-67.393589,44.614354],[-67.39145,44.61317],[-67.389073,44.614523],[-67.389549,44.623151],[-67.39145,44.625351],[-67.388704,44.626554],[-67.386605,44.626974],[-67.381467,44.626873],[-67.381317,44.622758],[-67.377554,44.619757],[-67.368269,44.624672],[-67.363158,44.631825],[-67.361978,44.640235],[-67.363879,44.644463],[-67.367298,44.652472],[-67.368395,44.655791],[-67.373386,44.65968],[-67.374014,44.662965],[-67.37905,44.665483],[-67.387172,44.665428],[-67.388122,44.667963],[-67.38432,44.67033],[-67.388598,44.670837],[-67.389073,44.672696],[-67.380541,44.673677],[-67.375763,44.67726],[-67.379804,44.678781],[-67.384795,44.678612],[-67.387172,44.676415],[-67.389549,44.676922],[-67.390262,44.680133],[-67.400006,44.679119],[-67.404998,44.681654],[-67.394777,44.686385],[-67.394777,44.690272],[-67.396441,44.693313],[-67.394777,44.695003],[-67.389073,44.695848],[-67.384082,44.693989],[-67.386696,44.691286],[-67.383369,44.68892],[-67.372673,44.691624],[-67.370534,44.689089],[-67.366494,44.686892],[-67.360314,44.68723],[-67.360076,44.689427],[-67.35247,44.690272],[-67.356986,44.692468],[-67.360789,44.691624],[-67.365107,44.693551],[-67.363208,44.695461],[-67.359126,44.699564],[-67.359839,44.701761],[-67.357699,44.703788],[-67.354134,44.703112],[-67.353184,44.70024],[-67.347782,44.69948],[-67.3413,44.699058],[-67.338923,44.700578],[-67.335124,44.699962],[-67.332268,44.700071],[-67.32942,44.702956],[-67.326612779382,44.703487554955494],[-67.338194,44.724403],[-67.360918,44.723012],[-67.360841,44.72072],[-67.376971,44.720221],[-67.378667,44.721532],[-67.382067,44.721122],[-67.383876,44.721561],[-67.384813,44.721007],[-67.383343,44.719186],[-67.384664,44.715951],[-67.38602,44.714255],[-67.388897,44.712063],[-67.390229,44.711762],[-67.391459,44.713265],[-67.394727,44.714963],[-67.398088,44.715239],[-67.403684,44.714836],[-67.41137,44.713575],[-67.41546,44.713681],[-67.421434,44.714754]]]]}},{"type":"Feature","properties":{"zcta5":"04667","AFFGEOID10":"8600000US04667","GEOID10":"04667","ALAND10":77349507,"AWATER10":34091989,"county_name":"Washington","state_code":"ME","county_state":"Washington County, ME","county_fips":"23029","risk_level_county":"Medium Risk (70–79% vaccinated)","mean_vaccination_rate_county":79.75,"risk_level_zcta":"Medium Risk (70–79% vaccinated)","mean_vaccination_rate_zips":70.59,"cases":5},"geometry":{"type":"Polygon","coordinates":[[[-67.185849,45.009661],[-67.139475,44.955777],[-67.136652,44.956828],[-67.133147,44.957185],[-67.136529,44.956668],[-67.139321,44.955598],[-67.13107,44.945984],[-67.130529,44.944652],[-67.131496,44.94275],[-67.128325,44.939377],[-67.126194,44.937983],[-67.116551,44.937752],[-67.111412,44.936371],[-67.108146,44.937136],[-67.106362,44.936908],[-67.105059,44.935131],[-67.104621,44.93137],[-67.098885,44.920049],[-67.095067,44.91688],[-67.092226,44.915428],[-67.088939,44.914383],[-67.084066,44.910196],[-67.082348,44.90843],[-67.078703,44.907964],[-67.063625,44.909842],[-67.059227,44.909993],[-67.052269,44.910846],[-67.050085,44.93737],[-67.048828,44.938613],[-67.04599,44.945658],[-67.045213,44.946356],[-67.0385279826039,44.9480713906654],[-67.039446,44.958649],[-67.043725,44.963863],[-67.050617,44.965881],[-67.053945,44.964199],[-67.05751,44.966049],[-67.058936,44.968739],[-67.056559,44.970421],[-67.049684,44.974285],[-67.050617,44.9795],[-67.05461,44.986764],[-67.068274,45.001014],[-67.072753,45.008329],[-67.074914,45.019254],[-67.082074,45.029608],[-67.088056,45.034821],[-67.092211,45.035795],[-67.096965,45.033443],[-67.101718,45.033275],[-67.106234,45.033107],[-67.101718,45.036634],[-67.09744,45.038146],[-67.096014,45.039322],[-67.099749,45.04501],[-67.1024089685519,45.046747824373],[-67.185849,45.009661]]]}},{"type":"Feature","properties":{"zcta5":"04648","AFFGEOID10":"8600000US04648","GEOID10":"04648","ALAND10":88926360,"AWATER10":4621795,"county_name":"Washington","state_code":"ME","county_state":"Washington County, ME","county_fips":"23029","risk_level_county":"Medium Risk (70–79% vaccinated)","mean_vaccination_rate_county":79.75,"risk_level_zcta":"Higher Risk (60–69% vaccinated)","mean_vaccination_rate_zips":69.04,"cases":5},"geometry":{"type":"Polygon","coordinates":[[[-67.532481,44.719053],[-67.538179,44.71748],[-67.538978,44.714489],[-67.540101,44.713743],[-67.543502,44.713936],[-67.545041,44.713061],[-67.548793,44.712215],[-67.550172,44.708855],[-67.55091,44.708306],[-67.554276,44.707598],[-67.556905,44.707484],[-67.5612,44.709016],[-67.565657,44.707072],[-67.567452,44.707255],[-67.570658,44.708672],[-67.671706,44.681557],[-67.669071,44.671552],[-67.672839,44.671217],[-67.665605,44.645044],[-67.665129,44.643796],[-67.662301,44.642683],[-67.661057,44.640706],[-67.658392,44.638527],[-67.652098,44.637274],[-67.649716,44.637039],[-67.647388,44.635057],[-67.64842,44.633373],[-67.646077,44.631788],[-67.64554,44.629625],[-67.646963,44.626545],[-67.645332,44.621718],[-67.645038,44.619662],[-67.643212,44.619083],[-67.640772,44.619657],[-67.639981,44.617451],[-67.590177,44.632169],[-67.59039,44.630731],[-67.589304,44.62961],[-67.590982,44.628569],[-67.592026,44.626651],[-67.589891,44.624513],[-67.587526,44.623872],[-67.587559,44.622108],[-67.585933,44.62008],[-67.584509,44.619594],[-67.577191,44.6198],[-67.572449,44.619615],[-67.56897,44.620328],[-67.561763,44.620725],[-67.553354,44.621864],[-67.5497515232603,44.6213335220382],[-67.549032,44.621798],[-67.543368,44.626554],[-67.54168499810541,44.626442263216006],[-67.541197,44.629217],[-67.541823,44.631548],[-67.543508,44.63414],[-67.543099,44.636088],[-67.53988,44.639842],[-67.537254,44.639907],[-67.534406,44.641549],[-67.531553,44.644146],[-67.530481,44.645724],[-67.528854,44.646479],[-67.530549,44.652141],[-67.52701,44.652838],[-67.52599,44.6496],[-67.522663,44.649819],[-67.523771,44.65083],[-67.523385,44.652345],[-67.521509,44.653346],[-67.522702,44.656082],[-67.499755,44.662926],[-67.508699,44.676804],[-67.509445,44.678181],[-67.522954,44.677984],[-67.530184,44.675808],[-67.545732,44.675449],[-67.546998,44.675716],[-67.543559,44.682286],[-67.54064,44.685182],[-67.537485,44.690045],[-67.536221,44.691332],[-67.538028,44.69253],[-67.534426,44.69296],[-67.528547,44.696642],[-67.52441,44.701219],[-67.523443,44.703758],[-67.532481,44.719053]]]}},{"type":"Feature","properties":{"zcta5":"04652","AFFGEOID10":"8600000US04652","GEOID10":"04652","ALAND10":158724056,"AWATER10":87147803,"county_name":"Washington","state_code":"ME","county_state":"Washington County, ME","county_fips":"23029","risk_level_county":"Medium Risk (70–79% vaccinated)","mean_vaccination_rate_county":79.75,"risk_level_zcta":"Medium Risk (70–79% vaccinated)","mean_vaccination_rate_zips":71.44,"cases":5},"geometry":{"type":"Polygon","coordinates":[[[-67.170325,44.80014],[-67.171577,44.796792],[-67.174122,44.791715],[-67.175405,44.790777],[-67.173988,44.788786],[-67.170666,44.78966],[-67.164861,44.790155],[-67.143466,44.751637],[-67.142443,44.750085],[-67.1187066261902,44.706389183225],[-67.118118,44.707166],[-67.117643,44.711896],[-67.115028,44.71291],[-67.112176,44.711052],[-67.10939,44.711436],[-67.107756,44.716099],[-67.104352,44.716848],[-67.103187,44.719237],[-67.103823,44.722448],[-67.101565,44.727897],[-67.098323,44.730454],[-67.098629,44.733681],[-67.104078,44.737059],[-67.104095,44.739928],[-67.098931,44.741311],[-67.092542,44.742693],[-67.083477,44.739899],[-67.073439,44.741957],[-67.071215,44.745956],[-67.070345,44.751407],[-67.064378,44.751932],[-67.063308,44.758238],[-67.061075,44.759677],[-67.062026,44.765415],[-67.06464,44.766765],[-67.068919,44.768959],[-67.06464,44.770984],[-67.056559,44.771659],[-67.053945,44.775371],[-67.050617,44.774864],[-67.050617,44.77284],[-67.050617,44.769971],[-67.050142,44.767271],[-67.048953,44.764403],[-67.051093,44.762378],[-67.048003,44.761196],[-67.043962,44.763053],[-67.04335,44.765071],[-67.033504,44.767609],[-67.02615,44.768199],[-67.019719,44.769634],[-67.01995,44.771427],[-67.023759,44.770984],[-67.024472,44.773683],[-67.019481,44.775033],[-67.012116,44.778282],[-67.010286,44.782454],[-67.009499,44.787349],[-67.005458,44.788192],[-67.001967,44.787269],[-66.997549,44.788659],[-66.995154,44.791073],[-66.989286,44.796967],[-66.989351,44.79878],[-66.982167,44.803404],[-66.979708,44.80736],[-66.97626,44.808315],[-66.970026,44.805713],[-66.961068,44.807269],[-66.950569,44.814539],[-66.949895,44.817419],[-66.952112,44.82007],[-66.966468,44.819063],[-66.975009,44.815495],[-66.975035,44.812983],[-66.982403,44.811466],[-66.986318,44.820657],[-66.98882,44.824954],[-66.990009,44.831022],[-66.988583,44.837259],[-66.990722,44.839618],[-66.995695,44.842706],[-66.996523,44.844654],[-66.99296,44.849181],[-66.984067,44.853099],[-66.980033,44.85597],[-66.980977,44.858491],[-66.983354,44.862703],[-66.9851540803429,44.870583252709196],[-66.99651,44.870742],[-66.996587,44.87412],[-66.998554,44.874152],[-66.998098,44.887305],[-67.004465,44.887534],[-67.006152,44.887914],[-67.013595,44.890853],[-67.020386,44.894148],[-67.024398,44.898152],[-67.026587,44.901016],[-67.029294,44.903493],[-67.033311,44.905309],[-67.036345,44.906217],[-67.042232,44.908946],[-67.047759,44.910472],[-67.052269,44.910846],[-67.059227,44.909993],[-67.063625,44.909842],[-67.078703,44.907964],[-67.082348,44.90843],[-67.086025,44.908168],[-67.092896,44.905492],[-67.098993,44.901939],[-67.102705,44.898022],[-67.107111,44.895061],[-67.110252,44.891134],[-67.111422,44.890478],[-67.114792,44.889859],[-67.118394,44.889882],[-67.121439,44.889437],[-67.124428,44.88788],[-67.125304,44.884289],[-67.126684,44.880963],[-67.124405,44.879899],[-67.12485,44.876224],[-67.12691,44.875772],[-67.129594,44.876446],[-67.131246,44.877725],[-67.131124,44.875041],[-67.132317,44.876527],[-67.134352,44.877667],[-67.133312,44.876192],[-67.134035,44.875074],[-67.138935,44.875092],[-67.140376,44.876676],[-67.140697,44.875053],[-67.154694,44.875202],[-67.162788,44.875113],[-67.162396,44.874296],[-67.158028,44.875153],[-67.156877,44.873982],[-67.157959,44.873036],[-67.157354,44.872],[-67.159325,44.870952],[-67.158873,44.869937],[-67.155186,44.868608],[-67.154322,44.865893],[-67.152694,44.863868],[-67.150982,44.863967],[-67.149558,44.862863],[-67.1505,44.859431],[-67.148401,44.858857],[-67.148459,44.856418],[-67.147297,44.854302],[-67.147225,44.852473],[-67.148236,44.850932],[-67.150385,44.85121],[-67.14965,44.849425],[-67.150745,44.849316],[-67.149179,44.845996],[-67.149405,44.84374],[-67.150393,44.845683],[-67.151984,44.846132],[-67.152184,44.847593],[-67.153562,44.848408],[-67.153169,44.84499],[-67.154393,44.843083],[-67.155774,44.843006],[-67.155113,44.840826],[-67.15354,44.840125],[-67.151448,44.841037],[-67.150744,44.842556],[-67.148098,44.839326],[-67.149987,44.838024],[-67.150098,44.836316],[-67.153008,44.837317],[-67.153905,44.836404],[-67.156182,44.839272],[-67.157247,44.840955],[-67.160689,44.843234],[-67.162664,44.845984],[-67.162238,44.842737],[-67.161119,44.84217],[-67.161029,44.840422],[-67.158448,44.839012],[-67.157498,44.836377],[-67.15785,44.835347],[-67.155683,44.833953],[-67.155473,44.832086],[-67.154474,44.831134],[-67.153841,44.833181],[-67.152484,44.834617],[-67.149905,44.834296],[-67.149957,44.832443],[-67.148993,44.830329],[-67.150577,44.830778],[-67.151298,44.829034],[-67.149486,44.82571],[-67.150065,44.8249],[-67.151899,44.826226],[-67.152529,44.824432],[-67.151916,44.82272],[-67.155347,44.822623],[-67.155235,44.817526],[-67.157473,44.818012],[-67.158418,44.820242],[-67.159977,44.820078],[-67.159896,44.81554],[-67.161286,44.815913],[-67.161134,44.814398],[-67.162471,44.814051],[-67.163754,44.808157],[-67.165827,44.80314],[-67.164975,44.8021],[-67.167619,44.800756],[-67.170325,44.80014]]]}},{"type":"Feature","properties":{"zcta5":"04454","AFFGEOID10":"8600000US04454","GEOID10":"04454","ALAND10":128075482,"AWATER10":9548596,"county_name":"Washington","state_code":"ME","county_state":"Washington County, ME","county_fips":"23029","risk_level_county":"Medium Risk (70–79% vaccinated)","mean_vaccination_rate_county":79.75,"risk_level_zcta":"Uninhabited","mean_vaccination_rate_zips":null,"cases":5},"geometry":{"type":"Polygon","coordinates":[[[-67.6243866966793,45.6165852592419],[-67.624828,45.598862],[-67.629336,45.59951],[-67.635264,45.603213],[-67.636598,45.605011],[-67.642584,45.608359],[-67.647751,45.611489],[-67.64978,45.612337],[-67.653301,45.61453],[-67.653686,45.615749],[-67.655289,45.615719],[-67.657311,45.616863],[-67.659951,45.619874],[-67.663228,45.621379],[-67.664991,45.621332],[-67.665449,45.619159],[-67.66206,45.617203],[-67.663596,45.61551],[-67.66339,45.612695],[-67.661318,45.609628],[-67.658749,45.605102],[-67.658692,45.603279],[-67.660935,45.602257],[-67.663621,45.604547],[-67.663856,45.605333],[-67.66714,45.609728],[-67.673765,45.613716],[-67.668834,45.612102],[-67.669653,45.613272],[-67.673775,45.615827],[-67.675162,45.617301],[-67.675132,45.618354],[-67.676981,45.620464],[-67.679211,45.621889],[-67.680052,45.623546],[-67.681039,45.623613],[-67.681805,45.621959],[-67.683453,45.621339],[-67.69236,45.622793],[-67.694385,45.625023],[-67.697736,45.62577],[-67.697865,45.62455],[-67.700096,45.620835],[-67.699546,45.618574],[-67.700098,45.615742],[-67.699275,45.613505],[-67.69733,45.610495],[-67.698594,45.610278],[-67.694745,45.60228],[-67.693634,45.601177],[-67.692068,45.597708],[-67.694589,45.594964],[-67.697102,45.594154],[-67.699092,45.592688],[-67.692863,45.587766],[-67.690606,45.587123],[-67.686655,45.583608],[-67.682791,45.582902],[-67.679143,45.580457],[-67.677233,45.5798],[-67.668147,45.573826],[-67.666316,45.57227],[-67.663539,45.568718],[-67.665205,45.567329],[-67.660361,45.564252],[-67.658658,45.562531],[-67.656688,45.561635],[-67.651259,45.557718],[-67.648739,45.553908],[-67.648113,45.549413],[-67.650378,45.546304],[-67.648419,45.546025],[-67.639934,45.542748],[-67.630376,45.540338],[-67.626638,45.538871],[-67.621215,45.534407],[-67.615939,45.532146],[-67.60519,45.533865],[-67.603781,45.527916],[-67.594743,45.524063],[-67.59309,45.5237],[-67.588292,45.523973],[-67.577501,45.525958],[-67.578873,45.526156],[-67.58391,45.528896],[-67.586981,45.531153],[-67.587835,45.533184],[-67.59367,45.538747],[-67.600161,45.542609],[-67.601667,45.544304],[-67.606044,45.547554],[-67.603701,45.548115],[-67.600291,45.548192],[-67.595384,45.551055],[-67.58989,45.551066],[-67.588125,45.552004],[-67.586621,45.553879],[-67.585084,45.550788],[-67.582837,45.548624],[-67.580068,45.544628],[-67.577251,45.542021],[-67.573572,45.540306],[-67.568467,45.538451],[-67.564872,45.538154],[-67.561911,45.539366],[-67.559816,45.539653],[-67.557048,45.537709],[-67.551966,45.533211],[-67.5573,45.527353],[-67.558716,45.523854],[-67.559985,45.518918],[-67.562664,45.51666],[-67.559395,45.515286],[-67.55569,45.514879],[-67.552533,45.512152],[-67.545314,45.508932],[-67.539655,45.506758],[-67.535647,45.503719],[-67.533767,45.50153],[-67.531838,45.500447],[-67.529966,45.498457],[-67.527606,45.496855],[-67.523833,45.49534],[-67.522366,45.495316],[-67.521991,45.492768],[-67.518326,45.491842],[-67.515628,45.494129],[-67.514004,45.493419],[-67.512104,45.494044],[-67.511084,45.489737],[-67.508046,45.483913],[-67.507875,45.482274],[-67.504322,45.479972],[-67.503227,45.478604],[-67.501059,45.478481],[-67.502531,45.48112],[-67.502501,45.483059],[-67.505102,45.485874],[-67.506198,45.490299],[-67.505585,45.492807],[-67.504691,45.493618],[-67.502316,45.49393],[-67.50142788383859,45.490291802886],[-67.499445,45.491013],[-67.495085,45.488677],[-67.489636,45.489114],[-67.488661,45.491155],[-67.488001,45.493762],[-67.484679,45.49547],[-67.481318,45.494021],[-67.47946,45.496427],[-67.476855,45.49724],[-67.473244,45.496061],[-67.471269,45.497227],[-67.467635,45.495175],[-67.464401,45.496613],[-67.4642417259973,45.497067810749996],[-67.464048,45.497621],[-67.468185,45.498565],[-67.470732,45.500067],[-67.4708629816095,45.5031664075235],[-67.47091,45.504279],[-67.470416,45.505307],[-67.4679404030086,45.506418948529195],[-67.4670871419376,45.5068022025064],[-67.462882,45.508691],[-67.456182,45.502271],[-67.451567,45.498991],[-67.449381,45.499596],[-67.448883,45.502083],[-67.449968,45.504933],[-67.453197,45.507105],[-67.45354,45.508771],[-67.450802,45.510088],[-67.449046,45.511],[-67.446568,45.509962],[-67.441091,45.505866],[-67.436198,45.505489],[-67.433818,45.504221],[-67.430979,45.504031],[-67.4272967558231,45.5016587474466],[-67.425674,45.502917],[-67.424242,45.505907],[-67.422649,45.505863],[-67.420966,45.505054],[-67.418628,45.50165],[-67.4170056253249,45.5020222623331],[-67.416462,45.502147],[-67.416416,45.503515],[-67.420543,45.511113],[-67.425818,45.514532],[-67.42621727673739,45.51620160719939],[-67.429444,45.517668],[-67.42639346634519,45.5169383579539],[-67.426578,45.51771],[-67.429135,45.519041],[-67.432207,45.519996],[-67.431893,45.523588],[-67.435044,45.528783],[-67.435275,45.530781],[-67.4350527222331,45.5323738871812],[-67.4348379529544,45.5339129670263],[-67.434559,45.535912],[-67.4325337855363,45.5403678205441],[-67.433957,45.543566],[-67.432544,45.546232],[-67.433636,45.546718],[-67.433046,45.548483],[-67.433557,45.550417],[-67.436739,45.553796],[-67.446824,45.544688],[-67.448812,45.543861],[-67.464684,45.541814],[-67.469271,45.540749],[-67.471789,45.540482],[-67.473243,45.540894],[-67.487127,45.547496],[-67.488106,45.548066],[-67.499444,45.546597],[-67.509376,45.545632],[-67.512515,45.544238],[-67.520277,45.547833],[-67.518832,45.547712],[-67.512258,45.554501],[-67.511078,45.55532],[-67.509017,45.558946],[-67.50869,45.56111],[-67.509697,45.567213],[-67.51072,45.568438],[-67.513716,45.570454],[-67.514008,45.572235],[-67.516414,45.573778],[-67.518136,45.574309],[-67.517307,45.576409],[-67.520109,45.579087],[-67.520853,45.578728],[-67.523434,45.579955],[-67.5189923357528,45.588098759869595],[-67.534465,45.594619],[-67.546014,45.59736],[-67.556345,45.59726],[-67.556931,45.595066],[-67.561359,45.594906],[-67.583341,45.602493],[-67.589773,45.606765],[-67.608505,45.606198],[-67.6243866966793,45.6165852592419]]]}},{"type":"Feature","properties":{"zcta5":"04619","AFFGEOID10":"8600000US04619","GEOID10":"04619","ALAND10":88890814,"AWATER10":14981802,"county_name":"Washington","state_code":"ME","county_state":"Washington County, ME","county_fips":"23029","risk_level_county":"Medium Risk (70–79% vaccinated)","mean_vaccination_rate_county":79.75,"risk_level_zcta":"Medium Risk (70–79% vaccinated)","mean_vaccination_rate_zips":78.47,"cases":5},"geometry":{"type":"Polygon","coordinates":[[[-67.1227728932442,45.124766086764204],[-67.128935,45.132168],[-67.145652,45.146667],[-67.157919,45.161004],[-67.159406,45.162193],[-67.161247,45.162879],[-67.16787,45.164595],[-67.191167,45.165876],[-67.203933,45.171407],[-67.218315,45.166401],[-67.223156,45.1637],[-67.227324,45.163652],[-67.230201,45.165549],[-67.233047,45.168587],[-67.240643,45.171167],[-67.242293,45.17224],[-67.244012,45.178274],[-67.246697,45.180765],[-67.253553,45.18239],[-67.257795,45.185132],[-67.261542,45.187785],[-67.271076,45.191081],[-67.283619,45.192022],[-67.289794,45.188663],[-67.2902336854013,45.18807928909649],[-67.290603,45.187589],[-67.291287,45.18432],[-67.29115383409639,45.1836255212438],[-67.2910288373203,45.182973645626596],[-67.290785,45.181702],[-67.293742,45.177966],[-67.293484,45.176114],[-67.291707,45.174491],[-67.29166207231471,45.1740198789966],[-67.291417,45.17145],[-67.29591,45.1704],[-67.299238,45.168937],[-67.302568,45.161348],[-67.301729,45.157119],[-67.296979,45.155267],[-67.294363,45.153506],[-67.294881,45.149666],[-67.296174,45.147952],[-67.298209,45.146672],[-67.305472,45.144826],[-67.3055807835454,45.1448078832081],[-67.288324,45.124816],[-67.274585,45.109244],[-67.242666,45.071983],[-67.14301,45.115889],[-67.141116,45.116884],[-67.1227728932442,45.124766086764204]]]}},{"type":"Feature","properties":{"zcta5":"04680","AFFGEOID10":"8600000US04680","GEOID10":"04680","ALAND10":111393021,"AWATER10":39482217,"county_name":"Washington","state_code":"ME","county_state":"Washington County, ME","county_fips":"23029","risk_level_county":"Medium Risk (70–79% vaccinated)","mean_vaccination_rate_county":79.75,"risk_level_zcta":"Higher Risk (60–69% vaccinated)","mean_vaccination_rate_zips":67.67,"cases":5},"geometry":{"type":"Polygon","coordinates":[[[-68.005185,44.590604],[-68.017219,44.589087],[-68.010718,44.568883],[-67.991806,44.504479],[-67.991442,44.502882],[-67.98619,44.500477],[-67.980726,44.499121],[-67.977197,44.497953],[-67.975619,44.492515],[-67.97657,44.491051],[-67.973473,44.489538],[-67.972929,44.487935],[-67.974279,44.484922],[-67.973812,44.483374],[-67.974256,44.479111],[-67.974747,44.47772],[-67.975829,44.476528],[-67.980931,44.47475],[-67.9820138304501,44.4733578354039],[-67.979926,44.47267],[-67.970419,44.470805],[-67.968993,44.467752],[-67.963051,44.460457],[-67.961644,44.456544],[-67.958772,44.454011],[-67.959485,44.451466],[-67.959723,44.447224],[-67.957109,44.440437],[-67.954604,44.428524],[-67.947342,44.415858],[-67.943561,44.412599],[-67.937381,44.409883],[-67.931453,44.411848],[-67.93239,44.417183],[-67.930013,44.41956],[-67.925973,44.420069],[-67.931677,44.423464],[-67.929572,44.426343],[-67.930554,44.428869],[-67.928112,44.435176],[-67.928587,44.440097],[-67.930489,44.442812],[-67.932865,44.443152],[-67.932865,44.447054],[-67.929538,44.44909],[-67.923833,44.448412],[-67.923833,44.454689],[-67.924309,44.463511],[-67.916941,44.461306],[-67.909573,44.452145],[-67.910523,44.445867],[-67.911586,44.441095],[-67.910523,44.438061],[-67.914089,44.432969],[-67.911712,44.429405],[-67.911236,44.422446],[-67.912646,44.420427],[-67.912425,44.417353],[-67.909573,44.415995],[-67.906853,44.407121],[-67.899571,44.394078],[-67.894361,44.403091],[-67.889662,44.408485],[-67.893413,44.412442],[-67.891271,44.417013],[-67.890796,44.420918],[-67.888002,44.423948],[-67.888419,44.433139],[-67.885805,44.439079],[-67.888419,44.442133],[-67.886518,44.444849],[-67.88224,44.452484],[-67.877248,44.454859],[-67.878199,44.457065],[-67.881764,44.458591],[-67.884141,44.46402],[-67.885805,44.466734],[-67.885805,44.471822],[-67.887944,44.476571],[-67.891509,44.48098],[-67.888419,44.483354],[-67.8873072253806,44.4835240655992],[-67.888967,44.486645],[-67.882872,44.487927],[-67.884695,44.494053],[-67.881884,44.497032],[-67.882318,44.498752],[-67.886868,44.495704],[-67.893193,44.494716],[-67.908279,44.552578],[-67.918987,44.551041],[-67.918429,44.548875],[-67.92464,44.547943],[-67.926895,44.555113],[-67.934828,44.553963],[-67.936777,44.56004],[-67.940698,44.559491],[-67.944636,44.572203],[-67.947823,44.571701],[-67.949167,44.576152],[-67.950245,44.576018],[-67.952162,44.580402],[-67.953544,44.584898],[-67.956771,44.584441],[-67.957982,44.588395],[-67.956728,44.588555],[-67.958103,44.593023],[-67.956857,44.593228],[-67.958254,44.597708],[-67.993551,44.592162],[-68.005185,44.590604]]]}},{"type":"Feature","properties":{"zcta5":"04686","AFFGEOID10":"8600000US04686","GEOID10":"04686","ALAND10":293252609,"AWATER10":15766439,"county_name":"Washington","state_code":"ME","county_state":"Washington County, ME","county_fips":"23029","risk_level_county":"Medium Risk (70–79% vaccinated)","mean_vaccination_rate_county":79.75,"risk_level_zcta":"Medium Risk (70–79% vaccinated)","mean_vaccination_rate_zips":77.76,"cases":5},"geometry":{"type":"Polygon","coordinates":[[[-67.804892,45.076489],[-67.807227,45.073656],[-67.808813,45.070536],[-67.808934,45.066446],[-67.809847,45.061587],[-67.813544,45.061376],[-67.816558,45.060425],[-67.820821,45.058291],[-67.824935,45.055019],[-67.829429,45.050701],[-67.831043,45.048761],[-67.833512,45.04492],[-67.835598,45.0361],[-67.836513,45.034593],[-67.838842,45.032247],[-67.832712,45.030256],[-67.830381,45.03],[-67.822189,45.032951],[-67.811146,45.032175],[-67.808572,45.028821],[-67.804603,45.026705],[-67.803263,45.022563],[-67.799693,45.017209],[-67.797544,45.013207],[-67.79504,45.010701],[-67.794443,45.007796],[-67.7919,45.002516],[-67.789539,44.999088],[-67.78974,44.995098],[-67.793534,44.989913],[-67.794328,44.988265],[-67.796011,44.982874],[-67.795874,44.97987],[-67.796213,44.977101],[-67.795843,44.973112],[-67.794968,44.970608],[-67.787954,44.968927],[-67.784198,44.96989],[-67.781621,44.96927],[-67.779689,44.96691],[-67.777686,44.966049],[-67.782873,44.964246],[-67.781329,44.961886],[-67.779181,44.96131],[-67.777255,44.959366],[-67.774755,44.959379],[-67.772944,44.956764],[-67.775843,44.954596],[-67.779169,44.953549],[-67.779138,44.952559],[-67.777696,44.95111],[-67.775004,44.943066],[-67.774831,44.940484],[-67.773855,44.939084],[-67.770431,44.936893],[-67.768752,44.938376],[-67.769191,44.939717],[-67.767514,44.942159],[-67.768218,44.944796],[-67.767716,44.945426],[-67.759337,44.940906],[-67.758007,44.940808],[-67.755967,44.939421],[-67.753768,44.938891],[-67.751262,44.937213],[-67.749629,44.935246],[-67.744602,44.933119],[-67.741542,44.9335],[-67.739486,44.934335],[-67.734665,44.937407],[-67.729964,44.939664],[-67.72636,44.940312],[-67.7202,44.940192],[-67.719632,44.938216],[-67.721888,44.936429],[-67.722767,44.934733],[-67.721831,44.931618],[-67.719249,44.928794],[-67.717115,44.924248],[-67.715683,44.924182],[-67.700362,44.870367],[-67.694099,44.848708],[-67.656763,44.856211],[-67.656141,44.855753],[-67.654919,44.85677],[-67.634194,44.863219],[-67.632053,44.863516],[-67.63195,44.863926],[-67.614561,44.870175],[-67.561037,44.885098],[-67.611797,44.975927],[-67.624546,44.997907],[-67.631714,44.992572],[-67.634272,44.989536],[-67.63623,44.989075],[-67.63784,44.989858],[-67.639757,44.992539],[-67.642351,44.993706],[-67.643832,44.99523],[-67.644763,44.997204],[-67.645055,45.000318],[-67.647694,45.001971],[-67.652974,45.003972],[-67.656137,45.004754],[-67.660297,45.008673],[-67.660955,45.01144],[-67.664439,45.014865],[-67.671847,45.020795],[-67.675011,45.020541],[-67.678767,45.018245],[-67.683472,45.016961],[-67.686068,45.015961],[-67.68809,45.016543],[-67.691989,45.016634],[-67.692422,45.01806],[-67.692614,45.022048],[-67.692106,45.025698],[-67.692924,45.02721],[-67.690773,45.030765],[-67.69056,45.032844],[-67.692523,45.036602],[-67.692167,45.038208],[-67.689379,45.040648],[-67.686342,45.042402],[-67.684879,45.044181],[-67.684232,45.047073],[-67.681118,45.046968],[-67.679284,45.047428],[-67.677932,45.049209],[-67.67918,45.051871],[-67.679398,45.053509],[-67.678692,45.054907],[-67.67837,45.057912],[-67.679098,45.058987],[-67.678245,45.063281],[-67.680973,45.066212],[-67.67937,45.068847],[-67.681875,45.07129],[-67.683175,45.071463],[-67.681298,45.074483],[-67.681444,45.077104],[-67.683219,45.080252],[-67.685222,45.082475],[-67.686586,45.085524],[-67.68653,45.087009],[-67.687619,45.088769],[-67.687291,45.091429],[-67.685172,45.0957],[-67.685775,45.09747],[-67.683744,45.098972],[-67.67928,45.100217],[-67.676399,45.10213],[-67.67741,45.104759],[-67.676904,45.106322],[-67.674527,45.107217],[-67.67356,45.10857],[-67.674427,45.110884],[-67.676273,45.111491],[-67.677552,45.113085],[-67.675514,45.11371],[-67.675918,45.11452],[-67.674594,45.116355],[-67.675699,45.117155],[-67.677832,45.117193],[-67.679851,45.118265],[-67.678864,45.120698],[-67.678772,45.124145],[-67.676704,45.127073],[-67.677481,45.127897],[-67.675933,45.129234],[-67.672817,45.129517],[-67.669359,45.13089],[-67.66767,45.132594],[-67.666413,45.135448],[-67.668207,45.136705],[-67.665416,45.14094],[-67.668801,45.139462],[-67.670229,45.137949],[-67.672159,45.137602],[-67.674567,45.138148],[-67.672481,45.140315],[-67.672143,45.142337],[-67.672665,45.144143],[-67.675142,45.146193],[-67.676042,45.144916],[-67.677468,45.144901],[-67.679146,45.147364],[-67.68099,45.146675],[-67.683816,45.151298],[-67.684238,45.149791],[-67.686438,45.149474],[-67.687988,45.147205],[-67.691977,45.144722],[-67.69107,45.141133],[-67.691962,45.139329],[-67.694667,45.141741],[-67.695068,45.144716],[-67.696867,45.143895],[-67.697737,45.141349],[-67.698191,45.139351],[-67.695442,45.135008],[-67.696247,45.132055],[-67.697757,45.132091],[-67.69776,45.130511],[-67.699983,45.131905],[-67.705964,45.127179],[-67.707854,45.12689],[-67.709805,45.124977],[-67.709145,45.122728],[-67.713415,45.120944],[-67.712895,45.120069],[-67.714538,45.118891],[-67.715283,45.123062],[-67.717554,45.125928],[-67.718361,45.124663],[-67.719857,45.124658],[-67.723879,45.126386],[-67.725631,45.124938],[-67.727276,45.125402],[-67.728509,45.127066],[-67.730807,45.126729],[-67.730422,45.124843],[-67.730867,45.122238],[-67.733881,45.120619],[-67.733703,45.118506],[-67.736017,45.1167],[-67.73837,45.116483],[-67.740085,45.115489],[-67.743496,45.115914],[-67.745106,45.114959],[-67.748094,45.111734],[-67.749767,45.11127],[-67.750618,45.109448],[-67.749614,45.10738],[-67.752904,45.102384],[-67.754982,45.102807],[-67.757466,45.102213],[-67.758978,45.10069],[-67.758175,45.098197],[-67.755743,45.097108],[-67.753333,45.097262],[-67.752328,45.095406],[-67.755067,45.090827],[-67.756199,45.090213],[-67.758084,45.087245],[-67.759266,45.08369],[-67.763735,45.083528],[-67.775845,45.080679],[-67.786295,45.079109],[-67.787771,45.079053],[-67.795109,45.080352],[-67.796896,45.080181],[-67.801922,45.077614],[-67.804892,45.076489]]]}},{"type":"Feature","properties":{"zcta5":"04643","AFFGEOID10":"8600000US04643","GEOID10":"04643","ALAND10":55169105,"AWATER10":57115810,"county_name":"Washington","state_code":"ME","county_state":"Washington County, ME","county_fips":"23029","risk_level_county":"Medium Risk (70–79% vaccinated)","mean_vaccination_rate_county":79.75,"risk_level_zcta":"Higher Risk (60–69% vaccinated)","mean_vaccination_rate_zips":68.58,"cases":5},"geometry":{"type":"MultiPolygon","coordinates":[[[[-67.792159,44.480811],[-67.795955,44.476177],[-67.791496,44.476675],[-67.789024,44.472355],[-67.784078,44.47284],[-67.782414,44.475045],[-67.7798,44.47708],[-67.792159,44.480811]]],[[[-67.805944,44.517259],[-67.804281,44.51387],[-67.802398,44.512949],[-67.802141,44.516751],[-67.804043,44.519123],[-67.805944,44.517259]]],[[[-67.819492,44.510649],[-67.81664,44.507429],[-67.817353,44.503022],[-67.814501,44.49658],[-67.810698,44.494206],[-67.807608,44.491154],[-67.806182,44.485898],[-67.804043,44.484202],[-67.800215,44.482082],[-67.796675,44.482846],[-67.795962,44.486068],[-67.794298,44.490137],[-67.791208,44.493867],[-67.794197,44.494205],[-67.799652,44.496112],[-67.802631,44.497746],[-67.802299,44.500794],[-67.804722,44.50814],[-67.81046,44.512683],[-67.816165,44.513192],[-67.819492,44.510649]]],[[[-67.835892,44.536576],[-67.834941,44.531663],[-67.834228,44.524716],[-67.832802,44.519971],[-67.829712,44.516412],[-67.825909,44.517937],[-67.824246,44.517598],[-67.823295,44.519123],[-67.826147,44.522682],[-67.824959,44.526919],[-67.826622,44.533527],[-67.828762,44.536068],[-67.825672,44.540812],[-67.832802,44.539964],[-67.835892,44.536576]]],[[[-67.834941,44.485389],[-67.835892,44.481828],[-67.832089,44.479624],[-67.829329,44.482664],[-67.827335,44.481319],[-67.825196,44.482846],[-67.822582,44.484711],[-67.822582,44.487254],[-67.826147,44.490646],[-67.828049,44.487933],[-67.828286,44.485559],[-67.831614,44.485728],[-67.834941,44.485389]]],[[[-67.858338,44.62221],[-67.856189,44.614789],[-67.875589,44.611578],[-67.876429,44.611577],[-67.874364,44.605174],[-67.87284,44.604385],[-67.87317,44.602939],[-67.869636,44.600455],[-67.869292,44.598688],[-67.865772,44.596636],[-67.864959,44.597219],[-67.861434,44.596305],[-67.857075,44.595631],[-67.857457,44.593591],[-67.855483,44.593004],[-67.85687,44.592379],[-67.855927,44.590614],[-67.854053,44.589326],[-67.852049,44.589333],[-67.852064,44.587623],[-67.850857,44.58527],[-67.84811,44.584504],[-67.847679,44.583563],[-67.848018,44.582783],[-67.851171,44.581825],[-67.850956,44.579347],[-67.849269,44.578295],[-67.846511,44.577763],[-67.844616,44.576681],[-67.842932,44.574441],[-67.838893,44.570844],[-67.837053,44.5697],[-67.83256,44.568591],[-67.827794,44.568048],[-67.823664,44.566862],[-67.818083,44.564652],[-67.812458,44.561353],[-67.807833,44.559712],[-67.806747,44.558215],[-67.807204,44.55226],[-67.808894,44.548766],[-67.809157,44.546942],[-67.808715,44.544461],[-67.80947317414639,44.5425846629525],[-67.804518,44.542675],[-67.804281,44.539117],[-67.804518,44.530646],[-67.802541,44.523934],[-67.79726,44.520685],[-67.793585,44.519123],[-67.787405,44.519293],[-67.782363,44.51497],[-67.776472,44.514209],[-67.775132,44.515934],[-67.777898,44.517937],[-67.7798,44.522682],[-67.780881,44.531151],[-67.780513,44.536915],[-67.775046,44.543183],[-67.774001,44.547438],[-67.768629,44.547418],[-67.762216951235,44.5484207667848],[-67.76295,44.554283],[-67.762592,44.555881],[-67.75836,44.561039],[-67.756566,44.562325],[-67.754307,44.564812],[-67.753741,44.5663],[-67.75446,44.568],[-67.757261,44.570615],[-67.757173,44.571442],[-67.755025,44.574984],[-67.75521,44.576903],[-67.756736,44.579513],[-67.760038,44.581718],[-67.760555,44.582543],[-67.759672,44.584208],[-67.77271,44.628578],[-67.791153,44.625651],[-67.79351,44.633161],[-67.811408,44.629966],[-67.81346,44.636272],[-67.82224,44.634804],[-67.821505,44.632219],[-67.820037,44.630877],[-67.819806,44.628863],[-67.858338,44.62221]]]]}},{"type":"Feature","properties":{"zcta5":"04424","AFFGEOID10":"8600000US04424","GEOID10":"04424","ALAND10":272408312,"AWATER10":42853271,"county_name":"Washington","state_code":"ME","county_state":"Washington County, ME","county_fips":"23029","risk_level_county":"Medium Risk (70–79% vaccinated)","mean_vaccination_rate_county":79.75,"risk_level_zcta":"Medium Risk (70–79% vaccinated)","mean_vaccination_rate_zips":75.44,"cases":5},"geometry":{"type":"Polygon","coordinates":[[[-67.91398,45.780641],[-67.938706,45.776318],[-67.915953,45.718922],[-67.924556,45.717374],[-67.922274,45.710422],[-67.924939,45.709939],[-67.92959,45.712],[-67.934828,45.713685],[-67.942175,45.716723],[-67.947141,45.71763],[-67.958671,45.718689],[-67.960264,45.719103],[-67.963463,45.72144],[-67.96676,45.722551],[-67.963716,45.725396],[-67.959024,45.730438],[-67.957033,45.733341],[-67.955402,45.736588],[-67.956186,45.738691],[-67.955874,45.741037],[-67.958799,45.741479],[-67.962519,45.738141],[-67.968295,45.734996],[-67.976968,45.734012],[-67.979371,45.735885],[-67.980669,45.739873],[-67.985947,45.740948],[-67.987577,45.740609],[-67.99139,45.738132],[-67.993051,45.736858],[-67.994514,45.7344],[-67.994868,45.732146],[-67.994599,45.728892],[-67.993125,45.726731],[-67.991188,45.721862],[-67.991447,45.72076],[-67.982034,45.720049],[-67.982775,45.717745],[-67.985581,45.694684],[-67.985068,45.691347],[-67.986068,45.688778],[-67.985048,45.686314],[-67.985116,45.681758],[-67.983075,45.679166],[-67.981502,45.678287],[-67.981111,45.676663],[-67.982411,45.674645],[-67.98051,45.671591],[-67.981416,45.66924],[-67.990813,45.668941],[-68.002377,45.668979],[-68.016029,45.67127],[-68.024402,45.673253],[-68.028603,45.672393],[-68.031407,45.669841],[-68.035355,45.667473],[-68.034881,45.642163],[-67.933541,45.659141],[-67.933829,45.658164],[-67.936928,45.654943],[-67.939329,45.650933],[-67.939634,45.647821],[-67.938515,45.644796],[-67.936291,45.64113],[-67.933984,45.635276],[-67.934562,45.632608],[-67.93741,45.632391],[-67.93841,45.630627],[-67.937087,45.626835],[-67.935309,45.624703],[-67.934164,45.621632],[-67.934713,45.618167],[-67.937041,45.613985],[-67.93819,45.610198],[-67.93834,45.606639],[-67.941911,45.603089],[-67.943479,45.60089],[-67.942037,45.600827],[-67.941145,45.598438],[-67.942064,45.597893],[-67.943165,45.595392],[-67.943437,45.593],[-67.944325,45.592887],[-67.946996,45.589847],[-67.946813,45.587109],[-67.944819,45.586483],[-67.94429,45.585546],[-67.945256,45.583391],[-67.943632,45.579874],[-67.94385,45.578954],[-67.9402,45.576165],[-67.939351,45.573687],[-67.939434,45.567679],[-67.847901,45.583976],[-67.784306,45.594433],[-67.750201,45.600595],[-67.698594,45.610278],[-67.69733,45.610495],[-67.699275,45.613505],[-67.702484,45.617808],[-67.705128,45.620395],[-67.709421,45.623432],[-67.712975,45.626658],[-67.719782,45.629984],[-67.727986,45.635674],[-67.730536,45.638106],[-67.73558,45.645056],[-67.739617,45.649251],[-67.747002,45.655515],[-67.750751,45.65823],[-67.752795,45.660133],[-67.754204,45.663425],[-67.754245,45.667791],[-67.768648,45.677581],[-67.803313,45.677886],[-67.8054831422691,45.6802407212124],[-67.817892,45.693705],[-67.803148,45.696127],[-67.809833,45.729274],[-67.781892,45.731189],[-67.793083,45.750559],[-67.806308,45.755405],[-67.809083,45.767497],[-67.805457,45.76976],[-67.8048504406088,45.77369021333529],[-67.816474,45.773703],[-67.815811,45.772321],[-67.816798,45.770991],[-67.818318,45.771678],[-67.817505,45.773703],[-67.88295,45.773725],[-67.887291,45.785459],[-67.91398,45.780641]]]}},{"type":"Feature","properties":{"zcta5":"04658","AFFGEOID10":"8600000US04658","GEOID10":"04658","ALAND10":62780013,"AWATER10":48249466,"county_name":"Washington","state_code":"ME","county_state":"Washington County, ME","county_fips":"23029","risk_level_county":"Medium Risk (70–79% vaccinated)","mean_vaccination_rate_county":79.75,"risk_level_zcta":"Higher Risk (60–69% vaccinated)","mean_vaccination_rate_zips":65.23,"cases":5},"geometry":{"type":"MultiPolygon","coordinates":[[[[-67.82439,44.444955],[-67.825517,44.442932],[-67.823803,44.441244],[-67.821394,44.442303],[-67.821686,44.447101],[-67.82439,44.444955]]],[[[-67.839457,44.544369],[-67.838982,44.542336],[-67.83613,44.543353],[-67.831614,44.545047],[-67.825909,44.545047],[-67.825909,44.549451],[-67.830425,44.548265],[-67.834228,44.547926],[-67.83613,44.552161],[-67.838031,44.551314],[-67.837793,44.548434],[-67.837318,44.546063],[-67.839457,44.544369]]],[[[-67.842072,44.462323],[-67.840646,44.457574],[-67.84017,44.45418],[-67.838744,44.451805],[-67.840679,44.447354],[-67.836367,44.450278],[-67.832802,44.452314],[-67.830634,44.456655],[-67.834042,44.460858],[-67.837938,44.46467],[-67.842072,44.462323]]],[[[-67.853956,44.450787],[-67.855619,44.449769],[-67.853956,44.448072],[-67.849202,44.447563],[-67.846112,44.447563],[-67.845161,44.449769],[-67.849915,44.452993],[-67.853956,44.450787]]],[[[-67.875584,44.445697],[-67.87606,44.440437],[-67.869642,44.42652],[-67.869642,44.422785],[-67.868929,44.420409],[-67.865542,44.418097],[-67.863938,44.418711],[-67.866077,44.422955],[-67.863225,44.423464],[-67.860135,44.422785],[-67.859422,44.419051],[-67.855144,44.418711],[-67.853956,44.423125],[-67.850628,44.423973],[-67.853953,44.434137],[-67.857759,44.435006],[-67.858901,44.445162],[-67.863938,44.447903],[-67.863463,44.451296],[-67.862987,44.45452],[-67.866553,44.456895],[-67.869405,44.456725],[-67.872257,44.451636],[-67.875584,44.445697]]],[[[-67.876429,44.611577],[-67.919411,44.604484],[-67.910443,44.560902],[-67.908279,44.552578],[-67.893193,44.494716],[-67.886868,44.495704],[-67.882318,44.498752],[-67.881884,44.497032],[-67.884695,44.494053],[-67.882872,44.487927],[-67.888967,44.486645],[-67.8873072253806,44.4835240655992],[-67.881764,44.484372],[-67.878199,44.480811],[-67.873921,44.470974],[-67.868692,44.465038],[-67.86679,44.466734],[-67.866801,44.471812],[-67.861324,44.473518],[-67.860994,44.477576],[-67.855579,44.478676],[-67.851648,44.484901],[-67.849677,44.495732],[-67.85253,44.497597],[-67.852054,44.50709],[-67.855133,44.509972],[-67.858472,44.519293],[-67.865127,44.523021],[-67.865602,44.526071],[-67.857045,44.52658],[-67.851103,44.528782],[-67.848489,44.533696],[-67.851341,44.535899],[-67.847538,44.539626],[-67.843973,44.540812],[-67.842072,44.54403],[-67.844924,44.551991],[-67.84635,44.554193],[-67.850153,44.554701],[-67.850866,44.55758],[-67.848964,44.559782],[-67.847776,44.563],[-67.844686,44.561814],[-67.839695,44.56283],[-67.832327,44.560459],[-67.829237,44.559105],[-67.829475,44.555887],[-67.828999,44.554532],[-67.824008,44.551991],[-67.820205,44.54962],[-67.822582,44.543522],[-67.818066,44.541489],[-67.813788,44.542506],[-67.80947317414639,44.5425846629525],[-67.808715,44.544461],[-67.809157,44.546942],[-67.808894,44.548766],[-67.807204,44.55226],[-67.806747,44.558215],[-67.807833,44.559712],[-67.812458,44.561353],[-67.818083,44.564652],[-67.823664,44.566862],[-67.827794,44.568048],[-67.83256,44.568591],[-67.837053,44.5697],[-67.838893,44.570844],[-67.842932,44.574441],[-67.844616,44.576681],[-67.846511,44.577763],[-67.849269,44.578295],[-67.850956,44.579347],[-67.851171,44.581825],[-67.848018,44.582783],[-67.847679,44.583563],[-67.84811,44.584504],[-67.850857,44.58527],[-67.852064,44.587623],[-67.852049,44.589333],[-67.854053,44.589326],[-67.855927,44.590614],[-67.85687,44.592379],[-67.855483,44.593004],[-67.857457,44.593591],[-67.857075,44.595631],[-67.861434,44.596305],[-67.864959,44.597219],[-67.865772,44.596636],[-67.869292,44.598688],[-67.869636,44.600455],[-67.87317,44.602939],[-67.87284,44.604385],[-67.874364,44.605174],[-67.876429,44.611577]]]]}}]}