{"type":"FeatureCollection","features":[{"type":"Feature","properties":{"zcta5":"37174","AFFGEOID10":"8600000US37174","GEOID10":"37174","ALAND10":177635552,"AWATER10":219653,"county_name":"Williamson","state_code":"TN","county_state":"Williamson County, TN","county_fips":"47187","risk_level_county":"Medium Risk (70–79% vaccinated)","mean_vaccination_rate_county":75.65,"risk_level_zcta":"Medium Risk (70–79% vaccinated)","mean_vaccination_rate_zips":78.09,"cases":8},"geometry":{"type":"MultiPolygon","coordinates":[[[[-86.902113,35.769411],[-86.900037,35.764022],[-86.897781,35.763867],[-86.898913,35.76548],[-86.897448,35.768309],[-86.896751,35.770593],[-86.899477,35.770754],[-86.902113,35.769411]]],[[[-86.912209,35.785431],[-86.912806,35.783762],[-86.908922,35.78281],[-86.908306,35.784499],[-86.909107,35.78467],[-86.910337,35.785004],[-86.912209,35.785431]]],[[[-87.000427,35.778679],[-87.001423,35.775467],[-87.002329,35.775127],[-87.002203,35.77322],[-87.003112,35.76999],[-87.001608,35.768997],[-87.00224,35.767911],[-87.001379,35.766025],[-86.999559,35.764579],[-87.000295,35.763359],[-86.999036,35.760781],[-86.998634,35.754763],[-86.996676,35.752829],[-87.000691,35.752953],[-86.99702,35.751818],[-86.995623,35.74977],[-86.995594,35.747972],[-86.991897,35.74417],[-86.992193,35.742368],[-86.990679,35.739037],[-86.985247,35.739093],[-86.983987,35.741305],[-86.981345,35.743334],[-86.980248,35.744916],[-86.976508,35.744535],[-86.977682,35.738036],[-86.977235,35.735705],[-86.977758,35.734314],[-86.973681,35.737445],[-86.973174,35.73727],[-86.971909,35.737039],[-86.970034,35.739051],[-86.968288,35.738277],[-86.972295,35.735226],[-86.972537,35.733408],[-86.967793,35.729685],[-86.966334,35.730872],[-86.965027,35.72837],[-86.963341,35.726745],[-86.961368,35.726684],[-86.963029,35.724991],[-86.96291,35.724877],[-86.967611,35.720106],[-86.965051,35.71859],[-86.963139,35.718662],[-86.960492,35.717626],[-86.95853,35.717561],[-86.956766,35.717187],[-86.954573,35.71625],[-86.954426,35.7156],[-86.952821,35.713841],[-86.952005,35.711395],[-86.952052,35.708823],[-86.951371,35.707779],[-86.951499,35.706888],[-86.950778,35.706311],[-86.949733,35.703866],[-86.950643,35.702546],[-86.950429,35.701927],[-86.953447,35.700723],[-86.954271,35.698944],[-86.953001,35.697526],[-86.953261,35.696241],[-86.952228,35.696158],[-86.951571,35.695197],[-86.948623,35.696361],[-86.947329,35.696215],[-86.946485,35.69369],[-86.946737,35.691567],[-86.947401,35.691413],[-86.949663,35.692182],[-86.95173,35.693439],[-86.951441,35.692838],[-86.948191,35.691221],[-86.946939,35.691326],[-86.9463,35.691862],[-86.942623,35.691413],[-86.942696,35.690424],[-86.941815,35.68979],[-86.939753,35.688965],[-86.937873,35.688234],[-86.935903,35.688175],[-86.937187,35.680024],[-86.940473,35.680382],[-86.942288,35.681498],[-86.951842,35.682455],[-86.952835,35.676374],[-86.955311,35.676203],[-86.955514,35.674389],[-86.954157,35.67085],[-86.952418,35.66888],[-86.95233,35.667205],[-86.951316,35.666587],[-86.951957,35.664381],[-86.951749,35.661237],[-86.954215,35.660541],[-86.95623,35.661097],[-86.956779,35.659135],[-86.947218,35.659022],[-86.942298,35.659223],[-86.940215,35.658192],[-86.938752,35.656224],[-86.939187,35.655001],[-86.938668,35.651835],[-86.939085,35.651085],[-86.941223,35.650967],[-86.943049,35.646127],[-86.943317,35.643985],[-86.934129,35.64593],[-86.931865,35.644911],[-86.925612,35.644221],[-86.924133,35.645469],[-86.921244,35.645912],[-86.918001,35.646946],[-86.912882,35.644802],[-86.908587,35.644838],[-86.903198,35.645724],[-86.89724,35.644169],[-86.895757,35.643294],[-86.894369,35.645017],[-86.893879,35.648448],[-86.8931,35.649303],[-86.892966,35.651306],[-86.889442,35.65051],[-86.881807,35.649643],[-86.872519,35.64898],[-86.870697,35.661209],[-86.872062,35.663351],[-86.871748,35.665982],[-86.873184,35.66747],[-86.874567,35.670751],[-86.873628,35.675613],[-86.870865,35.678683],[-86.870621,35.676963],[-86.866421,35.671859],[-86.865525,35.671348],[-86.866369,35.67425],[-86.864023,35.67766],[-86.861177,35.676858],[-86.856944,35.674595],[-86.852659,35.672652],[-86.851226,35.680188],[-86.849215,35.681785],[-86.84869,35.68106],[-86.845575,35.68038],[-86.845613,35.676987],[-86.843538,35.676222],[-86.837518,35.676119],[-86.836764,35.675672],[-86.834333,35.679283],[-86.833182,35.682763],[-86.834766,35.686082],[-86.835918,35.687368],[-86.83511,35.688253],[-86.83505,35.690441],[-86.837193,35.690979],[-86.836628,35.692931],[-86.837949,35.69459],[-86.838872,35.697405],[-86.832674,35.697133],[-86.832083,35.695474],[-86.828153,35.699016],[-86.824946,35.701243],[-86.824637,35.702252],[-86.810548,35.698797],[-86.809452,35.697251],[-86.803233,35.699415],[-86.803369,35.697201],[-86.802266,35.697158],[-86.802792,35.692042],[-86.796935,35.691479],[-86.796727,35.693728],[-86.794866,35.696867],[-86.795243,35.698318],[-86.793424,35.699917],[-86.792579,35.70153],[-86.794002,35.702575],[-86.782016,35.706595],[-86.790448,35.707219],[-86.797898,35.707988],[-86.799868,35.709696],[-86.797621,35.709942],[-86.793965,35.710911],[-86.790203,35.710828],[-86.7878,35.714124],[-86.786938,35.714535],[-86.778383,35.713823],[-86.777526,35.719574],[-86.776345,35.722058],[-86.776985,35.723509],[-86.776249,35.726614],[-86.776318,35.72991],[-86.782615,35.731082],[-86.7829,35.726899],[-86.785672,35.727491],[-86.784837,35.733464],[-86.798525,35.733458],[-86.796041,35.730405],[-86.797449,35.729117],[-86.799484,35.729572],[-86.802399,35.731863],[-86.807571,35.732472],[-86.807976,35.737164],[-86.832777,35.745349],[-86.834081,35.744449],[-86.838864,35.743067],[-86.837374,35.74659],[-86.840646,35.746592],[-86.841936,35.751141],[-86.855836,35.753901],[-86.856474,35.752683],[-86.858313,35.754601],[-86.86175,35.754878],[-86.862889,35.752957],[-86.86542,35.752501],[-86.868743,35.752565],[-86.867652,35.754943],[-86.867953,35.755649],[-86.866568,35.758907],[-86.86517,35.763308],[-86.864728,35.765774],[-86.863237,35.779345],[-86.862738,35.789866],[-86.864449,35.790047],[-86.871261,35.7905],[-86.877514,35.790775],[-86.88049,35.77168],[-86.88091,35.775317],[-86.886864,35.775594],[-86.887761,35.775258],[-86.886879,35.773185],[-86.883273,35.770104],[-86.883467,35.768869],[-86.881021,35.768614],[-86.882656,35.759567],[-86.883774,35.75976],[-86.884077,35.761197],[-86.886214,35.761117],[-86.889178,35.762153],[-86.888012,35.76295],[-86.889685,35.763581],[-86.890457,35.758341],[-86.893162,35.758821],[-86.893637,35.760101],[-86.892874,35.762508],[-86.893831,35.763509],[-86.900216,35.763492],[-86.901033,35.763258],[-86.902232,35.766386],[-86.902299,35.767953],[-86.903499,35.769085],[-86.904223,35.774027],[-86.905294,35.774829],[-86.905345,35.77771],[-86.909948,35.779063],[-86.906726,35.778994],[-86.906227,35.782359],[-86.907516,35.782066],[-86.907708,35.780702],[-86.908906,35.780248],[-86.913895,35.780825],[-86.917871,35.770078],[-86.919128,35.770396],[-86.922463,35.769952],[-86.921026,35.771837],[-86.918151,35.777737],[-86.921414,35.778273],[-86.919925,35.779642],[-86.91925,35.781599],[-86.918164,35.782967],[-86.922332,35.783601],[-86.928565,35.778548],[-86.928779,35.778095],[-86.941723,35.779551],[-86.942293,35.775152],[-86.944302,35.77265],[-86.952242,35.773499],[-86.951993,35.774842],[-86.949675,35.778178],[-86.950433,35.782682],[-86.949192,35.784656],[-86.947407,35.785248],[-86.947461,35.786654],[-86.953192,35.787008],[-86.96093,35.790145],[-86.963497,35.790375],[-86.963027,35.793617],[-86.964542,35.793784],[-86.963952,35.796618],[-86.976835,35.797977],[-86.977704,35.793269],[-86.979305,35.790674],[-86.98486,35.791386],[-86.987151,35.788219],[-86.987171,35.787213],[-86.989799,35.783925],[-86.992551,35.782781],[-86.994869,35.779766],[-86.996868,35.780472],[-86.997457,35.778528],[-87.000427,35.778679]],[[-86.925579,35.772833],[-86.925212,35.774668],[-86.924118,35.774972],[-86.923372,35.774677],[-86.924785,35.772516],[-86.925579,35.772833]]]]}},{"type":"Feature","properties":{"zcta5":"37064","AFFGEOID10":"8600000US37064","GEOID10":"37064","ALAND10":462538067,"AWATER10":690730,"county_name":"Williamson","state_code":"TN","county_state":"Williamson County, TN","county_fips":"47187","risk_level_county":"Medium Risk (70–79% vaccinated)","mean_vaccination_rate_county":75.65,"risk_level_zcta":"Medium Risk (70–79% vaccinated)","mean_vaccination_rate_zips":78.26,"cases":8},"geometry":{"type":"MultiPolygon","coordinates":[[[[-86.800551,35.904135],[-86.800041,35.902508],[-86.795395,35.900249],[-86.791397,35.897545],[-86.790416,35.896111],[-86.789567,35.901169],[-86.797789,35.902903],[-86.800551,35.904135]]],[[[-86.863237,35.779345],[-86.864728,35.765774],[-86.86517,35.763308],[-86.866568,35.758907],[-86.867953,35.755649],[-86.867652,35.754943],[-86.868743,35.752565],[-86.86542,35.752501],[-86.862889,35.752957],[-86.86175,35.754878],[-86.858313,35.754601],[-86.856474,35.752683],[-86.855836,35.753901],[-86.841936,35.751141],[-86.840646,35.746592],[-86.837374,35.74659],[-86.836756,35.747907],[-86.834963,35.748964],[-86.834574,35.750016],[-86.835942,35.751455],[-86.838125,35.754835],[-86.837995,35.758776],[-86.838557,35.761511],[-86.836143,35.762299],[-86.836089,35.76308],[-86.833554,35.763921],[-86.832097,35.765653],[-86.829164,35.766071],[-86.828139,35.767495],[-86.825894,35.76844],[-86.823999,35.770056],[-86.8229,35.772453],[-86.821093,35.772834],[-86.820784,35.774719],[-86.817009,35.775162],[-86.816251,35.781726],[-86.816549,35.78528],[-86.817086,35.785849],[-86.819475,35.784606],[-86.821195,35.785457],[-86.822659,35.785248],[-86.825397,35.78604],[-86.827502,35.785259],[-86.829714,35.785539],[-86.833512,35.786759],[-86.835624,35.789078],[-86.83725,35.789731],[-86.838708,35.791501],[-86.838209,35.79243],[-86.841212,35.795271],[-86.843287,35.796101],[-86.84362,35.79792],[-86.848539,35.796535],[-86.848723,35.794817],[-86.845425,35.795392],[-86.843504,35.794071],[-86.844315,35.786769],[-86.844344,35.782925],[-86.843858,35.778974],[-86.84308,35.775898],[-86.849604,35.776009],[-86.856806,35.776313],[-86.85669,35.77874],[-86.863237,35.779345]]],[[[-86.881318,35.955727],[-86.880296,35.94979],[-86.87566,35.950075],[-86.874494,35.95146],[-86.875679,35.953243],[-86.875191,35.954926],[-86.881318,35.955727]]],[[[-87.134043,35.910318],[-87.13428,35.905889],[-87.136436,35.903988],[-87.136525,35.902531],[-87.138417,35.900944],[-87.14039,35.900538],[-87.142781,35.901028],[-87.145531,35.900067],[-87.147547,35.900025],[-87.148415,35.898827],[-87.146678,35.895492],[-87.139352,35.888864],[-87.145274,35.884981],[-87.146614,35.884455],[-87.147689,35.876146],[-87.151313,35.872685],[-87.150636,35.870963],[-87.148812,35.870107],[-87.147576,35.867986],[-87.15161,35.864265],[-87.149711,35.863989],[-87.151203,35.861341],[-87.151569,35.85789],[-87.15261,35.855801],[-87.154082,35.85451],[-87.157884,35.852543],[-87.159236,35.845877],[-87.157077,35.843074],[-87.159664,35.839584],[-87.161696,35.838644],[-87.163831,35.838619],[-87.168431,35.839778],[-87.174027,35.843761],[-87.176273,35.844077],[-87.180668,35.840957],[-87.178398,35.84111],[-87.177627,35.838738],[-87.158559,35.83271],[-87.157351,35.832152],[-87.128147,35.8229],[-87.124998,35.821759],[-87.123633,35.821396],[-87.09569,35.812471],[-87.095571,35.812433],[-87.09356,35.815157],[-87.093858,35.817691],[-87.09294,35.819109],[-87.092361,35.824209],[-87.058169,35.823698],[-87.056445,35.824568],[-87.05338,35.823313],[-87.053208,35.824661],[-87.054869,35.827615],[-87.054548,35.830521],[-87.053805,35.831227],[-87.051875,35.833211],[-87.046387,35.834386],[-87.045698,35.835562],[-87.043869,35.835392],[-87.039704,35.837106],[-87.038455,35.838886],[-87.034869,35.842172],[-87.032999,35.842853],[-87.033403,35.847894],[-87.032895,35.851065],[-87.034042,35.851917],[-87.035438,35.856055],[-87.031672,35.863666],[-87.029831,35.866047],[-87.028264,35.867283],[-87.026682,35.869613],[-87.025458,35.874411],[-87.018445,35.879483],[-87.017627,35.88095],[-87.015695,35.882433],[-87.014688,35.882614],[-87.014772,35.878618],[-87.015388,35.87664],[-87.01375,35.870691],[-87.012657,35.870182],[-87.009208,35.867804],[-87.008073,35.867721],[-87.006521,35.866137],[-87.004563,35.866444],[-86.999157,35.865469],[-86.996662,35.866035],[-86.992471,35.87593],[-86.98943,35.87589],[-86.988507,35.873886],[-86.988777,35.872323],[-86.984984,35.871734],[-86.980668,35.869258],[-86.978986,35.869252],[-86.977452,35.867551],[-86.974812,35.867255],[-86.973205,35.8663],[-86.969903,35.86221],[-86.966965,35.863245],[-86.96252,35.865372],[-86.959449,35.866051],[-86.956123,35.867264],[-86.956177,35.865298],[-86.954565,35.860196],[-86.954728,35.853583],[-86.955737,35.84887],[-86.95663,35.847484],[-86.960184,35.845759],[-86.96092,35.844854],[-86.960367,35.843337],[-86.962123,35.841846],[-86.964433,35.837424],[-86.96171,35.836723],[-86.961488,35.832612],[-86.950708,35.840459],[-86.941338,35.84518],[-86.940843,35.841983],[-86.937415,35.841629],[-86.938613,35.837546],[-86.940931,35.835085],[-86.936591,35.833403],[-86.93271,35.83282],[-86.932103,35.832183],[-86.92939,35.831743],[-86.926893,35.828615],[-86.92389,35.827516],[-86.922201,35.825737],[-86.922558,35.823703],[-86.919549,35.822926],[-86.912729,35.823113],[-86.899299,35.822932],[-86.895357,35.82271],[-86.896186,35.82442],[-86.895855,35.825569],[-86.898128,35.827636],[-86.897115,35.830241],[-86.898302,35.831852],[-86.89908,35.831665],[-86.898822,35.834852],[-86.899189,35.838926],[-86.897306,35.838595],[-86.89634,35.839788],[-86.893134,35.839297],[-86.89184,35.836955],[-86.889614,35.834575],[-86.888041,35.834129],[-86.884129,35.83067],[-86.882578,35.830283],[-86.884981,35.825315],[-86.887542,35.822039],[-86.875594,35.821108],[-86.871321,35.821039],[-86.864713,35.821244],[-86.863889,35.820206],[-86.862517,35.816518],[-86.860445,35.814949],[-86.860908,35.812347],[-86.858127,35.810996],[-86.858127,35.810045],[-86.856237,35.808799],[-86.853666,35.80881],[-86.852383,35.807068],[-86.849448,35.804428],[-86.850731,35.80293],[-86.846768,35.802351],[-86.845673,35.801065],[-86.848092,35.800627],[-86.852472,35.800639],[-86.852585,35.799308],[-86.849035,35.799471],[-86.845806,35.799048],[-86.843663,35.799916],[-86.84343,35.798737],[-86.83499,35.79766],[-86.831822,35.79778],[-86.826216,35.797133],[-86.821658,35.798351],[-86.817536,35.798498],[-86.811936,35.799787],[-86.807952,35.801012],[-86.802334,35.804708],[-86.799082,35.804582],[-86.799569,35.806362],[-86.797762,35.808853],[-86.797763,35.8107],[-86.799512,35.812054],[-86.802366,35.811272],[-86.80178,35.813868],[-86.792405,35.811493],[-86.788093,35.811384],[-86.774195,35.813939],[-86.773469,35.815994],[-86.769076,35.815696],[-86.764433,35.817205],[-86.763826,35.817989],[-86.745906,35.837935],[-86.746184,35.840722],[-86.737938,35.8401],[-86.73681,35.845786],[-86.738593,35.847659],[-86.74006,35.850847],[-86.742882,35.850122],[-86.745417,35.849895],[-86.746876,35.852709],[-86.749899,35.853635],[-86.751344,35.856973],[-86.750102,35.858911],[-86.750621,35.860185],[-86.752575,35.86078],[-86.752341,35.866719],[-86.754726,35.866041],[-86.758934,35.861949],[-86.76288,35.862186],[-86.765239,35.859387],[-86.766964,35.859804],[-86.768231,35.863046],[-86.767655,35.864395],[-86.768265,35.866416],[-86.769735,35.867922],[-86.768092,35.869843],[-86.769723,35.871135],[-86.773288,35.871521],[-86.776981,35.873996],[-86.779132,35.873918],[-86.783537,35.872891],[-86.784113,35.874548],[-86.782786,35.875996],[-86.780808,35.875512],[-86.778808,35.876896],[-86.778626,35.877913],[-86.775302,35.879715],[-86.775115,35.880328],[-86.777908,35.880855],[-86.778427,35.881469],[-86.776907,35.888275],[-86.782542,35.888806],[-86.782309,35.891272],[-86.785195,35.891152],[-86.787365,35.89317],[-86.78892,35.892996],[-86.789213,35.894859],[-86.790599,35.895695],[-86.794559,35.888654],[-86.793782,35.887259],[-86.791545,35.88671],[-86.796034,35.881371],[-86.797785,35.882695],[-86.808323,35.882426],[-86.809351,35.881743],[-86.811896,35.8831],[-86.812537,35.88443],[-86.81436,35.885798],[-86.816635,35.886087],[-86.816482,35.887276],[-86.817179,35.888591],[-86.817165,35.890326],[-86.816958,35.894777],[-86.817631,35.89516],[-86.816813,35.902102],[-86.819629,35.895904],[-86.820928,35.897169],[-86.825683,35.898044],[-86.824411,35.906949],[-86.824148,35.914261],[-86.831264,35.915746],[-86.834332,35.916026],[-86.833863,35.918899],[-86.835229,35.919994],[-86.835941,35.919436],[-86.836083,35.916206],[-86.843595,35.917081],[-86.843206,35.92066],[-86.841357,35.929407],[-86.841058,35.932361],[-86.838326,35.937883],[-86.838883,35.940081],[-86.840454,35.941505],[-86.846992,35.944844],[-86.853191,35.94284],[-86.85573,35.940255],[-86.856325,35.937062],[-86.856011,35.932359],[-86.857093,35.933242],[-86.86086,35.934659],[-86.8547,35.94313],[-86.855343,35.9436],[-86.857859,35.942999],[-86.860599,35.943691],[-86.862025,35.942964],[-86.865322,35.943619],[-86.865604,35.941952],[-86.870432,35.94473],[-86.871698,35.945905],[-86.873102,35.948786],[-86.879396,35.9479],[-86.881411,35.948183],[-86.885421,35.944041],[-86.888935,35.939529],[-86.892084,35.94033],[-86.893768,35.939957],[-86.895728,35.937567],[-86.903186,35.938303],[-86.903188,35.939052],[-86.913264,35.940455],[-86.917269,35.940781],[-86.917896,35.93608],[-86.919521,35.937202],[-86.920934,35.936223],[-86.921069,35.936302],[-86.922992,35.938404],[-86.925168,35.942334],[-86.923816,35.948323],[-86.922917,35.949674],[-86.924107,35.952828],[-86.922277,35.954581],[-86.919599,35.955567],[-86.918889,35.956685],[-86.920246,35.959208],[-86.923341,35.959279],[-86.924902,35.960559],[-86.925665,35.958262],[-86.928836,35.958916],[-86.929924,35.959944],[-86.933412,35.959284],[-86.935778,35.957193],[-86.937177,35.957329],[-86.941948,35.959232],[-86.942498,35.957419],[-86.944038,35.955387],[-86.945488,35.952011],[-86.94883,35.94883],[-86.952988,35.952217],[-86.959614,35.956953],[-86.958441,35.958788],[-86.964681,35.961457],[-86.966375,35.962999],[-86.967174,35.962831],[-86.968658,35.965893],[-86.970074,35.967492],[-86.963194,35.98956],[-86.954003,35.988721],[-86.95328,35.989232],[-86.945821,35.989464],[-86.941179,35.990901],[-86.939606,35.991047],[-86.937651,35.99435],[-86.93589,35.99597],[-86.936218,35.996845],[-86.941636,35.997557],[-86.948532,35.996333],[-86.95069,35.997673],[-86.955288,35.999594],[-86.957372,35.998876],[-86.959605,35.995989],[-86.962664,35.996061],[-86.962677,35.997074],[-86.967545,35.997082],[-86.96896,35.998226],[-86.971178,35.997367],[-86.974585,35.99852],[-86.976029,35.999863],[-86.977638,35.997181],[-86.978715,35.993872],[-86.980142,35.992337],[-86.983364,35.99151],[-86.988007,35.989834],[-86.992079,35.986344],[-86.993992,35.987422],[-87.002731,35.991187],[-87.016082,35.997874],[-87.024728,36.002232],[-87.026647,36.003858],[-87.027845,36.006283],[-87.028948,36.003534],[-87.030467,36.005958],[-87.031843,36.005122],[-87.03411,36.00198],[-87.036428,36.000066],[-87.039352,35.998747],[-87.04155,35.997062],[-87.045351,36.012597],[-87.04744,36.01062],[-87.05146,36.007973],[-87.053574,36.005836],[-87.05529,36.005138],[-87.057625,36.005173],[-87.059283,36.004341],[-87.060568,36.002022],[-87.057919,35.997959],[-87.059913,35.99712],[-87.056503,35.99724],[-87.056483,35.985724],[-87.057248,35.981686],[-87.058555,35.979653],[-87.061428,35.977708],[-87.062163,35.976695],[-87.064353,35.976276],[-87.067304,35.974531],[-87.069321,35.971088],[-87.070961,35.966287],[-87.072623,35.964965],[-87.074657,35.96439],[-87.077369,35.965298],[-87.080013,35.964589],[-87.077615,35.963406],[-87.076249,35.96406],[-87.0727,35.962549],[-87.073436,35.959826],[-87.075437,35.959762],[-87.076573,35.958355],[-87.078585,35.954369],[-87.078302,35.95193],[-87.079391,35.951891],[-87.080289,35.950523],[-87.080052,35.948418],[-87.078125,35.944741],[-87.079192,35.939179],[-87.078353,35.936744],[-87.07838,35.934128],[-87.07992,35.931407],[-87.081882,35.930766],[-87.084162,35.93089],[-87.087515,35.93004],[-87.090663,35.926712],[-87.092443,35.925634],[-87.095103,35.925674],[-87.097182,35.924023],[-87.098698,35.924043],[-87.100507,35.922057],[-87.101582,35.923169],[-87.104548,35.922722],[-87.110055,35.922369],[-87.112833,35.923049],[-87.11377,35.920603],[-87.116379,35.921058],[-87.117864,35.917502],[-87.119093,35.916335],[-87.120355,35.916456],[-87.121529,35.917575],[-87.12276,35.916914],[-87.124544,35.914586],[-87.127823,35.913525],[-87.129907,35.912223],[-87.134043,35.910318]]]]}},{"type":"Feature","properties":{"zcta5":"37179","AFFGEOID10":"8600000US37179","GEOID10":"37179","ALAND10":138433652,"AWATER10":22073,"county_name":"Williamson","state_code":"TN","county_state":"Williamson County, TN","county_fips":"47187","risk_level_county":"Medium Risk (70–79% vaccinated)","mean_vaccination_rate_county":75.65,"risk_level_zcta":"Lower Risk (80–84% vaccinated)","mean_vaccination_rate_zips":82.1,"cases":8},"geometry":{"type":"MultiPolygon","coordinates":[[[[-86.925579,35.772833],[-86.924785,35.772516],[-86.923372,35.774677],[-86.924118,35.774972],[-86.925212,35.774668],[-86.925579,35.772833]]],[[[-87.032999,35.842853],[-87.030065,35.837901],[-87.029093,35.837153],[-87.027265,35.834355],[-87.02454,35.831045],[-87.023718,35.828786],[-87.021896,35.827856],[-87.021181,35.826614],[-87.02197,35.824795],[-87.023249,35.824791],[-87.02584,35.823758],[-87.02903,35.823056],[-87.030859,35.820186],[-87.032937,35.819178],[-87.033727,35.818213],[-87.034064,35.816598],[-87.03516,35.814848],[-87.035466,35.812976],[-87.036466,35.81177],[-87.03665,35.810173],[-87.035279,35.807841],[-87.03511,35.80632],[-87.03641,35.803273],[-87.036536,35.80069],[-87.037143,35.799703],[-87.036896,35.797905],[-87.035681,35.796213],[-87.034465,35.79529],[-87.03303,35.792507],[-87.015524,35.786969],[-87.016078,35.785728],[-87.01125,35.78193],[-87.01137,35.78122],[-87.003662,35.780706],[-87.003959,35.779028],[-87.000427,35.778679],[-86.997457,35.778528],[-86.996868,35.780472],[-86.994869,35.779766],[-86.992551,35.782781],[-86.989799,35.783925],[-86.987171,35.787213],[-86.987151,35.788219],[-86.98486,35.791386],[-86.979305,35.790674],[-86.977704,35.793269],[-86.976835,35.797977],[-86.963952,35.796618],[-86.964542,35.793784],[-86.963027,35.793617],[-86.963497,35.790375],[-86.96093,35.790145],[-86.953192,35.787008],[-86.947461,35.786654],[-86.947407,35.785248],[-86.949192,35.784656],[-86.950433,35.782682],[-86.949675,35.778178],[-86.951993,35.774842],[-86.952242,35.773499],[-86.944302,35.77265],[-86.942293,35.775152],[-86.941723,35.779551],[-86.928779,35.778095],[-86.928565,35.778548],[-86.922332,35.783601],[-86.918164,35.782967],[-86.91925,35.781599],[-86.919925,35.779642],[-86.921414,35.778273],[-86.918151,35.777737],[-86.921026,35.771837],[-86.922463,35.769952],[-86.919128,35.770396],[-86.917871,35.770078],[-86.913895,35.780825],[-86.908906,35.780248],[-86.907708,35.780702],[-86.907516,35.782066],[-86.906227,35.782359],[-86.906726,35.778994],[-86.909948,35.779063],[-86.905345,35.77771],[-86.905294,35.774829],[-86.904223,35.774027],[-86.903499,35.769085],[-86.902299,35.767953],[-86.902232,35.766386],[-86.901033,35.763258],[-86.900216,35.763492],[-86.893831,35.763509],[-86.892874,35.762508],[-86.893637,35.760101],[-86.893162,35.758821],[-86.890457,35.758341],[-86.889685,35.763581],[-86.888012,35.76295],[-86.889178,35.762153],[-86.886214,35.761117],[-86.884077,35.761197],[-86.883774,35.75976],[-86.882656,35.759567],[-86.881021,35.768614],[-86.883467,35.768869],[-86.883273,35.770104],[-86.886879,35.773185],[-86.887761,35.775258],[-86.886864,35.775594],[-86.88091,35.775317],[-86.88049,35.77168],[-86.877514,35.790775],[-86.871261,35.7905],[-86.864449,35.790047],[-86.862738,35.789866],[-86.863237,35.779345],[-86.85669,35.77874],[-86.856806,35.776313],[-86.849604,35.776009],[-86.84308,35.775898],[-86.843858,35.778974],[-86.844344,35.782925],[-86.844315,35.786769],[-86.843504,35.794071],[-86.845425,35.795392],[-86.848723,35.794817],[-86.848539,35.796535],[-86.84362,35.79792],[-86.843287,35.796101],[-86.841212,35.795271],[-86.838209,35.79243],[-86.838708,35.791501],[-86.83725,35.789731],[-86.835624,35.789078],[-86.833512,35.786759],[-86.829714,35.785539],[-86.827502,35.785259],[-86.825397,35.78604],[-86.822659,35.785248],[-86.821195,35.785457],[-86.819475,35.784606],[-86.817086,35.785849],[-86.816549,35.78528],[-86.816251,35.781726],[-86.817009,35.775162],[-86.813335,35.774315],[-86.809494,35.771994],[-86.805876,35.771646],[-86.806552,35.769205],[-86.808042,35.767182],[-86.808683,35.764929],[-86.809863,35.76417],[-86.810221,35.762307],[-86.80896,35.759542],[-86.804926,35.758286],[-86.803767,35.762818],[-86.799954,35.766572],[-86.799072,35.766661],[-86.797779,35.76574],[-86.799192,35.765452],[-86.794452,35.762381],[-86.793669,35.760896],[-86.791048,35.761604],[-86.787707,35.765137],[-86.78498,35.767526],[-86.782004,35.768603],[-86.775738,35.771657],[-86.774971,35.772493],[-86.772568,35.778884],[-86.772886,35.781238],[-86.772106,35.782808],[-86.769638,35.785357],[-86.766778,35.789004],[-86.766427,35.788241],[-86.760288,35.788068],[-86.754924,35.789906],[-86.752528,35.791043],[-86.748144,35.791763],[-86.747475,35.79298],[-86.752716,35.793309],[-86.75682,35.792175],[-86.759539,35.792262],[-86.75913,35.7932],[-86.761135,35.793691],[-86.764523,35.79367],[-86.765166,35.794424],[-86.765208,35.798784],[-86.766816,35.799881],[-86.767728,35.801511],[-86.765405,35.802355],[-86.765292,35.803107],[-86.771508,35.811046],[-86.774319,35.810399],[-86.774195,35.813939],[-86.788093,35.811384],[-86.792405,35.811493],[-86.80178,35.813868],[-86.802366,35.811272],[-86.799512,35.812054],[-86.797763,35.8107],[-86.797762,35.808853],[-86.799569,35.806362],[-86.799082,35.804582],[-86.802334,35.804708],[-86.807952,35.801012],[-86.811936,35.799787],[-86.817536,35.798498],[-86.821658,35.798351],[-86.826216,35.797133],[-86.831822,35.79778],[-86.83499,35.79766],[-86.84343,35.798737],[-86.843663,35.799916],[-86.845806,35.799048],[-86.849035,35.799471],[-86.852585,35.799308],[-86.852472,35.800639],[-86.848092,35.800627],[-86.845673,35.801065],[-86.846768,35.802351],[-86.850731,35.80293],[-86.849448,35.804428],[-86.852383,35.807068],[-86.853666,35.80881],[-86.856237,35.808799],[-86.858127,35.810045],[-86.858127,35.810996],[-86.860908,35.812347],[-86.860445,35.814949],[-86.862517,35.816518],[-86.863889,35.820206],[-86.864713,35.821244],[-86.871321,35.821039],[-86.875594,35.821108],[-86.887542,35.822039],[-86.884981,35.825315],[-86.882578,35.830283],[-86.884129,35.83067],[-86.888041,35.834129],[-86.889614,35.834575],[-86.89184,35.836955],[-86.893134,35.839297],[-86.89634,35.839788],[-86.897306,35.838595],[-86.899189,35.838926],[-86.898822,35.834852],[-86.89908,35.831665],[-86.898302,35.831852],[-86.897115,35.830241],[-86.898128,35.827636],[-86.895855,35.825569],[-86.896186,35.82442],[-86.895357,35.82271],[-86.899299,35.822932],[-86.912729,35.823113],[-86.919549,35.822926],[-86.922558,35.823703],[-86.922201,35.825737],[-86.92389,35.827516],[-86.926893,35.828615],[-86.92939,35.831743],[-86.932103,35.832183],[-86.93271,35.83282],[-86.936591,35.833403],[-86.940931,35.835085],[-86.938613,35.837546],[-86.937415,35.841629],[-86.940843,35.841983],[-86.941338,35.84518],[-86.950708,35.840459],[-86.961488,35.832612],[-86.96171,35.836723],[-86.964433,35.837424],[-86.962123,35.841846],[-86.960367,35.843337],[-86.96092,35.844854],[-86.960184,35.845759],[-86.95663,35.847484],[-86.955737,35.84887],[-86.954728,35.853583],[-86.954565,35.860196],[-86.956177,35.865298],[-86.956123,35.867264],[-86.959449,35.866051],[-86.96252,35.865372],[-86.966965,35.863245],[-86.969903,35.86221],[-86.973205,35.8663],[-86.974812,35.867255],[-86.977452,35.867551],[-86.978986,35.869252],[-86.980668,35.869258],[-86.984984,35.871734],[-86.988777,35.872323],[-86.988507,35.873886],[-86.98943,35.87589],[-86.992471,35.87593],[-86.996662,35.866035],[-86.999157,35.865469],[-87.004563,35.866444],[-87.006521,35.866137],[-87.008073,35.867721],[-87.009208,35.867804],[-87.012657,35.870182],[-87.01375,35.870691],[-87.015388,35.87664],[-87.014772,35.878618],[-87.014688,35.882614],[-87.015695,35.882433],[-87.017627,35.88095],[-87.018445,35.879483],[-87.025458,35.874411],[-87.026682,35.869613],[-87.028264,35.867283],[-87.029831,35.866047],[-87.031672,35.863666],[-87.035438,35.856055],[-87.034042,35.851917],[-87.032895,35.851065],[-87.033403,35.847894],[-87.032999,35.842853]],[[-86.912209,35.785431],[-86.910337,35.785004],[-86.909107,35.78467],[-86.908306,35.784499],[-86.908922,35.78281],[-86.912806,35.783762],[-86.912209,35.785431]],[[-86.902113,35.769411],[-86.899477,35.770754],[-86.896751,35.770593],[-86.897448,35.768309],[-86.898913,35.76548],[-86.897781,35.763867],[-86.900037,35.764022],[-86.902113,35.769411]]]]}},{"type":"Feature","properties":{"zcta5":"38401","AFFGEOID10":"8600000US38401","GEOID10":"38401","ALAND10":778252734,"AWATER10":5608218,"county_name":"Williamson","state_code":"TN","county_state":"Williamson County, TN","county_fips":"47187","risk_level_county":"Medium Risk (70–79% vaccinated)","mean_vaccination_rate_county":75.65,"risk_level_zcta":"Medium Risk (70–79% vaccinated)","mean_vaccination_rate_zips":70.74,"cases":8},"geometry":{"type":"MultiPolygon","coordinates":[[[[-87.160063,35.546123],[-87.158948,35.546146],[-87.159273,35.543102],[-87.158197,35.543442],[-87.158331,35.548437],[-87.159557,35.549802],[-87.158397,35.54989],[-87.159735,35.55025],[-87.160063,35.546123]]],[[[-87.224258,35.639377],[-87.222786,35.639458],[-87.219792,35.637706],[-87.21835,35.634052],[-87.220065,35.633666],[-87.220945,35.63066],[-87.223333,35.626835],[-87.221805,35.624948],[-87.22114,35.621796],[-87.22402,35.621304],[-87.227455,35.618844],[-87.22823,35.617449],[-87.224288,35.618406],[-87.21186,35.617457],[-87.206439,35.617874],[-87.204003,35.616692],[-87.202202,35.616391],[-87.201509,35.614183],[-87.201238,35.611539],[-87.201212,35.606672],[-87.200688,35.605761],[-87.202386,35.606061],[-87.202428,35.606963],[-87.20658,35.606426],[-87.20864,35.605205],[-87.209445,35.601941],[-87.208446,35.599976],[-87.203924,35.59678],[-87.203442,35.595854],[-87.204534,35.592687],[-87.201596,35.591714],[-87.200545,35.592211],[-87.199255,35.594151],[-87.197703,35.59453],[-87.193246,35.591883],[-87.189913,35.592594],[-87.185842,35.59179],[-87.183998,35.589936],[-87.183598,35.588665],[-87.184301,35.586958],[-87.183615,35.584052],[-87.184142,35.582806],[-87.186119,35.581734],[-87.188413,35.579777],[-87.189812,35.579839],[-87.191196,35.578087],[-87.190659,35.575549],[-87.192166,35.57316],[-87.194071,35.572124],[-87.194203,35.571187],[-87.195768,35.571626],[-87.19708,35.569501],[-87.195687,35.567977],[-87.195147,35.564786],[-87.197033,35.563973],[-87.198202,35.56244],[-87.192121,35.5619],[-87.202697,35.555306],[-87.203632,35.553952],[-87.206196,35.553061],[-87.206534,35.552531],[-87.197667,35.555589],[-87.190627,35.558013],[-87.190543,35.559655],[-87.188895,35.559609],[-87.188577,35.561858],[-87.190214,35.561851],[-87.189138,35.562068],[-87.182064,35.561514],[-87.178096,35.562695],[-87.175558,35.563999],[-87.17516,35.563541],[-87.160037,35.571645],[-87.159193,35.571723],[-87.156976,35.568149],[-87.155841,35.567637],[-87.157853,35.566773],[-87.157267,35.56468],[-87.152547,35.561321],[-87.149586,35.55173],[-87.156705,35.552307],[-87.15785,35.544988],[-87.156504,35.544828],[-87.157917,35.534922],[-87.156974,35.534797],[-87.157576,35.530598],[-87.160218,35.53078],[-87.160115,35.529179],[-87.159496,35.529179],[-87.158447,35.523982],[-87.156129,35.523762],[-87.150567,35.512404],[-87.149589,35.509684],[-87.143447,35.507979],[-87.141576,35.505083],[-87.141883,35.501804],[-87.141511,35.500964],[-87.146385,35.494733],[-87.145685,35.494263],[-87.130575,35.487235],[-87.12876,35.48616],[-87.121388,35.488977],[-87.119991,35.489068],[-87.098027,35.486642],[-87.098812,35.48383],[-87.097872,35.481331],[-87.088778,35.481663],[-87.083506,35.479195],[-87.079402,35.479388],[-87.07652,35.47879],[-87.075432,35.476861],[-87.065307,35.475758],[-87.06554,35.480786],[-87.066847,35.48277],[-87.069344,35.488168],[-87.070997,35.489741],[-87.071617,35.49395],[-87.071466,35.497085],[-87.06716,35.496613],[-87.066309,35.50044],[-87.067889,35.501784],[-87.068657,35.503909],[-87.070336,35.503283],[-87.072049,35.50353],[-87.073334,35.504902],[-87.073444,35.510131],[-87.069146,35.509618],[-87.065751,35.509884],[-87.064395,35.510465],[-87.060896,35.510048],[-87.055757,35.510846],[-87.055568,35.513496],[-87.042076,35.512874],[-87.037774,35.513076],[-87.035118,35.512613],[-87.031566,35.510447],[-87.027858,35.513574],[-87.027241,35.51605],[-87.025963,35.516204],[-87.017531,35.522824],[-87.016456,35.524324],[-87.014459,35.524127],[-87.014359,35.525482],[-87.013252,35.525243],[-87.01335,35.528795],[-87.01198,35.528794],[-87.011029,35.527725],[-87.009495,35.527977],[-87.004375,35.527785],[-87.003196,35.529889],[-86.999686,35.526174],[-86.986379,35.524282],[-86.987126,35.536615],[-86.988538,35.540657],[-86.986524,35.541004],[-86.983476,35.53951],[-86.979519,35.538618],[-86.980911,35.537299],[-86.980668,35.533143],[-86.982049,35.527514],[-86.977882,35.527444],[-86.978129,35.525427],[-86.976324,35.524124],[-86.97278,35.52388],[-86.972834,35.525199],[-86.96913,35.527284],[-86.96779,35.526472],[-86.963766,35.526509],[-86.962997,35.525771],[-86.963298,35.523152],[-86.964413,35.521134],[-86.965696,35.520587],[-86.965766,35.518359],[-86.963245,35.521448],[-86.96248,35.52308],[-86.959459,35.526872],[-86.959489,35.528363],[-86.956318,35.527662],[-86.954628,35.528055],[-86.954053,35.530857],[-86.952523,35.529937],[-86.951659,35.528416],[-86.95693,35.525892],[-86.957274,35.525092],[-86.956717,35.523703],[-86.956781,35.520399],[-86.954399,35.518485],[-86.952734,35.513212],[-86.949418,35.510976],[-86.950885,35.509599],[-86.949438,35.50912],[-86.949839,35.507996],[-86.948546,35.506755],[-86.949079,35.504318],[-86.946894,35.502692],[-86.944776,35.504267],[-86.943541,35.504008],[-86.94047,35.501714],[-86.939789,35.503995],[-86.935922,35.506411],[-86.935422,35.510391],[-86.935989,35.511978],[-86.935309,35.515124],[-86.936493,35.516413],[-86.94159,35.518573],[-86.936092,35.516812],[-86.933956,35.515462],[-86.928847,35.513853],[-86.926807,35.513891],[-86.924486,35.514556],[-86.922593,35.519929],[-86.919689,35.521451],[-86.917462,35.522092],[-86.916696,35.523475],[-86.913416,35.521472],[-86.911227,35.520723],[-86.909824,35.519537],[-86.908698,35.51689],[-86.90777,35.516309],[-86.906321,35.513097],[-86.903821,35.512739],[-86.902723,35.513699],[-86.901356,35.512636],[-86.895101,35.510014],[-86.892016,35.508913],[-86.890156,35.512111],[-86.885184,35.50807],[-86.878332,35.505892],[-86.877143,35.509669],[-86.875589,35.521251],[-86.870568,35.520796],[-86.872777,35.503451],[-86.87128,35.502486],[-86.849573,35.525515],[-86.8381,35.550776],[-86.84213,35.551036],[-86.839048,35.552055],[-86.838216,35.559388],[-86.841704,35.559657],[-86.840489,35.567286],[-86.834354,35.566837],[-86.836789,35.573211],[-86.836381,35.575465],[-86.829905,35.57411],[-86.827501,35.580812],[-86.827394,35.58211],[-86.840755,35.583247],[-86.839767,35.59154],[-86.837104,35.592339],[-86.835988,35.594544],[-86.833917,35.594278],[-86.82843,35.596246],[-86.825844,35.599414],[-86.824795,35.600934],[-86.823765,35.60869],[-86.82238,35.608564],[-86.823127,35.614026],[-86.816961,35.658251],[-86.814996,35.658026],[-86.813745,35.65907],[-86.814324,35.662103],[-86.81438,35.666731],[-86.812319,35.666812],[-86.80328,35.665848],[-86.800164,35.666747],[-86.797688,35.667873],[-86.794697,35.66759],[-86.790724,35.66758],[-86.78656,35.66987],[-86.783895,35.670022],[-86.777294,35.671403],[-86.775479,35.672319],[-86.768336,35.672522],[-86.767141,35.679951],[-86.76621,35.68195],[-86.771149,35.682161],[-86.77433,35.681444],[-86.775091,35.68007],[-86.777261,35.678999],[-86.778676,35.679024],[-86.774396,35.682251],[-86.773596,35.684109],[-86.773437,35.692408],[-86.76748,35.702365],[-86.769278,35.702465],[-86.769524,35.700289],[-86.773169,35.700446],[-86.772643,35.705802],[-86.774347,35.705909],[-86.774677,35.702832],[-86.782284,35.703376],[-86.782016,35.706595],[-86.794002,35.702575],[-86.792579,35.70153],[-86.793424,35.699917],[-86.795243,35.698318],[-86.794866,35.696867],[-86.796727,35.693728],[-86.796935,35.691479],[-86.802792,35.692042],[-86.802266,35.697158],[-86.803369,35.697201],[-86.803233,35.699415],[-86.809452,35.697251],[-86.810548,35.698797],[-86.824637,35.702252],[-86.824946,35.701243],[-86.828153,35.699016],[-86.832083,35.695474],[-86.832674,35.697133],[-86.838872,35.697405],[-86.837949,35.69459],[-86.836628,35.692931],[-86.837193,35.690979],[-86.83505,35.690441],[-86.83511,35.688253],[-86.835918,35.687368],[-86.834766,35.686082],[-86.833182,35.682763],[-86.834333,35.679283],[-86.836764,35.675672],[-86.837518,35.676119],[-86.843538,35.676222],[-86.845613,35.676987],[-86.845575,35.68038],[-86.84869,35.68106],[-86.849215,35.681785],[-86.851226,35.680188],[-86.852659,35.672652],[-86.856944,35.674595],[-86.861177,35.676858],[-86.864023,35.67766],[-86.866369,35.67425],[-86.865525,35.671348],[-86.866421,35.671859],[-86.870621,35.676963],[-86.870865,35.678683],[-86.873628,35.675613],[-86.874567,35.670751],[-86.873184,35.66747],[-86.871748,35.665982],[-86.872062,35.663351],[-86.870697,35.661209],[-86.872519,35.64898],[-86.881807,35.649643],[-86.889442,35.65051],[-86.892966,35.651306],[-86.8931,35.649303],[-86.893879,35.648448],[-86.894369,35.645017],[-86.895757,35.643294],[-86.89724,35.644169],[-86.903198,35.645724],[-86.908587,35.644838],[-86.912882,35.644802],[-86.918001,35.646946],[-86.921244,35.645912],[-86.924133,35.645469],[-86.925612,35.644221],[-86.931865,35.644911],[-86.934129,35.64593],[-86.943317,35.643985],[-86.943049,35.646127],[-86.941223,35.650967],[-86.939085,35.651085],[-86.938668,35.651835],[-86.939187,35.655001],[-86.938752,35.656224],[-86.940215,35.658192],[-86.942298,35.659223],[-86.947218,35.659022],[-86.956779,35.659135],[-86.95623,35.661097],[-86.954215,35.660541],[-86.951749,35.661237],[-86.951957,35.664381],[-86.951316,35.666587],[-86.95233,35.667205],[-86.952418,35.66888],[-86.954157,35.67085],[-86.955514,35.674389],[-86.955311,35.676203],[-86.952835,35.676374],[-86.951842,35.682455],[-86.942288,35.681498],[-86.940473,35.680382],[-86.937187,35.680024],[-86.935903,35.688175],[-86.937873,35.688234],[-86.939753,35.688965],[-86.941815,35.68979],[-86.942696,35.690424],[-86.942623,35.691413],[-86.9463,35.691862],[-86.946939,35.691326],[-86.948191,35.691221],[-86.951441,35.692838],[-86.95173,35.693439],[-86.949663,35.692182],[-86.947401,35.691413],[-86.946737,35.691567],[-86.946485,35.69369],[-86.947329,35.696215],[-86.948623,35.696361],[-86.951571,35.695197],[-86.952228,35.696158],[-86.953261,35.696241],[-86.953001,35.697526],[-86.954271,35.698944],[-86.953447,35.700723],[-86.950429,35.701927],[-86.950643,35.702546],[-86.949733,35.703866],[-86.950778,35.706311],[-86.951499,35.706888],[-86.951371,35.707779],[-86.952052,35.708823],[-86.952005,35.711395],[-86.952821,35.713841],[-86.954426,35.7156],[-86.954573,35.71625],[-86.956766,35.717187],[-86.95853,35.717561],[-86.960492,35.717626],[-86.963139,35.718662],[-86.965051,35.71859],[-86.967611,35.720106],[-86.96291,35.724877],[-86.963029,35.724991],[-86.961368,35.726684],[-86.963341,35.726745],[-86.965027,35.72837],[-86.966334,35.730872],[-86.967793,35.729685],[-86.972537,35.733408],[-86.972295,35.735226],[-86.968288,35.738277],[-86.970034,35.739051],[-86.971909,35.737039],[-86.973174,35.73727],[-86.973681,35.737445],[-86.977758,35.734314],[-86.977235,35.735705],[-86.977682,35.738036],[-86.976508,35.744535],[-86.980248,35.744916],[-86.981345,35.743334],[-86.983987,35.741305],[-86.985247,35.739093],[-86.990679,35.739037],[-86.992193,35.742368],[-86.991897,35.74417],[-86.995594,35.747972],[-86.995623,35.74977],[-86.99702,35.751818],[-87.000691,35.752953],[-86.996676,35.752829],[-86.998634,35.754763],[-86.999036,35.760781],[-87.000295,35.763359],[-86.999559,35.764579],[-87.001379,35.766025],[-87.00224,35.767911],[-87.001608,35.768997],[-87.003112,35.76999],[-87.002203,35.77322],[-87.002329,35.775127],[-87.001423,35.775467],[-87.000427,35.778679],[-87.003959,35.779028],[-87.003662,35.780706],[-87.01137,35.78122],[-87.01125,35.78193],[-87.016078,35.785728],[-87.015524,35.786969],[-87.03303,35.792507],[-87.034465,35.79529],[-87.035681,35.796213],[-87.036896,35.797905],[-87.037143,35.799703],[-87.036536,35.80069],[-87.03641,35.803273],[-87.03511,35.80632],[-87.035279,35.807841],[-87.03665,35.810173],[-87.036466,35.81177],[-87.035466,35.812976],[-87.03516,35.814848],[-87.034064,35.816598],[-87.033727,35.818213],[-87.032937,35.819178],[-87.030859,35.820186],[-87.02903,35.823056],[-87.02584,35.823758],[-87.023249,35.824791],[-87.02197,35.824795],[-87.021181,35.826614],[-87.021896,35.827856],[-87.023718,35.828786],[-87.02454,35.831045],[-87.027265,35.834355],[-87.029093,35.837153],[-87.030065,35.837901],[-87.032999,35.842853],[-87.034869,35.842172],[-87.038455,35.838886],[-87.039704,35.837106],[-87.043869,35.835392],[-87.045698,35.835562],[-87.046387,35.834386],[-87.051875,35.833211],[-87.053805,35.831227],[-87.054548,35.830521],[-87.054869,35.827615],[-87.053208,35.824661],[-87.05338,35.823313],[-87.056445,35.824568],[-87.058169,35.823698],[-87.092361,35.824209],[-87.09294,35.819109],[-87.093858,35.817691],[-87.09356,35.815157],[-87.095571,35.812433],[-87.09569,35.812471],[-87.100139,35.806124],[-87.100738,35.804424],[-87.106668,35.804253],[-87.110637,35.803868],[-87.1153,35.802489],[-87.11765,35.801211],[-87.11535,35.801024],[-87.112385,35.801707],[-87.10742,35.802214],[-87.103662,35.803936],[-87.100214,35.802761],[-87.098035,35.802674],[-87.095552,35.803889],[-87.092037,35.803],[-87.089844,35.803506],[-87.088502,35.802997],[-87.085828,35.800693],[-87.083805,35.798119],[-87.084306,35.7969],[-87.083271,35.794162],[-87.084349,35.79287],[-87.084391,35.787841],[-87.085427,35.787866],[-87.087717,35.783605],[-87.087211,35.78191],[-87.089296,35.781287],[-87.089625,35.779649],[-87.091838,35.77947],[-87.094757,35.778417],[-87.094406,35.77555],[-87.093486,35.772506],[-87.090796,35.769607],[-87.091025,35.76683],[-87.09314,35.764964],[-87.089524,35.759014],[-87.086164,35.757474],[-87.091444,35.749775],[-87.092461,35.747208],[-87.094915,35.745217],[-87.097469,35.743848],[-87.099242,35.743485],[-87.101197,35.741918],[-87.103326,35.739075],[-87.104822,35.738327],[-87.107438,35.738156],[-87.113075,35.734106],[-87.114516,35.733851],[-87.117907,35.731054],[-87.121093,35.729278],[-87.124038,35.726675],[-87.126699,35.725511],[-87.124251,35.719901],[-87.124919,35.721076],[-87.127359,35.722463],[-87.130036,35.720782],[-87.130115,35.720077],[-87.118327,35.713345],[-87.117693,35.708924],[-87.125766,35.703116],[-87.125007,35.696112],[-87.128374,35.696089],[-87.13079,35.699056],[-87.133398,35.70026],[-87.138816,35.698645],[-87.141438,35.697234],[-87.147893,35.69167],[-87.150981,35.691443],[-87.157056,35.694493],[-87.159299,35.694945],[-87.163055,35.694673],[-87.170112,35.69146],[-87.174411,35.68843],[-87.178813,35.687028],[-87.177443,35.685047],[-87.17721,35.682916],[-87.176259,35.680818],[-87.176051,35.67829],[-87.176376,35.676514],[-87.179691,35.676795],[-87.184087,35.676807],[-87.185022,35.671565],[-87.187143,35.670155],[-87.188654,35.670174],[-87.19087,35.669036],[-87.194693,35.669178],[-87.196696,35.670097],[-87.198609,35.671872],[-87.200684,35.672922],[-87.202247,35.673026],[-87.206592,35.675647],[-87.208915,35.676115],[-87.209143,35.673613],[-87.210548,35.671512],[-87.210552,35.670245],[-87.209113,35.668023],[-87.209679,35.665034],[-87.209152,35.660805],[-87.210027,35.655131],[-87.210855,35.652355],[-87.213269,35.652488],[-87.215919,35.648834],[-87.216262,35.647438],[-87.219487,35.644562],[-87.222792,35.642901],[-87.224535,35.640757],[-87.224258,35.639377]]]]}},{"type":"Feature","properties":{"zcta5":"37046","AFFGEOID10":"8600000US37046","GEOID10":"37046","ALAND10":181044987,"AWATER10":30374,"county_name":"Williamson","state_code":"TN","county_state":"Williamson County, TN","county_fips":"47187","risk_level_county":"Medium Risk (70–79% vaccinated)","mean_vaccination_rate_county":75.65,"risk_level_zcta":"Medium Risk (70–79% vaccinated)","mean_vaccination_rate_zips":77.32,"cases":8},"geometry":{"type":"Polygon","coordinates":[[[-86.837374,35.74659],[-86.838864,35.743067],[-86.834081,35.744449],[-86.832777,35.745349],[-86.807976,35.737164],[-86.807571,35.732472],[-86.802399,35.731863],[-86.799484,35.729572],[-86.797449,35.729117],[-86.796041,35.730405],[-86.798525,35.733458],[-86.784837,35.733464],[-86.785672,35.727491],[-86.7829,35.726899],[-86.782615,35.731082],[-86.776318,35.72991],[-86.776249,35.726614],[-86.776985,35.723509],[-86.776345,35.722058],[-86.777526,35.719574],[-86.778383,35.713823],[-86.786938,35.714535],[-86.7878,35.714124],[-86.790203,35.710828],[-86.793965,35.710911],[-86.797621,35.709942],[-86.799868,35.709696],[-86.797898,35.707988],[-86.790448,35.707219],[-86.782016,35.706595],[-86.782284,35.703376],[-86.774677,35.702832],[-86.774347,35.705909],[-86.772643,35.705802],[-86.773169,35.700446],[-86.769524,35.700289],[-86.769278,35.702465],[-86.76748,35.702365],[-86.767908,35.708678],[-86.760105,35.708206],[-86.760726,35.70181],[-86.754047,35.701463],[-86.752207,35.701743],[-86.752794,35.696539],[-86.751651,35.696447],[-86.751328,35.699089],[-86.750652,35.699888],[-86.749998,35.703486],[-86.74676,35.703164],[-86.746606,35.707889],[-86.741643,35.707591],[-86.741751,35.706176],[-86.743071,35.705785],[-86.743376,35.704335],[-86.740639,35.70168],[-86.740705,35.700557],[-86.737848,35.700152],[-86.736132,35.698944],[-86.734354,35.698849],[-86.732926,35.703839],[-86.731191,35.703905],[-86.731098,35.70676],[-86.69692,35.705431],[-86.696859,35.707393],[-86.695866,35.702614],[-86.692532,35.703258],[-86.69251,35.702342],[-86.690677,35.700946],[-86.69048,35.699349],[-86.689579,35.698505],[-86.689067,35.696175],[-86.687564,35.69551],[-86.687706,35.693899],[-86.685772,35.692799],[-86.683618,35.690838],[-86.677876,35.690016],[-86.67133,35.689652],[-86.671286,35.692189],[-86.670147,35.693162],[-86.670208,35.696705],[-86.667074,35.696357],[-86.661346,35.694844],[-86.66047,35.692544],[-86.660364,35.694259],[-86.661664,35.696507],[-86.660599,35.697749],[-86.660268,35.699563],[-86.658137,35.702168],[-86.656711,35.705372],[-86.663576,35.706129],[-86.665854,35.706158],[-86.666467,35.701693],[-86.673683,35.703306],[-86.682628,35.704097],[-86.682288,35.706513],[-86.680652,35.70957],[-86.686193,35.710051],[-86.685925,35.713558],[-86.689105,35.713254],[-86.688557,35.718372],[-86.694703,35.71876],[-86.695008,35.717547],[-86.698003,35.717835],[-86.698572,35.730766],[-86.698015,35.736404],[-86.697986,35.741034],[-86.697705,35.743564],[-86.696383,35.746955],[-86.691666,35.7464],[-86.694484,35.74891],[-86.69403,35.7511],[-86.692439,35.752452],[-86.692486,35.753328],[-86.692155,35.75227],[-86.692366,35.751069],[-86.681813,35.750066],[-86.680854,35.750621],[-86.679478,35.756258],[-86.678142,35.765772],[-86.675091,35.765689],[-86.675149,35.76896],[-86.672002,35.768885],[-86.671288,35.771736],[-86.663821,35.770982],[-86.662568,35.767809],[-86.661266,35.767431],[-86.659664,35.781169],[-86.661728,35.78261],[-86.663316,35.782158],[-86.664042,35.783682],[-86.661772,35.785392],[-86.661459,35.786608],[-86.663374,35.789421],[-86.662855,35.790934],[-86.661306,35.793963],[-86.662448,35.796321],[-86.663954,35.797142],[-86.664428,35.799892],[-86.662926,35.804241],[-86.659649,35.802537],[-86.662343,35.807129],[-86.662369,35.813345],[-86.661759,35.817328],[-86.658959,35.817511],[-86.64824,35.81741],[-86.640195,35.816823],[-86.636646,35.816371],[-86.635637,35.815671],[-86.627482,35.814661],[-86.630418,35.811147],[-86.631409,35.805439],[-86.625058,35.802832],[-86.624228,35.800642],[-86.624573,35.797012],[-86.624157,35.795167],[-86.618504,35.794117],[-86.615039,35.791247],[-86.613241,35.790824],[-86.610908,35.804115],[-86.612646,35.80618],[-86.613531,35.809965],[-86.619016,35.808499],[-86.619475,35.805714],[-86.622415,35.805227],[-86.622878,35.806967],[-86.625198,35.808897],[-86.623826,35.812522],[-86.623291,35.815735],[-86.621684,35.816297],[-86.620919,35.815445],[-86.617033,35.816227],[-86.61691,35.813484],[-86.612951,35.813515],[-86.612245,35.817448],[-86.612722,35.819309],[-86.611806,35.824469],[-86.626018,35.826738],[-86.611667,35.824623],[-86.609445,35.823298],[-86.608892,35.827304],[-86.606468,35.828862],[-86.606015,35.829955],[-86.604623,35.829966],[-86.602829,35.838601],[-86.600659,35.842097],[-86.601018,35.844168],[-86.595399,35.849688],[-86.595144,35.8508],[-86.597132,35.850883],[-86.600221,35.851519],[-86.604242,35.851477],[-86.610195,35.849591],[-86.612819,35.849476],[-86.615995,35.850258],[-86.615234,35.855],[-86.61592,35.856678],[-86.615467,35.860683],[-86.617457,35.861012],[-86.617648,35.861907],[-86.627501,35.863016],[-86.63083,35.863961],[-86.631982,35.862354],[-86.631646,35.860567],[-86.634665,35.859437],[-86.638749,35.860439],[-86.643826,35.860622],[-86.645858,35.861607],[-86.647661,35.860953],[-86.650476,35.861339],[-86.652057,35.859866],[-86.658551,35.859503],[-86.656667,35.856802],[-86.658671,35.856354],[-86.658882,35.854313],[-86.662918,35.854924],[-86.668799,35.857478],[-86.671052,35.857992],[-86.677693,35.858656],[-86.681542,35.859827],[-86.684775,35.861684],[-86.688365,35.864555],[-86.688548,35.861938],[-86.679913,35.858954],[-86.670027,35.856204],[-86.653735,35.851122],[-86.654276,35.848804],[-86.659976,35.849137],[-86.660851,35.845932],[-86.658263,35.845888],[-86.652763,35.845112],[-86.656229,35.843126],[-86.659193,35.842286],[-86.662069,35.839665],[-86.663236,35.839448],[-86.66421,35.836966],[-86.67046,35.836907],[-86.672958,35.837809],[-86.679174,35.838156],[-86.685607,35.840552],[-86.688023,35.840113],[-86.692081,35.841753],[-86.693989,35.842075],[-86.698626,35.841668],[-86.700121,35.839865],[-86.699715,35.838272],[-86.696181,35.83415],[-86.698937,35.832265],[-86.703941,35.831795],[-86.706683,35.833462],[-86.707529,35.834975],[-86.711281,35.838551],[-86.71862,35.839251],[-86.716185,35.840565],[-86.715531,35.842159],[-86.717361,35.844068],[-86.719538,35.8437],[-86.720896,35.844446],[-86.720952,35.848127],[-86.721868,35.848816],[-86.725041,35.848432],[-86.727213,35.849973],[-86.729065,35.849954],[-86.729814,35.851247],[-86.732986,35.852357],[-86.734282,35.852121],[-86.733835,35.854357],[-86.73194,35.867809],[-86.730169,35.872621],[-86.73318,35.874206],[-86.733112,35.872675],[-86.736264,35.868931],[-86.737302,35.865962],[-86.737024,35.864775],[-86.739393,35.862328],[-86.73987,35.859498],[-86.739361,35.854733],[-86.73959,35.854122],[-86.738182,35.85133],[-86.74006,35.850847],[-86.738593,35.847659],[-86.73681,35.845786],[-86.737938,35.8401],[-86.746184,35.840722],[-86.745906,35.837935],[-86.763826,35.817989],[-86.764433,35.817205],[-86.769076,35.815696],[-86.773469,35.815994],[-86.774195,35.813939],[-86.774319,35.810399],[-86.771508,35.811046],[-86.765292,35.803107],[-86.765405,35.802355],[-86.767728,35.801511],[-86.766816,35.799881],[-86.765208,35.798784],[-86.765166,35.794424],[-86.764523,35.79367],[-86.761135,35.793691],[-86.75913,35.7932],[-86.759539,35.792262],[-86.75682,35.792175],[-86.752716,35.793309],[-86.747475,35.79298],[-86.748144,35.791763],[-86.752528,35.791043],[-86.754924,35.789906],[-86.760288,35.788068],[-86.766427,35.788241],[-86.766778,35.789004],[-86.769638,35.785357],[-86.772106,35.782808],[-86.772886,35.781238],[-86.772568,35.778884],[-86.774971,35.772493],[-86.775738,35.771657],[-86.782004,35.768603],[-86.78498,35.767526],[-86.787707,35.765137],[-86.791048,35.761604],[-86.793669,35.760896],[-86.794452,35.762381],[-86.799192,35.765452],[-86.797779,35.76574],[-86.799072,35.766661],[-86.799954,35.766572],[-86.803767,35.762818],[-86.804926,35.758286],[-86.80896,35.759542],[-86.810221,35.762307],[-86.809863,35.76417],[-86.808683,35.764929],[-86.808042,35.767182],[-86.806552,35.769205],[-86.805876,35.771646],[-86.809494,35.771994],[-86.813335,35.774315],[-86.817009,35.775162],[-86.820784,35.774719],[-86.821093,35.772834],[-86.8229,35.772453],[-86.823999,35.770056],[-86.825894,35.76844],[-86.828139,35.767495],[-86.829164,35.766071],[-86.832097,35.765653],[-86.833554,35.763921],[-86.836089,35.76308],[-86.836143,35.762299],[-86.838557,35.761511],[-86.837995,35.758776],[-86.838125,35.754835],[-86.835942,35.751455],[-86.834574,35.750016],[-86.834963,35.748964],[-86.836756,35.747907],[-86.837374,35.74659]]]}},{"type":"Feature","properties":{"zcta5":"38476","AFFGEOID10":"8600000US38476","GEOID10":"38476","ALAND10":108010963,"AWATER10":0,"county_name":"Williamson","state_code":"TN","county_state":"Williamson County, TN","county_fips":"47187","risk_level_county":"Medium Risk (70–79% vaccinated)","mean_vaccination_rate_county":75.65,"risk_level_zcta":"Medium Risk (70–79% vaccinated)","mean_vaccination_rate_zips":77.4,"cases":8},"geometry":{"type":"Polygon","coordinates":[[[-87.229448,35.871022],[-87.229057,35.869089],[-87.229446,35.86434],[-87.231687,35.862289],[-87.23353,35.862003],[-87.234395,35.863404],[-87.239456,35.862678],[-87.2418,35.861322],[-87.244988,35.860321],[-87.245519,35.859047],[-87.244281,35.854766],[-87.242183,35.852096],[-87.242069,35.847152],[-87.245556,35.844769],[-87.251994,35.845559],[-87.253037,35.84492],[-87.254653,35.841069],[-87.263102,35.84654],[-87.263716,35.843673],[-87.263326,35.842265],[-87.264907,35.841344],[-87.266285,35.839509],[-87.266768,35.837383],[-87.266373,35.835131],[-87.266634,35.832885],[-87.269411,35.831043],[-87.271046,35.832079],[-87.272242,35.835131],[-87.272642,35.838711],[-87.273361,35.840618],[-87.275412,35.840175],[-87.278336,35.838753],[-87.281449,35.834888],[-87.284237,35.837314],[-87.282783,35.839527],[-87.282035,35.842061],[-87.282367,35.843053],[-87.286478,35.843516],[-87.287657,35.845321],[-87.290613,35.84526],[-87.29289,35.846902],[-87.293792,35.846567],[-87.297435,35.847182],[-87.29964,35.848919],[-87.29974,35.850456],[-87.300665,35.848894],[-87.303183,35.847287],[-87.305543,35.846586],[-87.305178,35.845495],[-87.30235,35.844132],[-87.299409,35.841506],[-87.297001,35.840287],[-87.296145,35.838831],[-87.29416,35.837683],[-87.291278,35.833296],[-87.290029,35.832546],[-87.29051,35.82986],[-87.293239,35.826119],[-87.293415,35.827604],[-87.296405,35.823049],[-87.296743,35.821981],[-87.290957,35.81822],[-87.292263,35.815308],[-87.294221,35.814484],[-87.29244,35.814418],[-87.290383,35.812688],[-87.290742,35.808023],[-87.289198,35.806575],[-87.28802,35.803756],[-87.288218,35.801769],[-87.291067,35.799777],[-87.285084,35.795491],[-87.284005,35.795717],[-87.280849,35.794744],[-87.279386,35.795786],[-87.273655,35.793628],[-87.271008,35.79403],[-87.2696,35.793241],[-87.265883,35.792451],[-87.263842,35.790353],[-87.260679,35.790195],[-87.25948,35.790872],[-87.2538,35.791],[-87.250595,35.78981],[-87.248402,35.789658],[-87.244863,35.785995],[-87.242501,35.781473],[-87.24016,35.780221],[-87.237805,35.778144],[-87.237966,35.777237],[-87.236232,35.774563],[-87.234902,35.774713],[-87.232114,35.776463],[-87.228628,35.775473],[-87.225744,35.775193],[-87.220953,35.776493],[-87.21862,35.776483],[-87.215395,35.777219],[-87.21037,35.775768],[-87.207978,35.775661],[-87.205886,35.774303],[-87.204105,35.777108],[-87.203526,35.775598],[-87.202537,35.776003],[-87.20078,35.777853],[-87.1997,35.780376],[-87.197501,35.782368],[-87.196915,35.784418],[-87.197574,35.785251],[-87.195553,35.78902],[-87.190131,35.795406],[-87.18787,35.79984],[-87.190427,35.798319],[-87.191594,35.798886],[-87.19648,35.803128],[-87.1921,35.802474],[-87.194275,35.809041],[-87.197689,35.811154],[-87.200089,35.813437],[-87.201605,35.815943],[-87.201237,35.819587],[-87.198201,35.819633],[-87.193707,35.818673],[-87.188042,35.814422],[-87.185742,35.813739],[-87.186628,35.816908],[-87.187994,35.818725],[-87.186715,35.81991],[-87.180981,35.823464],[-87.181735,35.827436],[-87.179627,35.830624],[-87.184003,35.833093],[-87.186181,35.835162],[-87.189063,35.836451],[-87.192801,35.840929],[-87.191159,35.843158],[-87.177627,35.838738],[-87.178398,35.84111],[-87.180668,35.840957],[-87.176273,35.844077],[-87.174027,35.843761],[-87.168431,35.839778],[-87.163831,35.838619],[-87.161696,35.838644],[-87.159664,35.839584],[-87.157077,35.843074],[-87.159236,35.845877],[-87.157884,35.852543],[-87.154082,35.85451],[-87.15261,35.855801],[-87.151569,35.85789],[-87.151203,35.861341],[-87.149711,35.863989],[-87.15161,35.864265],[-87.147576,35.867986],[-87.148812,35.870107],[-87.150636,35.870963],[-87.151313,35.872685],[-87.147689,35.876146],[-87.146614,35.884455],[-87.145274,35.884981],[-87.139352,35.888864],[-87.146678,35.895492],[-87.148415,35.898827],[-87.147547,35.900025],[-87.145531,35.900067],[-87.142781,35.901028],[-87.14039,35.900538],[-87.138417,35.900944],[-87.136525,35.902531],[-87.136436,35.903988],[-87.13428,35.905889],[-87.134043,35.910318],[-87.136284,35.909594],[-87.138952,35.909743],[-87.142291,35.911153],[-87.145565,35.912068],[-87.148717,35.913477],[-87.153441,35.916188],[-87.160505,35.912378],[-87.165611,35.91127],[-87.166435,35.90868],[-87.17409,35.908093],[-87.183373,35.911831],[-87.184708,35.911129],[-87.186047,35.909332],[-87.185927,35.908242],[-87.189278,35.910325],[-87.194406,35.908467],[-87.195601,35.907197],[-87.197378,35.903526],[-87.198398,35.902366],[-87.198897,35.89925],[-87.200254,35.895369],[-87.204381,35.893934],[-87.206373,35.891636],[-87.208427,35.891509],[-87.210844,35.875065],[-87.21201,35.869031],[-87.215342,35.867318],[-87.21955,35.870867],[-87.222421,35.872218],[-87.229484,35.872694],[-87.229448,35.871022]]]}},{"type":"Feature","properties":{"zcta5":"37027","AFFGEOID10":"8600000US37027","GEOID10":"37027","ALAND10":142303511,"AWATER10":134866,"county_name":"Williamson","state_code":"TN","county_state":"Williamson County, TN","county_fips":"47187","risk_level_county":"Medium Risk (70–79% vaccinated)","mean_vaccination_rate_county":75.65,"risk_level_zcta":"Lowest Risk (85%+)","mean_vaccination_rate_zips":86.48,"cases":8},"geometry":{"type":"Polygon","coordinates":[[[-86.875333,36.041374],[-86.874073,36.03917],[-86.871982,36.036614],[-86.874388,36.033447],[-86.876598,36.02866],[-86.878019,36.026827],[-86.883039,36.023414],[-86.886885,36.019625],[-86.887471,36.018874],[-86.88802,36.017861],[-86.888253,36.017155],[-86.888793,36.012164],[-86.888573,36.010743],[-86.886501,36.010744],[-86.878596,36.010149],[-86.878794,36.007714],[-86.874816,36.007221],[-86.87265,36.006835],[-86.873044,36.005647],[-86.874111,36.005196],[-86.875626,36.004008],[-86.87362,36.004336],[-86.871964,36.005002],[-86.871484,36.00553],[-86.869502,36.006229],[-86.868961,36.005973],[-86.870033,36.004483],[-86.867691,36.002854],[-86.864988,36.001608],[-86.862289,36.001642],[-86.858906,36.000627],[-86.858094,35.999826],[-86.851781,35.996356],[-86.850435,35.995773],[-86.849028,35.993987],[-86.848634,35.991629],[-86.847755,35.990695],[-86.847893,35.99406],[-86.84717,35.994564],[-86.843377,35.994405],[-86.841976,35.998284],[-86.841526,35.990484],[-86.841685,35.987743],[-86.830477,35.980603],[-86.833627,35.978129],[-86.835639,35.974446],[-86.833056,35.973339],[-86.833207,35.973169],[-86.830104,35.970071],[-86.831718,35.967881],[-86.830181,35.967776],[-86.830123,35.965981],[-86.831154,35.96599],[-86.829242,35.963915],[-86.828302,35.964004],[-86.828427,35.962148],[-86.827212,35.961917],[-86.830294,35.960941],[-86.832222,35.955947],[-86.821175,35.963726],[-86.820099,35.962286],[-86.824974,35.958389],[-86.825596,35.956833],[-86.820304,35.956211],[-86.819182,35.957519],[-86.816632,35.957212],[-86.81532,35.962019],[-86.813514,35.967218],[-86.807546,35.966312],[-86.80899,35.96142],[-86.799699,35.960762],[-86.799153,35.963092],[-86.794066,35.96259],[-86.795144,35.954753],[-86.792014,35.954344],[-86.794024,35.947599],[-86.802521,35.94854],[-86.803024,35.947269],[-86.793958,35.945449],[-86.794421,35.942808],[-86.786879,35.94214],[-86.78569,35.945209],[-86.781219,35.944712],[-86.779626,35.945435],[-86.779705,35.943428],[-86.767131,35.944664],[-86.76772,35.940539],[-86.767815,35.939837],[-86.765996,35.939153],[-86.762919,35.938835],[-86.762926,35.93752],[-86.761738,35.937537],[-86.757501,35.936317],[-86.754867,35.935113],[-86.751178,35.933959],[-86.751216,35.932855],[-86.747513,35.932484],[-86.746227,35.936869],[-86.743093,35.936983],[-86.742743,35.940121],[-86.738384,35.939805],[-86.737689,35.944557],[-86.730991,35.943777],[-86.730111,35.945644],[-86.730823,35.947078],[-86.730544,35.948849],[-86.728394,35.952705],[-86.724736,35.952182],[-86.721262,35.953889],[-86.715379,35.953481],[-86.713669,35.954571],[-86.709526,35.953861],[-86.70633,35.952808],[-86.705315,35.952135],[-86.703972,35.950134],[-86.703098,35.95579],[-86.703391,35.959134],[-86.701117,35.95894],[-86.700839,35.961469],[-86.702671,35.961636],[-86.702932,35.965499],[-86.702583,35.968106],[-86.700653,35.972416],[-86.699886,35.977725],[-86.696145,35.978356],[-86.694822,35.977234],[-86.691879,35.977476],[-86.690246,35.976697],[-86.687438,35.977112],[-86.6873,35.980459],[-86.687421,35.989398],[-86.687675,35.99256],[-86.689611,35.993908],[-86.689614,35.994966],[-86.689096,35.99505],[-86.686573,35.994126],[-86.683881,35.989291],[-86.682726,35.988663],[-86.681483,35.988793],[-86.681889,35.989399],[-86.683475,35.991177],[-86.686044,35.993976],[-86.687714,35.995343],[-86.68786,35.995441],[-86.693509,35.999496],[-86.692791,36.00153],[-86.69139,36.00312],[-86.687617,36.00282],[-86.686412,36.005309],[-86.687624,36.005874],[-86.690916,36.005964],[-86.692129,36.004707],[-86.694166,36.00612],[-86.695012,36.00481],[-86.698031,36.003466],[-86.699795,36.00513],[-86.701649,36.009349],[-86.703798,36.004372],[-86.703215,36.00217],[-86.712896,36.008122],[-86.732069,36.009873],[-86.738652,36.013256],[-86.738465,36.014008],[-86.740515,36.01536],[-86.742621,36.021019],[-86.742363,36.024934],[-86.74352,36.026479],[-86.744092,36.028654],[-86.743485,36.036907],[-86.747759,36.036617],[-86.747049,36.041464],[-86.743507,36.040019],[-86.744143,36.043424],[-86.743751,36.047326],[-86.745253,36.047393],[-86.746456,36.044577],[-86.747923,36.044253],[-86.748877,36.044793],[-86.74921,36.046584],[-86.750253,36.046068],[-86.752621,36.046311],[-86.752392,36.047637],[-86.755572,36.047915],[-86.753882,36.051168],[-86.756048,36.050675],[-86.757416,36.049329],[-86.76076,36.049111],[-86.764925,36.049673],[-86.768028,36.052117],[-86.769122,36.054225],[-86.771139,36.05421],[-86.775166,36.053365],[-86.775808,36.04795],[-86.776618,36.04688],[-86.781411,36.043391],[-86.782092,36.042021],[-86.785661,36.039345],[-86.78415,36.041191],[-86.790723,36.045663],[-86.790601,36.04702],[-86.791527,36.048772],[-86.79257,36.050265],[-86.794124,36.052781],[-86.797826,36.055255],[-86.801724,36.058992],[-86.802848,36.059064],[-86.807958,36.060867],[-86.807457,36.061928],[-86.809867,36.062247],[-86.810902,36.062505],[-86.811979,36.062265],[-86.811429,36.063798],[-86.810879,36.064018],[-86.811597,36.065],[-86.812735,36.065644],[-86.814001,36.062404],[-86.815221,36.062835],[-86.817414,36.06145],[-86.822047,36.062917],[-86.822712,36.05895],[-86.815405,36.057849],[-86.815667,36.056295],[-86.817283,36.055356],[-86.821789,36.055538],[-86.82206,36.053102],[-86.821385,36.051629],[-86.820201,36.05111],[-86.822326,36.050476],[-86.822539,36.048784],[-86.837583,36.046312],[-86.842335,36.043012],[-86.843707,36.043314],[-86.845241,36.043919],[-86.84539,36.043984],[-86.844669,36.045525],[-86.846251,36.048059],[-86.847254,36.050047],[-86.85399,36.04546],[-86.862739,36.047308],[-86.864761,36.044896],[-86.872219,36.045769],[-86.872967,36.043199],[-86.874401,36.043088],[-86.875333,36.041374]]]}},{"type":"Feature","properties":{"zcta5":"37014","AFFGEOID10":"8600000US37014","GEOID10":"37014","ALAND10":63821686,"AWATER10":84818,"county_name":"Williamson","state_code":"TN","county_state":"Williamson County, TN","county_fips":"47187","risk_level_county":"Medium Risk (70–79% vaccinated)","mean_vaccination_rate_county":75.65,"risk_level_zcta":"Medium Risk (70–79% vaccinated)","mean_vaccination_rate_zips":76.57,"cases":8},"geometry":{"type":"MultiPolygon","coordinates":[[[[-86.559847,35.882998],[-86.558908,35.885911],[-86.561846,35.886939],[-86.563629,35.889242],[-86.566574,35.886296],[-86.56645,35.883739],[-86.565565,35.88355],[-86.559847,35.882998]]],[[[-86.615132,35.88944],[-86.61882,35.889427],[-86.621069,35.890183],[-86.627563,35.890952],[-86.628448,35.889587],[-86.633751,35.889004],[-86.638189,35.887543],[-86.641428,35.88799],[-86.64142,35.884559],[-86.63907,35.88003],[-86.659949,35.870423],[-86.661331,35.879498],[-86.665777,35.893146],[-86.66933,35.893856],[-86.669422,35.892905],[-86.703466,35.901311],[-86.705956,35.899887],[-86.709073,35.899366],[-86.713971,35.899752],[-86.715768,35.900422],[-86.717639,35.900114],[-86.718773,35.898882],[-86.723043,35.898936],[-86.724062,35.898474],[-86.728805,35.898593],[-86.732438,35.897493],[-86.734428,35.897317],[-86.72952,35.891754],[-86.726039,35.889661],[-86.724988,35.888226],[-86.724033,35.884384],[-86.722641,35.882076],[-86.719484,35.879822],[-86.715904,35.875946],[-86.718963,35.876438],[-86.722373,35.877561],[-86.723463,35.873092],[-86.726414,35.873639],[-86.726757,35.871483],[-86.722487,35.864407],[-86.718124,35.85907],[-86.719553,35.857004],[-86.721295,35.856344],[-86.721976,35.854761],[-86.724048,35.854491],[-86.725054,35.853177],[-86.72479,35.851935],[-86.727213,35.849973],[-86.725041,35.848432],[-86.721868,35.848816],[-86.720952,35.848127],[-86.720896,35.844446],[-86.719538,35.8437],[-86.717361,35.844068],[-86.715531,35.842159],[-86.716185,35.840565],[-86.71862,35.839251],[-86.711281,35.838551],[-86.707529,35.834975],[-86.706683,35.833462],[-86.703941,35.831795],[-86.698937,35.832265],[-86.696181,35.83415],[-86.699715,35.838272],[-86.700121,35.839865],[-86.698626,35.841668],[-86.693989,35.842075],[-86.692081,35.841753],[-86.688023,35.840113],[-86.685607,35.840552],[-86.679174,35.838156],[-86.672958,35.837809],[-86.67046,35.836907],[-86.66421,35.836966],[-86.663236,35.839448],[-86.662069,35.839665],[-86.659193,35.842286],[-86.656229,35.843126],[-86.652763,35.845112],[-86.658263,35.845888],[-86.660851,35.845932],[-86.659976,35.849137],[-86.654276,35.848804],[-86.653735,35.851122],[-86.670027,35.856204],[-86.679913,35.858954],[-86.688548,35.861938],[-86.688365,35.864555],[-86.684775,35.861684],[-86.681542,35.859827],[-86.677693,35.858656],[-86.671052,35.857992],[-86.668799,35.857478],[-86.662918,35.854924],[-86.658882,35.854313],[-86.658671,35.856354],[-86.656667,35.856802],[-86.658551,35.859503],[-86.652057,35.859866],[-86.650476,35.861339],[-86.647661,35.860953],[-86.645858,35.861607],[-86.643826,35.860622],[-86.638749,35.860439],[-86.634665,35.859437],[-86.631646,35.860567],[-86.631982,35.862354],[-86.63083,35.863961],[-86.627501,35.863016],[-86.617648,35.861907],[-86.617457,35.861012],[-86.615467,35.860683],[-86.61592,35.856678],[-86.615234,35.855],[-86.615995,35.850258],[-86.612819,35.849476],[-86.610195,35.849591],[-86.604242,35.851477],[-86.600221,35.851519],[-86.597132,35.850883],[-86.595144,35.8508],[-86.585626,35.850791],[-86.585408,35.852531],[-86.584016,35.85458],[-86.580555,35.856663],[-86.579448,35.859006],[-86.570957,35.859872],[-86.56664,35.860579],[-86.567145,35.861312],[-86.565626,35.862686],[-86.563837,35.863059],[-86.564938,35.865918],[-86.565694,35.866352],[-86.565471,35.870611],[-86.567497,35.873794],[-86.565905,35.875281],[-86.56739,35.875869],[-86.56816,35.880063],[-86.566817,35.881822],[-86.567215,35.88319],[-86.569768,35.882036],[-86.570585,35.881173],[-86.572854,35.881162],[-86.575556,35.882162],[-86.57638,35.883014],[-86.578703,35.883579],[-86.581108,35.886058],[-86.583222,35.886393],[-86.588404,35.889541],[-86.590133,35.889546],[-86.594468,35.888352],[-86.596396,35.889742],[-86.605582,35.89086],[-86.608749,35.89166],[-86.609944,35.89127],[-86.611634,35.889682],[-86.615132,35.88944]]]]}},{"type":"Feature","properties":{"zcta5":"37025","AFFGEOID10":"8600000US37025","GEOID10":"37025","ALAND10":156397724,"AWATER10":0,"county_name":"Williamson","state_code":"TN","county_state":"Williamson County, TN","county_fips":"47187","risk_level_county":"Medium Risk (70–79% vaccinated)","mean_vaccination_rate_county":75.65,"risk_level_zcta":"Medium Risk (70–79% vaccinated)","mean_vaccination_rate_zips":73.43,"cases":8},"geometry":{"type":"Polygon","coordinates":[[[-87.301078,36.001382],[-87.301648,35.998859],[-87.30342,35.997575],[-87.306776,35.996306],[-87.313273,35.995569],[-87.315088,35.99515],[-87.319795,35.99277],[-87.318577,35.989819],[-87.315493,35.976294],[-87.320824,35.976171],[-87.320337,35.971899],[-87.320658,35.970531],[-87.443328,35.983466],[-87.443586,35.982328],[-87.446896,35.981352],[-87.451235,35.98081],[-87.448377,35.97676],[-87.448147,35.975083],[-87.445381,35.97316],[-87.445632,35.967796],[-87.448143,35.965801],[-87.449599,35.965552],[-87.451334,35.964335],[-87.452565,35.96171],[-87.454231,35.95964],[-87.458861,35.959302],[-87.462073,35.960344],[-87.463314,35.959925],[-87.463288,35.958685],[-87.462267,35.957428],[-87.463748,35.955726],[-87.464783,35.953302],[-87.466551,35.951387],[-87.46672,35.950122],[-87.465549,35.949655],[-87.465017,35.948308],[-87.468656,35.947486],[-87.470904,35.946482],[-87.468491,35.94229],[-87.466313,35.941224],[-87.467123,35.940094],[-87.465666,35.937738],[-87.466865,35.936174],[-87.468182,35.932184],[-87.468525,35.931134],[-87.465136,35.932411],[-87.463288,35.932265],[-87.462837,35.933617],[-87.460119,35.932911],[-87.458988,35.934226],[-87.450112,35.925643],[-87.442687,35.920535],[-87.441081,35.921152],[-87.437702,35.921037],[-87.433135,35.920309],[-87.430007,35.918651],[-87.428186,35.919634],[-87.426145,35.924422],[-87.426667,35.92649],[-87.42787,35.92662],[-87.428441,35.928179],[-87.42488,35.930598],[-87.423568,35.930176],[-87.420604,35.931364],[-87.420059,35.932262],[-87.416768,35.932165],[-87.416228,35.935268],[-87.414626,35.935152],[-87.415524,35.937272],[-87.413945,35.939301],[-87.412202,35.939511],[-87.411603,35.937625],[-87.410591,35.937125],[-87.407561,35.940284],[-87.405763,35.940427],[-87.40426,35.939986],[-87.400757,35.940011],[-87.399697,35.938656],[-87.397029,35.938007],[-87.393648,35.936495],[-87.391429,35.936573],[-87.385413,35.931731],[-87.384484,35.92958],[-87.38064,35.928072],[-87.378151,35.929809],[-87.377129,35.927575],[-87.374011,35.928051],[-87.372371,35.929733],[-87.369471,35.929317],[-87.368695,35.930522],[-87.365579,35.931643],[-87.362253,35.931737],[-87.360782,35.932441],[-87.361305,35.934067],[-87.360726,35.936553],[-87.356955,35.935814],[-87.356284,35.935174],[-87.351148,35.935986],[-87.350985,35.934639],[-87.348952,35.936586],[-87.346641,35.937103],[-87.345072,35.936488],[-87.338159,35.937512],[-87.336578,35.940024],[-87.333976,35.939865],[-87.332963,35.941173],[-87.325664,35.945],[-87.324049,35.945148],[-87.322697,35.944049],[-87.321048,35.944346],[-87.320548,35.945616],[-87.320757,35.941768],[-87.31172,35.939872],[-87.308436,35.939026],[-87.306428,35.9399],[-87.301954,35.940823],[-87.298568,35.939394],[-87.298251,35.938448],[-87.293629,35.936436],[-87.292175,35.934344],[-87.287871,35.936342],[-87.287155,35.932825],[-87.285617,35.928361],[-87.283144,35.925954],[-87.281468,35.923272],[-87.278323,35.923608],[-87.276535,35.924659],[-87.27446,35.924943],[-87.271636,35.924384],[-87.269006,35.920438],[-87.268021,35.920378],[-87.267508,35.918535],[-87.265146,35.916699],[-87.262126,35.911494],[-87.264071,35.908788],[-87.263835,35.907507],[-87.261556,35.906576],[-87.261153,35.903653],[-87.258276,35.896853],[-87.257067,35.896039],[-87.255664,35.89571],[-87.253778,35.897159],[-87.251679,35.900978],[-87.249964,35.903266],[-87.24772,35.903578],[-87.241501,35.907297],[-87.239013,35.904697],[-87.238897,35.902932],[-87.237761,35.901812],[-87.23466,35.900659],[-87.233639,35.898977],[-87.231949,35.89795],[-87.236074,35.895536],[-87.23517,35.894321],[-87.236267,35.892623],[-87.235931,35.891049],[-87.238047,35.887392],[-87.232754,35.878604],[-87.234753,35.876426],[-87.233181,35.873949],[-87.231878,35.873573],[-87.232382,35.869851],[-87.230341,35.867402],[-87.229448,35.871022],[-87.229484,35.872694],[-87.222421,35.872218],[-87.21955,35.870867],[-87.215342,35.867318],[-87.21201,35.869031],[-87.210844,35.875065],[-87.208427,35.891509],[-87.206373,35.891636],[-87.204381,35.893934],[-87.200254,35.895369],[-87.198897,35.89925],[-87.198398,35.902366],[-87.197378,35.903526],[-87.195601,35.907197],[-87.194406,35.908467],[-87.189278,35.910325],[-87.185927,35.908242],[-87.186047,35.909332],[-87.184708,35.911129],[-87.183373,35.911831],[-87.18808,35.914548],[-87.19217,35.913042],[-87.196445,35.915388],[-87.202105,35.912933],[-87.203613,35.913269],[-87.20507,35.914639],[-87.201426,35.940579],[-87.205665,35.940967],[-87.204211,35.95282],[-87.204242,35.959186],[-87.203933,35.962321],[-87.208994,35.962723],[-87.208499,35.967915],[-87.21073,35.967927],[-87.21199,35.970082],[-87.209774,35.971978],[-87.199805,35.971694],[-87.199442,35.97564],[-87.196863,35.976255],[-87.190826,35.975884],[-87.19051,35.979175],[-87.197406,35.979967],[-87.196746,35.985576],[-87.192543,35.985318],[-87.191976,35.989694],[-87.194271,35.98989],[-87.19319,35.996781],[-87.202217,36.004233],[-87.200811,35.998066],[-87.202815,35.996392],[-87.20639,35.995034],[-87.211022,35.996576],[-87.207863,35.99937],[-87.211072,36.002561],[-87.213214,36.002318],[-87.219495,36.005021],[-87.220239,36.005038],[-87.219033,36.000572],[-87.21927,35.998299],[-87.220667,35.996936],[-87.220574,35.992519],[-87.222128,35.991685],[-87.225609,35.988535],[-87.226347,35.988771],[-87.228763,35.987476],[-87.228841,35.985307],[-87.230577,35.985718],[-87.22787,35.98178],[-87.227352,35.980097],[-87.229827,35.979912],[-87.230602,35.978413],[-87.233952,35.984596],[-87.234758,35.986833],[-87.23565,35.985239],[-87.24045,35.982709],[-87.242429,35.979938],[-87.245356,35.980084],[-87.247834,35.981346],[-87.25363,35.977138],[-87.258667,35.976533],[-87.261845,35.977292],[-87.263237,35.978935],[-87.266618,35.981393],[-87.271394,35.982358],[-87.275135,35.982233],[-87.276124,35.982866],[-87.276639,35.98158],[-87.2792,35.980271],[-87.280714,35.97684],[-87.282455,35.977677],[-87.28451,35.980519],[-87.289331,35.980305],[-87.293361,35.981177],[-87.284038,35.986257],[-87.281438,35.985912],[-87.27808,35.984334],[-87.277525,35.988508],[-87.277066,35.988699],[-87.280897,35.989214],[-87.280973,35.990138],[-87.283074,35.989283],[-87.28721,35.989673],[-87.292574,35.99127],[-87.295748,35.991501],[-87.297914,35.99215],[-87.299531,35.994657],[-87.299495,35.996528],[-87.301078,36.001382]]]}},{"type":"Feature","properties":{"zcta5":"37067","AFFGEOID10":"8600000US37067","GEOID10":"37067","ALAND10":81407607,"AWATER10":49446,"county_name":"Williamson","state_code":"TN","county_state":"Williamson County, TN","county_fips":"47187","risk_level_county":"Medium Risk (70–79% vaccinated)","mean_vaccination_rate_county":75.65,"risk_level_zcta":"Medium Risk (70–79% vaccinated)","mean_vaccination_rate_zips":77.86,"cases":8},"geometry":{"type":"Polygon","coordinates":[[[-86.831154,35.96599],[-86.837081,35.966566],[-86.836919,35.9643],[-86.83824,35.961419],[-86.836459,35.961134],[-86.836979,35.958606],[-86.840677,35.957483],[-86.843233,35.957429],[-86.84337,35.957255],[-86.851708,35.946867],[-86.846992,35.944844],[-86.840454,35.941505],[-86.838883,35.940081],[-86.838326,35.937883],[-86.841058,35.932361],[-86.841357,35.929407],[-86.843206,35.92066],[-86.843595,35.917081],[-86.836083,35.916206],[-86.835941,35.919436],[-86.835229,35.919994],[-86.833863,35.918899],[-86.834332,35.916026],[-86.831264,35.915746],[-86.824148,35.914261],[-86.824411,35.906949],[-86.825683,35.898044],[-86.820928,35.897169],[-86.819629,35.895904],[-86.816813,35.902102],[-86.817631,35.89516],[-86.816958,35.894777],[-86.817165,35.890326],[-86.817179,35.888591],[-86.816482,35.887276],[-86.816635,35.886087],[-86.81436,35.885798],[-86.812537,35.88443],[-86.811896,35.8831],[-86.809351,35.881743],[-86.808323,35.882426],[-86.797785,35.882695],[-86.796034,35.881371],[-86.791545,35.88671],[-86.793782,35.887259],[-86.794559,35.888654],[-86.790599,35.895695],[-86.789213,35.894859],[-86.78892,35.892996],[-86.787365,35.89317],[-86.785195,35.891152],[-86.782309,35.891272],[-86.782542,35.888806],[-86.776907,35.888275],[-86.778427,35.881469],[-86.777908,35.880855],[-86.775115,35.880328],[-86.775302,35.879715],[-86.778626,35.877913],[-86.778808,35.876896],[-86.780808,35.875512],[-86.782786,35.875996],[-86.784113,35.874548],[-86.783537,35.872891],[-86.779132,35.873918],[-86.776981,35.873996],[-86.773288,35.871521],[-86.769723,35.871135],[-86.768092,35.869843],[-86.769735,35.867922],[-86.768265,35.866416],[-86.767655,35.864395],[-86.768231,35.863046],[-86.766964,35.859804],[-86.765239,35.859387],[-86.76288,35.862186],[-86.758934,35.861949],[-86.754726,35.866041],[-86.752341,35.866719],[-86.752575,35.86078],[-86.750621,35.860185],[-86.750102,35.858911],[-86.751344,35.856973],[-86.749899,35.853635],[-86.746876,35.852709],[-86.745417,35.849895],[-86.742882,35.850122],[-86.74006,35.850847],[-86.738182,35.85133],[-86.73959,35.854122],[-86.739361,35.854733],[-86.73987,35.859498],[-86.739393,35.862328],[-86.737024,35.864775],[-86.737302,35.865962],[-86.736264,35.868931],[-86.733112,35.872675],[-86.73318,35.874206],[-86.730169,35.872621],[-86.73194,35.867809],[-86.733835,35.854357],[-86.734282,35.852121],[-86.732986,35.852357],[-86.729814,35.851247],[-86.729065,35.849954],[-86.727213,35.849973],[-86.72479,35.851935],[-86.725054,35.853177],[-86.724048,35.854491],[-86.721976,35.854761],[-86.721295,35.856344],[-86.719553,35.857004],[-86.718124,35.85907],[-86.722487,35.864407],[-86.726757,35.871483],[-86.726414,35.873639],[-86.723463,35.873092],[-86.722373,35.877561],[-86.718963,35.876438],[-86.715904,35.875946],[-86.719484,35.879822],[-86.722641,35.882076],[-86.724033,35.884384],[-86.724988,35.888226],[-86.726039,35.889661],[-86.72952,35.891754],[-86.734428,35.897317],[-86.73965,35.900885],[-86.741094,35.902852],[-86.744212,35.905387],[-86.748772,35.909636],[-86.746796,35.911145],[-86.745068,35.913624],[-86.743454,35.914549],[-86.743158,35.916137],[-86.736578,35.918185],[-86.735383,35.919416],[-86.733444,35.919714],[-86.731918,35.920962],[-86.72933,35.921947],[-86.72668,35.924047],[-86.726727,35.926187],[-86.724317,35.926074],[-86.722319,35.926773],[-86.71774,35.927519],[-86.716846,35.929071],[-86.711566,35.93545],[-86.71046,35.937229],[-86.711941,35.937369],[-86.711734,35.939941],[-86.710619,35.943057],[-86.710782,35.944722],[-86.712108,35.9473],[-86.712493,35.949163],[-86.714705,35.951537],[-86.715379,35.953481],[-86.721262,35.953889],[-86.724736,35.952182],[-86.728394,35.952705],[-86.730544,35.948849],[-86.730823,35.947078],[-86.730111,35.945644],[-86.730991,35.943777],[-86.737689,35.944557],[-86.738384,35.939805],[-86.742743,35.940121],[-86.743093,35.936983],[-86.746227,35.936869],[-86.747513,35.932484],[-86.751216,35.932855],[-86.751178,35.933959],[-86.754867,35.935113],[-86.757501,35.936317],[-86.761738,35.937537],[-86.762926,35.93752],[-86.762919,35.938835],[-86.765996,35.939153],[-86.767815,35.939837],[-86.76772,35.940539],[-86.767131,35.944664],[-86.779705,35.943428],[-86.779626,35.945435],[-86.781219,35.944712],[-86.78569,35.945209],[-86.786879,35.94214],[-86.794421,35.942808],[-86.793958,35.945449],[-86.803024,35.947269],[-86.802521,35.94854],[-86.794024,35.947599],[-86.792014,35.954344],[-86.795144,35.954753],[-86.794066,35.96259],[-86.799153,35.963092],[-86.799699,35.960762],[-86.80899,35.96142],[-86.807546,35.966312],[-86.813514,35.967218],[-86.81532,35.962019],[-86.816632,35.957212],[-86.819182,35.957519],[-86.820304,35.956211],[-86.825596,35.956833],[-86.824974,35.958389],[-86.820099,35.962286],[-86.821175,35.963726],[-86.832222,35.955947],[-86.830294,35.960941],[-86.827212,35.961917],[-86.828427,35.962148],[-86.828302,35.964004],[-86.829242,35.963915],[-86.831154,35.96599]],[[-86.800551,35.904135],[-86.797789,35.902903],[-86.789567,35.901169],[-86.790416,35.896111],[-86.791397,35.897545],[-86.795395,35.900249],[-86.800041,35.902508],[-86.800551,35.904135]]]}},{"type":"Feature","properties":{"zcta5":"37135","AFFGEOID10":"8600000US37135","GEOID10":"37135","ALAND10":97110767,"AWATER10":15802,"county_name":"Williamson","state_code":"TN","county_state":"Williamson County, TN","county_fips":"47187","risk_level_county":"Medium Risk (70–79% vaccinated)","mean_vaccination_rate_county":75.65,"risk_level_zcta":"Medium Risk (70–79% vaccinated)","mean_vaccination_rate_zips":78.46,"cases":8},"geometry":{"type":"Polygon","coordinates":[[[-86.715379,35.953481],[-86.714705,35.951537],[-86.712493,35.949163],[-86.712108,35.9473],[-86.710782,35.944722],[-86.710619,35.943057],[-86.711734,35.939941],[-86.711941,35.937369],[-86.71046,35.937229],[-86.711566,35.93545],[-86.716846,35.929071],[-86.71774,35.927519],[-86.722319,35.926773],[-86.724317,35.926074],[-86.726727,35.926187],[-86.72668,35.924047],[-86.72933,35.921947],[-86.731918,35.920962],[-86.733444,35.919714],[-86.735383,35.919416],[-86.736578,35.918185],[-86.743158,35.916137],[-86.743454,35.914549],[-86.745068,35.913624],[-86.746796,35.911145],[-86.748772,35.909636],[-86.744212,35.905387],[-86.741094,35.902852],[-86.73965,35.900885],[-86.734428,35.897317],[-86.732438,35.897493],[-86.728805,35.898593],[-86.724062,35.898474],[-86.723043,35.898936],[-86.718773,35.898882],[-86.717639,35.900114],[-86.715768,35.900422],[-86.713971,35.899752],[-86.709073,35.899366],[-86.705956,35.899887],[-86.703466,35.901311],[-86.669422,35.892905],[-86.66933,35.893856],[-86.665777,35.893146],[-86.661331,35.879498],[-86.659949,35.870423],[-86.63907,35.88003],[-86.64142,35.884559],[-86.641428,35.88799],[-86.638189,35.887543],[-86.633751,35.889004],[-86.628448,35.889587],[-86.627563,35.890952],[-86.621069,35.890183],[-86.61882,35.889427],[-86.615132,35.88944],[-86.61763,35.899864],[-86.626345,35.907251],[-86.628,35.910163],[-86.626216,35.913181],[-86.626978,35.915135],[-86.614985,35.943708],[-86.624984,35.953923],[-86.624428,35.957068],[-86.602321,35.956779],[-86.602075,35.955054],[-86.604729,35.954424],[-86.602258,35.954005],[-86.599425,35.954524],[-86.596531,35.956264],[-86.596866,35.95644],[-86.600262,35.957344],[-86.60055,35.958311],[-86.600008,35.964376],[-86.60273,35.966405],[-86.611944,35.967422],[-86.613086,35.967534],[-86.613572,35.967509],[-86.613812,35.967446],[-86.614216,35.967247],[-86.614638,35.967041],[-86.616316,35.967875],[-86.618899,35.968141],[-86.618892,35.968224],[-86.614415,35.967785],[-86.613646,35.975552],[-86.610425,35.975468],[-86.609595,35.979822],[-86.607995,35.979772],[-86.607743,35.981573],[-86.611017,35.980439],[-86.615394,35.980455],[-86.617007,35.98082],[-86.618039,35.983543],[-86.620876,35.984737],[-86.626075,35.984763],[-86.625385,35.98868],[-86.626225,35.990074],[-86.628839,35.989532],[-86.632831,35.989873],[-86.637577,35.989912],[-86.640011,35.990624],[-86.657588,35.99211],[-86.662694,35.991004],[-86.666605,35.99131],[-86.670142,35.990495],[-86.675361,35.991039],[-86.675365,35.990292],[-86.677223,35.988296],[-86.6761,35.987158],[-86.681889,35.989399],[-86.681483,35.988793],[-86.682726,35.988663],[-86.683881,35.989291],[-86.686573,35.994126],[-86.689096,35.99505],[-86.689614,35.994966],[-86.689611,35.993908],[-86.687675,35.99256],[-86.687421,35.989398],[-86.6873,35.980459],[-86.687438,35.977112],[-86.690246,35.976697],[-86.691879,35.977476],[-86.694822,35.977234],[-86.696145,35.978356],[-86.699886,35.977725],[-86.700653,35.972416],[-86.702583,35.968106],[-86.702932,35.965499],[-86.702671,35.961636],[-86.700839,35.961469],[-86.701117,35.95894],[-86.703391,35.959134],[-86.703098,35.95579],[-86.703972,35.950134],[-86.705315,35.952135],[-86.70633,35.952808],[-86.709526,35.953861],[-86.713669,35.954571],[-86.715379,35.953481]]]}},{"type":"Feature","properties":{"zcta5":"37069","AFFGEOID10":"8600000US37069","GEOID10":"37069","ALAND10":95760577,"AWATER10":1539614,"county_name":"Williamson","state_code":"TN","county_state":"Williamson County, TN","county_fips":"47187","risk_level_county":"Medium Risk (70–79% vaccinated)","mean_vaccination_rate_county":75.65,"risk_level_zcta":"Medium Risk (70–79% vaccinated)","mean_vaccination_rate_zips":79.72,"cases":8},"geometry":{"type":"Polygon","coordinates":[[[-86.962677,35.997074],[-86.962664,35.996061],[-86.959605,35.995989],[-86.957372,35.998876],[-86.955288,35.999594],[-86.95069,35.997673],[-86.948532,35.996333],[-86.941636,35.997557],[-86.936218,35.996845],[-86.93589,35.99597],[-86.937651,35.99435],[-86.939606,35.991047],[-86.941179,35.990901],[-86.945821,35.989464],[-86.95328,35.989232],[-86.954003,35.988721],[-86.963194,35.98956],[-86.970074,35.967492],[-86.968658,35.965893],[-86.967174,35.962831],[-86.966375,35.962999],[-86.964681,35.961457],[-86.958441,35.958788],[-86.959614,35.956953],[-86.952988,35.952217],[-86.94883,35.94883],[-86.945488,35.952011],[-86.944038,35.955387],[-86.942498,35.957419],[-86.941948,35.959232],[-86.937177,35.957329],[-86.935778,35.957193],[-86.933412,35.959284],[-86.929924,35.959944],[-86.928836,35.958916],[-86.925665,35.958262],[-86.924902,35.960559],[-86.923341,35.959279],[-86.920246,35.959208],[-86.918889,35.956685],[-86.919599,35.955567],[-86.922277,35.954581],[-86.924107,35.952828],[-86.922917,35.949674],[-86.923816,35.948323],[-86.925168,35.942334],[-86.922992,35.938404],[-86.921069,35.936302],[-86.920934,35.936223],[-86.919521,35.937202],[-86.917896,35.93608],[-86.917269,35.940781],[-86.913264,35.940455],[-86.903188,35.939052],[-86.903186,35.938303],[-86.895728,35.937567],[-86.893768,35.939957],[-86.892084,35.94033],[-86.888935,35.939529],[-86.885421,35.944041],[-86.881411,35.948183],[-86.879396,35.9479],[-86.873102,35.948786],[-86.871698,35.945905],[-86.870432,35.94473],[-86.865604,35.941952],[-86.865322,35.943619],[-86.862025,35.942964],[-86.860599,35.943691],[-86.857859,35.942999],[-86.855343,35.9436],[-86.8547,35.94313],[-86.86086,35.934659],[-86.857093,35.933242],[-86.856011,35.932359],[-86.856325,35.937062],[-86.85573,35.940255],[-86.853191,35.94284],[-86.846992,35.944844],[-86.851708,35.946867],[-86.84337,35.957255],[-86.843233,35.957429],[-86.840677,35.957483],[-86.836979,35.958606],[-86.836459,35.961134],[-86.83824,35.961419],[-86.836919,35.9643],[-86.837081,35.966566],[-86.831154,35.96599],[-86.830123,35.965981],[-86.830181,35.967776],[-86.831718,35.967881],[-86.830104,35.970071],[-86.833207,35.973169],[-86.833056,35.973339],[-86.835639,35.974446],[-86.833627,35.978129],[-86.830477,35.980603],[-86.841685,35.987743],[-86.841526,35.990484],[-86.841976,35.998284],[-86.843377,35.994405],[-86.84717,35.994564],[-86.847893,35.99406],[-86.847755,35.990695],[-86.848634,35.991629],[-86.849028,35.993987],[-86.850435,35.995773],[-86.851781,35.996356],[-86.858094,35.999826],[-86.858906,36.000627],[-86.862289,36.001642],[-86.864988,36.001608],[-86.867691,36.002854],[-86.870033,36.004483],[-86.868961,36.005973],[-86.869502,36.006229],[-86.871484,36.00553],[-86.871964,36.005002],[-86.87362,36.004336],[-86.875626,36.004008],[-86.874111,36.005196],[-86.873044,36.005647],[-86.87265,36.006835],[-86.874816,36.007221],[-86.878794,36.007714],[-86.878596,36.010149],[-86.886501,36.010744],[-86.888573,36.010743],[-86.888793,36.012164],[-86.888253,36.017155],[-86.88802,36.017861],[-86.887471,36.018874],[-86.886885,36.019625],[-86.883039,36.023414],[-86.878019,36.026827],[-86.876598,36.02866],[-86.874388,36.033447],[-86.871982,36.036614],[-86.874073,36.03917],[-86.875333,36.041374],[-86.8763,36.042094],[-86.87876,36.0408],[-86.884725,36.04338],[-86.886642,36.043151],[-86.890666,36.044638],[-86.891815,36.044342],[-86.898576,36.046281],[-86.898659,36.047607],[-86.903131,36.047201],[-86.903625,36.048927],[-86.904171,36.045889],[-86.904572,36.043032],[-86.906408,36.041623],[-86.90941,36.039761],[-86.911551,36.037213],[-86.914487,36.034758],[-86.917102,36.028882],[-86.920654,36.029234],[-86.923721,36.02882],[-86.921154,36.032798],[-86.919455,36.03676],[-86.917763,36.039057],[-86.918804,36.042113],[-86.921055,36.045202],[-86.922873,36.045487],[-86.925836,36.045131],[-86.92719,36.04358],[-86.927144,36.042292],[-86.929448,36.040508],[-86.933075,36.03895],[-86.93612,36.039723],[-86.943939,36.038174],[-86.946436,36.031425],[-86.949102,36.031327],[-86.949376,36.029872],[-86.951798,36.030152],[-86.956434,36.03068],[-86.958946,36.030946],[-86.959186,36.029423],[-86.960392,36.029164],[-86.963159,36.026608],[-86.963618,36.024921],[-86.965546,36.023211],[-86.962986,36.020337],[-86.962677,35.997074]],[[-86.881318,35.955727],[-86.875191,35.954926],[-86.875679,35.953243],[-86.874494,35.95146],[-86.87566,35.950075],[-86.880296,35.94979],[-86.881318,35.955727]]]}},{"type":"Feature","properties":{"zcta5":"37215","AFFGEOID10":"8600000US37215","GEOID10":"37215","ALAND10":40447905,"AWATER10":0,"county_name":"Williamson","state_code":"TN","county_state":"Williamson County, TN","county_fips":"47187","risk_level_county":"Medium Risk (70–79% vaccinated)","mean_vaccination_rate_county":75.65,"risk_level_zcta":"Medium Risk (70–79% vaccinated)","mean_vaccination_rate_zips":79.42,"cases":8},"geometry":{"type":"Polygon","coordinates":[[[-86.886642,36.043151],[-86.884725,36.04338],[-86.87876,36.0408],[-86.8763,36.042094],[-86.875333,36.041374],[-86.874401,36.043088],[-86.872967,36.043199],[-86.872219,36.045769],[-86.864761,36.044896],[-86.862739,36.047308],[-86.85399,36.04546],[-86.847254,36.050047],[-86.846251,36.048059],[-86.844669,36.045525],[-86.84539,36.043984],[-86.845241,36.043919],[-86.843707,36.043314],[-86.842335,36.043012],[-86.837583,36.046312],[-86.822539,36.048784],[-86.822326,36.050476],[-86.820201,36.05111],[-86.821385,36.051629],[-86.82206,36.053102],[-86.821789,36.055538],[-86.817283,36.055356],[-86.815667,36.056295],[-86.815405,36.057849],[-86.822712,36.05895],[-86.822047,36.062917],[-86.817414,36.06145],[-86.815221,36.062835],[-86.814001,36.062404],[-86.812735,36.065644],[-86.810884,36.07093],[-86.809464,36.07285],[-86.807188,36.074359],[-86.805716,36.07859],[-86.805436,36.080656],[-86.807171,36.080825],[-86.80537,36.087055],[-86.803816,36.0866],[-86.802939,36.089357],[-86.801303,36.09421],[-86.801176,36.096936],[-86.800439,36.101146],[-86.802116,36.101312],[-86.800834,36.106605],[-86.79576,36.106998],[-86.794014,36.107679],[-86.792853,36.110023],[-86.792383,36.112906],[-86.794675,36.113352],[-86.793959,36.114215],[-86.792233,36.114037],[-86.79171,36.116334],[-86.795783,36.116124],[-86.798196,36.116386],[-86.799948,36.117446],[-86.804081,36.121886],[-86.806739,36.123216],[-86.812642,36.124633],[-86.814209,36.126079],[-86.816625,36.12976],[-86.817066,36.126127],[-86.818753,36.124146],[-86.821594,36.125555],[-86.822693,36.124431],[-86.82598,36.125106],[-86.832358,36.125451],[-86.833196,36.124428],[-86.83508,36.124531],[-86.835807,36.124029],[-86.83627,36.120428],[-86.836538,36.116206],[-86.839688,36.116238],[-86.838827,36.114161],[-86.840053,36.112243],[-86.84195,36.112052],[-86.843121,36.110108],[-86.844307,36.104967],[-86.844395,36.10235],[-86.841661,36.100267],[-86.842537,36.096008],[-86.845429,36.096884],[-86.846665,36.09477],[-86.848236,36.094745],[-86.84972,36.09165],[-86.850577,36.085972],[-86.851973,36.08579],[-86.855001,36.087551],[-86.859929,36.090577],[-86.862146,36.088268],[-86.863002,36.081095],[-86.862385,36.080793],[-86.863897,36.076276],[-86.865639,36.076716],[-86.868951,36.077222],[-86.871249,36.073549],[-86.872116,36.068766],[-86.871601,36.065678],[-86.872986,36.063092],[-86.875182,36.057362],[-86.876685,36.050493],[-86.881692,36.051023],[-86.88192,36.049278],[-86.883566,36.049049],[-86.883805,36.047286],[-86.88458,36.047389],[-86.886642,36.043151]]]}},{"type":"Feature","properties":{"zcta5":"37221","AFFGEOID10":"8600000US37221","GEOID10":"37221","ALAND10":133834560,"AWATER10":281508,"county_name":"Williamson","state_code":"TN","county_state":"Williamson County, TN","county_fips":"47187","risk_level_county":"Medium Risk (70–79% vaccinated)","mean_vaccination_rate_county":75.65,"risk_level_zcta":"Medium Risk (70–79% vaccinated)","mean_vaccination_rate_zips":77.11,"cases":8},"geometry":{"type":"MultiPolygon","coordinates":[[[[-86.894289,36.07849],[-86.893473,36.078676],[-86.893103,36.079973],[-86.894199,36.080591],[-86.8946,36.080446],[-86.894289,36.07849]]],[[[-86.922643,36.111294],[-86.922523,36.109837],[-86.91873,36.113689],[-86.917425,36.111173],[-86.915294,36.109872],[-86.912805,36.113315],[-86.914691,36.114216],[-86.912613,36.116651],[-86.913962,36.117936],[-86.914147,36.117759],[-86.922643,36.111294]]],[[[-87.040532,36.049557],[-87.04101,36.042322],[-87.041362,36.041312],[-87.042362,36.042894],[-87.04369,36.043498],[-87.044501,36.046874],[-87.046021,36.047198],[-87.051742,36.049377],[-87.054705,36.049986],[-87.053722,36.045582],[-87.045351,36.012597],[-87.04155,35.997062],[-87.039352,35.998747],[-87.036428,36.000066],[-87.03411,36.00198],[-87.031843,36.005122],[-87.030467,36.005958],[-87.028948,36.003534],[-87.027845,36.006283],[-87.026647,36.003858],[-87.024728,36.002232],[-87.016082,35.997874],[-87.002731,35.991187],[-86.993992,35.987422],[-86.992079,35.986344],[-86.988007,35.989834],[-86.983364,35.99151],[-86.980142,35.992337],[-86.978715,35.993872],[-86.977638,35.997181],[-86.976029,35.999863],[-86.974585,35.99852],[-86.971178,35.997367],[-86.96896,35.998226],[-86.967545,35.997082],[-86.962677,35.997074],[-86.962986,36.020337],[-86.965546,36.023211],[-86.963618,36.024921],[-86.963159,36.026608],[-86.960392,36.029164],[-86.959186,36.029423],[-86.958946,36.030946],[-86.956434,36.03068],[-86.951798,36.030152],[-86.949376,36.029872],[-86.949102,36.031327],[-86.946436,36.031425],[-86.943939,36.038174],[-86.93612,36.039723],[-86.933075,36.03895],[-86.929448,36.040508],[-86.927144,36.042292],[-86.92719,36.04358],[-86.925836,36.045131],[-86.922873,36.045487],[-86.921055,36.045202],[-86.918804,36.042113],[-86.917763,36.039057],[-86.919455,36.03676],[-86.921154,36.032798],[-86.923721,36.02882],[-86.920654,36.029234],[-86.917102,36.028882],[-86.914487,36.034758],[-86.911551,36.037213],[-86.90941,36.039761],[-86.906408,36.041623],[-86.904572,36.043032],[-86.904171,36.045889],[-86.903625,36.048927],[-86.903131,36.047201],[-86.898659,36.047607],[-86.898576,36.046281],[-86.891815,36.044342],[-86.890666,36.044638],[-86.886642,36.043151],[-86.88458,36.047389],[-86.883805,36.047286],[-86.883566,36.049049],[-86.88192,36.049278],[-86.881692,36.051023],[-86.876685,36.050493],[-86.875182,36.057362],[-86.872986,36.063092],[-86.871601,36.065678],[-86.872116,36.068766],[-86.871249,36.073549],[-86.868951,36.077222],[-86.86719,36.080768],[-86.867082,36.084683],[-86.868714,36.085786],[-86.881679,36.087203],[-86.884363,36.080308],[-86.885216,36.078851],[-86.886317,36.077839],[-86.892336,36.074272],[-86.897567,36.06994],[-86.896773,36.07085],[-86.894916,36.0725],[-86.895898,36.074413],[-86.894723,36.084573],[-86.897208,36.082284],[-86.900615,36.080564],[-86.897938,36.083642],[-86.89485,36.085137],[-86.898458,36.086403],[-86.902171,36.085675],[-86.902254,36.087537],[-86.90852,36.091233],[-86.910974,36.093139],[-86.912695,36.093105],[-86.913838,36.095713],[-86.919977,36.093915],[-86.922682,36.091625],[-86.926814,36.088928],[-86.928063,36.086248],[-86.929052,36.082346],[-86.928793,36.080921],[-86.930702,36.081438],[-86.934826,36.08592],[-86.936955,36.086608],[-86.934977,36.089415],[-86.933955,36.092626],[-86.93386,36.095088],[-86.931273,36.101428],[-86.929474,36.100179],[-86.92847,36.101356],[-86.931019,36.102437],[-86.930998,36.105016],[-86.922643,36.111294],[-86.924077,36.113771],[-86.923792,36.115832],[-86.934123,36.109265],[-86.933126,36.10821],[-86.932789,36.103571],[-86.934787,36.100878],[-86.936541,36.097184],[-86.942679,36.096796],[-86.945596,36.104584],[-86.94829,36.111775],[-86.966249,36.115184],[-86.96905,36.115957],[-86.972251,36.114706],[-86.974456,36.112655],[-86.974828,36.111167],[-86.975981,36.110183],[-86.976051,36.10859],[-86.977678,36.104799],[-86.981107,36.111123],[-86.982216,36.108711],[-86.996257,36.110774],[-87.013627,36.091858],[-87.015554,36.091001],[-87.018561,36.091265],[-87.023157,36.093289],[-87.024257,36.087904],[-87.025089,36.086273],[-87.026502,36.087515],[-87.027224,36.089532],[-87.029638,36.093378],[-87.032275,36.094853],[-87.034968,36.095187],[-87.036713,36.093381],[-87.035817,36.089505],[-87.035511,36.086431],[-87.035262,36.083316],[-87.035728,36.082335],[-87.038551,36.082086],[-87.040532,36.049557]]]]}},{"type":"Feature","properties":{"zcta5":"37062","AFFGEOID10":"8600000US37062","GEOID10":"37062","ALAND10":176760028,"AWATER10":202968,"county_name":"Williamson","state_code":"TN","county_state":"Williamson County, TN","county_fips":"47187","risk_level_county":"Medium Risk (70–79% vaccinated)","mean_vaccination_rate_county":75.65,"risk_level_zcta":"Medium Risk (70–79% vaccinated)","mean_vaccination_rate_zips":77.99,"cases":8},"geometry":{"type":"Polygon","coordinates":[[[-87.182573,36.049726],[-87.188587,36.021686],[-87.190055,36.02133],[-87.192929,36.019141],[-87.193789,36.016986],[-87.197317,36.014222],[-87.200571,36.015415],[-87.201444,36.018982],[-87.203928,36.020909],[-87.204372,36.01802],[-87.205841,36.015788],[-87.208162,36.014586],[-87.210575,36.016637],[-87.209156,36.020099],[-87.209912,36.02084],[-87.212709,36.021375],[-87.215808,36.020442],[-87.218648,36.018725],[-87.217875,36.016424],[-87.211053,36.01373],[-87.209285,36.012235],[-87.212466,36.007174],[-87.211072,36.002561],[-87.207863,35.99937],[-87.211022,35.996576],[-87.20639,35.995034],[-87.202815,35.996392],[-87.200811,35.998066],[-87.202217,36.004233],[-87.19319,35.996781],[-87.194271,35.98989],[-87.191976,35.989694],[-87.192543,35.985318],[-87.196746,35.985576],[-87.197406,35.979967],[-87.19051,35.979175],[-87.190826,35.975884],[-87.196863,35.976255],[-87.199442,35.97564],[-87.199805,35.971694],[-87.209774,35.971978],[-87.21199,35.970082],[-87.21073,35.967927],[-87.208499,35.967915],[-87.208994,35.962723],[-87.203933,35.962321],[-87.204242,35.959186],[-87.204211,35.95282],[-87.205665,35.940967],[-87.201426,35.940579],[-87.20507,35.914639],[-87.203613,35.913269],[-87.202105,35.912933],[-87.196445,35.915388],[-87.19217,35.913042],[-87.18808,35.914548],[-87.183373,35.911831],[-87.17409,35.908093],[-87.166435,35.90868],[-87.165611,35.91127],[-87.160505,35.912378],[-87.153441,35.916188],[-87.148717,35.913477],[-87.145565,35.912068],[-87.142291,35.911153],[-87.138952,35.909743],[-87.136284,35.909594],[-87.134043,35.910318],[-87.129907,35.912223],[-87.127823,35.913525],[-87.124544,35.914586],[-87.12276,35.916914],[-87.121529,35.917575],[-87.120355,35.916456],[-87.119093,35.916335],[-87.117864,35.917502],[-87.116379,35.921058],[-87.11377,35.920603],[-87.112833,35.923049],[-87.110055,35.922369],[-87.104548,35.922722],[-87.101582,35.923169],[-87.100507,35.922057],[-87.098698,35.924043],[-87.097182,35.924023],[-87.095103,35.925674],[-87.092443,35.925634],[-87.090663,35.926712],[-87.087515,35.93004],[-87.084162,35.93089],[-87.081882,35.930766],[-87.07992,35.931407],[-87.07838,35.934128],[-87.078353,35.936744],[-87.079192,35.939179],[-87.078125,35.944741],[-87.080052,35.948418],[-87.080289,35.950523],[-87.079391,35.951891],[-87.078302,35.95193],[-87.078585,35.954369],[-87.076573,35.958355],[-87.075437,35.959762],[-87.073436,35.959826],[-87.0727,35.962549],[-87.076249,35.96406],[-87.077615,35.963406],[-87.080013,35.964589],[-87.077369,35.965298],[-87.074657,35.96439],[-87.072623,35.964965],[-87.070961,35.966287],[-87.069321,35.971088],[-87.067304,35.974531],[-87.064353,35.976276],[-87.062163,35.976695],[-87.061428,35.977708],[-87.058555,35.979653],[-87.057248,35.981686],[-87.056483,35.985724],[-87.056503,35.99724],[-87.059913,35.99712],[-87.057919,35.997959],[-87.060568,36.002022],[-87.059283,36.004341],[-87.057625,36.005173],[-87.05529,36.005138],[-87.053574,36.005836],[-87.05146,36.007973],[-87.04744,36.01062],[-87.045351,36.012597],[-87.053722,36.045582],[-87.066772,36.044506],[-87.085365,36.043805],[-87.12404,36.046426],[-87.125,36.04661],[-87.142341,36.048028],[-87.167712,36.049168],[-87.170221,36.049172],[-87.182573,36.049726]]]}},{"type":"Feature","properties":{"zcta5":"37060","AFFGEOID10":"8600000US37060","GEOID10":"37060","ALAND10":99480367,"AWATER10":0,"county_name":"Williamson","state_code":"TN","county_state":"Williamson County, TN","county_fips":"47187","risk_level_county":"Medium Risk (70–79% vaccinated)","mean_vaccination_rate_county":75.65,"risk_level_zcta":"Medium Risk (70–79% vaccinated)","mean_vaccination_rate_zips":71.45,"cases":8},"geometry":{"type":"Polygon","coordinates":[[[-86.613531,35.809965],[-86.612646,35.80618],[-86.610908,35.804115],[-86.613241,35.790824],[-86.615039,35.791247],[-86.618504,35.794117],[-86.624157,35.795167],[-86.624573,35.797012],[-86.624228,35.800642],[-86.625058,35.802832],[-86.631409,35.805439],[-86.630418,35.811147],[-86.627482,35.814661],[-86.635637,35.815671],[-86.636646,35.816371],[-86.640195,35.816823],[-86.64824,35.81741],[-86.658959,35.817511],[-86.661759,35.817328],[-86.662369,35.813345],[-86.662343,35.807129],[-86.659649,35.802537],[-86.662926,35.804241],[-86.664428,35.799892],[-86.663954,35.797142],[-86.662448,35.796321],[-86.661306,35.793963],[-86.662855,35.790934],[-86.663374,35.789421],[-86.661459,35.786608],[-86.661772,35.785392],[-86.664042,35.783682],[-86.663316,35.782158],[-86.661728,35.78261],[-86.659664,35.781169],[-86.661266,35.767431],[-86.662568,35.767809],[-86.663821,35.770982],[-86.671288,35.771736],[-86.672002,35.768885],[-86.675149,35.76896],[-86.675091,35.765689],[-86.678142,35.765772],[-86.679478,35.756258],[-86.680854,35.750621],[-86.681813,35.750066],[-86.692366,35.751069],[-86.692155,35.75227],[-86.692486,35.753328],[-86.692439,35.752452],[-86.69403,35.7511],[-86.694484,35.74891],[-86.691666,35.7464],[-86.696383,35.746955],[-86.697705,35.743564],[-86.697986,35.741034],[-86.698015,35.736404],[-86.698572,35.730766],[-86.698003,35.717835],[-86.695008,35.717547],[-86.694703,35.71876],[-86.688557,35.718372],[-86.689105,35.713254],[-86.685925,35.713558],[-86.686193,35.710051],[-86.680652,35.70957],[-86.682288,35.706513],[-86.682628,35.704097],[-86.673683,35.703306],[-86.666467,35.701693],[-86.665854,35.706158],[-86.663576,35.706129],[-86.656711,35.705372],[-86.658137,35.702168],[-86.660268,35.699563],[-86.660599,35.697749],[-86.661664,35.696507],[-86.660364,35.694259],[-86.66047,35.692544],[-86.651194,35.691586],[-86.651389,35.690092],[-86.641978,35.689037],[-86.642389,35.686235],[-86.639436,35.6859],[-86.639636,35.679032],[-86.635054,35.679547],[-86.629115,35.679068],[-86.629309,35.677226],[-86.628286,35.675637],[-86.627978,35.67329],[-86.630325,35.669361],[-86.630092,35.665447],[-86.630331,35.660781],[-86.62854,35.659532],[-86.628239,35.657839],[-86.626676,35.657503],[-86.625593,35.658447],[-86.621186,35.657963],[-86.620143,35.659566],[-86.61875,35.660468],[-86.615068,35.660091],[-86.614452,35.660737],[-86.611879,35.661273],[-86.603311,35.661145],[-86.605627,35.665448],[-86.605933,35.668655],[-86.602523,35.668651],[-86.601435,35.669247],[-86.595953,35.669112],[-86.597115,35.671965],[-86.599436,35.674206],[-86.605757,35.677759],[-86.60785,35.679507],[-86.610945,35.68396],[-86.609026,35.683788],[-86.605596,35.695442],[-86.607631,35.697002],[-86.615717,35.697812],[-86.617147,35.699746],[-86.617553,35.702578],[-86.619446,35.702676],[-86.619515,35.701079],[-86.622138,35.701392],[-86.621912,35.702808],[-86.623791,35.702827],[-86.631281,35.711577],[-86.629661,35.711767],[-86.630428,35.713475],[-86.630749,35.71685],[-86.628745,35.717354],[-86.627002,35.718582],[-86.626447,35.720461],[-86.618462,35.719298],[-86.617773,35.719875],[-86.617357,35.722461],[-86.615571,35.722982],[-86.613566,35.734616],[-86.611672,35.734709],[-86.598344,35.733225],[-86.595642,35.749975],[-86.585303,35.748852],[-86.58606,35.752589],[-86.576287,35.758606],[-86.575495,35.760271],[-86.57357,35.760154],[-86.57518,35.762246],[-86.576505,35.762947],[-86.576248,35.767293],[-86.578736,35.765698],[-86.599747,35.794655],[-86.600966,35.794506],[-86.601295,35.797107],[-86.599226,35.802831],[-86.597991,35.803961],[-86.597006,35.80724],[-86.599834,35.811409],[-86.603466,35.810983],[-86.606608,35.811418],[-86.610268,35.809957],[-86.613531,35.809965]]]}}]}